# Probe 0 (0.82450002 0 0.021)
# Probe 1 (0.82450002 0 0.061)
# Probe 2 (0.82450002 0 0.101)
# Probe 3 (0.82450002 0 0.141)
# Probe 4 (0.8035 0 0.161)
# Probe 5 (0.7635 0 0.161)
# Probe 6 (0.7235 0 0.161)
# Probe 7 (0.6835 0 0.161)
# Time          0               1               2               3               4               5               6               7              
0.00011976048   0.9977728       0.64821546      0.21124878      -0.26649206     -0.62891707     -0.71883425     -0.79354458     -0.86341065    
0.00026382019   1.2935188       0.93901927      0.49492796      0.0073146252    -0.38309116     -0.49104276     -0.57249997     -0.64809467    
0.00043694457   0.057210975     -0.28245704     -0.69388616     -1.118736       -1.3628456      -1.3759553      -1.3854626      -1.3955788     
0.00064506218   0.87368642      0.5265377       0.09064292      -0.38483377     -0.74323432     -0.83015722     -0.9015438      -0.96914063    
0.00089320241   0.72631932      0.37831642      -0.048095058    -0.50398414     -0.8246931      -0.88858174     -0.93670333     -0.97797672    
0.0011917461    0.62749584      0.28181282      -0.14639294     -0.60428887     -0.92491359     -0.98501366     -1.0334415      -1.080268      
0.0015466188    0.63291138      0.28622237      -0.14086426     -0.59782678     -0.92084515     -0.98476829     -1.0348375      -1.0804719     
0.0019757672    0.6247018       0.2788357       -0.14817014     -0.60446309     -0.9240584      -0.98382547     -1.0313284      -1.0758013     
0.0024907453    0.630139        0.28399176      -0.14269487     -0.5986682      -0.92100533     -0.98311992     -1.0317015      -1.0763134     
0.0031160758    0.68154961      0.33480085      -0.093929555    -0.55339468     -0.88194977     -0.94672827     -0.99811429     -1.0461382     
0.0038501595    0.68610448      0.3395873       -0.08860627     -0.54775155     -0.87783015     -0.94361207     -0.99570487     -1.0438194     
0.0047473729    0.68421113      0.33762105      -0.090834435    -0.54982584     -0.87850285     -0.94183773     -0.99222774     -1.0392767     
0.0058368462    0.66709385      0.32101236      -0.10622819     -0.56322464     -0.89020189     -0.95199228     -1.0006311      -1.0454019     
0.0071244057    0.68004844      0.33384322      -0.093793824    -0.55170786     -0.88367016     -0.94845237     -0.99925863     -1.0460184     
0.008733855     0.70160605      0.35509232      -0.073571471    -0.53338082     -0.86985958     -0.93619065     -0.98855967     -1.037039      
0.010611546     0.72346726      0.37675537      -0.052629503    -0.51386009     -0.85364585     -0.92079917     -0.97449146     -1.0246812     
0.012958659     0.73461666      0.38820217      -0.040710027    -0.50120905     -0.84350755     -0.91103446     -0.96416052     -1.0131847     
0.015305773     0.74314888      0.39662411      -0.032540517    -0.49343204     -0.83677726     -0.90286905     -0.95502478     -1.0031272     
0.017652886     0.74390583      0.39771482      -0.031293384    -0.49232323     -0.83975353     -0.90789616     -0.96165647     -1.0113085     
0.02            0.76216283      0.415817        -0.013771297    -0.47597841     -0.82663309     -0.89511521     -0.94934778     -0.99954548    
0.022857143     0.76833096      0.42221021      -0.0073330226   -0.46969254     -0.82321582     -0.89222118     -0.94685241     -0.99746076    
0.026285714     0.77862152      0.43251911      0.0028680998    -0.45994757     -0.81682004     -0.8861888      -0.94112473     -0.99192588    
0.030857143     0.78821493      0.44217497      0.012356533     -0.45085239     -0.81191811     -0.88166637     -0.93683618     -0.98784846    
0.035428571     0.80241919      0.45657678      0.026679174     -0.43724067     -0.80244691     -0.87210556     -0.9274302      -0.97844784    
0.04            0.79889661      0.45341203      0.023858988     -0.43953395     -0.80694018     -0.87531372     -0.92964042     -0.98010682    
0.045           0.81036142      0.46511349      0.035371601     -0.42915341     -0.80231207     -0.87182325     -0.92733127     -0.97868988    
0.05            0.80747167      0.46269533      0.033674829     -0.43009051     -0.80531629     -0.87337801     -0.92778417     -0.97799062    
0.055           0.81922972      0.47443369      0.044980282     -0.41981366     -0.80016409     -0.86841349     -0.92335424     -0.9743064     
0.06            0.82664349      0.4820397       0.052681929     -0.41236759     -0.79647923     -0.86404376     -0.9186931      -0.96945949    
0.066666667     0.84394645      0.49936527      0.069529127     -0.39702952     -0.78768031     -0.8555744      -0.91099529     -0.96254247    
0.073333333     0.84372847      0.49946099      0.069956493     -0.39643993     -0.79112882     -0.85710055     -0.91131862     -0.96198732    
0.08            0.84257226      0.4985606       0.069306484     -0.39724562     -0.79700081     -0.86192334     -0.91570165     -0.96608733    
0.086666667     0.84051932      0.4967831       0.067720933     -0.39913547     -0.80349262     -0.86691359     -0.91997172     -0.96983377    
0.093333333     0.83892078      0.49549936      0.066593403     -0.40068138     -0.80984607     -0.87184233     -0.92433821     -0.97389877    
0.1             0.83086799      0.48794996      0.059554218     -0.40787612     -0.82181395     -0.88263175     -0.93468077     -0.98401975    
0.10666667      0.82273727      0.48024369      0.052327308     -0.41494566     -0.831709       -0.88935601     -0.93955317     -0.98723829    
0.11333333      0.81895982      0.47667552      0.048970825     -0.4185947      -0.83927214     -0.89446493     -0.9434917      -0.99012298    
0.12            0.80141734      0.45950009      0.032315181     -0.43515707     -0.8599435      -0.9132732      -0.96140637     -1.0074097     
0.12666667      0.79771019      0.4559106       0.028849862     -0.43886514     -0.86705857     -0.91735319     -0.96378808     -1.0083316     
0.13333333      0.78960612      0.44806202      0.02118186      -0.44704454     -0.8807633      -0.92991191     -0.97593648     -1.0206888     
0.14            0.7711584       0.42971414      0.0027116118    -0.46585861     -0.90256804     -0.94818023     -0.99207391     -1.0352866     
0.145           0.73340865      0.39298577      -0.031897032    -0.49784104     -0.93104139     -0.97018934     -1.0099135      -1.0490026     
0.15            0.74167818      0.40118829      -0.024229533    -0.49169479     -0.93212633     -0.97256094     -1.0134851      -1.0540394     
0.155           0.73571867      0.39529833      -0.030008753    -0.49779583     -0.94000822     -0.97784005     -1.0173824      -1.0567158     
0.16            0.72452869      0.38428789      -0.040874544    -0.50900423     -0.95486265     -0.99121862     -1.0300005      -1.0688561     
0.165           0.72967237      0.38938139      -0.036154211    -0.50553313     -0.95607407     -0.99146604     -1.0301138      -1.0691354     
0.17            0.70901952      0.36905695      -0.056143128    -0.52561964     -0.97846042     -1.0111674      -1.0482377      -1.0860926     
0.175           0.7122541       0.37214186      -0.053422756    -0.52386569     -0.97992382     -1.0103029      -1.0461581      -1.0829911     
0.18            0.70890675      0.36887984      -0.056787686    -0.52818551     -0.98900972     -1.0183275      -1.0538343      -1.0904473     
0.185           0.72066378      0.38040088      -0.046042646    -0.5192972      -0.98604476     -1.0147505      -1.0503145      -1.0873056     
0.19            0.7286516       0.3882606       -0.038649758    -0.51337944     -0.98548876     -1.0130138      -1.0481652      -1.0848023     
0.195           0.71953159      0.37914331      -0.048093438    -0.52412311     -1.0015484      -1.0279094      -1.0627748      -1.099456      
0.2             0.73662106      0.39590864      -0.032282542    -0.51037875     -0.99292284     -1.0172039      -1.051021       -1.0869197     
0.205           0.75140606      0.410471        -0.018648419    -0.4992775      -0.99001089     -1.0145735      -1.0492261      -1.0860398     
0.21            0.76695464      0.4256523       -0.0045796925   -0.487789       -0.98564158     -1.0090641      -1.0435781      -1.0804298     
0.215           0.78286896      0.44118637      0.0098259785    -0.47612732     -0.98234369     -1.0055781      -1.0405161      -1.077886      
0.22            0.80679691      0.46468539      0.031831308     -0.45762099     -0.97323725     -0.99625662     -1.0318689      -1.0700557     
0.225           0.82206824      0.47941804      0.045143317     -0.44747074     -0.97176407     -0.99397083     -1.0296204      -1.0680061     
0.23            0.85955845      0.51626904      0.079975735     -0.41704473     -0.95252879     -0.97460864     -1.0110424      -1.0502446     
0.235           0.89553787      0.55146858      0.11302855      -0.38864667     -0.93660424     -0.95936458     -0.99705375     -1.0375324     
0.24            0.91573999      0.57102792      0.13065238      -0.37531971     -0.93429992     -0.95610439     -0.99409275     -1.035019      
0.245           0.95920126      0.6135094       0.17035642      -0.3414348      -0.91520486     -0.93797157     -0.97755109     -1.0201254     
0.25            1.0008772       0.65412085      0.20815996      -0.30952804     -0.89773753     -0.92015271     -0.96070333     -1.004177      
0.255           1.0520466       0.7040659       0.25477501      -0.26968424     -0.87427101     -0.89694126     -0.93867333     -0.98331154    
0.26            1.1114434       0.76209357      0.30899098      -0.22320804     -0.84645578     -0.87000439     -0.91368147     -0.96031369    
0.264           1.0961057       0.7471213       0.29430168      -0.23831658     -0.86518106     -0.88216701     -0.92286435     -0.96728808    
0.268           1.1509151       0.80029507      0.34344172      -0.19704465     -0.84452343     -0.86531379     -0.90902092     -0.95616987    
0.272           1.2022948       0.85033861      0.38977014      -0.15805736     -0.82004008     -0.8394874      -0.8841313      -0.93240191    
0.276           1.2527765       0.89943801      0.43522677      -0.11995551     -0.80056813     -0.82051619     -0.86650174     -0.91598794    
0.28            1.3157495       0.9606146       0.49162495      -0.072885842    -0.77350025     -0.79373306     -0.8418181      -0.89351878    
0.284           1.3723379       1.0155391       0.54217932      -0.030987771    -0.75191101     -0.77172144     -0.82101525     -0.873862      
0.288           1.4368442       1.077901        0.59898929      0.015320187     -0.72816225     -0.74775834     -0.7987136      -0.85325201    
0.292           1.4998046       1.1388135       0.65444985      0.060212249     -0.7066512      -0.72574196     -0.77829042     -0.83451892    
0.296           1.5783277       1.2147356       0.72378361      0.11715752      -0.67631479     -0.69548311     -0.75013576     -0.8084336     
0.3             1.6541771       1.2879037       0.7899984       0.1703682       -0.65023945     -0.66822657     -0.72442865     -0.78446063    
0.304           1.7357836       1.3663977       0.86065596      0.22659669      -0.62390863     -0.64098253     -0.6989141      -0.76067485    
0.308           1.8209503       1.4480804       0.93369355      0.28391575      -0.5983174      -0.61388868     -0.67358052     -0.73717992    
0.312           1.911061        1.5344224       1.0106352       0.34393995      -0.57203281     -0.5854538      -0.64659174     -0.71178475    
0.316           2.0121644       1.6309576       1.0960595       0.40974751      -0.54416695     -0.55571535     -0.61873448     -0.6858098     
0.32            2.1098012       1.7239067       1.1774842       0.47109367      -0.52117563     -0.52908124     -0.59331858     -0.66192168    
0.324           2.2289586       1.8370891       1.2764428       0.54578602      -0.49152754     -0.49681267     -0.56296722     -0.63355683    
0.328           2.3409552       1.9429511       1.3676731       0.61240666      -0.46947485     -0.46931325     -0.53627114     -0.60812995    
0.332           2.4754415       2.0696452       1.4763283       0.69140381      -0.44270926     -0.43801749     -0.50644798     -0.57977512    
0.336           2.5983548       2.1842948       1.5719194       0.75645649      -0.42959109     -0.41694113     -0.48544656     -0.55946566    
0.34            2.7520452       2.3277014       1.692073        0.83992243      -0.40740052     -0.3881565      -0.45788154     -0.53335596    
0.344           2.9124447       2.4765346       1.8151219       0.92346877      -0.38745284     -0.35834832     -0.42825677     -0.50471346    
0.348           3.0945069       2.6445683       1.952534        1.0150953       -0.36720449     -0.32753782     -0.3975194      -0.47456722    
0.352           3.2837258       2.8173755       2.0901673       1.1020618       -0.35603784     -0.30251028     -0.37150435     -0.44861027    
0.356           3.488473        3.0024831       2.234127        1.1883176       -0.35314048     -0.28374851     -0.35137084     -0.4280433     
0.36            3.7215191       3.211369        2.3935842       1.2807898       -0.35297332     -0.26485102     -0.33069576     -0.40677884    
0.36333333      3.7472801       3.2262882       2.3878318       1.250086        -0.41865798     -0.29464887     -0.34914772     -0.41871066    
0.36666667      4.0447078       3.4915021       2.5891804       1.3688173       -0.40993894     -0.27246688     -0.32876021     -0.39967331    
0.37            4.2515993       3.6712054       2.717076        1.4332817       -0.42643056     -0.26002016     -0.31036967     -0.37826051    
0.37333333      4.5517707       3.9320709       2.9035155       1.5312128       -0.43536354     -0.24405799     -0.29087594     -0.35703278    
0.37666667      4.8550019       4.1903152       3.0799749       1.6143061       -0.4614511      -0.23812296     -0.27919291     -0.34219581    
0.38            5.2027315       4.4830591       3.2750796       1.7030372       -0.49538146     -0.23367366     -0.26807708     -0.32736513    
0.38285714      5.3506783       4.5927604       3.3217072       1.6886959       -0.5735963      -0.25667134     -0.28007991     -0.33324884    
0.38571429      5.7690453       4.9379204       3.5433339       1.7835207       -0.61064595     -0.26094042     -0.2792034      -0.32885004    
0.38809524      5.8555682       4.9911738       3.5470364       1.7464937       -0.68818536     -0.28146302     -0.28825701     -0.33260572    
0.39047619      6.3007101       5.3503618       3.7682234       1.836855        -0.71046656     -0.28586072     -0.28658238     -0.32653038    
0.39285714      6.6604678       5.6347368       3.9343798       1.8959183       -0.73987904     -0.28669311     -0.27868913     -0.31440544    
0.3952381       7.1084351       5.982204        4.1295915       1.9598372       -0.78377625     -0.29370073     -0.27549971     -0.3055839     
0.39761905      7.6035172       6.3624815       4.3417765       2.0307637       -0.83052855     -0.30052461     -0.27345914     -0.29833831    
0.4             8.2098718       6.8131606       4.5724206       2.0923291       -0.893332       -0.31331331     -0.27308184     -0.29163716    
0.402           8.4399022       6.9574858       4.6118579       2.0608481       -0.98072019     -0.34476035     -0.29147975     -0.30193849    
0.4038          8.8993444       7.273846        4.7439772       2.0696861       -1.0825765      -0.37617545     -0.3089915      -0.31288196    
0.4056          9.4840665       7.6906253       4.9467857       2.1232937       -1.1445475      -0.39170755     -0.31472291     -0.31341294    
0.4074          10.1247         8.1396406       5.1589608       2.1763563       -1.1913464      -0.39870099     -0.31250184     -0.30581793    
0.408975        10.563256       8.4156997       5.2534297       2.1686873       -1.2910254      -0.42286033     -0.32149148     -0.30737391    
0.41055         11.24943        8.8752246       5.4524015       2.2105085       -1.370861       -0.44685947     -0.33277251     -0.31218268    
0.412125        11.979491       9.3542463       5.6527608       2.2484648       -1.4392618      -0.46625776     -0.34054975     -0.31411817    
0.4137          12.828098       9.8973049       5.8740348       2.2917261       -1.5144387      -0.483425       -0.34516845     -0.31227848    
0.41496         13.267259       10.121032       5.9090045       2.2482516       -1.6259899      -0.5074032      -0.35569868     -0.31643846    
0.41622         14.098135       10.634583       6.1132195       2.2931233       -1.7156712      -0.53234884     -0.36829145     -0.32241667    
0.41748         14.87947        11.088673       6.2694501       2.3101176       -1.7836555      -0.55401726     -0.37846722     -0.32726176    
0.41874         15.768095       11.600402       6.4477531       2.3339501       -1.8485676      -0.57418277     -0.38664805     -0.3293496     
0.42            16.758038       12.151849       6.6328818       2.360614        -1.9149649      -0.59463717     -0.3942302      -0.33073817    
0.42117647      17.647472       12.617542       6.7664572       2.3691585       -2.0203587      -0.6231489      -0.40542627     -0.33361796    
0.42228374      18.581541       13.105759       6.9191863       2.3939669       -2.1029853      -0.64775979     -0.41763648     -0.33948189    
0.42332587      19.536672       13.5585         7.0155942       2.375416        -2.1793569      -0.67572459     -0.42964412     -0.34561349    
0.424368        20.577895       14.083633       7.1776757       2.4040243       -2.23925        -0.69268111     -0.44090887     -0.35194136    
0.425345        21.56307        14.50634        7.2462375       2.3752389       -2.322096       -0.71481048     -0.45004331     -0.35631727    
0.426322        22.707615       15.028606       7.3687485       2.3762777       -2.3743594      -0.74798758     -0.46601837     -0.36446547    
0.42723387      23.792126       15.464175       7.4404435       2.3677435       -2.4363429      -0.77728414     -0.47866461     -0.37084991    
0.42814574      25.112283       16.033876       7.5698279       2.3786218       -2.4966112      -0.79977656     -0.49041134     -0.37742622    
0.42899247      26.289767       16.495126       7.6499997       2.3689282       -2.5670901      -0.82504081     -0.50173975     -0.38281939    
0.4298392       27.821226       17.101615       7.762896        2.3720058       -2.6287535      -0.84639946     -0.51114627     -0.38817252    
0.4306208       29.022783       17.548801       7.841114        2.371502        -2.691216       -0.86437943     -0.52121713     -0.39224934    
0.4314024       30.663752       18.133875       7.9219518       2.3687881       -2.746177       -0.88361156     -0.52858371     -0.39744037    
0.432184        32.268273       18.71977        8.0225092       2.380163        -2.795209       -0.90323083     -0.53831685     -0.40176097    
0.43289455      33.702737       19.150218       8.0405845       2.3530269       -2.8620115      -0.9249229      -0.54871536     -0.40826584    
0.43360509      35.502072       19.742512       8.1126194       2.3451063       -2.9275947      -0.95279199     -0.56245823     -0.41718517    
0.43431564      37.406471       20.357062       8.1871319       2.3429553       -2.9842721      -0.97483023     -0.57267333     -0.42289812    
0.43502618      39.546288       21.03231        8.267068        2.345709        -3.0349083      -0.99558404     -0.582996       -0.42899177    
0.43564791      41.214076       21.478833       8.2692009       2.3208577       -3.1089794      -1.0212698      -0.59681685     -0.43717972    
0.43626964      43.437213       22.100001       8.2921649       2.3136773       -3.1543127      -1.0314699      -0.59773453     -0.43693748    
0.43689136      45.809137       22.831336       8.3823245       2.3211305       -3.2113         -1.0558029      -0.60976277     -0.44363273    
0.43751309      48.438571       23.577041       8.4451408       2.3371551       -3.2518692      -1.0696391      -0.621529       -0.45173415    
0.43813482      51.254428       24.356998       8.483569        2.320018        -3.3065917      -1.096567       -0.62779063     -0.45480151    
0.43875655      54.351261       25.184562       8.5140858       2.3202841       -3.3481097      -1.1142297      -0.63610681     -0.46005253    
0.43937827      57.743517       26.065619       8.5190086       2.3129213       -3.4028485      -1.1358562      -0.6456632      -0.46590481    
0.44            61.462784       27.013715       8.5357612       2.3217653       -3.4505158      -1.1586416      -0.65799894     -0.47341119    
0.44057143      64.771319       27.778597       8.4603989       2.2973206       -3.5157664      -1.1805888      -0.66653582     -0.47776718    
0.44112653      68.662165       28.733634       8.4202467       2.3044711       -3.5670093      -1.20044        -0.67709177     -0.48644865    
0.44168163      73.07895        29.837404       8.3262557       2.2621584       -3.6263059      -1.2170256      -0.68046423     -0.48809037    
0.44222041      77.339756       30.848149       8.3070024       2.3338445       -3.6676752      -1.2419457      -0.69856561     -0.50204029    
0.44275918      82.627764       32.178861       8.1382786       2.2531329       -3.724636       -1.2527457      -0.69581576     -0.49835705    
0.44329796      88.154927       33.569596       8.0872808       2.2957476       -3.766836       -1.2765396      -0.71029965     -0.50791097    
0.4438199       93.984103       35.040935       7.9060245       2.2892375       -3.8109191      -1.2828149      -0.70859339     -0.50479357    
0.44434184      100.68596       36.750148       7.7681762       2.3148218       -3.8678435      -1.3174256      -0.72871854     -0.52079984    
0.44486378      107.93018       38.604652       7.4545125       2.2372537       -3.9252757      -1.3502017      -0.74004393     -0.52280737    
0.44536832      115.40961       40.582562       7.1793179       2.256268        -3.970145       -1.3764674      -0.75613209     -0.53676109    
0.44587286      123.99722       42.86902        6.7795864       2.1759201       -4.0322402      -1.3875733      -0.75511823     -0.53231894    
0.4463774       133.36286       45.403824       6.4144916       2.1855059       -4.0725506      -1.4188243      -0.77279485     -0.54734135    
0.44688194      143.65842       48.274838       5.9022318       2.0828705       -4.1430294      -1.42725        -0.77327082     -0.5450869     
0.44736779      153.91221       51.259285       5.3966189       2.0422091       -4.2186043      -1.4577155      -0.79167708     -0.55869856    
0.44785365      166.0687        54.785973       4.8256087       1.9298281       -4.3045268      -1.4803829      -0.79384975     -0.55555073    
0.4483395       178.98919       58.64869        4.2417539       1.8654396       -4.3727352      -1.51877        -0.81653758     -0.57134809    
0.44882536      193.42814       62.975733       3.536304        1.7345156       -4.4432178      -1.5398143      -0.82455619     -0.57555449    
0.44931121      209.21104       67.767117       2.8005597       1.5903609       -4.5283885      -1.5889289      -0.85017124     -0.59192421    
0.44977594      224.74521       72.777541       2.056771        1.4208943       -4.5942605      -1.6186047      -0.85690101     -0.59188967    
0.45024067      243.23015       78.344722       1.3691944       1.2222095       -4.6805481      -1.6539039      -0.87565219     -0.60347382    
0.4507054       262.75916       84.482202       0.81524132      1.0516474       -4.7552331      -1.6727457      -0.87917903     -0.60314242    
0.45117013      285.32589       91.567817       0.35137947      0.79009316      -4.866417       -1.7204757      -0.90448291     -0.61970602    
0.45161162      306.95795       98.8017         -0.032149811    0.504345        -4.9687856      -1.752969       -0.91737499     -0.62634423    
0.45205312      332.75302       106.42913       -0.20466814     0.17397257      -5.0654727      -1.7876725      -0.92616413     -0.62881032    
0.45247137      355.96673       114.31294       -0.25467018     -0.21831671     -5.1596988      -1.8118744      -0.94002962     -0.63801946    
0.45288963      386.47615       124.02744       0.076200043     -0.57083182     -5.2796098      -1.8567746      -0.95239089     -0.64000688    
0.45330789      416.77242       133.24202       0.43811414      -0.92839431     -5.349042       -1.8705924      -0.96028607     -0.6469863     
0.45367967      441.44971       142.14555       1.0004838       -1.4092352      -5.5569357      -1.9442911      -0.99145731     -0.66263141    
0.45405146      475.82041       151.10491       2.1056839       -1.6994857      -5.659428       -1.9795148      -1.0055966      -0.67133835    
0.45442324      509.78523       160.14007       2.2136002       -2.1253179      -5.7572796      -2.008437       -1.0170747      -0.67796066    
0.45477179      539.91313       168.10409       2.8106276       -2.4860832      -5.8904454      -2.0422388      -1.0308157      -0.68514528    
0.45512033      577.85034       177.20173       3.4234244       -3.0279316      -6.0465175      -2.0898348      -1.0508773      -0.69380856    
0.45546888      615.62167       186.35684       4.3688988       -3.4787933      -6.1834103      -2.1420642      -1.0701714      -0.70668895    
0.45581743      657.59447       196.15722       6.1235754       -4.2569663      -6.3036466      -2.1796877      -1.0858884      -0.71658226    
0.45616598      702.62393       206.95471       7.5447446       -4.9411762      -6.4337962      -2.2203671      -1.1023513      -0.72759413    
0.45651452      751.67581       217.65512       9.2638563       -5.6977827      -6.5623715      -2.2534587      -1.1134755      -0.73366899    
0.45680498      779.42252       224.30276       10.031122       -6.4064032      -6.8494878      -2.3251444      -1.1485772      -0.74874574    
0.45709544      831.81819       232.59411       10.798768       -6.9876544      -6.9722494      -2.3582295      -1.1552507      -0.74806889    
0.45738589      877.70099       241.99725       11.575826       -7.3282879      -7.1065058      -2.3969026      -1.1724923      -0.7623502     
0.45767635      932.60312       252.82402       12.082355       -7.2911487      -7.3498093      -2.4899781      -1.2146325      -0.78504358    
0.45796681      994.65002       266.60056       11.744058       -7.6043129      -7.5148285      -2.5504119      -1.2425186      -0.80241603    
0.45825726      1056.6697       273.3917        11.153129       -8.6826295      -7.6333912      -2.5819354      -1.2515154      -0.80663513    
0.45854772      1122.517        280.72632       13.522053       -8.0569297      -8.0818922      -2.745616       -1.3291426      -0.8482005     
0.45883817      1194.281        289.07365       14.830417       -10.827811      -8.1858191      -2.8150716      -1.3676065      -0.87142635    
0.45907054      1232.5114       295.14728       15.149471       -10.295917      -8.6886866      -2.915651       -1.4100583      -0.89392763    
0.4593029       1306.0823       304.44495       18.704221       -10.197235      -8.9991177      -3.0034444      -1.4427351      -0.90363975    
0.45953527      1365.5178       312.05033       21.955209       -11.628041      -8.9302437      -2.9977487      -1.4513787      -0.91395737    
0.45976763      1435.3033       319.70822       24.692466       -11.193037      -9.4038445      -3.126009       -1.4972718      -0.93528999    
0.46            1521.9293       322.69525       26.49825        -12.773124      -9.6628191      -3.2157276      -1.5359779      -0.95733075    
0.4602439       1618.9377       335.03785       29.277651       -11.980587      -10.133135      -3.3935223      -1.6201875      -1.0051283     
0.46048483      1717.326        344.03146       32.788125       -12.259727      -10.564254      -3.5328408      -1.6860222      -1.0458018     
0.46072576      1832.6224       355.12333       35.953257       -11.932261      -11.039505      -3.7176438      -1.7747683      -1.0961417     
0.46096669      1955.046        363.49247       36.053274       -12.084016      -11.454153      -3.8571307      -1.8431823      -1.1356108     
0.46120761      2091.031        372.49789       35.18533        -12.175031      -12.18446       -4.0376768      -1.9169568      -1.1744522     
0.46144854      2240.3568       384.64818       36.058873       -11.673103      -12.492162      -4.1945066      -1.997518       -1.2211999     
0.46168638      2421.252        402.65763       38.669723       -10.7067        -13.493389      -4.4560161      -2.1129734      -1.2831258     
0.46192422      2594.1742       416.24125       37.427485       -10.165833      -14.058466      -4.6904317      -2.2267709      -1.3473234     
0.46216206      2783.7473       435.04868       36.729219       -9.7619069      -14.649054      -4.9461927      -2.3591194      -1.4215506     
0.4623999       2989.1166       457.87584       37.12425        -9.8018202      -15.209214      -5.2322348      -2.4996211      -1.5023357     
0.46263774      3206.0434       491.01938       35.882589       -9.3831085      -16.499234      -5.7310618      -2.7193967      -1.6177755     
0.46287558      3473.4162       504.80287       33.999353       -8.0212436      -17.042088      -6.0209901      -2.9031513      -1.7197455     
0.46311342      3800.897        522.51679       36.050967       -7.4679637      -17.142487      -6.122263       -2.9956818      -1.7829003     
0.46335126      4183.719        530.95886       35.348531       -6.8708706      -17.408004      -6.3223676      -3.0768685      -1.8321677     
0.4635891       4661.583        535.98186       35.151357       -5.0472269      -17.545195      -6.4953049      -3.1726638      -1.8883374     
0.46382693      5055.5287       531.67589       34.691803       -3.7960538      -17.073302      -6.4843687      -3.1900143      -1.9061028     
0.46406477      5516.7368       532.67225       34.970365       -3.9619355      -17.42631       -6.6383365      -3.25405        -1.9344489     
0.46430261      5963.986        542.44783       41.789607       -4.6874618      -17.486313      -6.8136621      -3.3357933      -1.979102      
0.46454411      6436.6454       570.99864       39.326316       -3.5084076      -17.190677      -6.9935325      -3.4488832      -2.0303031     
0.46478561      6926.1271       585.01328       37.410503       -5.0688922      -16.727761      -7.1400087      -3.5295639      -2.0732004     
0.46502711      7450.0701       605.22323       41.490823       -4.5962634      -16.736939      -7.2519902      -3.5991926      -2.1159112     
0.46526477      8001.3655       633.17146       42.841953       -5.2685848      -16.638618      -7.2935372      -3.6418858      -2.1435549     
0.46550244      8788.6712       632.02911       41.942615       -6.6054854      -16.822083      -7.3758538      -3.6875237      -2.1684067     
0.46574406      9430.5843       651.56645       40.697727       -5.9574953      -16.947337      -7.4738282      -3.7577321      -2.2039781     
0.46598569      10074.635       652.23217       50.719887       -3.9905989      -17.413391      -7.6291048      -3.8342793      -2.2472697     
0.46622732      11287.887       662.28236       50.973165       -3.7942409      -17.974654      -7.77851        -3.9226103      -2.298598      
0.46646894      12140.378       669.55703       63.100663       -5.2525822      -18.365691      -7.8981322      -3.9975964      -2.3434827     
0.46671057      12904.917       675.09445       79.451567       -4.1322906      -18.986867      -8.0650079      -4.0831515      -2.3921341     
0.46695667      13042.891       682.98718       86.353863       -1.4510238      -19.796643      -8.298809       -4.2012146      -2.4562951     
0.46720277      13636.653       636.53254       115.13292       -3.6828707      -21.447468      -8.7564133      -4.4435404      -2.5966574     
0.46744887      13880.965       630.57483       108.18436       -4.4997905      -22.407758      -8.9840931      -4.5694122      -2.6603342     
0.46769497      14017.653       635.03751       113.0136        -3.7159437      -23.970796      -9.4467162      -4.8519273      -2.8566706     
0.46794609      13809.144       641.44102       112.49038       -4.2853922      -25.75873       -9.8627998      -5.0095148      -2.9214994     
0.46819722      13516.491       658.86941       109.87928       -6.0989668      -26.977845      -10.456561      -5.3197607      -3.1045947     
0.46844834      13144.217       643.47761       113.17873       -8.6589877      -27.694594      -10.905886      -5.5327173      -3.2094072     
0.46869946      12782.061       581.01263       118.99837       -8.0252212      -28.255961      -11.462042      -5.8397234      -3.3919754     
0.46895059      12529.152       609.616         114.07785       -9.0908283      -28.557162      -11.890861      -6.042405       -3.4781284     
0.46920171      12811.052       630.76437       104.43147       -9.358533       -28.113356      -12.294561      -6.3337365      -3.6815822     
0.46945283      12190.515       1041.1963       102.68493       -10.817119      -28.010148      -12.497575      -6.3998643      -3.6825398     
0.46971008      12076.875       1354.3597       92.623996       -9.7409586      -27.35051       -12.786977      -6.600985       -3.7942643     
0.46996733      11666.198       1781.6337       102.31354       -9.7545112      -27.812002      -13.081105      -6.6980661      -3.8446008     
0.47022458      11397.259       2026.5679       90.667074       -8.9986064      -26.933144      -13.278416      -6.8649347      -3.9543347     
0.47048878      11002.023       2586.6385       82.829532       -12.995797      -26.167254      -13.276377      -6.8797852      -3.9511421     
0.47075298      10566.503       2899.8208       81.711388       -10.682109      -25.688264      -13.397841      -6.9340314      -3.9730241     
0.47101718      9949.2961       2813.3852       83.576588       -8.0767157      -26.015586      -13.651048      -7.0507005      -4.0265167     
0.47128138      9667.8021       2851.2268       78.767553       -8.8156964      -25.886346      -13.842648      -7.1509843      -4.0701432     
0.47154558      9417.7939       2588.2892       81.649648       -24.157522      -27.410262      -14.574795      -7.479506       -4.2243925     
0.4718183       9200.2322       2700.8045       82.536968       -11.289929      -27.221989      -14.756531      -7.701292       -4.3728078     
0.47209103      9007.1874       2638.7985       76.045465       -21.309993      -27.658053      -14.91506       -7.8524383      -4.4537712     
0.47236375      8791.1346       2755.7576       86.471082       -20.713985      -28.338027      -14.890635      -7.9426171      -4.5221971     
0.47262707      8509.5848       2881.4214       94.338901       -12.914525      -31.716993      -15.610423      -8.3802026      -4.7780749     
0.47289039      8354.0445       2680.9219       90.940252       -11.292728      -35.830806      -16.424602      -8.8210067      -5.0109787     
0.47315371      8218.3821       2731.504        131.11929       -0.35959744     -39.465936      -17.716732      -9.5213469      -5.4178216     
0.47341702      8154.0381       2730.8192       158.19076       10.630117       -42.896636      -18.123823      -9.7841306      -5.5804741     
0.47368034      8084.1735       2937.2394       174.55052       20.785989       -40.724595      -17.552906      -9.5718278      -5.5121023     
0.47394366      7988.9891       2861.3068       264.82866       23.466278       -42.771317      -17.92827       -9.7385656      -5.6132877     
0.47420698      7880.8389       2806.3704       290.20012       29.14849        -40.548304      -17.563641      -9.6358462      -5.5832011     
0.4744703       7805.9107       2700.7264       425.63442       41.79498        -39.813449      -17.251897      -9.438998       -5.4888442     
0.47473362      7752.1087       2660.2331       386.81701       36.910747       -39.016685      -17.242502      -9.4519871      -5.4960672     
0.47499694      7712.3189       2603.2938       436.38454       31.139527       -38.706201      -17.354988      -9.5248684      -5.5574772     
0.47526026      7688.6203       2603.4512       549.44629       29.440779       -38.479457      -17.606807      -9.6209078      -5.5968846     
0.47553907      7673.29         2663.5611       407.40925       11.394979       -37.768452      -17.907921      -9.8061454      -5.6908779     
0.47581787      7673.6          2703.7636       381.75054       14.750516       -37.1923        -18.141607      -9.9758716      -5.7998738     
0.47609668      7661.3065       2588.3357       315.43888       16.923207       -36.555385      -18.348243      -10.160203      -5.9196888     
0.47637549      7654.7413       2511.6766       321.98596       13.405294       -35.963276      -18.589624      -10.353732      -6.0453844     
0.4766543       7681.9056       2519.3597       307.61616       13.233385       -36.080746      -19.160672      -10.731855      -6.279259      
0.47693311      7719.4147       2507.7309       328.23877       12.882071       -36.420028      -19.739709      -11.083405      -6.4721526     
0.47721192      7778.9201       2527.9138       333.25086       22.520038       -35.457839      -19.997673      -11.299122      -6.6132964     
0.47749072      7830.7286       2564.7159       343.85246       38.496851       -34.937532      -20.311682      -11.541978      -6.767709      
0.47776953      7894.6646       2613.0808       344.00329       27.830687       -33.705884      -20.778271      -11.965316      -7.0551205     
0.47804834      7944.459        2605.7352       341.40845       34.765403       -34.390958      -21.973136      -12.72408       -7.4852103     
0.47832715      8002.9967       2598.2343       335.19376       44.811521       -35.909116      -23.223797      -13.546887      -8.0045032     
0.47860596      8070.615        2631.1737       327.57411       54.358138       -36.216243      -24.416582      -14.355606      -8.474062      
0.47888477      8135.5031       2656.9401       318.96288       56.984563       -35.771215      -25.367334      -15.1039        -8.9782528     
0.47916357      8201.9707       2688.6063       309.79387       52.681949       -41.59677       -30.71866       -18.398148      -10.863342     
0.47944238      8277.9503       2734.3476       305.03771       77.859056       -38.824519      -29.84667       -18.128241      -10.770725     
0.47972119      8363.7587       2794.5758       297.44673       67.178386       -36.452056      -29.645742      -18.357592      -11.023158     
0.48            8449.0583       2864.413        291.64788       82.538221       -33.566074      -28.67698       -18.026939      -10.92999      
0.4803125       8515.8216       2917.3319       286.0624        103.58982       -30.57189       -27.555378      -17.584228      -10.753959     
0.48063525      8608.7855       2977.6422       289.36122       98.652768       -29.119712      -26.925295      -17.437636      -10.75494      
0.48095799      8732.8421       3060.5936       301.02051       85.854192       -27.667968      -26.031821      -17.172871      -10.716483     
0.48128074      8849.8378       3142.255        305.90114       68.293497       -27.109696      -24.787931      -16.570132      -10.466699     
0.48160348      8949.2464       3228.824        311.14786       56.344253       -26.41526       -23.893918      -16.23387       -10.348828     
0.48193199      9065.5682       3328.0389       309.53408       55.944214       -25.643435      -22.993831      -15.788951      -10.093239     
0.4822605       9203.2144       3446.4005       321.13891       52.163942       -27.02558       -22.710849      -15.54193       -9.925052      
0.48258901      9351.1582       3568.2186       352.10986       56.344646       -29.375496      -22.992207      -15.710645      -10.025754     
0.48291752      9498.9089       3684.9032       362.65581       56.871243       -32.882465      -23.003054      -15.635716      -10.016689     
0.48327341      9630.1039       3807.7837       381.16583       55.493688       -35.819054      -23.61952       -15.847727      -10.082224     
0.48363703      9756.7227       3917.8227       389.67752       45.88948        -40.825396      -25.902666      -17.399295      -10.98404      
0.48400891      9893.6084       4055.7336       424.32848       40.66112        -40.753127      -24.084557      -16.600634      -10.749295     
0.4843808       9987.5934       4184.5937       468.61863       38.512078       -43.477254      -24.134379      -16.505478      -10.705057     
0.48472035      10090.648       4302.1602       487.41563       35.796303       -41.361586      -22.76359       -15.796367      -10.422279     
0.48506761      10173.052       4410.0146       501.6296        35.452608       -38.710212      -21.343953      -15.04214       -10.080095     
0.48541488      10254.791       4518.969        517.24317       35.827721       -38.245817      -21.230074      -14.996467      -10.098002     
0.48577061      10335.205       4634.2838       561.58554       37.003335       -38.341138      -21.658306      -15.268228      -10.263438     
0.48612635      10431.26        4736.1729       589.71896       38.522786       -36.724152      -19.743683      -13.977897      -9.5614412     
0.48648208      10514.36        4864.8686       603.68683       40.489342       -35.196657      -18.140693      -12.7391        -8.8054331     
0.48684743      10592.58        5012.173        632.07901       41.897286       -31.081803      -16.188289      -11.555278      -8.1308628     
0.48721278      10670.967       5150.2829       665.82022       43.138358       -28.032697      -15.153432      -10.930945      -7.7759972     
0.48758887      10752.355       5299.9583       715.7028        45.482138       -25.388977      -14.372086      -10.475591      -7.5304803     
0.48796497      10827.76        5435.589        735.04284       51.523675       -23.402791      -13.920283      -10.234761      -7.4299024     
0.48834106      10892.409       5589.192        772.7132        58.085313       -21.559054      -13.295614      -9.9106954      -7.2854637     
0.48871716      11003.074       5787.7382       808.07639       62.995256       -20.537181      -12.814529      -9.6045828      -7.12786       
0.48910622      11032.037       5967.0636       854.47062       68.522666       -19.959873      -12.485902      -9.4068134      -7.0338885     
0.48949528      11075.111       6132.4367       897.76397       71.672547       -19.264155      -12.380334      -9.3524184      -7.0189322     
0.48988435      11083.503       6243.1031       938.70599       76.418494       -17.865504      -11.922089      -9.1709709      -6.9608852     
0.49027341      11106.081       6387.0731       983.1446        81.018968       -16.847428      -11.711525      -9.116535       -6.9621595     
0.49066248      11098.02        6497.8828       1018.5857       83.838858       -15.634241      -11.451742      -9.0647618      -6.9730417     
0.49105154      11104.446       6636.0958       1058.609        89.987511       -14.651613      -11.323137      -9.0975039      -7.0552418     
0.4914406       11125.172       6770.2494       1089.0278       99.613273       -13.269304      -11.405141      -9.2430336      -7.1627524     
0.49182967      11132.325       6945.2711       1123.2378       109.52345       -12.997669      -11.869124      -9.6424644      -7.4449193     
0.49221873      11149.249       7100.1955       1150.9469       121.03682       -12.317512      -12.218682      -9.9309762      -7.6348248     
0.49260779      11157.611       7231.1815       1185.6281       128.26307       -13.679986      -11.85653       -9.8857408      -7.7221924     
0.49299686      11158.119       7358.3603       1206.1295       146.59649       -14.610722      -12.316247      -10.085745      -7.8683826     
0.49338592      11159.212       7485.7033       1233.3609       163.54583       -15.553067      -12.287225      -10.187471      -8.0017044     
0.49377498      11158.67        7608.0633       1253.9693       176.9049        -14.171194      -11.763024      -9.9674341      -7.9413718     
0.49416405      11149.936       7765.4566       1288.5394       176.05787       -16.288972      -13.127835      -10.506433      -8.1269617     
0.49455311      11162.714       7890.8675       1311.1957       184.63839       -16.70622       -13.515922      -10.924476      -8.4068505     
0.49494217      11140.409       7982.6368       1329.7419       186.08875       -17.399136      -13.501544      -10.988881      -8.526311      
0.49533124      11117.478       8065.8902       1352.4466       177.02502       -17.595123      -13.521834      -11.084221      -8.6458099     
0.4957203       11097.248       8158.6848       1390.8281       172.10167       -18.305796      -14.051678      -11.517773      -8.9748163     
0.49610936      11072.396       8252.9861       1435.0458       159.34836       -18.045719      -14.026426      -11.617385      -9.1085876     
0.49654166      11030.288       8337.8801       1483.7067       153.06872       -18.171311      -14.130008      -11.675321      -9.1832705     
0.49697395      11002.02        8426.936        1528.7839       160.68212       -17.159599      -13.903466      -11.682265      -9.2614603     
0.49740624      10983.72        8521.7537       1585.4208       144.52455       -17.098446      -13.804306      -11.682376      -9.3469439     
0.49783854      10951.038       8582.6118       1643.1803       152.08873       -17.195119      -13.896294      -11.780548      -9.4796841     
0.49827083      10913.551       8636.8885       1701.4282       155.92341       -17.554636      -13.832997      -11.839318      -9.5967005     
0.49870312      10876.366       8698.4577       1753.4087       160.07606       -17.033003      -14.060137      -12.117185      -9.8615473     
0.49913541      10840.831       8755.193        1813.551        166.47662       -16.75737       -13.964991      -12.144888      -9.9766749     
0.49956771      10806.343       8810.4728       1879.0619       173.58861       -16.677906      -14.118915      -12.30417       -10.143195     
0.5             10775.149       8858.7062       1962.0318       179.05883       -16.629367      -14.131751      -12.372462      -10.262974     
0.50045455      10740.033       8919.8223       2055.0313       193.21736       -16.631232      -14.040108      -12.370027      -10.339342     
0.50090909      10711.25        8977.54         2154.846        205.15002       -17.113648      -14.230577      -12.544788      -10.51794      
0.50136364      10684.166       9027.4626       2258.7757       210.13546       -17.041038      -14.047177      -12.466396      -10.542012     
0.50181818      10649.128       9064.5682       2357.1028       213.71169       -17.236356      -14.085965      -12.544572      -10.662719     
0.50227273      10610.359       9095.3237       2454.6681       218.21024       -17.350552      -14.046226      -12.557018      -10.748687     
0.50272727      10567.581       9116.1157       2552.7806       221.20322       -17.186221      -13.917881      -12.529739      -10.813688     
0.50318182      10521.57        9127.7254       2663.8126       217.72667       -16.901842      -13.736201      -12.483484      -10.881466     
0.50364899      10464.748       9129.0447       2760.6883       219.23566       -16.50249       -13.48207       -12.391417      -10.924107     
0.50411616      10410.577       9129.5139       2868.6407       222.2712        -16.071594      -13.256624      -12.310771      -10.965468     
0.50458333      10361.657       9130.3037       2995.812        223.28071       -15.789716      -13.223695      -12.336642      -11.036316     
0.50505051      10316.406       9131.2587       3097.647        223.26963       -15.776356      -13.398673      -12.444102      -11.099722     
0.50551768      10261.466       9119.5118       3200.8267       226.75499       -14.722071      -13.020051      -12.312283      -11.094658     
0.50600042      10195.096       9093.6981       3290.027        234.39884       -14.429309      -12.916892      -12.271411      -11.120915     
0.50648316      10137.743       9077.222        3391.886        244.85493       -13.9707        -12.71444       -12.191978      -11.140579     
0.50696591      10087.845       9065.3851       3493.2022       259.50541       -13.488441      -12.373275      -11.994456      -11.077495     
0.50744865      10036.574       9049.7052       3579.9589       266.90452       -12.915061      -12.010511      -11.787774      -11.003168     
0.5079314       9985.3398       9034.1947       3684.3957       275.47114       -12.973639      -11.997422      -11.763969      -11.038972     
0.50841414      9938.3969       9017.7622       3781.6673       291.33813       -12.924838      -11.983408      -11.741614      -11.045861     
0.50889689      9892.3871       8998.4524       3877.8038       306.62858       -13.075899      -11.961636      -11.71025       -11.075529     
0.50937963      9846.0248       8978.0462       3970.7632       320.58317       -13.290151      -12.029187      -11.740211      -11.131024     
0.50986237      9793.7213       8957.8414       4056.4666       336.21172       -13.484102      -12.016999      -11.714463      -11.148179     
0.51036926      9731.2252       8924.5892       4132.0175       353.05634       -13.51855       -11.949276      -11.65979       -11.157264     
0.51087614      9680.1058       8899.4084       4208.9298       370.39559       -13.658611      -11.852574      -11.583705      -11.161539     
0.51138302      9638.1172       8878.6604       4282.4558       392.05575       -13.891865      -11.759241      -11.493697      -11.133919     
0.5118899       9593.4682       8854.6992       4352.0146       412.29041       -14.899526      -12.294664      -11.765034      -11.283957     
0.51239678      9550.9009       8833.5121       4417.2911       439.53008       -15.083504      -12.26411       -11.769413      -11.354044     
0.51290366      9509.769        8813.2053       4480.5216       469.46179       -15.238278      -12.180384      -11.689544      -11.342941     
0.51341054      9469.5413       8793.4831       4540.8397       501.51642       -15.331208      -12.064549      -11.600903      -11.323969     
0.51391742      9428.9894       8772.3485       4598.9843       538.21234       -15.490361      -11.978284      -11.52136       -11.303399     
0.51442431      9386.6067       8749.2658       4659.5991       575.58845       -15.682932      -11.93581       -11.479112      -11.30979      
0.51493119      9341.76         8724.5896       4711.6435       615.0617        -15.770765      -11.775946      -11.339169      -11.236236     
0.51543807      9307.6595       8709.7513       4767.0332       654.38457       -15.730232      -11.607292      -11.207885      -11.181095     
0.51594495      9277.2976       8696.7712       4820.6618       695.47154       -15.797871      -11.527565      -11.136778      -11.158145     
0.51645183      9233.9975       8672.5903       4870.8275       737.08183       -15.899132      -11.486718      -11.106622      -11.173553     
0.51695871      9190.8773       8647.2797       4921.269        781.16349       -15.93102       -11.427209      -11.065029      -11.186961     
0.51746559      9146.3495       8620.8981       4959.4636       826.30598       -15.800131      -11.258772      -10.943567      -11.140402     
0.51797247      9103.244        8594.818        4996.3737       870.43822       -15.734234      -11.154293      -10.860808      -11.105856     
0.51847936      9058.8437       8567.2177       5028.8492       912.708         -15.769401      -11.104005      -10.811979      -11.09691      
0.51898624      9014.8889       8539.4028       5060.6685       953.34721       -15.698728      -11.003689      -10.725912      -11.058839     
0.51949312      8971.116        8510.6157       5087.4708       993.47608       -15.629436      -10.931142      -10.667791      -11.038183     
0.52            8927.9104       8482.3631       5111.2987       1031.9369       -15.428942      -10.763028      -10.54103       -10.975095     
0.52047619      8898.6717       8466.7126       5139.5275       1069.0427       -15.334019      -10.584775      -10.395821      -10.898184     
0.52095238      8861.9704       8442.311        5162.2685       1101.5123       -14.833656      -10.208499      -10.143346      -10.765953     
0.52142857      8817.6495       8410.8283       5178.1515       1131.3826       -14.498708      -9.9683267      -9.9868908      -10.698897     
0.52190476      8773.8542       8379.5997       5190.4144       1162.6731       -14.266419      -9.8076173      -9.8681455      -10.633696     
0.52238095      8732.5006       8350.4742       5210.8673       1192.5487       -14.282461      -9.8424719      -9.8713831      -10.625765     
0.52285714      8692.7165       8323.206        5232.4915       1225.5859       -14.00697       -9.6520728      -9.7475571      -10.574965     
0.52333333      8655.9289       8298.1732       5255.7214       1257.0002       -13.653277      -9.361732       -9.5510083      -10.468528     
0.52380952      8617.1343       8270.7666       5273.486        1288.8191       -13.412296      -9.1514606      -9.3873279      -10.366726     
0.52428571      8579.5443       8243.278        5288.3397       1319.6307       -13.14829       -8.909272       -9.1961173      -10.246698     
0.5247619       8542.5464       8216.2249       5305.1076       1348.3311       -12.938138      -8.710924       -9.0469306      -10.155004     
0.5252381       8506.8477       8189.9625       5321.46         1375.5741       -12.959895      -8.7090046      -9.0422406      -10.157517     
0.52571429      8472.6889       8165.9372       5341.1007       1402.0525       -12.733239      -8.4891241      -8.8599853      -10.039854     
0.52619048      8439.2689       8142.1141       5357.7692       1429.5604       -12.703919      -8.4145502      -8.7760503      -9.9828353     
0.52668367      8399.8511       8111.3765       5371.5055       1455.6476       -12.556876      -8.2874138      -8.6518887      -9.8934042     
0.52717687      8364.2243       8084.9616       5387.4995       1481.6356       -12.462218      -8.1527013      -8.5253534      -9.8005906     
0.52767007      8333.8025       8061.9639       5404.1861       1507.2928       -12.476962      -8.1283192      -8.4806507      -9.7500692     
0.52816327      8300.8716       8036.2601       5417.3512       1531.1169       -12.484674      -8.0721876      -8.4521543      -9.769029      
0.52865646      8266.6225       8008.7991       5428.7559       1555.1768       -12.369583      -7.8377127      -8.2385614      -9.5951123     
0.52914966      8234.0871       7982.2316       5440.6466       1576.8653       -12.523595      -7.8145299      -8.2002476      -9.5654473     
0.52964286      8199.2039       7953.5643       5450.1061       1598.9858       -12.474801      -7.6217506      -8.0252494      -9.4150359     
0.53013605      8167.0868       7926.3643       5458.0604       1619.8033       -12.572604      -7.6063299      -8.0235549      -9.4351586     
0.53062925      8133.5894       7898.3594       5467.5054       1648.137        -12.518093      -7.4426928      -7.8831276      -9.3234231     
0.53112245      8102.6562       7872.3387       5477.778        1672.0121       -12.648349      -7.4586762      -7.9078998      -9.3549574     
0.53161565      8070.6105       7845.0419       5486.2939       1698.7639       -12.565088      -7.3507108      -7.8044231      -9.2493736     
0.53210884      8038.7398       7817.2395       5492.2065       1722.6964       -12.735305      -7.4083075      -7.8661464      -9.3174322     
0.53260204      8007.7875       7789.858        5496.8031       1745.9332       -12.803778      -7.3328198      -7.7930345      -9.2529169     
0.53309524      7978.3684       7763.4965       5501.2319       1767.8543       -12.965158      -7.3318358      -7.7885135      -9.2522967     
0.53358844      7948.7376       7736.0913       5503.8548       1789.4369       -13.089607      -7.2732657      -7.720979       -9.1861728     
0.53408163      7918.57         7709.7803       5504.7131       1809.8386       -13.169492      -7.1670254      -7.621246       -9.1048233     
0.53457483      7890.0402       7683.3973       5506.0714       1826.5303       -13.382028      -7.1793316      -7.5850209      -9.0382727     
0.53506803      7863.1516       7658.5442       5508.5357       1847.2167       -13.566388      -7.2527805      -7.6416105      -9.0842766     
0.53556122      7837.2153       7634.3577       5511.2274       1866.3563       -13.700088      -7.3085622      -7.6727393      -9.091918      
0.53605442      7813.2701       7612.324        5515.3434       1888.2296       -13.77381       -7.3591251      -7.7138177      -9.122133      
0.53654762      7789.5215       7590.4798       5518.8367       1909.929        -13.800538      -7.3599669      -7.7120003      -9.1177217     
0.53704082      7767.0934       7569.9626       5523.7846       1931.6422       -13.807349      -7.3837382      -7.7194423      -9.1154195     
0.53753401      7744.6382       7549.2314       5527.2407       1952.7835       -13.859369      -7.4033697      -7.7221643      -9.104174      
0.53802721      7723.7002       7529.954        5531.5182       1974.5626       -13.897044      -7.3920389      -7.702303       -9.0783518     
0.53852041      7702.3623       7510.2289       5534.4105       1997.2628       -13.95559       -7.375245       -7.6702688      -9.0403748     
0.53901361      7682.5573       7491.935        5538.4256       2020.0677       -14.108361      -7.3827587      -7.6493183      -9.0099719     
0.5395068       7663.5025       7474.0986       5542.0713       2041.9789       -14.436091      -7.4318432      -7.6480115      -8.9925192     
0.54            7646.2329       7457.8142       5545.9646       2063.491        -14.643361      -7.4401147      -7.6080726      -8.9399622     
0.54055556      7609.6519       7421.7776       5535.8591       2080.6252       -14.654982      -7.437978       -7.5842828      -8.9013414     
0.54111111      7583.9319       7397.9322       5534.8976       2102.4782       -14.882996      -7.4993134      -7.6049149      -8.9044697     
0.54166667      7571.0501       7386.3725       5542.1053       2126.2414       -14.882194      -7.494645       -7.5734766      -8.8679761     
0.54222222      7554.679        7371.1474       5545.5762       2148.1339       -14.924161      -7.5096377      -7.5543691      -8.8295056     
0.54277778      7538.9784       7356.8283       5548.9079       2170.476        -15.063293      -7.5962984      -7.6023039      -8.8582643     
0.54333333      7521.9929       7340.7879       5549.9715       2190.1927       -15.161414      -7.6280006      -7.5936225      -8.8222479     
0.54388889      7506.9017       7326.3284       5552.0999       2209.313        -15.293462      -7.7003078      -7.6308434      -8.8426894     
0.54446429      7486.2332       7306.2051       5550.1539       2226.9036       -15.338715      -7.7254926      -7.6330589      -8.8275374     
0.54503968      7469.7791       7291.1462       5551.3937       2245.2277       -15.384906      -7.7254005      -7.6162417      -8.8076402     
0.54561508      7456.1039       7278.0813       5554.2345       2263.9892       -15.34585       -7.6784524      -7.5555224      -8.7450325     
0.54619048      7442.4764       7265.0284       5555.3032       2278.4514       -15.313791      -7.6472543      -7.5131965      -8.6960821     
0.54676587      7428.3622       7251.5103       5556.3149       2294.3044       -15.256311      -7.6022598      -7.4636999      -8.6457549     
0.54734127      7415.1978       7239.5981       5559.5347       2313.1258       -15.207         -7.5711984      -7.4265751      -8.5998032     
0.54791667      7402.4362       7228.4061       5563.2706       2332.4865       -15.164615      -7.5467222      -7.3915908      -8.5547805     
0.54849206      7389.7604       7217.2082       5566.2316       2350.6895       -15.091012      -7.4989177      -7.3426551      -8.5026979     
0.54906746      7376.4726       7205.4123       5568.2752       2367.9566       -15.044309      -7.4706134      -7.3069319      -8.4609442     
0.54964286      7362.5619       7193.3163       5570.3704       2385.0793       -14.97762       -7.4394305      -7.2649589      -8.4122348     
0.5502521       7340.4608       7173.3414       5565.8177       2397.6227       -14.882411      -7.385294       -7.2081646      -8.346715      
0.55086134      7329.3365       7162.0053       5566.1905       2412.5707       -14.852295      -7.3637234      -7.1770431      -8.3020766     
0.55147059      7316.7046       7152.8736       5570.4174       2428.4335       -14.883269      -7.4290635      -7.2158943      -8.3164909     
0.55207983      7307.365        7145.4932       5574.5262       2443.3655       -14.90632       -7.4730854      -7.2451572      -8.3263017     
0.55268908      7297.3798       7138.2548       5579.7241       2458.8734       -14.873167      -7.5003314      -7.2700468      -8.3389216     
0.55329832      7290.6527       7136.2625       5590.6658       2477.1859       -14.677864      -7.4071755      -7.2049779      -8.2767982     
0.55390756      7285.09         7131.1156       5596.4398       2491.7959       -14.511513      -7.2681441      -7.077049       -8.1443622     
0.55451681      7276.4183       7126.8446       5606.0453       2508.9301       -14.449331      -7.2442423      -7.0555782      -8.1168794     
0.55512605      7266.3879       7120.2725       5613.4185       2524.5717       -14.330929      -7.1476851      -6.963799       -8.0153818     
0.55573529      7257.3854       7112.2456       5616.4444       2537.0632       -14.362317      -7.1824637      -6.9977134      -8.0364107     
0.55634454      7244.8962       7105.091        5625.3305       2554.0162       -14.327991      -7.1914518      -7.0196973      -8.0480945     
0.55695378      7231.9703       7093.0566       5625.3334       2565.0181       -14.29398       -7.1532567      -6.9845633      -8.004915      
0.55756303      7221.3222       7088.3587       5636.8036       2582.8731       -14.228136      -7.1174841      -6.967911       -7.9784819     
0.55817227      7211.6833       7079.5842       5640.1725       2596.0968       -14.179107      -7.0468208      -6.8798793      -7.8827822     
0.55878151      7193.0389       7066.7665       5645.536        2611.8722       -14.236641      -7.1029542      -6.9195955      -7.8936499     
0.55939076      7177.3068       7051.9356       5644.216        2622.96         -14.13942       -6.9904868      -6.8012019      -7.7698757     
0.56            7152.618        7033.3799       5645.1025       2636.7162       -14.114104      -6.9663868      -6.7843696      -7.7430118     
0.56060606      7139.3697       7020.4934       5644.2456       2647.2164       -14.105596      -6.9048117      -6.7078742      -7.6627729     
0.56121212      7113.4004       6999.7069       5641.618        2658.1709       -14.136787      -6.8756046      -6.6602231      -7.5997608     
0.56181818      7090.8427       6979.7549       5636.5676       2666.9283       -14.191625      -6.859498       -6.6272743      -7.5609476     
0.56242424      7063.259        6956.4927       5631.018        2675.8865       -14.433169      -7.0147832      -6.73743        -7.634172      
0.5630303       7044.8614       6938.5685       5625.4334       2683.2444       -14.391003      -6.917127       -6.6308299      -7.5397481     
0.56363636      7011.4303       6910.3749       5617.0477       2691.6026       -14.458518      -6.9053466      -6.5670805      -7.4421888     
0.56424242      6992.1412       6891.3462       5608.8308       2696.9753       -14.536277      -6.9402599      -6.5885389      -7.4434144     
0.56487273      6953.5302       6856.5963       5594.4356       2701.7359       -14.83076       -7.1823567      -6.785287       -7.6006282     
0.56550303      6927.7451       6832.8534       5584.0801       2706.2671       -14.861772      -7.1793971      -6.7634473      -7.5698525     
0.56613333      6898.922        6806.9209       5574.9111       2713.6028       -14.822755      -7.1146657      -6.6874587      -7.4837201     
0.56673623      6877.446        6788.6136       5569.7408       2721.8421       -14.854579      -7.1229035      -6.6739143      -7.4564997     
0.56733913      6850.1308       6764.7645       5560.3033       2727.7341       -14.884177      -7.1105594      -6.6387334      -7.3962925     
0.56794203      6820.0969       6737.7044       5547.4807       2731.7249       -14.857354      -7.0602742      -6.5822588      -7.3420282     
0.56854493      6794.6644       6709.0616       5535.0869       2736.2069       -14.871229      -7.0351548      -6.5372683      -7.2828224     
0.56914783      6769.2696       6682.6613       5523.0676       2740.5207       -14.816108      -6.9712991      -6.4643588      -7.208007      
0.56975072      6740.1221       6655.4344       5510.0472       2744.5497       -14.823652      -6.9788201      -6.4550929      -7.1881141     
0.57035362      6711.6572       6628.7216       5496.9643       2748.4144       -14.910315      -7.0616622      -6.5199829      -7.2423511     
0.57095652      6684.0447       6602.6391       5484.1501       2752.3433       -14.941346      -7.0830533      -6.5223728      -7.2316592     
0.57155942      6655.4633       6575.5366       5470.2055       2755.6794       -14.913594      -7.0492957      -6.4682968      -7.1575145     
0.57216232      6627.3023       6549.0234       5455.7994       2758.7305       -14.924529      -7.0482882      -6.4420688      -7.1135596     
0.57276522      6597.7273       6520.6765       5439.9124       2760.9171       -14.933033      -7.0518391      -6.4232082      -7.0768418     
0.57336812      6569.2072       6492.9655       5423.7817       2762.8592       -14.978829      -7.087081       -6.433758       -7.0723553     
0.57397101      6540.6487       6465.4873       5407.3229       2763.8495       -15.018972      -7.0976285      -6.423618       -7.0494325     
0.57457391      6511.2457       6437.1206       5390.0292       2764.8908       -15.035207      -7.095578       -6.3946228      -6.9979632     
0.57517681      6483.6952       6409.6027       5372.6421       2765.4883       -14.989144      -7.0283996      -6.302861       -6.8917466     
0.57577971      6455.4416       6381.4524       5354.5801       2765.6471       -15.032202      -7.0591803      -6.3092125      -6.8774489     
0.57638261      6427.2606       6353.489        5336.0418       2765.3615       -15.033974      -7.0516045      -6.2783973      -6.8238599     
0.57698551      6400.0429       6326.1888       5317.6009       2764.8574       -15.045727      -7.0546823      -6.2532516      -6.7739446     
0.57758841      6371.5378       6297.8084       5298.2107       2763.7194       -15.087258      -7.0957126      -6.2694339      -6.7633178     
0.5781913       6344.8484       6270.8047       5279.09         2762.4512       -15.161201      -7.1675499      -6.3129504      -6.7802847     
0.5787942       6316.1978       6241.9543       5258.5548       2760.5277       -15.40081       -7.4038539      -6.5150719      -6.9464596     
0.5793971       6290.0912       6215.7701       5239.7309       2758.9936       -15.454006      -7.4251035      -6.5177484      -6.9306937     
0.58            6265.9259       6190.8861       5220.8546       2756.8299       -15.4408        -7.4195894      -6.488846       -6.8790204     
0.58060606      6236.3008       6160.745        5198.5022       2753.4808       -15.472557      -7.4588096      -6.5128885      -6.8810268     
0.58121212      6211.1873       6135.1963       5179.0703       2750.5526       -15.501804      -7.4809827      -6.5098261      -6.8514062     
0.58181818      6184.3113       6107.5076       5157.7951       2747.5873       -15.512427      -7.507927       -6.5190274      -6.8309062     
0.58242424      6160.2307       6082.723        5138.2042       2744.2733       -15.44114       -7.4352614      -6.429678       -6.7249728     
0.5830303       6134.1061       6055.9155       5117.1283       2740.8208       -15.51718       -7.4935836      -6.4686388      -6.7390432     
0.58363636      6110.7066       6031.6948       5097.5702       2737.0162       -15.575218      -7.5467441      -6.5003459      -6.748355      
0.58424242      6085.4652       6005.4326       5076.4356       2733.3449       -15.611467      -7.611576       -6.5491329      -6.7667469     
0.58484848      6062.5906       5981.6871       5056.901        2729.2675       -15.606087      -7.6135642      -6.5383526      -6.7398497     
0.58545455      6037.9138       5955.9408       5035.8389       2725.2585       -15.649574      -7.6860386      -6.5886087      -6.7535192     
0.58606061      6015.9221       5933.0799       5016.7789       2720.946        -15.708923      -7.750424       -6.6296112      -6.762394      
0.58666667      5992.2614       5908.2766       4996.18         2716.6495       -15.751771      -7.8287965      -6.6857388      -6.7784421     
0.58727273      5971.0614       5886.1113       4977.1722       2711.9959       -15.814776      -7.906089       -6.7339218      -6.7876265     
0.58787879      5948.7079       5862.2133       4956.758        2707.3671       -15.969603      -8.1002702      -6.8958669      -6.8972848     
0.58848485      5927.8957       5840.3481       4937.7458       2702.5351       -16.013242      -8.1699849      -6.9462323      -6.9190924     
0.58909091      5906.8438       5818.0585       4918.2909       2697.501        -16.014924      -8.2155764      -6.9746123      -6.9153818     
0.58969697      5886.2415       5796.2621       4899.1431       2692.3522       -16.022209      -8.2670827      -7.0087656      -6.9160048     
0.59030303      5866.4874       5775.0639       4880.4131       2687.3227       -15.998043      -8.2914348      -7.0218668      -6.9005695     
0.59090909      5846.6582       5754.1288       4862.0992       2682.1227       -16.065988      -8.4095652      -7.1244957      -6.9727761     
0.59151515      5827.5069       5733.9293       4843.795        2676.96         -16.128468      -8.5239515      -7.2218449      -7.0342825     
0.59212121      5809.1521       5714.3201       4826.0306       2671.7006       -16.10163       -8.5560887      -7.2464409      -7.0341147     
0.59272727      5791.0875       5694.9698       4808.2781       2666.3552       -16.063559      -8.5817267      -7.2654658      -7.0262895     
0.59333333      5773.5036       5676.1523       4790.9202       2660.9365       -16.064489      -8.6474538      -7.3228946      -7.0538454     
0.59393939      5756.3116       5657.8154       4773.9089       2655.5019       -16.079023      -8.726465       -7.3957408      -7.1003461     
0.59454545      5739.4842       5639.7767       4757.0917       2650.0322       -16.104165      -8.817785       -7.4833915      -7.1597828     
0.59515152      5723.1541       5622.2006       4740.6634       2644.5978       -16.089996      -8.8717561      -7.5390881      -7.1939728     
0.59575758      5707.5677       5605.2738       4724.554        2639.1527       -16.038446      -8.8927288      -7.5682299      -7.208729      
0.59636364      5692.2553       5588.7269       4708.7663       2633.7041       -16.002329      -8.9273825      -7.6091122      -7.2324306     
0.5969697       5677.4321       5572.6877       4693.3361       2628.2308       -15.985835      -8.9800449      -7.6675478      -7.2715389     
0.59757576      5663.0532       5557.0914       4678.2296       2622.8119       -15.922824      -8.9880579      -7.6890201      -7.282571      
0.59818182      5649.1215       5542.0422       4663.6401       2617.4514       -15.836816      -8.9751534      -7.6966747      -7.2868548     
0.59878788      5635.4766       5527.1429       4648.606        2612.0043       -15.814849      -9.0222202      -7.7505665      -7.3309107     
0.59939394      5622.2295       5512.7705       4634.5452       2606.6059       -15.752855      -9.0263985      -7.7606277      -7.3330135     
0.6             5609.412        5498.8365       4620.8064       2601.2417       -15.669693      -9.0091039      -7.7493088      -7.3121404     
0.60064516      5590.6054       5478.2305       4601.1598       2591.5474       -15.602464      -8.9877376      -7.7373267      -7.297056      
0.60129032      5577.1214       5463.6548       4586.8405       2585.9804       -15.444193      -8.9204694      -7.6861138      -7.2420565     
0.60193548      5567.7073       5453.2177       4576.064        2582.1383       -15.296415      -8.8515188      -7.6478457      -7.2125012     
0.60258065      5556.9949       5441.4827       4563.9356       2577.4767       -15.218846      -8.8490036      -7.6730456      -7.243448      
0.60322581      5546.5311       5430.0442       4552.3311       2572.6929       -15.084023      -8.785091       -7.6382905      -7.2194519     
0.60387097      5536.6266       5419.1426       4541.0966       2567.9607       -14.896954      -8.6699594      -7.5526955      -7.1451535     
0.60454301      5522.978        5404.0541       4526.1349       2560.4137       -14.788639      -8.6138264      -7.5264536      -7.1281794     
0.60521505      5512.088        5392.2866       4514.2377       2555.2633       -14.778816      -8.685182       -7.6204126      -7.2241532     
0.6058871       5504.2224       5383.5859       4504.9296       2551.4959       -14.65499       -8.6276716      -7.5887786      -7.2035447     
0.60655914      5494.9319       5373.5015       4494.5172       2546.9295       -14.476676      -8.5164764      -7.5061463      -7.1332862     
0.60723118      5486.1525       5363.8961       4484.5189       2542.433        -14.276113      -8.3778188      -7.3948893      -7.031944      
0.60790323      5477.1417       5354.1567       4474.4682       2537.7846       -14.198617      -8.3489419      -7.3866176      -7.029318      
0.60857527      5468.2604       5344.5625       4464.6108       2533.178        -14.08558       -8.291211       -7.3500663      -6.9980467     
0.60924731      5459.8097       5335.422        4455.0988       2528.8278       -14.021389      -8.2794801      -7.3492411      -6.9868893     
0.60991935      5451.0693       5326.0592       4445.5515       2524.1732       -13.94562       -8.2533029      -7.336879       -6.9696746     
0.6105914       5442.3511       5316.7545       4436.1033       2519.6132       -13.796268      -8.1575011      -7.267551       -6.910794      
0.61126344      5433.8722       5307.7686       4426.9764       2515.0846       -13.70004       -8.0893404      -7.2183548      -6.8692992     
0.61193548      5425.4103       5298.8138       4417.9372       2510.6285       -13.693372      -8.0792628      -7.2208057      -6.8755945     
0.61260753      5417.0188       5290.0286       4409.14         2506.4764       -13.634387      -8.0480536      -7.2083643      -6.8767764     
0.61327957      5409.1071       5281.7762       4400.9044       2502.1836       -13.640143      -8.0402732      -7.2094784      -6.8822895     
0.61395161      5401.0596       5273.4696       4392.7073       2498.0532       -13.516097      -7.9017741      -7.081175       -6.7630804     
0.61462366      5393.1322       5265.3479       4384.6966       2493.8491       -13.568579      -7.9206239      -7.10452        -6.792194      
0.6152957       5384.8754       5257.0701       4376.656        2489.7414       -13.592445      -7.9312002      -7.1135935      -6.7979068     
0.61596774      5377.2579       5249.0741       4368.9129       2485.7279       -13.447317      -7.7924577      -6.9841589      -6.6799606     
0.61663978      5369.7176       5241.1699       4361.3591       2481.7642       -13.403142      -7.7620425      -6.9592786      -6.6620024     
0.61731183      5361.8525       5233.1981       4353.8597       2477.816        -13.341371      -7.7225156      -6.9238296      -6.6250671     
0.61798387      5354.0066       5225.3646       4346.6477       2474.238        -13.268596      -7.6790645      -6.8860765      -6.5898584     
0.61865591      5346.108        5217.4288       4339.309        2470.1162       -13.199646      -7.6445356      -6.858022       -6.5621975     
0.61932796      5338.3815       5209.6878       4332.2402       2466.7768       -13.16548       -7.6483519      -6.8671656      -6.5677456     
0.62            5330.3576       5201.7033       4325.1257       2463.3111       -13.117858      -7.6383942      -6.8695733      -6.5732847     
0.62068966      5320.0245       5191.055        4315.7478       2458.2696       -13.06586       -7.6206686      -6.8763717      -6.6060347     
0.62140485      5308.1748       5178.9972       4305.1103       2452.3522       -12.951419      -7.540491       -6.8145031      -6.5574158     
0.62212005      5299.0297       5171.3396       4298.3162       2449.2039       -12.781559      -7.4222316      -6.7185667      -6.4787855     
0.62283525      5291.6607       5164.5003       4292.4277       2446.7433       -12.622709      -7.3027792      -6.6139258      -6.3843916     
0.62355045      5283.7654       5156.9166       4285.9168       2443.75         -12.529756      -7.2461213      -6.5679685      -6.3467263     
0.62426564      5275.4164       5148.9136       4279.0724       2440.4544       -12.528312      -7.274672       -6.6022925      -6.3826564     
0.62498084      5266.6158       5140.4079       4271.8276       2436.8524       -12.527745      -7.2970173      -6.6229975      -6.4024141     
0.62569604      5257.7551       5131.9342       4264.6314       2433.2398       -12.499425      -7.2949983      -6.6289837      -6.4179521     
0.62641124      5249.1816       5123.3721       4257.4053       2429.6207       -12.433199      -7.2541933      -6.5954675      -6.3899195     
0.62712644      5239.8288       5114.4161       4249.9241       2425.8935       -12.255749      -7.101365       -6.4516687      -6.2620183     
0.62784163      5230.9336       5105.7044       4242.6107       2422.1263       -12.219886      -7.0836527      -6.4264619      -6.2376499     
0.62855683      5221.1293       5096.4538       4234.966        2418.2264       -12.255583      -7.135437       -6.4742743      -6.2860636     
0.62927203      5211.5261       5087.3659       4227.4452       2414.3204       -12.214615      -7.1039784      -6.4285818      -6.2415394     
0.62998723      5201.8099       5078.1207       4219.8657       2410.4446       -12.056311      -6.9578913      -6.2789711      -6.0970975     
0.63070243      5192.0049       5068.7968       4212.1986       2406.4097       -12.058094      -6.97344        -6.2911578      -6.1124125     
0.63141762      5181.93         5059.1919       4204.343        2402.2657       -12.075541      -7.0026709      -6.3127798      -6.1365375     
0.63213282      5171.8108       5049.5717       4196.5084       2398.1017       -12.083703      -7.0149813      -6.3067005      -6.1193652     
0.63284802      5161.754        5040.0009       4188.7368       2393.9883       -12.01545       -6.9512383      -6.2272572      -6.0350142     
0.63356322      5151.6844       5030.4419       4180.9951       2389.8662       -11.981036      -6.9256855      -6.1966159      -6.0077326     
0.63427842      5141.2008       5020.5068       4173.0033       2385.6177       -11.959999      -6.9173156      -6.187041       -6.00508       
0.63499361      5130.7479       5010.5792       4165.0333       2381.4005       -11.849391      -6.820251       -6.0891863      -5.9105044     
0.63570881      5120.4369       5000.807        4157.2198       2377.2406       -11.795768      -6.7784097      -6.0433947      -5.8663125     
0.63642401      5109.6868       4990.6216       4149.113        2372.9685       -11.747717      -6.7439228      -6.0105277      -5.8426862     
0.63713921      5099.226        4980.6995       4141.2057       2368.7611       -11.684826      -6.6918749      -5.9579474      -5.7982495     
0.63785441      5088.3299       4970.3637       4132.9887       2364.382        -11.750692      -6.7687432      -6.0283628      -5.8635055     
0.6385696       5077.5787       4960.152        4124.877        2360.0775       -11.724044      -6.7534801      -6.0080169      -5.8425136     
0.6392848       5066.6012       4949.7306       4116.6148       2355.7224       -11.641283      -6.6875717      -5.9481512      -5.7987613     
0.64            5055.7712       4939.4396       4108.4711       2351.4584       -11.510055      -6.5700768      -5.830716       -5.6901517     
0.64074074      5041.9363       4925.7795       4097.301        2344.8244       -11.502437      -6.5648135      -5.8194403      -5.6783777     
0.64148148      5030.1591       4914.6451       4088.5781       2340.3414       -11.493414      -6.5732209      -5.82511        -5.690673      
0.64222222      5019.8695       4904.9221       4080.9924       2336.496        -11.501795      -6.5912549      -5.8371992      -5.7045036     
0.64296296      5008.9066       4894.5273       4072.8311       2332.3057       -11.46393       -6.5678792      -5.8073022      -5.6745922     
0.6437037       4997.8992       4884.0496       4064.5874       2328.0493       -11.404283      -6.5223965      -5.757907       -5.629351      
0.64444444      4986.8907       4873.5294       4056.2741       2323.7159       -11.371464      -6.5023184      -5.7282151      -5.5977929     
0.64518519      4975.6621       4862.7805       4047.7904       2319.3182       -11.275713      -6.4220103      -5.6433909      -5.5190881     
0.64592593      4964.5584       4852.1202       4039.3493       2314.9056       -11.25027       -6.408918       -5.6174499      -5.4870876     
0.64666667      4953.2627       4841.2615       4030.7452       2310.4259       -11.207404      -6.383306       -5.5876155      -5.4619146     
0.64740741      4942.2207       4830.6171       4022.294        2306.014        -11.232301      -6.423005       -5.6151889      -5.4817379     
0.64814815      4931.1385       4819.9074       4013.7737       2301.5569       -11.274463      -6.4805386      -5.6620507      -5.5250063     
0.64888889      4920.0771       4809.2209       4005.2781       2297.1598       -11.212569      -6.437168       -5.6130048      -5.4787978     
0.64962963      4909.1142       4798.6058       3996.8196       2292.8027       -11.101073      -6.3461948      -5.5178733      -5.3864622     
0.65037037      4898.3857       4788.1869       3988.4711       2288.4634       -11.100486      -6.3629772      -5.5248117      -5.3891816     
0.65111111      4887.4781       4777.5609       3979.9632       2284.0396       -11.129384      -6.4099052      -5.5620912      -5.4200227     
0.65185185      4876.8046       4767.1468       3971.5951       2279.7055       -11.162266      -6.4612802      -5.6054885      -5.4612067     
0.65259259      4866.3731       4756.9263       3963.3683       2275.4753       -11.152111      -6.47047        -5.6085257      -5.4637253     
0.65333333      4855.838        4746.6262       3955.0752       2271.2435       -11.084381      -6.4241566      -5.5585         -5.4155891     
0.65407407      4845.4996       4736.4854       3946.8801       2267.0574       -11.045469      -6.406082       -5.5329382      -5.3882761     
0.65481481      4835.3214       4726.488        3938.7857       2262.9348       -11.010707      -6.391827       -5.5119969      -5.364897      
0.65555556      4825.1904       4716.5264       3930.7039       2258.8303       -10.968968      -6.3715692      -5.4884337      -5.342587      
0.6562963       4815.1628       4706.6572       3922.6805       2254.7486       -10.927497      -6.3507379      -5.4626204      -5.3158825     
0.65703704      4805.3017       4696.9204       3914.7435       2250.7266       -10.89152       -6.3361517      -5.442093       -5.2908376     
0.65777778      4795.5234       4687.2492       3906.8452       2246.7276       -10.856245      -6.3224516      -5.4222223      -5.2665934     
0.65851852      4785.9481       4677.7556       3899.0608       2242.7896       -10.820642      -6.3083807      -5.4047986      -5.2463346     
0.65925926      4776.5664       4668.4286       3891.3846       2238.889        -10.846983      -6.3573336      -5.4523966      -5.2930106     
0.66            4767.2619       4659.1563       3883.7343       2235.0083       -10.857389      -6.3901916      -5.4836833      -5.3238357     
0.66076923      4755.2792       4646.8106       3873.2725       2228.9119       -10.793529      -6.3463804      -5.4447652      -5.2877606     
0.66153846      4745.7366       4637.3594       3865.5248       2225.1387       -10.732965      -6.3108436      -5.4090094      -5.2507049     
0.66230769      4737.6024       4629.2861       3858.8788       2221.9952       -10.659119      -6.2622452      -5.3594714      -5.1986277     
0.66307692      4729.2382       4620.9365       3851.9385       2218.6133       -10.617187      -6.2441313      -5.3412624      -5.1812496     
0.66384615      4720.7813       4612.4731       3844.8825       2215.1325       -10.586387      -6.2369322      -5.3336631      -5.1722747     
0.66461538      4712.5124       4604.1519       3837.8953       2211.6419       -10.559713      -6.2332625      -5.3288546      -5.1652756     
0.66538462      4704.3387       4595.9087       3830.9513       2208.1569       -10.506215      -6.2024905      -5.2970015      -5.1306934     
0.66615385      4696.3318       4587.8021       3824.1019       2204.7189       -10.435538      -6.1556603      -5.2515981      -5.0852268     
0.66692308      4688.5233       4579.8974       3817.418        2201.3605       -10.375866      -6.1193758      -5.2175837      -5.0525806     
0.66769231      4680.7605       4572.0171       3810.7259       2197.9755       -10.335752      -6.1031977      -5.2046541      -5.0416713     
0.66846154      4673.1843       4564.3059       3804.1623       2194.6342       -10.338095      -6.128867       -5.2336444      -5.0740249     
0.66923077      4665.7156       4556.7085       3797.6878       2191.3478       -10.325963      -6.1385006      -5.2436552      -5.0817093     
0.67            4658.5675       4549.399        3791.4292       2188.1772       -10.277874      -6.1131396      -5.2209862      -5.0593048     
0.67076923      4651.5141       4542.178        3785.2421       2185.0375       -10.235722      -6.0940101      -5.2043906      -5.0417051     
0.67153846      4644.8034       4535.3074       3779.3417       2182.0326       -10.206407      -6.0862337      -5.1982647      -5.0339906     
0.67230769      4638.1962       4528.5178       3773.4979       2179.0571       -10.153176      -6.0559388      -5.1737491      -5.014555      
0.67307692      4631.8665       4522.013        3767.8906       2176.2073       -10.087328      -6.0122469      -5.1357616      -4.9807589     
0.67384615      4625.6818       4515.6376       3762.3766       2173.3993       -10.023508      -5.9704355      -5.1000898      -4.9492058     
0.67461538      4619.725        4509.4917       3757.0516       2170.683        -9.9733834      -5.9413216      -5.0769634      -4.9299214     
0.67538462      4613.9289       4503.4988       3751.8478       2168.0222       -9.9274673      -5.9153791      -5.0567652      -4.9133918     
0.67615385      4608.2452       4497.6216       3746.7494       2165.4128       -9.8653103      -5.8712267      -5.0170306      -4.8775812     
0.67692308      4602.8287       4491.9796       3741.8239       2162.8757       -9.8196873      -5.8450321      -4.9974693      -4.8647991     
0.67769231      4597.465        4486.4241       3736.9987       2160.3952       -9.766379       -5.8088053      -4.9641         -4.8307407     
0.67846154      4592.39         4481.1253       3732.3918       2158.0304       -9.7030197      -5.7645531      -4.92759        -4.8023065     
0.67923077      4587.4353       4475.9839       3727.9277       2155.721        -9.6767675      -5.7552019      -4.922555       -4.7988932     
0.68            4582.5434       4470.9126       3723.5439       2153.4719       -9.601603       -5.6975596      -4.8723838      -4.7563934     
0.6808          4575.1491       4462.9573       3716.5039       2149.0163       -9.5616215      -5.6697961      -4.8537557      -4.7402986     
0.6816          4569.9954       4457.7168       3712.0562       2146.8294       -9.5727086      -5.6980523      -4.8844587      -4.7713065     
0.6824          4566.3313       4453.9391       3708.8215       2145.3332       -9.5643722      -5.7077998      -4.8984265      -4.7883923     
0.6832          4562.1855       4449.6946       3705.21         2143.6026       -9.4901816      -5.6503601      -4.8465255      -4.7407661     
0.684           4558.2263       4445.6139       3701.7224       2141.9014       -9.3857879      -5.5632622      -4.766092       -4.6643348     
0.6848          4554.2089       4441.4716       3698.1819       2140.1533       -9.2447883      -5.4378392      -4.6485103      -4.5551933     
0.6856          4550.3088       4437.4425       3694.7471       2138.4316       -9.2121806      -5.4194833      -4.6359718      -4.5461626     
0.6864          4546.2298       4433.266        3691.2107       2136.646        -9.1346926      -5.3558225      -4.5771993      -4.4907724     
0.6872          4542.3868       4429.309        3687.8724       2134.9744       -9.0874401      -5.3236654      -4.5519307      -4.471712      
0.688           4538.5358       4425.3714       3684.5815       2133.3478       -8.9651116      -5.214887       -4.4477911      -4.3707793     
0.6888          4534.8433       4421.5795       3681.4225       2131.7808       -8.8931133      -5.1570069      -4.3964068      -4.3265339     
0.6896          4530.8961       4417.5776       3678.1386       2130.1727       -8.8116035      -5.0902153      -4.3371843      -4.2757472     
0.6904          4527.3151       4413.9295       3675.1393       2128.6845       -8.7955678      -5.0867136      -4.3374884      -4.2791953     
0.6912          4523.3887       4409.9756       3671.9413       2127.1325       -8.7806842      -5.0838247      -4.3383669      -4.2833986     
0.692           4519.7653       4406.3122       3668.9882       2125.6844       -8.8182677      -5.1337345      -4.3917901      -4.3381039     
0.6928          4515.9351       4402.4745       3665.9282       2124.2179       -8.7925366      -5.1181545      -4.3786112      -4.329124      
0.6936          4512.06         4398.6114       3662.8824       2122.7929       -8.7013461      -5.0397477      -4.3065039      -4.2649019     
0.6944          4508.3888       4394.9392       3659.995        2121.4351       -8.6544001      -5.0030921      -4.2723687      -4.2337349     
0.6952          4504.5245       4391.1063       3657.0068       2120.0282       -8.6226684      -4.9807243      -4.2501328      -4.2114861     
0.696           4500.7671       4387.383        3654.1369       2118.6955       -8.5579187      -4.9265615      -4.1990219      -4.1652363     
0.6968          4496.9879       4383.6503       3651.2795       2117.3751       -8.4821346      -4.8593767      -4.1312657      -4.0975509     
0.6976          4493.2957       4380.0067       3648.5185       2116.099        -8.4534824      -4.8402849      -4.1145356      -4.0858646     
0.6984          4489.3574       4376.1435       3645.6173       2114.76         -8.4656917      -4.8599254      -4.1320238      -4.101681      
0.6992          4485.5928       4372.4472       3642.8443       2113.5084       -8.4626303      -4.8650023      -4.1371591      -4.1095253     
0.7             4481.732        4368.6684       3640.0321       2112.2524       -8.472299       -4.8825743      -4.153842       -4.1269446     
0.70083333      4475.298        4361.9124       3634.4928       2108.7384       -8.4816382      -4.8893739      -4.1618291      -4.1373397     
0.70166667      4471.0079       4357.8037       3631.5298       2107.547        -8.4809105      -4.8966171      -4.1664011      -4.1412204     
0.7025          4467.825        4354.8013       3629.5278       2106.9659       -8.4665832      -4.8918267      -4.1597309      -4.135677      
0.70333333      4464.1268       4351.2786       3627.0455       2106.0373       -8.4875827      -4.9205871      -4.185887       -4.1614821     
0.70416667      4460.3082       4347.6157       3624.4433       2105.0022       -8.5395409      -4.9787748      -4.2393403      -4.2125027     
0.705           4456.3405       4343.7966       3621.7215       2103.8837       -8.5759268      -5.0212599      -4.2780762      -4.2510908     
0.70583333      4452.0891       4339.7176       3618.8264       2102.6914       -8.567026       -5.0184959      -4.2721382      -4.2452664     
0.70666667      4447.8297       4335.6213       3615.9066       2101.5003       -8.5568493      -5.0150804      -4.2654096      -4.2389583     
0.7075          4443.5619       4331.5122       3612.9858       2100.3204       -8.5498904      -5.014348       -4.2606944      -4.2338385     
0.70833333      4439.2327       4327.3433       3610.0246       2099.1252       -8.5535754      -5.0246613      -4.2676211      -4.2419511     
0.70916667      4434.9001       4323.1708       3607.0636       2097.935        -8.5499607      -5.0268851      -4.2642831      -4.2364619     
0.71            4430.4401       4318.8789       3604.029        2096.7253       -8.5597116      -5.0433168      -4.27588        -4.2469388     
0.71083333      4425.9885       4314.5872       3600.9439       2095.4866       -8.5958178      -5.0859891      -4.3131324      -4.2822278     
0.71166667      4421.54         4310.297        3597.9074       2094.27         -8.6358619      -5.1317275      -4.3521431      -4.31801       
0.7125          4416.9905       4305.9145       3594.806        2093.0361       -8.6548813      -5.1572271      -4.3713758      -4.3344405     
0.71333333      4412.4065       4301.4924       3591.6791       2091.8065       -8.6418508      -5.1510353      -4.359058       -4.3198498     
0.71416667      4407.7709       4297.027        3588.5341       2090.6053       -8.6050148      -5.1218524      -4.3248676      -4.2839091     
0.715           4403.1815       4292.5997       3585.4159       2089.4097       -8.5711521      -5.0960881      -4.2948101      -4.2530288     
0.71583333      4398.5691       4288.1522       3582.282        2088.2178       -8.5442924      -5.0763021      -4.2696448      -4.2258515     
0.71666667      4393.927        4283.673        3579.1306       2087.0184       -8.5169618      -5.0556285      -4.2432803      -4.1964389     
0.7175          4389.2378       4279.1555       3575.9459       2085.8066       -8.5001796      -5.0454071      -4.2273396      -4.1764663     
0.71833333      4384.5183       4274.5841       3572.7149       2084.5686       -8.4947206      -5.0457797      -4.2220207      -4.1674402     
0.71916667      4379.815        4270.0342       3569.4999       2083.3521       -8.4963927      -5.0528428      -4.2237913      -4.1666656     
0.72            4375.0653       4265.4326       3566.2454       2082.1205       -8.4944227      -5.0557142      -4.221131       -4.1612549     
0.72083333      4370.2757       4260.7965       3562.9699       2080.9051       -8.4495557      -5.014935       -4.1744789      -4.1118438     
0.72166667      4365.6603       4256.3122       3559.8038       2079.736        -8.4270831      -4.9976307      -4.1532207      -4.0885733     
0.7225          4360.779        4251.5831       3556.455        2078.493        -8.3965838      -4.9709232      -4.1219029      -4.0558289     
0.72333333      4356.2063       4247.1318       3553.3152       2077.3839       -8.3023338      -4.8804786      -4.0269857      -3.9585853     
0.72416667      4351.5184       4242.5681       3550.0753       2076.2121       -8.293021       -4.8737526      -4.01406        -3.9409241     
0.725           4346.807        4237.9833       3546.8316       2075.0593       -8.2138606      -4.7972932      -3.9331579      -3.8593394     
0.72583333      4342.2741       4233.5539       3543.6886       2073.9356       -8.1925131      -4.7795197      -3.9122772      -3.8376292     
0.72666667      4337.518        4228.9241       3540.4067       2072.7822       -8.1137909      -4.7026666      -3.8304025      -3.753009      
0.7275          4333.1261       4224.6183       3537.3512       2071.7177       -8.0989487      -4.6913217      -3.817069       -3.7390947     
0.72833333      4328.5248       4220.1195       3534.1518       2070.601        -8.0893792      -4.6827826      -3.8039744      -3.7231976     
0.72916667      4324.0709       4215.7282       3531.013        2069.5069       -8.0944396      -4.6903369      -3.8096463      -3.7287133     
0.73            4319.6176       4211.3564       3527.8959       2068.42         -8.1107896      -4.7079826      -3.8237585      -3.7399607     
0.73083333      4315.257        4207.0396       3524.8095       2067.3468       -8.1475909      -4.7449572      -3.8549586      -3.7643343     
0.73166667      4310.9231       4202.7582       3521.7542       2066.2963       -8.1636366      -4.762108       -3.8690514      -3.7758223     
0.7325          4306.6471       4198.5339       3518.7444       2065.2816       -8.1736436      -4.7727317      -3.8758522      -3.7785897     
0.73333333      4302.4111       4194.3515       3515.7763       2064.3193       -8.1307252      -4.7314559      -3.8340407      -3.7386965     
0.73416667      4298.3011       4190.2838       3512.8941       2063.3977       -8.0780134      -4.6803248      -3.782186       -3.687567      
0.735           4294.2232       4186.2457       3510.0257       2062.4677       -8.0630121      -4.6668679      -3.7680609      -3.6732614     
0.73583333      4290.1142       4182.1765       3507.1313       2061.5257       -8.0624079      -4.6667139      -3.7657653      -3.6687653     
0.73666667      4286.1625       4178.2543       3504.3514       2060.6471       -8.0509735      -4.6555055      -3.7522578      -3.6526731     
0.7375          4282.2126       4174.328        3501.5688       2059.7405       -8.0370682      -4.6426058      -3.7387817      -3.6391593     
0.73833333      4278.3108       4170.4489       3498.8249       2058.8924       -8.0392862      -4.6452683      -3.7396658      -3.6375848     
0.73916667      4274.4873       4166.6455       3496.1389       2058.0808       -8.0261132      -4.6331312      -3.7279791      -3.6275673     
0.74            4270.729        4162.903        3493.505        2057.3038       -8.0291608      -4.6368371      -3.7313427      -3.6309938     
0.74083333      4267.1128       4159.2955       3490.9578       2056.5555       -8.0360932      -4.644663       -3.7383844      -3.6370412     
0.74166667      4263.4357       4155.6338       3488.3913       2055.8178       -8.0428555      -4.6514192      -3.744274       -3.6425129     
0.7425          4259.9222       4152.1268       3485.9266       2055.1305       -8.0465525      -4.6555787      -3.7471337      -3.6434667     
0.74333333      4256.4184       4148.6363       3483.4969       2054.4814       -8.0323592      -4.641809       -3.7330013      -3.6292894     
0.74416667      4252.9923       4145.225        3481.1188       2053.8618       -8.0275056      -4.6386192      -3.7299229      -3.6261821     
0.745           4249.6141       4141.8614       3478.7921       2053.2763       -8.0296434      -4.6418351      -3.7328009      -3.6290829     
0.74583333      4246.3815       4138.5905       3476.5371       2052.7344       -8.0232717      -4.6370448      -3.7272402      -3.6222519     
0.74666667      4243.1521       4135.3181       3474.2904       2052.2057       -8.0175594      -4.6335961      -3.7242731      -3.6197728     
0.7475          4240.1137       4132.1193       3472.0951       2051.691        -8.0315416      -4.6509269      -3.7425037      -3.6383701     
0.74833333      4236.94         4128.9149       3469.9088       2051.1928       -8.0592422      -4.6808712      -3.772278       -3.6675559     
0.74916667      4233.8306       4125.7553       3467.754        2050.7057       -8.090676       -4.7150994      -3.8064948      -3.7016017     
0.75            4230.8387       4122.6848       3465.6791       2050.2678       -8.1152903      -4.742225       -3.8334303      -3.7277961     
0.75083333      4227.8369       4119.5629       3463.573        2049.8118       -8.1551539      -4.7849428      -3.8765791      -3.7716263     
0.75166667      4225.0003       4116.6123       3461.5883       2049.4211       -8.1798057      -4.8124037      -3.9043174      -3.7993014     
0.7525          4222.0428       4113.6841       3459.6206       2049.0466       -8.2074163      -4.8426981      -3.9338253      -3.8272959     
0.75333333      4219.1976       4110.8638       3457.7395       2048.7232       -8.2212855      -4.8594661      -3.9499483      -3.8416273     
0.75416667      4216.3819       4108.0445       3455.8717       2048.4165       -8.2184601      -4.8593339      -3.9502203      -3.8419261     
0.755           4213.6168       4105.2793       3454.055        2048.1388       -8.2289193      -4.8724783      -3.9636555      -3.8551083     
0.75583333      4210.8944       4102.556        3452.278        2047.8829       -8.2366149      -4.8824504      -3.9744711      -3.8669716     
0.75666667      4208.2643       4099.9183       3450.5773       2047.6769       -8.219903       -4.8677508      -3.9597367      -3.8517124     
0.7575          4205.7701       4097.4056       3448.9719       2047.5224       -8.2027263      -4.8529207      -3.9432533      -3.8330442     
0.75833333      4203.3576       4094.9728       3447.432        2047.4042       -8.1838348      -4.8357         -3.9265772      -3.8168969     
0.75916667      4200.8957       4092.5014       3445.8692       2047.2787       -8.1720927      -4.8256618      -3.9177477      -3.809833      
0.76            4198.4212       4090.03         3444.3087       2047.1553       -8.1834228      -4.8380056      -3.9296033      -3.8218183     
0.76086957      4193.7413       4084.9075       3440.2531       2044.8817       -8.1960786      -4.8337276      -3.9278937      -3.8214974     
0.76173913      4190.9755       4082.2672       3438.6559       2044.9023       -8.1947634      -4.83332        -3.9272868      -3.8209941     
0.7626087       4189.4538       4080.8958       3438.0971       2045.5487       -8.1795903      -4.8217109      -3.91472        -3.807906      
0.76347826      4187.4924       4078.9934       3437.1002       2045.8966       -8.1627179      -4.8069423      -3.9000224      -3.7934786     
0.76434783      4185.6504       4076.8626       3436.0073       2046.149        -8.1592134      -4.8044175      -3.8976728      -3.7914867     
0.76521739      4183.733        4074.6141       3434.8194       2046.3224       -8.1501283      -4.7956649      -3.888754       -3.782858      
0.76608696      4181.682        4072.5086       3433.6348       2046.475        -8.1364741      -4.7821114      -3.8744673      -3.7683329     
0.76695652      4179.5249       4070.3776       3432.4321       2046.6336       -8.114457       -4.759876       -3.8519193      -3.7465578     
0.76782609      4177.4337       4068.3026       3431.2274       2046.7689       -8.1076491      -4.754484       -3.8478151      -3.7446705     
0.76869565      4175.292        4066.1893       3430.0469       2046.9402       -8.1066932      -4.7530292      -3.8453773      -3.742946      
0.76956522      4173.2351       4064.1529       3428.9259       2047.1437       -8.0823641      -4.7294798      -3.8226321      -3.722645      
0.77043478      4171.2126       4062.1394       3427.819        2047.3551       -8.0713436      -4.7196006      -3.8129154      -3.7139943     
0.77130435      4169.1957       4060.1286       3426.7352       2047.5882       -8.0610181      -4.7096825      -3.8024286      -3.7041821     
0.77217391      4167.217        4058.1456       3425.6712       2047.8365       -8.0505399      -4.699984       -3.7925419      -3.6955375     
0.77304348      4165.2445       4056.1673       3424.6263       2048.1044       -8.0328265      -4.6829837      -3.7754957      -3.680663      
0.77391304      4163.3296       4054.2387       3423.6168       2048.3965       -8.0139381      -4.6649968      -3.757829       -3.6654853     
0.77478261      4161.4556       4052.3473       3422.6431       2048.7174       -8.0021731      -4.6539041      -3.7459657      -3.6541958     
0.77565217      4159.5741       4050.452        3421.6844       2049.0496       -7.9961642      -4.6483678      -3.7386295      -3.6465334     
0.77652174      4157.7441       4048.6059       3420.7557       2049.4039       -7.9980414      -4.650831       -3.7396705      -3.6468443     
0.7773913       4155.9131       4046.7591       3419.839        2049.7789       -7.9940828      -4.6474478      -3.7351052      -3.6426184     
0.77826087      4154.0811       4044.916        3418.9331       2050.1712       -7.9777969      -4.6321553      -3.7191301      -3.6273983     
0.77913043      4152.3051       4043.1213       3418.0657       2050.583        -7.969919       -4.625028       -3.7108387      -3.6195392     
0.78            4150.6141       4041.4          3417.2618       2051.0325       -7.9762106      -4.6322143      -3.7169632      -3.6262786     
0.78086957      4149.0375       4039.7869       3416.5547       2051.5504       -7.975368       -4.631865       -3.7147513      -3.6237697     
0.78173913      4147.4658       4038.1863       3415.8663       2052.1016       -7.9540019      -4.6107321      -3.6913038      -3.5994636     
0.7826087       4145.844        4036.5477       3415.1445       2052.6737       -7.8834599      -4.5412397      -3.62078        -3.5292746     
0.78347826      4144.2827       4034.9636       3414.4868       2053.253        -7.8857581      -4.5445143      -3.6195875      -3.5247979     
0.78434783      4142.8143       4033.4632       3413.9009       2053.8822       -7.8860691      -4.5448764      -3.6183499      -3.5237507     
0.78521739      4141.4137       4032.0274       3413.3794       2054.5564       -7.8678523      -4.52714        -3.5981555      -3.502139      
0.78608696      4140.0469       4030.6252       3412.889        2055.2582       -7.8412075      -4.5010328      -3.5710965      -3.4757227     
0.78695652      4138.7122       4029.2548       3412.435        2055.9904       -7.8218757      -4.48191        -3.5503954      -3.4554048     
0.78782609      4137.4384       4027.9365       3412.0107       2056.7493       -7.8166301      -4.477122       -3.5444301      -3.4496902     
0.78869565      4136.1868       4026.6435       3411.6362       2057.5547       -7.8119345      -4.4707158      -3.5345468      -3.4380245     
0.78956522      4135.0136       4025.4108       3411.2778       2058.357        -7.7698397      -4.4291261      -3.4920915      -3.3960682     
0.79043478      4133.8484       4024.1939       3410.9602       2059.1916       -7.77813        -4.4361537      -3.4963309      -3.3996473     
0.79130435      4132.6378       4022.9424       3410.626        2060.026        -7.7893309      -4.4462639      -3.5039387      -3.4064729     
0.79217391      4131.3274       4021.6075       3410.245        2060.854        -7.7775043      -4.433523       -3.4893732      -3.3919708     
0.79304348      4130.0232       4020.2757       3409.8657       2061.695        -7.766745       -4.421111       -3.4738723      -3.3756455     
0.79391304      4128.7295       4018.9591       3409.5055       2062.5694       -7.7422431      -4.3951259      -3.4449446      -3.3459313     
0.79478261      4127.5582       4017.7479       3409.2268       2063.4784       -7.7393964      -4.3906088      -3.4377539      -3.3393464     
0.79565217      4126.3829       4016.5359       3408.955        2064.4093       -7.7188642      -4.3686431      -3.4131357      -3.3140815     
0.79652174      4125.2431       4015.3558       3408.7078       2065.3544       -7.7085678      -4.3567292      -3.3983906      -3.2988393     
0.7973913       4124.1099       4014.1826       3408.4721       2066.3108       -7.6957612      -4.3424535      -3.3814967      -3.2814695     
0.79826087      4123.0238       4013.0562       3408.2807       2067.3013       -7.6768487      -4.3221721      -3.3581895      -3.2566391     
0.79913043      4122.0833       4012.051        3408.158        2068.3385       -7.6506547      -4.2941875      -3.3268013      -3.2239587     
0.8             4121.2278       4011.1275       3408.1133       2069.4155       -7.6423757      -4.284549       -3.3145925      -3.2111303     
0.80086957      4120.3307       4010.1635       3408.0262       2070.4755       -7.6082085      -4.2483584      -3.2745496      -3.1695694     
0.80173913      4119.4792       4009.2342       3407.9584       2071.5491       -7.5612832      -4.2000403      -3.2232809      -3.1168243     
0.8026087       4118.656        4008.3348       3407.9175       2072.6334       -7.5430118      -4.1804445      -3.2008499      -3.0939261     
0.80347826      4117.972        4007.5771       3408.0195       2073.848        -7.537134       -4.1734146      -3.1906088      -3.0828466     
0.80434783      4117.3141       4006.8464       3408.1463       2075.092        -7.5434731      -4.1780803      -3.191084       -3.0809106     
0.80521739      4116.6975       4006.1609       3408.3204       2076.351        -7.5420629      -4.1753354      -3.1848529      -3.0734879     
0.80608696      4116.5534       4005.8973       3408.801        2077.7774       -7.5351628      -4.1676077      -3.1740017      -3.0614399     
0.80695652      4115.6046       4004.9189       3408.7547       2078.9235       -7.5386785      -4.1698991      -3.1731069      -3.0596801     
0.80782609      4114.6484       4003.928        3408.6848       2080.0562       -7.5501707      -4.1800304      -3.1803416      -3.0668114     
0.80869565      4113.6088       4002.8753       3408.5988       2081.2078       -7.5072849      -4.1353648      -3.1314486      -3.0158354     
0.80956522      4112.6271       4001.8653       3408.5154       2082.3541       -7.461639       -4.0883561      -3.0810911      -2.9633369     
0.81043478      4111.7221       4000.952        3408.5721       2083.6014       -7.4232351      -4.0489595      -3.0387468      -2.9212323     
0.81130435      4110.8269       4000.0354       3408.592        2084.8254       -7.4140081      -4.0381721      -3.0243505      -2.9052491     
0.81217391      4110.0219       3999.2104       3408.7029       2086.0928       -7.3992157      -4.022026       -3.0046257      -2.8843325     
0.81304348      4109.3731       3998.5209       3408.8992       2087.3994       -7.3405986      -3.9624958      -2.9422322      -2.8216818     
0.81391304      4108.7299       3997.8411       3409.115        2088.7375       -7.3336512      -3.9548973      -2.930941       -2.808551      
0.81478261      4108.2281       3997.2917       3409.423        2090.1029       -7.3395641      -3.9597836      -2.9302277      -2.8037582     
0.81565217      4107.8557       3996.8497       3409.7948       2091.5226       -7.3418635      -3.9611433      -2.9276231      -2.7993282     
0.81652174      4107.5261       3996.4723       3410.254        2092.9772       -7.3144458      -3.9334148      -2.893739       -2.7597674     
0.8173913       4107.2666       3996.1403       3410.7126       2094.4439       -7.2886165      -3.9061885      -2.8597754      -2.719945      
0.81826087      4107.0202       3995.8484       3411.2488       2095.9632       -7.253591       -3.871435       -2.8198227      -2.677419      
0.81913043      4106.7389       3995.5149       3411.7309       2097.4561       -7.2081915      -3.8250018      -2.7665942      -2.6180329     
0.82            4106.4996       3995.2318       3412.2696       2098.9719       -7.195944       -3.8131032      -2.749764       -2.597846      
0.82086957      4106.2259       3994.9063       3412.748        2100.4504       -7.2183474      -3.8356723      -2.7687043      -2.6142973     
0.82173913      4105.8052       3994.4753       3413.1906       2101.9127       -7.243291       -3.8596078      -2.7852852      -2.6239433     
0.8226087       4105.3732       3994.0322       3413.6177       2103.3787       -7.251316       -3.867521       -2.7881698      -2.6215518     
0.82347826      4104.8807       3993.5579       3414.0621       2104.8778       -7.2400456      -3.8568568      -2.7733567      -2.6027529     
0.82434783      4104.4048       3993.1097       3414.5442       2106.417        -7.2107444      -3.8280357      -2.7401626      -2.5643605     
0.82521739      4103.8581       3992.6063       3415.0021       2107.9585       -7.1477555      -3.7659         -2.6744234      -2.4942953     
0.82608696      4103.2599       3992.0576       3415.4244       2109.4637       -7.1434832      -3.763057       -2.6692973      -2.4868079     
0.82695652      4102.636        3991.4917       3415.8432       2110.968        -7.1401111      -3.7608181      -2.6635584      -2.4757579     
0.82782609      4101.9627       3990.891        3416.2529       2112.4766       -7.1316748      -3.7536758      -2.6536454      -2.4613241     
0.82869565      4101.3372       3990.3335       3416.691        2114.0013       -7.1036832      -3.7274836      -2.6263019      -2.4308334     
0.82956522      4100.8112       3989.8792       3417.2368       2115.5824       -7.0980977      -3.7233682      -2.6201394      -2.4205776     
0.83043478      4100.369        3989.4984       3417.8315       2117.1948       -7.0655891      -3.6920062      -2.5866466      -2.3830691     
0.83130435      4099.8842       3989.0869       3418.4212       2118.8067       -7.0470908      -3.6748846      -2.5675753      -2.3598845     
0.83217391      4099.4217       3988.7025       3419.0453       2120.4574       -6.9882684      -3.6181737      -2.5106076      -2.3008795     
0.83304348      4098.9687       3988.3315       3419.6911       2122.1064       -6.9918706      -3.6235461      -2.5153088      -2.3022272     
0.83391304      4098.632        3988.0673       3420.4208       2123.7993       -6.9863628      -3.6207666      -2.5119402      -2.2940359     
0.83478261      4098.2152       3987.7392       3421.1173       2125.4859       -6.9732649      -3.6085314      -2.4993318      -2.2769699     
0.83565217      4097.8665       3987.4777       3421.8803       2127.2375       -6.892047       -3.5293743      -2.4189309      -2.1935445     
0.83652174      4097.3861       3987.1044       3422.5739       2128.936        -6.8837217      -3.5203189      -2.4082891      -2.1791966     
0.8373913       4096.8588       3986.6974       3423.2563       2130.64         -6.8665932      -3.5034069      -2.3913558      -2.1595872     
0.83826087      4096.2803       3986.259        3423.9411       2132.3651       -6.8467494      -3.4845348      -2.3736216      -2.1390146     
0.83913043      4095.5702       3985.7167       3424.5797       2134.074        -6.8291966      -3.4765388      -2.365655       -2.1282313     
0.84            4094.8403       3985.1325       3425.1443       2135.7552       -6.8166444      -3.4721606      -2.3616006      -2.1212027     
0.84090909      4091.8993       3981.9917       3423.3773       2135.321        -6.8257158      -3.4685219      -2.3596701      -2.1177764     
0.84181818      4091.1134       3981.4439       3424.1911       2137.3911       -6.802403       -3.4298734      -2.3183106      -2.071327      
0.84272727      4091.0747       3981.7592       3425.8968       2140.0889       -6.7628605      -3.3970537      -2.2838946      -2.0357229     
0.84363636      4090.4878       3981.4054       3426.8318       2142.24         -6.7372377      -3.3722337      -2.2585416      -2.0089536     
0.84454545      4089.7642       3980.974        3427.7957       2144.398        -6.6705723      -3.3126605      -2.1951206      -1.9417553     
0.84545455      4089.1838       3980.6434       3428.828        2146.5614       -6.6513475      -3.2888027      -2.1669524      -1.9096895     
0.84636364      4088.5799       3980.2572       3429.7766       2148.6771       -6.6130708      -3.2492901      -2.1281632      -1.8704716     
0.84727273      4087.7093       3979.6103       3430.5121       2150.6525       -6.6116232      -3.2452873      -2.1223975      -1.8627792     
0.84818182      4086.7985       3978.913        3431.2064       2152.6093       -6.627083       -3.2516132      -2.1245888      -1.8631716     
0.84909091      4085.7917       3978.1264       3431.8338       2154.5421       -6.6274904      -3.2430006      -2.1101471      -1.8447541     
0.85            4084.9978       3977.5425       3432.6543       2156.6343       -6.5678354      -3.1756786      -2.0399239      -1.7748168     
0.85090909      4083.6412       3976.414        3433.01         2158.4285       -6.5715445      -3.1704706      -2.0287071      -1.7612075     
0.85181818      4082.4096       3975.3776       3433.415        2160.2623       -6.5655092      -3.1575904      -2.0093432      -1.7391035     
0.85272727      4080.8552       3974.0554       3433.6352       2162.0238       -6.4932711      -3.0797881      -1.9259402      -1.6541849     
0.85363636      4078.9675       3972.4121       3433.5691       2163.6115       -6.503798       -3.0845213      -1.9246639      -1.6516603     
0.85454545      4077.0178       3970.7048       3433.441        2165.1622       -6.5315661      -3.1061921      -1.9398106      -1.6656904     
0.85545455      4075.0096       3968.9338       3433.2455       2166.6892       -6.5493474      -3.1136117      -1.9381556      -1.6603262     
0.85636364      4072.6124       3966.8054       3432.7696       2168.0707       -6.5362347      -3.0926809      -1.91084        -1.6333961     
0.85727273      4070.1518       3964.5888       3432.19         2169.4016       -6.5137036      -3.0620015      -1.8725584      -1.5938119     
0.85818182      4067.4664       3962.1766       3431.4744       2170.649        -6.5050966      -3.0493736      -1.8515285      -1.571241      
0.85909091      4064.8078       3959.7393       3430.6738       2171.8499       -6.4993711      -3.0379769      -1.83236        -1.5520756     
0.86            4061.8894       3957.081        3429.7322       2172.9818       -6.4516215      -2.987341       -1.7739157      -1.4925455     
0.86090909      4059.2743       3954.6407       3428.8762       2174.1388       -6.4383285      -2.9704359      -1.7487984      -1.4669901     
0.86181818      4056.5848       3952.1286       3427.9588       2175.2533       -6.4193686      -2.9507082      -1.722076       -1.4409241     
0.86272727      4053.9061       3949.5918       3426.9789       2176.3339       -6.3899773      -2.9209669      -1.6830247      -1.398909      
0.86363636      4051.0443       3946.8973       3425.8906       2177.3496       -6.370695       -2.904578       -1.6590024      -1.3745428     
0.86454545      4048.2218       3944.1948       3424.7257       2178.3352       -6.3092659      -2.8488539      -1.5964147      -1.3114443     
0.86545455      4045.2197       3941.3461       3423.4782       2179.2632       -6.2828135      -2.8296731      -1.5700631      -1.284417      
0.86636364      4042.0929       3938.3405       3422.0381       2180.0784       -6.2467195      -2.8034552      -1.5380843      -1.2535022     
0.86727273      4038.8513       3935.2192       3420.4934       2180.8209       -6.2413835      -2.80942        -1.5382397      -1.2542146     
0.86818182      4035.4084       3931.9025       3418.7724       2181.461        -6.2466838      -2.8273216      -1.5494313      -1.2644831     
0.86909091      4031.915        3928.5191       3416.9717       2182.0516       -6.2477735      -2.843304       -1.559985       -1.2747707     
0.87            4028.3162       3925.0305       3415.0732       2182.5908       -6.2321461      -2.8436922      -1.5539507      -1.2672113     
0.87090909      4024.6842       3921.4902       3413.1014       2183.113        -6.1160121      -2.747255       -1.4546292      -1.1693457     
0.87181818      4020.8627       3917.7759       3410.993        2183.539        -6.0811365      -2.7322171      -1.4348927      -1.1488005     
0.87272727      4017.0912       3914.0842       3408.872        2183.9769       -5.9370052      -2.6112488      -1.3127799      -1.0291089     
0.87363636      4013.3208       3910.3671       3406.6757       2184.3331       -5.9127984      -2.6101612      -1.3082713      -1.0244591     
0.87454545      4009.4752       3906.5973       3404.4385       2184.6532       -5.886558       -2.6091347      -1.3057421      -1.0238953     
0.87545455      4005.9338       3903.02         3402.2535       2184.9654       -5.8934821      -2.6425188      -1.3374314      -1.0553742     
0.87636364      4002.2656       3899.3591       3400.026        2185.2525       -5.8715033      -2.6474366      -1.3399274      -1.0566159     
0.87727273      3998.8796       3895.9067       3397.8915       2185.5935       -5.7963159      -2.6024211      -1.2961923      -1.0142898     
0.87818182      3995.2908       3892.2876       3395.6495       2185.8693       -5.7026574      -2.5392725      -1.2345089      -0.95418593    
0.87909091      3991.9751       3888.8686       3393.4811       2186.1705       -5.5900174      -2.458002       -1.1549673      -0.87516961    
0.88            3988.3986       3885.2191       3391.1388       2186.3453       -5.5328727      -2.4320462      -1.1304728      -0.85063193    
0.88090909      3985.0168       3881.72         3388.8553       2186.5438       -5.4457941      -2.3785061      -1.0816817      -0.80407657    
0.88181818      3981.6345       3878.2134       3386.5534       2186.7249       -5.3358335      -2.3008474      -1.0073537      -0.72934661    
0.88272727      3978.1257       3874.5748       3384.1308       2186.8033       -5.2856213      -2.2844665      -0.99739514     -0.7226739     
0.88363636      3974.8356       3871.1201       3381.7849       2186.8894       -5.2892659      -2.3203227      -1.0379047      -0.76305712    
0.88454545      3971.3578       3867.5004       3379.3216       2186.9069       -5.2499936      -2.3122579      -1.0338448      -0.75813761    
0.88545455      3968.0387       3864.006        3376.9129       2186.9608       -5.1582256      -2.2546133      -0.98528704     -0.71319929    
0.88636364      3964.6303       3860.4249       3374.4212       2186.9482       -5.089928       -2.2180166      -0.95514703     -0.68270325    
0.88727273      3961.2657       3856.8794       3371.9347       2186.9377       -4.9650253      -2.1253755      -0.87150225     -0.60135218    
0.88818182      3957.8946       3853.3167       3369.4132       2186.8683       -4.9009231      -2.0918799      -0.84537247     -0.57513806    
0.88909091      3954.6562       3849.8586       3366.9295       2186.8008       -4.8220099      -2.0439493      -0.80731183     -0.54060147    
0.89            3951.4922       3846.4692       3364.5054       2186.7644       -4.6815589      -1.9331904      -0.70520637     -0.43957743    
0.89090909      3948.4357       3843.1697       3362.1075       2186.7097       -4.6151349      -1.8962867      -0.67855415     -0.41647556    
0.89181818      3945.426        3839.9088       3359.7132       2186.6269       -4.5760083      -1.8852854      -0.67714703     -0.41701594    
0.89272727      3942.5782       3836.7843       3357.4064       2186.5903       -4.5045201      -1.8395968      -0.63961245     -0.37940635    
0.89363636      3939.7613       3833.6971       3355.1244       2186.5506       -4.4229053      -1.7848667      -0.59666284     -0.34073864    
0.89454545      3937.0426       3830.6907       3352.8793       2186.5083       -4.3453386      -1.7315719      -0.55305944     -0.29871084    
0.89545455      3934.4612       3827.8075       3350.7133       2186.5026       -4.2452067      -1.6542367      -0.48455245     -0.23149372    
0.89636364      3931.9074       3824.9586       3348.5717       2186.4846       -4.1530603      -1.5843129      -0.42445036     -0.17351997    
0.89727273      3929.5068       3822.2388       3346.5105       2186.4929       -4.0770869      -1.5297         -0.37999471     -0.13164714    
0.89818182      3927.0932       3819.5106       3344.4304       2186.4691       -4.0125939      -1.4852347      -0.34492529     -0.098572263   
0.89909091      3924.7556       3816.8542       3342.3963       2186.4537       -3.9486565      -1.4401712      -0.30897197     -0.064310979   
0.9             3922.4543       3814.2381       3340.3964       2186.4511       -3.8651814      -1.3749199      -0.25298224     -0.010635643   
0.90090909      3920.2852       3811.7394       3338.4654       2186.4678       -3.7794387      -1.3063498      -0.19339833     0.046862388    
0.90181818      3918.2493       3809.3719       3336.6394       2186.5309       -3.6817975      -1.2254945      -0.12092009     0.11721228     
0.90272727      3916.1489       3806.9294       3334.7136       2186.5115       -3.6298314      -1.1883999      -0.090274157    0.14790748     
0.90363636      3914.108        3804.5698       3332.8723       2186.5207       -3.5136352      -1.0888771      -0.00088848605  0.23267196     
0.90454545      3912.1791       3802.303        3331.0601       2186.5573       -3.4127241      -1.0018169      0.07992866      0.31346854     
0.90545455      3910.2589       3800.0551       3329.2984       2186.554        -3.3515449      -0.9544463      0.12114686      0.35407638     
0.90636364      3908.5435       3797.9926       3327.6431       2186.6124       -3.2609771      -0.8795082      0.18598704      0.41367309     
0.90727273      3906.7654       3795.8863       3325.9685       2186.6153       -3.2234354      -0.85464771     0.20519557      0.43206131     
0.90818182      3905.0709       3793.8733       3324.36         2186.65         -3.1693498      -0.81348679     0.23991198      0.46482394     
0.90909091      3903.8156       3792.1465       3322.964        2186.7898       -3.1149747      -0.77161228     0.27593977      0.49905751     
0.91            3902.3432       3790.3083       3321.4905       2186.8897       -3.0057875      -0.67505747     0.36565807      0.58552739     
0.91090909      3900.8597       3788.4864       3320.05         2186.9781       -2.9581758      -0.63875945     0.39735046      0.61603499     
0.91181818      3899.4616       3786.726        3318.6337       2187.0621       -2.9087262      -0.60085323     0.42970003      0.64561086     
0.91272727      3898.1807       3785.0375       3317.2922       2187.2071       -2.7201208      -0.4241225      0.59991708      0.81194022     
0.91363636      3896.6714       3783.2525       3315.8874       2187.2618       -2.6966985      -0.40955372     0.61189366      0.82358366     
0.91454545      3895.2617       3781.5458       3314.5375       2187.3331       -2.6615526      -0.38380223     0.63350517      0.84301173     
0.91545455      3894.0784       3779.9564       3313.2619       2187.4558       -2.5580288      -0.28954011     0.72280395      0.92874282     
0.91636364      3892.7835       3778.3287       3311.983        2187.5514       -2.4838425      -0.22265916     0.78699245      0.99176872     
0.91727273      3891.6539       3776.8742       3310.8438       2187.7216       -2.4141529      -0.16086495     0.84413001      1.0450124      
0.91818182      3890.2737       3775.2034       3309.5403       2187.7737       -2.376711       -0.13000675     0.87068661      1.0678736      
0.91909091      3889.1998       3773.7364       3308.3774       2187.8937       -2.3770834      -0.13403588     0.86666476      1.0645608      
0.92            3887.8587       3772.149        3307.1655       2187.9822       -2.3306458      -0.091962332    0.90542151      1.1004455      
0.92090909      3886.6253       3770.6207       3305.9878       2188.1156       -2.2193357      0.015797957     1.0106176       1.2032078      
0.92181818      3885.262        3768.9765       3304.7314       2188.1701       -2.1564601      0.081045215     1.0765772       1.2689485      
0.92272727      3883.9974       3767.419        3303.535        2188.2621       -2.0842616      0.15318058      1.1452642       1.3324744      
0.92363636      3882.6253       3765.784        3302.2884       2188.3058       -2.0334432      0.20411376      1.1963533       1.3831261      
0.92454545      3881.209        3764.1035       3301.0091       2188.3304       -1.9872915      0.2495637       1.240775        1.4260674      
0.92545455      3879.8668       3762.4963       3299.7901       2188.3765       -1.9267029      0.30919067      1.2994096       1.4838892      
0.92636364      3878.4788       3760.8514       3298.5517       2188.4265       -1.8346575      0.40100766      1.3895054       1.5719793      
0.92727273      3877.0292       3759.1611       3297.2858       2188.4204       -1.7869643      0.45302904      1.4412704       1.622576       
0.92818182      3875.6222       3757.4955       3296.036        2188.4145       -1.7728597      0.47041236      1.4564159       1.6338966      
0.92909091      3874.092        3755.7492       3294.7368       2188.3578       -1.7938257      0.45689847      1.4459744       1.62627        
0.93            3872.6393       3754.0583       3293.4837       2188.3423       -1.7591845      0.49713665      1.4864478       1.6654196      
0.93090909      3871.0788       3752.2862       3292.1782       2188.2979       -1.6935831      0.5686352       1.5578557       1.7355076      
0.93181818      3869.6038       3750.5709       3290.9108       2188.2639       -1.6165988      0.65219946      1.6427206       1.8202846      
0.93272727      3868.0359       3748.8158       3289.646        2188.211        -1.5731836      0.70255394      1.6943293       1.8716589      
0.93363636      3866.5623       3747.114        3288.3887       2188.1503       -1.5402363      0.74090045      1.7315509       1.9062603      
0.93454545      3864.9696       3745.3169       3287.0784       2188.0502       -1.5185414      0.7708409       1.764956        1.9424705      
0.93545455      3863.4125       3743.553        3285.8003       2187.9599       -1.4594803      0.83704503      1.8336491       2.0131739      
0.93636364      3861.816        3741.7575       3284.5011       2187.8573       -1.4061191      0.8979599       1.8941646       2.071063       
0.93727273      3860.2359       3739.9783       3283.2236       2187.8037       -1.2574603      1.0535032       2.0474169       2.219347       
0.93818182      3858.5714       3738.1225       3281.8808       2187.6562       -1.2548646      1.0644971       2.0604351       2.2327717      
0.93909091      3856.9601       3736.307        3280.5437       2187.4803       -1.3134997      1.0127103       2.0086667       2.179401       
0.94            3855.2012       3734.3646       3279.1294       2187.2636       -1.3362498      1.0019711       2.0062447       2.1853074      
0.94095238      3851.6448       3730.1722       3275.3789       2184.7134       -1.2865693      1.0965009       2.0951112       2.2692277      
0.94190476      3849.8557       3728.2648       3274.1449       2184.8281       -1.1740702      1.2176164       2.217237        2.3906141      
0.94285714      3848.7152       3727.0129       3273.4379       2185.278        -1.1527254      1.2461363       2.2502432       2.4266472      
0.94380952      3847.2218       3725.4108       3272.4103       2185.4839       -1.13633        1.2675984       2.270013        2.443189       
0.9447619       3845.5789       3723.6415       3271.2052       2185.4988       -1.1500109      1.2674141       2.2762004       2.4556465      
0.94571429      3843.8484       3721.7825       3269.9113       2185.4508       -1.0844785      1.3426072       2.351328        2.5294535      
0.94666667      3842.0679       3719.9164       3268.5808       2185.3727       -0.96896578     1.4696147       2.4799117       2.6586807      
0.94761905      3840.2773       3717.7992       3267.1264       2185.1726       -0.96260236     1.4982139       2.5158669       2.701125       
0.94857143      3838.5152       3715.8158       3265.7092       2185.0176       -0.91245517     1.5717765       2.5867319       2.7678809      
0.94952381      3836.7221       3713.8348       3264.3058       2184.8357       -0.9543029      1.5615569       2.5823105       2.7675755      
0.95047619      3834.7274       3711.7211       3262.8098       2184.609        -0.96832443     1.5798653       2.6037658       2.7915196      
0.95142857      3832.8693       3709.6991       3261.3613       2184.4085       -0.9723129      1.6076357       2.6350495       2.8242692      
0.95238095      3830.985        3707.6567       3259.9071       2184.2068       -0.97050688     1.6428902       2.6763053       2.8704777      
0.95333333      3829.0206       3705.5465       3258.4253       2184.0021       -0.91887681     1.7256893       2.7616565       2.9563204      
0.95428571      3827.1796       3703.5356       3256.9901       2183.8215       -0.87112488     1.8042457       2.8433102       3.0392332      
0.9552381       3825.2255       3701.4103       3255.4959       2183.5961       -0.82082471     1.8856557       2.9292951       3.1281971      
0.95619048      3823.2966       3699.2757       3253.9859       2183.3462       -0.81646145     1.9203059       2.9683879       3.1698202      
0.95714286      3821.3705       3697.2652       3252.4899       2183.09         -0.82995803     1.9361736       2.9885661       3.1923183      
0.95809524      3819.3005       3695.0664       3250.8995       2182.7799       -0.82574003     1.9685983       3.0241337       3.2290928      
0.95904762      3817.4906       3693.0751       3249.4377       2182.5186       -0.87726725     1.9458663       3.0087437       3.2198517      
0.96            3815.3498       3690.8056       3247.8177       2182.1956       -0.83543903     2.013522        3.0799511       3.292194       
0.96095238      3813.493        3688.7734       3246.3265       2181.9632       -0.77405789     2.097047        3.1662735       3.3799436      
0.96190476      3811.5512       3686.6424       3244.8089       2181.7028       -0.66335918     2.2265366       3.3002928       3.516342       
0.96285714      3809.6641       3684.576        3243.294        2181.436        -0.66864782     2.2434745       3.3248321       3.5476302      
0.96380952      3807.7561       3682.5025       3241.8076       2181.1946       -0.60257625     2.3255887       3.4074125       3.6286063      
0.9647619       3805.873        3680.4446       3240.3037       2180.9397       -0.57426443     2.3727509       3.4606784       3.686697       
0.96571429      3803.9279       3678.3076       3238.747        2180.6526       -0.5439519      2.4191928       3.5106948       3.7387467      
0.96666667      3801.9701       3676.1995       3237.2108       2180.37         -0.54491193     2.433364        3.5284371       3.758391       
0.96761905      3799.9999       3674.0712       3235.6585       2180.0729       -0.56021605     2.4347405       3.5374827       3.7742536      
0.96857143      3798.0619       3671.9685       3234.1282       2179.8319       -0.44741656     2.5607312       3.666715        3.904754       
0.96952381      3796.1247       3669.8732       3232.6132       2179.604        -0.30339762     2.7184767       3.8303552       4.0732499      
0.97047619      3794.1969       3667.7804       3231.0763       2179.3239       -0.29373618     2.7406373       3.8594485       4.1079114      
0.97142857      3792.3187       3665.7299       3229.561        2179.0564       -0.26429439     2.7792397       3.8993781       4.1495812      
0.97238095      3790.3727       3663.6236       3228.0184       2178.7717       -0.22265818     2.8309299       3.9548527       4.2101016      
0.97333333      3788.5663       3661.6359       3226.5517       2178.5525       -0.12931384     2.9315831       4.058241        4.316864       
0.97428571      3786.6741       3659.5749       3225.0417       2178.2938       -0.078051345    2.9908566       4.1201144       4.385003       
0.9752381       3784.8766       3657.5945       3223.5792       2178.079        -0.0054934929   3.0682066       4.1978554       4.4642982      
0.97619048      3783.073        3655.6126       3222.1235       2177.865        0.078414471     3.1578249       4.2918918       4.5644241      
0.97714286      3781.2623       3653.622        3220.6501       2177.6313       0.12598747      3.2098581       4.3475199       4.6248789      
0.97809524      3779.487        3651.6636       3219.1966       2177.4037       0.16036766      3.2477577       4.3890846       4.6721558      
0.97904762      3777.7093       3649.7056       3217.7457       2177.182        0.21312594      3.3040181       4.4496081       4.7394688      
0.98            3775.9458       3647.7632       3216.3083       2176.9989       0.36781542      3.4592124       4.6050958       4.896909       
0.98095238      3774.0923       3645.7278       3214.7808       2176.72         0.37851324      3.4736938       4.6266949       4.9286357      
0.98190476      3772.3125       3643.7581       3213.3072       2176.4887       0.45097892      3.5444683       4.6966895       5.0002529      
0.98285714      3770.5657       3641.8244       3211.8567       2176.266        0.51593528      3.6097236       4.764999        5.0740413      
0.98380952      3768.766        3639.846        3210.3713       2176.0163       0.56439677      3.6569822       4.8130675       5.125286       
0.9847619       3766.9735       3637.8678       3208.8764       2175.7457       0.56595307      3.6561753       4.8174206       5.1387773      
0.98571429      3765.2746       3635.9816       3207.4699       2175.5749       0.71576566      3.8042916       4.9650034       5.2885942      
0.98666667      3763.4483       3633.9897       3205.9807       2175.3193       0.7498818       3.840268        5.0078733       5.3435011      
0.98761905      3761.7872       3632.1445       3204.6036       2175.1508       0.87186492      3.9565984       5.1198446       5.4534048      
0.98857143      3760.044        3630.2252       3203.1602       2174.9239       0.93219755      4.0170183       5.1837822       5.5254285      
0.98952381      3758.358        3628.3653       3201.7741       2174.757        1.0932955       4.1763434       5.342277        5.6874757      
0.99047619      3756.629        3626.4613       3200.335        2174.5111       1.1055172       4.2032793       5.3757537       5.733662       
0.99142857      3754.9702       3624.6265       3198.9575       2174.322        1.2017221       4.3041983       5.4715116       5.8282324      
0.99238095      3753.343        3622.8173       3197.5873       2174.1272       1.2650977       4.3797064       5.5502732       5.9156928      
0.99333333      3751.6894       3620.9915       3196.2165       2173.9302       1.3443526       4.4699327       5.6420352       6.0141201      
0.99428571      3750.0806       3619.2019       3194.8575       2173.7379       1.4186571       4.554775        5.7265736       6.1025428      
0.9952381       3748.4067       3617.3606       3193.4698       2173.5168       1.4893721       4.63755         5.8106053       6.1953119      
0.99619048      3746.8479       3615.6191       3192.1443       2173.3364       1.5744803       4.7343286       5.9083533       6.2974218      
0.99714286      3745.2838       3613.8825       3190.8405       2173.1801       1.7285837       4.8976178       6.070433        6.4633516      
0.99809524      3743.6442       3612.0714       3189.4554       2172.9295       1.7376877       4.9220802       6.1023162       6.5094753      
0.99904762      3742.0747       3610.3315       3188.143        2172.7452       1.8479867       5.0444671       6.2199187       6.6270467      
1               3740.499        3608.5904       3186.8352       2172.5896       2.0504416       5.2627855       6.4388014       6.8520122      
1.0009524       3738.8149       3606.744        3185.42         2172.3017       2.0464554       5.2783469       6.4596914       6.8846536      
1.0019048       3737.1493       3604.9187       3184.0234       2172.0298       2.0837686       5.332863        6.5149227       6.9469986      
1.0028571       3735.5839       3603.1926       3182.7245       2171.8828       2.3196401       5.5843326       6.7642231       7.1995488      
1.0038095       3733.8404       3601.301        3181.2792       2171.5604       2.3283828       5.614246        6.8013853       7.2528449      
1.0047619       3732.2865       3599.584        3179.9701       2171.3678       2.4831943       5.7836915       6.9671286       7.4202842      
1.0057143       3730.5423       3597.697        3178.5324       2171.0438       2.5005943       5.8224992       7.0135723       7.4834213      
1.0066667       3728.9659       3595.9615       3177.2009       2170.8072       2.5932194       5.9307229       7.1196586       7.5939298      
1.007619        3727.323        3594.1753       3175.8584       2170.5844       2.7990433       6.1548538       7.3452201       7.828124       
1.0085714       3725.7037       3592.4          3174.4841       2170.2816       2.7995946       6.1756443       7.3719981       7.8704595      
1.0095238       3724.0866       3590.6354       3173.1347       2170.0008       2.8637499       6.2577566       7.4555068       7.9640927      
1.0104762       3722.5727       3588.9676       3171.8685       2169.815        3.0702564       6.4830074       7.6820959       8.197244       
1.0114286       3720.9528       3587.2012       3170.5135       2169.505        3.0865653       6.5202221       7.7266419       8.2592606      
1.012381        3719.375        3585.477        3169.1973       2169.2391       3.1834305       6.6348338       7.841489        8.380761       
1.0133333       3717.8055       3583.7584       3167.8831       2168.9659       3.2840307       6.7541767       7.9643383       8.5191152      
1.0142857       3716.3037       3582.1059       3166.62         2168.7101       3.3402346       6.8307395       8.0467043       8.6189288      
1.0152381       3714.8087       3580.4697       3165.3963       2168.5183       3.5522434       7.0597517       8.2753552       8.8586989      
1.0161905       3713.1837       3578.7049       3164.0428       2168.1768       3.5553867       7.0859066       8.3135177       8.9234188      
1.0171429       3711.7097       3577.0868       3162.8186       2167.9704       3.7464251       7.2913321       8.5159515       9.1348823      
1.0180952       3710.0789       3575.3227       3161.4759       2167.6284       3.768422        7.3370219       8.574082        9.2165775      
1.0190476       3708.5583       3573.662        3160.2111       2167.3604       3.8671909       7.4498349       8.6839772       9.3369892      
1.02            3706.9534       3571.9288       3158.9008       2167.0678       3.9967206       7.5978371       8.8369483       9.518328       
1.0209524       3705.3197       3570.1736       3157.5884       2166.7837       4.1593879       7.7801395       9.0269195       9.7309391      
1.0219048       3703.6984       3568.424        3156.2546       2166.4435       4.1952926       7.8337992       9.086965        9.8116881      
1.0228571       3702.0468       3566.651        3154.9129       2166.1059       4.2521888       7.9054423       9.1618146       9.9076419      
1.0238095       3700.4456       3564.9309       3153.6304       2165.8447       4.4346184       8.1029809       9.3631169       10.128123      
1.0247619       3698.8883       3563.2478       3152.369        2165.5698       4.5522885       8.2356677       9.5031244       10.294238      
1.0257143       3697.1982       3561.4484       3151.0178       2165.2303       4.6292475       8.3277861       9.6030311       10.422142      
1.0266667       3695.6185       3559.749        3149.7449       2164.9539       4.7501477       8.4596658       9.7385351       10.58004       
1.027619        3694.0973       3558.1021       3148.5331       2164.7243       4.9244861       8.6464297       9.9314178       10.79913       
1.0285714       3692.4924       3556.391        3147.2657       2164.4613       5.0504639       8.7868582       10.085998       10.984017      
1.0295238       3690.9494       3554.7294       3146.0349       2164.197        5.1226401       8.8681441       10.168906       11.093934      
1.0304762       3689.4636       3553.1237       3144.8568       2164.0008       5.2995438       9.0536196       10.358232       11.309598      
1.0314286       3687.9061       3551.4567       3143.6416       2163.7811       5.4650608       9.2322866       10.549274       11.536174      
1.032381        3686.3557       3549.795        3142.418        2163.5285       5.5333128       9.3122744       10.641662       11.663708      
1.0333333       3684.8494       3548.1752       3141.2319       2163.3203       5.6623166       9.4486786       10.78564        11.836792      
1.0342857       3683.3846       3546.5922       3140.0919       2163.1605       5.8743041       9.6704066       11.018125       12.103608      
1.0352381       3681.7785       3544.8886       3138.8473       2162.9214       5.9835845       9.7912964       11.155755       12.280141      
1.0360317       3687.8593       3552.6322       3147.6151       2173.4212       6.1036466       9.7975545       11.172571       12.333415      
1.0368254       3686.8249       3551.2852       3145.9995       2172.0128       5.9927861       9.7820368       11.184313       12.38746       
1.037619        3682.6251       3546.8319       3142.0692       2169.2102       6.2631078       10.020407       11.426739       12.653786      
1.0384127       3679.9661       3543.8033       3139.3128       2167.3112       6.3951372       10.183431       11.612482       12.871442      
1.0392063       3677.6746       3541.2553       3137.1711       2166.1097       6.511854        10.285762       11.727456       13.017542      
1.04            3675.8136       3539.1952       3135.5022       2165.3953       6.7661364       10.536368       11.989737       13.302556      
1.0407407       3676.9152       3540.8444       3137.8298       2169.0466       6.8082469       10.549518       12.022911       13.373095      
1.0414815       3675.5214       3539.2557       3136.3896       2168.2184       6.8323927       10.577042       12.069957       13.452925      
1.0422222       3672.9573       3536.5115       3134.0897       2166.9218       7.1293589       10.862537       12.364266       13.769919      
1.0429333       3672.7668       3536.5397       3134.6109       2168.5143       7.1579763       10.87396        12.403229       13.85418       
1.0436444       3671.4568       3535.0141       3133.2762       2167.8171       7.4088311       11.123025       12.657296       14.123402      
1.0443556       3669.2003       3532.5837       3131.235        2166.6541       7.4450136       11.157576       12.722142       14.235884      
1.0450074       3671.6432       3535.7753       3135.097        2171.8683       7.6963456       11.338927       12.906408       14.440136      
1.0456593       3670.7153       3534.6054       3133.8967       2170.9884       7.7006143       11.370175       12.968662       14.550792      
1.0461074       3689.3705       3558.1456       3159.8363       2200.8403       7.88704         11.346376       12.942748       14.554074      
1.0465556       3690.317        3558.1804       3158.2166       2198.1978       7.6368022       11.245464       12.886502       14.551187      
1.0470037       3681.5061       3548.9445       3149.5708       2190.345        7.6632913       11.258763       12.908834       14.603469      
1.0474519       3676.8673       3543.38         3143.7452       2184.9229       8.0656064       11.69314        13.340253       15.029458      
1.0479          3672.7987       3538.7334       3139.2335       2180.9156       8.083078        11.69987        13.369256       15.089357      
1.0483321       3672.2865       3538.2178       3138.987        2181.5736       8.2068984       11.797226       13.46875        15.195821      
1.0487643       3670.3406       3535.918        3136.7313       2179.7009       8.2726196       11.849464       13.537438       15.287633      
1.0491964       3667.8584       3533.1114       3134.131        2177.8171       8.521494        12.077771       13.769483       15.529489      
1.0496286       3665.7599       3530.7643       3132.0002       2176.2984       8.5029453       12.058702       13.77784        15.578264      
1.0500607       3664.2962       3529.0731       3130.4972       2175.3881       8.7164702       12.249704       13.97025        15.776607      
1.0504749       3665.2977       3530.4595       3132.3271       2178.3125       8.8087888       12.307548       14.043682       15.876045      
1.050889        3664.6506       3529.644        3131.5492       2177.7891       8.8881794       12.382429       14.131952       15.986512      
1.0513031       3662.7066       3527.5172       3129.6373       2176.5265       8.9887177       12.468332       14.229653       16.104804      
1.0517173       3661.3508       3525.993        3128.2805       2175.6408       9.0859426       12.550959       14.322897       16.218486      
1.0521314       3660.1158       3524.6023       3127.0676       2174.9316       9.1249649       12.572547       14.35898        16.277623      
1.0525455       3659.0408       3523.4054       3126.0729       2174.4594       9.2901425       12.71701        14.512408       16.447128      
1.0529379       3661.0597       3526.0284       3129.2033       2178.7895       9.3468428       12.729287       14.541659       16.506268      
1.0533302       3660.8728       3525.7222       3128.8832       2178.5709       9.501815        12.88335        14.705993       16.689138      
1.0537226       3658.8937       3523.5796       3126.9399       2177.2169       9.5445961       12.913803       14.751218       16.759315      
1.0541149       3657.5568       3522.0916       3125.6057       2176.3015       9.7376233       13.09042        14.933701       16.95299       
1.0545072       3656.3822       3520.7648       3124.434        2175.5619       9.7707506       13.106829       14.966557       17.012216      
1.0548996       3655.3151       3519.5837       3123.4452       2175.0586       9.9618705       13.278193       15.147225       17.21123       
1.0552919       3654.4009       3518.5575       3122.591        2174.6445       10.000226       13.298866       15.184026       17.27375       
1.0556843       3653.5464       3517.6111       3121.8454       2174.3941       10.234575       13.510893       15.401037       17.49982       
1.0560766       3652.7094       3516.6848       3121.1026       2174.0984       10.246292       13.509058       15.421199       17.552694      
1.0564689       3651.9504       3515.8436       3120.4537       2173.9125       10.376296       13.618144       15.537576       17.686185      
1.0568613       3651.2487       3515.0565       3119.8397       2173.724        10.407726       13.63443        15.570398       17.745001      
1.0572536       3650.5124       3514.2515       3119.2427       2173.6224       10.64347        13.850082       15.792348       17.977457      
1.057646        3649.7284       3513.3986       3118.5863       2173.4193       10.660749       13.857226       15.823778       18.047661      
1.0580383       3649.0819       3512.6923       3118.1013       2173.4607       11.099792       14.270471       16.234342       18.460605      
1.0584306       3648.2278       3511.7769       3117.3914       2173.2147       11.064981       14.229999       16.225576       18.501697      
1.058823        3647.4323       3510.922        3116.7484       2173.0575       11.169703       14.314901       16.317378       18.601943      
1.0592153       3646.6706       3510.096        3116.1199       2172.8846       11.201588       14.331401       16.3475         18.650456      
1.0596077       3645.8913       3509.2589       3115.4924       2172.7487       11.349067       14.462853       16.489967       18.809569      
1.06            3645.2021       3508.5122       3114.961        2172.7237       11.656855       14.75202        16.788199       19.129147      
1.0603922       3644.4398       3507.6927       3114.3384       2172.561        11.641436       14.732714       16.799908       19.185049      
1.0607843       3643.6439       3506.8456       3113.7123       2172.4457       11.835618       14.908292       16.980852       19.36606       
1.0611765       3642.8849       3506.0277       3113.1058       2172.3356       12.008148       15.064865       17.145644       19.532068      
1.0615686       3642.1247       3505.2054       3112.4739       2172.1617       12.050073       15.09646        17.196043       19.605383      
1.0619608       3641.3312       3504.357        3111.8453       2172.049        12.241248       15.272688       17.381518       19.797646      
1.0623446       3641.74         3504.9793       3112.7788       2173.7407       12.288379       15.289294       17.413093       19.833214      
1.0627284       3641.1993       3504.379        3112.3261       2173.634        12.378339       15.38299        17.523731       19.946219      
1.0631039       3641.1305       3504.518        3112.8077       2175.0091       12.608272       15.576934       17.715969       20.102506      
1.0634793       3640.4871       3503.7776       3112.1481       2174.5799       12.583064       15.562698       17.718997       20.103483      
1.0638548       3639.0825       3502.258        3110.814        2173.8005       12.779833       15.750538       17.91674        20.302805      
1.0642136       3640.6142       3504.2888       3113.2687       2177.3239       12.824117       15.770356       17.944754       20.298969      
1.0645724       3640.3687       3503.9234       3112.8996       2177.0106       12.884361       15.843777       18.027103       20.339057      
1.0649312       3638.5098       3501.9126       3111.0341       2175.7127       13.02212        15.983416       18.168595       20.423458      
1.0652899       3637.2822       3500.5367       3109.7778       2174.7972       13.037228       16.002762       18.193158       20.379202      
1.0656487       3636.271        3499.3755       3108.7168       2174.1173       13.081036       16.043502       18.23357        20.33373       
1.0660075       3635.4103       3498.3941       3107.869        2173.6753       13.221766       16.179486       18.368946       20.382796      
1.0663663       3634.6116       3497.4844       3107.0896       2173.2976       13.240663       16.196292       18.389323       20.294044      
1.0667251       3633.9173       3496.6975       3106.4577       2173.1159       13.482334       16.430087       18.614227       20.372033      
1.0670839       3633.2465       3495.9307       3105.8206       2172.8695       13.459955       16.407983       18.597304       20.228559      
1.0674329       3634.0684       3497.0392       3107.2582       2175.1872       13.597308       16.53597        18.723238       20.21745       
1.067782        3633.8733       3496.7574       3107.0201       2175.1143       13.602876       16.5449         18.731945       20.111376      
1.0681414       3631.0215       3493.4114       3103.6391       2171.7851       13.677673       16.631279       18.813068       20.058417      
1.0685007       3629.7849       3492.0618       3102.4876       2171.2002       13.693522       16.641218       18.819836       19.924882      
1.0688601       3629.5749       3491.7891       3102.3659       2171.4318       13.79851        16.737507       18.904157       19.744382      
1.0692194       3629.1449       3491.2987       3102.023        2171.5183       13.793578       16.727516       18.886258       19.496223      
1.0695788       3628.6392       3490.7534       3101.6636       2171.6281       13.968692       16.898502       19.05022        19.481709      
1.0699381       3628.1483       3490.2001       3101.2492       2171.609        13.922933       16.85565        19.010383       19.29079       
1.0702975       3627.5724       3489.5744       3100.7938       2171.6027       14.039384       16.973895       19.129212       19.269111      
1.0706568       3627.0479       3488.986        3100.3452       2171.5488       14.035447       16.97012        19.122764       19.095751      
1.0710306       3624.4285       3485.8053       3097.0841       2168.1179       14.172597       17.118678       19.261128       18.870457      
1.0714043       3623.2567       3484.5725       3096.1287       2167.8941       14.160095       17.100578       19.239784       18.513982      
1.071778        3623.4672       3484.7857       3096.5388       2168.6738       14.332384       17.267105       19.411244       18.514756      
1.0721517       3623.2991       3484.5933       3096.5085       2169.1029       14.318784       17.258309       19.420632       18.404286      
1.0725255       3623.0942       3484.3731       3096.4706       2169.5034       14.476739       17.417842       19.591764       18.473539      
1.0728992       3622.8143       3484.047        3096.2772       2169.6933       14.450982       17.399776       19.587378       18.335273      
1.0732729       3622.2609       3483.4627       3095.8783       2169.7499       14.498771       17.455648       19.661913       18.293608      
1.0736467       3621.726        3482.8851       3095.4697       2169.7903       14.58846        17.550699       19.773116       18.275756      
1.0740437       3618.175        3478.5369       3090.9189       2164.7638       14.789264       17.774714       20.021088       18.443303      
1.0744408       3616.5017       3476.8355       3089.6194       2164.4456       14.766567       17.75462        20.036087       18.296725      
1.0748379       3617.1647       3477.53         3090.5253       2165.6786       14.917534       17.897561       20.20359        18.385562      
1.075235        3617.0661       3477.4462       3090.6362       2166.3341       14.935579       17.916367       20.246348       18.188853      
1.0756321       3616.7374       3477.145        3090.5786       2166.7832       14.941748       17.925154       20.275901       18.188595      
1.0760292       3616.2689       3476.6695       3090.2999       2167.0032       14.948512       17.938873       20.311107       18.110542      
1.0764262       3615.7328       3476.114        3089.9391       2167.1141       14.957063       17.952609       20.339485       18.024507      
1.0768233       3615.1429       3475.4939       3089.5078       2167.1742       15.05687        18.059737       20.466334       17.984315      
1.0772204       3614.5154       3474.8294       3089.026        2167.1654       15.130031       18.145536       20.591827       18.092411      
1.0776175       3613.8558       3474.1256       3088.4986       2167.1099       15.198138       18.226094       20.720512       18.277943      
1.0780146       3613.1835       3473.4085       3087.9688       2167.0883       15.401964       18.440199       20.986026       18.675848      
1.0784117       3612.4271       3472.6053       3087.3477       2166.9482       15.436954       18.495884       21.111057       19.002322      
1.0788087       3611.8505       3471.9797       3086.9071       2167.0373       15.905359       18.969686       21.63396        19.770495      
1.0792058       3610.9596       3471.0386       3086.1592       2166.8046       15.862228       18.95733        21.71297        20.171432      
1.0796029       3610.3006       3470.3225       3085.6081       2166.7329       16.070176       19.17081        21.966233       20.546099      
1.08            3609.6733       3469.6317       3085.082        2166.7039       16.321648       19.432231       22.269953       20.934554      
1.0804255       3605.509        3464.5789       3079.7602       2160.867        16.449121       19.59729        22.497343       21.410165      
1.0808605       3603.0061       3461.7771       3077.2846       2159.1308       16.844078       19.9934         22.943378       22.102312      
1.0812955       3603.32         3462.1213       3077.8845       2160.2571       16.858382       20.0149         23.038948       22.560721      
1.0817305       3603.7818       3462.6237       3078.6066       2161.561        17.165719       20.316441       23.377679       23.209301      
1.0821655       3603.7052       3462.5902       3078.7975       2162.3042       17.210306       20.373765       23.478156       23.612038      
1.0826113       3602.2709       3460.8773       3077.1457       2160.8805       17.474002       20.650515       23.780382       24.046579      
1.0830572       3601.6728       3460.2601       3076.7865       2161.1578       17.509009       20.697246       23.863068       24.299006      
1.0835031       3601.7169       3460.3007       3076.9996       2161.8376       17.735441       20.922787       24.092796       24.565865      
1.0839489       3601.4803       3460.0386       3076.891        2162.1958       17.741983       20.945224       24.150647       24.561845      
1.0843948       3601.1036       3459.6436       3076.6874       2162.534        18.096982       21.303183       24.524151       24.847091      
1.0848407       3600.6412       3459.1254       3076.3079       2162.5913       18.053382       21.28233        24.549719       24.86846       
1.0852865       3600.2531       3458.6871       3076.0301       2162.8336       18.531558       21.761366       25.037308       25.399636      
1.0857324       3599.6984       3458.0572       3075.5187       2162.7312       18.41949        21.673221       24.998379       25.497642      
1.0861783       3599.1513       3457.4436       3075.0489       2162.74         18.624003       21.885446       25.231672       25.868891      
1.0866241       3598.6039       3456.8176       3074.5549       2162.7094       18.778356       22.050405       25.42636        26.242495      
1.0870854       3596.4672       3454.212        3071.8744       2160.036        19.046666       22.335024       25.720773       26.526805      
1.0875466       3595.3256       3453.0043       3070.9553       2159.8468       19.026698       22.330706       25.758763       26.795612      
1.0880078       3595.5961       3453.2341       3071.3172       2160.655        19.530983       22.833401       26.272769       27.552924      
1.0884691       3595.1874       3452.7869       3071.0276       2160.8718       19.471277       22.801611       26.308553       28.171144      
1.0889303       3594.8186       3452.3773       3070.7844       2161.1548       19.76781        23.106304       26.633726       28.768546      
1.0893915       3594.3869       3451.8838       3070.442        2161.322        20.014464       23.362236       26.915283       29.253377      
1.0898528       3593.7647       3451.1946       3069.8884       2161.2406       20.010986       23.381601       26.974771       29.404273      
1.090314        3593.2462       3450.6139       3069.4721       2161.3696       20.445204       23.819642       27.423343       29.84846       
1.0907753       3592.5669       3449.8534       3068.8314       2161.1656       20.32095        23.709917       27.297163       29.266729      
1.0912365       3591.815        3449.0368       3068.1815       2161.0458       20.470962       23.861945       27.413118       28.867107      
1.0916977       3591.0355       3448.1837       3067.4702       2160.8106       20.399499       23.794053       27.317485       28.174163      
1.0921861       3587.7667       3444.1935       3063.2775       2156.3656       20.749458       24.15668        27.640212       27.577256      
1.0926745       3586.1253       3442.4921       3061.9861       2155.9978       20.472996       23.868654       27.275107       25.994684      
1.0931628       3586.5244       3442.8795       3062.4716       2156.8007       20.265892       23.64335        26.922232       23.213992      
1.0936512       3586.0616       3442.4255       3062.2345       2157.1688       20.11365        23.481864       26.67298        21.287609      
1.0941396       3585.6048       3441.9575       3061.9677       2157.4685       20.220253       23.595188       26.700809       19.365612      
1.0946279       3584.9489       3441.258        3061.4182       2157.3853       19.872368       23.237894       26.199696       16.74044       
1.0951163       3584.0877       3440.3501       3060.6639       2157.0913       19.430139       22.796201       25.620843       14.09006       
1.0956047       3583.2738       3439.4751       3059.9356       2156.8334       19.137183       22.51555        25.26668        12.158498      
1.096093        3582.4828       3438.6267       3059.2459       2156.6571       19.100905       22.492527       25.174826       10.357253      
1.0965814       3581.6499       3437.7268       3058.4983       2156.4023       18.945231       22.352569       25.001082       8.50531        
1.0970698       3580.765        3436.7711       3057.6904       2156.0794       18.726908       22.156017       24.710991       5.4022606      
1.0975582       3580.0712       3436.0155       3057.0963       2156.0424       19.031658       22.487412       25.028843       3.1065021      
1.0980465       3579.1447       3435.0243       3056.2786       2155.7731       19.017169       22.530029       25.130758       1.160333       
1.0985349       3578.3969       3434.2104       3055.642        2155.7221       19.369415       22.908887       25.481003       -1.879177      
1.0990233       3577.4703       3433.2134       3054.7938       2155.3758       19.19927        22.776504       25.354832       -4.1535159     
1.0995116       3576.7929       3432.4584       3054.1942       2155.3331       19.551712       23.159819       25.724397       -6.9684681     
1.1             3575.9027       3431.4919       3053.3762       2155.0161       19.430179       23.069586       25.660518       -9.104357      
1.1005263       3571.8866       3426.591        3048.167        2149.3513       19.778949       23.457962       26.136486       -10.613345     
1.1010526       3570.2351       3424.9009       3046.9779       2149.3121       20.070335       23.751075       26.364814       -15.814881     
1.1015789       3570.8935       3425.5661       3047.7455       2150.4127       19.881284       23.561939       26.204412       -18.277729     
1.1021207       3569.4666       3423.8559       3046.1125       2149.1214       20.25801        23.963635       26.733647       -19.695115     
1.1026625       3568.8261       3423.2165       3045.7676       2149.5332       20.268709       23.994957       26.858416       -21.427446     
1.1032043       3569.0042       3423.4076       3046.1592       2150.5203       20.84959        24.562628       27.400335       -26.405937     
1.1037461       3568.6605       3423.0404       3045.9492       2150.8371       20.806599       24.540509       27.495742       -29.149431     
1.1042879       3568.3012       3422.6563       3045.7792       2151.3332       21.519908       25.258155       28.368254       -28.807279     
1.1048297       3567.8372       3422.1316       3045.3929       2151.4549       21.7084         25.442047       28.661153       -26.928805     
1.1053715       3567.322        3421.5553       3044.9838       2151.6194       22.17891        25.912837       29.240029       -28.755994     
1.1059342       3565.2703       3419.0355       3042.4132       2149.1733       22.93289        26.663683       30.101688       -29.648641     
1.1065202       3562.5675       3415.8625       3039.3509       2146.5078       23.521454       27.241824       30.761985       -31.890059     
1.1070819       3563.9684       3417.6803       3041.7093       2150.154        23.730014       27.437784       31.072104       -33.760499     
1.1076435       3564.9478       3418.6989       3042.8155       2151.6707       24.920363       28.592604       32.387295       -33.731442     
1.1082052       3564.1249       3417.8132       3042.1556       2151.7778       25.670983       29.31739        33.414598       -28.768386     
1.1087949       3561.5934       3414.7125       3038.9575       2148.6055       26.575738       30.166252       34.410625       -25.239188     
1.1093552       3562.3633       3415.9821       3040.9385       2152.2829       27.294534       30.932832       35.541412       -11.083635     
1.1099154       3563.3043       3416.8819       3041.7753       2153.2155       27.886921       31.495458       36.264532       -7.066027      
1.1104757       3562.0325       3415.5259       3040.6518       2152.8994       28.703599       32.277159       37.12761        -0.50196421    
1.1110048       3563.5623       3417.58         3043.1854       2156.6587       28.719611       32.310713       37.211885       -0.027421663   
1.1115046       3565.8677       3420.4646       3046.4428       2161.0223       29.546695       33.112103       38.063822       1.6081501      
1.1120043       3564.8147       3419.1907       3044.9991       2159.6223       29.614934       33.199477       38.342079       1.1245643      
1.112504        3562.3701       3416.5306       3042.5294       2157.9067       30.684179       34.262245       39.472499       2.702925       
1.1130038       3560.6613       3414.5725       3040.5995       2156.3026       30.574373       34.159176       39.379582       1.0859897      
1.1135035       3559.3521       3413.0889       3039.245        2155.5181       31.286722       34.886025       40.185679       2.8944174      
1.1140032       3558.1474       3411.7462       3038.0683       2154.9486       31.892428       35.519317       40.844444       1.6458525      
1.1145029       3557.0143       3410.4806       3036.9602       2154.4          32.196504       35.847962       41.319321       5.1291138      
1.1150027       3556.1405       3409.5143       3036.1662       2154.2092       32.881029       36.547395       42.132202       7.4784454      
1.1155579       3550.6359       3402.7995       3029.0794       2146.4133       33.765813       37.401865       43.185849       10.617986      
1.1161132       3549.0484       3401.0969       3027.835        2146.3669       34.26718        37.95884        43.856704       11.878274      
1.1166685       3549.6854       3401.8548       3028.9007       2148.0122       34.753001       38.454314       44.519303       12.518528      
1.1172237       3549.8095       3401.9966       3029.2419       2148.9654       35.059422       38.789128       45.02127        10.664604      
1.117779        3549.5074       3401.737        3029.2674       2149.6914       35.780059       39.542587       46.044353       10.546269      
1.1183342       3549.0761       3401.2934       3029.0367       2150.0738       36.372862       40.165782       46.881791       11.262082      
1.1188895       3548.4111       3400.6024       3028.5501       2150.1784       36.773335       40.58076        47.438861       1.4407048      
1.1194447       3547.7984       3399.9341       3028.0588       2150.2511       37.262193       41.099274       48.169664       -3.9568254     
1.12            3547.1772       3399.266        3027.5962       2150.4145       38.135948       42.004104       49.391796       -6.2204329     
1.1205556       3546.3019       3398.3141       3026.806        2150.1327       38.411632       42.32464        50.246371       -3.9978427     
1.1211111       3545.8481       3397.8345       3026.5466       2150.5566       39.838247       43.770674       52.238892       -2.4622534     
1.1216667       3545.1821       3397.087        3025.9341       2150.4185       40.256432       44.23234        53.292329       4.0677029      
1.1222222       3544.6003       3396.4489       3025.5378       2150.7418       41.643575       45.654772       55.341414       8.1057269      
1.1227778       3544.0486       3395.8154       3025.0726       2150.8452       42.527144       46.587603       56.758636       8.4479404      
1.1233333       3543.2579       3394.9447       3024.3698       2150.6715       42.980233       47.097249       58.200214       9.7452039      
1.1238889       3542.3923       3394.0091       3023.6344       2150.5391       43.607468       47.782388       59.846374       9.275276       
1.1244444       3541.6879       3393.2323       3023.0566       2150.5827       44.4687         48.710294       62.023578       10.409661      
1.125           3540.9654       3392.4273       3022.4255       2150.5224       45.148062       49.453581       64.089013       13.821976      
1.1255556       3540.218        3391.6112       3021.8216       2150.567        46.075548       50.440146       66.407786       18.863916      
1.1261333       3537.7631       3388.6802       3018.8799       2147.7441       46.89645        51.28774        68.927853       24.389962      
1.1267111       3536.8334       3387.6634       3018.1394       2147.8251       47.707394       52.172667       71.891157       32.608287      
1.1272889       3536.7133       3387.532        3018.2486       2148.5393       48.587213       53.117288       75.259762       39.856171      
1.1278667       3536.2422       3387.0279       3017.9563       2148.8977       49.329298       53.937327       79.19191        57.683038      
1.1284444       3535.6509       3386.4161       3017.6042       2149.2554       50.396133       55.067273       83.785766       74.487545      
1.1290222       3534.9512       3385.667        3017.0707       2149.3682       51.233742       55.970593       88.442744       81.246897      
1.1296          3534.2041       3384.8693       3016.4985       2149.4565       52.165874       56.95622        93.331296       117.37155      
1.1301778       3533.3989       3384.0233       3015.8782       2149.5109       53.143063       57.994955       99.32871        149.40408      
1.1307556       3532.5633       3383.1281       3015.209        2149.5144       54.103104       59.012466       106.11873       193.70678      
1.1313333       3531.6862       3382.1832       3014.4781       2149.4274       54.92171        59.888073       113.19562       234.33945      
1.1319111       3530.6962       3381.124        3013.6294       2149.2056       55.564085       60.588458       120.20875       281.71971      
1.1324889       3529.9087       3380.2677       3012.9856       2149.2016       56.494342       61.563759       127.44351       348.59655      
1.1330667       3528.8928       3379.1734       3012.0843       2148.9006       57.028723       62.157678       135.72251       380.44872      
1.1336444       3527.8928       3378.1143       3011.2719       2148.7964       57.957223       63.131117       144.72873       414.28757      
1.13428         3523.013        3372.2513       3005.1916       2142.352        59.15739        64.346849       155.75308       445.81651      
1.1349156       3521.4962       3370.6545       3004.0279       2142.3515       59.788044       65.067518       167.38753       475.62491      
1.1355511       3521.7898       3371.0288       3004.7399       2143.7257       60.536735       65.920444       179.14585       521.1663       
1.1361867       3521.503        3370.7671       3004.7491       2144.5217       61.3447         66.880871       192.61815       558.61876      
1.1368222       3520.7636       3370.0565       3004.3387       2144.8531       62.011198       67.667859       207.67154       585.85964      
1.1374578       3520.0707       3369.3406       3003.8797       2145.1517       63.065244       68.881351       225.40602       613.21012      
1.1380933       3519.3124       3368.5438       3003.3278       2145.3341       64.167038       70.16078        245.89716       640.69435      
1.1387289       3518.343        3367.5134       3002.511        2145.1842       64.872008       71.046804       265.25981       678.15896      
1.1393644       3517.3702       3366.4673       3001.6673       2144.991        65.565495       71.960158       289.03533       705.51811      
1.14            3516.3842       3365.4089       3000.8239       2144.8361       66.402072       72.983291       310.81456       744.64851      
1.1406667       3513.5679       3362.0751       2997.5116       2141.7881       67.787599       74.648849       336.80127       784.38292      
1.1413333       3512.3396       3360.7722       2996.5518       2141.8576       68.925378       76.037519       355.11881       821.48701      
1.142           3512.0993       3360.5297       2996.6065       2142.7197       70.379408       77.802558       377.76414       850.13189      
1.1426667       3511.3562       3359.7619       2996.1138       2143.0825       71.547998       79.252121       391.9768        878.83163      
1.1433333       3510.5673       3358.9414       2995.5661       2143.3648       72.87088        80.862166       406.60344       896.86972      
1.1440278       3508.1015       3356.0536       2992.7811       2141.065        74.56735        82.794625       409.28286       923.93623      
1.1447222       3506.959        3354.8663       2991.9722       2141.3871       76.237515       84.674171       428.24526       950.6004       
1.1454167       3506.5209       3354.4266       2991.8496       2142.1694       77.955247       86.5706         436.28306       979.54367      
1.1461111       3505.681        3353.5726       2991.314        2142.6399       79.740601       88.570805       447.19113       1005.0915      
1.1468056       3504.8322       3352.7066       2990.7741       2143.1245       81.860983       90.611063       439.34054       1025.5193      
1.1475          3503.8864       3351.7168       2990.087        2143.4537       84.003344       92.97348        445.97361       1047.4625      
1.1481944       3502.7908       3350.5758       2989.259        2143.6636       86.148608       95.316796       454.39242       1064.3848      
1.1488889       3501.6631       3349.3977       2988.3908       2143.8533       88.409986       98.334453       465.95453       1074.1335      
1.1495833       3500.5359       3348.228        2987.5543       2144.1358       90.871256       101.11972       497.7689        1088.4508      
1.1502778       3499.5159       3347.1727       2986.8533       2144.6399       93.850149       105.85634       488.39245       1103.393       
1.1509722       3498.4777       3346.0799       2986.064        2144.9694       96.524782       111.02632       485.97757       1119.0622      
1.1516667       3497.4377       3345.0066       2985.3415       2145.5204       99.863564       122.35048       481.2468        1132.7226      
1.1523611       3496.4357       3343.976        2984.6468       2146.0956       103.30493       131.37297       482.33622       1146.4735      
1.1530556       3495.2939       3342.8072       2983.778        2146.4306       106.39315       144.32836       480.53934       1157.3178      
1.15375         3494.3271       3341.848        2983.1433       2147.1671       110.42825       157.35837       478.5564        1168.9834      
1.1544444       3493.467        3341.0464       2982.6628       2148.1703       115.30584       175.17689       477.14193       1179.8045      
1.1551389       3492.561        3340.0178       2982.0307       2149.1704       120.7376        193.10188       477.34843       1192.0209      
1.1558333       3491.8419       3339.475        2981.7852       2150.7665       127.72018       212.05188       478.9521        1201.171       
1.1565278       3491.4233       3338.4858       2981.6966       2152.7303       135.35035       228.7107        479.88588       1208.2815      
1.1572222       3490.9178       3337.5703       2981.6694       2154.9934       144.56141       243.5363        480.03394       1224.8806      
1.1579167       3490.2503       3336.9026       2981.627        2157.3651       154.43377       258.48283       480.16499       1228.9095      
1.1586111       3489.8586       3336.6          2982.0122       2160.5632       166.54285       269.50201       484.44871       1234.3993      
1.1593056       3489.2586       3336.0689       2982.1675       2163.4188       178.17262       282.86586       485.76495       1237.0193      
1.16            3488.8324       3335.7083       2982.5588       2166.7044       191.51798       303.5726        487.0485        1241.8806      
1.1607407       3486.3322       3332.7586       2980.3316       2168.2441       211.88414       332.80223       488.49454       1244.4686      
1.1615111       3484.8731       3331.2031       2980.1001       2173.0456       235.10268       333.44347       488.99511       1245.2442      
1.1622815       3485.9444       3332.5897       2983.0116       2181.7224       261.3353        345.05405       487.8366        1249.0018      
1.1630519       3487.4396       3334.4717       2986.5987       2191.9967       292.28019       345.54597       491.06682       1252.5728      
1.1638222       3488.5096       3335.9973       2990.1095       2203.2818       327.7178        349.633         493.67473       1255.0883      
1.1645926       3489.9414       3337.9608       2994.447        2217.0698       369.8898        349.22635       495.14259       1254.5239      
1.165363        3491.6629       3340.3021       2999.4655       2232.6773       418.37007       350.67382       495.92655       1250.6339      
1.1661333       3493.1958       3342.3898       3004.2672       2249.2958       473.49683       351.28267       496.18671       1244.6122      
1.1669037       3495.404        3345.4195       3010.7593       2269.8616       539.66537       345.30095       494.97499       1237.4567      
1.1676741       3498.1592       3348.9764       3017.9329       2291.1951       608.10672       340.10396       494.73838       1232.9175      
1.1684958       3499.2985       3350.6723       3023.6623       2312.404        691.73579       337.7311        492.48252       1223.4945      
1.1693175       3501.7979       3353.9534       3030.5647       2332.4598       764.90702       331.18203       491.06375       1222.7618      
1.1701393       3505.7194       3358.858        3039.3858       2357.0689       841.48187       321.14945       489.4202        1231.9112      
1.170961        3510.9201       3365.3512       3051.1876       2390.5682       933.74357       308.85594       488.82062       1238.5894      
1.1717827       3516.2738       3372.1787       3063.459        2423.9166       1005.4393       306.61741       486.69177       1249.0387      
1.1726044       3521.7495       3378.9129       3075.6299       2457.977        1070.9383       299.69415       484.42804       1263.1382      
1.173344        3529.3632       3388.6072       3090.2433       2489.2153       1104.4035       297.49966       480.71323       1276.2042      
1.1740836       3535.0467       3395.4526       3101.7072       2518.8714       1144.7595       292.5623        477.29487       1289.3606      
1.1748231       3537.1254       3398.341        3108.9141       2544.2334       1152.6318       287.67479       472.78769       1306.643       
1.1755627       3541.6728       3404.1165       3119.8899       2578.3719       1209.6046       286.79719       469.57471       1320.2427      
1.1763022       3542.9501       3405.6731       3123.8346       2592.4845       1214.8935       285.7073        469.53845       1328.2687      
1.1770418       3545.0124       3408.2138       3128.8784       2608.565        1218.2046       286.99877       465.04435       1340.1962      
1.1777813       3547.3736       3411.1489       3134.9132       2626.2385       1218.8856       291.1617        457.91326       1352.2231      
1.1785209       3549.2126       3413.3121       3138.7817       2634.9974       1189.532        294.8427        452.22374       1355.9477      
1.1792604       3550.1406       3414.3561       3141.4922       2647.0772       1173.9874       297.12342       445.29313       1358.4809      
1.18            3551.2324       3415.6292       3144.1512       2655.4202       1132.6693       299.81739       441.08272       1395.9577      
1.1807143       3552.8407       3417.497        3147.0785       2664.5149       1108.9128       303.2068        435.3037        1378.1862      
1.181456        3551.6121       3415.8758       3145.9645       2667.4129       1089.3256       305.49583       429.18942       1375.5449      
1.1821978       3549.9474       3413.9118       3144.1725       2668.8672       1061.0556       309.1125        422.12114       1362.8188      
1.1829396       3551.2868       3415.3195       3146.735        2678.2473       1051.822        312.90548       418.89376       1370.6368      
1.1836813       3551.3851       3415.4515       3148.0626       2687.1291       1056.454        313.36006       412.35643       1362.1216      
1.1844584       3551.7666       3416.0243       3151.8741       2705.7429       1100.46         314.15058       405.76788       1374.5762      
1.1852355       3551.4214       3415.4195       3150.7331       2705.9023       1091.6311       316.65533       401.62772       1384.8318      
1.1860126       3552.1474       3416.1847       3153.0823       2715.1411       1095.1971       316.4917        395.61385       1369.9083      
1.1867896       3552.2403       3416.2529       3153.3827       2718.7514       1092.7069       319.12947       389.97461       1366.5878      
1.1875667       3550.4676       3413.9075       3150.6368       2716.6132       1087.1655       318.47851       382.06934       1359.6094      
1.1883956       3546.3843       3408.8704       3144.6759       2711.218        1091.9337       315.8798        370.97561       1351.6194      
1.1892245       3543.9101       3405.7829       3140.6713       2705.5571       1087.3288       316.7486        363.5593        1327.5012      
1.1900534       3541.7819       3402.9787       3136.5003       2699.6975       1083.1602       307.2592        352.98049       1342.2955      
1.1908823       3538.896        3399.3728       3131.5982       2692.8476       1069.4507       300.1142        340.25612       1354.7865      
1.1917111       3535.2482       3394.7941       3124.7546       2681.6083       1062.4468       293.15544       328.94596       1357.2655      
1.19254         3531.3189       3389.9347       3118.1354       2671.425        1054.3283       287.0181        317.04779       1352.9183      
1.1933689       3528.0619       3385.7738       3111.6456       2659.0859       1045.7119       280.73369       310.27138       1359.4166      
1.1941978       3523.2928       3379.8316       3103.166        2645.4027       1035.9774       272.20991       302.07658       1353.1581      
1.1950267       3518.7198       3374.1261       3095.1685       2632.5008       1028.4036       267.58332       296.00607       1362.3556      
1.1957372       3520.109        3375.8586       3095.6209       2630.8297       1020.181        263.94651       299.4482        1357.2657      
1.1964476       3517.9134       3372.7129       3090.4089       2621.5346       1020.4988       262.83329       285.10166       1356.1898      
1.1971581       3512.3567       3366.2124       3082.6227       2612.2489       1026.4099       260.11331       282.54438       1345.3847      
1.1978686       3508.5862       3361.6783       3076.825        2605.4551       1032.6241       259.20875       284.92142       1340.9538      
1.1985791       3505.2096       3357.5404       3071.8033       2600.8772       1032.268        261.16007       285.46964       1326.9906      
1.1992895       3501.8164       3353.4694       3066.6615       2595.4537       1028.5918       262.09027       285.06523       1326.3788      
1.2             3498.7889       3349.6973       3061.9247       2590.7644       1021.865        264.62205       291.72489       1325.8074      
1.2006897       3496.7528       3347.1093       3058.4257       2586.392        1017.2519       265.24647       296.85243       1306.4908      
1.2013793       3493.9517       3343.6309       3053.6932       2580.3443       1011.053        267.36774       301.70388       1314.4027      
1.2020955       3489.3138       3338.0582       3047.0401       2572.9498       1009.2802       268.49314       302.28754       1320.1602      
1.2028117       3486.1089       3334.2483       3042.3377       2567.7534       1004.3993       271.19864       317.26718       1338.6552      
1.2035279       3483.6841       3331.2423       3038.3172       2562.4895       1006.0202       274.01696       340.28267       1355.985       
1.204244        3480.9051       3327.8312       3033.5707       2554.7301       1002.4829       276.29003       372.87325       1376.811       
1.2049602       3477.7932       3323.9987       3028.137        2545.398        997.3117        278.70525       378.3385        1399.103       
1.2056764       3475.0245       3320.6603       3023.7405       2538.2272       992.75433       278.32374       379.89932       1433.2025      
1.2063926       3472.3316       3317.3503       3019.1418       2530.6265       987.85825       280.10849       383.37393       1513.8704      
1.2071088       3469.9226       3314.4212       3015.3109       2524.7649       981.4456        279.03681       376.05282       1621.7854      
1.2078249       3467.2592       3311.1248       3010.6383       2516.8629       976.7363        283.26368       374.37301       1593.63        
1.2085859       3463.042        3305.9448       3004.4158       2508.1908       970.66093       285.36332       375.94807       1611.3078      
1.2093468       3460.385        3302.8167       3000.4744       2502.4539       962.59002       287.96165       378.06455       1612.2207      
1.2101078       3458.6102       3300.5398       2997.1153       2496.5065       953.80286       288.34237       384.04602       1607.9142      
1.2108687       3456.2876       3297.7201       2993.2469       2489.8088       945.85685       288.84          391.37203       1590.7195      
1.2116296       3454.4194       3295.4123       2990.0751       2484.1305       938.96891       288.85207       398.03094       1568.3505      
1.2123906       3452.3424       3292.829        2986.4303       2477.4087       930.96991       288.78519       401.38829       1563.4693      
1.2131515       3450.0109       3290.0123       2982.6346       2470.6714       923.12349       290.47749       413.07904       1536.0651      
1.2139125       3447.9426       3287.4613       2979.1045       2464.2173       916.2046        288.06859       416.44091       1526.0135      
1.2146734       3446.1135       3285.1818       2975.9608       2458.229        909.09586       283.73559       423.6201        1499.0121      
1.2154344       3443.9769       3282.5335       2972.2103       2451.1656       902.81275       275.64057       426.96049       1488.614       
1.2161953       3442.1535       3280.2333       2969.0016       2444.8207       898.47395       268.78293       435.28927       1468.5288      
1.2169562       3440.4814       3278.1118       2965.9745       2438.9241       895.65879       262.7001        444.63397       1453.0326      
1.2177172       3438.8794       3276.0819       2963.1748       2433.6668       892.95984       255.5209        442.56991       1434.3154      
1.2184781       3437.288        3274.0641       2960.3345       2428.3861       889.79798       232.44508       457.18654       1417.7923      
1.2192391       3435.8907       3272.2653       2957.8612       2423.9739       886.86788       223.70639       460.07689       1402.9791      
1.22            3434.6812       3270.6858       2955.6433       2419.7954       886.43922       226.1839        476.57894       1384.7245      
1.2208333       3430.8446       3265.8045       2949.8252       2411.5954       887.59422       233.2088        474.88727       1366.2734      
1.2217045       3428.0597       3262.4232       2946.0334       2406.3792       890.7938        267.63674       484.53222       1348.9191      
1.2225758       3427.6466       3261.7317       2944.8155       2403.8224       893.38752       272.51585       501.34226       1330.8259      
1.223447        3426.8983       3260.699        2943.2131       2400.7277       896.14428       283.07504       539.22496       1313.1145      
1.2243182       3425.9477       3259.5125       2941.6487       2398.308        904.17584       281.72098       551.53616       1295.7398      
1.2252406       3423.8495       3256.786        2938.5865       2394.8597       913.23871       290.17223       565.61612       1281.8756      
1.2261631       3422.797        3255.6106       2937.4064       2394.1434       918.36645       299.14257       566.47286       1269.935       
1.2270856       3422.3909       3254.9961       2936.6977       2394.1375       924.11692       309.60568       572.91686       1258.3599      
1.228008        3421.8696       3254.3853       2936.2824       2395.2069       931.64433       322.7078        576.76652       1239.4861      
1.2289305       3421.4383       3253.8391       2935.9814       2396.6621       935.55632       335.1636        585.11963       1222.7941      
1.2298529       3420.9393       3253.2654       2935.7901       2398.4919       938.36756       350.65593       591.01754       1210.3985      
1.2307754       3420.4651       3252.7094       2935.643        2400.5501       939.70389       366.80853       596.50709       1204.8659      
1.2316979       3420.1498       3252.3432       2935.7855       2403.1284       942.74966       382.05158       601.05724       1195.2255      
1.2326203       3420.357        3252.5617       2936.6906       2406.6435       946.44067       400.21249       608.67512       1187.8565      
1.2335428       3420.5325       3252.6822       2937.4024       2409.7724       948.50946       417.11049       613.2672        1180.2286      
1.2344652       3420.4972       3252.6199       2937.8765       2412.0254       946.78887       434.95891       618.78387       1171.9881      
1.2353877       3420.1206       3252.127        2937.7522       2413.1861       943.11954       450.41136       631.30326       1164.1524      
1.2363102       3419.8496       3251.7923       2937.8493       2414.5216       939.82201       469.26716       632.02799       1158.4008      
1.2372326       3419.3469       3251.1913       2937.6403       2415.6596       933.87945       481.66122       634.33878       1152.4121      
1.2381551       3418.9779       3250.8109       2937.9428       2418.7083       919.57882       494.32468       641.94652       1145.5844      
1.2390775       3418.7478       3250.5274       2938.2914       2421.6515       899.11531       495.77427       645.60701       1136.481       
1.24            3418.4733       3250.1785       2938.4281       2423.56         879.76499       507.46645       650.36289       1129.7087      
1.2409091       3418.4956       3250.1765       2938.7684       2424.5897       861.85276       521.95517       651.98493       1124.182       
1.2418182       3417.8296       3249.3545       2938.1477       2424.3411       840.07087       543.83149       653.32024       1120.1786      
1.2427273       3416.5381       3247.8317       2936.6039       2422.1463       819.7926        568.34304       654.64035       1116.0351      
1.2436364       3414.8027       3245.8218       2934.3889       2418.425        811.99795       569.46335       653.3792        1109.6671      
1.2445455       3413.8352       3244.6547       2933.2051       2416.2908       831.26883       569.4309        652.74237       1105.4023      
1.2454545       3412.5264       3243.0092       2931.2988       2412.1279       855.9271        566.54201       651.52062       1099.4522      
1.2463636       3411.2181       3241.5332       2929.6965       2409.2678       878.19855       565.88976       651.38142       1092.8634      
1.2472727       3409.4115       3239.259        2926.8496       2402.037        896.87561       560.95501       645.60012       1086.065       
1.2481818       3407.5361       3237.0426       2923.6288       2394.3584       910.92469       556.3272        641.6386        1080.0071      
1.2490909       3405.2523       3234.2329       2920.0298       2384.6704       923.45891       552.13619       637.03599       1073.7464      
1.25            3403.8998       3232.5862       2917.9622       2379.459        950.96901       549.59418       635.81869       1068.2633      
1.2509091       3401.9261       3230.2197       2914.9321       2372.7871       970.1708        546.62967       633.17032       1060.3766      
1.2518182       3399.9714       3227.867        2911.9271       2365.8077       993.34016       544.56172       630.42066       1053.6522      
1.2527273       3397.9663       3225.4561       2908.837        2358.8082       1016.8023       542.61141       628.00121       1047.541       
1.2536364       3395.3415       3222.3685       2904.8606       2350.3551       1038.8548       541.5141        619.7119        1042.8323      
1.2545455       3393.4669       3220.0175       2901.7546       2343.0055       1064.1203       543.88819       617.87047       1036.6545      
1.2554545       3391.6757       3217.9445       2898.9877       2337.5605       1092.6751       548.53772       617.16911       1028.9253      
1.2563636       3389.6678       3215.4168       2895.75         2329.9504       1118.6606       554.79688       611.53541       1021.9864      
1.2572727       3387.2245       3212.6024       2892.2241       2323.4141       1139.1389       560.34477       608.1384        1013.696       
1.2581818       3384.8242       3209.8813       2889.3182       2319.198        1171.9012       575.13476       604.72573       997.15585      
1.2590909       3381.9769       3206.5541       2884.8529       2310.7397       1180.8714       581.60406       601.99545       990.68157      
1.26            3378.9941       3203.0658       2880.5686       2303.003        1181.0648       592.7           599.8179        986.02706      
1.2609091       3376.4789       3200.114        2876.8376       2296.7875       1186.8842       598.84          602.93966       981.81994      
1.2618182       3374.126        3197.3308       2873.379        2291.0581       1196.3535       608.52591       606.12558       977.884        
1.2627273       3371.7951       3194.6479       2870.2718       2286.9683       1210.9842       618.73888       606.54367       974.13159      
1.2636364       3369.3974       3191.8821       2867.0007       2282.9595       1222.8894       628.00643       607.26881       970.5034       
1.2645455       3366.8213       3188.7949       2863.253        2276.8916       1204.2308       639.92555       608.93866       968.02692      
1.2654545       3364.4512       3186.0608       2859.6802       2271.8049       1194.6608       645.80164       611.08978       963.68978      
1.2663636       3361.7424       3182.8267       2855.697        2266.3003       1176.5911       662.88828       614.02692       960.35304      
1.2672727       3359.4237       3180.3221       2853.1626       2264.9795       1170.5153       668.76514       616.90474       956.4687       
1.2681818       3357.2112       3177.7732       2850.4073       2263.1025       1158.6507       675.34757       620.45045       952.36815      
1.2690909       3355.1868       3175.5245       2848.1579       2262.2237       1146.0813       679.16495       623.10636       947.97302      
1.27            3353.0011       3172.9836       2845.2332       2258.4138       1122.0645       683.12958       626.34051       944.15819      
1.2709091       3350.5854       3170.1468       2841.7613       2254.0263       1103.0596       685.74469       628.57375       940.81577      
1.2718182       3347.9196       3167.0901       2838.1887       2249.6413       1084.4593       686.18552       630.65834       936.51177      
1.2727273       3344.8003       3163.6517       2834.4216       2245.7944       1065.5907       685.26595       631.12336       929.81105      
1.2736364       3343.205        3161.6947       2832.0817       2243.439        1036.3726       686.24576       634.91591       928.38045      
1.2745455       3339.8851       3158.0934       2828.2395       2240.0561       1016.6738       683.31936       635.83511       924.03142      
1.2754545       3338.8523       3156.6606       2826.3328       2237.8143       1003.1476       683.69942       641.17687       924.08884      
1.2763636       3335.4894       3152.9826       2822.2589       2233.415        988.41133       679.48572       641.82282       919.51831      
1.2772727       3333.6878       3150.7765       2819.5039       2229.5492       974.50703       677.09575       644.882         914.38836      
1.2781818       3330.6942       3147.5337       2816.0404       2226.1354       962.21999       672.51416       646.61484       913.15953      
1.2790909       3330.6252       3147.2561       2815.7981       2226.5106       959.14627       673.43976       654.29546       914.88857      
1.28            3328.2682       3144.6896       2813.1681       2223.9502       955.37756       669.35269       659.20594       914.2163       
1.2809091       3326.6492       3142.8104       2811.1196       2221.9482       949.96227       665.34654       668.1922        912.41451      
1.2818182       3325.2125       3141.1846       2809.5478       2221.4091       945.73224       661.47496       672.80698       913.35833      
1.2827273       3323.8632       3139.6665       2808.1409       2220.8825       941.45743       657.7893        676.20926       912.36986      
1.2836364       3321.2716       3136.8892       2805.3911       2218.8996       935.90934       650.77486       676.85532       906.15915      
1.2845455       3319.6529       3135.1078       2803.7619       2218.3009       931.20782       643.88629       677.81438       902.01584      
1.2854545       3318.8878       3134.2519       2803.2452       2219.2444       930.73047       640.21211       681.63276       902.25058      
1.2863636       3316.7524       3132.0434       2801.4127       2219.193        930.67362       633.99386       677.26311       899.94186      
1.2872727       3315.3808       3130.5378       2800.1289       2219.1542       931.22942       629.23001       679.21521       898.68616      
1.2881818       3314.0917       3129.1409       2799.0136       2219.5787       932.33816       626.54757       681.34227       897.21989      
1.2890909       3312.662        3127.5929       2797.718        2219.6378       931.22593       625.79296       683.99462       901.88501      
1.29            3311.0203       3125.8767       2796.3373       2220.0296       932.21567       625.7408        685.71076       900.30972      
1.2909091       3309.3347       3124.0433       2794.6732       2219.567        929.54195       626.78452       686.84265       895.07922      
1.2918182       3307.7142       3122.3054       2793.1625       2219.5157       927.35921       627.86393       688.04521       890.72671      
1.2927273       3305.9115       3120.4191       2791.5958       2219.4686       923.6453        628.9655        688.6042        886.74378      
1.2936364       3304.4227       3118.8565       2790.34         2219.5454       921.62922       630.32883       688.85759       881.90902      
1.2945455       3303.0204       3117.359        2789.1514       2219.983        927.04323       632.31056       689.51507       877.51605      
1.2954545       3301.8757       3116.1216       2788.1971       2220.4388       927.86557       634.37793       689.27351       872.46899      
1.2963636       3300.8148       3114.9443       2787.2234       2220.6373       929.32345       637.71892       688.59308       867.60109      
1.2972727       3299.4337       3113.4441       2785.9167       2220.4896       927.22653       641.59165       687.58003       863.41059      
1.2981818       3298.1398       3112.0035       2784.5569       2219.8289       925.51867       645.6986        686.26402       859.64179      
1.2990909       3296.5448       3110.2606       2782.8883       2218.7509       921.32893       648.54003       684.48679       855.54257      
1.3             3295.2137       3108.8258       2781.4111       2217.7434       916.58725       652.03438       682.41649       851.55493      
1.3009091       3293.6867       3107.1297       2779.7782       2216.365        910.37285       655.16876       680.33585       847.49159      
1.3018182       3292.6539       3105.8115       2778.4764       2215.228        905.034         658.04146       678.57463       842.80384      
1.3027273       3291.7742       3104.668        2777.1924       2213.7865       899.80027       660.4946        676.16732       838.97917      
1.3036364       3291.2059       3103.7806       2775.9694       2212.1118       894.4682        662.49945       674.02027       835.20517      
1.3045455       3289.1789       3101.4291       2773.2282       2208.6359       886.15676       661.49755       671.64203       828.53491      
1.3054545       3288.4965       3100.4648       2771.9844       2206.7637       881.55643       663.95894       670.23561       826.03938      
1.3063636       3288.0223       3099.6229       2770.651        2204.4638       875.60745       665.49165       665.64442       822.71357      
1.3072727       3287.0906       3098.3889       2769.0458       2201.8505       869.83304       667.40194       664.71259       819.9843       
1.3081818       3286.8958       3097.7483       2767.7143       2198.9093       863.67296       668.73516       663.76566       815.91821      
1.3090909       3285.7627       3096.293        2765.8094       2195.6073       857.53128       670.09792       662.19141       813.22979      
1.31            3284.1007       3094.1823       2762.9282       2190.7199       847.65851       667.79891       652.20144       807.28306      
1.3109091       3283.0661       3092.8228       2761.09         2187.1974       841.7032        668.63641       650.1725        805.36343      
1.3118182       3282.1027       3091.5025       2759.205        2183.641        835.6505        669.32408       650.92175       803.85745      
1.3127273       3281.039        3090.1244       2757.3735       2180.2675       830.04258       669.76024       651.68866       802.19633      
1.3136364       3280.1279       3088.8684       2755.5817       2176.807        824.53256       669.34066       651.84824       800.38014      
1.3145455       3278.9312       3087.3253       2753.5124       2173.1119       819.32756       668.77744       654.01775       798.52542      
1.3154545       3277.4415       3085.5062       2751.1263       2168.7979       814.07622       667.53399       658.23714       796.93941      
1.3163636       3275.8224       3083.5706       2748.7326       2164.6509       810.38904       666.37966       661.39991       795.85595      
1.3172727       3273.7921       3081.2448       2745.9361       2160.3116       806.18454       663.62055       659.43896       792.65719      
1.3181818       3271.9721       3079.1445       2743.3769       2155.8646       803.28934       661.8729        658.90911       791.56668      
1.3190909       3269.1311       3075.8612       2739.3522       2149.66         795.65905       654.96126       653.61722       785.21192      
1.32            3266.4265       3073.028        2736.4672       2145.4389       793.60587       653.55918       654.5036        785.04901      
1.3209524       3266.2663       3072.2596       2735.0348       2142.67         794.3506        653.70265       657.92804       786.05034      
1.3219048       3262.9133       3068.8345       2731.7816       2138.2698       791.61989       650.85822       659.15356       786.4264       
1.3228571       3261.1062       3066.6446       2728.715        2133.3038       784.54842       643.0433        655.65216       780.34286      
1.3238095       3259.2488       3064.6837       2726.9103       2130.5618       785.0646        641.53226       657.48964       781.73659      
1.3247619       3258.1556       3063.366        2725.1948       2127.9475       784.67472       639.47248       659.41237       780.35301      
1.3257143       3256.8768       3061.9447       2723.8245       2125.9496       790.95126       638.92792       660.82011       781.75757      
1.3266667       3255.595        3060.4509       2722.0903       2124.0085       795.34711       638.12139       662.01637       779.7516       
1.327619        3254.1995       3058.9157       2720.5888       2122.1734       798.65541       638.74306       663.83471       781.84943      
1.3285714       3252.9126       3057.3982       2718.8575       2120.2061       799.57845       639.20402       664.21432       779.71151      
1.3295238       3251.2449       3055.6267       2717.1817       2118.4369       802.36809       639.92193       666.03936       780.30641      
1.3305714       3248.1874       3051.828        2713.1849       2114.4603       804.81405       641.19831       666.60096       776.40517      
1.331619        3246.6781       3050.2281       2711.7368       2113.2861       805.17496       641.60609       668.97194       775.62543      
1.3326667       3246.3796       3049.8737       2711.5817       2113.7911       808.71773       641.84853       671.35927       774.00524      
1.3337143       3245.2901       3048.76         2710.7631       2113.8616       813.387         644.42182       673.65223       772.66653      
1.3347619       3245.6009       3049.0005       2711.2368       2115.4374       820.24088       649.89491       677.74238       772.7027       
1.3358095       3243.8743       3047.2058       2709.7581       2115.1091       824.6744        655.07865       678.83556       770.70056      
1.3368571       3242.4843       3045.7422       2708.5144       2114.8862       828.04199       655.58067       679.0996        767.83575      
1.3379048       3241.2946       3044.4479       2707.4605       2114.9519       831.50714       652.22722       679.4168        765.08113      
1.3389524       3240.1921       3043.258        2706.5453       2115.289        835.02325       653.70123       679.64918       762.01777      
1.34            3240.0412       3043.0399       2706.678        2116.9928       840.74752       653.78047       681.91407       760.43138      
1.3410526       3238.2387       3041.1353       2705.1597       2117.0361       844.52951       657.54365       681.88423       754.61712      
1.3421053       3236.9892       3039.8001       2704.1165       2117.422        847.22796       660.27696       682.40416       749.88999      
1.3431579       3236.842        3039.5753       2704.2611       2119.1394       850.35946       663.63637       685.15909       747.77122      
1.3442105       3235.2422       3037.8573       2702.7939       2118.8749       850.12223       663.39025       684.56257       744.01554      
1.3452632       3233.7455       3036.2508       2701.4175       2118.6019       849.72784       659.01265       684.03256       739.72513      
1.3463158       3233.6266       3036.0324       2701.5207       2120.1403       852.27036       669.4104        686.79955       737.85841      
1.3473684       3232.1912       3034.4582       2700.099        2119.5019       850.52274       673.98371       686.01777       732.15198      
1.3484211       3231.0372       3033.1232       2698.8324       2118.9547       847.68469       680.10514       685.41157       728.85847      
1.3494737       3231.0564       3033.0522       2699.0721       2120.3967       848.68812       687.06384       689.29936       731.27781      
1.3505263       3229.4088       3031.2443       2697.3474       2119.1606       844.43098       691.13594       688.83992       729.51157      
1.3515789       3228.3477       3030.0529       2696.3265       2118.8302       842.28968       700.16751       691.06579       730.29811      
1.3526316       3226.8079       3028.3912       2694.8408       2117.8595       839.21553       700.07539       693.05243       729.14239      
1.3536842       3225.9836       3027.4309       2694.0222       2117.5508       837.79619       700.79321       696.44461       732.11377      
1.3547368       3224.272        3025.6003       2692.3689       2116.3159       835.16471       699.02364       698.8175        735.0128       
1.3557895       3223.1845       3024.3884       2691.313        2115.7133       834.59095       699.61177       702.62679       741.36028      
1.3568421       3222.0528       3023.0858       2690.0381       2114.3853       832.36267       698.76016       705.86922       748.03527      
1.3578947       3221.2321       3022.117        2689.1656       2113.7114       832.01539       698.88391       710.03875       757.3749       
1.3589474       3220.4521       3021.1315       2688.1296       2112.4689       829.76139       696.81298       713.44402       770.52416      
1.36            3219.1242       3019.6522       2686.7281       2111.0834       828.49873       695.58856       717.65122       784.56732      
1.3611765       3217.3477       3017.0617       2683.8699       2107.776        828.35511       694.76043       722.91718       803.701        
1.3623529       3214.5934       3014.2684       2681.4307       2105.5614       826.34913       694.47538       727.92218       822.27944      
1.3635294       3214.5509       3014.0685       2681.1509       2104.6837       823.5247        695.71772       733.18811       839.20446      
1.3647059       3213.8557       3013.2276       2680.3107       2103.4193       821.33993       699.55331       739.56224       857.77067      
1.3658824       3213.002        3012.1951       2679.2168       2101.7742       819.24814       703.55699       744.93243       876.46901      
1.3670588       3211.5909       3010.6692       2677.7923       2100.1443       819.47444       707.83259       750.70565       893.85825      
1.3682353       3210.6612       3009.5429       2676.6428       2098.5131       819.65925       712.44149       756.27882       913.93245      
1.3694118       3208.8757       3007.6222       2674.7899       2096.351        820.31019       717.02802       760.71458       938.09826      
1.3705882       3207.4378       3005.968        2673.117        2094.2254       821.48461       721.84694       765.27887       959.31181      
1.3717647       3204.7422       3003.1694       2670.4265       2091.1182       823.53869       726.02357       768.90859       976.71418      
1.3729412       3203.6743       3001.896        2669.1716       2089.5472       826.65704       732.51367       774.99605       1001.7261      
1.3741176       3200.9715       2999.1534       2666.7489       2087.2173       830.26173       738.32126       780.46075       1026.3028      
1.3752941       3199.7324       2997.7403       2665.418        2085.7934       835.26828       744.82218       785.91878       1048.8511      
1.3764706       3196.7624       2994.7092       2662.6527       2082.9754       835.42726       750.32488       790.20026       1072.0978      
1.3776471       3194.5948       2992.4048       2660.5104       2080.8195       838.25424       756.39317       794.51488       1098.9915      
1.3788235       3192.7476       2990.455        2658.8009       2079.329        843.1438        763.49327       799.95465       1123.4133      
1.38            3190.8951       2988.4852       2657.0497       2077.7487       848.80117       770.78963       806.00917       1149.4023      
1.38125         3187.0894       2984.3708       2653.2624       2074.2907       862.76946       778.02539       811.25643       1178.8957      
1.3825          3185.4404       2982.5755       2651.6934       2073.2248       866.85069       784.90375       815.87722       1205.1479      
1.38375         3183.5139       2980.6553       2650.2178       2072.4115       874.5636        792.52529       822.43879       1234.309       
1.385           3181.6559       2978.7165       2648.5845       2071.4965       877.59466       799.22623       827.03831       1260.2572      
1.38625         3179.4799       2976.5629       2646.991        2071.2182       884.52698       807.25093       833.81979       1292.3036      
1.3875          3178.0093       2974.9935       2645.7332       2070.6875       889.59628       815.20527       838.67996       1322.3388      
1.38875         3176.0137       2972.9267       2644.0415       2069.925        895.05831       822.41303       842.14294       1351.2567      
1.39            3174.4572       2971.3131       2642.8825       2070.1614       900.21463       829.72679       841.6478        1378.1797      
1.39125         3172.8333       2969.5818       2641.5045       2069.7106       904.59455       836.89502       844.54899       1407.655       
1.3925          3171.3645       2968.0345       2640.3691       2070.061        909.08203       844.11505       847.93942       1434.8192      
1.39375         3169.723        2966.3143       2639.0939       2070.0309       913.73462       851.60898       850.7846        1463.9077      
1.395           3168.5527       2965.0009       2638.0509       2070.1496       917.3293        858.11079       856.82363       1491.4754      
1.39625         3166.6717       2963.0057       2636.3907       2069.3962       920.90142       864.46426       864.69126       1518.4989      
1.3975          3165.6364       2961.8915       2635.7737       2070.8707       925.76579       871.3511        870.42218       1545.2498      
1.39875         3164.8703       2960.9809       2635.1658       2071.3803       929.22446       877.68947       876.74335       1572.0825      
1.4             3163.5146       2959.5371       2634.1776       2072.1382       929.63116       884.19073       884.6709        1598.9011      
1.4013333       3161.6623       2957.3011       2632.3263       2071.9049       933.34799       891.12026       892.82014       1626.3682      
1.4026667       3160.5679       2956.0803       2631.5202       2072.7272       937.47526       896.72014       900.91535       1655.6974      
1.404           3159.2804       2954.7531       2630.712        2073.5213       941.96773       902.79564       909.55685       1686.1524      
1.4053333       3158.4489       2953.8455       2630.25         2074.7821       946.34988       908.67334       918.06587       1716.8316      
1.4066667       3157.4237       2952.7221       2629.5898       2075.9172       950.91889       914.2345        925.2783        1747.0333      
1.408           3156.4032       2951.6127       2628.9086       2076.8754       955.2822        920.0596        933.21988       1774.8908      
1.4093333       3155.1469       2950.2715       2628.0764       2077.913        960.19704       925.64023       941.83206       1803.6496      
1.4106667       3154.2223       2949.2279       2627.43         2078.9033       964.81627       930.75928       949.87408       1831.2489      
1.412           3152.8042       2947.7041       2626.3848       2079.6573       969.56801       935.47863       959.1608        1858.9232      
1.4133333       3151.5399       2946.3349       2625.4693       2080.5218       974.56211       939.96581       968.19175       1886.6254      
1.4146667       3150.7115       2945.3566       2624.8937       2081.7104       980.18881       944.61508       975.77284       1914.8837      
1.416           3149.0493       2943.5917       2623.6205       2082.3196       985.4173        948.60872       982.17806       1942.6204      
1.4173333       3147.7614       2942.1641       2622.6551       2083.2523       991.30382       953.32218       991.07654       1970.663       
1.4186667       3146.5895       2940.9321       2621.941        2084.5869       998.13267       958.64792       1000.2265       2000.7171      
1.42            3145.5266       2939.8198       2621.3742       2086.2069       1005.7717       965.24168       1010.3788       2031.1242      
1.4214286       3143.6895       2937.6043       2619.6059       2086.6862       1014.0674       972.55905       1020.41         2061.8405      
1.4228571       3142.1145       2935.9271       2618.5392       2087.9179       1021.5768       980.55272       1032.3332       2095.7411      
1.4242857       3141.3592       2935.083        2618.1778       2089.6637       1029.2542       987.72765       1041.0003       2129.7443      
1.4257143       3140.2191       2933.9129       2617.5431       2091.3394       1037.322        995.10045       1051.1279       2164.7003      
1.4271429       3139.2541       2932.8592       2616.9647       2093.0066       1045.302        1003.6352       1061.4823       2199.5423      
1.4285714       3138.4252       2931.9421       2616.6788       2095.3251       1055.0517       1014.7353       1074.5302       2236.8087      
1.43            3137.7794       2931.201        2616.5108       2097.7267       1064.9618       1025.957        1087.106        2274.2629      
1.4314286       3136.6007       2929.9171       2615.782        2099.5208       1074.0204       1035.9178       1099.4978       2310.8679      
1.4328571       3135.6748       2928.8935       2615.3473       2101.7239       1084.0707       1046.0568       1113.5575       2349.8978      
1.4342857       3134.5627       2927.6569       2614.6539       2103.5765       1093.6003       1055.011        1127.9104       2387.9956      
1.4357143       3133.7957       2926.7727       2614.336        2105.8988       1104.1131       1064.8912       1143.6822       2426.9392      
1.4371429       3132.8903       2925.7589       2613.9158       2108.2236       1115.0763       1075.3438       1160.5824       2465.686       
1.4385714       3132.0822       2924.8299       2613.5557       2110.5665       1126.3747       1085.7687       1178.1158       2504.8009      
1.44            3131.0654       2923.6853       2612.9701       2112.6996       1137.6813       1095.7212       1195.8697       2543.9504      
1.4414286       3130.0307       2922.5314       2612.3962       2114.8894       1149.3532       1106.0889       1213.8568       2580.7449      
1.4428571       3129.3106       2921.7065       2612.1977       2117.63         1162.1289       1116.263        1232.3666       2616.8264      
1.4442857       3128.4422       2920.719        2611.7971       2120.0297       1174.8284       1125.7749       1250.4439       2651.405       
1.4457143       3127.3705       2919.5118       2611.1365       2122.1213       1187.1603       1134.7015       1267.9879       2684.5461      
1.4471429       3126.3731       2918.3824       2610.556        2124.2221       1200.3663       1143.841        1286.1756       2717.3062      
1.4485714       3125.6495       2917.5294       2610.2647       2126.6334       1214.8849       1154.1537       1305.2071       2750.4846      
1.45            3124.9787       2916.7575       2610.1447       2129.5521       1229.7602       1164.6503       1324.2          2782.1527      
1.4514286       3124.5023       2916.1865       2610.2596       2132.8821       1245.5709       1175.9245       1344.615        2814.8004      
1.4528571       3123.89         2915.4874       2610.2626       2136.1455       1261.3044       1186.5781       1365.0226       2846.4896      
1.4542857       3123.3437       2914.8383       2610.2873       2139.397        1277.2998       1197.2775       1385.3746       2876.8795      
1.4557143       3122.9716       2914.3705       2610.5145       2142.9456       1293.9535       1208.4272       1406.3891       2906.8326      
1.4571429       3122.7785       2914.0882       2610.9583       2146.8328       1311.4705       1220.0216       1428.6423       2936.1517      
1.4585714       3122.5965       2913.8278       2611.4588       2150.8852       1329.2657       1231.6043       1451.843        2964.4117      
1.46            3122.2736       2913.4168       2611.7893       2154.7824       1347.2603       1242.9773       1473.1023       2989.5131      
1.4614286       3122.0992       2913.1604       2612.3063       2159.0258       1366.1287       1254.7667       1494.7934       3013.5522      
1.4628571       3121.919        2912.9149       2612.8805       2163.4536       1385.7813       1266.4932       1516.6546       3036.2998      
1.4642857       3121.8114       2912.7504       2613.5727       2168.1448       1406.6152       1278.4339       1539.9645       3058.3557      
1.4657143       3121.9061       2912.8094       2614.5539       2173.3454       1428.7154       1291.182        1564.7509       3079.7153      
1.4671429       3121.8449       2912.7058       2615.3682       2178.4653       1451.5728       1303.0471       1590.0118       3099.2942      
1.4685714       3122.0576       2912.8821       2616.4768       2183.8546       1472.8399       1315.5579       1618.2839       3118.769       
1.47            3122.2305       2913.0242       2617.5938       2189.4652       1493.7621       1327.8474       1647.4938       3136.8929      
1.4714286       3122.5054       2913.2986       2618.8817       2195.2448       1513.6849       1339.9128       1678.3632       3154.5665      
1.4728571       3122.9131       2913.6711       2620.2492       2201.2224       1534.3638       1351.5586       1710.034        3171.4873      
1.4742857       3123.3773       2914.1433       2621.7817       2207.4389       1555.0888       1362.6674       1742.269        3187.7793      
1.4757143       3123.9923       2914.7597       2623.4865       2214.0284       1576.2374       1373.7741       1774.5959       3203.2256      
1.4771429       3124.306        2915.076        2624.8717       2220.1531       1596.0926       1383.7719       1805.4204       3217.0463      
1.4785714       3125.001        2915.8052       2626.7507       2226.786        1616.6187       1394.5727       1836.3124       3230.5808      
1.48            3125.4806       2916.2784       2628.3021       2233.36         1637.4396       1404.5719       1867.1335       3242.7044      
1.4813333       3127.0285       2918.1057       2631.239        2240.8232       1655.5801       1413.8684       1896.9213       3256.1091      
1.4826667       3128.1941       2919.2688       2633.401        2247.6535       1675.4919       1423.4964       1925.365        3266.3219      
1.484           3128.8281       2919.8849       2635.0932       2254.0847       1694.1126       1432.7209       1952.74         3275.4728      
1.4853333       3129.8327       2920.8884       2637.2209       2261.246        1713.0073       1442.358        1980.2041       3285.177       
1.4866667       3130.9106       2921.9843       2639.509        2268.8235       1730.1857       1451.4815       2006.7584       3294.4251      
1.488           3131.8259       2922.905        2641.5323       2275.6754       1750.5504       1460.4625       2032.2096       3302.4822      
1.4893333       3133.1119       2924.228        2644.0562       2283.4572       1771.693        1470.2425       2057.3694       3310.3045      
1.4906667       3134.3915       2925.5373       2646.5386       2291.0443       1790.5625       1479.9453       2080.9984       3317.8128      
1.492           3135.3777       2926.529        2648.6223       2298.0549       1808.5113       1488.5424       2103.2142       3324.619       
1.4933333       3136.158        2927.2648       2650.3116       2304.1596       1823.0099       1496.2284       2124.0222       3330.4912      
1.4946667       3136.8118       2927.797        2651.9071       2310.215        1837.0278       1503.152        2143.2112       3335.2105      
1.496           3137.3084       2928.4262       2653.2451       2315.8971       1848.6492       1509.6685       2161.5457       3339.2747      
1.4973333       3137.811        2928.7528       2654.3975       2321.2422       1859.8379       1515.8589       2179.2436       3342.889       
1.4986667       3138.7684       2929.6604       2656.2789       2327.9288       1871.477        1523.6335       2197.092        3346.8628      
1.5             3139.8317       2930.6257       2658.1317       2334.6484       1883.7615       1532.3275       2215.1063       3351.8567      
1.5013333       3140.4893       2931.224        2659.4794       2338.9823       1896.7409       1539.743        2230.6886       3355.8281      
1.5026667       3141.3211       2931.8904       2660.5464       2342.2032       1909.9146       1546.8917       2245.2038       3359.3056      
1.504           3141.6522       2932.0913       2661.6072       2347.2542       1924.9238       1557.5795       2263.8838       3366.1123      
1.5053333       3143.0039       2933.3271       2663.3622       2352.225        1933.4188       1563.1262       2276.1929       3368.588       
1.5066667       3143.4053       2933.7097       2664.6498       2357.7517       1944.9497       1572.6974       2290.8282       3373.4269      
1.508           3144.67         2934.8751       2666.4091       2363.0069       1954.8335       1581.9018       2304.1259       3377.5486      
1.5093333       3145.4706       2935.4484       2667.7514       2367.7283       1963.563        1589.9433       2316.7499       3381.917       
1.5106667       3146.1818       2935.8783       2668.8532       2371.9939       1970.2077       1596.7969       2327.508        3385.3805      
1.512           3146.5872       2936.099        2669.6594       2375.5617       1977.0725       1605.0847       2338.2596       3389.1064      
1.5133333       3146.8043       2936.1409       2670.1026       2378.6377       1982.8571       1613.2824       2348.101        3392.5114      
1.5146667       3147.5743       2936.658        2671.1698       2382.8817       1988.7098       1621.9681       2357.3688       3395.6335      
1.516           3148.0774       2936.8869       2671.7962       2386.1682       1994.7252       1632.3615       2366.9905       3398.8216      
1.5173333       3148.1493       2936.7889       2672.0561       2388.9085       1999.2732       1642.359        2374.8149       3401.6497      
1.5186667       3148.3316       2936.825        2672.5386       2391.9363       2003.5998       1652.5091       2382.0826       3404.2679      
1.52            3148.4446       2936.5979       2672.502        2393.9622       2006.5637       1662.0494       2389.1815       3407.5845      
1.5213333       3148.4339       2936.3311       2672.4251       2395.6909       2007.9983       1669.98         2394.1318       3409.5408      
1.5226667       3148.6825       2936.2611       2672.6007       2398.3938       2011.8498       1681.1011       2400.9752       3412.8835      
1.524           3148.4679       2935.7999       2672.4395       2400.2788       2014.0005       1691.0234       2406.1872       3415.3594      
1.5253333       3148.6322       2935.6049       2672.4421       2402.6133       2017.231        1702.2719       2412.6571       3419.2309      
1.5266667       3148.4716       2935.3006       2672.5384       2404.6017       2018.2057       1710.8862       2416.1246       3421.0496      
1.528           3148.5124       2934.9819       2672.3318       2406.4224       2019.9526       1720.8138       2420.8426       3424.2269      
1.5293333       3148.2423       2934.4342       2672.0229       2407.9322       2020.4258       1729.7775       2424.6173       3427.1121      
1.5306667       3148.1776       2934.0623       2671.8428       2409.6273       2021.6874       1739.3092       2428.1866       3429.7335      
1.532           3148.3957       2934.01         2672.076        2411.7647       2023.6344       1749.6191       2431.852        3432.7877      
1.5333333       3148.4388       2933.7723       2672.1021       2413.8109       2025.4026       1760.4533       2435.7565       3435.7699      
1.5346667       3148.5935       2933.5805       2672.1382       2415.9202       2027.2202       1770.9209       2439.1407       3438.5278      
1.536           3148.8172       2933.4692       2672.2753       2418.0948       2028.827        1780.6216       2442.0255       3441.1465      
1.5373333       3149.1175       2933.5094       2672.6235       2420.4936       2030.5728       1790.3369       2445.3182       3443.9684      
1.5386667       3149.0717       2933.1867       2672.5615       2422.3461       2031.077        1798.9587       2447.8241       3446.3156      
1.54            3149.3462       2933.2211       2672.9285       2424.8001       2032.4658       1807.9029       2448.9741       3448.9547      
1.5413333       3149.4744       2933.0162       2672.9449       2426.9734       2033.5751       1816.3179       2450.8564       3451.3296      
1.5426667       3149.3582       2932.5179       2672.5039       2427.5802       2032.0584       1823.1048       2452.3379       3452.978       
1.544           3149.4645       2932.3042       2672.3531       2428.4561       2030.8264       1830.2214       2453.6983       3454.3026      
1.5453333       3149.4364       2931.9609       2672.2761       2430.0151       2030.6006       1837.5354       2455.2356       3455.7974      
1.5466667       3149.2453       2931.4148       2671.8338       2430.8886       2028.7996       1843.7558       2456.0768       3457.0913      
1.548           3148.9895       2930.8023       2671.3152       2431.6217       2027.1729       1849.2083       2456.5075       3457.7823      
1.5493333       3149.1271       2930.5955       2671.2373       2432.7461       2027.7466       1856.1068       2458.4331       3459.5126      
1.5506667       3149.3425       2930.4939       2671.3144       2434.0994       2028.0325       1862.1063       2460.4619       3461.1405      
1.552           3149.5618       2930.3972       2671.4025       2435.2973       2027.1214       1866.9697       2462.3796       3462.3879      
1.5533333       3149.4617       2929.9171       2670.9593       2435.8342       2025.9874       1871.7181       2464.4141       3463.4136      
1.5546667       3149.3864       2929.4394       2670.5167       2436.3561       2024.482        1875.7809       2466.3043       3464.4614      
1.556           3149.47         2929.0959       2670.2329       2436.6398       2023.1048       1879.9248       2467.749        3465.4386      
1.5573333       3149.3504       2928.7682       2669.8493       2436.8559       2021.365        1883.8423       2469.2254       3466.3948      
1.5586667       3149.2555       2928.2699       2669.2644       2436.9111       2019.7289       1887.8464       2470.9616       3467.5315      
1.56            3149.1592       2927.7485       2668.6782       2436.9355       2017.8204       1891.8699       2472.3135       3468.3549      
1.56125         3150.1902       2928.588        2669.435        2437.4274       2017.0252       1896.2149       2474.3021       3471.1211      
1.5625          3150.4413       2928.5249       2669.4417       2438.0229       2016.6513       1900.048        2475.9613       3471.7533      
1.56375         3150.2008       2927.8886       2668.765        2437.9102       2015.42         1903.143        2476.9643       3471.9163      
1.565           3150.4497       2927.7474       2668.6035       2438.3477       2015.607        1906.9279       2478.9473       3473.0896      
1.56625         3150.3512       2927.3328       2668.2491       2438.3438       2014.4849       1909.8953       2479.7665       3473.9013      
1.5675          3150.8552       2927.4313       2668.2558       2438.7097       2013.8155       1912.4134       2480.1836       3474.4121      
1.56875         3150.4817       2926.6553       2667.3333       2437.679        2011.4751       1914.423        2480.5615       3475.1731      
1.57            3150.6779       2926.4363       2666.9213       2437.2386       2009.9566       1916.7028       2481.1522       3476.1381      
1.57125         3150.6836       2926.0436       2666.3999       2436.7106       2008.7428       1919.0135       2481.3173       3476.7851      
1.5725          3150.5665       2925.5534       2665.7744       2435.9418       2006.7332       1920.6264       2481.2124       3477.1341      
1.57375         3150.7961       2925.389        2665.4711       2435.3966       2005.8091       1923.3352       2481.8838       3477.9033      
1.575           3150.53         2924.724        2664.6098       2434.0163       2004.6902       1926.2657       2482.8504       3479.0623      
1.57625         3151.0538       2924.8716       2664.6598       2434.0707       2004.5171       1928.2841       2483.307        3480.0998      
1.5775          3151.1582       2924.6346       2664.4082       2433.7908       2004.5921       1930.2241       2483.3817       3480.5302      
1.57875         3151.533        2924.6393       2664.2862       2433.2629       2004.7545       1931.9991       2483.408        3480.9707      
1.58            3151.6277       2924.3405       2663.8267       2432.2959       2005.1582       1934.6106       2483.7219       3481.6589      
1.58125         3151.9832       2924.3048       2663.6247       2431.4962       2006.2174       1937.9549       2483.8055       3481.9857      
1.5825          3152.1153       2924.0562       2663.2391       2430.4666       2007.0029       1940.8959       2483.689        3482.1805      
1.58375         3152.4488       2924.0349       2663.1778       2430.4822       2007.2148       1942.9514       2482.7139       3481.852       
1.585           3153.2149       2924.4507       2663.6055       2431.4326       2007.7364       1945.1754       2482.2072       3481.68        
1.58625         3153.1257       2924.0021       2663.093        2430.3942       2007.6516       1946.77         2481.5004       3481.3158      
1.5875          3153.5104       2924.0001       2662.9342       2429.2569       2009.2056       1948.8592       2480.9041       3480.9461      
1.58875         3153.6943       2923.8439       2662.5471       2427.8358       2007.7551       1949.2376       2479.3733       3480.0197      
1.59            3154.2943       2924.0644       2662.597        2427.0183       2008.3504       1950.7848       2478.4636       3479.4559      
1.59125         3154.4589       2923.8622       2662.3864       2427.1568       2008.7648       1952.3001       2477.6084       3478.8751      
1.5925          3155.2329       2924.3227       2662.8598       2428.0834       2007.4268       1953.6767       2476.956        3478.2881      
1.59375         3154.6016       2923.3025       2661.5438       2424.4399       2005.2339       1953.4362       2475.2028       3477.262       
1.595           3154.8278       2923.0551       2660.8287       2421.5407       2005.0867       1954.2099       2474.1679       3476.5883      
1.59625         3154.316        2922.1561       2659.7219       2419.3288       2005.8528       1955.2529       2472.7858       3475.6541      
1.5975          3154.605        2921.9956       2659.177        2417.1946       2006.2394       1956.7333       2472.0492       3474.9767      
1.59875         3154.2312       2921.3624       2658.2602       2414.7354       2006.7253       1958.2628       2471.5171       3474.6337      
1.6             3154.8073       2921.5452       2658.1721       2413.237        2008.1912       1960.4469       2471.4499       3474.5329      
1.60125         3154.1104       2920.4386       2656.7205       2410.0085       2007.3444       1960.8026       2470.6928       3474.2338      
1.6025          3154.2657       2920.1621       2656.071        2407.6995       2008.59         1962.8417       2470.6128       3474.1445      
1.60375         3153.6772       2919.1339       2654.6732       2404.2958       2007.9054       1963.7697       2470.1136       3474.0277      
1.605           3153.9238       2918.9336       2654.0521       2401.7058       2006.7047       1963.6902       2469.1492       3473.6609      
1.60625         3153.4934       2918.084        2652.8876       2398.6283       2006.3063       1964.4409       2468.2691       3472.9731      
1.6075          3153.5502       2917.7546       2652.2227       2396.3179       2007.1608       1966.5791       2468.3881       3472.7591      
1.60875         3153.1368       2916.956        2651.1024       2393.6022       2006.2985       1968.009        2468.0114       3472.0167      
1.61            3153.2643       2916.654        2650.3745       2390.869        2005.521        1968.9752       2467.5969       3471.4202      
1.61125         3152.9194       2915.9397       2649.2829       2387.1497       2004.4816       1969.1039       2466.409        3470.1026      
1.6125          3152.8374       2915.399        2648.2681       2382.8964       2003.3721       1969.1815       2465.6317       3469.4517      
1.61375         3152.6719       2914.8033       2647.325        2380.0023       2003.8865       1970.8986       2465.7342       3469.0008      
1.615           3152.1959       2913.8894       2645.993        2377.4952       2002.8071       1971.9452       2465.5074       3468.2729      
1.61625         3151.9872       2913.2225       2644.8289       2374.053        2001.2288       1972.8241       2465.306        3467.6669      
1.6175          3151.7338       2912.5489       2643.7752       2371.2168       2000.4333       1974.1345       2465.3823       3467.1796      
1.61875         3151.6181       2912.0192       2642.9027       2368.5938       1999.8674       1975.1069       2465.2899       3466.5402      
1.62            3150.9589       2910.9482       2641.4634       2365.2004       1998.4161       1975.4965       2464.8886       3465.7401      
1.62125         3151.2244       2910.7542       2640.7089       2361.8684       1996.5007       1975.5392       2464.1752       3464.6607      
1.6225          3151.1122       2910.2607       2639.8615       2358.9786       1995.4185       1975.7145       2463.3225       3463.3117      
1.62375         3150.7228       2909.4724       2638.6712       2355.6904       1994.3097       1976.0469       2462.6421       3462.0644      
1.625           3150.8081       2909.1754       2637.9334       2352.692        1993.3366       1976.7817       2462.6135       3461.3649      
1.62625         3150.5501       2908.5602       2636.8945       2349.4784       1992.0943       1977.2076       2462.0182       3460.0788      
1.6275          3150.3171       2907.7822       2635.6698       2346.1836       1991.2331       1978.1095       2462.0177       3459.0805      
1.62875         3149.8775       2906.741        2634.3568       2342.795        1990.4459       1979.0811       2462.1404       3458.4389      
1.63            3150.1169       2906.5137       2633.9201       2340.4864       1990.4021       1980.0839       2461.8401       3457.2748      
1.63125         3149.7143       2905.6412       2632.5071       2336.3009       1989.1322       1980.8062       2461.4841       3455.9821      
1.6325          3149.453        2904.9354       2631.3447       2332.843        1987.7513       1981.069        2460.929        3454.3123      
1.63375         3149.7081       2904.8254       2631.0744       2331.041        1987.1804       1980.8312       2459.7977       3452.3287      
1.635           3149.3676       2904.0145       2629.695        2326.0383       1984.6841       1980.1705       2458.4754       3450.1598      
1.63625         3149.2205       2903.3679       2628.3321       2320.8501       1983.3001       1980.0674       2457.4386       3447.8791      
1.6375          3148.6305       2902.3343       2626.8492       2316.5915       1982.0513       1980.3784       2456.734        3445.5723      
1.63875         3148.4447       2901.7487       2625.8346       2313.4645       1980.8984       1980.2412       2455.8139       3443.3519      
1.64            3148.2553       2901.1664       2624.9355       2310.6946       1979.4924       1979.9774       2454.7976       3441.2923      
1.6411765       3148.9462       2901.658        2624.8681       2305.5107       1979.7028       1979.9404       2454.0525       3440.6108      
1.6423529       3148.6526       2900.9681       2623.8078       2302.4477       1979.4425       1980.8308       2453.7999       3438.2748      
1.6435294       3147.9994       2899.8119       2622.1124       2298.7302       1977.5062       1980.6652       2452.7886       3435.1865      
1.6447059       3147.9203       2899.222        2620.78         2295.3763       1976.1534       1980.6389       2451.8501       3432.6515      
1.6458824       3147.0129       2897.8678       2619.0945       2290.2784       1974.6516       1980.6818       2450.9914       3430.108       
1.6470588       3146.838        2897.2131       2617.8432       2286.287        1973.1211       1980.7575       2450.0506       3427.3843      
1.6482353       3146.2338       2896.1781       2616.3764       2283.1513       1971.2001       1979.9634       2448.5559       3424.4266      
1.6494118       3146.0355       2895.5623       2615.2947       2280.1949       1969.932        1979.9553       2447.6155       3421.8589      
1.6505882       3145.611        2894.7095       2613.9862       2276.8861       1968.295        1979.5315       2446.4864       3419.2121      
1.6517647       3145.6833       2894.2751       2613.0648       2274.207        1967.0323       1979.2238       2445.2265       3416.2719      
1.6529412       3145.4525       2893.5915       2611.981        2271.6559       1966.346        1979.3749       2444.0977       3413.2444      
1.6541176       3145.255        2892.9461       2610.8357       2268.9095       1964.9156       1979.0755       2442.7318       3409.8873      
1.6552941       3144.699        2891.9353       2609.2848       2264.7721       1963.6388       1979.1113       2441.7023       3406.7462      
1.6564706       3143.918        2890.6502       2607.426        2260.139        1961.214        1977.9963       2439.963        3403.353       
1.6576471       3143.6073       2889.8605       2606.2775       2255.8179       1959.6306       1977.7422       2438.773        3400.0203      
1.6588235       3143.2643       2889.0182       2604.4939       2252.4265       1958.2435       1977.613        2437.5761       3396.5823      
1.66            3142.7878       2888.0595       2602.8466       2248.6959       1956.7834       1977.3314       2436.2083       3392.9241      
1.66125         3141.7545       2886.4082       2600.4862       2245.6599       1955.1168       1977.3637       2434.9791       3388.0062      
1.6625          3141.0978       2885.286        2598.7491       2242.4972       1952.5579       1976.1789       2432.7426       3384.039       
1.66375         3140.7204       2884.4613       2597.291        2239.3585       1950.7101       1975.5564       2430.9116       3379.9722      
1.665           3140.424        2883.6906       2595.8807       2236.1523       1949.1054       1975.2391       2429.3299       3375.824       
1.66625         3139.8956       2882.658        2594.1278       2232.6336       1947.2047       1974.5244       2427.35         3371.0654      
1.6673958       3139.8499       2882.386        2593.1029       2227.243        1945.3424       1972.9552       2424.6874       3367.4682      
1.6685417       3139.8326       2881.9789       2592.4679       2224.2329       1944.4827       1973.1857       2423.5234       3362.5272      
1.6696875       3139.0727       2880.834        2591.0268       2220.8998       1942.6626       1972.4667       2421.3603       3357.0729      
1.6708333       3138.804        2879.9655       2589.6784       2218.1791       1940.536        1971.3884       2418.9667       3351.8273      
1.6719792       3138.365        2879.0218       2588.1515       2215.0338       1938.6421       1970.4717       2416.7185       3346.9985      
1.673125        3137.5774       2877.7586       2586.1731       2211.6373       1936.3147       1969.113        2413.9982       3341.4844      
1.6742708       3137.0509       2876.7985       2584.5445       2209.0406       1934.8737       1968.8174       2412.3543       3337.091       
1.6754167       3136.3425       2875.5067       2582.5296       2205.5162       1932.458        1967.5107       2409.7663       3331.8158      
1.6765625       3136.0599       2874.7697       2581.0345       2202.5794       1930.9054       1967.2949       2408.2706       3327.5985      
1.6777083       3135.3606       2873.584        2579.1105       2199.1366       1928.6025       1965.7016       2405.2518       3321.7099      
1.6788542       3134.8299       2872.6409       2577.7983       2196.599        1927.2173       1965.2678       2403.4258       3317.0458      
1.68            3134.5103       2871.841        2576.3143       2193.5659       1925.4311       1964.3799       2401.157        3311.9862      
1.6811111       3134.0969       2871.0266       2574.7742       2189.6394       1923.5022       1963.0134       2398.5841       3307.235       
1.6822222       3133.7694       2870.3068       2573.4855       2186.7397       1922.3591       1962.8157       2397.0617       3302.3975      
1.6833333       3133.2612       2869.3071       2571.8428       2183.3704       1920.7189       1962.1772       2395.0956       3297.1906      
1.6844444       3132.6471       2868.205        2570.0948       2179.8556       1918.6427       1961.3277       2392.9673       3292.1422      
1.6855556       3132.031        2867.1027       2568.2335       2176.1397       1916.6591       1960.7044       2391.0147       3287.1042      
1.6866667       3131.211        2865.8632       2566.3919       2172.9724       1914.9979       1960.1207       2389.0064       3281.9055      
1.6877778       3130.8193       2865.1371       2565.2484       2170.1507       1912.4401       1958.6448       2386.412        3276.4703      
1.6888889       3129.9942       2863.7687       2563.1873       2166.4299       1910.4363       1957.7414       2383.9985       3270.8148      
1.69            3129.8795       2863.0918       2562.1651       2163.6071       1907.575        1955.8948       2380.8931       3265.0403      
1.6911111       3128.8733       2861.7485       2560.2227       2160.1477       1905.4325       1954.6465       2378.031        3259.0251      
1.6922222       3128.3139       2860.7143       2558.4284       2156.3528       1903.3305       1953.2417       2375.2222       3253.4927      
1.6933333       3127.2864       2859.4175       2556.6465       2152.7212       1901.7285       1952.3419       2372.6849       3247.716       
1.6944444       3126.9635       2858.5415       2554.917        2149.0469       1899.5853       1950.918        2369.8112       3242.1534      
1.6955556       3125.8973       2857.0327       2552.6145       2145.205        1897.9283       1950.1962       2367.3379       3236.3946      
1.6966667       3125.5631       2856.2063       2551.1515       2141.5909       1895.5173       1948.3571       2364.1473       3230.6863      
1.6977778       3124.5331       2854.7466       2548.9919       2137.6723       1894.0932       1947.7977       2361.7702       3224.9612      
1.6988889       3124.3838       2854.1007       2547.716        2134.0417       1891.5648       1945.7466       2358.1355       3218.6413      
1.7             3123.2015       2852.4706       2545.3432       2129.7495       1889.3986       1944.3117       2354.6594       3212.0358      
1.70125         3121.4015       2849.8391       2541.9419       2126.5597       1885.6805       1942.0295       2350.4923       3203.2848      
1.7025          3119.4388       2847.4609       2538.6667       2121.3817       1882.6374       1940.194        2346.79         3197.2806      
1.70375         3119.4368       2846.9506       2537.5565       2117.8127       1880.3806       1938.5242       2343.7628       3192.0648      
1.705           3118.5031       2845.6422       2535.6511       2113.3068       1878.4879       1937.6561       2340.9618       3185.7313      
1.70625         3118.2651       2844.8986       2534.2153       2109.1343       1876.1533       1935.6385       2337.3923       3179.0119      
1.7075          3116.9642       2843.0887       2531.4295       2104.659        1874.976        1935.3616       2335.0752       3172.53        
1.70875         3116.4829       2842.0399       2529.1748       2100.9782       1873.0387       1933.7137       2331.6301       3165.5728      
1.71            3115.0781       2840.1428       2526.5937       2096.8348       1871.5778       1933.1448       2329.1026       3159.3115      
1.71125         3114.5242       2839.0707       2524.6923       2092.556        1869.0131       1931.2564       2325.5687       3152.3341      
1.7125          3113.3          2837.4287       2522.4717       2088.5843       1867.5201       1930.5149       2322.8694       3146.0658      
1.71375         3112.4789       2836.0265       2520.0831       2083.6661       1864.7846       1928.3825       2318.8092       3138.2792      
1.715           3111.4715       2834.563        2517.9597       2079.6152       1862.6949       1927.2329       2316.103        3131.9079      
1.71625         3110.5017       2833.1062       2515.7336       2075.409        1860.3895       1925.9519       2313.1504       3125.1832      
1.7175          3109.292        2831.3756       2513.1913       2070.7524       1857.9899       1924.1709       2309.6416       3117.9328      
1.71875         3108.4013       2830.0664       2511.2705       2066.7031       1856.0604       1922.7621       2306.6048       3111.461       
1.72            3106.6288       2827.7971       2508.2005       2061.6648       1853.8235       1921.3934       2303.3313       3104.3867      
1.7211765       3106.7377       2827.57         2507.1819       2057.0099       1851.9353       1919.123        2299.2576       3097.8936      
1.7224314       3104.5873       2824.841        2503.849        2053.0509       1850.9794       1919.1967       2297.4909       3090.9401      
1.7236863       3103.9815       2823.6749       2501.6484       2048.0629       1847.7546       1916.4445       2292.9067       3083.1193      
1.7249412       3101.8322       2821.0601       2498.42         2043.1078       1846.0201       1915.7135       2290.4512       3077.4091      
1.7261961       3101.655        2820.5333       2497.3541       2039.6483       1844.3809       1914.5112       2287.4231       3070.7132      
1.727451        3100.3682       2818.6323       2494.4622       2034.3876       1841.1378       1911.6012       2282.6054       3062.4908      
1.7287059       3099.516        2817.5573       2493.1452       2030.9468       1839.9234       1911.1435       2280.4652       3056.4501      
1.7299608       3098.336        2815.7477       2490.1319       2025.4608       1836.7736       1908.2379       2275.7388       3048.4344      
1.7312157       3097.0095       2813.9299       2487.4935       2020.5221       1834.5197       1906.4485       2272.1801       3041.3332      
1.7324706       3095.7391       2812.1533       2484.8401       2015.5869       1832.5951       1905.2878       2269.2448       3034.5984      
1.7337255       3094.5154       2810.389        2482.0957       2010.5099       1830.4871       1904.0258       2266.2582       3028.2046      
1.7349804       3094.0244       2809.6493       2481.1971       2006.9731       1830.2156       1904.2813       2264.817        3022.7961      
1.7362353       3093.058        2808.196        2478.8466       2001.6251       1828.0424       1902.6          2261.339        3015.865       
1.7374902       3091.8172       2806.4083       2476.1067       1996.8267       1826.2027       1900.9319       2257.757        3008.7109      
1.7387451       3090.2317       2804.3253       2473.1373       1991.9594       1824.5336       1899.2489       2253.9868       3001.3468      
1.74            3088.9637       2802.5978       2470.5182       1987.4924       1822.4884       1897.8081       2250.786        2994.4346      
1.74125         3087.7238       2800.9336       2468.0004       1982.7711       1820.1642       1895.9492       2247.2275       2987.5958      
1.7425          3086.5147       2799.1663       2465.2678       1978.2372       1818.194        1894.3133       2243.7293       2980.555       
1.74375         3085.4295       2797.5687       2462.8583       1973.652        1816.5172       1893.0251       2240.4312       2973.5718      
1.745           3084.1372       2795.8624       2460.4903       1969.0668       1814.6686       1891.6767       2237.1177       2966.8372      
1.74625         3082.8128       2794.0356       2457.8399       1964.1992       1812.38         1889.807        2233.4748       2960.0559      
1.7475          3081.6808       2792.4789       2455.4486       1959.4928       1810.3574       1888.1872       2229.8344       2952.9276      
1.74875         3080.3005       2790.6056       2452.6873       1954.8705       1808.1835       1886.4111       2226.0645       2946.0179      
1.75            3078.9248       2788.7484       2449.9766       1949.973        1806.4238       1884.6255       2222.3384       2939.0636      
1.75125         3077.4035       2786.7587       2447.1529       1944.9335       1803.9359       1882.5573       2218.5517       2931.8977      
1.7525          3076.2124       2785.1433       2444.7458       1940.4687       1802.0681       1880.7118       2214.8647       2924.8821      
1.75375         3074.9626       2783.49         2442.3566       1936.1383       1799.9278       1878.6609       2211.1015       2917.8221      
1.755           3073.4524       2781.4617       2439.382        1931.1231       1797.584        1876.857        2207.641        2911.2028      
1.75625         3072.1028       2779.6069       2436.6114       1926.3768       1795.269        1875.0468       2204.1603       2904.421       
1.7575          3070.9198       2777.9708       2434.1395       1922.2617       1793.4016       1873.2453       2200.568        2897.6984      
1.75875         3069.5509       2776.1379       2431.4174       1917.04         1791.1479       1871.1827       2196.711        2890.554       
1.76            3068.2154       2774.3705       2428.7953       1911.8646       1789.2217       1869.3141       2192.9792       2883.5578      
1.76125         3066.7565       2772.4724       2426.0602       1907.3506       1786.9447       1867.0606       2188.8828       2876.2096      
1.7625          3065.5185       2770.8171       2423.6612       1903.4295       1785.0297       1865.2366       2185.1598       2869.2363      
1.76375         3064.4163       2769.3191       2421.4544       1899.5526       1782.99         1863.2741       2181.3562       2862.2725      
1.765           3063.2415       2767.7109       2419.0579       1895.4186       1780.6875       1860.9033       2177.139        2854.9136      
1.76625         3062.0743       2766.0902       2416.546        1891.0267       1778.6032       1858.9104       2173.2997       2847.843       
1.7675          3060.6413       2764.2067       2413.7184       1886.2523       1776.1301       1856.4031       2169.0138       2840.5608      
1.76875         3059.1941       2762.321        2410.9299       1881.7527       1773.607        1853.8711       2164.9128       2833.4412      
1.77            3058.0508       2760.7554       2408.6614       1877.7537       1771.5933       1851.8383       2161.1881       2826.7721      
1.77125         3056.8442       2759.1628       2406.3857       1874.0652       1770.518        1851.122        2158.5994       2820.5748      
1.7725          3055.546        2757.3871       2403.6028       1869.5175       1768.3377       1848.8905       2154.5311       2813.2665      
1.77375         3054.2072       2755.5656       2400.7349       1865.7603       1766.7971       1847.521        2151.327        2806.6587      
1.775           3053.2222       2754.2125       2398.9077       1861.949        1764.976        1845.8485       2147.7629       2800.0297      
1.77625         3052.2204       2752.8459       2396.998        1858.1462       1763.6443       1844.601        2144.527        2793.5316      
1.7775          3051.1485       2751.3799       2394.7643       1854.3753       1762.3128       1843.13         2141.1924       2786.5102      
1.77875         3049.9454       2749.7642       2392.3131       1850.4309       1760.5182       1841.3072       2137.4795       2779.3839      
1.78            3049.0538       2748.4961       2390.2652       1847.1382       1758.9038       1839.4915       2133.6537       2772.1734      
1.78125         3047.7957       2746.8148       2387.7983       1843.1063       1756.96         1837.4186       2129.5202       2764.7853      
1.7825          3046.4549       2745.0408       2385.2488       1839.1721       1754.905        1835.1645       2125.202        2757.3256      
1.78375         3045.2439       2743.4394       2382.8991       1835.4535       1752.8257       1832.7916       2121.1017       2749.8791      
1.785           3043.9559       2741.7595       2380.4543       1831.4759       1750.6435       1830.4219       2117.0137       2742.4591      
1.78625         3042.723        2740.1367       2378.0364       1827.7446       1748.6713       1828.3234       2113.1916       2735.3156      
1.7875          3041.5878       2738.6391       2375.8188       1824.0668       1746.6506       1826.042        2109.1988       2727.9489      
1.78875         3040.7319       2737.3979       2373.7282       1820.1856       1744.9896       1824.2824       2105.8668       2721.5065      
1.79            3039.7294       2736.081        2371.692        1816.495        1743.793        1823.1361       2103.0226       2714.9831      
1.79125         3038.4482       2734.4015       2369.2146       1812.4445       1741.8104       1821.0346       2099.3261       2707.7819      
1.7925          3037.5874       2733.1888       2367.2367       1808.9546       1740.3667       1819.4275       2096.1021       2701.0354      
1.79375         3036.5372       2731.7267       2364.9149       1805.1172       1739.022        1817.9853       2093.0783       2694.4901      
1.795           3035.4668       2730.2929       2362.7314       1801.6075       1737.5133       1816.297        2089.9397       2688.0762      
1.79625         3034.7101       2729.1985       2360.9297       1798.4532       1736.4056       1815.1021       2087.3292       2681.8396      
1.7975          3033.5814       2727.7065       2358.6812       1794.832        1734.7532       1813.2518       2083.9466       2675.1075      
1.79875         3032.7172       2726.5163       2356.8716       1791.947        1733.3071       1811.6582       2080.8087       2668.6903      
1.8             3031.6521       2725.1067       2354.7766       1788.6218       1731.6642       1809.8715       2077.6702       2662.3846      
1.8013333       3029.88         2722.8773       2351.8104       1785.6433       1729.6271       1808.2546       2075.1839       2656.3649      
1.8026667       3028.5881       2721.2664       2349.4908       1782.209        1728.0079       1806.6681       2072.2357       2649.836       
1.804           3027.569        2719.9382       2347.4357       1778.9669       1726.3774       1804.721        2069.3819       2643.8893      
1.8053333       3026.8133       2718.8135       2345.5621       1775.9335       1724.931        1802.9559       2066.4939       2637.9313      
1.8064615       3027.3853       2719.4499       2345.7044       1771.694        1724.1395       1800.1001       2062.0711       2631.1166      
1.8075897       3026.4417       2718.1494       2343.6629       1768.2589       1722.173        1797.8827       2059.2223       2625.7892      
1.8087179       3024.8028       2716.1512       2341.0555       1764.6545       1720.5676       1796.6953       2057.1482       2620.4903      
1.8098462       3023.2962       2714.3482       2338.7334       1760.9106       1718.8312       1795.0435       2054.4709       2615.115       
1.8109744       3022.053        2712.8116       2336.4357       1757.5024       1717.475        1793.7726       2052.2235       2610.2532      
1.8121026       3020.9228       2711.4325       2334.3474       1754.3288       1716.0087       1792.3451       2049.8716       2605.528       
1.8132308       3020.0515       2710.2715       2332.5436       1751.523        1714.787        1791.2309       2047.7935       2600.9987      
1.814359        3018.9447       2708.841        2330.6169       1748.5449       1713.4811       1789.9161       2045.4607       2596.1448      
1.8154872       3017.3747       2706.9585       2328.2161       1745.4448       1712.2198       1788.5845       2043.0892       2591.3155      
1.8166154       3016.2883       2705.5515       2326.2415       1742.6593       1711.0743       1787.4259       2040.8694       2586.4846      
1.8177436       3015.4207       2704.3781       2324.4561       1740.0963       1710.0891       1786.3179       2038.6013       2581.5092      
1.8188718       3014.2639       2702.9216       2322.3793       1737.2865       1709.0982       1785.2828       2036.3692       2576.478       
1.82            3013.0499       2701.4718       2320.3799       1734.5266       1707.7147       1783.8949       2033.9218       2571.4544      
1.8211765       3011.7113       2699.7566       2317.9859       1732.2371       1706.2091       1782.7617       2031.8723       2566.7389      
1.8223529       3010.4998       2698.2872       2315.9655       1729.6218       1704.6691       1781.2179       2029.1709       2561.3363      
1.8235294       3009.5353       2697.0482       2314.1039       1727            1703.5129       1779.7981       2026.7734       2556.5642      
1.8247059       3008.5304       2695.7665       2312.1869       1724.3545       1702.0748       1778.2538       2024.4242       2551.8498      
1.8258824       3007.5594       2694.5562       2310.3786       1721.6776       1700.588        1776.7737       2021.8858       2546.7555      
1.8270588       3006.4773       2693.2195       2308.4407       1719.0536       1699.4267       1775.6038       2019.4029       2541.6268      
1.8282353       3005.3052       2691.8096       2306.4308       1716.2904       1697.9749       1774.4262       2016.9132       2536.5206      
1.8294118       3004.1871       2690.4452       2304.4881       1713.6325       1696.6487       1773.3398       2014.559        2531.6973      
1.8305882       3003.4172       2689.4244       2302.8563       1711.2283       1695.3286       1772.144        2012.3035       2527.0258      
1.8317647       3002.2262       2687.9618       2300.7888       1708.4923       1693.7205       1770.6783       2009.7819       2521.9677      
1.8329412       3001.0224       2686.516        2298.7798       1705.8249       1692.3536       1769.3095       2007.338        2516.9907      
1.8341176       3000.0489       2685.3061       2296.9922       1703.3434       1691.0848       1767.9821       2004.9489       2512.2264      
1.8352941       2998.9276       2683.9379       2295.0624       1700.7894       1689.8257       1766.6447       2002.5293       2507.3083      
1.8364706       2998.4095       2683.1768       2293.6897       1698.6748       1688.8822       1765.5377       2000.4167       2502.9304      
1.8376471       2997.2865       2681.8286       2291.8113       1696.2105       1687.6512       1764.2265       1998.1279       2498.2074      
1.8388235       2996.4998       2680.7904       2290.1746       1693.8793       1686.5325       1762.9677       1995.8588       2493.574       
1.84            2995.5354       2679.5996       2288.4388       1691.4513       1685.3107       1761.6543       1993.5183       2488.7448      
1.8411765       2994.3493       2678.2126       2286.5097       1689.0276       1684.1577       1760.476        1991.4477       2484.5366      
1.8423529       2993.5805       2677.1884       2284.8844       1686.8279       1682.9387       1759.2487       1989.4363       2480.3674      
1.8435294       2992.5713       2675.9748       2283.1148       1684.5529       1681.9828       1758.2261       1987.5526       2476.5158      
1.8447059       2991.7743       2674.9548       2281.2298       1682.1252       1680.8152       1757.0937       1985.6955       2472.9233      
1.8458824       2991.0442       2674.0443       2280.0116       1680.634        1679.9135       1756.1771       1983.9506       2469.0449      
1.8470588       2990.349        2673.1009       2278.5352       1678.7731       1678.7891       1754.9381       1981.8485       2464.6691      
1.8482353       2989.3696       2671.9278       2276.8307       1676.5742       1677.5121       1753.8841       1979.9667       2460.5047      
1.8494118       2988.6486       2671.0088       2275.3916       1674.8006       1676.5841       1752.892        1978.1326       2456.4812      
1.8505882       2987.9561       2670.0945       2273.873        1672.6721       1675.4701       1751.8586       1976.21         2452.211       
1.8517647       2987.165        2669.1008       2272.3191       1670.7026       1674.5658       1750.8001       1974.2445       2447.8358      
1.8529412       2986.1022       2667.8558       2270.5912       1669.0589       1673.5328       1749.696        1972.353        2443.7054      
1.8541176       2985.1517       2666.6879       2268.7273       1666.6315       1672.4937       1748.5313       1970.4186       2439.5965      
1.8552941       2984.1794       2665.4753       2266.9186       1664.3152       1671.36         1747.3429       1968.5145       2435.5343      
1.8564706       2982.9063       2664.0168       2265.275        1662.4266       1670.3049       1746.3057       1966.6964       2431.5002      
1.8576471       2981.8761       2662.8146       2263.6359       1660.4068       1669.1661       1745.1773       1964.767        2427.3095      
1.8588235       2981.1668       2661.9152       2262.108        1658.503        1668.0144       1744.0602       1962.8646       2423.2062      
1.86            2980.1119       2660.672        2260.3488       1656.2839       1666.9177       1742.9926       1960.9844       2419.0909      
1.8611765       2978.9981       2659.3883       2258.6199       1654.5003       1665.8921       1741.9988       1959.2209       2415.1573      
1.8623529       2978.1253       2658.3253       2256.9941       1652.7493       1664.7768       1740.9155       1957.3334       2411.0234      
1.8635294       2977.1315       2657.1359       2255.2444       1650.8454       1663.5156       1739.7264       1955.4075       2406.9203      
1.8647059       2976.2668       2656.0741       2253.6295       1649.0554       1662.3923       1738.6457       1953.6127       2403.1356      
1.8658824       2975.3978       2655.0255       2252.0374       1647.2709       1661.2627       1737.5646       1951.8053       2399.2303      
1.8670588       2974.3614       2653.8171       2250.3643       1645.5303       1660.2417       1736.5866       1950.1145       2395.5637      
1.8682353       2973.3103       2652.5866       2248.7097       1643.7711       1659.102        1735.4424       1948.2597       2391.7507      
1.8694118       2971.9731       2651.0899       2246.8148       1641.8855       1658.0649       1734.5169       1946.6679       2388.2926      
1.8705882       2971.2222       2650.1972       2245.2816       1640.1688       1657.0216       1733.4925       1944.9174       2384.6504      
1.8717647       2970.2854       2649.0933       2243.6611       1638.567        1656.2126       1732.7654       1943.5644       2381.6387      
1.8729412       2969.6221       2648.2619       2242.2586       1637.0239       1655.341        1731.9339       1942.0505       2378.4834      
1.8741176       2968.6823       2647.1404       2240.6796       1635.4139       1654.4678       1731.1087       1940.582        2375.6808      
1.8752941       2967.7913       2646.1329       2239.3057       1633.9781       1653.5983       1730.3437       1939.1168       2372.3054      
1.8764706       2967.1941       2645.3179       2238.0731       1632.5411       1652.7624       1729.4326       1937.4739       2368.928       
1.8776471       2966.4574       2644.5277       2236.7296       1630.924        1652.0002       1728.6949       1936.0807       2365.9377      
1.8788235       2965.7453       2643.6648       2235.3213       1629.4248       1650.9665       1727.6521       1934.3931       2362.7247      
1.88            2964.8057       2642.5974       2233.8544       1628.032        1650.1967       1727.0001       1933.1031       2359.7737      
1.8813333       2963.3071       2640.7165       2231.4001       1628.2229       1648.9627       1726.7841       1932.6696       2358.2563      
1.8827692       2962.5306       2639.6724       2230.0525       1628.4766       1647.6221       1725.8577       1930.8648       2354.0887      
1.8842051       2961.6948       2638.7338       2228.4176       1627.0072       1646.7633       1724.7486       1928.6683       2349.5716      
1.885641        2961.0081       2637.9195       2227.0142       1625.7872       1645.932        1723.7691       1926.8985       2346.053       
1.8870769       2960.1789       2636.963        2225.5382       1624.5514       1644.9756       1722.7667       1925.1326       2342.4054      
1.8885128       2959.5049       2636.1754       2224.2825       1623.3783       1644.0967       1721.8394       1923.312        2338.4703      
1.8899487       2958.8286       2635.341        2222.825        1622.1875       1643.3099       1720.9561       1921.5549       2334.6769      
1.8913846       2957.7597       2634.0931       2220.9258       1620.7317       1642.5427       1720.1924       1919.9874       2331.0891      
1.8928205       2957.0605       2633.2246       2219.4034       1619.225        1641.5436       1719.1862       1918.2294       2327.3958      
1.8942564       2955.5715       2631.5871       2217.1925       1617.4652       1640.6869       1718.3677       1916.6646       2323.9574      
1.8956923       2954.4924       2630.3281       2215.0464       1615.9491       1639.9315       1717.5515       1915.0634       2320.5222      
1.8971282       2953.3238       2628.9491       2213.2536       1614.2953       1638.902        1716.4924       1913.2596       2317.0303      
1.8985641       2952.197        2627.6776       2211.581        1612.7729       1638.0986       1715.7346       1911.6751       2313.5944      
1.9             2951.1621       2626.5604       2210.0632       1611.4507       1637.473        1715.1512       1910.3191       2310.4344      
1.9014286       2950.3677       2625.6359       2208.5926       1609.9887       1636.5741       1714.2017       1908.6454       2307.0394      
1.9028571       2949.4207       2624.5774       2207.0453       1608.6228       1635.975        1713.6546       1907.4866       2304.2504      
1.9042857       2948.4793       2623.5061       2205.4699       1607.3179       1635.3533       1713.0168       1906.207        2301.4226      
1.9057143       2947.4169       2622.3233       2203.8111       1605.8491       1634.7089       1712.3909       1904.9961       2298.7143      
1.907013        2947.0363       2621.9972       2203.0963       1603.2873       1634.4662       1711.3518       1903.114        2295.1053      
1.9083117       2945.6912       2620.5253       2201.1369       1601.299        1633.8576       1711.0017       1902.5778       2293.7867      
1.9096104       2944.9015       2619.6029       2199.7212       1600.1684       1633.2709       1710.4251       1901.462        2291.3674      
1.9109091       2943.6759       2618.2618       2198.0653       1598.8242       1632.8372       1710.0825       1900.6309       2289.3503      
1.9122078       2943.0818       2617.5283       2196.8353       1597.7299       1632.3325       1709.549        1899.5352       2286.8466      
1.9135065       2942.1081       2616.4485       2195.2279       1596.424        1631.7443       1708.9857       1898.4547       2284.4608      
1.9148052       2941.126        2615.3656       2193.7578       1595.3806       1631.1999       1708.3397       1897.2266       2281.8412      
1.9161039       2940.1785       2614.3018       2192.2948       1593.7437       1630.6212       1707.7484       1896.1381       2279.3855      
1.9174026       2939.4213       2613.4571       2190.8712       1592.6785       1629.9343       1707.0275       1894.9578       2276.8231      
1.9187013       2938.4727       2612.4322       2189.4606       1591.9265       1629.4779       1706.5516       1894.0303       2274.5699      
1.92            2937.567        2611.4185       2188.0277       1591.0195       1628.8674       1705.9593       1893.0214       2272.3174      
1.92125         2936.9949       2610.8144       2187.0581       1589.7304       1628.4932       1705.295        1891.7789       2269.6957      
1.9225          2936.021        2609.7088       2185.4827       1588.4592       1627.7874       1704.6853       1890.8646       2267.7348      
1.92375         2935.2449       2608.8269       2184.3267       1587.748        1627.3121       1704.2165       1889.9141       2265.457       
1.9251042       2933.827        2607.1886       2182.0766       1587.6858       1626.3762       1703.9269       1889.5113       2264.2337      
1.9264583       2933.454        2606.7685       2181.1592       1587.507        1626.0233       1703.3831       1888.307        2261.3165      
1.9278125       2932.3522       2605.5664       2179.4748       1586.2665       1625.0808       1702.4331       1887.0951       2258.7369      
1.9291667       2931.7304       2604.8762       2178.4021       1585.7035       1624.5667       1701.8557       1886.0484       2256.1623      
1.9305208       2930.56         2603.6051       2176.6638       1584.4811       1623.6309       1701.0096       1884.9484       2253.8672      
1.931875        2929.5737       2602.5932       2175.3479       1583.8366       1623.404        1700.8519       1884.3306       2251.7947      
1.9335          2927.567        2600.2258       2172.421        1584.8264       1622.1696       1701.0381       1884.8031       2251.876       
1.935125        2927.3714       2599.936        2171.6044       1584.8238       1621.4105       1700.0874       1883.1261       2248.0819      
1.93675         2925.9363       2598.3528       2169.6736       1583.7444       1620.5072       1699.0775       1881.8592       2245.4271      
1.938375        2925.5568       2597.9219       2168.6811       1583.5413       1619.8713       1698.3176       1880.6797       2242.5256      
1.94            2924.4054       2596.7533       2167.1075       1582.7403       1619.0317       1697.4799       1879.5366       2239.9374      
1.9418182       2923.1635       2595.2901       2165.1057       1583.1758       1618.1649       1697.2367       1879.2866       2238.673       
1.9436364       2922.4112       2594.4326       2163.6662       1582.601        1617.3217       1696.1734       1877.613        2234.964       
1.9454545       2920.7686       2592.7459       2161.5367       1581.3843       1616.5652       1695.2897       1876.2809       2231.915       
1.9472727       2919.9773       2591.8605       2160.0628       1580.6119       1615.8792       1694.5189       1875.0203       2228.8091      
1.9490909       2918.6796       2590.4445       2158.1046       1579.5105       1615.1779       1693.8453       1873.9197       2226.0451      
1.9509091       2917.8492       2589.5137       2156.7046       1578.8491       1614.531        1693.1978       1872.8273       2223.2013      
1.9524242       2917.4769       2589.4912       2156.3499       1576.3017       1614.2809       1691.8029       1870.5558       2218.7448      
1.9539394       2915.8402       2587.8083       2154.2775       1574.4929       1613.7693       1691.4935       1870.1075       2217.5588      
1.9554545       2914.6971       2586.5648       2152.6324       1573.5195       1613.3183       1691.3464       1869.7081       2216.1614      
1.9569697       2913.8811       2585.6238       2151.2869       1572.6198       1612.8462       1690.8317       1868.7758       2214.1057      
1.9584848       2913.1717       2584.7507       2149.8859       1571.7276       1612.3194       1690.3357       1867.9388       2212.0939      
1.96            2912.3041       2583.7842       2148.415        1570.8786       1611.8668       1689.9965       1867.2454       2210.1859      
1.9613333       2911.4335       2583.0667       2147.3751       1568.0609       1611.4833       1688.9167       1865.6428       2207.0422      
1.9626667       2909.9663       2581.5345       2145.5077       1566.5893       1611.162        1688.8546       1865.3619       2206.1005      
1.964           2909.0389       2580.5332       2144.2365       1566.0746       1611.0901       1689.0008       1865.1662       2205.0164      
1.9653333       2908.1686       2579.5529       2142.8697       1565.2179       1610.6052       1688.569        1864.351        2203.2908      
1.9666667       2907.0079       2578.2997       2141.252        1564.1626       1609.9232       1688.0538       1863.5491       2201.5546      
1.968           2905.9261       2577.1244       2139.7015       1563.2312       1609.1764       1687.3408       1862.4764       2199.5642      
1.9693333       2904.5662       2575.7438       2138.0706       1562.3044       1608.4884       1686.8495       1861.7013       2197.8059      
1.9706667       2903.817        2574.9314       2136.9124       1561.7694       1607.9935       1686.3892       1860.8872       2195.8465      
1.972           2902.6415       2573.7189       2135.4102       1561.0497       1607.4137       1685.8746       1860.0796       2194.006       
1.9733333       2901.3826       2572.4305       2133.8324       1560.2504       1606.8266       1685.4397       1859.4036       2192.411       
1.9746667       2900.431        2571.4121       2132.5844       1559.3427       1606.1059       1684.8398       1858.5446       2190.7195      
1.976           2899.4196       2570.3133       2131.186        1558.4494       1605.3625       1684.2374       1857.6902       2189.0164      
1.9773333       2898.7981       2569.5439       2130.0643       1557.8992       1604.8435       1683.7801       1856.9157       2187.3251      
1.9786667       2897.5746       2568.3076       2128.5432       1557.0342       1604.0807       1683.117        1856.0491       2185.6729      
1.98            2896.9864       2567.6666       2127.6245       1556.6741       1603.6991       1682.8253       1855.4207       2184.1273      
1.9813333       2896.1942       2566.8218       2126.504        1556.1705       1603.2554       1682.4389       1854.7574       2182.7317      
1.9826667       2895.7148       2566.3292       2125.5156       1555.7594       1602.8504       1682.1306       1854.1063       2181.16        
1.984           2894.8079       2565.3539       2124.1861       1554.9691       1602.0763       1681.3565       1853.0097       2179.2839      
1.9853333       2893.7826       2564.3096       2122.9027       1554.3018       1601.6907       1681.1451       1852.4743       2177.7987      
1.9866667       2892.929        2563.4099       2121.7          1553.5831       1601.1002       1680.6458       1851.6912       2176.2283      
1.988           2892.2051       2562.6735       2120.7805       1553.553        1600.7952       1680.4211       1851.1332       2174.8443      
1.9893333       2891.3992       2561.8601       2119.7467       1553.3543       1600.2942       1679.9586       1850.3282       2173.2068      
1.9906667       2890.46         2560.9344       2118.6387       1553.0022       1599.9086       1679.6491       1849.6958       2171.7584      
1.992           2889.8734       2560.4256       2117.9793       1553.0217       1599.7755       1679.5481       1849.1934       2170.3465      
1.9933333       2889.3631       2559.6966       2116.923        1552.5859       1599.1248       1678.8865       1848.1827       2168.5742      
1.9946667       2888.4334       2558.6694       2115.6104       1551.9408       1598.516        1678.3465       1847.3282       2166.9162      
1.996           2887.3959       2557.6103       2114.3063       1551.3162       1597.9509       1677.8039       1846.4699       2165.244       
1.9973333       2886.4776       2556.6661       2113.0177       1550.6299       1597.3419       1677.2918       1845.6368       2163.5972      
1.9986667       2885.4417       2555.6025       2111.678        1550.2282       1596.6106       1676.6361       1844.6374       2161.7788      
2               2884.4219       2554.5699       2110.3553       1549.4219       1595.9646       1676.1214       1843.8008       2160.1931      
2.0014286       2883.5738       2553.577        2109.0394       1550.0778       1595.3617       1675.9425       1843.3416       2159.1697      
2.0028571       2882.6231       2552.6084       2107.8449       1549.8054       1594.6172       1675.3072       1842.4369       2157.4346      
2.0042857       2881.3991       2551.3392       2106.4279       1549.0327       1594.048        1674.8468       1841.5977       2155.6338      
2.0057143       2880.3976       2550.3987       2105.0881       1548.3508       1593.3394       1674.2333       1840.6311       2153.7668      
2.0071429       2879.4196       2549.4086       2103.7801       1547.693        1592.6383       1673.6196       1839.6801       2151.9945      
2.0085714       2878.2789       2548.2641       2102.3179       1546.902        1591.9134       1673.0151       1838.7583       2150.3008      
2.01            2877.1645       2547.1166       2101.007        1546.2416       1591.4174       1672.5433       1837.8464       2148.4928      
2.0114286       2876.2654       2546.2045       2099.863        1545.7081       1590.9578       1672.036        1836.8795       2146.6557      
2.0128571       2875.2098       2545.1085       2098.4355       1544.7707       1589.975        1671.2699       1835.8689       2144.8817      
2.0142857       2874.4463       2544.3076       2097.3199       1544.1966       1589.4052       1670.7513       1834.9656       2143.1248      
2.0157143       2873.3656       2543.1936       2095.9071       1543.3518       1588.5825       1670.0382       1833.9365       2141.3156      
2.0171429       2872.6122       2542.4185       2094.8574       1542.8853       1588.1919       1669.7106       1833.211        2139.6928      
2.0185714       2871.4148       2541.2023       2093.3794       1542.0253       1587.4245       1669.0772       1832.2934       2138.0215      
2.02            2870.6099       2540.3783       2092.2925       1541.538        1587.0397       1668.8414       1831.7264       2136.6001      
2.0214286       2869.5943       2539.3532       2091.0225       1540.8949       1586.4334       1668.2596       1830.805        2134.9462      
2.0228571       2869.0694       2538.8013       2090.1949       1540.6359       1586.2185       1668.1439       1830.3141       2133.568       
2.0242857       2867.8074       2537.5281       2088.6796       1539.7563       1585.4472       1667.4806       1829.383        2132.0413      
2.0257143       2866.9594       2536.6797       2087.6185       1539.3282       1585.1343       1667.2955       1828.799        2130.5043      
2.0271429       2865.7342       2535.4287       2086.0888       1538.3583       1584.2542       1666.4125       1827.5526       2128.4851      
2.0285714       2864.6853       2534.395        2084.9131       1537.8875       1583.7755       1666.0659       1826.8565       2126.9472      
2.03            2863.6699       2533.3673       2083.681        1537.2918       1583.0275       1665.3457       1825.7742       2125.1313      
2.0314286       2862.4315       2532.1233       2082.2235       1536.4879       1582.3767       1664.7805       1824.8645       2123.4989      
2.0328571       2861.2517       2530.9356       2080.8151       1535.734        1581.7655       1664.2203       1823.9632       2121.9303      
2.0342857       2860.3568       2530.054        2079.7742       1535.3835       1581.3238       1663.8378       1823.1966       2120.4131      
2.0357143       2859.4672       2529.1193       2078.5715       1534.7738       1580.7841       1663.2666       1822.2217       2118.6976      
2.0371429       2858.3956       2528.0255       2077.237        1534.0426       1580.3169       1662.7729       1821.337        2117.1244      
2.0385714       2857.3339       2526.927        2076.0837       1533.5261       1579.9006       1662.241        1820.3754       2115.4902      
2.04            2856.3045       2526.0332       2074.799        1532.8249       1579.3759       1661.7989       1819.5656       2114.0272      
2.0415385       2855.1852       2524.6614       2073.2708       1533.5914       1578.8625       1661.3578       1818.74         2112.8087      
2.0432168       2854.1153       2523.4467       2071.8545       1534.4353       1577.955        1660.7724       1817.8286       2111.3391      
2.0448951       2852.9863       2522.3602       2070.5377       1533.8847       1577.1971       1659.8625       1816.4536       2108.9437      
2.0465734       2851.6692       2521.0971       2069.0796       1533.1893       1576.5891       1659.0834       1815.2012       2106.8703      
2.0482517       2850.4229       2519.8688       2067.6959       1532.6955       1576.1112       1658.4245       1814.048        2104.9062      
2.0499301       2849.2452       2518.6807       2066.3593       1532.1934       1575.6176       1657.6806       1812.7663       2102.8235      
2.0516084       2847.9461       2517.4129       2064.8932       1531.5926       1575.2034       1656.9489       1811.5391       2100.853       
2.0532867       2846.622        2516.0836       2063.306        1530.8177       1574.6419       1656.1183       1810.215        2098.8086      
2.054965        2844.9626       2514.3396       2061.3021       1529.5105       1573.414        1654.7124       1808.4228       2096.3841      
2.0566434       2843.2166       2512.5583       2059.2914       1528.1605       1572.2191       1653.4226       1806.7906       2094.0997      
2.0583217       2841.7238       2511.0044       2057.5198       1527.0727       1571.3325       1652.3503       1805.3225       2091.9311      
2.06            2840.0376       2509.3233       2055.6471       1525.9338       1570.3869       1651.2325       1803.832        2089.7119      
2.0616667       2838.6499       2507.8809       2053.8516       1524.9326       1569.728        1650.3045       1802.4688       2087.4912      
2.0633333       2837.0036       2506.2119       2052.0043       1523.8751       1568.8239       1649.1177       1800.9375       2085.2708      
2.0648485       2835.7557       2505.0831       2050.6848       1521.5361       1568.3405       1648.2126       1799.6169       2082.8302      
2.0663636       2834.3657       2503.6568       2049.0882       1520.4087       1567.8399       1647.5061       1798.5734       2081.1662      
2.0678788       2833.1612       2502.4089       2047.7518       1519.7491       1567.2198       1646.7387       1797.5602       2079.5448      
2.0693939       2831.9903       2501.1408       2046.3721       1519.0508       1566.7248       1646.0536       1796.5813       2077.8167      
2.0709091       2830.7441       2500.0345       2045.0633       1518.3667       1566.1963       1645.2424       1795.5125       2076.0005      
2.0724242       2829.3899       2498.6769       2043.4121       1517.1719       1565.4713       1644.6053       1794.6948       2074.3614      
2.0739394       2828.1443       2497.4016       2041.9382       1516.189        1564.4712       1643.5245       1793.4831       2072.419       
2.0754545       2827.1063       2496.319        2040.7116       1515.7253       1564.1364       1643.0119       1792.7057       2070.7061      
2.0769697       2825.9935       2495.1997       2039.4591       1515.1716       1563.5301       1642.0705       1791.5948       2068.8323      
2.0784848       2825.1821       2494.4765       2038.575        1515.0284       1563.5664       1641.9114       1791.1879       2067.4658      
2.08            2824.3251       2493.6289       2037.6384       1514.7442       1563.2832       1641.4299       1790.483        2065.8356      
2.0816667       2823.2429       2492.3476       2036.3397       1515.8729       1562.8572       1641.1454       1789.9955       2064.6469      
2.0833333       2821.8094       2490.8926       2034.8236       1515.3877       1561.996        1640.1097       1788.7897       2062.2811      
2.085           2821.0142       2490.0598       2033.7716       1515.0358       1561.7868       1639.6641       1788.0279       2060.2169      
2.0866667       2819.1577       2488.227        2031.9094       1514.0313       1561.0044       1638.8099       1787.1025       2058.2982      
2.0883333       2818.5541       2487.5902       2031.0553       1513.7207       1560.6318       1638.1767       1786.1585       2056.1216      
2.09            2816.8118       2485.8774       2029.3039       1512.7458       1559.9353       1637.3853       1785.2227       2054.1304      
2.0916667       2816.3233       2485.3519       2028.5793       1512.4918       1559.6037       1636.6832       1784.2334       2052.0515      
2.0933333       2814.8326       2483.9031       2027.1094       1511.8631       1559.1713       1636.0069       1783.3491       2050.1275      
2.095           2814.0375       2483.066        2026.0541       1511.2783       1558.3921       1635.0888       1782.1932       2047.8497      
2.0966667       2812.0693       2481.138        2024.0621       1510.0472       1557.3125       1633.9965       1781.0141       2045.675       
2.0983333       2811.2944       2480.3244       2023.0393       1509.4632       1556.5026       1633.0161       1779.8265       2043.4633      
2.1             2809.4175       2478.4566       2021.1151       1508.3559       1555.6634       1632.097        1778.6624       2041.139       
2.1016667       2808.4259       2477.4463       2019.9208       1507.6334       1554.7779       1631.0504       1777.3654       2038.7706      
2.1033333       2806.5614       2475.6515       2018.0471       1506.5838       1553.9756       1630.1803       1776.1491       2036.2923      
2.105           2805.6057       2474.5984       2016.826        1505.8148       1553.019        1629.1926       1774.8717       2033.8831      
2.1066667       2803.7204       2472.5291       2014.7555       1504.5626       1551.9999       1628.2544       1773.6638       2031.4761      
2.1083333       2802.8782       2471.6228       2013.6254       1503.8548       1551.0672       1627.2507       1772.35         2029.0582      
2.11            2800.33         2469.1243       2011.1261       1502.2999       1549.8781       1626.157        1770.9401       2026.4323      
2.1116667       2799.6609       2468.3993       2010.131        1501.5915       1548.9543       1625.186        1769.7085       2024.1337      
2.1133333       2797.2077       2465.9589       2007.6756       1500.1197       1547.8826       1624.267        1768.4843       2021.6953      
2.115           2796.7586       2465.4951       2007.1225       1500.0339       1547.116        1623.3434       1767.1954       2019.2416      
2.1166667       2794.5462       2463.3377       2005.0722       1498.9585       1546.0463       1622.3099       1765.7555       2016.4792      
2.1183333       2793.8296       2462.5698       2004.1199       1498.4268       1545.1369       1621.3469       1764.4608       2014.0137      
2.12            2791.5799       2460.3328       2001.9281       1497.1726       1544.102        1620.3852       1763.0594       2011.2231      
2.1216667       2791.2027       2459.9593       2001.4967       1497.0163       1543.4469       1619.6113       1761.8012       2008.6542      
2.1233333       2789.5582       2458.3486       1999.8323       1495.786        1542.3755       1618.6987       1760.5175       2006.0654      
2.125           2789.015        2457.7643       1999.1278       1495.5041       1541.6724       1617.8987       1759.2517       2003.4917      
2.1266667       2786.6505       2455.4461       1996.8678       1493.9785       1540.2042       1616.5747       1757.5418       2000.4434      
2.1283333       2785.9636       2454.6999       1995.9193       1493.381        1539.244        1615.5936       1756.1277       1997.6524      
2.13            2783.8387       2452.5799       1993.8349       1492.0743       1537.933        1614.3621       1754.4961       1994.6152      
2.1316667       2783.1548       2451.833        1992.9189       1491.524        1537.0136       1613.412        1753.1163       1991.8063      
2.1333333       2781.196        2449.868        1991.0059       1490.4083       1535.8729       1612.3366       1751.5902       1988.7059      
2.135           2780.4667       2449.0603       1989.9942       1489.6997       1534.7796       1611.2013       1750.0388       1985.6998      
2.1366667       2778.2827       2447.1891       1987.9392       1488.0961       1533.3337       1609.895        1748.33         1982.41        
2.1383333       2777.6655       2446.3833       1987.2544       1487.8842       1532.5188       1608.9429       1746.9599       1979.5557      
2.14            2775.4105       2444.1734       1985.0944       1486.4777       1531.1461       1607.6603       1745.2536       1976.1757      
2.1416667       2774.4711       2443.2336       1983.9673       1485.5557       1530.0785       1606.7407       1743.982        1973.3697      
2.1433333       2772.4319       2441.1218       1981.8979       1484.3493       1528.9168       1605.6097       1742.3892       1970.0697      
2.1451852       2771.8253       2440.3575       1981.1363       1485.5218       1527.8905       1604.762        1741.1465       1967.6698      
2.147037        2769.9237       2438.5492       1979.3809       1484.7632       1526.5299       1603.3825       1739.2322       1963.5871      
2.1488889       2768.8084       2437.4695       1978.1591       1484.0443       1525.491        1602.3062       1737.6701       1960.0591      
2.1507407       2766.831        2435.4753       1976.1353       1482.7446       1524.0964       1600.9883       1735.884        1956.3288      
2.1525926       2765.9066       2434.4951       1975.0178       1482.1041       1523.0522       1599.8984       1734.2654       1952.8107      
2.1544444       2764.0643       2432.6512       1973.1498       1480.8919       1521.7226       1598.604        1732.4681       1949.0916      
2.1562963       2762.9177       2431.4767       1971.894        1480.1741       1520.7453       1597.579        1730.8576       1945.5166      
2.1581481       2761.2562       2429.8128       1970.2517       1479.1962       1519.6178       1596.4484       1729.153        1941.7999      
2.16            2759.8271       2428.3753       1968.8169       1478.3764       1518.5844       1595.3621       1727.4858       1938.0878      
2.1618182       2758.182        2426.7401       1967.1455       1477.0406       1517.6285       1594.4383       1725.9348       1934.3729      
2.1636364       2756.7033       2425.2512       1965.6332       1476.1412       1516.9304       1593.7964       1724.647        1931.0012      
2.1654545       2754.9063       2423.468        1963.8632       1475.0505       1515.9479       1592.816        1722.953        1927.2933      
2.1672727       2753.0993       2421.74         1962.1189       1473.936        1514.8528       1591.7427       1721.189        1923.4767      
2.1690909       2751.5491       2420.0194       1960.4607       1472.9004       1513.831        1590.7507       1719.4781       1919.6887      
2.1709091       2749.9706       2418.4007       1958.8588       1471.9381       1512.9075       1589.8396       1717.7888       1915.8496      
2.1727273       2748.381        2416.8228       1957.2894       1470.9679       1511.9038       1588.8833       1716.0533       1911.9682      
2.1745455       2746.9863       2415.4338       1955.9029       1470.2073       1511.0573       1588.0256       1714.3202       1908.0476      
2.1763636       2745.5034       2413.9655       1954.4064       1469.2453       1509.9361       1586.9334       1712.4027       1904.0088      
2.1781818       2744.012        2412.5038       1952.9478       1468.3829       1508.9692       1585.9359       1710.5157       1899.9203      
2.18            2742.6315       2411.0914       1951.6185       1467.682        1508.1351       1585.0275       1708.6539       1895.8291      
2.1818182       2741.3964       2409.7684       1950.3363       1466.9808       1507.3353       1584.1679       1706.8879       1891.8687      
2.1836364       2740.394        2408.565        1949.0992       1466.3609       1506.6613       1583.4059       1705.1262       1887.8182      
2.1854545       2739.0931       2407.2379       1947.7915       1465.6488       1505.8231       1582.5077       1703.269        1883.7018      
2.1872727       2737.8075       2405.9656       1946.593        1465.0846       1505.1234       1581.7197       1701.4787       1879.6048      
2.1890909       2735.9473       2404.0941       1944.7533       1463.864        1504.0852       1580.7191       1699.4915       1875.3325      
2.1909091       2734.0842       2402.2215       1942.9347       1462.6931       1503.0024       1579.6369       1697.3946       1870.962       
2.1927273       2732.4317       2400.5613       1941.3275       1461.6814       1502.0074       1578.6098       1695.3476       1866.6824      
2.1945455       2730.8174       2398.9305       1939.7403       1460.6657       1500.8805       1577.422        1693.1657       1862.3001      
2.1963636       2729.3818       2397.4758       1938.3339       1459.817        1499.9076       1576.3875       1691.1566       1858.1157      
2.1981818       2728.0184       2396.0429       1936.9834       1459.0316       1499.0554       1575.4306       1689.1575       1853.8016      
2.2             2726.595        2394.6554       1935.6123       1458.238        1498.2431       1574.5671       1687.2583       1849.5521      
2.2018182       2725.038        2393.091        1934.113        1457.3537       1497.3631       1573.6          1685.2355       1845.1768      
2.2036364       2723.5248       2391.5594       1932.6531       1456.4821       1496.4294       1572.5702       1683.1639       1840.7575      
2.2054545       2722.019        2390.0383       1931.2213       1455.6565       1495.545        1571.4949       1681.0113       1836.272       
2.2072727       2720.3014       2388.2979       1929.5629       1454.5904       1494.4976       1570.2742       1678.7391       1831.711       
2.2090909       2718.3726       2386.3415       1927.6788       1453.2726       1493.3045       1568.9682       1676.4121       1827.1136      
2.2109091       2716.6192       2384.5724       1926.0066       1452.1976       1492.3001       1567.7443       1674.0933       1822.4423      
2.2127273       2714.8483       2382.7675       1924.2142       1450.9956       1491.1676       1566.4803       1671.8487       1817.9192      
2.2145455       2713.0262       2380.9207       1922.4353       1449.7976       1490.0775       1565.2221       1669.5567       1813.239       
2.2163636       2711.1817       2379.0522       1920.6581       1448.5902       1488.946        1563.9019       1667.2388       1808.5762      
2.2181818       2709.4404       2377.2658       1918.8761       1447.3741       1487.8117       1562.523        1664.8272       1803.7992      
2.22            2707.6108       2375.3888       1917.0408       1446.1086       1486.702        1561.2279       1662.5385       1799.1845      
2.222           2705.8374       2373.4807       1915.3505       1446.2053       1485.3216       1559.8069       1660.1446       1794.8616      
2.224           2704.0316       2371.7041       1913.7298       1445.2602       1483.9697       1558.2757       1657.6495       1789.6927      
2.226           2702.1928       2369.8427       1911.9035       1443.9986       1482.6463       1556.6378       1654.9712       1784.3735      
2.228           2700.2049       2367.8445       1910.0106       1442.7296       1481.3348       1555.0552       1652.35         1779.0999      
2.23            2698.316        2365.9263       1908.1579       1441.3954       1479.9045       1553.2976       1649.5389       1773.7418      
2.232           2696.5868       2364.174        1906.5047       1440.301        1478.8452       1551.9232       1647.0774       1768.6612      
2.234           2694.597        2362.1551       1904.5777       1438.8978       1477.3756       1550.1001       1644.194        1763.222       
2.236           2692.7118       2360.2516       1902.7983       1437.6832       1476.2163       1548.6085       1641.5908       1758.0008      
2.238           2691.0023       2358.529        1901.2043       1436.6504       1475.1795       1547.1781       1639.0336       1752.7612      
2.24            2689.0099       2356.504        1899.3138       1435.3425       1473.8865       1545.4706       1636.2036       1747.1521      
2.242           2687.1215       2354.5693       1897.5093       1434.1052       1472.6343       1543.809        1633.4107       1741.6133      
2.244           2685.063        2352.4885       1895.5705       1432.7945       1471.4157       1542.1967       1630.6184       1735.9722      
2.246           2683.225        2350.6072       1893.8285       1431.6082       1470.1698       1540.5358       1627.7857       1730.3105      
2.248           2681.4112       2348.771        1892.1499       1430.5133       1468.9495       1538.7764       1624.7668       1724.5246      
2.25            2679.7502       2347.1231       1890.6846       1429.65         1467.9381       1537.2217       1621.9703       1718.8362      
2.252           2677.9021       2345.2655       1888.9781       1428.4929       1466.5863       1535.3736       1618.9379       1712.9806      
2.254           2675.8112       2343.1563       1887.028        1427.1357       1465.1365       1533.4741       1615.893        1707.0997      
2.256           2673.9871       2341.3389       1885.3981       1426.06         1463.8568       1531.7254       1612.9424       1701.3211      
2.258           2672.0222       2339.3794       1883.6528       1424.9255       1462.5973       1530.0168       1610.0112       1695.5433      
2.26            2669.8441       2337.1853       1881.7262       1423.7645       1461.3875       1528.3925       1607.106        1689.714       
2.2618182       2667.9917       2335.4183       1880.0746       1421.5705       1460.6332       1527.1225       1604.5843       1683.9065      
2.2636364       2666.0582       2333.4275       1878.2575       1420.2128       1459.5709       1525.5338       1601.6784       1678.2396      
2.2654545       2664.5539       2331.9128       1876.9395       1419.3264       1458.505        1524.0512       1599.0499       1673.3704      
2.2672727       2663.1267       2330.476        1875.6364       1418.4123       1457.4775       1522.6484       1596.5219       1668.4409      
2.2690909       2661.1807       2328.4942       1873.7969       1417.0462       1456.0327       1520.9059       1593.706        1663.1991      
2.2709091       2659.2063       2326.4764       1871.8863       1415.5454       1454.2353       1518.8341       1590.6566       1657.7772      
2.2727273       2657.347        2324.5979       1870.1478       1414.3083       1452.7808       1517.0287       1587.7315       1652.3616      
2.2745455       2655.522        2322.738        1868.3999       1413.0341       1451.2593       1515.2484       1584.8651       1646.9893      
2.2763636       2653.8011       2320.9827       1866.7358       1411.8109       1449.8031       1513.5739       1582.112        1641.7429      
2.2781818       2652.0699       2319.2559       1865.2243       1410.6467       1448.1956       1511.7175       1579.2089       1636.3763      
2.28            2650.2356       2317.4875       1863.6232       1409.4359       1446.5401       1509.7398       1576.1489       1630.7379      
2.2818182       2648.5078       2315.6261       1861.9436       1408.2157       1445.03         1507.8966       1573.2305       1625.3768      
2.2836364       2646.679        2313.738        1860.2428       1407.0354       1443.5886       1506.0678       1570.2894       1619.9639      
2.2854545       2644.8023       2311.884        1858.5794       1405.8956       1442.2622       1504.362        1567.442        1614.4937      
2.2872727       2643.019        2310.079        1856.9346       1404.6691       1440.7832       1502.5769       1564.5244       1609.1831      
2.2890909       2641.3389       2308.2676       1855.2855       1403.4362       1439.2036       1500.6858       1561.5216       1603.7645      
2.2909091       2639.8285       2306.7319       1853.9262       1402.531        1438.0661       1499.1976       1558.7634       1598.4015      
2.2927273       2638.3715       2305.2863       1852.686        1401.7734       1437.0128       1497.7127       1556.0319       1593.0446      
2.2945455       2636.7525       2303.6728       1851.2682       1400.8311       1435.8867       1496.1918       1553.2702       1587.5677      
2.2963636       2635.2029       2302.1222       1849.9042       1399.9158       1434.7411       1494.6561       1550.4985       1582.249       
2.2981818       2633.6941       2300.6196       1848.6063       1399.0853       1433.6597       1493.1161       1547.6709       1577.1539      
2.3             2632.0399       2298.9795       1847.1767       1398.1219       1432.4696       1491.4817       1544.7638       1571.7274      
2.3018182       2630.4107       2297.3648       1845.759        1397.1511       1431.2644       1489.8413       1541.8424       1566.237       
2.3036364       2628.4742       2295.4716       1844.0429       1395.8336       1429.677        1487.9023       1538.7312       1560.6239      
2.3054545       2626.8075       2293.6681       1842.3554       1394.4988       1428.0589       1485.9475       1535.6304       1555.0456      
2.3072727       2625.1389       2291.8488       1840.6708       1393.2104       1426.5288       1484.0422       1532.517        1549.4303      
2.3090909       2623.3722       2290.0236       1838.967        1391.8671       1424.9737       1482.1346       1529.4389       1543.8056      
2.3109091       2621.7367       2288.3699       1837.4627       1390.7453       1423.6191       1480.3403       1526.4126       1538.1286      
2.3127273       2619.9335       2286.5592       1835.8462       1389.5239       1422.1878       1478.4808       1523.333        1532.6384      
2.3145455       2618.2442       2284.8516       1834.3136       1388.3631       1420.7702       1476.7206       1520.3423       1527.1601      
2.3163636       2616.4443       2283.0313       1832.6656       1387.0865       1419.1415       1474.7103       1517.0952       1521.3808      
2.3181818       2614.7159       2281.2769       1831.0791       1385.8609       1417.6173       1472.7707       1513.911        1515.6612      
2.32            2613.0024       2279.536        1829.5082       1384.6631       1416.1625       1470.9428       1510.8861       1510.7998      
2.3218182       2611.3035       2277.8179       1827.9847       1383.527        1414.67         1469.0259       1507.7251       1505.2498      
2.3236364       2609.859        2276.3616       1826.7439       1382.7235       1413.6187       1467.4449       1504.8027       1499.9624      
2.3254545       2607.9677       2274.4442       1825.0143       1381.4019       1412.1154       1465.5418       1501.6352       1494.52        
2.3272727       2606.3147       2272.7642       1823.5129       1380.2698       1410.7737       1463.7264       1498.5199       1489.0599      
2.3290909       2604.5975       2271.0218       1821.9632       1379.128        1409.4724       1461.897        1495.3675       1483.5947      
2.3309091       2603.0378       2269.4379       1820.5672       1378.1005       1408.2062       1460.1488       1492.2953       1478.2234      
2.3327273       2601.3551       2267.7379       1819.0815       1377.046        1406.9111       1458.3029       1489.0981       1472.736       
2.3345455       2599.9891       2266.3587       1817.9214       1376.3041       1406.0384       1456.8684       1486.2131       1467.5383      
2.3363636       2598.1561       2264.4941       1816.2381       1374.9949       1404.5521       1454.9336       1483.0002       1462.1366      
2.3381818       2597.0687       2263.3946       1815.3648       1374.5374       1403.7721       1453.479        1480.1052       1456.9716      
2.34            2594.9899       2261.2826       1813.4261       1372.9504       1402.0651       1451.4515       1476.8742       1451.6766      
2.3418182       2593.1878       2259.4401       1811.7456       1371.6173       1400.5752       1449.5413       1473.7309       1446.4841      
2.3436364       2591.318        2257.5278       1809.9935       1370.1715       1398.8567       1447.4266       1470.4443       1441.2339      
2.3454545       2589.5146       2255.6917       1808.3278       1368.8181       1397.2297       1445.3719       1467.2556       1436.0491      
2.3472727       2588.0192       2254.1638       1806.9792       1367.7701       1395.7977       1443.4231       1464.1078       1430.9387      
2.3490909       2586.1812       2252.2957       1805.2914       1366.4142       1394.1999       1441.3664       1460.8735       1425.7135      
2.3509091       2584.7723       2250.8564       1804.0162       1365.3826       1392.7884       1439.4609       1457.8343       1420.7181      
2.3527273       2583.0837       2249.1512       1802.5133       1364.2055       1391.2968       1437.4209       1454.568        1415.4728      
2.3545455       2581.8039       2247.7966       1801.2826       1363.2809       1390.0579       1435.6327       1451.5944       1410.5507      
2.3563636       2580.0645       2246.0267       1799.7046       1362.0456       1388.4628       1433.3981       1448.1039       1405.1545      
2.3581818       2578.8373       2244.7828       1798.6443       1361.2646       1387.3019       1431.5317       1444.9449       1400.1541      
2.36            2576.9612       2242.9083       1796.974        1359.9703       1385.7565       1429.2919       1441.47         1394.9821      
2.3618182       2575.329        2241.2114       1795.5073       1358.891        1384.5409       1427.3791       1438.2866       1389.9277      
2.3636364       2573.7415       2239.5943       1794.1422       1357.8425       1383.2376       1425.3574       1435.0073       1384.3979      
2.3654545       2572.1937       2238.01         1792.7231       1356.678        1381.7345       1423.1998       1431.6748       1379.2207      
2.3672727       2570.5578       2236.3215       1791.1725       1355.3745       1380.0403       1420.8268       1428.2244       1374.296       
2.3690909       2568.9593       2234.69         1789.7348       1354.2491       1378.7284       1418.8884       1425.1113       1369.0564      
2.3709091       2567.3533       2233.0689       1788.3119       1353.156        1377.4439       1416.9746       1422.0955       1364.2859      
2.3727273       2565.7367       2231.4338       1786.8616       1351.991        1376.0272       1414.9092       1418.9675       1359.3703      
2.3745455       2564.0522       2229.7163       1785.3317       1350.7495       1374.5135       1412.7104       1415.7218       1354.3906      
2.3763636       2562.2371       2227.8573       1783.6544       1349.3866       1372.9801       1410.5595       1412.598        1349.6101      
2.3781818       2560.7104       2226.3013       1782.3049       1348.3552       1371.7134       1408.5786       1409.5792       1344.7857      
2.38            2559.4572       2225.0393       1781.2847       1347.6998       1370.771        1406.7197       1406.572        1339.9089      
2.3818182       2557.7386       2223.3141       1779.768        1346.4997       1369.4313       1404.6962       1403.5257       1334.7486      
2.3836364       2556.1612       2221.6953       1778.331        1345.3576       1368.106        1402.6598       1400.5002       1330.1147      
2.3854545       2554.5915       2220.081        1776.8989       1344.1958       1366.7157       1400.5985       1397.5          1325.4542      
2.3872727       2553.0488       2218.5053       1775.5161       1343.1087       1365.4706       1398.6948       1394.6159       1320.8243      
2.3890909       2551.4384       2216.8522       1774.0383       1341.883        1363.9405       1396.477        1391.4863       1316.122       
2.3909091       2549.9518       2215.3422       1772.739        1340.8777       1362.6353       1394.401        1388.4406       1311.455       
2.3927273       2548.6289       2213.9931       1771.5915       1339.9801       1361.3294       1392.2713       1385.3964       1306.8379      
2.3945455       2547.3376       2212.6968       1770.5566       1339.378        1360.4332       1390.3491       1382.4749       1302.2552      
2.3963636       2545.8274       2211.1804       1769.263        1338.3744       1359.0585       1388.1047       1379.3669       1297.6268      
2.3981818       2544.4161       2209.7221       1768.0384       1337.4923       1357.896        1386.1277       1376.4478       1293.0197      
2.4             2542.8446       2208.1143       1766.6355       1336.3587       1356.3366       1383.7749       1373.2517       1288.2056      
2.402           2541.2425       2206.4446       1765.3091       1336.5389       1354.6781       1381.3583       1369.9587       1284.0253      
2.404           2539.8646       2205.0506       1764.1731       1335.8468       1352.9577       1378.8829       1366.7077       1278.5495      
2.406           2538.3827       2203.5556       1762.8864       1334.9017       1351.2381       1376.205        1363.159        1272.8116      
2.408           2536.6295       2201.7519       1761.2419       1333.5005       1349.2422       1373.448        1359.73         1267.838       
2.41            2534.6909       2199.763        1759.4126       1332.0105       1347.1352       1370.616        1356.1973       1262.7064      
2.412           2532.9118       2197.9415       1757.7727       1330.5541       1344.9757       1367.7616       1352.7318       1257.7827      
2.414           2531.1977       2196.1889       1756.2149       1329.2125       1342.9638       1365.0584       1349.4336       1253.1147      
2.416           2529.739        2194.6935       1754.9304       1328.1915       1341.2203       1362.507        1346.1876       1248.41        
2.418           2528.4641       2193.4037       1753.894        1327.4111       1339.5988       1360.0275       1342.9523       1243.6684      
2.42            2526.7321       2191.6522       1752.386        1326.1579       1337.7312       1357.4882       1339.7005       1238.8265      
2.422           2525.1311       2190.0287       1751.0055       1325.063        1335.9006       1354.965        1336.5603       1234.5631      
2.424           2523.6248       2188.4995       1749.7103       1323.9786       1334.0022       1352.4235       1333.3959       1230.1967      
2.426           2522.6931       2187.5689       1749.0719       1323.6727       1332.7687       1350.3525       1330.5612       1226.1907      
2.428           2521.4082       2186.2599       1747.9979       1322.8594       1331.1618       1348.1236       1327.6939       1222.1164      
2.43            2520.2378       2185.0529       1746.9927       1322.1059       1329.494        1345.7683       1324.667        1217.8068      
2.432           2518.7856       2183.5929       1745.812        1321.1398       1327.7141       1343.3845       1321.6081       1213.4881      
2.434           2517.5111       2182.3114       1744.7953       1320.3514       1326.1333       1341.2439       1318.72         1209.2521      
2.436           2516.027        2180.8444       1743.641        1319.5125       1324.5377       1339.1359       1315.915        1205.1784      
2.438           2514.4014       2179.2373       1742.3549       1318.5125       1322.733        1336.8515       1312.9671       1200.9671      
2.44            2512.7415       2177.5516       1740.9039       1317.2952       1320.7871       1334.5102       1309.9987       1196.7017      
2.4422222       2511.0584       2175.8          1739.5333       1317.3275       1318.5767       1331.9983       1306.8467       1193.1388      
2.4444444       2509.7809       2174.508        1738.5182       1316.7403       1316.6905       1329.7062       1303.9668       1188.1161      
2.4466667       2508.0002       2172.7149       1736.9598       1315.4861       1314.5262       1327.1091       1300.7625       1183.0762      
2.4488889       2506.3887       2171.0837       1735.5595       1314.2868       1312.3918       1324.5736       1297.6238       1178.4675      
2.4516667       2504.0421       2168.6454       1733.6632       1314.5914       1309.0493       1321.2184       1293.8748       1175.1177      
2.4544444       2502.3627       2166.9839       1732.3533       1313.8243       1306.3703       1318.1297       1290.1835       1168.0616      
2.4572222       2500.6068       2165.2107       1730.8081       1312.4825       1303.8203       1315.1596       1286.537        1161.6477      
2.46            2498.801        2163.3844       1729.2368       1311.0603       1301.0274       1311.8257       1282.5693       1155.8277      
2.4625          2496.9532       2161.5551       1727.5522       1308.711        1298.5549       1308.7552       1278.8346       1149.6178      
2.465           2495.7933       2160.3309       1726.5112       1307.5224       1296.5011       1306.2746       1275.9152       1146.4473      
2.4675          2494.4797       2159.025        1725.5222       1306.612        1294.3951       1303.6445       1272.7383       1142.3332      
2.47            2492.7396       2157.2524       1723.999        1305.0985       1291.8719       1300.7845       1269.4329       1137.9021      
2.4725          2491.5155       2155.9988       1723.0142       1304.1765       1289.8948       1298.3586       1266.5247       1133.8578      
2.475           2489.7518       2154.2155       1721.5147       1302.828        1287.7149       1295.8342       1263.5318       1129.662       
2.4775          2487.934        2152.3688       1719.9382       1301.3391       1285.392        1293.2876       1260.6425       1125.7021      
2.48            2486.1243       2150.534        1718.3771       1299.9544       1283.3779       1291.0613       1257.9263       1121.6093      
2.4825          2484.3809       2148.7412       1716.7473       1298.546        1281.2207       1288.6294       1255.1484       1117.8932      
2.485           2482.8767       2147.1882       1715.4147       1297.3432       1279.2766       1286.3856       1252.5191       1114.2438      
2.4875          2481.0036       2145.3005       1713.8179       1295.9717       1277.162        1283.9706       1249.654        1110.1892      
2.49            2479.4078       2143.6587       1712.3963       1294.6777       1275.1691       1281.7873       1247.0022       1106.3372      
2.4925          2477.8467       2142.0473       1711.024        1293.5033       1273.2042       1279.6072       1244.3376       1102.4559      
2.495           2476.1852       2140.4092       1709.6689       1292.2591       1271.1354       1277.3692       1241.6466       1098.6186      
2.4975          2475.1373       2139.3346       1708.7782       1291.3477       1269.2446       1275.3273       1239.2132       1095.1398      
2.5             2473.9746       2138.148        1707.8171       1290.4761       1267.3736       1273.249        1236.6642       1091.5319      
2.5028571       2472.5861       2136.7084       1706.7598       1290.5053       1265.0694       1271.0935       1234.1468       1088.8304      
2.5057143       2470.7403       2134.8416       1705.1576       1289.1689       1262.4567       1268.4934       1231.0741       1083.3344      
2.5085714       2469.0435       2133.1111       1703.6475       1287.8869       1260.2089       1266.3062       1228.389        1078.7531      
2.5114286       2467.2145       2131.2594       1702.0398       1286.4186       1257.8396       1263.9877       1225.5781       1074.5647      
2.5142857       2465.5835       2129.6124       1700.6514       1285.1593       1255.6984       1261.8733       1222.9735       1070.7892      
2.5171429       2463.8677       2127.8695       1699.1369       1283.8418       1253.6275       1259.8341       1220.459        1067.2003      
2.52            2461.8766       2125.8432       1697.3219       1282.1944       1251.3578       1257.7192       1217.9086       1063.5563      
2.5228571       2459.9961       2123.9299       1695.6536       1280.6744       1249.1492       1255.5781       1215.3097       1059.8982      
2.5257143       2458.1611       2122.0609       1694.0153       1279.1627       1246.9757       1253.4696       1212.7217       1056.3943      
2.5285714       2456.8993       2120.7668       1692.9419       1278.2328       1245.3262       1251.8067       1210.6284       1053.5987      
2.5314286       2455.0118       2118.8575       1691.3224       1276.7631       1243.2844       1249.8261       1208.1975       1050.2016      
2.5342857       2453.4712       2117.2853       1690.0092       1275.5778       1241.4507       1247.9665       1205.8831       1046.9968      
2.5371429       2451.7287       2115.5165       1688.4719       1274.2141       1239.5311       1246.078        1203.5563       1043.8685      
2.54            2449.8025       2113.5753       1686.7918       1272.7222       1237.4939       1244.0037       1201.011        1040.478       
2.5428571       2448.442        2112.1726       1685.575        1271.5947       1235.7266       1242.2035       1198.795        1037.5127      
2.5457143       2446.3484       2110.0603       1683.7159       1269.9246       1233.7371       1240.2907       1196.4995       1034.4987      
2.5485714       2444.7124       2108.4075       1682.3156       1268.7113       1232.0244       1238.5291       1194.3022       1031.5649      
2.5514286       2442.6989       2106.394        1680.5904       1267.2323       1230.266        1236.7431       1192.1075       1028.7467      
2.5542857       2441.6129       2105.2912       1679.7338       1266.5429       1229.0712       1235.3673       1190.2701       1026.2759      
2.5571429       2440.1709       2103.851        1678.5491       1265.5795       1227.7305       1233.8781       1188.35         1023.6518      
2.56            2438.6625       2102.3629       1677.3708       1264.6587       1226.4486       1232.3755       1186.3569       1020.8537      
2.5633333       2436.4486       2100.1608       1675.6999       1264.2155       1224.5798       1230.6676       1184.5525       1019.5849      
2.5666667       2435.0309       2098.8316       1674.6916       1263.6279       1223.2729       1229.181        1182.5697       1015.5057      
2.5693333       2434.4057       2098.2055       1674.0284       1261.7997       1222.6044       1227.9696       1180.5587       1010.1433      
2.572           2432.6561       2096.2194       1672.2465       1260.0851       1221.2805       1226.6583       1179.1467       1010.2271      
2.5746667       2430.5275       2094.0473       1670.3784       1258.3073       1219.6142       1225.1342       1177.5813       1009.4756      
2.5773333       2428.9395       2092.4435       1669.019        1257.0635       1218.1176       1223.6784       1176.0062       1008.0068      
2.58            2427.2074       2090.7166       1667.5496       1255.6845       1216.5514       1222.1643       1174.3318       1006.0358      
2.5822222       2426.2524       2089.7638       1666.6005       1253.3743       1215.6665       1220.939        1172.6298       1002.2266      
2.5844444       2424.8326       2088.3345       1665.3905       1252.0436       1214.5757       1219.8739       1171.4986       1002.7008      
2.5866667       2423.5112       2087.0096       1664.3416       1251.0288       1213.5091       1218.8138       1170.3909       1002.4863      
2.5888889       2422.222        2085.7248       1663.3129       1250.1514       1212.3698       1217.7122       1169.2494       1001.7026      
2.5911111       2421.0637       2084.5732       1662.4172       1249.4015       1211.3845       1216.7114       1168.1855       1000.6661      
2.5933333       2420.0828       2083.6098       1661.7112       1248.8787       1210.5115       1215.7445       1167.0529       999.35865      
2.5955556       2419.3315       2082.877        1661.2314       1248.5916       1209.845        1214.9579       1166.0389       998.06838      
2.5977778       2418.4061       2081.974        1660.587        1248.1379       1209.058        1214.1161       1165.0264       996.84724      
2.6             2417.3388       2080.9229       1659.8026       1247.5433       1208.2156       1213.2521       1164.0398       995.73663      
2.6022222       2416.1937       2079.7856       1658.849        1246.7681       1207.2365       1212.3324       1162.9992       994.49492      
2.6044444       2415.2269       2078.8259       1658.0803       1246.1671       1206.3563       1211.4753       1162.0377       993.38819      
2.6066667       2414.1499       2077.7593       1657.2402       1245.44         1205.3955       1210.5954       1161.0733       992.30448      
2.6088889       2412.9308       2076.5552       1656.2724       1244.5946       1204.3298       1209.5991       1160.0015       991.1474       
2.6111111       2411.772        2075.4122       1655.3608       1243.799        1203.331        1208.6939       1159.0315       990.10834      
2.6133333       2410.7687       2074.43         1654.6175       1243.1858       1202.5059       1207.9381       1158.1852       989.17349      
2.6155556       2409.5897       2073.2661       1653.6792       1242.3568       1201.5318       1207.1172       1157.3352       988.32209      
2.6177778       2408.3554       2072.043        1652.6648       1241.434        1200.4812       1206.2431       1156.4345       987.39181      
2.62            2407.2539       2070.9569       1651.7957       1240.6626       1199.5508       1205.4343       1155.5533       986.44784      
2.6222222       2406.1673       2069.8778       1650.9189       1239.8558       1198.5734       1204.6025       1154.676        985.56542      
2.6244444       2405.2796       2068.9892       1650.2078       1239.2109       1197.6976       1203.8227       1153.8049       984.65198      
2.6266667       2404.2215       2067.9569       1649.4093       1238.4641       1196.7341       1202.9595       1152.8529       983.66028      
2.6288889       2403.2254       2067.0107       1648.7243       1237.7676       1195.8561       1202.2137       1152.0414       982.83963      
2.6311111       2402.4404       2066.2427       1648.1617       1237.2477       1195.0835       1201.4992       1151.2322       982.03693      
2.6333333       2401.4126       2065.2293       1647.3446       1236.4384       1194.0961       1200.6454       1150.3089       981.10898      
2.6355556       2400.5167       2064.3409       1646.6491       1235.7331       1193.1582       1199.8198       1149.419        980.25712      
2.6377778       2399.5376       2063.3826       1645.8918       1235.0568       1192.3424       1199.0834       1148.6011       979.52029      
2.64            2398.6515       2062.5224       1645.2119       1234.4402       1191.511        1198.3214       1147.7633       978.7515       
2.6422222       2397.6382       2061.5278       1644.3865       1233.69         1190.5799       1197.471        1146.8325       977.8613       
2.6444444       2396.5236       2060.4365       1643.5117       1232.8784       1189.6646       1196.6653       1145.9735       977.08941      
2.6466667       2395.4045       2059.3438       1642.6325       1232.0298       1188.7091       1195.8386       1145.1202       976.33802      
2.6488889       2394.2159       2058.1764       1641.6563       1231.0687       1187.6941       1194.9741       1144.2524       975.59281      
2.6511111       2393.1859       2057.1586       1640.8074       1230.1998       1186.7282       1194.1719       1143.4574       974.92814      
2.6533333       2392.1159       2056.1065       1639.9252       1229.3008       1185.7701       1193.3821       1142.6981       974.34419      
2.6555556       2391.0069       2055.0264       1639.0239       1228.3969       1184.8135       1192.588        1141.9385       973.77395      
2.6577778       2390.0558       2054.0757       1638.2633       1227.64         1183.9343       1191.8051       1141.1698       973.21126      
2.66            2389.0346       2053.0737       1637.4572       1226.846        1183.0372       1191.018        1140.3996       972.62306      
2.6622222       2388.0715       2052.1216       1636.6858       1226.0747       1182.175        1190.2668       1139.648        972.02171      
2.6644444       2387.133        2051.1954       1635.9082       1225.2403       1181.263        1189.42         1138.8154       971.38276      
2.6666667       2385.9985       2050.072        1634.9287       1224.2032       1180.1935       1188.445        1137.8514       970.57816      
2.6688889       2385.1914       2049.2739       1634.2775       1223.4981       1179.4072       1187.7442       1137.2032       970.18299      
2.6711111       2384.0507       2048.1405       1633.2918       1222.4598       1178.3172       1186.7408       1136.2202       969.37678      
2.6733333       2383.0782       2047.1868       1632.4994       1221.6311       1177.4448       1185.962        1135.4816       968.86345      
2.6755556       2382.0355       2046.1576       1631.6192       1220.6792       1176.4357       1185.0399       1134.5912       968.19029      
2.6777778       2381.1142       2045.26         1630.8967       1219.9344       1175.6478       1184.3039       1133.8726       967.65741      
2.68            2380.0467       2044.2111       1630.012        1219.0494       1174.8004       1183.5406       1133.1096       967.06911      
2.682           2379.3786       2043.553        1629.3574       1217.3394       1174.1372       1182.7901       1132.2278       965.49152      
2.684           2378.2704       2042.4509       1628.3762       1216.1887       1173.3602       1182.0759       1131.568        965.91826      
2.686           2377.0919       2041.2876       1627.3824       1215.1028       1172.4171       1181.2647       1130.9021       966.03509      
2.688           2376.1488       2040.3493       1626.5676       1214.1813       1171.4718       1180.4508       1130.1817       965.76232      
2.69            2374.9919       2039.2002       1625.5471       1213.105        1170.435        1179.5532       1129.3786       965.23986      
2.692           2373.7713       2037.99         1624.4624       1211.9863       1169.3174       1178.5972       1128.532        964.64146      
2.694           2372.7697       2036.9962       1623.587        1211.0794       1168.4566       1177.9032       1127.9052       964.17495      
2.696           2371.6677       2035.9101       1622.6323       1210.1183       1167.5844       1177.1866       1127.2503       963.72362      
2.698           2370.5739       2034.8314       1621.6799       1209.1536       1166.6884       1176.4482       1126.5634       963.21083      
2.7             2369.3537       2033.6285       1620.6027       1208.0638       1165.6622       1175.6031       1125.8061       962.66144      
2.702           2368.483        2032.7673       1619.838        1207.2268       1164.7881       1174.852        1125.1081       962.15149      
2.704           2367.6049       2031.9157       1619.1071       1206.4638       1164.0221       1174.1993       1124.4926       961.71679      
2.706           2366.7613       2031.0602       1618.3531       1205.6541       1163.1856       1173.4647       1123.8108       961.21878      
2.708           2365.826        2030.1171       1617.5329       1204.8027       1162.3539       1172.769        1123.1852       960.7874       
2.71            2364.8653       2029.1615       1616.6995       1203.9319       1161.5035       1172.0836       1122.5779       960.34019      
2.712           2364.0046       2028.3087       1615.9415       1203.1061       1160.7599       1171.5176       1122.0801       959.98895      
2.714           2363.0945       2027.4077       1615.1341       1202.2285       1159.9529       1170.9097       1121.5729       959.69982      
2.716           2362.0791       2026.3835       1614.1868       1201.2029       1158.9983       1170.1089       1120.8185       959.13297      
2.718           2360.9135       2025.2347       1613.1459       1200.1194       1158.0353       1169.3704       1120.1909       958.71564      
2.72            2359.8828       2024.2084       1612.2141       1199.1284       1157.1414       1168.6013       1119.4422       958.15795      
2.722           2358.6748       2023.0167       1611.1239       1197.9801       1156.134        1167.843        1118.7948       957.73407      
2.724           2357.4837       2021.8237       1610.0123       1196.8016       1155.0939       1166.9825       1117.9933       957.17432      
2.726           2356.3144       2020.6633       1608.9446       1195.6638       1154.0536       1166.1739       1117.2858       956.69478      
2.728           2355.2835       2019.6284       1607.9859       1194.6181       1153.115        1165.3758       1116.5002       956.07682      
2.73            2353.9813       2018.3372       1606.7979       1193.3921       1152.101        1164.6458       1115.8475       955.60919      
2.732           2352.6832       2017.0396       1605.5863       1192.1268       1151.0361       1163.7797       1115.0159       954.97499      
2.734           2351.5622       2015.9212       1604.5449       1190.9918       1150.0342       1162.9849       1114.2877       954.4998       
2.736           2350.4367       2014.8061       1603.5216       1189.8815       1149.0522       1162.2257       1113.5909       954.06379      
2.738           2349.3955       2013.7503       1602.5258       1188.8138       1148.1565       1161.5689       1113.0102       953.75546      
2.74            2348.3187       2012.6952       1601.5453       1187.7228       1147.1749       1160.7687       1112.243        953.23104      
2.742           2347.176        2011.5618       1600.4751       1186.5485       1146.1407       1159.8757       1111.3521       952.59326      
2.744           2346.1294       2010.5266       1599.5185       1185.4933       1145.2277       1159.1698       1110.7119       952.22068      
2.746           2344.993        2009.3752       1598.4214       1184.3038       1144.3099       1158.445        1109.9448       951.67438      
2.748           2343.8765       2008.2687       1597.4016       1183.1834       1143.5182       1157.963        1109.4777       951.39536      
2.75            2342.8169       2007.2084       1596.3922       1182.0525       1142.6376       1157.3218       1108.8634       951.01717      
2.752           2341.5632       2005.9566       1595.2173       1180.8155       1141.6613       1156.5493       1108.0961       950.49774      
2.754           2340.2378       2004.6355       1593.9776       1179.5206       1140.6726       1155.8456       1107.4593       950.10238      
2.756           2339.013        2003.4069       1592.8111       1178.2579       1139.7249       1155.2015       1106.8494       949.6711       
2.758           2337.7299       2002.1198       1591.5766       1176.9287       1138.6607       1154.3856       1106.0612       949.11636      
2.76            2336.4015       2000.7902       1590.3036       1175.5401       1137.5018       1153.4478       1105.1775       948.55764      
2.762           2335.1375       1999.5236       1589.0927       1174.2264       1136.4955       1152.7289       1104.5163       948.17394      
2.764           2333.829        1998.2106       1587.8346       1172.8815       1135.5053       1152.0811       1103.9538       947.80656      
2.766           2332.6317       1997.0071       1586.6731       1171.5886       1134.4447       1151.2481       1103.1616       947.28143      
2.768           2331.4974       1995.864        1585.565        1170.3403       1133.3988       1150.3941       1102.327        946.72283      
2.77            2330.2265       1994.5868       1584.327        1169.0054       1132.3263       1149.5473       1101.541        946.24685      
2.772           2328.915        1993.2744       1583.0661       1167.6217       1131.2094       1148.6399       1100.665        945.64137      
2.774           2327.6217       1991.9747       1581.8022       1166.215        1130.0654       1147.7272       1099.8115       945.08228      
2.776           2326.2509       1990.6051       1580.4886       1164.8127       1129.0033       1146.9026       1099.0302       944.58831      
2.778           2324.8764       1989.2268       1579.1581       1163.3705       1127.9344       1146.1102       1098.308        944.14283      
2.78            2323.5427       1987.8908       1577.8742       1161.9798       1126.9142       1145.3374       1097.582        943.69797      
2.782           2322.2124       1986.5563       1576.5869       1160.5841       1125.9139       1144.5965       1096.8901       943.28172      
2.784           2320.814        1985.1587       1575.2442       1159.1327       1124.8271       1143.7235       1096.0407       942.70398      
2.786           2319.516        1983.8527       1573.9753       1157.7437       1123.8318       1142.9449       1095.2721       942.1874       
2.788           2318.0386       1982.3825       1572.5715       1156.2468       1122.73         1142.0228       1094.3399       941.54741      
2.79            2316.7811       1981.1152       1571.3375       1154.8855       1121.7762       1141.2663       1093.5727       941.00235      
2.792           2315.4383       1979.7664       1570.0267       1153.4509       1120.7418       1140.4289       1092.7571       940.44603      
2.794           2314.1598       1978.4835       1568.781        1152.0728       1119.7524       1139.5963       1091.9063       939.83507      
2.796           2312.932        1977.2427       1567.562        1150.7088       1118.8004       1138.8293       1091.1259       939.27107      
2.798           2311.4689       1975.7809       1566.152        1149.1837       1117.702        1137.9155       1090.2126       938.62991      
2.8             2310.3644       1974.6565       1565.0376       1147.9017       1116.8213       1137.2265       1089.5217       938.15003      
2.802           2308.9149       1973.2042       1563.6381       1146.3857       1115.7487       1136.344        1088.6501       937.53604      
2.804           2307.6363       1971.9122       1562.3581       1144.9432       1114.7307       1135.515        1087.8339       936.97632      
2.806           2306.2891       1970.5668       1561.0207       1143.4442       1113.6559       1134.6135       1086.9546       936.3742       
2.808           2304.9609       1969.2358       1559.6928       1141.9527       1112.6052       1133.7456       1086.0966       935.79144      
2.81            2303.469        1967.7357       1558.2238       1140.3447       1111.4847       1132.8105       1085.1941       935.187        
2.812           2301.9049       1966.1698       1556.6889       1138.6345       1110.3289       1131.8453       1084.2995       934.62397      
2.814           2300.346        1964.6007       1555.1614       1137.0237       1109.1537       1130.8886       1083.3889       934.01289      
2.816           2298.7319       1962.9901       1553.5874       1135.32         1107.9934       1129.9488       1082.5286       933.47344      
2.818           2297.1036       1961.367        1552.0081       1133.6382       1106.8828       1129.0945       1081.8034       933.07128      
2.82            2295.4135       1959.6711       1550.365        1131.9294       1105.7167       1128.1455       1080.894        932.45745      
2.822           2293.8991       1958.1596       1548.8677       1130.2746       1104.5507       1127.1211       1079.9346       931.82917      
2.824           2292.3175       1956.5538       1547.2823       1128.567        1103.3493       1126.1131       1078.9681       931.12424      
2.826           2290.9428       1955.1921       1545.9427       1127.0671       1102.2918       1125.172        1078.0729       930.5291       
2.828           2289.3989       1953.6096       1544.3552       1125.3676       1101.0079       1123.9999       1076.8919       929.62338      
2.83            2287.9381       1952.1632       1542.939        1123.8617       1099.8689       1122.9479       1075.8555       928.87367      
2.832           2286.4932       1950.6903       1541.4713       1122.2727       1098.7009       1121.8912       1074.806        928.10999      
2.834           2285.0102       1949.2091       1540.004        1120.683        1097.5456       1120.8292       1073.7608       927.33193      
2.836           2283.4991       1947.6828       1538.5045       1119.0752       1096.3939       1119.7901       1072.7259       926.56017      
2.838           2282.0816       1946.2626       1537.0868       1117.5185       1095.3048       1118.8338       1071.8372       925.94919      
2.84            2280.4332       1944.5992       1535.4531       1115.7803       1094.0771       1117.7524       1070.7893       925.16966      
2.842           2278.8513       1943.0193       1533.8824       1114.0784       1092.8614       1116.6463       1069.7274       924.37433      
2.844           2277.2434       1941.3917       1532.2715       1112.3429       1091.6214       1115.5288       1068.6051       923.48242      
2.8462857       2275.0265       1939.2102       1530.2095       1111.5521       1090.061        1114.3138       1067.6694       923.56918      
2.8485714       2273.3566       1937.507        1528.5506       1109.9453       1088.619        1113.0954       1066.4612       921.86743      
2.8508571       2271.7244       1935.8545       1526.841        1108.1075       1087.2379       1111.931        1065.3617       920.56918      
2.8531429       2269.7203       1933.8511       1524.8732       1106.0056       1085.7984       1110.6927       1064.1529       919.45234      
2.8554286       2267.9748       1932.0783       1523.0416       1103.9756       1084.42         1109.4981       1063.0379       918.59826      
2.8577143       2265.6554       1929.7838       1520.855        1101.6465       1082.842        1108.1489       1061.7767       917.67802      
2.86            2264.0449       1928.1207       1519.106        1099.6696       1081.5351       1107.0548       1060.8489       917.06992      
2.8622222       2262.3654       1926.426        1517.4034       1097.4769       1080.2408       1105.8724       1059.684        916.03699      
2.8644444       2260.3104       1924.3713       1515.3648       1095.2242       1078.7457       1104.5151       1058.4128       915.25018      
2.8666667       2258.6153       1922.6398       1513.604        1093.2458       1077.4247       1103.3334       1057.3416       914.57525      
2.8688889       2256.5766       1920.6138       1511.6244       1091.1142       1076.0033       1102.0646       1056.1494       913.70335      
2.8711111       2254.8207       1918.8176       1509.794        1089.1023       1074.6038       1100.805        1054.9862       912.83595      
2.8733333       2252.7223       1916.7333       1507.7554       1086.9161       1073.0945       1099.4332       1053.6985       911.87366      
2.8755556       2250.7774       1914.7632       1505.7761       1084.8137       1071.6054       1098.0939       1052.4593       910.9355       
2.8777778       2248.8415       1912.8129       1503.8247       1082.8238       1070.1977       1096.8659       1051.3174       910.07839      
2.88            2246.9509       1910.8994       1501.8991       1080.7443       1068.8108       1095.6568       1050.2047       909.28335      
2.8822222       2244.6561       1908.6305       1499.7059       1078.4577       1067.2762       1094.2851       1048.9224       908.33716      
2.8844444       2242.7884       1906.7172       1497.7352       1076.3001       1065.7678       1092.9356       1047.6534       907.40996      
2.8866667       2240.7495       1904.6684       1495.6978       1074.0899       1064.2502       1091.5816       1046.3851       906.48051      
2.8888889       2238.6266       1902.5422       1493.5926       1071.8468       1062.7484       1090.2595       1045.1343       905.53099      
2.8911111       2236.6799       1900.5745       1491.6093       1069.6654       1061.262        1088.9576       1043.9246       904.66379      
2.8933333       2234.603        1898.4854       1489.5214       1067.407        1059.7503       1087.6624       1042.7422       903.80873      
2.8955556       2232.5855       1896.452        1487.4813       1065.2056       1058.3035       1086.4138       1041.5646       902.93737      
2.8977778       2230.5512       1894.4068       1485.4396       1062.9655       1056.8025       1085.1387       1040.3954       902.11737      
2.9             2228.4577       1892.2892       1483.2953       1060.7042       1055.3227       1083.8677       1039.2097       901.2523       
2.9022222       2226.3633       1890.1698       1481.144        1058.4241       1053.7825       1082.5281       1037.9849       900.38498      
2.9044444       2224.2573       1888.0448       1478.9984       1056.1004       1052.1602       1081.0884       1036.6389       899.39414      
2.9066667       2222.0891       1885.8609       1476.8021       1053.7182       1050.4648       1079.5771       1035.2485       898.38018      
2.9088889       2219.8577       1883.6173       1474.5511       1051.3112       1048.8062       1078.1241       1033.9139       897.38867      
2.9111111       2217.689        1881.4246       1472.3193       1048.9427       1047.1514       1076.6561       1032.5618       896.39503      
2.9133333       2215.5491       1879.2732       1470.1656       1046.5618       1045.4595       1075.1787       1031.2326       895.45936      
2.9155556       2213.4099       1877.118        1467.9901       1044.1598       1043.7454       1073.6821       1029.8816       894.49577      
2.9177778       2211.3401       1875.0285       1465.8757       1041.8422       1042.146        1072.3063       1028.6612       893.65954      
2.92            2209.2798       1872.9517       1463.7782       1039.5288       1040.5206       1070.8834       1027.3808       892.76876      
2.9222222       2207.1281       1870.7864       1461.5999       1037.1531       1038.8745       1069.4351       1026.0601       891.82055      
2.9244444       2205.0558       1868.6896       1459.4665       1034.7843       1037.187        1067.9386       1024.701        890.86483      
2.9266667       2202.7889       1866.4183       1457.1989       1032.3617       1035.5238       1066.4921       1023.3995       889.92073      
2.9288889       2200.9168       1864.5119       1455.2356       1030.1215       1033.9402       1065.1002       1022.1438       889.07463      
2.9311111       2198.5815       1862.1594       1452.8627       1027.5703       1032.1405       1063.4992       1020.6827       888.0239       
2.9333333       2196.1816       1859.7628       1450.4714       1025.0058       1030.3496       1061.9038       1019.2089       886.94306      
2.9355556       2193.98         1857.5341       1448.204        1022.5258       1028.5755       1060.3188       1017.7558       885.89344      
2.9377778       2191.7348       1855.2746       1445.9185       1020.0374       1026.8329       1058.7734       1016.3447       884.90781      
2.94            2189.429        1852.9529       1443.5689       1017.4879       1025.0025       1057.1579       1014.8888       883.89385      
2.9422222       2187.1484       1850.6547       1441.2413       1014.9652       1023.2413       1055.6071       1013.4719       882.87668      
2.9444444       2184.878        1848.3637       1438.9084       1012.4121       1021.4587       1054.0544       1012.0853       881.93847      
2.9466667       2182.6005       1846.0713       1436.5834       1009.7844       1019.7222       1052.5366       1010.7269       881.02936      
2.9488889       2180.213        1843.6805       1434.182        1007.1783       1017.8788       1050.9473       1009.2973       880.01741      
2.9511111       2178.0834       1841.5072       1431.9369       1004.6811       1016.0965       1049.3954       1007.9228       879.15967      
2.9533333       2175.6642       1839.0862       1429.4953       1002.037        1014.2023       1047.783        1006.4992       878.16503      
2.9555556       2173.5177       1836.8776       1427.2162       999.52706       1012.4079       1046.1925       1005.0591       877.24599      
2.9577778       2171.0356       1834.3927       1424.7233       996.84463       1010.4498       1044.4969       1003.5261       876.12195      
2.96            2168.8482       1832.1517       1422.4084       994.28773       1008.5838       1042.8519       1002.0576       875.19256      
2.9625          2166.1428       1829.4216       1419.6297       992.3072        1006.1757       1040.9491       1000.5715       874.7452       
2.965           2163.347        1826.633        1416.8618       989.48144       1004.0719       1039.1992       999.00734       873.11291      
2.9675          2160.8591       1824.1072       1414.241        986.72423       1001.7945       1037.2288       997.17001       871.42734      
2.97            2158.081        1821.3114       1411.3983       983.62564       999.51354       1035.2636       995.40628       870.10562      
2.9725          2155.5167       1818.7029       1408.6741       980.55223       997.32423       1033.4037       993.78233       869.08164      
2.975           2152.7653       1815.9258       1405.8326       977.41252       995.08756       1031.5224       992.1279        868.01256      
2.9775          2150.0021       1813.1348       1402.9799       974.27747       992.8146        1029.6029       990.42332       866.90764      
2.98            2147.2267       1810.3238       1400.1098       971.13766       990.52418       1027.6488       988.65148       865.68082      
2.9825          2144.4109       1807.4771       1397.2026       967.97798       988.20229       1025.6518       986.85523       864.46337      
2.985           2141.6983       1804.7296       1394.3594       964.8143        985.85045       1023.6319       985.05188       863.27395      
2.9875          2138.9986       1801.9929       1391.5134       961.64556       983.53534       1021.695        983.36091       862.1768       
2.99            2136.1163       1799.0732       1388.5567       958.48218       981.17766       1019.6712       981.54972       860.93056      
2.9925          2133.2349       1796.1561       1385.5953       955.3076        978.82237       1017.6521       979.74265       859.7007       
2.995           2130.4907       1793.3838       1382.7373       952.12465       976.51699       1015.7113       978.01401       858.53431      
2.9975          2127.4938       1790.3915       1379.7431       948.90731       974.2478        1013.8312       976.3315        857.36585      
3               2124.9857       1787.8008       1376.966        945.74654       971.89529       1011.8207       974.55505       856.20238      
3.0025          2122.126        1784.9114       1374.003        942.51937       969.56242       1009.8686       972.84067       855.06093      
3.005           2119.2822       1782.0245       1371.014        939.24922       967.20153       1007.8919       971.10438       853.8994       
3.0075          2116.6467       1779.3204       1368.1456       936.03297       964.85704       1005.9206       969.37799       852.74837      
3.01            2113.4297       1776.1073       1364.9309       932.62327       962.4855        1003.9641       967.64453       851.55198      
3.0125          2110.5928       1773.2211       1361.9267       929.28117       960.08199       1001.9253       965.84248       850.35009      
3.015           2107.5586       1770.1442       1358.7565       925.8766        957.64764       999.87421       964.04055       849.14335      
3.0175          2104.5757       1767.1099       1355.6091       922.4724        955.19822       997.79866       962.22186       847.94064      
3.02            2101.4226       1763.915        1352.3391       918.98685       952.72634       995.70748       960.37782       846.68244      
3.0225          2098.7148       1761.1474       1349.4244       915.76298       950.39698       993.72906       958.6491        845.56579      
3.025           2095.7478       1758.1324       1346.3022       912.39153       947.98756       991.66842       956.81886       844.3191       
3.0275          2092.8452       1755.1815       1343.2349       909.05783       945.5704        989.58342       954.98594       843.10933      
3.03            2089.9073       1752.1944       1340.1339       905.70491       943.1501        987.49048       953.14358       841.88251      
3.0325          2087.1968       1749.4243       1337.2069       902.46982       940.77538       985.43431       951.35919       840.74019      
3.035           2084.0339       1746.219        1333.921        898.98445       938.28043       983.25854       949.4351        839.40436      
3.0375          2080.8857       1743.0271       1330.6412       895.49581       935.78203       981.07619       947.50952       838.08323      
3.04            2078.4013       1740.4767       1327.901        892.39384       933.44992       979.01056       945.72041       836.89258      
3.0425          2075.1203       1737.1511       1324.4989       888.81016       930.8677        976.73107       943.69584       835.46445      
3.045           2071.989        1733.9743       1321.2292       885.32769       928.34529       974.49373       941.72399       834.10386      
3.0475          2069.2834       1731.2074       1318.3014       882.08892       925.92904       972.33746       939.84608       832.86036      
3.05            2066.3524       1728.225        1315.2088       878.75376       923.45709       970.11571       937.88074       831.48188      
3.0525          2063.4021       1725.2209       1312.078        875.36765       920.93126       967.84508       935.89058       830.11075      
3.055           2060.4269       1722.1873       1308.9112       871.94487       918.37562       965.54176       933.85737       828.70233      
3.0575          2057.4507       1719.1543       1305.7475       868.53171       915.81047       963.22184       931.8133        827.2621       
3.06            2054.5434       1716.1844       1302.6371       865.15351       913.24453       960.89033       929.77789       825.83176      
3.0625          2051.5655       1713.1541       1299.4812       861.75542       910.66414       958.54471       927.74323       824.39234      
3.065           2048.7664       1710.2945       1296.4564       858.43604       908.07798       956.17436       925.72198       823.00756      
3.0675          2045.4683       1706.95         1293.0254       854.83758       905.34495       953.67316       923.56136       821.45921      
3.07            2042.5044       1703.9267       1289.8623       851.4258        902.70498       951.23827       921.47546       820.00031      
3.0725          2039.5328       1700.8982       1286.7054       848.03748       900.08151       948.80769       919.39573       818.51898      
3.075           2036.5387       1697.8443       1283.5163       844.61375       897.40885       946.31978       917.25733       816.99715      
3.0775          2033.5098       1694.7493       1280.285        841.15801       894.71554       943.81126       915.11514       815.4873       
3.08            2030.5229       1691.7053       1277.1174       837.75555       892.0152        941.28324       912.9572        813.94082      
3.0825          2027.55         1688.6974       1273.9913       834.44711       889.38831       938.80307       910.84661       812.44885      
3.085           2024.4847       1685.5457       1270.6978       830.90999       886.60276       936.21138       908.64029       810.8495       
3.0875          2021.5511       1682.5865       1267.6215       827.66128       883.98143       933.72544       906.53302       809.35329      
3.09            2018.5636       1679.5119       1264.4065       824.19399       881.20329       931.1234        904.32423       807.74634      
3.0925          2015.5932       1676.5075       1261.2874       820.90589       878.52302       928.58319       902.17197       806.20717      
3.095           2012.6366       1673.487        1258.1395       817.53995       875.76769       925.97797       899.97414       804.59642      
3.0975          2009.6872       1670.4846       1255.0125       814.22518       873.02808       923.37798       897.78283       802.98355      
3.1             2006.7992       1667.5364       1251.9349       810.94469       870.28208       920.75941       895.5702        801.34936      
3.1025          2003.8645       1664.551        1248.8353       807.66389       867.54761       918.16356       893.39038       799.73973      
3.105           2000.9354       1661.5698       1245.7379       804.3846        864.78828       915.54508       891.19719       798.11268      
3.1075          1998.111        1658.6899       1242.7335       801.18286       862.04585       912.93197       889.00855       796.48064      
3.11            1995.288        1655.8122       1239.731        797.98307       859.28008       910.29807       886.80764       794.82431      
3.1125          1992.5064       1652.9734       1236.7631       794.81981       856.51515       907.66234       884.59245       793.14429      
3.115           1989.6733       1650.0906       1233.7664       791.64727       853.73805       905.02137       882.38006       791.46621      
3.1175          1986.8935       1647.2538       1230.7996       788.48872       850.94013       902.36854       880.16636       789.79955      
3.12            1984.1071       1644.4237       1227.857        785.39          848.17501       899.73908       877.97297       788.12633      
3.1225          1981.2176       1641.4855       1224.8026       782.14134       845.29881       897.04053       875.70997       786.33919      
3.125           1978.5257       1638.7483       1221.9533       779.15558       842.56253       894.44328       873.50766       784.61676      
3.1275          1975.74         1635.8818       1218.9732       775.99412       839.71914       891.78468       871.27958       782.85903      
3.13            1972.9774       1633.0683       1216.0474       772.92447       836.90425       889.13541       869.05558       781.11149      
3.1325          1970.1692       1630.2119       1213.0886       769.82115       834.06381       886.48884       866.8353        779.3435       
3.135           1967.3621       1627.3545       1210.121        766.71791       831.19631       883.82997       864.59625       777.5585       
3.1375          1964.6507       1624.5907       1207.2416       763.68088       828.34022       881.18048       862.37454       775.77486      
3.14            1961.926        1621.8227       1204.3744       760.67116       825.48419       878.53879       860.16198       774.00024      
3.1425          1959.1558       1619.0002       1201.4381       757.59584       822.57707       875.8934        857.95029       772.19928      
3.145           1956.4596       1616.2526       1198.5762       754.58814       819.67899       873.25243       855.72424       770.40158      
3.1475          1953.8122       1613.5555       1195.7659       751.6287        816.78931       870.62789       853.50731       768.60627      
3.15            1951.2169       1610.9081       1193.0006       748.70829       813.89619       868.0151        851.30174       766.81932      
3.1525          1948.5534       1608.1946       1190.1755       745.74929       810.96918       865.38942       849.08552       765.01514      
3.155           1945.9007       1605.4914       1187.3585       742.80342       808.04628       862.77783       846.87265       763.18742      
3.1575          1943.0889       1602.6271       1184.3874       739.73445       805.05622       860.12822       844.61322       761.32543      
3.16            1940.5139       1600.0072       1181.6591       736.87961       802.17241       857.60212       842.48563       759.63137      
3.1628571       1937.257        1596.6981       1178.2742       734.64593       798.52456       854.54276       840.01682       757.9994       
3.1657143       1934.0357       1593.4366       1174.9403       731.4268        795.00834       851.57451       837.45091       755.39983      
3.1685714       1931.1727       1590.5341       1171.9222       728.28389       791.62437       848.62608       834.91438       753.05875      
3.1714286       1928.0949       1587.3843       1168.6201       724.84092       788.21687       845.69436       832.35978       750.84364      
3.1742857       1925.0589       1584.2961       1165.4068       721.44176       784.85779       842.80466       829.85644       748.75005      
3.1771429       1921.9898       1581.1654       1162.1378       718.01196       781.44491       839.89888       827.318         746.59703      
3.18            1919.0037       1578.1284       1158.982        714.70018       778.08914       837.06016       824.8586        744.55003      
3.1825          1916.6444       1575.7103       1156.4083       710.70357       775.37458       834.67487       822.63507       742.24196      
3.185           1913.8915       1572.9123       1153.4763       707.46378       772.42233       832.08897       820.41197       740.83357      
3.1875          1911.0358       1570.0065       1150.5001       704.42091       769.50388       829.68519       818.32154       739.366        
3.19            1908.5292       1567.4641       1147.8686       701.71988       766.61459       827.25616       816.17422       737.6357       
3.1925          1905.9343       1564.8208       1145.1352       698.97163       763.62744       824.8082        813.98266       735.78268      
3.195           1903.3993       1562.2437       1142.4616       696.2641        760.68433       822.37488       811.80142       733.93593      
3.1975          1900.8181       1559.6164       1139.7372       693.51187       757.76093       819.96682       809.62837       732.11231      
3.2             1898.3286       1557.0797       1137.0933       690.81227       754.87638       817.55632       807.44759       730.29002      
3.2025          1895.8352       1554.5368       1134.4408       688.108         751.99995       815.15348       805.24766       728.43933      
3.205           1893.1868       1551.8523       1131.6775       685.33774       749.12389       812.76321       803.05654       726.6079       
3.2075          1890.5803       1549.2032       1128.9379       682.58168       746.26914       810.3697        800.84568       724.7426       
3.21            1887.9429       1546.5283       1126.1833       679.82623       743.41513       807.99204       798.64294       722.9076       
3.2125          1885.4126       1543.9521       1123.5064       677.11787       740.60655       805.61323       796.41625       721.01843      
3.215           1882.9523       1541.4422       1120.8889       674.46047       737.8468        803.26123       794.21931       719.18135      
3.2175          1880.4669       1538.9092       1118.2544       671.80355       735.11446       800.92213       792.02851       717.3422       
3.22            1877.8597       1536.2654       1115.5303       669.16829       732.36905       798.57974       789.82233       715.51561      
3.2225          1875.3717       1533.7302       1112.901        666.62049       729.66838       796.25742       787.62983       713.67852      
3.225           1872.8717       1531.185        1110.2628       664.02425       726.98693       793.91675       785.40329       711.79535      
3.228           1869.5577       1527.8376       1106.8989       662.4289        723.5191        791.04486       782.86104       710.16793      
3.2304          1867.772        1526.0163       1104.9428       658.67728       721.34163       788.91225       780.46198       706.89798      
3.2328          1865.6701       1523.8429       1102.5894       656.00132       718.89792       786.64077       778.31059       705.47068      
3.2352          1862.7646       1520.9259       1099.6645       653.11418       716.37639       784.38738       776.18294       704.00908      
3.2376          1860.7713       1518.8736       1097.4883       650.86538       713.94747       782.16244       774.08948       702.42984      
3.24            1858.2563       1516.3361       1094.9185       648.45834       711.43198       779.85766       771.88205       700.62712      
3.2425          1855.7567       1513.8041       1092.3463       646.44455       708.80362       777.48425       769.66481       698.9274       
3.245           1853.3504       1511.3791       1089.881        644.18348       706.27221       775.134         767.39682       696.929        
3.2475          1851.0923       1509.0763       1087.4981       641.914         703.76371       772.74889       765.10152       694.95519      
3.25            1848.7285       1506.6841       1085.0545       639.59951       701.29701       770.41561       762.84349       693.06542      
3.2525          1846.3099       1504.2366       1082.5634       637.24818       698.85651       768.08227       760.58328       691.19452      
3.255           1844.0058       1501.9031       1080.1796       634.9952        696.46265       765.75972       758.34308       689.35073      
3.2575          1841.8073       1499.6663       1077.8768       632.95828       694.08386       763.40689       756.06987       687.47865      
3.26            1839.5036       1497.3431       1075.5231       630.71292       691.73745       761.08058       753.8355        685.64816      
3.2625          1837.2607       1495.0736       1073.2151       628.54165       689.38332       758.73319       751.58248       683.80376      
3.265           1834.9696       1492.7622       1070.88         626.42432       687.02944       756.37542       749.3361        681.97592      
3.2675          1832.5853       1490.364        1068.4809       624.22313       684.67869       754.01259       747.07861       680.13666      
3.27            1830.3688       1488.1258       1066.22         622.1414        682.3223        751.59615       744.79624       678.29592      
3.2725          1828.1672       1485.9068       1063.9883       620.11036       680.00336       749.19726       742.52651       676.45583      
3.275           1826.0101       1483.7286       1061.7928       618.10094       677.68579       746.78145       740.25743       674.63222      
3.2775          1823.7771       1481.4886       1059.563        616.09545       675.38754       744.38051       738.00552       672.80455      
3.28            1821.6528       1479.3459       1057.413        614.15341       673.10923       741.98953       735.77817       671.00432      
3.2825          1819.5575       1477.2381       1055.3067       612.25141       670.8188        739.53739       733.52862       669.18964      
3.285           1817.4598       1475.1285       1053.2027       610.36298       668.50648       737.03099       731.24242       667.37865      
3.2875          1815.4637       1473.1208       1051.1986       608.55689       666.23515       734.56154       728.98839       665.57664      
3.29            1813.2777       1470.9361       1049.0537       606.6793        663.94207       732.07115       726.72541       663.7859       
3.2925          1811.1942       1468.8472       1046.9916       604.85797       661.68054       729.59227       724.47376       661.97889      
3.295           1809.2332       1466.874        1045.0342       603.12425       659.44281       727.13319       722.24482       660.21269      
3.2975          1807.3042       1464.9349       1043.1114       601.42159       657.22164       724.67931       720.01836       658.44425      
3.3             1805.2813       1462.9265       1041.1354       599.69277       654.98701       722.21005       717.78417       656.6727       
3.3028571       1802.6875       1460.3491       1038.6571       598.71693       652.22458       719.3908        715.42863       655.23381      
3.3057143       1800.6875       1458.3462       1036.6783       597.19527       649.65323       716.57622       712.86447       652.82223      
3.3085714       1798.6273       1456.282        1034.6298       595.46459       647.03175       713.63763       710.19951       650.51193      
3.3114286       1796.4141       1454.0668       1032.4559       593.52263       644.44015       710.74847       707.62881       648.40653      
3.3142857       1794.1787       1451.8395       1030.2755       591.55574       641.85748       707.86393       705.08226       646.40488      
3.3171429       1791.926        1449.5965       1028.0869       589.58089       639.26754       704.99217       702.57506       644.43692      
3.32            1789.7652       1447.4393       1025.9757       587.68048       636.66896       702.10413       700.06065       642.47448      
3.3228571       1787.6098       1445.2879       1023.8771       585.80448       634.04023       699.22503       697.56784       640.53753      
3.3257143       1785.4441       1443.1289       1021.7778       583.94231       631.38588       696.33474       695.07393       638.60157      
3.3285714       1783.3238       1441.0233       1019.7274       582.12383       628.75981       693.45706       692.59982       636.6586       
3.3314286       1781.0456       1438.7656       1017.5556       580.23372       626.10458       690.59324       690.15074       634.71833      
3.3342857       1778.828        1436.5634       1015.43         578.37529       623.4521        687.72084       687.70279       632.78448      
3.3371429       1776.7623       1434.5072       1013.4364       576.6194        620.80227       684.83799       685.21654       630.81868      
3.34            1774.691        1432.4456       1011.4363       574.85014       618.13654       681.95462       682.73382       628.85132      
3.3428571       1772.6623       1430.4259       1009.474        573.11736       615.45877       679.08201       680.27046       626.88662      
3.3457143       1770.5152       1428.2949       1007.4221       571.33036       612.75272       676.21414       677.82178       624.92633      
3.3485714       1768.6225       1426.4018       1005.5609       569.65366       610.04847       673.37208       675.42057       623.0004       
3.3514286       1766.5116       1424.3089       1003.5465       567.89712       607.33061       670.54014       673.0401        621.05608      
3.3542857       1764.4795       1422.2899       1001.5906       566.17183       604.60012       667.72453       670.68559       619.14912      
3.3571429       1762.4953       1420.3186       999.67699       564.47081       601.86609       664.92363       668.36091       617.26111      
3.36            1760.4946       1418.3231       997.74416       562.75535       599.11998       662.14105       666.06948       615.38632      
3.3628571       1758.5821       1416.421        995.89586       561.10862       596.40425       659.37484       663.79142       613.50212      
3.3657143       1756.4945       1414.354        993.90878       559.35532       593.63488       656.62834       661.55818       611.67428      
3.3685714       1754.5577       1412.426        992.03363       557.67115       590.87465       653.89518       659.33276       609.84908      
3.3714286       1752.4375       1410.3211       990.00483       555.88563       588.03638       651.17782       657.11131       607.97668      
3.3742857       1750.6036       1408.4977       988.22711       554.26409       585.31162       648.4585        654.86043       606.08716      
3.3771429       1748.5521       1406.462        986.26017       552.50491       582.51248       645.769         652.65788       604.22836      
3.38            1746.6076       1404.525        984.3807        550.81174       579.77205       643.09726       650.44983       602.36664      
3.3828571       1744.5989       1402.5293       982.44421       549.05294       576.9633        640.42869       648.25996       600.50918      
3.3857143       1742.59         1400.5341       980.50438       547.29166       574.16663       637.78306       646.10624       598.6775       
3.3885714       1740.6532       1398.61         978.62496       545.57537       571.3833        635.16386       643.96332       596.85969      
3.3914286       1738.7594       1396.7259       976.77756       543.8769        568.61922       632.55414       641.82537       595.02316      
3.3942857       1736.808        1394.7838       974.88409       542.14845       565.87004       629.96549       639.69318       593.158        
3.3971429       1734.9542       1392.9333       973.06804       540.45111       563.17432       627.41657       637.58187       591.26818      
3.4             1733.0628       1391.0513       971.22697       538.76334       560.49697       624.89915       635.4954        589.46013      
3.4028571       1731.1652       1389.1628       969.37011       537.07998       557.78269       622.41006       633.46861       587.69941      
3.4057143       1729.3309       1387.3363       967.57308       535.43814       555.15619       619.96128       631.4345        585.94837      
3.4085714       1727.3513       1385.3876       965.68128       533.7505        552.52706       617.54241       629.43189       584.20726      
3.4114286       1725.6457       1383.6741       963.96931       532.1649        549.93108       615.1508        627.45261       582.53163      
3.4142857       1723.8543       1381.886        962.20746       530.55675       547.34841       612.78815       625.49209       580.85243      
3.4171429       1721.9831       1380.0145       960.37328       528.89833       544.74974       610.41058       623.51381       579.16516      
3.42            1719.4021       1377.5276       958.10671       527.02053       542.17134       608.07697       621.51435       577.36459      
3.4228571       1718.4063       1376.4337       956.82761       525.63087       539.53239       605.68538       619.61968       575.86158      
3.4257143       1717.5169       1375.4705       955.69364       524.38813       537.07615       603.4423        617.77069       574.41677      
3.4285714       1714.5          1372.5734       953.09924       522.34237       534.45364       601.06941       615.71169       572.52738      
3.4314286       1712.9089       1370.971        951.48601       520.83386       531.97151       598.82069       613.83209       570.95949      
3.4342857       1711.0313       1369.0987       949.65526       519.19968       529.44319       596.52169       611.88636       569.30954      
3.4371429       1709.2812       1367.3507       947.93245       517.64087       526.96149       594.27558       609.99513       567.71778      
3.44            1707.476        1365.5459       946.15741       516.05302       524.47758       592.00783       608.06827       566.09234      
3.4428571       1705.6885       1363.7638       944.40922       514.4884        522.03041       589.77814       606.18451       564.5086       
3.4457143       1703.8679       1361.953        942.63814       512.88776       519.59003       587.54497       604.27059       562.89878      
3.4485714       1702.0969       1360.1924       940.90997       511.31441       517.15253       585.31526       602.3951        561.3261       
3.4514286       1700.3104       1358.4118       939.1587        509.72957       514.7294        583.08727       600.48906       559.727        
3.4542857       1698.466        1356.589        937.39187       508.14149       512.3254        580.88515       598.61426       558.14111      
3.4571429       1696.9671       1355.0651       935.8427        506.68521       509.96373       578.69103       596.74093       556.59116      
3.46            1695.279        1353.383        934.1827        505.17276       507.59897       576.50488       594.88166       555.03026      
3.4628571       1693.6011       1351.7222       932.54416       503.61805       505.18678       574.28018       593.02207       553.47708      
3.4657143       1692.023        1350.1337       930.96592       502.19205       502.95878       572.1723        591.17099       551.92412      
3.4685714       1690.2724       1348.4042       929.25126       500.58819       500.51263       569.90909       589.32739       550.38414      
3.4714286       1688.6533       1346.7709       927.65294       499.18926       498.359         567.83614       587.49273       548.84073      
3.4742857       1686.8655       1345.0099       925.93668       497.59673       495.89501       565.52516       585.63751       547.3055       
3.4771429       1685.2186       1343.3505       924.3207        496.20617       493.72022       563.39174       583.79451       545.75953      
3.48            1683.5445       1341.6826       922.69804       494.74282       491.45687       561.2145        581.97812       544.24148      
3.4833333       1681.366        1339.4986       920.5522        493.7033        488.36737       558.36931       579.83453       542.92292      
3.4866667       1679.5129       1337.6787       918.79804       492.37401       485.91343       555.98075       577.77793       540.8756       
3.49            1677.7932       1335.9501       917.08426       490.8338        483.34634       553.39062       575.51655       538.74429      
3.4933333       1675.8528       1334.0374       915.23245       489.15559       480.86614       550.8934        573.38011       536.86776      
3.4966667       1674.1759       1332.3252       913.53695       487.54054       478.41527       548.37156       571.23201       535.06921      
3.5             1672.3011       1330.471        911.72953       485.87295       475.99211       545.89883       569.16164       533.33864      
3.5033333       1670.5038       1328.6792       909.96871       484.23427       473.56111       543.36945       567.01665       531.54576      
3.5066667       1668.7318       1326.9153       908.24387       482.63462       471.17743       540.89625       564.9451        529.81989      
3.51            1667.0247       1325.2099       906.55296       481.05681       468.78807       538.37983       562.81626       528.04474      
3.5133333       1665.2802       1323.466        904.84847       479.49494       466.43341       535.90099       560.74569       526.32161      
3.5166667       1663.5588       1321.7558       903.16858       477.95174       464.07804       533.39519       558.6441        524.5634       
3.52            1661.8753       1320.0829       901.52285       476.44239       461.748         530.92303       556.59335       522.85274      
3.5233333       1660.2245       1318.4345       899.90145       474.94972       459.41143       528.43603       554.52235       521.11856      
3.5266667       1658.5184       1316.7381       898.24977       473.45369       457.07128       525.96301       552.47677       519.40599      
3.53            1656.8204       1315.0533       896.61167       471.97226       454.7214        523.50555       550.44385       517.69776      
3.5333333       1655.2009       1313.4381       895.02422       470.51709       452.33133       521.00532       548.37409       515.96826      
3.5366667       1653.6064       1311.8494       893.46536       469.08389       449.92216       518.51496       546.33019       514.2644       
3.54            1651.9764       1310.2287       891.88194       467.63937       447.49101       516.05225       544.28337       512.54396      
3.5433333       1650.3591       1308.6231       890.31628       466.21222       445.04327       513.60527       542.25159       510.83403      
3.5466667       1648.7522       1307.029        888.76371       464.79355       442.57276       511.1634        540.21712       509.11516      
3.55            1647.1894       1305.4713       887.24448       463.39908       440.09561       508.74575       538.1963        507.40294      
3.5533333       1645.6015       1303.8961       885.71845       462.01021       437.61256       506.35117       536.18583       505.69223      
3.5566667       1644.0164       1302.3226       884.17968       460.6239        435.12591       503.97502       534.18108       503.98279      
3.56            1642.5249       1300.829        882.71155       459.30943       432.75621       501.76356       532.28675       502.31395      
3.5633333       1640.8313       1299.1732       881.12353       457.85714       430.1444        499.30037       530.2113        500.56642      
3.5666667       1639.4264       1297.7513       879.69056       456.55395       427.70647       497.02523       528.25235       498.88055      
3.57            1637.947        1296.2749       878.24605       455.24942       425.31719       494.89836       526.41185       497.24575      
3.5733333       1636.5018       1294.8418       876.83045       453.88353       422.74913       492.46715       524.36211       495.55121      
3.5766667       1634.9238       1293.2795       875.31809       452.50197       420.26868       490.19478       522.41573       493.85429      
3.58            1633.4548       1291.8174       873.87922       451.13049       417.75423       487.85429       520.43779       492.17953      
3.5833333       1631.9912       1290.3603       872.4468        449.7615        415.27861       485.54111       518.47623       490.49616      
3.5866667       1630.5417       1288.9151       871.01562       448.37926       412.78735       483.18367       516.48446       488.82338      
3.59            1629.0873       1287.4654       869.58076       446.9961        410.3118        480.83928       514.51008       487.14648      
3.5933333       1627.6414       1286.0226       868.15015       445.60141       407.83768       478.46104       512.52356       485.43131      
3.5966667       1626.1934       1284.5797       866.72182       444.2045        405.38292       476.06386       510.54077       483.75916      
3.6             1624.7585       1283.1463       865.29425       442.80373       402.95795       473.65256       508.57152       482.09575      
3.6033333       1623.3311       1281.7193       863.86957       441.39909       400.54762       471.21392       506.59984       480.41928      
3.6066667       1621.8881       1280.2815       862.44365       439.9937        398.1636        468.75118       504.62805       478.74256      
3.61            1620.4417       1278.8405       861.01664       438.58914       395.80031       466.26109       502.65502       477.09201      
3.6133333       1619.0485       1277.4451       859.61778       437.19915       393.49584       463.77238       500.68042       475.43169      
3.6166667       1617.6303       1276.0276       858.20563       435.80853       391.23327       461.27534       498.70792       473.76292      
3.62            1616.1627       1274.5674       856.74511       434.35248       388.88978       458.5033        496.56563       471.96057      
3.6233333       1614.8822       1273.2734       855.45777       433.11932       386.93616       456.56224       494.97523       470.63951      
3.6266667       1613.2209       1271.6402       853.83124       431.50184       384.4503        453.35952       492.52784       468.56761      
3.63            1612.0346       1270.4284       852.63251       430.36737       382.66729       451.72645       491.24454       467.53405      
3.6333333       1610.309        1268.727        850.92442       428.70485       380.22772       448.53076       488.67971       465.34128      
3.6366667       1609.0342       1267.438        849.65312       427.46329       378.28536       446.48277       487.15585       464.11407      
3.64            1607.5353       1265.9395       848.11434       425.94927       376.0155        443.60666       484.76783       462.10021      
3.6428571       1606.6279       1265.043        847.1953        424.17051       374.52596       441.75325       483.30821       460.34306      
3.6457143       1605.4382       1263.8282       845.94847       422.81915       372.82991       439.84028       481.75487       459.43535      
3.6485714       1603.9279       1262.3419       844.50942       421.42271       370.86323       437.45079       479.88661       458.1525       
3.6514286       1602.649        1261.0544       843.24395       420.25274       369.02134       435.30627       478.17146       456.88976      
3.6542857       1601.371        1259.7744       841.98508       419.11126       367.13982       433.08482       476.39723       455.5238       
3.6571429       1600.1644       1258.5632       840.78491       418.05049       365.35601       431.05845       474.78493       454.29097      
3.66            1598.813        1257.2322       839.4742        416.87725       363.43067       428.73001       472.80425       452.72464      
3.6628571       1597.6857       1256.1          838.3492        415.89639       361.74154       426.87156       471.31356       451.65768      
3.6657143       1596.364        1254.7942       837.07248       414.76797       359.86542       424.64807       469.38806       450.19282      
3.6685714       1595.132        1253.5651       835.87254       413.7346        358.10959       422.67871       467.69051       448.92159      
3.6714286       1593.898        1252.3348       834.66965       412.68057       356.30065       420.61933       465.87849       447.56548      
3.6742857       1592.6657       1251.1105       833.47846       411.65312       354.51739       418.64378       464.12266       446.25228      
3.6771429       1591.419        1249.8724       832.27639       410.61484       352.70604       416.64801       462.32746       444.89981      
3.68            1590.1843       1248.6513       831.09255       409.60294       350.90638       414.68737       460.54902       443.57397      
3.6828571       1588.9305       1247.4084       829.89597       408.58252       349.09225       412.73605       458.76447       442.25709      
3.6857143       1587.6861       1246.1789       828.71568       407.58175       347.27494       410.80629       456.98176       440.92967      
3.6885714       1586.4375       1244.9434       827.5328        406.58744       345.44048       408.88824       455.2008        439.6076       
3.6914286       1585.2077       1243.7204       826.36354       405.61382       343.59803       406.9855        453.42819       438.29251      
3.6942857       1583.9676       1242.4942       825.186         404.62355       341.73959       405.09526       451.66613       436.98812      
3.6971429       1582.7411       1241.2794       824.02352       403.64635       339.86959       403.20635       449.90759       435.66839      
3.7             1581.4629       1240.0176       822.82943       402.65348       337.98475       401.32471       448.15659       434.36184      
3.7028571       1580.1696       1238.7517       821.63889       401.66819       336.0892        399.45022       446.41486       433.04318      
3.7057143       1579.002        1237.597        820.53029       400.7303        334.18365       397.55112       444.66913       431.74308      
3.7085714       1577.67         1236.2962       819.31495       399.72603       332.25564       395.65855       442.93856       430.37181      
3.7114286       1576.4739       1235.1191       818.20198       398.78181       330.35227       393.83278       441.29659       429.08289      
3.7142857       1575.1272       1233.8001       816.95768       397.74618       328.39498       391.88056       439.50868       427.6245       
3.7171429       1573.8774       1232.5726       815.81188       396.7748        326.48876       390.08472       437.90058       426.30523      
3.72            1572.6295       1231.3483       814.65238       395.77687       324.55871       388.21606       436.24631       424.96096      
3.7228571       1571.3279       1230.0704       813.46325       394.75956       322.63465       386.38952       434.6389        423.63066      
3.7257143       1570.0897       1228.8492       812.30459       393.74289       320.73062       384.57808       433.08094       422.34284      
3.7285714       1568.8078       1227.5923       811.12336       392.71016       318.82249       382.70791       431.44783       421.02318      
3.7314286       1567.5521       1226.3591       809.96893       391.67842       316.93798       380.87693       429.86453       419.71608      
3.7342857       1566.2925       1225.1216       808.79376       390.61859       315.08157       379.05638       428.29572       418.4138       
3.7371429       1564.9876       1223.8437       807.58157       389.51943       313.2435        377.23747       426.74264       417.11146      
3.74            1563.7196       1222.5931       806.39886       388.42931       311.44503       375.42917       425.21549       415.82112      
3.7428571       1562.4479       1221.3398       805.2086        387.31958       309.68036       373.62593       423.7106        414.54235      
3.7457143       1561.159        1220.0791       804.01109       386.189         307.94386       371.81009       422.20705       413.24058      
3.7485714       1559.8654       1218.8071       802.78924       385.01829       306.22378       369.99123       420.72033       411.94075      
3.7514286       1558.573        1217.5351       801.56841       383.84262       304.57062       368.17278       419.24345       410.62406      
3.7542857       1557.2802       1216.2585       800.34023       382.65537       302.95723       366.3339        417.74962       409.28539      
3.7571429       1555.9277       1214.927        799.06928       381.43549       301.3697        364.45527       416.20832       407.88825      
3.76            1554.6801       1213.6889       797.85994       380.24063       299.84419       362.60177       414.70429       406.51256      
3.7628571       1553.3665       1212.3951       796.61158       379.02543       298.35806       360.73187       413.1886        405.16653      
3.7657143       1552.048        1211.1034       795.36627       377.81165       296.91573       358.86045       411.67773       403.86683      
3.7685714       1550.7253       1209.8033       794.10509       376.58827       295.5136        356.98728       410.16895       402.59772      
3.7714286       1549.4052       1208.5004       792.84279       375.36449       294.14115       355.11107       408.6478        401.31945      
3.7742857       1548.1037       1207.2176       791.60137       374.15604       292.79547       353.23176       407.11785       400.07132      
3.7771429       1546.8035       1205.9288       790.34741       372.94506       291.4758        351.35825       405.58137       398.84629      
3.78            1545.4988       1204.6327       789.085         371.73481       290.1749        349.48878       404.03083       397.66476      
3.7828571       1544.1832       1203.3342       787.82668       370.53315       288.87076       347.61353       402.44816       396.46564      
3.7857143       1542.9179       1202.0958       786.61577       369.36172       287.56652       345.74626       400.84007       395.27531      
3.7885714       1541.5101       1200.7182       785.31212       368.15006       286.26935       343.89476       399.20165       394.11255      
3.7914286       1540.1553       1199.3846       784.03059       366.95407       284.95396       342.06412       397.54846       392.95274      
3.7942857       1538.83         1198.0832       782.77102       365.77532       283.65783       340.24579       395.86053       391.80708      
3.7971429       1537.4354       1196.7158       781.46932       364.58131       282.38473       338.48404       394.19074       390.69569      
3.8             1536.1283       1195.4306       780.23917       363.42675       281.10603       336.72272       392.48686       389.62638      
3.8028571       1534.8113       1194.1346       778.99372       362.27367       279.83329       335.00223       390.78909       388.57618      
3.8057143       1533.5451       1192.8829       777.78017       361.1365        278.54519       333.28598       389.06093       387.57036      
3.8085714       1532.088        1191.4639       776.44388       359.95178       277.26769       331.62993       387.32052       386.53825      
3.8114286       1530.8728       1190.2602       775.28373       358.85582       275.9809        329.99402       385.56303       385.56271      
3.8142857       1529.537        1188.9471       774.03515       357.71811       274.68105       328.38185       383.78539       384.58391      
3.8171429       1528.3646       1187.7909       772.90228       356.63347       273.37273       326.79577       382.01654       383.81589      
3.82            1526.8266       1186.2965       771.52141       355.43626       272.07334       325.27681       380.27396       382.94789      
3.8228571       1525.601        1185.0847       770.35151       354.32738       270.74136       323.73769       378.50441       382.14416      
3.8257143       1524.1503       1183.6742       769.03585       353.14712       269.41224       322.25975       376.76418       381.48496      
3.8285714       1522.8039       1182.3602       767.78227       351.98246       268.06187       320.79445       375.01982       380.71749      
3.8314286       1521.4353       1181.0215       766.516         350.80946       266.68741       319.35996       373.2827        379.78821      
3.8342857       1520.0874       1179.7016       765.26809       349.62959       265.28605       317.94519       371.56604       378.99236      
3.8371429       1518.7429       1178.3928       764.03056       348.44118       263.84797       316.54803       369.87007       378.25128      
3.84            1517.389        1177.0685       762.77223       347.23979       262.42103       315.16674       368.18229       377.5222       
3.8428571       1516.0362       1175.745        761.51637       346.03639       261.00527       313.80245       366.50362       376.76972      
3.8457143       1514.6681       1174.4072       760.24981       344.8134        259.60608       312.4453        364.82378       375.99988      
3.8485714       1513.363        1173.1252       759.02154       343.60531       258.22471       311.10626       363.18044       375.36947      
3.8514286       1511.9737       1171.7716       757.74654       342.37004       256.85285       309.76222       361.54119       374.67432      
3.8542857       1510.691        1170.5125       756.53467       341.15299       255.49445       308.41884       359.92604       373.97957      
3.8571429       1509.338        1169.1897       755.27431       339.90155       254.12772       307.0622        358.33037       373.27878      
3.86            1507.9163       1167.7977       753.949         338.59843       252.7102        305.68938       356.74548       372.56332      
3.8628571       1506.5801       1166.4981       752.71907       337.37465       251.33764       304.31328       355.2187        371.86663      
3.8657143       1505.1452       1165.0919       751.3696        336.07749       249.93353       302.92609       353.67393       371.11955      
3.8685714       1503.7824       1163.762        750.10904       334.80353       248.62472       301.54332       352.21031       370.40462      
3.8714286       1502.399        1162.4056       748.80009       333.48993       247.29972       300.1469        350.73649       369.6402       
3.8742857       1501.0649       1161.0969       747.54507       332.19916       246.02889       298.74296       349.31398       368.85609      
3.8771429       1499.7351       1159.7915       746.28954       330.90077       244.76726       297.32538       347.91436       368.04871      
3.88            1498.3897       1158.4748       745.011         329.58748       243.5285        295.89403       346.5541        367.23788      
3.8828571       1497.0079       1157.1161       743.70029       328.24023       242.2901        294.44503       345.21182       366.39127      
3.8857143       1495.6364       1155.7758       742.41626       326.91016       241.09035       292.98498       343.91849       365.51888      
3.8885714       1494.2489       1154.4184       741.10257       325.56459       239.88848       291.50662       342.65217       364.61981      
3.8914286       1492.8505       1153.054        739.79179       324.21035       238.68822       290.0018        341.41475       363.68644      
3.8942857       1491.4475       1151.6811       738.47198       322.84731       237.4938        288.48278       340.20393       362.72369      
3.8971429       1490.0728       1150.3434       737.18165       321.50811       236.31287       286.95012       339.02965       361.71682      
3.9             1488.7076       1148.9862       735.8518        320.13704       235.1157        285.41269       337.86186       360.69891      
3.9028571       1487.331        1147.6415       734.57988       318.89155       233.95165       283.8839        336.75625       359.63822      
3.9057143       1486.0266       1146.3595       733.3292        317.59935       232.78967       282.34362       335.64162       358.52837      
3.9085714       1484.5804       1144.9548       731.98682       316.23753       231.64125       280.81535       334.56877       357.39154      
3.9114286       1483.2081       1143.5987       730.67543       314.87922       230.49215       279.28344       333.50682       356.22023      
3.9142857       1481.8206       1142.2404       729.37577       313.53255       229.3464        277.75751       332.46537       355.00796      
3.9171429       1480.4248       1140.8752       728.07084       312.19108       228.19989       276.23688       331.4337        353.76506      
3.92            1479.0197       1139.5047       726.75734       310.85614       227.04959       274.71367       330.41166       352.48297      
3.9228571       1477.621        1138.1389       725.43811       309.5009        225.87457       273.15238       329.37199       351.13304      
3.9257143       1476.2655       1136.8192       724.18233       308.25163       224.73762       271.60414       328.37451       349.83436      
3.9285714       1474.8486       1135.432        722.84267       306.84918       223.53091       270.05033       327.31208       348.3744       
3.9314286       1473.4622       1134.0887       721.57983       305.61918       222.3949        268.54508       326.31346       347.00147      
3.9342857       1472.0513       1132.7077       720.24572       304.24318       221.1971        267.05638       325.25232       345.49354      
3.9371429       1470.6725       1131.3603       718.96642       302.96013       220.03471       265.60673       324.2122        344.01675      
3.94            1469.3132       1130.0413       717.71633       301.65962       218.85929       264.17689       323.14473       342.47747      
3.9428571       1467.93         1128.6979       716.43788       300.36157       217.6848        262.76287       322.05217       340.91427      
3.9457143       1466.6224       1127.4181       715.20661       299.09142       216.52089       261.36215       320.94961       339.34722      
3.9485714       1465.161        1126.0043       713.87897       297.76918       215.34289       259.96105       319.77981       337.70626      
3.9514286       1463.8674       1124.7393       712.67938       296.51085       214.17642       258.57425       318.60931       336.08292      
3.9542857       1462.4201       1123.3405       711.36373       295.1905        213.00029       257.2047        317.38324       334.41049      
3.9571429       1461.1097       1122.0603       710.14271       293.91372       211.83354       255.86435       316.14472       332.74289      
3.96            1459.7764       1120.7626       708.87838       292.62851       210.67571       254.54686       314.87326       331.04725      
3.9628571       1458.3561       1119.3884       707.59652       291.32196       209.52454       253.25647       313.57353       329.33663      
3.9657143       1456.9707       1118.0369       706.33403       290.00242       208.38083       251.97848       312.23922       327.62535      
3.9685714       1455.5778       1116.6845       705.0606        288.66536       207.2449        250.70441       310.85088       325.88763      
3.9714286       1454.2383       1115.3737       703.82965       287.29836       206.13733       249.45881       309.46518       324.17344      
3.9742857       1452.8554       1114.0077       702.50021       285.86075       205.03408       248.195         307.99766       322.39325      
3.9771429       1451.4642       1112.6608       701.2206        284.4963        203.95181       246.94874       306.52356       320.67044      
3.98            1450.0611       1111.28         699.90447       283.10588       202.87676       245.69492       305.00153       318.9496       
3.9828571       1448.6925       1109.9436       698.62162       281.73599       201.82603       244.44621       303.45374       317.22459      
3.9857143       1447.3364       1108.6074       697.32035       280.28862       200.79701       243.18934       301.86148       315.49838      
3.9885714       1445.9644       1107.2762       696.06641       278.97533       199.77576       241.90434       300.20181       313.7818       
3.9914286       1444.5813       1105.9298       694.78771       277.61299       198.77252       240.61493       298.51293       312.07027      
3.9942857       1443.2006       1104.5892       693.51773       276.23218       197.79264       239.31898       296.78758       310.35959      
3.9971429       1441.7937       1103.2282       692.22817       274.84992       196.83369       238.01607       294.99999       308.61905      
4               1440.5088       1101.9689       691.01456       273.48176       195.89348       236.72182       293.26654       306.99663      
4.0025          1439.4893       1100.9915       690.05469       271.5771        195.22714       235.73204       291.92664       305.48314      
4.005           1438.2822       1099.8059       688.87734       270.16474       194.44955       234.51331       290.264         304.06026      
4.0075          1436.9604       1098.5212       687.66504       268.77674       193.66364       233.32068       288.58002       302.6634       
4.01            1435.7552       1097.3435       686.53894       267.52035       192.87724       232.14735       286.91785       301.2873       
4.0125          1434.5481       1096.1638       685.40132       266.32635       192.12113       230.98585       285.24729       299.89329      
4.015           1433.3676       1095.027        684.3242        265.1261        191.32978       229.81852       283.57904       298.51615      
4.0175          1432.1696       1093.8543       683.18368       263.95169       190.60524       228.64998       281.87759       297.1236       
4.02            1431.0427       1092.7669       682.14748       262.74737       189.81436       227.46194       280.15635       295.76025      
4.0225          1429.7552       1091.5134       680.94419       261.52136       189.09343       226.27278       278.38245       294.41052      
4.025           1428.6016       1090.3921       679.88165       260.29506       188.30602       225.05894       276.60142       293.07238      
4.0275          1427.3944       1089.2137       678.71409       259.08133       187.59392       223.85965       274.8163        291.78357      
4.03            1426.2892       1088.14         677.69175       257.86038       186.82025       222.63791       273.03071       290.48233      
4.0325          1425.064        1086.948        676.52808       256.64111       186.10481       221.43739       271.25447       289.24123      
4.035           1423.9157       1085.8293       675.45146       255.39824       185.31513       220.20367       269.47438       287.97964      
4.0375          1422.7311       1084.66         674.31461       254.19214       184.58613       218.99844       267.70749       286.75855      
4.04            1421.5844       1083.5485       673.24641       252.96276       183.78983       217.76424       265.93834       285.52661      
4.0425          1420.4255       1082.4246       672.16644       251.76103       183.01928       216.54423       264.17856       284.35667      
4.045           1419.2387       1081.2771       671.0663        250.53518       182.2168        215.30948       262.42441       283.20008      
4.0475          1418.0795       1080.1524       669.97825       249.32591       181.41008       214.07387       260.6749        282.06867      
4.05            1416.9331       1079.0353       668.89853       248.11614       180.58174       212.82379       258.90603       280.93641      
4.0525          1415.7553       1077.8906       667.79614       246.89984       179.73674       211.56756       257.0894        279.80301      
4.055           1414.5645       1076.7377       666.68484       245.6758        178.86999       210.30398       255.25184       278.64396      
4.0575          1413.3826       1075.5794       665.56121       244.44609       177.98304       209.03612       253.43334       277.50869      
4.06            1412.2255       1074.4519       664.47082       243.23181       177.07421       207.76401       251.65313       276.45617      
4.0625          1411.0738       1073.3324       663.38768       242.01914       176.14549       206.48877       249.90855       275.39998      
4.065           1409.9233       1072.2154       662.31049       240.8077        175.19465       205.21159       248.19594       274.35802      
4.0675          1408.7766       1071.0995       661.23667       239.58868       174.22197       203.93201       246.50919       273.33527      
4.07            1407.618        1069.975        660.15039       238.36146       173.22784       202.65022       244.8458        272.32742      
4.0725          1406.4736       1068.8632       659.08516       237.13972       172.213         201.36766       243.20372       271.3367       
4.075           1405.3095       1067.7255       657.97901       235.89054       171.17691       200.08529       241.58351       270.35787      
4.0775          1404.1548       1066.6026       656.89845       234.6458        170.1159        198.80215       239.97328       269.37729      
4.08            1402.9992       1065.4755       655.79571       233.40202       169.0347        197.51734       238.36851       268.37919      
4.0825          1401.864        1064.3664       654.74077       232.20281       167.93002       196.23169       236.78255       267.3658       
4.085           1400.6921       1063.2165       653.62196       230.93145       166.78805       194.94789       235.22555       266.36251      
4.0875          1399.5051       1062.0645       652.50415       229.68011       165.66954       193.66513       233.69429       265.37184      
4.09            1398.2691       1060.8379       651.22214       228.38862       164.53304       192.3856        232.18895       264.39407      
4.0925          1397.0757       1059.6765       650.06731       227.1624        163.39241       191.10858       230.70543       263.42111      
4.095           1395.9013       1058.5171       648.89625       225.98938       162.24507       189.83525       229.24283       262.45658      
4.0975          1394.7844       1057.4194       647.83919       224.72464       161.06238       188.55982       227.80229       261.49209      
4.1             1393.6456       1056.3115       646.76081       223.48438       159.94034       187.30087       226.38541       260.55316      
4.1025          1392.5156       1055.218        645.68238       222.20789       158.79404       186.04089       224.95471       259.57764      
4.105           1391.3295       1054.0357       644.5123        220.90427       157.6706        184.78378       223.55989       258.61197      
4.1075          1390.2535       1052.9832       643.46408       219.6282        156.51777       183.54284       222.16426       257.66251      
4.11            1389.0175       1051.7689       642.2736        218.31871       155.45359       182.29356       220.80736       256.70005      
4.1125          1387.9586       1050.7415       641.23462       217.00205       154.23857       181.07172       219.41528       255.70832      
4.115           1386.7183       1049.5047       640.00714       215.69374       153.2595        179.84216       218.09252       254.74817      
4.1175          1385.6948       1048.5234       639.01585       214.37134       152.03246       178.64974       216.70749       253.68888      
4.12            1384.4258       1047.2739       637.76489       213.04816       151.10193       177.43652       215.41191       252.81111      
4.1225          1383.3743       1046.2428       636.72957       211.71093       149.88669       176.28074       214.04219       251.76152      
4.125           1382.1109       1044.9833       635.46083       210.34031       148.96262       175.08002       212.76527       250.77379      
4.1275          1381.0858       1043.9985       634.48073       209.01811       147.74619       173.96324       211.41174       249.68621      
4.13            1379.8056       1042.722        633.17765       207.59264       146.88966       172.78118       210.15012       248.69544      
4.1325          1378.7355       1041.6861       632.15321       206.30551       145.72987       171.71237       208.81397       247.61871      
4.135           1377.458        1040.4036       630.83846       204.85731       144.91757       170.55417       207.56307       246.61993      
4.1375          1376.4511       1039.4285       629.8739        203.60273       143.777         169.52795       206.23907       245.53047      
4.14            1375.147        1038.1255       628.52902       202.15768       142.98791       168.40348       204.9925        244.51237      
4.1425          1374.0605       1037.0754       627.50479       200.90933       141.8557        167.41591       203.68463       243.43136      
4.145           1372.738        1035.7579       626.1554        199.47078       141.08811       166.33664       202.43789       242.38295      
4.1475          1371.695        1034.7457       625.15938       198.24134       139.9485        165.3837        201.14855       241.31002      
4.15            1370.3835       1033.4345       623.80682       196.81248       139.15564       164.34993       199.90851       240.23831      
4.1525          1369.3318       1032.4091       622.80054       195.5874        138.01381       163.4159        198.63523       239.1483       
4.155           1368.0217       1031.0946       621.43974       194.16906       137.15665       162.43384       197.40275       238.07164      
4.1575          1366.9679       1030.0672       620.43351       192.94702       136.00277       161.51529       196.13755       236.96225      
4.16            1365.6021       1028.695        619.0193        191.4902        134.98161       160.59485       194.93257       235.87535      
4.1625          1364.6559       1027.7817       618.12132       190.37222       133.83313       159.68345       193.62577       234.64264      
4.165           1363.2212       1026.3385       616.63077       188.85777       132.781         158.81689       192.4651        233.64077      
4.1675          1362.2765       1025.4282       615.74412       187.77413       131.71743       157.92967       191.15102       232.35928      
4.17            1360.8311       1023.9843       614.25248       186.27654       130.70953       157.11366       189.99844       231.3152       
4.1725          1359.8141       1023.0007       613.31844       185.13365       129.64581       156.22966       188.71463       230.07766      
4.175           1358.4156       1021.6029       611.85771       183.65509       128.69987       155.46384       187.55724       228.96513      
4.1775          1357.4183       1020.6291       610.94061       182.53097       127.69452       154.58714       186.28967       227.72887      
4.18            1356.0895       1019.3068       609.56603       181.12035       126.80793       153.82771       185.11846       226.57144      
4.1825          1354.8954       1018.14         608.4345        179.87918       125.93347       153.01465       183.90182       225.35722      
4.185           1353.7034       1016.957        607.2438        178.5565        125.13485       152.25359       182.71627       224.19061      
4.1875          1352.4706       1015.7417       606.02132       177.32164       124.38815       151.43866       181.52336       222.90666      
4.19            1351.2794       1014.5653       604.86083       176.00724       123.68093       150.67916       180.34028       221.72973      
4.1925          1350.0521       1013.3531       603.65614       174.73767       122.99884       149.88511       179.15579       220.47103      
4.195           1348.8548       1012.1765       602.49475       173.45656       122.43394       149.11253       177.97462       219.22074      
4.1975          1347.616        1010.9566       601.27616       172.17173       121.93235       148.33246       176.8032        217.91465      
4.2             1346.4187       1009.7727       600.09629       170.81477       121.40602       147.60164       175.64406       216.64096      
4.2025          1345.2595       1008.6538       599.05454       169.73002       121.04948       146.72983       174.44039       215.30554      
4.205           1343.9654       1007.3574       597.71632       168.23368       120.51028       146.0443        173.32817       214.03099      
4.2075          1342.9162       1006.3688       596.85404       167.27486       120.21011       145.15344       172.12331       212.72367      
4.21            1341.5568       1004.9893       595.39477       165.75569       119.70893       144.43376       171.03753       211.42798      
4.2125          1340.5248       1004.0262       594.58267       164.79587       119.32959       143.5575        169.8406        210.13148      
4.215           1339.1779       1002.664        593.13903       163.30202       118.79252       142.78492       168.7664        208.81059      
4.2175          1338.1194       1001.6837       592.335         162.29115       118.27852       141.88447       167.57026       207.5186       
4.22            1336.772        1000.307        590.88759       160.86084       117.66527       141.078         166.5031        206.18065      
4.2225          1335.6715       999.28399       589.99381       159.80127       117.06175       140.20832       165.3178        204.86252      
4.225           1334.4194       998.04507       588.71794       158.45438       116.28171       139.38085       164.22415       203.51173      
4.2275          1333.1967       996.86915       587.63422       157.30895       115.52584       138.53678       163.08627       202.1737       
4.23            1332.0002       995.68378       586.4813        156.0732        114.65272       137.71342       161.97529       200.83744      
4.2325          1330.7673       994.47422       585.30493       154.82732       113.66785       136.89229       160.86385       199.47828      
4.235           1329.5338       993.26487       584.13636       153.61387       112.72383       136.06807       159.73538       198.14516      
4.2375          1328.2777       992.03179       582.94126       152.3819        111.63373       135.2263        158.61833       196.78803      
4.24            1327.0438       990.82102       581.76976       151.17521       110.53546       134.44124       157.49651       195.43949      
4.2425          1325.8019       989.60076       580.59348       149.97255       109.38278       133.7087        156.37927       194.08652      
4.245           1324.5688       988.38961       579.42862       148.79724       108.21854       132.98639       155.25864       192.7348       
4.2475          1323.3344       987.17664       578.27293       147.65588       107.03615       132.29855       154.13712       191.39094      
4.25            1322.0988       985.96162       577.11977       146.53862       105.85807       131.64425       153.01124       190.0547       
4.2525          1320.8857       984.76393       575.98747       145.45727       104.70345       131.01258       151.88916       188.74658      
4.255           1319.6024       983.55247       574.84956       144.38303       103.58068       130.37373       150.76574       187.45193      
4.2575          1318.3513       982.36528       573.73349       143.33262       102.52841       129.79244       149.65648       186.17305      
4.26            1317.1321       981.1776        572.62163       142.29863       101.57372       129.22023       148.54564       184.91348      
4.2625          1315.9031       979.95859       571.5176        141.28586       100.72699       128.64861       147.44123       183.67856      
4.265           1314.6929       978.78436       570.43928       140.28759       100.01257       128.07998       146.33813       182.42375      
4.2675          1313.4808       977.62113       569.37316       139.33846       99.456311       127.50339       145.23584       181.17081      
4.27            1312.2744       976.45353       568.30399       138.38079       99.067983       126.91725       144.12141       179.92373      
4.2725          1311.069        975.2814        567.22842       137.39116       98.802008       126.28865       142.99243       178.68629      
4.275           1309.8736       974.12098       566.16039       136.39746       98.64908        125.63687       141.90254       177.45946      
4.2775          1308.6829       972.96921       565.10184       135.42217       98.584337       124.93721       140.82372       176.24634      
4.28            1307.4774       971.79844       564.02269       134.39448       98.573892       124.17317       139.75594       175.04376      
4.2825          1306.2695       970.62814       562.94301       133.34825       98.592294       123.34156       138.69638       173.8569       
4.285           1305.1016       969.51387       561.93895       132.30192       98.493484       122.46354       137.66126       172.69881      
4.2875          1303.8142       968.2232        560.69377       131.13412       98.590221       121.56959       136.50951       171.50365      
4.29            1302.672        967.14227       559.75044       130.04061       98.185082       120.74436       135.45307       170.37456      
4.2925          1301.4164       965.87289       558.44726       128.8344        98.270922       119.55847       134.39073       169.23938      
4.295           1300.2079       964.70823       557.36154       127.74783       97.792397       118.57191       133.4062        168.10672      
4.2975          1298.9932       963.50761       556.19261       126.60781       97.561061       117.39432       132.3969        166.9922       
4.3             1297.7807       962.32104       555.03516       125.52531       97.134621       116.10727       131.42311       165.88788      
4.3025          1296.5881       961.15713       553.95124       124.43394       96.717292       114.76215       130.4372        164.79988      
4.305           1295.4329       960.04313       552.9156        123.34056       96.145252       113.51954       129.44788       163.71309      
4.3075          1294.1911       958.8058        551.72333       122.17231       95.661061       111.92194       128.52387       162.65267      
4.31            1293.0365       957.69351       550.69397       121.05873       94.915256       110.83651       127.60028       161.5698       
4.3125          1291.8372       956.50016       549.56988       120.04244       94.28761        109.69596       126.71848       160.53227      
4.315           1290.7143       955.42883       548.62997       119.2866        93.392845       108.56461       125.77109       159.48612      
4.3175          1289.5143       954.23897       547.53622       118.48663       92.581218       107.88396       124.92079       158.47762      
4.32            1288.4101       953.14907       546.53675       117.62586       91.587444       106.85639       123.98886       157.44911      
4.3225          1287.1888       951.99393       545.44441       116.6355        90.618653       106.19734       123.07887       156.44476      
4.325           1286.027        950.89148       544.42538       115.72024       89.561607       105.30822       122.07903       155.4307       
4.3275          1284.8381       949.71714       543.30882       114.86169       88.580119       105.28877       121.21184       154.40494      
4.33            1283.7366       948.66826       542.37917       114.05492       87.538566       104.45589       120.14403       153.39656      
4.3325          1282.5588       947.49582       541.25876       113.158         86.668793       104.57355       119.27571       152.42885      
4.335           1281.4453       946.42554       540.28973       112.32893       85.756946       104.0844        118.24527       151.44325      
4.3375          1280.3205       945.32719       539.27473       111.48732       84.974158       103.9988        117.29556       150.48063      
4.34            1279.2105       944.25719       538.29052       110.62976       84.216153       103.73663       116.30856       149.52069      
4.3425          1278.1167       943.20732       537.38553       109.76266       83.534258       103.63287       115.34671       148.56429      
4.345           1276.982        942.11389       536.44194       108.89383       82.824334       103.76914       114.52151       147.56486      
4.3475          1275.9453       941.07079       535.28122       107.1184        82.390553       103.24641       113.22515       146.70614      
4.35            1274.7817       939.96698       534.364         106.02244       81.835138       103.27954       112.40949       145.72685      
4.3525          1273.7085       938.92399       533.3558        105.08216       81.407048       102.90717       111.36558       144.8138       
4.355           1272.6099       937.86321       532.41451       104.19566       80.981307       102.65172       110.44885       143.86639      
4.3575          1271.53         936.82603       531.47529       103.29297       80.627257       102.21577       109.48267       142.92526      
4.36            1270.4701       935.80049       530.53765       102.33868       80.298087       101.74237       108.5496        141.89409      
4.3625          1269.4154       934.78921       529.60579       101.38189       80.014396       101.2021        107.64634       140.89088      
4.365           1268.4034       933.81221       528.73629       100.42691       79.717929       100.55869       106.78679       139.83197      
4.3675          1267.345        932.74117       527.69965       99.4787         79.522526       100.03576       105.98691       139.00306      
4.37            1266.3665       931.82012       526.89136       98.527964       79.231007       99.258317       105.12918       137.89976      
4.3725          1265.2768       930.7581        525.89461       97.601219       78.96492        98.645469       104.45064       136.99094      
4.375           1264.2922       929.80823       525.03487       96.766876       78.642252       97.859825       103.68936       135.91785      
4.3775          1263.2344       928.77582       524.06622       96.016366       78.359714       97.181744       103.07039       135.01893      
4.38            1262.2153       927.79085       523.20659       95.320446       77.995571       96.364581       102.53053       134.042        
4.3825          1261.2          926.84609       522.43993       94.539971       77.60044        95.511001       101.88051       133.02916      
4.385           1260.2097       925.88956       521.60479       93.806011       77.179325       94.628723       101.29808       131.97912      
4.3875          1259.177        924.87087       520.76933       93.105787       76.735271       93.763983       100.82281       131.06602      
4.39            1258.1628       923.92472       519.92503       92.383469       76.221148       92.91592        100.2652        129.93519      
4.3925          1257.101        922.83541       518.82079       91.765328       75.717356       92.102937       99.819986       129.04424      
4.395           1256.087        921.88553       517.89943       91.026394       75.122014       91.326219       99.361763       127.84829      
4.3975          1254.9974       920.7632        516.78042       90.273906       74.568458       90.541021       98.938777       126.91614      
4.4             1253.9862       919.80086       515.85932       88.624416       73.968787       89.795317       98.533435       125.83084      
4.4025          1252.9852       918.82103       515.00815       88.837893       73.381908       89.052618       98.11328        124.83015      
4.405           1251.9895       917.8694        514.15007       88.354249       72.743222       88.379161       97.665141       123.75435      
4.4075          1250.9761       916.87323       513.22486       87.671972       72.111832       87.737151       97.222822       122.70919      
4.41            1249.968        915.89405       512.3383        87.32559        71.481231       87.150396       96.767092       121.6317       
4.4125          1248.9476       914.8932        511.41146       86.745817       70.850197       86.588578       96.299199       120.53156      
4.415           1247.8829       913.84552       510.44189       85.989096       70.186783       86.079856       95.800861       119.44953      
4.4175          1246.8466       912.82451       509.4809        86.004715       69.517385       85.58757        95.260982       118.37006      
4.42            1245.8027       911.78452       508.42945       86.301067       68.854996       85.132837       94.692864       117.28542      
4.4225          1244.785        910.77989       507.46227       86.31125        68.222661       84.705605       94.108684       116.1994       
4.425           1243.7454       909.75139       506.48592       86.226929       67.600123       84.294007       93.509902       115.11155      
4.4275          1242.7205       908.75305       505.59874       85.906725       66.975816       83.878234       92.879515       113.9905       
4.43            1241.7198       907.76327       504.68941       85.933989       66.403548       83.451397       92.265022       112.93062      
4.4325          1240.7568       906.81818       503.78588       85.752215       65.82793        83.03674        91.60465        111.82645      
4.435           1239.6667       905.72498       502.73722       85.600858       65.253529       82.609425       90.953681       110.7763       
4.4375          1238.6592       904.73315       501.78578       85.24831        64.661697       82.191158       90.263993       109.65466      
4.44            1237.644        903.72005       500.82167       85.018106       64.10943        81.763257       89.582811       108.54817      
4.4428571       1236.1367       902.18369       499.29665       85.293343       63.460763       81.160939       88.567283       106.81696      
4.4457143       1235.1237       901.16938       498.28841       85.808056       62.941465       80.647736       87.801338       105.66091      
4.4485714       1234.0905       900.15318       497.28999       85.540491       62.420088       80.181388       87.118092       104.58458      
4.4514286       1232.8669       898.90969       496.08591       85.282798       61.979357       79.710297       86.415433       103.41211      
4.4542857       1231.7339       897.79023       495.01755       85.098512       61.557409       79.222897       85.696769       102.23724      
4.4571429       1230.5904       896.64257       493.96701       85.037631       61.166526       78.74398        84.968929       101.02075      
4.46            1229.5539       895.64993       492.98955       84.984386       60.794271       78.224443       84.240734       99.865964      
4.4628571       1228.3585       894.43843       491.98186       84.931641       60.440955       77.626227       83.5261         98.563783      
4.4657143       1227.3883       893.5099        491.00527       84.847296       60.098265       77.077125       82.805474       97.471522      
4.4685714       1226.1058       892.18255       489.77566       84.717262       59.79047        76.48076        82.113923       96.167188      
4.4714286       1225.159        891.28369       488.77646       84.681234       59.471928       75.935342       81.412887       95.094591      
4.4742857       1223.9676       890.08396       487.92414       84.877712       59.196197       75.359329       80.743879       93.827531      
4.4771429       1222.9837       889.14017       486.94253       84.670133       58.919189       74.819279       80.079591       92.727542      
4.48            1221.8398       887.99067       485.9124        84.506955       58.669108       74.283144       79.435029       91.537852      
4.4828571       1220.7746       886.94425       484.9052        84.120837       58.425816       73.770466       78.796749       90.391109      
4.4857143       1219.7106       885.89089       483.99833       83.507999       58.201049       73.2839         78.157899       89.229412      
4.4885714       1218.651        884.85135       483.06141       82.91784        57.981602       72.822363       77.508899       88.084127      
4.4914286       1217.6144       883.84756       482.25056       84.447174       57.762052       72.38116        76.879885       86.943927      
4.4942857       1216.5675       882.81712       481.33988       85.126286       57.536369       71.952951       76.212096       85.816571      
4.4971429       1215.5142       881.77877       480.47885       85.326351       57.309083       71.549129       75.533086       84.704883      
4.5             1214.4778       880.76569       479.66639       87.236454       57.074811       71.166034       74.86153        83.596671      
4.5028571       1213.4077       879.69372       478.66787       88.410548       56.836681       70.798861       74.19408        82.501712      
4.5057143       1212.3165       878.59931       477.60013       88.096163       56.593184       70.443996       73.531923       81.412016      
4.5085714       1211.2428       877.52816       476.57786       87.778604       56.347543       70.098228       72.875202       80.318318      
4.5114286       1210.1705       876.45137       475.53334       87.567988       56.099171       69.757937       72.236981       79.218661      
4.5142857       1209.1015       875.37201       474.46126       87.36344        55.847751       69.418477       71.601836       78.115225      
4.5171429       1208.0173       874.2945        473.53359       87.177669       55.595266       69.075573       70.964712       77.017676      
4.52            1206.9449       873.21871       472.57272       87.025588       55.340218       68.731239       70.326157       75.93377       
4.5228571       1205.8456       872.10073       471.45359       86.875131       55.084751       68.381316       69.684638       74.845042      
4.5257143       1204.756        870.9926        470.34094       86.768923       54.847476       68.019713       69.037826       73.773833      
4.5285714       1203.675        869.89051       469.22923       86.778264       54.607561       67.645076       68.382686       72.678729      
4.5314286       1202.5713       868.75601       468.03908       87.075426       54.36438        67.251489       67.722206       71.581208      
4.5342857       1201.4703       867.62499       466.82407       88.028792       54.128369       66.837613       67.056016       70.509549      
4.5371429       1200.4291       866.59516       466.00155       86.712096       53.894945       66.408585       66.386877       69.436254      
4.54            1199.3727       865.53163       465.08997       85.16285        53.659173       65.958821       65.718891       68.354407      
4.5428571       1198.287        864.40648       463.91029       84.615766       53.41982        65.487517       65.053083       67.229406      
4.5457143       1197.1712       863.24308       462.65992       84.277724       53.179243       64.979741       64.384784       66.099325      
4.5485714       1196.0714       862.09688       461.43771       83.971466       52.942564       64.453552       63.712736       64.999887      
4.5514286       1194.9585       860.93749       460.21791       83.617298       52.707985       63.92842        63.040004       63.893283      
4.5542857       1193.8624       859.79609       459.02388       83.216971       52.476848       63.350262       62.370658       62.794758      
4.5571429       1192.7999       858.68848       457.75942       82.78642        52.2472         62.746558       61.70615        61.692398      
4.56            1191.7619       857.61318       456.57546       82.474189       52.020761       62.128825       61.048805       60.592799      
4.5628571       1190.7566       856.58225       455.55731       81.91226        51.796243       61.503216       60.392108       59.489532      
4.5657143       1189.7038       855.48492       454.44172       81.173175       51.569806       60.868649       59.735025       58.384463      
4.5685714       1188.6566       854.39814       453.27054       80.426476       51.340813       60.224485       59.086645       57.28047       
4.5714286       1187.6057       853.29624       452.06909       79.178139       51.108101       59.575879       58.454869       56.178346      
4.5742857       1186.5836       852.23702       450.94321       77.804784       50.871746       58.913648       57.840129       55.072902      
4.5771429       1185.6088       851.23595       449.90465       76.356929       50.632211       58.250699       57.239032       53.965194      
4.58            1184.5945       850.17414       448.7449        74.7485         50.418407       57.585829       56.648751       52.85415       
4.5828571       1183.7066       849.29187       447.89335       72.950925       50.172424       56.900017       56.064553       51.746048      
4.5857143       1182.8741       848.45283       447.06812       71.05384        49.910457       56.209519       55.486118       50.644789      
4.5885714       1182.0226       847.6027        446.18137       69.23457        49.626584       55.521409       54.907801       49.550382      
4.5914286       1181.1548       846.72539       445.35067       67.394692       49.317411       54.88268        54.310745       48.473892      
4.5942857       1180.2953       845.86206       444.59465       65.54067        48.97824        54.304343       53.703637       47.41018       
4.5971429       1179.4262       844.98618       443.75142       63.782084       48.617578       53.749319       53.120687       46.357566      
4.6             1178.5575       844.10991       442.88127       61.910658       48.295791       53.214711       52.571699       45.318001      
4.6028571       1177.6852       843.21917       441.89907       60.199556       47.963961       52.706929       52.043418       44.284102      
4.6057143       1176.8276       842.34911       440.99095       58.24352        47.6251         52.242304       51.500767       43.259263      
4.6085714       1175.9801       841.48707       440.09897       56.22412        47.274776       51.815422       50.903916       42.255815      
4.6114286       1175.1248       840.62077       439.20431       54.177942       46.91244        51.426522       50.325955       41.283852      
4.6142857       1174.2975       839.78484       438.32337       51.691068       46.542687       51.069663       49.776768       40.344749      
4.6171429       1173.4698       838.95678       437.44008       48.602054       46.174698       50.741055       49.232872       39.46395       
4.62            1172.6774       838.1499        436.5883        45.188253       45.806843       50.43568        48.684649       38.623546      
4.6233333       1171.5811       836.97489       435.39982       41.157679       45.306291       50.053102       47.989248       37.571717      
4.6266667       1170.6857       836.16751       434.52182       36.05472        44.880913       49.70836        47.255599       36.576471      
4.63            1169.8715       835.35827       433.83031       32.133897       44.438736       49.439491       46.566894       35.740979      
4.6333333       1169.019        834.54947       433.05272       28.47898        44.001746       49.214701       45.897586       34.970146      
4.6366667       1168.1958       833.76394       432.39372       25.475074       43.584967       48.987597       45.214857       34.233323      
4.64            1167.2981       832.88313       431.55973       22.613265       43.186705       48.718112       44.519308       33.537241      
4.6433333       1166.3727       831.96024       430.63323       20.036769       42.800482       48.313749       43.814146       32.871736      
4.6466667       1165.4894       831.10863       429.83968       17.859          42.424393       47.997337       43.08805        32.231514      
4.65            1164.6865       830.37292       429.42671       15.987705       42.057861       47.629289       42.437337       31.62229       
4.6533333       1163.8675       829.60785       428.87445       14.721571       41.693394       47.24065        41.826229       31.036535      
4.6566667       1163.0078       828.78977       428.25024       13.891547       41.32346        46.817577       41.078503       30.484462      
4.66            1162.1543       827.99676       427.74973       13.895724       40.946131       46.364072       40.307901       29.962619      
4.6633333       1161.2135       827.05436       426.8071        13.428929       40.566321       45.881962       39.550435       29.459897      
4.6666667       1160.1976       825.99179       425.56486       13.631762       40.189899       45.360292       38.824193       28.977051      
4.67            1159.2196       824.99416       424.49787       14.368611       39.814719       44.80647        38.111995       28.512499      
4.6733333       1158.1687       823.88051       423.15773       15.217793       39.453702       44.224212       37.413224       28.064303      
4.6766667       1157.192        822.89526       422.16121       15.442965       39.101783       43.63266        36.719975       27.623444      
4.68            1156.277        821.99019       421.28209       13.766284       38.765371       43.052337       36.03879        27.183023      
4.6833333       1155.3553       821.07072       420.39298       12.074726       38.420537       42.42476        35.376182       26.756593      
4.6866667       1154.4542       820.17867       419.55009       13.311617       38.074426       41.745294       34.759387       26.443495      
4.69            1153.5049       819.23258       418.60894       15.047422       37.730703       41.07184        34.169718       26.030791      
4.6933333       1152.5736       818.30554       417.66602       16.150028       37.381617       40.368947       33.599218       25.7014        
4.6966667       1151.6405       817.36674       416.78913       17.359778       36.995736       39.729945       33.072658       25.369239      
4.7             1150.7237       816.50214       416.06458       18.899464       36.598404       39.165438       32.515096       25.089049      
4.7033333       1149.7799       815.55294       415.17803       19.571003       36.189171       38.625974       31.930278       25.131216      
4.7066667       1148.8115       814.57116       414.12518       20.138136       35.804557       38.047156       31.369596       24.813864      
4.71            1147.8134       813.56774       413.12649       20.841187       35.409042       37.496579       30.828778       24.535251      
4.7133333       1146.8213       812.55175       411.94743       21.92141        35.013577       37.004578       30.32293        24.176877      
4.7166667       1145.8726       811.61799       411.07997       23.153599       34.659576       36.459138       29.84852        23.856519      
4.72            1144.988        810.75719       410.3349        24.84698        34.341025       35.838466       29.387331       23.498793      
4.7233333       1143.9741       809.71796       409.19781       26.886613       34.037424       35.255817       28.942021       23.17683       
4.7266667       1142.8394       808.51922       407.72937       28.482442       33.73932        34.766559       28.514235       22.85044       
4.73            1141.7311       807.37184       406.44607       29.986291       33.438688       34.333424       28.102094       22.487662      
4.7333333       1140.7504       806.45621       405.5054        31.171055       33.081534       33.936117       27.709521       22.130295      
4.7366667       1139.8304       805.51838       404.67432       32.588352       32.705332       33.549225       27.356205       21.79519       
4.74            1138.8099       804.48518       403.60488       34.668512       32.317659       33.230883       27.023696       21.413942      
4.7433333       1137.7183       803.4256        402.49297       33.623258       31.948323       32.967639       26.687567       21.027843      
4.7466667       1136.5319       802.16079       401.00797       35.048283       31.589371       32.6572         26.359769       20.640612      
4.75            1135.2571       800.79043       399.17886       39.716054       31.259974       32.267284       26.040141       20.231701      
4.7533333       1133.9313       799.29752       396.97536       43.35946        30.976642       31.844874       25.73306        19.821879      
4.7566667       1132.5412       797.69753       394.29875       45.124891       30.735879       31.416215       25.395986       19.4089        
4.76            1131.0747       795.95448       391.08195       46.985146       30.522902       30.991522       25.114332       18.984138      
4.7633333       1129.658        794.27195       387.97105       52.26241        30.30589        30.570848       24.90425        18.554989      
4.7666667       1128.3194       792.69497       384.97681       54.515455       29.999539       30.146745       24.667564       18.130276      
4.77            1127.0418       791.15644       381.87705       55.929334       29.703054       29.723174       24.467639       17.69441       
4.7733333       1125.9489       789.90618       379.41951       59.837077       29.407979       29.309821       24.600901       17.255076      
4.7766667       1124.9097       788.69915       377.23465       63.052257       29.09546        28.905408       24.421567       16.820541      
4.78            1123.889        787.5739        375.09818       65.822495       28.80302        28.508289       24.229982       16.373761      
4.7833333       1122.8964       786.3862        372.62686       66.812081       28.502353       28.115463       24.009716       15.932431      
4.7866667       1121.9826       785.3458        370.35534       66.872806       28.213594       27.735034       23.804788       15.501691      
4.79            1121.2473       784.56025       368.82586       67.997434       27.918111       27.358237       23.593207       15.071373      
4.7933333       1120.5571       783.82967       367.52334       69.168334       27.621769       26.987702       23.389668       14.645984      
4.7966667       1119.8423       783.06286       366.0906        70.302868       27.321642       26.620679       23.185082       14.228721      
4.8             1119.2237       782.3979        364.62269       71.446586       27.025198       26.26537        22.991036       13.822632      
4.8033333       1118.7032       781.90948       364.15682       72.648811       26.728274       25.895671       22.798434       13.425192      
4.8066667       1118.1859       781.43351       363.50794       74.048743       26.436408       25.478767       22.608138       13.043779      
4.81            1117.8436       781.20026       363.37398       74.967877       26.142967       25.106282       22.416494       12.677219      
4.8133333       1117.3414       780.76134       362.86021       76.038138       25.85512        24.776361       22.226789       12.326562      
4.8166667       1116.9392       780.45195       362.53015       77.503998       25.533071       24.464383       22.044679       11.991851      
4.82            1116.4756       780.09206       362.56663       79.19862        25.19706        24.164504       21.862253       11.671585      
4.8233333       1115.8786       779.55088       362.07799       79.791456       24.877596       23.86721        21.685078       11.361467      
4.8266667       1115.2392       778.90122       361.05793       80.952322       24.583397       23.577694       21.5064         11.064         
4.83            1114.7822       778.50432       360.80298       81.797762       24.299465       23.298554       21.32788        10.779404      
4.8333333       1114.4218       778.31607       361.19627       82.202634       24.015311       23.022473       21.157794       10.512898      
4.8366667       1114.0559       778.10414       362.09101       82.553245       23.73326        22.757153       20.991219       10.254407      
4.84            1113.4677       777.55417       361.76197       81.646755       23.453688       22.500495       20.837082       10.013538      
4.8433333       1112.8229       776.95291       361.45424       80.204491       23.175783       22.252021       20.685369       9.788616       
4.8466667       1112.1248       776.24086       360.87606       78.343031       22.903267       22.018733       20.517918       9.5839933      
4.85            1111.3631       775.4586        360.47515       76.360582       22.630985       21.793302       20.343802       9.3927001      
4.8533333       1110.7044       774.81768       360.09622       74.554444       22.362785       21.571302       20.166964       9.2154715      
4.8566667       1110.0962       774.24019       359.83005       73.059029       22.100809       21.353738       19.988512       9.0519914      
4.86            1109.4956       773.66062       359.50775       71.673352       21.846417       21.144861       19.810538       8.9007947      
4.8633333       1108.9382       773.11554       359.13039       70.204451       21.59648        20.94461        19.630961       8.7612262      
4.8666667       1108.3766       772.57057       358.8357        68.789813       21.346549       20.74779        19.443994       8.6307997      
4.87            1107.8321       772.04991       358.60371       67.45359        21.099123       20.553583       19.25568        8.5103942      
4.8733333       1107.2987       771.5236        358.36592       66.37683        20.85926        20.363679       19.068723       8.3994618      
4.8766667       1106.7637       770.98413       358.08528       65.268139       20.626619       20.170471       18.882761       8.2981844      
4.88            1106.2287       770.4554        357.79015       64.195452       20.395433       19.974084       18.696218       8.2041017      
4.884           1105.4335       769.66539       357.15725       62.136512       20.288083       19.890627       18.666934       8.1945598      
4.888           1104.8303       769.05954       356.86481       61.211459       19.949591       19.618          18.386491       8.0601045      
4.892           1104.2683       768.46354       356.34111       59.768708       19.651456       19.410729       18.182121       7.9650548      
4.896           1103.7303       767.88504       355.80988       58.155797       19.401644       19.24396        17.959422       7.8721573      
4.9             1103.1431       767.26061       355.28679       57.007133       19.191349       19.078483       17.73197        7.7919794      
4.904           1102.6105       766.70253       354.88599       55.967168       18.984959       18.908861       17.503601       7.7186651      
4.908           1102.1125       766.17618       354.5275        54.936208       18.775765       18.743724       17.27825        7.6519493      
4.912           1101.5777       765.59791       354.00358       53.847866       18.574712       18.587637       17.053027       7.5830992      
4.916           1101.0596       764.99993       353.34981       52.767681       18.39393        18.430355       16.821849       7.5258889      
4.92            1100.5498       764.41984       352.76119       51.618737       18.224304       18.272404       16.586642       7.4711764      
4.924           1100.1699       763.95398       352.26571       50.444409       18.07241        18.124606       16.351855       7.4221734      
4.928           1099.8588       763.56519       351.84837       49.289647       17.990557       17.981282       16.112529       7.3661208      
4.932           1099.5376       763.16225       351.42456       48.086189       17.906203       17.841726       15.871496       7.3098708      
4.936           1099.2705       762.81662       351.03938       46.915825       17.784559       17.702537       15.620146       7.2496921      
4.94            1099.0784       762.53371       350.68334       45.675864       17.676141       17.569658       15.368779       7.1905829      
4.944           1098.8561       762.20608       350.21752       44.412639       17.551368       17.438696       15.112658       7.130999       
4.948           1098.6841       761.91656       349.74584       43.251502       17.429931       17.326751       14.85697        7.0749138      
4.952           1098.5523       761.66813       349.35802       42.238242       17.305057       17.209809       14.59155        7.0122713      
4.956           1098.4818       761.48939       348.96121       41.173961       17.183121       17.092716       14.325986       6.9548252      
4.96            1098.5565       761.41726       348.73687       40.074807       17.061306       16.967527       14.0503         6.8882486      
4.964           1098.6293       761.38191       348.51682       38.635689       16.942799       16.850538       13.769498       6.8260439      
4.968           1098.8298       761.45711       348.46909       37.235073       16.827161       16.732741       13.487048       6.7609611      
4.972           1099.1308       761.60851       348.35143       36.447856       16.712781       16.619316       13.19706        6.6991267      
4.976           1099.4262       761.77933       348.33926       34.944151       16.607841       16.506505       12.907375       6.6365236      
4.98            1099.8207       762.04926       348.4146        33.731172       16.502367       16.392539       12.612619       6.5733772      
4.984           1100.3211       762.39097       348.69615       32.55448        16.396826       16.2814         12.313823       6.5108773      
4.988           1100.9134       762.87787       349.02691       31.390103       16.301832       16.168683       12.013856       6.4500137      
4.992           1101.7114       763.47782       349.57867       30.088876       16.202351       16.059701       11.714808       6.3895911      
4.996           1102.3729       764.05144       349.87622       28.871303       16.106513       15.946937       11.410701       6.330072       
5               1103.308        764.73702       350.3277        27.47331        16.005448       15.839074       11.11146        6.269591       
5.004           1104.1468       765.41496       350.51514       25.910122       15.921074       15.736591       10.818782       6.2152829      
5.008           1105.2688       766.32676       351.13443       24.21016        15.82048        15.631361       10.523128       6.1563099      
5.012           1106.5119       767.41846       351.82902       22.551965       15.738014       15.527589       10.238577       6.1002172      
5.016           1108.0219       768.68818       352.73859       20.94179        15.64177        15.428824       9.9601804       6.0447531      
5.02            1109.4598       769.96876       353.58589       19.561046       15.559545       15.332422       9.6900066       5.9927         
5.024           1110.9665       771.23673       354.43496       18.474451       15.472594       15.239595       9.4301479       5.9399154      
5.028           1112.7877       772.80842       355.37707       17.581037       15.391441       15.147888       9.1808442       5.8897702      
5.032           1114.7937       774.52825       356.35964       16.865726       15.31184        15.05482        8.9432639       5.8412148      
5.036           1116.8063       776.24021       357.26019       16.271316       15.236146       14.958446       8.7157454       5.7945425      
5.04            1118.889        778.00442       358.10464       15.704444       15.165596       14.87063        8.5015334       5.7488523      
5.044           1121.2803       780.05347       359.00896       15.30993        15.093841       14.781502       8.2972955       5.7013393      
5.048           1123.8339       782.21812       359.91576       15.895317       15.023567       14.696582       8.1056484       5.6543016      
5.052           1126.2789       784.28456       360.74585       16.322005       14.960144       14.617269       7.9290822       5.6106126      
5.056           1129.0626       786.65552       361.76867       16.475251       14.901187       14.568803       7.7673508       5.5684144      
5.06            1132.295        789.43373       363.09162       16.78055        14.848308       14.47189        7.6225728       5.5284015      
5.064           1135.7392       792.4336        364.68642       17.349384       14.796791       14.38192        7.4873837       5.4873352      
5.068           1139.2124       795.4662        366.36843       18.410197       14.751772       14.290371       7.3618985       5.4446317      
5.072           1143.0967       798.91937       368.52564       20.043417       14.716255       14.206976       7.2497973       5.4081077      
5.076           1147.0468       802.43666       370.67031       21.065738       14.691396       14.127648       7.1516636       5.3768998      
5.08            1151.3316       806.24589       373.05718       22.690327       14.660488       14.043098       7.057027        5.3411794      
5.084           1156.1223       810.53462       375.95718       24.141914       14.643584       13.959718       6.972454        5.307907       
5.088           1161.2084       815.11121       379.06531       25.829327       14.632939       13.875836       6.8970584       5.2762435      
5.092           1166.5473       819.90533       382.15389       27.336146       14.624682       13.789543       6.8269191       5.244953       
5.096           1172.2607       825.09701       385.82423       28.710801       14.624436       13.700803       6.763502        5.2144148      
5.1             1178.4797       830.76924       390.02766       29.946569       14.629662       13.61901        6.7107669       5.1891583      
5.104           1185.038        836.77391       394.53288       31.194182       14.637354       13.528314       6.6617741       5.1633264      
5.108           1191.9421       843.10988       399.31049       32.495597       14.649209       13.450839       6.6167262       5.1375371      
5.112           1199.2676       849.8521        404.43439       33.778818       14.658653       13.367796       6.5786501       5.1156826      
5.116           1206.9626       856.94327       409.9332        35.064023       14.662985       13.271077       6.542161        5.0937958      
5.12            1215.3585       864.70322       415.84403       36.201581       14.66932        13.17011        6.5111378       5.0728828      
5.124           1224.0774       872.7786        422.17792       37.465651       14.6787         13.058466       6.4826109       5.0539247      
5.128           1233.4008       881.44915       428.98333       38.764673       14.694709       12.939013       6.4601929       5.0383763      
5.132           1243.2651       890.64158       436.30402       40.16908        14.711635       12.803349       6.4380667       5.0222712      
5.136           1253.6977       900.38891       444.05218       42.051696       14.734806       12.655601       6.4192182       5.0083949      
5.14            1264.6602       910.64826       452.25219       44.095222       14.754656       12.489833       6.3988451       4.9921828      
5.144           1276.2574       921.50959       460.91883       45.195655       14.780556       12.31083        6.3823928       4.9785922      
5.148           1288.5304       933.05372       470.29239       46.640086       14.815944       12.11983        6.3730542       4.9719466      
5.152           1301.5099       945.28708       480.2366        48.453725       14.851244       11.896726       6.361179        4.9628022      
5.156           1315.1721       958.20304       490.77853       50.705952       14.88679        11.666382       6.348035        4.9534175      
5.16            1329.7041       971.97733       502.18015       53.2264         14.932115       11.43213        6.3381435       4.9464917      
5.164           1345.2123       986.72684       514.40968       56.186866       14.978512       11.195449       6.3289371       4.937053       
5.168           1361.0647       1001.8938       527.46692       59.187607       15.024322       10.949411       6.3230337       4.935776       
5.172           1378.178        1018.3064       541.48325       62.153195       15.076945       10.707697       6.3222267       4.935669       
5.176           1395.9559       1035.4301       556.40709       65.688245       15.120106       10.457351       6.3183001       4.9334423      
5.18            1414.8785       1053.7045       572.50656       69.757602       15.16           10.205532       6.3137979       4.9328771      
5.1833333       1433.3219       1071.618        588.36642       74.895363       15.138644       9.7548109       6.2695143       4.9013668      
5.1866667       1450.1064       1087.8896       602.54561       79.660057       15.207827       9.6475813       6.2784          4.9066233      
5.19            1467.6537       1105.0336       618.15226       86.061862       15.24731        9.4386432       6.2750748       4.9100681      
5.1933333       1485.9331       1122.856        634.17713       90.397117       15.305342       9.2649312       6.2772885       4.9128934      
5.1966667       1505.1704       1141.7092       651.42361       98.81851        15.358928       9.0997538       6.2763312       4.913391       
5.2             1525.1089       1161.2928       669.40739       107.09657       15.414939       8.9417404       6.2785414       4.9176         
5.2033333       1546.0133       1181.899        688.54652       118.75642       15.46765        8.7974466       6.2848581       4.9254312      
5.2066667       1567.6492       1203.2885       708.56468       132.3317        15.533411       8.6612409       6.2885403       4.9302123      
5.21            1590.1022       1225.5216       729.51255       149.01338       15.615819       8.5317341       6.2862523       4.9297008      
5.2133333       1613.4705       1248.8023       751.79911       169.15733       15.683808       8.4155238       6.288888        4.9330306      
5.2166667       1638.0118       1273.3412       775.56795       193.18696       15.755444       8.3195788       6.3020099       4.9472798      
5.22            1663.6282       1299.0506       800.7166        215.28199       15.830238       8.221475        6.3040695       4.9518331      
5.2228571       1688.2082       1323.7912       825.06323       235.68407       15.86953        8.0408361       6.2820615       4.9411333      
5.2257143       1710.9677       1346.6737       847.9051        255.9511        15.976896       8.0214092       6.2866218       4.9476037      
5.2285714       1734.6924       1370.7736       871.71332       276.66083       16.127455       7.9794787       6.3051421       4.9667918      
5.2314286       1759.0939       1395.4635       896.60951       300.00586       16.279946       7.9211665       6.2970726       4.9621013      
5.2342857       1784.7527       1421.5989       923.17109       325.26914       16.477839       7.8938205       6.3133662       4.9784705      
5.2371429       1811.3631       1448.7732       951.07014       352.80095       16.643462       7.8351351       6.2964016       4.9647402      
5.24            1838.5943       1476.6051       979.6611        380.49221       16.878094       7.8234515       6.3209063       4.9906804      
5.2425          1864.5221       1503.0479       1006.8673       407.37878       17.016674       7.7177955       6.2870806       4.9690602      
5.245           1889.2892       1528.7565       1034.104        434.49094       17.147022       7.730041        6.2978568       4.975227       
5.2475          1914.4196       1554.4924       1060.7195       461.88372       17.498827       7.7012041       6.298361        4.9800247      
5.25            1940.6146       1581.695        1090.0264       492.39723       17.568789       7.6805972       6.2925141       4.9781198      
5.2525          1967.558        1609.5396       1119.4581       523.08312       17.465651       7.6559335       6.2894262       4.9773562      
5.255           1994.7915       1637.7547       1149.5058       553.65122       17.230128       7.6374626       6.2860494       4.9771548      
5.2575          2021.9855       1665.8754       1179.1608       582.91586       16.86154        7.6116078       6.2734708       4.9678202      
5.26            2049.207        1694.0052       1208.7563       611.52277       16.350588       7.6044364       6.2712741       4.9668582      
5.2625          2076.5301       1722.2476       1238.4294       639.76435       15.498472       7.5925808       6.2625301       4.9600771      
5.265           2103.5719       1750.1403       1267.5434       667.22742       14.309776       7.6004057       6.2658117       4.9627526      
5.2675          2130.3824       1777.848        1296.6573       695.12367       13.476293       7.6073004       6.2684147       4.9642845      
5.27            2156.9537       1805.3153       1325.6117       723.65407       12.658214       7.630011        6.2733251       4.9656194      
5.2725          2183.1576       1832.7102       1355.4217       753.23556       11.626546       7.6533028       6.2706701       4.9572977      
5.275           2209.6269       1859.7513       1382.8865       780.76959       10.505755       7.6558539       6.2888239       4.9758124      
5.2775          2235.3126       1886.95         1413.5089       811.85576       10.242338       7.6928922       6.2758388       4.9558373      
5.28            2261.5832       1914.1735       1442.1807       840.74613       9.4235611       7.7319049       6.2957976       4.9691121      
5.2822222       2285.4273       1939.4067       1470.4256       870.30651       8.1942164       7.7741932       6.2801584       4.9482863      
5.2844444       2308.5526       1963.425        1495.9488       896.25335       7.247219        7.844162        6.3139914       4.9642307      
5.2866667       2330.7302       1986.7392       1521.7908       923.45869       6.7742723       7.9275956       6.3328233       4.9690633      
5.2888889       2352.6302       2009.7458       1547.0005       949.83402       5.9581177       8.0148063       6.3600626       4.9844582      
5.2911111       2374.3577       2032.6254       1572.3693       976.78367       4.9778226       8.124265        6.3926587       5.0002601      
5.2933333       2396.2674       2055.7678       1598.1682       1004.8416       4.2703558       8.2185517       6.4243342       5.0160215      
5.2955556       2417.8029       2078.5529       1623.7047       1032.6335       3.2851112       8.2924419       6.446738        5.0264272      
5.2977778       2439.0739       2101.068        1648.9709       1060.3639       2.5182091       8.3746735       6.4712824       5.0380606      
5.3             2459.6452       2122.8127       1673.2429       1086.0366       1.7081542       8.4597044       6.4923598       5.0451361      
5.302           2478.2065       2142.6181       1695.8207       1111.9029       0.46374083      8.5488866       6.5088045       5.0478695      
5.304           2495.6796       2161.1327       1716.8085       1135.687        -0.23502369     8.6988738       6.5588667       5.0724845      
5.306           2512.2908       2178.8423       1737.104        1158.761        -1.9515587      8.8516695       6.6043859       5.0951407      
5.308           2528.8387       2196.4897       1757.357        1182.0218       -1.0613091      9.0205764       6.653667        5.123677       
5.31            2544.1928       2212.8995       1776.3454       1204.3672       -1.3016635      9.2115235       6.7196467       5.1633471      
5.312           2558.9578       2228.7186       1794.7592       1226.1463       -0.88528443     9.378834        6.7799988       5.2021237      
5.314           2573.2634       2244.0757       1812.7394       1247.7213       -0.27037755     9.5534219       6.8391987       5.2387267      
5.316           2587.1025       2258.9589       1830.2922       1269.0974       0.34196027      9.7405911       6.9005797       5.2763118      
5.318           2600.3157       2273.2116       1847.2083       1289.8001       0.36091572      9.9198844       6.9613319       5.3129213      
5.32            2613.1494       2287.0873       1863.7962       1310.4278       0.84131591      10.148541       7.0289869       5.3497718      
5.3218182       2624.8969       2299.9025       1879.2966       1330.1423       0.4251762       10.359291       7.0936763       5.3876468      
5.3236364       2635.6547       2311.5626       1893.3785       1348.0968       0.55950146      10.601412       7.1843379       5.4447267      
5.3254545       2645.699        2322.4993       1906.722        1364.958        1.2643433       10.844181       7.2609883       5.4889225      
5.3272727       2655.4179       2333.1113       1919.76         1381.777        2.5045308       11.098902       7.3434727       5.5401101      
5.3290909       2664.9005       2343.5004       1932.6464       1398.6204       3.2606474       11.342556       7.4245772       5.5901886      
5.3309091       2673.998        2353.504        1945.1377       1415.0479       3.4355121       11.627477       7.5074384       5.6359134      
5.3327273       2682.7543       2363.15         1957.256        1431.1278       3.1830773       11.96386        7.6134008       5.69529        
5.3345455       2691.1508       2372.4057       1968.9126       1446.5957       2.6316876       12.308288       7.7207381       5.7542324      
5.3363636       2699.1173       2381.2097       1980.075        1461.5323       1.4160055       12.613287       7.8245458       5.8124309      
5.3381818       2706.5696       2389.476        1990.6465       1475.8394       -0.13356647     12.89906        7.9391351       5.8788184      
5.34            2713.5432       2397.246        2000.7201       1489.4773       -2.2378012      13.216398       8.061065        5.9409166      
5.3418182       2719.9732       2404.4682       2010.188        1502.3844       -4.4577063      13.568396       8.2107907       6.0211828      
5.3436364       2725.8514       2411.1103       2019.0607       1514.659        -7.1635731      13.945649       8.3820419       6.1103412      
5.3454545       2731.3825       2417.4084       2027.5977       1526.6788       -9.1109551      14.469043       8.5757998       6.2053851      
5.3472727       2736.8484       2423.6136       2035.9899       1538.4335       -11.412947      15.018571       8.776134        6.3019602      
5.3490909       2741.9901       2429.4891       2044.0389       1549.8137       -13.874767      15.608414       8.983873        6.3974326      
5.3509091       2746.7963       2435.0152       2051.716        1560.7831       -16.163355      16.214928       9.2076878       6.5025175      
5.3527273       2751.3284       2440.2449       2059.0329       1571.237        -19.60852       16.790766       9.4583125       6.6207395      
5.3545455       2755.3581       2444.9876       2065.8701       1581.2501       -22.604667      17.19015        9.7398243       6.7577361      
5.3563636       2759.168        2449.4592       2072.3716       1590.7649       -25.744923      17.290504       10.036582       6.8891709      
5.3581818       2762.6501       2453.6311       2078.5144       1599.8227       -28.701854      17.681914       10.356598       7.0284817      
5.36            2765.769        2457.3222       2084.0956       1608.0239       -33.36241       18.179685       10.66343        7.1575024      
5.3618182       2768.6089       2460.7692       2089.4432       1616.1052       -37.230567      18.994656       10.990681       7.2814314      
5.3636364       2771.0486       2463.8433       2094.4309       1623.8717       -38.892585      19.983863       11.37337        7.4313311      
5.3654545       2773.5329       2466.8856       2099.2615       1631.2075       -40.998228      20.956052       11.793202       7.6025018      
5.3672727       2775.7039       2469.6328       2103.8058       1638.3062       -43.04112       22.357817       12.269387       7.7756657      
5.3690909       2777.7265       2472.2389       2108.2067       1645.306        -44.714248      24.056913       12.81169        7.9756829      
5.3709091       2779.4656       2474.544        2112.2645       1651.8315       -46.460507      25.78304        13.352406       8.1696771      
5.3727273       2780.9966       2476.6482       2116.133        1658.2659       -47.431802      27.651053       13.937611       8.3611915      
5.3745455       2782.4155       2478.612        2119.7904       1664.3338       -48.846938      29.518705       14.552183       8.5532569      
5.3763636       2783.4656       2480.1966       2123.0351       1669.961        -49.898919      31.57546        15.222945       8.7484604      
5.3781818       2784.2912       2481.5333       2125.9779       1675.1795       -51.396601      33.707832       16.006018       8.9553688      
5.38            2784.8064       2482.5528       2128.5712       1679.9964       -52.815926      36.351459       16.934755       9.1758229      
5.3818182       2785.0578       2483.301        2130.8561       1684.4521       -54.098245      39.600029       18.060572       9.4523668      
5.3836364       2785.2985       2484.0243       2133.0718       1688.7543       -55.617812      43.18006        19.408637       9.7407428      
5.3854545       2785.66         2484.8203       2135.2405       1692.8113       -57.55551       46.876585       20.839511       10.023091      
5.3872727       2785.6157       2485.2366       2137.09         1696.7308       -57.894012      51.192927       22.544589       10.359817      
5.3890909       2785.4445       2485.5168       2138.7764       1700.4518       -58.568606      55.466596       24.586296       10.688434      
5.3909091       2784.9066       2485.456        2140.1402       1703.8611       -59.1025        60.148888       26.922168       11.060817      
5.3927273       2784.6027       2485.5481       2141.5092       1707.1123       -59.936052      64.583072       29.488314       11.470526      
5.3945455       2783.9336       2485.3495       2142.7029       1710.33         -59.631893      70.498239       32.522942       11.972074      
5.3963636       2783.3388       2485.1868       2143.8698       1713.5076       -59.002439      77.473717       35.986455       12.499318      
5.3981818       2782.589        2484.8508       2144.8065       1716.422        -57.926608      84.140566       39.835386       13.074637      
5.4             2781.985        2484.6933       2145.9334       1719.4075       -56.680598      92.169486       44.292171       13.749931      
5.4015385       2781.6761       2484.8766       2147.4113       1723.6014       -54.048842      97.899683       48.292587       14.295771      
5.4030769       2781.359        2484.9649       2148.559        1726.3951       -54.3124        104.2819        52.51055        14.924402      
5.4046154       2780.538        2484.4527       2149.0281       1728.5166       -54.270021      110.68244       56.517794       15.543303      
5.4061538       2779.1501       2483.5392       2149.0327       1729.8904       -52.773659      116.94353       61.270852       16.204299      
5.4076923       2777.7965       2482.2914       2148.7735       1731.2624       -50.893483      123.50792       65.773153       16.876778      
5.4092308       2776.5877       2481.3337       2148.7045       1732.5904       -49.057316      130.81613       71.283832       17.662925      
5.4107692       2775.3508       2480.3579       2148.6719       1734.2172       -45.608702      138.28508       77.420998       18.540933      
5.4123077       2773.8045       2479.1271       2148.4179       1735.676        -42.279771      144.79641       84.22972        19.434386      
5.4138462       2772.5634       2478.2163       2148.4324       1737.4135       -38.043432      153.91002       92.038673       20.372473      
5.4153846       2770.9516       2476.9928       2148.1862       1738.9199       -33.858975      162.80828       100.15992       21.292638      
5.4169231       2769.6157       2475.9717       2148.0274       1740.4084       -29.828147      170.79987       108.54738       22.090125      
5.4184615       2768.0237       2474.6934       2147.6556       1741.7929       -24.958771      178.6373        117.76114       23.2231        
5.42            2766.5577       2473.5154       2147.3443       1743.262        -19.47887       187.41371       128.39459       24.584936      
5.4214286       2765.3213       2472.6718       2147.528        1745.7117       -13.214018      196.0946        139.14154       25.825411      
5.4228571       2763.9833       2471.6073       2147.2494       1747.1981       -7.6965154      205.60901       151.35116       27.16004       
5.4242857       2762.5085       2470.3964       2146.8401       1748.5234       -1.8117787      214.74134       164.16419       28.7308        
5.4257143       2760.7016       2468.86         2146.0717       1749.4311       4.3760776       223.7923        177.90212       30.770666      
5.4271429       2759.0531       2467.4631       2145.4199       1750.4651       11.093559       234.53264       192.74554       33.245658      
5.4285714       2757.3645       2466.0193       2144.6946       1751.4393       18.367733       243.826         210.28118       36.195311      
5.43            2755.2889       2464.1839       2143.5815       1752.0491       25.291068       253.18458       225.8467        39.782271      
5.4314286       2753.2188       2462.3663       2142.4686       1752.6571       32.489584       261.9329        240.84766       43.947581      
5.4328571       2751.2008       2460.5969       2141.4129       1753.3531       40.149667       271.35017       256.12082       48.816061      
5.4342857       2749.1427       2458.7744       2140.2866       1754.0266       48.529128       282.06119       274.998         54.10916       
5.4357143       2746.9931       2456.8607       2139.0375       1754.5349       56.729525       291.95316       289.10235       60.153157      
5.4371429       2745.071        2455.16         2137.9802       1755.2706       65.700567       302.98352       305.10735       66.552754      
5.4385714       2742.7021       2453.0419       2136.6054       1755.8429       75.06831        313.82232       322.99434       74.236421      
5.44            2740.4878       2451.0152       2135.1885       1756.2354       84.470989       324.96631       340.40077       81.812313      
5.4414286       2738.1416       2448.9019       2133.6885       1756.5253       93.417146       334.31528       354.79651       89.977865      
5.4428571       2735.783        2446.8077       2132.2023       1756.848        102.79501       344.49956       369.82381       97.573682      
5.4442857       2733.684        2444.9588       2131.0146       1757.6693       114.00683       357.92753       390.59775       107.70885      
5.4457143       2731.4486       2442.9333       2129.5729       1758.1304       124.95869       370.65693       410.76265       117.00142      
5.4471429       2728.9622       2440.6279       2127.801        1758.16         135.1196        381.87772       429.86173       123.89346      
5.4485714       2726.3006       2438.1399       2125.8001       1757.8949       144.95911       392.02545       450.06695       133.19265      
5.45            2723.6379       2435.6676       2123.8763       1757.8348       155.80909       404.98722       472.29929       146.18594      
5.4514286       2720.9508       2433.1441       2121.8306       1757.5422       166.06139       415.51232       490.37169       157.73258      
5.4528571       2718.0898       2430.4279       2119.5448       1756.9211       175.83077       425.37986       507.8134        170.43571      
5.4542857       2715.0468       2427.5364       2117.1076       1756.232        185.86479       435.56525       527.21718       188.89544      
5.4557143       2712.2527       2424.8924       2114.8701       1755.6784       196.76748       446.83072       547.07333       209.01404      
5.4571429       2709.302        2422.0791       2112.4666       1755.0499       208.07461       458.54099       568.84918       240.33129      
5.4585714       2706.3039       2419.2326       2110.0533       1754.4308       218.88653       469.82106       588.26693       258.28058      
5.46            2703.593        2416.6598       2107.8425       1753.8556       229.39429       480.01154       604.90833       269.54811      
5.4614286       2700.3582       2413.5449       2105.0641       1752.7748       239.91451       490.57238       622.24045       286.29458      
5.4628571       2697.0058       2410.2896       2102.0672       1751.2427       249.3574        499.14108       635.73256       309.75449      
5.4642857       2693.5871       2406.947        2098.9673       1749.6134       258.75927       507.05605       646.6502        320.56471      
5.4657143       2690.2118       2403.6747       2095.9829       1748.2279       269.16717       517.26331       663.33946       368.25619      
5.4671429       2686.917        2400.462        2093.0029       1746.7896       279.67572       527.70539       679.61071       409.47145      
5.4685714       2683.4853       2397.1058       2089.8778       1745.1985       289.89717       537.08236       692.82924       447.14064      
5.47            2679.8083       2393.472        2086.3718       1743.0128       299.14842       545.3981        704.68523       487.52709      
5.4714286       2675.9559       2389.6666       2082.6809       1740.5741       307.55541       551.94123       712.44221       526.05991      
5.4728571       2672.0704       2385.8212       2078.94         1738.0692       315.99089       558.59871       720.04887       570.86926      
5.4742857       2668.1077       2381.8341       2074.9744       1735.2063       323.74199       565.22709       727.4167        608.45308      
5.4757143       2664.2161       2377.9718       2071.181        1732.6101       332.13551       571.45491       734.1113        645.05075      
5.4771429       2660.3022       2374.1049       2067.3501       1729.9344       340.57503       578.16122       742.11843       678.60404      
5.4785714       2656.3552       2370.0603       2063.2893       1726.9371       348.63479       584.29839       748.62467       700.14323      
5.48            2652.3307       2366.0085       2059.2721       1724.0939       357.04665       590.72068       755.25477       717.87702      
5.4814286       2648.6474       2362.3425       2055.6346       1721.6784       365.94657       597.33026       761.57167       720.45349      
5.4829762       2643.5052       2357.1219       2050.2124       1716.7776       373.21992       602.01404       763.71672       726.07361      
5.4845238       2638.6815       2352.2488       2045.1927       1712.6178       380.53033       605.81815       765.0176        730.28383      
5.4860714       2634.0294       2347.5816       2040.436        1708.852        388.23368       609.59003       765.09444       731.82284      
5.487619        2629.2966       2342.7758       2035.4703       1704.6972       394.60939       611.44399       761.9533        724.00976      
5.4891667       2624.3439       2337.7266       2030.1056       1699.879        399.86604       612.69301       758.16406       712.64452      
5.4907143       2619.7735       2333.1583       2025.2089       1695.6934       406.32279       616.47205       757.82319       708.34722      
5.4922619       2614.9055       2328.1331       2020.1516       1691.5385       413.163         621.0819        759.40433       710.47225      
5.4938095       2610.1215       2323.2469       2015.0902       1687.3373       420.10802       625.46852       761.48102       712.04524      
5.4953571       2605.4045       2318.4092       2009.9933       1682.9708       426.65869       629.52452       763.0929        712.46176      
5.4969048       2600.5979       2313.5547       2004.8969       1678.6886       433.27213       633.45534       764.51261       711.29538      
5.4984524       2595.8359       2308.7958       1999.8268       1674.4242       439.89512       637.33504       765.67563       708.53789      
5.5             2590.9663       2303.7002       1994.6053       1669.9064       445.89718       640.35521       765.82334       703.41059      
5.5016667       2584.8378       2297.3535       1987.9271       1663.5082       451.1477        643.34169       765.4936        696.54802      
5.5033333       2579.7561       2292.0998       1982.3991       1658.7471       458.11222       647.06154       766.94952       693.71983      
5.505           2574.6143       2286.8619       1976.9397       1654.0369       464.74242       650.77589       769.14359       693.30463      
5.5066667       2569.4955       2281.6066       1971.3349       1649.1876       471.55154       655.10767       772.44805       696.13662      
5.5083333       2564.364        2276.3861       1965.8058       1644.4377       478.28777       659.47987       775.62761       697.94305      
5.51            2558.9705       2270.8219       1959.8517       1639.0446       483.94549       662.87348       777.34229       695.75676      
5.5116667       2553.5939       2265.2937       1953.9937       1633.8078       489.87896       667.33845       781.11198       699.25719      
5.5133333       2548.5852       2260.1425       1948.573        1629.1381       496.61966       675.38747       786.93517       706.66402      
5.515           2543.5897       2254.9635       1943.1609       1624.4227       503.34982       681.8506        792.85562       714.61126      
5.5166667       2538.5233       2249.7288       1937.6156       1619.5543       509.75999       687.1988        798.0526        721.13799      
5.5183333       2533.488        2244.5659       1932.1621       1614.7345       516.08999       692.67529       803.32086       726.85328      
5.52            2528.3052       2239.195        1926.3952       1609.6015       522.20443       698.53856       809.15975       734.89457      
5.5218182       2522.001        2232.6913       1919.4637       1603.0545       528.26641       705.17271       815.55762       742.86553      
5.5236364       2517.1331       2227.6244       1913.9087       1597.9875       535.2422        711.55966       822.7227        752.96257      
5.5254545       2510.5824       2220.8735       1906.8725       1591.8851       541.5205        717.20986       829.77777       764.08941      
5.5272727       2506.1813       2216.3394       1901.8855       1587.2576       548.51706       723.6081        836.77235       773.77991      
5.5290909       2499.6318       2209.527        1894.7107       1580.8388       554.04483       728.33953       842.14026       781.55637      
5.5309091       2494.9963       2204.7569       1889.624        1576.0036       560.58301       734.05247       847.8562        788.3346       
5.5327273       2488.6356       2198.0797       1882.5092       1569.6061       565.91297       738.47886       852.40175       794.50632      
5.5345455       2483.7967       2193.1496       1877.2058       1564.5321       571.7639        743.31689       856.49333       797.77988      
5.5363636       2477.5345       2186.5437       1870.1353       1558.0225       576.5271        747.03543       860.27672       801.93732      
5.5381818       2472.0434       2180.8817       1864.1672       1552.3932       581.70841       749.59506       864.04451       805.67581      
5.54            2466.7299       2175.3249       1857.9507       1546.6257       586.82429       752.01073       867.46058       808.4946       
5.542           2459.7956       2168.1173       1850.2609       1538.9865       591.48918       757.09923       872.46378       814.74615      
5.544           2454.2401       2162.2302       1843.7377       1532.9014       597.43752       762.82346       878.79368       823.33464      
5.546           2447.7875       2155.5769       1836.7709       1526.3328       602.28934       767.24666       883.88144       829.2504       
5.548           2442.284        2149.7449       1830.2645       1520.1266       607.84764       772.08646       888.90377       835.76394      
5.55            2435.7798       2143.0143       1823.3509       1513.3722       612.12105       775.57568       893.23643       840.2047       
5.552           2430.0055       2136.9243       1816.4505       1506.8498       616.64875       778.9964        895.68194       842.56915      
5.554           2423.7089       2130.3249       1809.2858       1499.9465       620.3344        781.57837       895.95856       842.84972      
5.556           2417.5639       2123.865        1802.2198       1493.0275       623.97341       784.17327       896.35365       844.02706      
5.558           2411.4098       2117.3795       1795.1226       1486.0005       627.33529       786.63406       897.34154       846.36336      
5.56            2405.3201       2110.9868       1788.1419       1479.151        630.81492       788.81038       897.66646       848.79649      
5.562           2399.3503       2104.7327       1781.3305       1472.5042       634.27423       791.60573       899.78886       853.24887      
5.564           2393.7263       2098.7723       1774.694        1465.9722       637.73076       794.57572       903.73791       858.0873       
5.566           2387.6464       2092.4136       1767.8416       1459.1855       640.76134       797.20056       908.62172       862.9037       
5.568           2381.9224       2086.407        1761.3591       1452.5633       643.98203       799.93133       913.59294       868.0443       
5.57            2375.8026       2079.9679       1754.421        1445.5897       646.37771       801.59946       916.91616       870.64781      
5.572           2370.3872       2074.1738       1747.9066       1438.9822       649.22745       803.59744       921.26894       874.58623      
5.574           2364.3666       2067.8609       1741.0722       1432.1199       651.40753       805.08145       923.7523        878.04629      
5.576           2358.6416       2061.8123       1734.4136       1425.3113       653.30823       805.90589       923.7966        879.11629      
5.578           2352.8662       2055.7098       1727.7032       1418.4055       654.82852       806.23994       923.81031       879.88376      
5.58            2347.0695       2049.5752       1720.9614       1411.4958       656.29959       806.6088        923.86256       881.07468      
5.582           2341.3344       2043.5053       1714.298        1404.6486       657.63211       806.85504       923.58301       881.96738      
5.584           2335.7276       2037.5748       1707.785        1397.8909       658.8485        806.93564       923.24948       883.13864      
5.586           2330.1966       2031.7085       1701.3399       1391.2291       659.96425       806.75267       922.45156       884.10028      
5.588           2324.6255       2025.8036       1694.7825       1384.5498       660.79744       806.21714       921.35878       884.90315      
5.59            2319.0583       2019.893        1688.2418       1377.7426       661.46279       805.62238       920.42358       885.8386       
5.592           2313.4783       2013.9443       1681.6465       1370.7781       661.92363       804.89585       919.5134        886.56546      
5.594           2307.9281       2008.0383       1675.1002       1363.8537       662.31894       804.05131       918.59102       887.28625      
5.596           2302.5202       2002.2737       1668.7392       1357.2194       662.82161       803.10595       917.20971       887.30752      
5.598           2296.9662       1996.3698       1662.1293       1349.9676       662.31159       801.60574       914.91577       886.63212      
5.6             2291.5016       1990.5518       1655.6065       1342.8954       661.96757       800.13025       912.54918       885.54623      
5.6022222       2285.1578       1983.8307       1648.2582       1334.8641       662.13467       798.84335       909.84677       883.31374      
5.6044444       2279.5986       1977.9094       1641.7095       1328.0643       662.40228       797.65838       907.28035       882.09099      
5.6066667       2273.964        1971.9419       1635.1394       1321.2273       662.47157       796.09741       904.39357       880.45618      
5.6088889       2268.4908       1966.1129       1628.661        1314.4338       662.67297       794.66089       902.07619       879.25567      
5.6111111       2262.9831       1960.2402       1622.163        1307.5828       662.79478       793.12962       899.14377       877.8491       
5.6133333       2257.5145       1954.4268       1615.8564       1300.5608       662.83166       791.57725       895.75637       876.19735      
5.6155556       2252.1145       1948.6786       1609.5079       1293.763        662.85853       790.10944       892.46064       874.71761      
5.6177778       2246.7581       1942.9666       1603.1722       1287.0525       662.78606       788.50941       888.82387       872.18277      
5.62            2241.4228       1937.2858       1596.8633       1280.3947       662.67905       786.96479       885.28403       869.88745      
5.6222222       2236.199        1931.7133       1590.6834       1273.8382       662.57763       785.45479       883.57391       867.5709       
5.6244444       2231.0109       1926.1848       1584.588        1267.3127       662.47219       783.98419       882.5518        864.38873      
5.6266667       2225.8631       1920.6832       1578.4672       1260.7018       661.95432       782.56455       878.78581       860.97391      
5.6288889       2220.8062       1915.301        1572.4507       1254.2782       661.70612       781.1737        874.75934       857.33744      
5.6311111       2215.8376       1909.9969       1566.579        1247.9867       661.51624       779.55847       870.84769       854.54563      
5.6333333       2210.9102       1904.7391       1560.7459       1241.716        661.26461       777.5529        867.0883        852.27939      
5.6355556       2206.0236       1899.5277       1554.9552       1235.4675       660.93431       775.3175        860.27266       849.86357      
5.6377778       2201.4584       1894.6161       1549.4384       1229.4129       660.61511       773.12798       854.93685       847.22351      
5.64            2196.3751       1889.2265       1543.5167       1223.063        660.02627       770.70106       851.31274       843.51639      
5.6422222       2191.7064       1884.2365       1537.9573       1216.9603       659.57817       768.41713       847.86007       839.53778      
5.6444444       2187.0462       1879.2548       1532.4261       1210.8093       659.06267       765.11457       844.18806       835.2139       
5.6466667       2182.6855       1874.5462       1527.0859       1205.0029       658.55152       763.29527       840.3223        830.66033      
5.6488889       2177.8369       1869.3949       1521.3635       1199.0952       657.9297        761.66374       836.23607       825.93942      
5.6511111       2173.4272       1864.6636       1516.0574       1193.2552       657.31159       760.52306       832.50691       821.18576      
5.6533333       2168.9913       1859.9123       1510.7672       1187.3966       656.66723       759.59228       828.63605       816.28156      
5.6555556       2164.6984       1855.3054       1505.6088       1181.6611       656.00962       758.68042       824.71384       811.43586      
5.6577778       2160.4          1850.7153       1500.42         1175.9299       655.27128       757.60557       820.56111       806.45926      
5.66            2156.0245       1846.0567       1495.2529       1170.2357       654.51436       756.46386       816.39048       801.39913      
5.6622222       2152.0009       1841.6639       1490.2545       1164.6639       653.74408       756.07494       812.02117       796.10927      
5.6644444       2147.6069       1837.0357       1485.1606       1159.045        652.61311       754.17052       808.04905       790.8373       
5.6666667       2143.7482       1832.8181       1480.3049       1153.5865       651.64264       752.00562       803.53724       785.15665      
5.6688889       2139.4289       1828.2603       1475.3296       1148.0109       650.66526       749.89014       799.32833       779.59676      
5.6711111       2135.7041       1824.1881       1470.6504       1142.7212       649.6211        747.80126       794.91426       773.9985       
5.6733333       2131.7416       1819.939        1465.8536       1137.3743       648.46886       745.64752       790.60868       768.01792      
5.6755556       2127.8617       1815.7597       1461.1138       1131.9973       647.18397       743.45028       786.30802       761.96635      
5.6777778       2124.0441       1811.6425       1456.4857       1126.7035       645.87874       741.2768        782.02403       755.83649      
5.68            2120.3231       1807.6394       1451.9534       1121.6442       644.7534        739.02581       777.67058       749.92506      
5.6825          2115.7799       1802.7638       1446.4577       1115.2054       643.48293       736.37064       772.53443       743.03559      
5.685           2111.7846       1798.505        1441.6232       1109.7555       641.67132       733.69742       767.6953        735.64725      
5.6875          2107.8872       1794.2969       1436.8344       1104.4146       639.66292       730.92513       762.76832       728.48778      
5.69            2104.1119       1790.2049       1432.1538       1099.2428       637.91108       728.23663       758.07998       722.4602       
5.6925          2100.3459       1786.1169       1427.4915       1094.282        636.08136       725.52099       753.46565       718.89956      
5.695           2096.6356       1782.1088       1423.001        1088.2859       634.04118       722.67447       748.88977       711.92487      
5.6975          2092.8785       1778.0671       1418.427        1082.3323       631.8089        719.66473       744.3382        704.77576      
5.7             2089.1371       1774.0308       1413.8446       1076.5052       629.50766       716.59973       739.82253       696.73377      
5.7025          2085.5273       1770.1332       1409.3964       1071.2365       627.2551        713.54396       735.43726       686.54248      
5.705           2082.1195       1766.4288       1405.1409       1066.2164       625.03267       710.48405       731.23932       680.39564      
5.7075          2078.7763       1762.8284       1401.0221       1061.3154       622.90419       707.43579       727.15628       674.65533      
5.71            2075.54         1759.3256       1397.0125       1056.5276       620.71197       704.31944       723.12805       668.91981      
5.7125          2072.3789       1755.9041       1393.1016       1051.8377       618.4432        701.0142        719.03586       662.95907      
5.715           2069.3039       1752.5682       1389.2828       1047.2085       616.08579       697.54312       714.9072        657.58071      
5.7175          2066.2523       1749.2544       1385.4819       1042.735        613.75051       694.09912       711.02425       652.32049      
5.72            2063.1395       1745.9365       1381.7631       1038.3006       611.4761        690.77312       707.39221       647.25121      
5.7225          2060.3942       1742.9092       1378.2396       1034.0352       609.21245       687.44208       703.80213       641.88591      
5.725           2057.3984       1739.713        1374.6554       1029.8018       607.12302       684.32859       700.2033        636.88057      
5.7275          2054.8209       1736.8659       1371.3314       1025.7923       605.0635        681.23674       695.79498       632.21805      
5.73            2051.9844       1733.8372       1367.9281       1021.7851       603.13006       678.30458       691.45193       628.07698      
5.7325          2049.5311       1731.138        1364.8151       1017.9013       601.15673       675.33174       687.14923       624.57042      
5.735           2046.7995       1728.2223       1361.5652       1014.0338       599.28871       672.4642        682.40574       620.73611      
5.7375          2044.4092       1725.5849       1358.4897       1010.3651       597.37445       669.52231       679.65019       616.39877      
5.74            2041.7845       1722.7871       1355.366        1006.7251       595.55897       666.6711        677.84167       611.52531      
5.7425          2039.5173       1720.278        1352.4425       1003.2243       593.69151       663.69235       675.95511       607.38077      
5.745           2037.0784       1717.6591       1349.4876       999.72889       591.84339       660.75714       673.90323       603.14408      
5.7475          2034.7861       1715.1579       1346.6235       996.33052       589.96714       657.75311       672.20001       598.89925      
5.75            2032.5248       1712.7082       1343.8354       993.02216       588.12395       654.74301       668.75545       594.75729      
5.7525          2030.2571       1710.2538       1341.0472       989.74424       586.19284       651.70493       665.34408       590.84107      
5.755           2028.1841       1707.9806       1338.4193       986.60944       584.30435       648.6682        661.92088       586.96262      
5.7575          2026.0741       1705.6972       1335.8164       983.4508        582.38441       645.58209       658.51256       583.19717      
5.76            2024.0079       1703.4456       1333.246        980.37669       580.52282       642.46714       655.0328        579.52712      
5.7625          2021.9786       1701.2344       1330.7192       977.37252       578.63807       639.31809       651.53415       575.9641       
5.765           2020.0283       1699.1092       1328.2563       974.44368       576.73835       636.1324        648.03971       572.34042      
5.7675          2018.1344       1697.0341       1325.8643       971.58304       574.81906       632.91221       644.53928       568.83964      
5.77            2016.2167       1694.9526       1323.4994       968.78286       572.90582       629.65062       640.93495       565.19432      
5.7725          2014.4021       1692.966        1321.2148       966.06644       570.97345       626.33612       637.21038       561.58068      
5.775           2012.6054       1691.0049       1318.9631       963.41          569.0318        622.99245       633.43969       557.95301      
5.7775          2010.8716       1689.1161       1316.7948       960.88236       567.10087       619.63139       629.62265       554.32354      
5.78            2009.1468       1687.2391       1314.6459       958.44594       565.15379       616.254         625.76926       550.80461      
5.7825          2007.4934       1685.435        1312.5897       956.05194       563.19511       612.85887       621.86211       547.35289      
5.785           2005.8769       1683.6673       1310.5595       953.59782       561.24145       609.434         617.8566        543.95232      
5.7875          2004.2966       1681.9457       1308.5706       950.6596        559.29883       605.98306       613.77137       540.49128      
5.79            2002.7657       1680.2662       1306.6269       948.20852       557.33528       602.4852        609.59257       537.00523      
5.7925          2001.2521       1678.6144       1304.7209       945.82871       555.34639       598.9441        605.32583       533.6357       
5.795           1999.7943       1677.0271       1302.8911       943.38595       553.3622        595.38155       600.97113       530.28718      
5.7975          1998.4006       1675.4944       1301.1182       940.74338       551.38563       591.80771       596.51836       526.88487      
5.8             1997.0414       1673.9976       1299.3831       938.7042        549.39863       588.24274       592.02751       523.1721       
5.8028571       1995.378        1672.1681       1297.3143       935.89043       547.36328       584.26195       586.76342       518.08243      
5.8057143       1993.9839       1670.5997       1295.4552       933.26546       544.97762       580.15194       581.57113       513.19985      
5.8085714       1992.4588       1668.9529       1293.5901       930.85058       542.58297       576.05895       576.34628       507.77977      
5.8114286       1991.1433       1667.496        1291.9139       928.69138       540.35233       572.07926       571.1443        504.51141      
5.8135714       1990.3053       1666.6041       1290.8309       927.74284       538.1914        569.10356       567.65714       503.90263      
5.8157143       1989.415        1665.6449       1289.8047       926.82515       536.97013       566.37755       563.77041       501.18398      
5.8178571       1988.7026       1664.8117       1288.7847       925.55932       535.79254       563.61664       559.67626       498.04975      
5.82            1987.6924       1663.6976       1287.5121       923.9011        534.3527        560.77424       555.60031       494.70008      
5.8222222       1986.6922       1662.596        1286.2513       922.18041       532.90679       557.8789        551.39664       491.03838      
5.8241975       1985.9426       1661.7811       1285.2863       921.09544       531.23063       555.34287       548.06615       488.56869      
5.8261728       1985.1026       1660.8511       1284.256        919.93264       529.91869       552.8536        544.48069       485.44766      
5.8281481       1984.4579       1660.1179       1283.3892       918.79897       528.68274       550.41428       540.91326       482.34532      
5.8301235       1983.6373       1659.2173       1282.3662       917.48479       527.37676       547.9491        537.26896       479.13103      
5.8320988       1982.8726       1658.3779       1281.4218       916.24487       526.07736       545.53508       533.66554       475.99289      
5.8340741       1982.2221       1657.6402       1280.5487       915.05549       524.74507       543.0941        530.04911       472.83601      
5.8360494       1981.4403       1656.7914       1279.6058       913.85209       523.42239       540.73433       526.5881        469.78842      
5.8380247       1980.8337       1656.1133       1278.804        912.74776       522.13539       538.4418        523.22703       466.7562       
5.84            1980.1236       1655.3345       1277.9292       911.61543       520.84117       536.19062       519.94183       463.75529      
5.8422222       1979.3633       1654.4731       1276.9645       910.09378       519.64744       533.67167       516.0929        459.91932      
5.8444444       1978.6967       1653.7122       1276.0557       908.72434       518.10037       531.12156       512.51446       456.55626      
5.8466667       1977.9978       1652.9375       1275.1757       907.52214       516.75395       528.9036        509.2151        453.39282      
5.8488889       1977.2491       1652.1251       1274.2766       906.36581       515.32834       526.4431        505.73009       450.12506      
5.8511111       1976.5279       1651.3357       1273.3964       905.23436       513.79581       523.91991       502.24365       446.85933      
5.8533333       1976.1838       1650.9014       1272.8171       904.33285       512.4853        521.65618       498.90124       443.59863      
5.8555556       1975.2871       1649.967        1271.8601       903.21206       511.08326       519.36519       495.5709        440.31524      
5.8577778       1974.9154       1649.4994       1271.253        902.29558       509.72573       517.12615       492.29994       437.05115      
5.86            1974.3669       1648.8797       1270.5481       901.35036       508.38397       514.95391       489.1019        433.82126      
5.862           1973.7898       1648.28         1269.892        900.74783       507.08371       513.26224       486.56471       431.37434      
5.864           1973.4117       1647.8581       1269.4117       900.18386       506.00958       511.36549       483.70873       428.4695       
5.866           1972.9136       1647.3097       1268.8199       899.47151       504.90906       509.49909       480.87573       425.46429      
5.868           1972.5596       1646.8734       1268.2897       898.71429       503.75322       507.63001       478.06726       422.47579      
5.87            1972.0697       1646.3406       1267.7074       897.94181       502.61686       505.85353       475.35046       419.52894      
5.872           1971.5822       1645.8356       1267.1617       897.21907       501.47032       504.08691       472.68059       416.65151      
5.874           1971.1927       1645.3909       1266.6312       896.47463       500.26452       502.2946        470.02551       413.79515      
5.876           1970.791        1644.9299       1266.109        895.76616       499.11042       500.56726       467.41322       410.97207      
5.878           1970.3854       1644.4815       1265.6325       895.13592       498.03229       498.92373       464.87824       408.21587      
5.88            1970.0198       1644.0682       1265.1634       894.48794       496.8951        497.2423        462.35687       405.47973      
5.8822222       1969.5897       1643.5654       1264.6084       893.50312       495.75146       495.21696       459.34276       402.06163      
5.8844444       1969.2435       1643.1631       1264.1434       892.73563       494.52184       493.50906       456.68123       399.12861      
5.8866667       1968.7004       1642.5768       1263.523        891.92194       493.1692        491.69908       454.03567       396.25261      
5.8888889       1968.4193       1642.2452       1263.1457       891.37866       491.97911       489.98609       451.42804       393.422        
5.8911111       1968.0688       1641.8523       1262.7243       890.81618       490.7452        488.2294        448.85386       390.64747      
5.8933333       1967.7368       1641.4821       1262.3246       890.27846       489.54356       486.50069       446.31483       387.91448      
5.8955556       1967.4425       1641.1441       1261.9564       889.77064       488.33596       484.77208       443.82347       385.24475      
5.8977778       1967.1076       1640.7724       1261.5658       889.26009       487.13656       483.07461       441.38924       382.6058       
5.9             1966.8928       1640.4982       1261.2468       888.8061        485.92826       481.33643       438.96257       379.96965      
5.9025          1966.5601       1640.1178       1260.8639       888.05771       484.77934       479.33046       436.09267       376.64507      
5.9054167       1966.1617       1639.6372       1260.3333       886.95364       483.30647       476.98992       432.78755       372.83624      
5.9083333       1965.8272       1639.2527       1259.9008       886.16858       481.68034       474.98518       429.93117       369.71776      
5.91125         1965.4432       1638.8253       1259.4577       885.58814       480.07846       472.91683       427.08091       366.64894      
5.9141667       1965.209        1638.5624       1259.2178       885.30318       478.71501       471.00529       424.32238       363.70684      
5.9170833       1965.0544       1638.3592       1259.0014       885.00755       477.30728       469.00552       421.56928       360.7501       
5.92            1964.8497       1638.1215       1258.7757       884.72634       475.97703       467.10549       418.95276       357.91971      
5.9228571       1964.6872       1637.9315       1258.5901       884.52119       474.64526       465.276         416.517         355.29535      
5.9257143       1964.5108       1637.7116       1258.3818       884.31312       473.34591       463.43228       414.12137       352.75496      
5.9285714       1964.3932       1637.5501       1258.2298       884.13613       472.07002       461.62335       411.81329       350.28535      
5.9314286       1964.2577       1637.3777       1258.0724       883.9674        470.80642       459.85188       409.589         347.93184      
5.9342857       1964.1453       1637.2323       1257.9461       883.86096       469.5559        458.10232       407.42796       345.66224      
5.9371429       1964.0469       1637.0972       1257.8226       883.53267       468.33529       456.37512       405.3094        343.48062      
5.94            1963.9905       1637.002        1257.7391       883.34888       467.12777       454.66139       403.23067       341.37068      
5.9428571       1963.8766       1636.8607       1257.6293       883.19377       465.93617       452.97885       401.2125        339.34569      
5.9457143       1963.8381       1636.7927       1257.5906       883.10027       464.76225       451.30257       399.23157       337.38105      
5.9485714       1963.7497       1636.6754       1257.5087       882.99042       463.60774       449.66551       397.31277       335.48319      
5.9514286       1963.772        1636.6683       1257.5297       882.87884       462.48224       448.04627       395.43376       333.65141      
5.9542857       1963.7153       1636.5801       1257.4645       882.5069        461.36942       446.45512       393.60678       331.8728       
5.9571429       1963.7009       1636.5401       1257.4659       882.4811        460.26607       444.89298       391.82624       330.14443      
5.96            1963.6915       1636.5062       1257.4824       882.52034       459.18717       443.34696       390.07462       328.4306       
5.9628571       1963.7314       1636.5188       1257.5467       882.59296       458.24129       441.8296        388.35315       326.75747      
5.9657143       1963.7107       1636.4811       1257.566        882.62457       457.25049       440.32525       386.66436       325.11668      
5.9685714       1963.7718       1636.5144       1257.6474       882.71565       456.29592       438.84969       385.01866       323.50361      
5.9714286       1963.8025       1636.5242       1257.7083       882.80455       455.39393       437.39854       383.41777       321.9143       
5.9742857       1963.8123       1636.517        1257.763        882.89238       454.46597       436.00457       381.87664       320.35292      
5.9771429       1963.9475       1636.6317       1257.9266       883.02836       453.53558       434.59448       380.34355       318.77713      
5.98            1963.9492       1636.6252       1257.9925       883.14422       452.69238       433.27794       378.88913       317.25346      
5.9828571       1964.0113       1636.6787       1258.1135       883.27879       451.85421       431.96701       377.44983       315.72479      
5.9857143       1964.0547       1636.7068       1258.2119       883.41323       451.07064       430.71877       376.05066       314.18534      
5.9885714       1964.2181       1636.8512       1258.4116       883.6371        450.30019       429.46717       374.67817       312.72004      
5.9914286       1964.2489       1636.8642       1258.4945       883.7948        449.56299       428.26875       373.29642       311.1281       
5.9942857       1964.4317       1637.0262       1258.7218       884.06276       448.87774       427.09059       371.98318       309.71812      
5.9971429       1964.4044       1636.9876       1258.7476       884.17293       448.15456       425.94247       370.67514       308.21884      
6               1964.5972       1637.1713       1259.0005       884.46939       447.52649       424.83691       369.40793       306.84652      
6.0028571       1964.645        1637.2036       1259.0972       884.6458        446.87428       423.75373       368.14379       305.41773      
6.0057143       1964.761        1637.3077       1259.2711       884.8884        446.26964       422.70689       366.90108       304.05136      
6.0085714       1964.8393       1637.3806       1259.4155       885.10871       445.68078       421.69412       365.67397       302.70314      
6.0114286       1964.9202       1637.4474       1259.5532       885.32868       445.11327       420.70727       364.45571       301.39407      
6.0142857       1965.0442       1637.5511       1259.7222       885.57672       444.5824        419.75412       363.24754       300.12253      
6.0171429       1965.169        1637.6608       1259.8993       885.83586       444.07973       418.83507       362.05101       298.89609      
6.02            1965.2466       1637.7273       1260.0431       886.07529       443.59373       417.94793       360.86602       297.72707      
6.0225          1965.3051       1637.7921       1260.1678       886.4854        442.98953       417.33618       360.06548       297.14005      
6.025           1965.4022       1637.8955       1260.3732       886.91097       442.7758        416.58191       358.97192       296.16809      
6.0275          1965.6136       1638.0875       1260.6128       887.24424       442.47753       415.83826       357.90177       295.18744      
6.03            1965.7173       1638.1692       1260.7371       887.45349       442.13567       415.13687       356.86603       294.26556      
6.0325          1965.7598       1638.1992       1260.8286       887.635         441.7857        414.46547       355.84551       293.40225      
6.035           1965.8382       1638.2629       1260.9481       887.83079       441.45423       413.82872       354.84995       292.59126      
6.0375          1965.9121       1638.323        1261.0657       888.0256        441.13771       413.21357       353.86893       291.82898      
6.04            1965.9935       1638.3906       1261.1897       888.22515       440.83853       412.62533       352.90492       291.11264      
6.0428571       1966.2139       1638.57         1261.4097       888.27789       440.72906       411.87793       351.62535       289.9714       
6.0457143       1966.2465       1638.5816       1261.4679       888.32636       440.29147       411.32502       350.61125       289.27109      
6.0485714       1966.1595       1638.4838       1261.4458       888.39366       439.90831       410.76855       349.5864        288.64967      
6.0514286       1966.1894       1638.51         1261.5587       888.6095        439.65398       410.24331       348.56082       288.06739      
6.0542857       1966.3037       1638.606        1261.7091       888.83396       439.38702       409.70044       347.53705       287.50492      
6.0571429       1966.3653       1638.6586       1261.832        889.05684       439.17133       409.21517       346.53767       286.96938      
6.06            1966.417        1638.698        1261.9339       889.25547       438.95202       408.74495       345.56612       286.4687       
6.0628571       1966.4673       1638.7373       1262.0354       889.45324       438.74854       408.30363       344.62607       285.99153      
6.0657143       1966.5579       1638.8098       1262.1619       889.66727       438.56146       407.88564       343.71973       285.53555      
6.0685714       1966.6775       1638.9038       1262.3059       889.89303       438.38809       407.49291       342.85125       285.10146      
6.0714286       1966.7965       1639.0012       1262.4534       890.12262       438.23322       407.12419       342.02105       284.68326      
6.0742857       1966.8777       1639.067        1262.5759       890.3318        438.08304       406.77126       341.23036       284.28324      
6.0771429       1966.8865       1639.0582       1262.619        890.46923       437.91474       406.43873       340.4875        283.8938       
6.08            1966.8241       1638.9859       1262.6202       890.59241       437.77193       406.11651       339.7918        283.5266       
6.0828571       1966.788        1638.9314       1262.6215       890.68944       437.6119        405.81977       339.14522       283.15744      
6.0857143       1966.7622       1638.8896       1262.6362       890.79525       437.46722       405.53516       338.54282       282.80269      
6.0885714       1966.7418       1638.8501       1262.647        890.89178       437.32802       405.27007       337.98778       282.46742      
6.0914286       1966.7311       1638.8206       1262.668        890.99211       437.19851       405.01817       337.47461       282.13197      
6.0942857       1966.7068       1638.7754       1262.6697       891.07717       437.07187       404.77646       337.00132       281.78977      
6.0971429       1966.6302       1638.6822       1262.6319       891.13349       436.94493       404.54412       336.56952       281.45695      
6.1             1966.6124       1638.6444       1262.6413       891.21425       436.82887       404.3276        336.18015       281.1405       
6.1028571       1966.5745       1638.585        1262.6261       891.27855       436.71659       404.1235        335.8276        280.80478      
6.1057143       1966.4768       1638.468        1262.5589       891.2972        436.5959        403.93102       335.51404       280.47475      
6.1085714       1966.3891       1638.3608       1262.4981       891.31704       436.47905       403.75106       335.23847       280.15979      
6.1114286       1966.2953       1638.2456       1262.4249       891.31891       436.35851       403.5818        334.99776       279.85796      
6.1142857       1966.2116       1638.1365       1262.3494       891.31047       436.23363       403.41915       334.79256       279.55916      
6.1171429       1966.0299       1637.9419       1262.2032       891.25434       436.10352       403.26211       334.60598       279.25904      
6.12            1965.905        1637.7942       1262.0904       891.21146       435.97238       403.1181        334.46376       278.97275      
6.1228571       1965.7754       1637.6435       1261.9764       891.16774       435.84705       402.97823       334.34053       278.70341      
6.1257143       1965.6468       1637.4916       1261.8569       891.11751       435.71636       402.84359       334.24778       278.46086      
6.1285714       1965.459        1637.2875       1261.6965       891.0312        435.58144       402.71657       334.16416       278.26137      
6.1314286       1965.2661       1637.0693       1261.5085       890.91299       435.42466       402.5914        334.11458       278.08759      
6.1342857       1965.0898       1636.8711       1261.3406       890.80004       435.27815       402.4796        334.06064       277.95189      
6.1371429       1964.8962       1636.6505       1261.1444       890.65964       435.13396       402.37389       334.0376        277.85489      
6.14            1964.6755       1636.4077       1260.9318       890.50704       434.98034       402.27903       334.02223       277.80769      
6.1428571       1964.4495       1636.1577       1260.7088       890.34353       434.82301       402.19195       334.02857       277.83445      
6.1457143       1964.2385       1635.9201       1260.4903       890.17794       434.66363       402.10485       334.04021       277.91395      
6.1485714       1963.9715       1635.6285       1260.2249       889.97564       434.49295       402.01759       334.05666       278.02821      
6.1514286       1963.6957       1635.3273       1259.9483       889.75669       434.3155        401.93124       334.07379       278.19292      
6.1542857       1963.4018       1635.007        1259.6502       889.5174        434.12767       401.84311       334.09094       278.41098      
6.1571429       1963.1021       1634.6819       1259.3446       889.259         433.93414       401.7575        334.10217       278.6872       
6.16            1962.795        1634.3492       1259.0296       888.994         433.7339        401.6717        334.1156        279.03841      
6.1628571       1962.4723       1634.0017       1258.7035       888.71786       433.53103       401.58894       334.12535       279.47066      
6.1657143       1962.1643       1633.6653       1258.3788       888.43586       433.32099       401.50507       334.12423       279.8998       
6.1685714       1961.8147       1633.2862       1258.0165       888.12386       433.10127       401.42159       334.11214       280.3709       
6.1714286       1961.4679       1632.9112       1257.6547       887.80611       432.87453       401.33455       334.08599       280.86546      
6.1742857       1961.0801       1632.4969       1257.2579       887.45378       432.63641       401.24855       334.05379       281.45143      
6.1771429       1960.6538       1632.041        1256.8156       887.06133       432.38056       401.15599       334.00988       282.09569      
6.18            1960.2186       1631.572        1256.3547       886.64914       432.11877       401.0582        333.95395       282.8018       
6.1828571       1959.836        1631.1674       1255.9632       886.28885       431.87011       400.96074       333.8806        283.48494      
6.1857143       1959.4064       1630.7094       1255.5109       885.87153       431.60858       400.85106       333.79307       284.22845      
6.1885714       1958.9105       1630.1865       1254.9823       885.36547       431.29868       400.73713       333.70155       285.07382      
6.1914286       1958.4474       1629.6967       1254.4937       884.9035        430.99603       400.62104       333.60148       285.97829      
6.1942857       1957.9929       1629.2129       1254.015        884.45306       430.69747       400.50692       333.49674       286.92446      
6.1971429       1957.5125       1628.7018       1253.5078       883.9756        430.3911        400.38718       333.3874        287.92298      
6.2             1957.0143       1628.1705       1252.9801       883.47867       430.07502       400.25584       333.26079       288.76822      
6.2028571       1956.4873       1627.6115       1252.423        882.95079       429.74602       400.11423       333.12808       289.67213      
6.2057143       1955.9356       1627.0244       1251.8303       882.38469       429.4018        399.96381       332.99417       290.62339      
6.2085714       1955.4047       1626.4593       1251.2635       881.84509       429.06353       399.80599       332.85787       291.6334       
6.2114286       1954.8372       1625.8614       1250.6674       881.27952       428.71947       399.64382       332.71731       292.66514      
6.2142857       1954.2318       1625.2179       1250.0054       880.62425       428.3344        399.46126       332.56212       293.51425      
6.2171429       1953.5997       1624.5467       1249.3148       879.92975       427.93384       399.26815       332.39128       294.19689      
6.22            1952.9817       1623.893        1248.6542       879.28551       427.55237       399.06778       332.22139       294.95749      
6.2228571       1952.3592       1623.2376       1247.9982       878.65716       427.18323       398.87254       332.11218       296.4226       
6.2257143       1951.7059       1622.5459       1247.2952       877.97489       426.78773       398.65786       332.01299       297.83405      
6.2285714       1951.0946       1621.907        1246.6518       877.34414       426.44733       398.48139       331.9391        299.12377      
6.2314286       1950.3042       1621.0647       1245.7875       876.51312       425.94967       398.19598       331.8254        300.41303      
6.2342857       1949.7042       1620.4449       1245.1814       875.9268        425.68725       398.05507       331.78473       301.79941      
6.2371429       1948.9676       1619.6524       1244.3389       875.05937       425.07018       397.66512       331.67245       303.26949      
6.24            1948.3267       1618.9845       1243.6665       874.40482       424.78206       397.50257       331.66916       304.71666      
6.2428571       1947.569        1618.1788       1242.8343       873.57293       424.26267       397.17123       331.62141       306.28992      
6.2457143       1946.9028       1617.4781       1242.1159       872.85058       423.89113       396.93904       331.64444       308.00124      
6.2485714       1946.1537       1616.682        1241.2838       871.97668       423.34994       396.59716       331.64016       309.67286      
6.2514286       1945.33         1615.82         1240.4046       871.10631       422.88062       396.30038       331.67621       311.40976      
6.2542857       1944.5632       1615.0092       1239.5629       870.24196       422.3755        395.96927       331.70825       313.00954      
6.2571429       1943.7684       1614.1696       1238.6866       869.32869       421.83553       395.62954       331.75988       314.63522      
6.26            1942.9899       1613.3495       1237.833        868.43585       421.29484       395.2576        331.82061       316.42782      
6.2628571       1942.146        1612.4603       1236.9077       867.48657       420.74597       394.89018       331.90839       318.20927      
6.2657143       1941.3322       1611.6019       1236.0131       866.55392       420.20924       394.52151       332.02063       320.10834      
6.2685714       1940.4746       1610.7007       1235.0803       865.58209       419.66094       394.14508       332.15962       322.08811      
6.2714286       1939.6311       1609.8133       1234.1543       864.62611       419.11542       393.76568       332.30443       324.07442      
6.2742857       1938.7509       1608.8895       1233.1931       863.64163       418.55711       393.37098       332.48507       326.31786      
6.2771429       1937.873        1607.9661       1232.2297       862.65042       417.9943        392.97365       332.68657       328.68403      
6.28            1936.9916       1607.0382       1231.2593       861.64848       417.42418       392.56903       332.9064        331.11544      
6.2828571       1936.1279       1606.1246       1230.295        860.64385       416.85339       392.15904       333.14746       333.6553       
6.2857143       1935.1447       1605.0958       1229.2304       859.56893       416.26683       391.75965       333.41544       336.3023       
6.2885714       1934.3064       1604.2061       1228.2842       858.56158       415.68233       391.33562       333.70381       339.10378      
6.2914286       1933.2865       1603.143        1227.1857       857.45301       415.07113       390.91916       334.03639       342.15835      
6.2942857       1932.4021       1602.2098       1226.1973       856.41224       414.48868       390.51592       334.37524       345.18673      
6.2971429       1931.3568       1601.1175       1225.0719       855.2639        413.82832       390.07514       334.69617       347.99556      
6.3             1930.5397       1600.2303       1224.0988       854.22544       413.26124       389.68291       335.00461       350.59941      
6.3028571       1929.4634       1599.1197       1222.9611       853.05808       412.58798       389.24001       335.34148       353.70158      
6.3057143       1928.5227       1598.1209       1221.9026       851.93105       411.96888       388.83463       335.72308       357.00436      
6.3092857       1927.0802       1596.5496       1220.1822       849.71527       411.18565       388.08289       335.93013       360.42363      
6.3128571       1925.8026       1595.208        1218.7988       848.23493       410.24517       387.67571       336.55892       365.05066      
6.3164286       1924.5574       1593.9036       1217.4369       846.76768       409.34407       387.23483       337.19034       369.90546      
6.32            1923.3039       1592.5919       1216.0606       845.30833       408.48531       386.76552       337.78289       374.67622      
6.3233333       1922.2093       1591.4525       1214.8722       844.1657        407.69632       386.39199       338.37496       379.29057      
6.3266667       1920.9334       1590.1183       1213.4663       842.72571       406.92565       385.899         338.8632        383.68871      
6.33            1919.6866       1588.8043       1212.0704       841.27939       406.13966       385.42256       339.32628       388.22106      
6.3333333       1918.3962       1587.4513       1210.6433       839.80094       405.31687       384.95804       339.83669       392.92229      
6.3366667       1917.1397       1586.1254       1209.2285       838.31599       404.48887       384.51967       340.37532       397.80653      
6.34            1915.8658       1584.7794       1207.7893       836.79033       403.63021       384.08565       341.01447       402.83119      
6.3433333       1914.588        1583.4327       1206.3526       835.26933       402.78572       383.67493       341.68507       407.99852      
6.3466667       1913.2789       1582.0576       1204.8938       833.72882       401.93131       383.26672       342.38838       413.28947      
6.35            1911.9858       1580.6935       1203.4364       832.18419       401.08411       382.87536       343.12297       418.7003       
6.3533333       1910.6784       1579.3171       1201.9706       830.63828       400.25234       382.5064        343.90126       424.24184      
6.3566667       1909.3661       1577.9379       1200.5          829.07889       399.40854       382.143         344.72098       429.92709      
6.36            1908.034        1576.5365       1199.0065       827.50516       398.5798        381.80205       345.57407       435.65753      
6.3633333       1906.6927       1575.1278       1197.5055       825.91832       397.75423       381.47363       346.47865       441.50543      
6.3666667       1905.3315       1573.6984       1195.9831       824.3132        396.93814       381.16935       347.44552       447.3865       
6.37            1904.0187       1572.3127       1194.4909       822.71271       396.11173       380.86322       348.50126       453.47854      
6.3733333       1902.5325       1570.7651       1192.866        821.04014       395.33302       380.61207       349.6263        459.65432      
6.3766667       1901.2518       1569.4056       1191.3884       819.44297       394.5587        380.36836       350.88777       465.84357      
6.38            1899.8465       1567.9343       1189.8195       817.78827       393.79449       380.14844       352.2228        472.03392      
6.384           1897.9913       1565.9471       1187.6538       815.23034       392.90022       379.60096       353.15772       479.43314      
6.388           1896.5229       1564.3919       1185.9847       813.3544        391.99554       379.41768       354.85153       486.68874      
6.392           1894.9468       1562.7389       1184.2127       811.42038       391.09434       379.22793       356.72923       494.15837      
6.396           1893.2092       1560.9283       1182.3044       809.4252        390.32992       379.07616       358.61963       501.35914      
6.4             1891.6847       1559.3113       1180.5335       807.48196       389.53222       378.86527       360.61397       507.88636      
6.404           1889.9846       1557.5331       1178.6458       805.49816       388.85345       378.75208       362.92707       517.00706      
6.408           1888.3759       1555.8364       1176.8072       803.52649       388.20302       378.68328       365.49109       526.61753      
6.412           1886.8584       1554.225        1175.0467       801.59512       387.56551       378.63062       368.33463       535.55664      
6.416           1885.0718       1552.3636       1173.0684       799.54052       387.01895       378.67797       371.21671       543.15532      
6.42            1883.6041       1550.7953       1171.3325       797.61171       386.4847        378.74458       374.36863       550.9549       
6.424           1881.9508       1549.0541       1169.4417       795.57299       385.94748       378.67644       377.1346        558.90938      
6.428           1880.4317       1547.4356       1167.6668       793.6395        385.53954       378.81219       380.38741       567.11934      
6.432           1878.8343       1545.7506       1165.82         791.60176       385.05786       378.9549        383.7613        574.06214      
6.436           1877.2213       1544.055        1163.9898       789.62118       384.71445       379.27346       387.30969       582.1366       
6.44            1875.6344       1542.378        1162.1539       787.60618       384.34815       379.61706       391.15546       590.21515      
6.444           1874.0342       1540.6898       1160.3108       785.60378       384.0824        380.16592       395.52348       599.87945      
6.448           1872.6328       1539.1848       1158.616        783.67968       383.88563       380.81413       399.95453       608.06499      
6.452           1870.9489       1537.4242       1156.7225       781.65831       383.76505       381.54742       404.12578       612.12797      
6.456           1869.6712       1536.0331       1155.125        779.8032        383.67761       382.37955       408.60988       617.39009      
6.46            1867.9986       1534.2885       1153.2496       777.79331       383.63979       383.33512       413.02733       621.22609      
6.464           1866.6782       1532.8614       1151.6248       775.93679       383.6828        384.4763        417.76437       626.04581      
6.468           1865.1217       1531.226        1149.8473       774.00631       383.79668       385.92447       423.33139       633.30766      
6.472           1863.8578       1529.859        1148.2849       772.19735       383.89837       387.11651       428.34061       638.3616       
6.476           1862.396        1528.3161       1146.5869       770.31693       384.04696       388.55999       433.50841       642.57769      
6.48            1861.0142       1526.8436       1144.9454       768.48622       384.3304        390.41857       439.18373       646.72996      
6.4833333       1859.9511       1525.7601       1143.8032       767.52198       384.69205       392.26614       443.89268       647.98119      
6.4866667       1858.8526       1524.5802       1142.4572       766.16878       385.04996       394.06077       448.74763       650.0685       
6.49            1857.5501       1523.2176       1140.9792       764.64123       385.43129       395.97399       453.6362        652.60465      
6.4933333       1856.8084       1522.3538       1139.8726       763.26613       385.92355       398.28807       459.44942       656.33216      
6.4966667       1855.4233       1520.9379       1138.4142       761.76633       386.44576       400.82117       465.19815       659.15433      
6.5             1854.6752       1520.0908       1137.3556       760.49059       387.08695       403.73747       471.32207       661.84091      
6.5033333       1853.6168       1518.9685       1136.1254       759.17495       387.77504       406.75886       477.50833       664.56469      
6.5066667       1852.7037       1517.9881       1135.0036       757.76614       388.46664       409.72079       483.9323        668.73056      
6.51            1851.8416       1517.0464       1133.9152       756.47528       389.11269       412.27419       490.08808       671.20684      
6.5133333       1850.9625       1516.0948       1132.8302       755.23133       389.99999       415.77648       496.87718       673.69776      
6.5166667       1850.2041       1515.2475       1131.8271       754.05521       390.98627       419.42439       503.97752       675.43647      
6.52            1849.325        1514.3022       1130.7584       752.85511       392.01646       423.01768       510.74252       678.21481      
6.5233333       1848.5525       1513.4705       1129.8031       751.75653       393.17484       426.98155       517.92871       680.29863      
6.5266667       1847.8692       1512.7116       1128.9062       750.73021       394.45758       430.92669       525.36511       681.86469      
6.53            1847.1865       1511.9683       1128.045        749.76274       396.0451        435.90357       533.33348       683.57107      
6.5333333       1846.4855       1511.2158       1127.1904       748.83362       397.66389       440.39811       541.03524       684.83644      
6.5366667       1845.8666       1510.5224       1126.3685       747.91406       399.16384       444.54979       549.09735       686.19396      
6.54            1845.2115       1509.816        1125.5727       746.89935       400.88492       449.2613        557.22085       687.16994      
6.5433333       1844.7031       1509.2535       1124.9205       746.22492       402.91682       454.61587       565.64774       688.92655      
6.5466667       1844.218        1508.7167       1124.2914       745.52179       405.03963       460.11081       574.26427       692.85812      
6.55            1843.7786       1508.2286       1123.7117       744.87242       407.35172       465.74371       583.00975       696.44533      
6.5533333       1843.4431       1507.8437       1123.2479       744.39201       409.90172       471.57328       591.85063       700.15082      
6.5566667       1843.1883       1507.5449       1122.8834       744.03529       412.64439       477.61513       600.89726       703.95326      
6.56            1843.006        1507.3203       1122.5982       743.79162       415.56789       483.94629       610.09217       707.08253      
6.5633333       1842.8973       1507.1618       1122.3783       743.63342       418.94915       490.67654       619.5853        709.39223      
6.5666667       1842.874        1507.0932       1122.2406       743.5483        422.72968       497.49633       629.17619       712.01225      
6.57            1842.6167       1506.8004       1121.8971       743.28862       426.43423       504.40212       638.82968       715.0552       
6.5733333       1842.5507       1506.6873       1121.7056       743.16692       430.47172       511.98481       648.79017       717.83121      
6.5766667       1842.5994       1506.6953       1121.6592       743.22219       434.84582       520.0381        658.73926       720.10689      
6.58            1842.715        1506.7652       1121.678        743.32316       439.20876       527.88911       668.91513       722.86327      
6.5833333       1842.8057       1506.8156       1121.683        743.41758       443.77331       535.87307       678.6242        725.73582      
6.5866667       1843.0673       1507.0425       1121.8711       743.759         448.77764       544.17323       688.49588       728.56582      
6.59            1843.4636       1507.4098       1122.2076       744.24752       453.98369       552.63561       697.95813       731.9302       
6.5933333       1843.8261       1507.7526       1122.5535       744.83629       459.47956       561.21954       707.37689       736.36382      
6.5966667       1844.3542       1508.2643       1123.0758       745.65508       465.55504       569.80316       716.71323       739.4281       
6.6             1844.8685       1508.7491       1123.5467       746.33169       471.06786       578.26412       725.78782       743.21147      
6.6025          1845.6419       1509.5449       1124.3289       747.50521       475.15673       584.70694       731.3172        742.18737      
6.605           1846.2109       1510.1061       1124.8895       748.29838       480.22784       591.59974       738.02458       742.01226      
6.6075          1846.6202       1510.5024       1125.2725       748.95855       485.15508       598.75597       745.10796       744.6968       
6.61            1847.174        1511.0369       1125.7859       749.63121       490.28785       606.16597       752.01539       747.85263      
6.6125          1847.8248       1511.6656       1126.4057       750.41927       495.71702       613.96801       759.12985       750.72275      
6.615           1848.5737       1512.397        1127.1456       751.38579       501.66231       622.3188        766.44553       753.87487      
6.6175          1849.378        1513.195        1127.9774       752.42604       507.65322       630.45506       773.38585       756.83674      
6.62            1850.2478       1514.0588       1128.8721       753.59015       514.09694       639.2057        780.64609       760.03799      
6.6225          1851.1352       1514.9425       1129.7992       754.7849        520.65645       647.96619       787.81122       763.45881      
6.625           1852.131        1515.9321       1130.8257       756.06004       527.56995       657.01915       794.6279        767.15603      
6.6275          1853.2178       1517.0171       1131.962        757.50216       534.87176       666.54832       802.21577       770.75475      
6.63            1854.3658       1518.166        1133.1676       758.96599       542.3001        675.85624       809.11121       772.96715      
6.6325          1855.5618       1519.361        1134.4141       760.48958       549.79731       684.98456       815.73933       774.86604      
6.635           1856.864        1520.6558       1135.7532       762.12744       557.29586       693.96319       822.16687       777.03207      
6.6375          1858.1565       1521.9617       1137.1295       763.82155       564.91141       702.97719       828.51318       779.64157      
6.64            1859.5002       1523.3251       1138.5656       765.56407       572.58946       712.03989       834.92594       782.66411      
6.6425          1860.9039       1524.7409       1140.0499       767.28511       580.32378       721.11846       841.40948       785.79245      
6.645           1862.3803       1526.2373       1141.5634       768.89842       588.106         730.3103        847.63057       788.82292      
6.6475          1863.937        1527.8158       1143.1756       770.78702       595.84483       738.93739       853.51456       791.58655      
6.65            1865.5826       1529.4437       1144.8852       772.81283       603.80814       747.7925        859.45512       794.4949       
6.6525          1867.2451       1531.0901       1146.6195       774.85285       611.7495        756.40959       865.15701       797.26693      
6.655           1868.9432       1532.7806       1148.3755       776.88834       619.84391       764.96409       870.69168       800.02394      
6.6575          1870.7851       1534.6278       1150.2763       779.04643       628.43529       774.07498       876.71008       803.07771      
6.66            1872.6473       1536.4908       1152.1908       781.20515       637.28119       783.40823       882.83483       806.34428      
6.6625          1874.669        1538.5023       1154.2416       783.48242       646.05724       792.5145        888.80032       809.67758      
6.665           1876.5876       1540.444        1156.2637       785.68781       654.7408        801.18771       894.31706       812.74851      
6.6675          1878.6169       1542.476        1158.3346       787.80015       663.48391       809.86035       899.6966        815.7721       
6.67            1880.786        1544.6574       1160.6117       790.84843       671.86938       818.36469       905.09163       819.03483      
6.6725          1883.0546       1546.974        1163.1312       794.36775       681.97574       827.96228       911.25684       822.54508      
6.675           1885.4712       1549.4144       1165.733        797.40682       691.70322       837.17565       917.17863       825.92394      
6.6775          1887.9428       1551.9163       1168.1974       799.73812       700.91574       845.55289       922.2364        828.93385      
6.68            1890.3912       1554.3702       1170.708        802.41901       710.51134       854.02353       927.32667       832.04895      
6.6825          1892.8403       1556.8225       1173.2861       805.0624        719.88452       862.51537       932.63759       836.05032      
6.685           1895.4193       1559.4117       1175.9587       807.8691        729.29638       871.13855       938.69619       840.01234      
6.6875          1898.1057       1562.107        1178.7082       810.67401       737.69452       878.8856        943.46158       843.26599      
6.69            1900.8047       1564.8035       1181.4158       813.31021       747.75014       886.46297       947.70048       846.24129      
6.6925          1903.5895       1567.5702       1184.2185       816.06277       757.08272       894.07218       952.55667       849.64703      
6.695           1906.3524       1570.3245       1186.9528       818.28197       767.35266       902.41737       957.9366        853.69782      
6.6975          1909.3198       1573.2954       1189.9712       821.80839       776.05978       909.60719       962.26182       857.11095      
6.7             1912.4773       1576.4778       1193.3014       825.50184       784.75503       916.83861       966.46435       860.29086      
6.7025          1915.5981       1579.6161       1196.4955       828.70277       793.93988       924.03979       970.80892       863.44632      
6.705           1918.7269       1582.7642       1199.6974       832.01571       803.10186       931.08131       974.9048        866.38977      
6.7075          1921.9115       1585.966        1202.9389       835.40114       812.57337       938.27695       978.97095       869.54421      
6.71            1925.292        1589.3545       1206.4572       839.04713       821.97426       945.82792       983.48511       873.2275       
6.7125          1928.8265       1592.9202       1210.1581       843.04555       831.65626       953.38742       987.93358       876.74133      
6.715           1932.421        1596.5266       1213.8622       846.90964       841.18972       960.49601       992.02818       879.99482      
6.7175          1936.1458       1600.2843       1217.6547       850.52832       850.70134       967.79108       996.4253        883.43949      
6.72            1939.8982       1604.105        1221.7153       855.16104       860.59473       975.41325       1001.113        887.20371      
6.7228571       1943.8247       1608.0305       1225.7193       859.06015       869.37141       982.35285       1005.5243       892.19706      
6.7257143       1948.1276       1612.3558       1230.1098       863.47514       877.87496       988.55706       1008.7649       895.50143      
6.7285714       1952.6638       1616.8568       1234.6069       867.66808       886.28338       994.32096       1011.6887       898.16234      
6.7314286       1957.2276       1621.4141       1239.192        872.12477       895.44246       1000.9591       1015.3853       901.43895      
6.7342857       1961.6829       1625.8492       1243.6269       876.17713       903.28038       1006.7644       1018.7403       904.59498      
6.7371429       1966.1086       1630.2481       1248.0062       880.26488       910.81031       1012.1408       1021.6263       907.42245      
6.74            1970.5866       1634.6882       1252.3762       884.17569       917.92616       1017.237        1024.4259       910.21635      
6.7428571       1975.2855       1639.3758       1257.0017       888.48238       925.07111       1022.244        1027.1555       913.17989      
6.7457143       1979.9939       1644.0572       1261.6058       892.69318       931.84377       1026.8694       1029.4724       915.67985      
6.7485714       1984.9309       1648.9831       1266.5097       897.42466       938.66484       1031.4382       1031.6836       918.08019      
6.7514286       1989.9252       1653.9472       1271.4737       901.72814       945.33713       1036.0287       1034.0353       920.66767      
6.7542857       1995.0626       1659.0991       1276.6564       906.72174       952.51586       1041.2938       1036.8674       923.60464      
6.7571429       2000.2343       1664.2251       1281.7314       911.24168       959.41966       1046.1684       1039.4064       926.11141      
6.76            2005.3256       1669.2862       1286.7216       915.60624       965.33393       1050.3262       1041.4419       928.56536      
6.7628571       2010.5949       1674.5108       1291.8726       920.14428       971.30473       1054.4374       1043.5502       931.06994      
6.7657143       2015.8342       1679.6895       1296.8741       924.39351       976.58508       1057.9796       1045.3057       933.42246      
6.7685714       2021.0967       1684.9154       1301.9991       928.73676       981.60554       1061.3329       1046.889        935.68007      
6.7714286       2026.3306       1690.063        1307.0144       932.77692       985.96878       1064.3414       1048.3306       937.90035      
6.7742857       2031.6368       1695.3091       1311.9922       936.61231       989.90447       1066.8802       1049.5002       940.4175       
6.7771429       2036.7602       1700.3414       1316.7409       940.11098       993.79239       1069.2881       1050.4298       942.20047      
6.78            2042.0838       1705.5618       1321.6959       943.74051       997.87957       1071.9292       1051.5162       944.04181      
6.7833333       2047.9662       1711.3384       1327.2646       948.26116       1002.5265       1074.9469       1052.7554       946.67496      
6.7866667       2054.5854       1717.8607       1333.5275       953.25535       1007.3236       1077.966        1054.1415       949.69369      
6.79            2061.2811       1724.4578       1339.8616       958.11442       1011.9668       1080.7146       1055.1912       951.81992      
6.7933333       2067.8171       1730.8408       1345.745        962.0993        1015.1101       1082.7732       1055.7952       953.3009       
6.7966667       2074.3755       1737.2477       1351.7206       966.52255       1019.3043       1085.1673       1056.5577       954.85858      
6.8             2081.1925       1743.941        1358.0991       971.22781       1023.7795       1087.6605       1057.4846       956.68753      
6.8033333       2087.606        1750.1825       1363.8397       975.02725       1027.0908       1089.3863       1058.0385       958.4049       
6.8066667       2094.0121       1756.3585       1369.4257       978.42501       1029.472        1090.749        1058.3731       959.91098      
6.81            2100.1602       1762.2461       1374.6231       981.26019       1031.2677       1091.6146       1058.3105       961.10582      
6.8133333       2106.2502       1768.1693       1379.9972       984.39244       1033.3935       1092.4819       1058.2077       962.25279      
6.8166667       2112.3387       1774.0775       1385.2869       987.20515       1035.3338       1093.354        1058.1766       963.50195      
6.82            2118.679        1780.1317       1390.5602       989.8439        1037.4393       1094.332        1058.1648       964.62193      
6.8233333       2124.8688       1786.1263       1395.9629       992.90573       1039.6537       1095.2607       1058.0925       965.73536      
6.8266667       2131.1564       1792.145        1401.2914       995.74128       1041.5656       1095.916        1057.8274       966.71052      
6.83            2137.5343       1798.239        1406.6507       998.39479       1043.1033       1096.3043       1057.4373       967.62105      
6.8333333       2144.2323       1804.7089       1412.5011       1001.6745       1045.2435       1096.9414       1057.1695       968.58427      
6.8366667       2150.4926       1810.6969       1417.6686       1003.7619       1046.0848       1096.9994       1056.6431       969.40633      
6.84            2156.1476       1816.0126       1422.0601       1005.1297       1046.5389       1096.6668       1055.8781       970.08373      
6.844           2162.4174       1821.9544       1427.1177       1007.5304       1047.356        1096.0425       1054.4731       970.15216      
6.848           2169.317        1828.452        1432.5405       1009.3696       1047.8578       1095.6266       1053.631        971.44984      
6.852           2176.0726       1834.8082       1437.8059       1011.2253       1048.1435       1094.862        1052.417        972.16737      
6.856           2182.7679       1841.107        1443.0117       1012.9376       1048.4646       1094.0446       1051.1398       972.58131      
6.86            2189.4233       1847.3905       1448.2698       1014.9449       1048.9504       1093.2161       1049.7528       972.67182      
6.864           2196.0001       1853.609        1453.4793       1016.8692       1049.2458       1092.255        1048.3516       972.82098      
6.868           2202.1341       1859.322        1458.0144       1017.8512       1048.7527       1090.8895       1046.7951       972.94816      
6.872           2208.0844       1864.8488       1462.3791       1018.7626       1048.1672       1089.3507       1045.0673       972.83581      
6.876           2214.1349       1870.4915       1466.8936       1019.9051       1047.5538       1087.6772       1043.3671       972.889        
6.88            2219.2296       1875.1866       1470.4996       1020.118        1046.5246       1085.8971       1041.3135       972.11729      
6.884           2225.1187       1880.6242       1474.6598       1021.2568       1045.3481       1083.6537       1039.2866       972.03907      
6.888           2229.7416       1884.9005       1477.9514       1021.151        1044.1205       1081.6715       1036.967        970.86572      
6.892           2234.9787       1889.6993       1481.5022       1021.1719       1042.6253       1079.2585       1034.8776       970.64141      
6.896           2239.9594       1894.3072       1485.0746       1021.4051       1041.532        1077.1896       1032.7248       969.93928      
6.9             2245.0086       1898.9327       1488.4871       1021.1694       1039.9362       1074.6312       1030.3124       969.32239      
6.904           2249.1305       1902.6929       1491.2232       1020.3037       1038.3788       1072.2234       1027.9097       968.20026      
6.908           2253.3602       1906.5226       1493.9067       1019.0563       1036.5212       1069.4902       1025.4643       967.33829      
6.912           2257.5022       1910.2641       1496.518        1017.0611       1034.7242       1066.8044       1022.9946       966.38112      
6.916           2261.5789       1914.0049       1499.3568       1017.5655       1032.5531       1063.9088       1020.4331       964.88535      
6.92            2265.2863       1917.3695       1501.7384       1017.2257       1030.2684       1060.8823       1017.7726       963.0649       
6.924           2268.525        1920.2396       1503.5032       1016.164        1027.9999       1057.8094       1015.0379       961.4173       
6.928           2271.485        1922.8415       1505.0713       1015.041        1025.5603       1054.641        1012.2873       959.11975      
6.932           2274.7899       1925.8357       1507.2059       1014.7097       1023.2976       1051.5338       1009.5378       957.23253      
6.936           2278.1522       1928.8831       1509.3448       1016.1665       1020.6042       1048.118        1006.6259       955.59975      
6.94            2280.5629       1930.9298       1510.219        1016.006        1018.5362       1045.0069       1003.7884       953.66589      
6.944           2282.8528       1932.9426       1511.4146       1015.9575       1015.8345       1041.6386       1000.9513       951.4726       
6.948           2285.0591       1934.8147       1512.1574       1017.0231       1013.2664       1038.2317       997.961         949.61667      
6.952           2287.0223       1936.5029       1512.969        1016.4126       1010.5258       1034.7535       994.92564       947.65371      
6.956           2288.9568       1938.1718       1513.7832       1015.4646       1007.734        1031.2646       991.96044       945.4104       
6.96            2290.5887       1939.5192       1514.1697       1014.6077       1004.8585       1027.724        988.96217       943.08548      
6.964           2291.5364       1940.2861       1514.3803       1012.265        1001.8146       1024.19         985.91317       940.53759      
6.968           2293.7746       1942.2398       1515.5168       1010.9093       998.5691        1020.2057       982.74926       938.40691      
6.972           2293.9357       1942.2144       1514.7173       1008.2789       995.83854       1016.8089       979.70754       935.69201      
6.976           2295.3525       1943.3799       1515.0167       1007.3443       992.61732       1012.8686       976.46576       933.14238      
6.98            2295.2868       1943.1863       1514.2325       1005.7276       989.48373       1009.2924       973.33002       930.29453      
6.984           2296.8289       1944.4277       1514.5609       1004.5806       985.88826       1004.9408       969.94027       927.86566      
6.988           2296.4465       1943.9908       1513.6684       1002.5589       982.61519       1001.2547       966.7527        924.9444       
6.992           2296.889        1944.1955       1512.9855       1001.3601       978.99762       997.00893       963.3733        922.2838       
6.996           2296.0934       1943.3279       1511.5976       999.56652       975.63321       993.20165       960.04583       919.11542      
7               2297.146        1944.0938       1511.5272       998.61598       971.81344       988.53357       956.27684       916.08814      
7.004           2295.2904       1942.2877       1509.4501       996.70531       968.43029       984.85269       953.00667       912.74854      
7.008           2296.2519       1942.9636       1509.2651       996.00662       964.5375        980.09033       949.27727       910.00655      
7.012           2294.127        1940.9241       1506.9238       994.41114       961.22867       976.48622       946.04323       906.55401      
7.016           2294.9828       1941.5261       1506.8726       993.71395       957.28037       971.58248       942.06826       903.32472      
7.02            2292.1186       1938.7354       1503.7782       989.99991       954.18124       967.95698       938.73089       899.62005      
7.024           2292.7261       1939.0955       1503.4044       989.80057       950.05317       962.93345       934.67968       896.42382      
7.028           2289.9336       1936.4528       1500.7122       988.50654       946.3912        959.10762       931.29198       892.83536      
7.032           2289.363        1935.7643       1499.5079       987.75132       942.35503       954.31913       927.31542       889.40725      
7.036           2287.5081       1933.9246       1497.3572       986.41227       938.44907       949.91865       923.50995       885.76303      
7.04            2286.5696       1932.9161       1495.9221       985.56328       934.44627       945.19423       919.51897       882.1849       
7.045           2283.415        1929.818        1492.5129       984.42709       928.93712       939.0251        913.94614       876.56844      
7.05            2281.6532       1928.0555       1490.4724       983.39732       923.95451       933.40203       909.02918       871.87461      
7.055           2279.2189       1925.646        1487.7802       981.50542       919.04358       927.81611       904.03975       867.01176      
7.06            2276.3098       1922.7764       1484.6632       979.58804       914.01381       922.02322       898.91124       862.14626      
7.065           2273.4786       1919.983        1481.6052       977.81877       908.92716       916.21492       893.76027       857.21079      
7.07            2270.3885       1916.962        1478.4219       975.90843       903.69982       910.3605        888.59054       852.27049      
7.075           2267.1181       1913.7864       1475.154        973.88474       898.39712       904.49695       883.42556       847.31934      
7.08            2263.9802       1910.7524       1472.0365       971.99189       892.97308       898.47968       878.14515       842.37993      
7.085           2260.6428       1907.5185       1468.7525       970.02832       887.79704       892.73883       873.00632       837.44927      
7.09            2257.3254       1904.3323       1465.5651       968.14518       882.31233       886.76849       867.80686       832.62791      
7.095           2253.4141       1900.545        1461.7863       965.88813       876.97902       880.92135       862.53378       827.6746       
7.1             2249.86         1897.1373       1458.4246       963.85309       871.36838       874.9011        857.26437       822.84725      
7.105           2245.677        1893.0882       1454.4282       961.42813       865.92372       868.97702       851.86987       817.7463       
7.11            2242.1332       1889.6649       1451.0278       959.25966       860.31683       862.95065       846.53745       812.93038      
7.115           2237.9142       1885.6567       1447.2013       957.07259       854.74714       856.95504       841.03354       807.7373       
7.12            2233.8802       1881.7657       1443.3863       954.91467       849.14331       850.98113       835.68171       802.99128      
7.125           2229.6151       1877.6634       1439.4153       952.37115       843.26736       844.70985       830.00694       797.92596      
7.13            2225.4361       1873.6507       1435.509        949.94161       837.56175       838.61838       824.42185       792.8849       
7.135           2220.8701       1869.2886       1431.3295       947.14798       831.8361        832.56401       818.85291       787.77801      
7.14            2216.966        1865.4905       1427.6222       944.71549       826.09969       826.40585       813.15528       782.78733      
7.145           2211.9173       1860.6802       1423.2049       941.68461       820.30755       820.34018       807.53817       777.76116      
7.15            2207.9231       1856.8319       1419.477        939.19624       814.45529       814.04938       801.67394       772.70419      
7.155           2202.9451       1852.0667       1415.029        936.3295        808.65089       807.91135       795.93014       767.63517      
7.16            2198.395        1847.7171       1410.9064       933.55986       802.79116       801.64088       790.04046       762.55533      
7.165           2193.5362       1843.0251       1406.5181       930.60836       796.95131       795.43498       784.18991       757.51908      
7.17            2189.0252       1838.695        1402.403        927.75008       791.07853       789.11272       778.19592       752.35883      
7.175           2184.1231       1834.0089       1398.0267       924.71647       785.26097       782.86418       772.2413        747.24761      
7.18            2179.2733       1829.3443       1393.626        921.77277       779.44872       776.58777       766.24737       742.11276      
7.185           2174.4547       1824.6988       1389.2511       918.82786       773.63639       770.29653       760.21147       736.88783      
7.19            2169.7529       1820.1829       1384.9945       915.86493       767.80932       763.98208       754.14192       731.71904      
7.195           2164.603        1815.2703       1380.4479       912.63503       761.89335       757.61937       748.01491       726.51128      
7.2             2159.8917       1810.7375       1376.1836       909.64099       756.04835       751.29093       741.92169       721.29412      
7.205           2154.7676       1805.8165       1371.6188       906.39216       750.01448       744.71724       735.54681       715.90404      
7.21            2149.9811       1801.2405       1367.316        903.25004       743.95046       737.98045       728.8901        710.28307      
7.215           2144.9193       1796.4061       1362.7727       899.91633       737.84772       731.21709       722.12533       704.47652      
7.22            2139.9684       1791.6493       1358.3085       896.57802       731.84498       724.57755       715.49413       698.75551      
7.225           2134.8726       1786.7225       1353.7173       893.18286       725.92346       718.08985       709.03775       693.1444       
7.23            2129.9806       1782.0332       1349.326        889.87457       720.14282       711.75875       702.766         687.71925      
7.235           2124.9727       1777.2292       1344.8312       886.53217       714.41935       705.54444       696.61842       682.39487      
7.24            2119.8008       1772.2709       1340.1899       883.0389        708.71417       699.42388       690.58026       677.15489      
7.2466667       2113.0956       1765.8103       1334.1779       878.99632       701.4668        691.47931       682.61559       670.13988      
7.2533333       2106.4385       1759.3917       1328.1943       874.48809       694.23196       683.70652       674.92924       663.49758      
7.26            2099.8798       1753.0133       1322.1814       869.65062       686.9198        675.74998       667.08434       656.74492      
7.2666667       2093.1096       1746.516        1316.1188       864.88202       679.69707       667.95097       659.39144       650.10411      
7.2733333       2086.5401       1740.2202       1310.2622       860.25968       672.5616        660.26993       651.81497       643.55422      
7.28            2080.1061       1733.9647       1304.3765       855.57933       665.54707       652.71895       644.3671        637.09439      
7.2866667       2073.5038       1727.6268       1298.4527       850.81121       658.69174       645.30564       637.04873       630.73224      
7.2933333       2066.9477       1721.2773       1292.5071       846.03138       651.95483       638.02466       629.86627       624.47268      
7.3             2060.4863       1715.0133       1286.6463       841.29161       645.3388        630.87925       622.82582       618.32879      
7.3066667       2054.0225       1708.7979       1280.8327       836.55203       638.84827       623.87906       615.93405       612.2907       
7.3133333       2047.6226       1702.598        1275.0139       831.8409        632.48442       617.03378       609.20742       606.40105      
7.32            2041.2354       1696.4271       1269.2644       827.14976       626.24893       610.35057       602.64743       600.64461      
7.3266667       2035.0751       1690.4646       1263.7124       822.52071       620.15342       603.84463       596.28681       595.09818      
7.3333333       2028.8075       1684.393        1258.0571       817.95911       614.24256       597.52544       590.09044       589.55206      
7.34            2022.6065       1678.393        1252.4718       813.41539       608.46053       591.38469       584.07708       584.12759      
7.3466667       2016.6182       1672.5861       1247.0815       808.94596       602.83233       585.46447       578.36368       579.20392      
7.3533333       2010.6648       1666.8241       1241.7143       804.40616       597.38397       579.74355       572.82951       574.22444      
7.36            2004.7845       1661.1484       1236.4717       800.11783       592.05043       574.19862       567.44905       569.2783       
7.3666667       1998.9782       1655.5394       1231.2789       795.77808       586.90223       568.90059       562.40603       564.87833      
7.3733333       1993.1008       1649.9059       1226.1226       791.5574        581.87963       563.82587       557.61373       560.65605      
7.38            1987.9228       1644.8694       1221.4089       787.60662       577.11597       559.00421       553.09718       556.76323      
7.3866667       1982.479        1639.607        1216.5093       783.46968       572.47693       554.38016       548.82712       553.01893      
7.3933333       1977.3332       1634.6508       1211.9202       779.59913       568.07553       550.01185       544.83436       549.45153      
7.4             1971.9445       1629.4662       1207.1626       775.5939        563.75833       545.85708       541.07962       546.17584      
7.4066667       1966.8036       1624.5038       1202.6033       771.79962       559.65519       541.94725       537.6316        543.19992      
7.4133333       1961.7746       1619.6409       1198.1143       767.99203       555.71874       538.27555       534.50633       540.63123      
7.42            1956.766        1614.8051       1193.6675       764.24976       551.96518       534.84131       531.62395       538.16355      
7.4266667       1952.1464       1610.3469       1189.5723       760.83231       548.40475       531.66276       529.01609       535.92464      
7.4333333       1947.3383       1605.7028       1185.3274       757.34342       545.01178       528.75449       526.71655       533.94023      
7.44            1942.838        1601.3557       1181.3409       754.01093       541.82859       526.14829       524.87386       532.72896      
7.4466667       1938.3264       1597.0168       1177.4231       750.81919       538.77548       523.76724       523.22028       531.39315      
7.4533333       1934.1128       1592.9714       1173.7746       747.83187       535.90394       521.62223       521.82878       530.26498      
7.46            1929.8456       1588.856        1170.0192       744.69432       533.22811       519.75329       520.75693       529.3903       
7.4666667       1925.8495       1585.0073       1166.5132       741.77105       530.76434       518.19147       520.04096       528.87654      
7.4733333       1921.8323       1581.1373       1163.0023       738.86905       528.48149       516.88536       519.6397        528.62042      
7.48            1918.0296       1577.4733       1159.6735       736.13374       526.43734       515.88904       519.58345       528.70577      
7.4866667       1913.9804       1573.5119       1156.0114       733.09475       524.25123       514.90348       519.67142       528.89199      
7.4933333       1910.4323       1570.1363       1153.0317       730.71326       522.72368       514.54619       520.21953       529.38909      
7.5             1906.8915       1566.7174       1149.9347       728.19861       521.22265       514.27648       521.00688       530.12256      
7.5066667       1903.6632       1563.6131       1147.1549       725.95776       520.05209       514.36732       522.07335       531.03365      
7.5133333       1900.3859       1560.4626       1144.3356       723.68929       518.998         514.68583       523.42828       532.12054      
7.52            1897.3792       1557.5676       1141.7479       721.61159       518.13718       515.04371       524.84367       533.42048      
7.5266667       1894.1817       1554.5103       1139.0431       719.49357       517.45461       515.92966       526.73073       534.96112      
7.5333333       1892.1496       1552.5439       1137.2687       718.04069       517.26676       517.34315       528.99425       536.77519      
7.54            1888.7839       1549.3175       1134.4306       715.93837       516.994         518.69029       531.45611       538.67582      
7.5466667       1886.307        1546.9207       1132.2841       714.2832        516.99287       520.26842       534.03511       540.73866      
7.5533333       1883.9898       1544.7223       1130.4007       712.88694       517.31151       522.18563       536.85985       543.03381      
7.56            1881.9398       1542.777        1128.75         711.67265       517.89556       524.46432       540.06583       545.53749      
7.565           1880.2079       1541.1246       1127.2986       710.50238       518.54695       526.29832       542.44298       546.83313      
7.57            1878.6711       1539.679        1126.0998       709.67339       519.05815       527.94419       544.71736       549.02206      
7.575           1877.3532       1538.407        1125.022        708.95084       519.80404       530.00144       547.3552        551.14853      
7.58            1876.0099       1537.1312       1123.9645       708.23694       520.66667       532.22285       550.25108       553.46059      
7.585           1874.6696       1535.8648       1122.9128       707.58692       521.72946       534.55251       553.13171       555.53821      
7.59            1873.5526       1534.8116       1122.0491       707.08005       522.92284       537.05922       556.22443       557.83994      
7.595           1872.2888       1533.6302       1121.1169       706.57089       524.20521       539.5457        559.18988       560.00129      
7.6             1871.4607       1532.8577       1120.5301       706.30007       525.70324       542.32685       562.48942       562.48896      
7.605           1870.3788       1531.8556       1119.7702       705.93561       527.14926       544.98265       565.54138       564.7023       
7.61            1869.7434       1531.2727       1119.3681       705.84477       528.861         547.98193       568.99097       567.30726      
7.615           1868.8229       1530.4316       1118.7679       705.63753       530.55098       550.81997       572.16239       569.6288       
7.62            1868.3424       1530.0047       1118.5251       705.71037       532.49717       554.01625       575.72741       572.31479      
7.625           1867.6736       1529.4133       1118.1693       705.73789       534.39388       557.02667       578.99227       574.71079      
7.63            1867.3911       1529.1875       1118.1363       706.02922       536.56705       560.40805       582.6527        577.50155      
7.635           1866.9113       1528.7892       1117.9829       706.28698       538.62291       563.5327        585.96415       580.01843      
7.64            1866.7592       1528.6881       1118.0755       706.74387       540.98091       567.02267       589.63558       582.88487      
7.645           1866.4935       1528.4953       1118.1155       707.16431       543.24253       570.24955       592.95096       585.44762      
7.65            1866.5142       1528.5777       1118.4058       707.77919       545.79492       573.81512       596.5815        588.28871      
7.655           1866.5926       1528.7299       1118.7943       708.55733       548.32996       577.27836       600.06454       591.03576      
7.66            1866.832        1529.0416       1119.3169       709.32096       551.00973       580.86021       603.65335       593.88602      
7.665           1867.0611       1529.3315       1119.8109       710.11581       553.73936       584.42495       607.18871       596.70377      
7.67            1867.3258       1529.6584       1120.3649       710.98617       556.46402       587.89781       610.58425       599.43304      
7.675           1867.8797       1530.2872       1121.2612       712.17142       559.53758       591.74706       614.33682       602.52461      
7.68            1868.289        1530.7619       1121.95         713.12598       562.13347       594.89826       617.40036       605.08655      
7.685           1869.08         1531.6254       1123.0472       714.58659       565.35292       598.81979       621.24626       608.30427      
7.69            1869.7257       1532.3402       1123.9909       715.75926       567.86014       601.7155        624.075         610.65325      
7.695           1870.6968       1533.3937       1125.283        717.36866       571.16227       605.51413       627.69426       613.68224      
7.7             1871.5541       1534.3139       1126.4061       718.54317       574.08355       608.77375       630.85588       616.42669      
7.705           1872.5945       1535.4139       1127.6857       719.92955       577.23945       612.28046       634.26641       619.33961      
7.71            1873.6996       1536.5847       1129.0415       721.42406       580.49624       615.9266        637.92293       622.62702      
7.715           1874.9382       1537.8611       1130.4672       722.7641        583.30777       618.91534       640.77423       625.23285      
7.72            1876.1811       1539.175        1132.0138       724.22384       586.73105       622.56257       644.22258       628.29637      
7.725           1877.6075       1540.6542       1133.6656       725.81842       589.51191       625.46412       646.97924       630.6967       
7.73            1879.1497       1542.2622       1135.4929       727.73551       592.78178       628.828         650.11925       633.49147      
7.735           1880.7145       1543.8779       1137.2954       729.5196        595.62727       631.70185       652.8795        635.93383      
7.74            1882.3977       1545.6344       1139.2354       731.47729       598.72913       634.81231       655.79281       638.48773      
7.745           1884.176        1547.4689       1141.2189       733.43136       601.69601       637.74922       658.55124       640.95015      
7.75            1885.8368       1549.184        1143.1375       735.33682       604.61145       640.61076       661.16987       643.27969      
7.755           1887.5268       1550.93         1145.0348       737.15456       607.41478       643.42814       663.71769       645.4835       
7.76            1889.3729       1552.8364       1147.1225       739.14638       610.22117       646.19719       666.36142       648.07258      
7.765           1891.4676       1554.9825       1149.425        741.30249       613.07984       648.90624       668.95964       650.6882       
7.77            1893.4985       1557.0699       1151.6745       743.33137       615.9538        651.54563       671.34819       652.78276      
7.775           1895.7133       1559.3245       1154.0485       745.38419       618.57065       653.98439       673.58852       654.72686      
7.78            1897.8448       1561.5141       1156.4276       747.6932        621.24475       656.4008        675.76906       656.68868      
7.785           1900.0329       1563.7055       1158.6296       749.6268        623.64385       658.41427       677.55099       658.34888      
7.79            1902.0922       1565.829        1160.9335       751.67172       626.0664        660.55402       679.44162       660.13831      
7.795           1905.0346       1568.7591       1163.8381       754.16557       628.44413       662.55513       681.08099       661.48379      
7.8             1906.7991       1570.6102       1165.9418       756.14364       630.6377        664.50282       682.79902       663.21054      
7.805           1909.6593       1573.435        1168.7373       758.43671       632.88742       666.32117       684.17903       664.30034      
7.81            1911.4835       1575.3407       1170.8221       760.24989       634.93357       668.07504       685.67518       665.79516      
7.815           1914.451        1578.2691       1173.6665       762.45336       637.03989       669.71996       686.81817       666.57953      
7.82            1916.4464       1580.3224       1175.8392       764.23647       638.87927       671.28908       687.99618       667.67226      
7.825           1918.9594       1582.8442       1178.3935       766.18204       640.74314       672.69535       688.96654       668.45419      
7.83            1921.2946       1585.1717       1180.707        767.87786       642.337         673.86716       689.78565       669.17963      
7.835           1923.7897       1587.6563       1183.1696       769.72258       643.99843       675.0418        690.52528       669.83099      
7.84            1926.129        1589.9828       1185.446        771.40632       645.49151       676.00572       691.05499       670.30212      
7.845           1928.4617       1592.2954       1187.7146       772.94191       646.91383       676.86574       691.42342       670.59361      
7.85            1930.8161       1594.6147       1189.9478       774.39684       648.10767       677.53382       691.57818       670.68114      
7.855           1933.1036       1596.9169       1192.2716       776.08792       649.4368        678.22236       691.69306       670.75095      
7.86            1935.4772       1599.2495       1194.5069       777.58127       650.52908       678.71938       691.61884       670.58915      
7.865           1937.6987       1601.4497       1196.6308       778.96088       651.56049       679.11356       691.44547       670.3678       
7.87            1939.8006       1603.5225       1198.6157       780.18104       652.41407       679.34729       691.12616       670.02823      
7.875           1942.0526       1605.7103       1200.6401       781.36166       653.13134       679.3818        690.64015       669.52564      
7.88            1943.9814       1607.6111       1202.4665       782.43533       653.70824       679.26652       690.02581       668.989        
7.885           1946.124        1609.6967       1204.3982       783.5311        654.25628       679.13548       689.31169       668.25963      
7.89            1948.0189       1611.5551       1206.1555       784.54857       654.74554       678.85447       688.45884       667.43295      
7.895           1950.0738       1613.5348       1207.9452       785.51326       655.12956       678.44108       687.45597       666.47858      
7.9             1951.7355       1615.1648       1209.4586       786.30011       655.35571       677.85929       686.33232       665.52105      
7.905           1953.6463       1616.9852       1211.073        787.08078       655.45084       677.15591       685.05641       664.38108      
7.91            1955.1746       1618.465        1212.4103       787.69162       655.38655       676.33722       683.70124       663.23537      
7.915           1956.8995       1620.0984       1213.8337       788.40601       655.39657       675.47068       682.2243        661.93055      
7.92            1958.3203       1621.4763       1215.0533       788.95795       655.20684       674.42614       680.63043       660.58989      
7.925           1959.8815       1622.9313       1216.2624       789.73823       654.90199       673.29062       678.91507       659.13351      
7.93            1961.0901       1624.0823       1217.2268       790.15556       654.43771       671.99201       677.09096       657.62072      
7.935           1962.3944       1625.2917       1218.1998       790.47447       653.95756       670.60233       675.14055       655.98397      
7.94            1963.3409       1626.164        1218.8472       790.32601       653.44802       669.14118       673.12861       654.29839      
7.945           1964.4307       1627.1556       1219.6085       790.82444       652.72538       667.51054       670.96125       652.49222      
7.95            1965.2893       1627.954        1220.2468       791.15079       651.95099       665.84564       668.78332       650.73929      
7.955           1966.2173       1628.7825       1220.8382       791.28565       651.05419       664.01407       666.42662       648.78268      
7.96            1966.7913       1629.2876       1221.1621       791.22922       650.06041       662.11979       664.01382       646.74833      
7.965           1967.4681       1629.8609       1221.4912       791.12775       648.93071       660.06415       661.44938       644.56737      
7.97            1967.8337       1630.1587       1221.6081       790.89807       647.74507       657.99323       658.89966       642.42007      
7.975           1968.3303       1630.5523       1221.7577       790.6504        646.42977       655.74196       656.20621       640.23936      
7.98            1968.4449       1630.5966       1221.6249       790.22656       645.1121        653.56383       653.5882        638.13377      
7.985           1968.6701       1630.7204       1221.5075       789.74882       643.60113       651.13173       650.74138       635.79453      
7.99            1968.599        1630.5817       1221.1984       789.18755       642.11947       648.77799       647.98382       633.56585      
7.995           1968.6453       1630.525        1220.8991       788.56922       640.47241       646.21694       645.03117       631.12699      
8               1968.4387       1630.2487       1220.4391       787.86199       638.79248       643.66356       642.12864       628.76693      
