# Probe 0 (0.82450002 0 0.021)
# Probe 1 (0.82450002 0 0.061)
# Probe 2 (0.82450002 0 0.101)
# Probe 3 (0.82450002 0 0.141)
# Probe 4 (0.8035 0 0.161)
# Probe 5 (0.7635 0 0.161)
# Probe 6 (0.7235 0 0.161)
# Probe 7 (0.6835 0 0.161)
# Time          0               1               2               3               4               5               6               7              
0.00011976048   1.2338466       1.2214943       1.189258        1.1252896       0.98081493      0.88996371      0.81525196      0.74632118     
0.00026382019   1.5295926       1.5122981       1.4729371       1.3990963       1.2266408       1.1177552       1.0362966       0.96163717     
0.00043694457   0.29328477      0.29082184      0.28412303      0.27304561      0.24688636      0.23284267      0.22333397      0.214153       
0.00064506218   1.1097602       1.0998166       1.0686521       1.0069479       0.86649768      0.77864073      0.70725273      0.64059121     
0.00089320241   0.96239311      0.95159529      0.92991413      0.88779751      0.7850389       0.72021622      0.67209321      0.63175511     
0.0011917461    0.86356964      0.8550917       0.83161624      0.78749277      0.6848184       0.62378429      0.57535501      0.52946388     
0.0015466188    0.86898518      0.85950124      0.83714493      0.79395486      0.68888685      0.62402967      0.57395909      0.52925994     
0.0019757672    0.86077559      0.85211457      0.82983905      0.78731855      0.6856736       0.62497248      0.57746809      0.53393054     
0.0024907453    0.86621279      0.85727064      0.83531431      0.79311344      0.68872667      0.62567803      0.57709504      0.53341842     
0.0031160758    0.91762341      0.90807972      0.88407963      0.83838697      0.72778222      0.66206968      0.61068224      0.56359365     
0.0038501595    0.92217828      0.91286618      0.88940292      0.84403009      0.73190184      0.66518588      0.61309167      0.56591245     
0.0047473729    0.92028493      0.91089993      0.88717475      0.8419558       0.73122915      0.66696022      0.6165688       0.57045511     
0.0058368462    0.90316764      0.89429124      0.87178099      0.82855701      0.71953011      0.65680567      0.60816539      0.56432996     
0.0071244057    0.91612224      0.90712209      0.88421536      0.84007379      0.72606183      0.66034558      0.6095379       0.56371343     
0.008733855     0.93767984      0.9283712       0.90443772      0.85840082      0.73987242      0.6726073       0.62023687      0.57269286     
0.010611546     0.95954105      0.95003425      0.92537968      0.87792155      0.75608615      0.68799878      0.63430507      0.58505062     
0.012958659     0.97069046      0.96148104      0.93729916      0.8905726       0.76622445      0.69776349      0.64463601      0.59654715     
0.015305773     0.97922267      0.96990298      0.94546867      0.89834961      0.77295474      0.7059289       0.65377176      0.60660461     
0.017652886     0.97997963      0.97099369      0.9467158       0.89945842      0.76997846      0.70090179      0.64714007      0.59842329     
0.02            0.99823663      0.98909588      0.96423789      0.91580323      0.78309891      0.71368274      0.65944875      0.61018635     
0.022857143     1.0044048       0.99548908      0.97067616      0.9220891       0.78651617      0.71657677      0.66194413      0.61227107     
0.026285714     1.0146953       1.005798        0.98087729      0.93183407      0.79291196      0.72260915      0.66767181      0.61780595     
0.030857143     1.0242887       1.0154538       0.99036572      0.94092926      0.79781389      0.72713158      0.67196036      0.62188338     
0.035428571     1.038493        1.0298557       1.0046884       0.95454097      0.80728509      0.73669239      0.68136633      0.63128399     
0.04            1.0349704       1.0266909       1.0018682       0.95224769      0.80279182      0.73348423      0.67915612      0.62962501     
0.045           1.0464352       1.0383924       1.0133808       0.96262823      0.80741992      0.73697471      0.68146527      0.63104196     
0.05            1.0435455       1.0359742       1.011684        0.96169113      0.8044157       0.73541994      0.68101237      0.63174121     
0.055           1.0553035       1.0477126       1.0229895       0.97196799      0.8095679       0.74038446      0.6854423       0.63542544     
0.06            1.0627173       1.0553186       1.0306911       0.97941405      0.81325277      0.74475419      0.69010344      0.64027234     
0.066666667     1.0800202       1.0726441       1.0475383       0.99475212      0.82205168      0.75322355      0.69780124      0.64718936     
0.073333333     1.0798023       1.0727399       1.0479657       0.99534171      0.81860317      0.7516974       0.69747792      0.64774452     
0.08            1.0786461       1.0718395       1.0473157       0.99453602      0.81273119      0.74687461      0.69309489      0.6436445      
0.086666667     1.0765931       1.070062        1.0457301       0.99264617      0.80623938      0.74188436      0.68882482      0.63989806     
0.093333333     1.0749946       1.0687782       1.0446026       0.99110026      0.79988593      0.73695562      0.68445833      0.63583307     
0.1             1.0669418       1.0612288       1.0375634       0.98390553      0.78791805      0.72616621      0.67411576      0.62571209     
0.10666667      1.0588111       1.0535226       1.0303365       0.97683599      0.778023        0.71944194      0.66924337      0.62249355     
0.11333333      1.0550336       1.0499544       1.02698         0.97318695      0.77045986      0.71433302      0.66530484      0.61960885     
0.12            1.0374911       1.032779        1.0103244       0.95662457      0.7497885       0.69552476      0.64739017      0.60232211     
0.12666667      1.033784        1.0291895       1.006859        0.95291651      0.74267343      0.69144477      0.64500845      0.60140025     
0.13333333      1.0256799       1.0213409       0.99919105      0.94473711      0.7289687       0.67888604      0.63286006      0.58904307     
0.14            1.0072322       1.002993        0.9807208       0.92592303      0.70716396      0.66061773      0.61672262      0.57444524     
0.145           0.96948245      0.96626465      0.94611215      0.89394061      0.67869061      0.63860861      0.59888307      0.56072923     
0.15            0.97775198      0.97446717      0.95377965      0.90008685      0.67760567      0.63623701      0.59531145      0.55569247     
0.155           0.97179246      0.9685772       0.94800043      0.89398581      0.66972378      0.6309579       0.59141418      0.55301604     
0.16            0.96060248      0.95756677      0.93713464      0.88277741      0.65486934      0.61757933      0.57879605      0.54087573     
0.165           0.96574617      0.96266026      0.94185497      0.88624851      0.65365793      0.61733191      0.57868269      0.54059646     
0.17            0.94509331      0.94233582      0.92186606      0.866162        0.63127158      0.59763053      0.56055885      0.52363928     
0.175           0.9483279       0.94542074      0.92458643      0.86791595      0.62980818      0.59849502      0.56263844      0.52674069     
0.18            0.94498054      0.94215872      0.9212215       0.86359614      0.62072227      0.59047047      0.55496226      0.51928458     
0.185           0.95673758      0.95367976      0.93196654      0.87248445      0.62368723      0.59404746      0.55848207      0.52242621     
0.19            0.96472539      0.96153948      0.93935943      0.87840221      0.62424324      0.59578418      0.56063129      0.5249295      
0.195           0.95560538      0.95242219      0.92991575      0.86765853      0.60818358      0.5808886       0.54602179      0.51027582     
0.2             0.97269486      0.96918751      0.94572664      0.8814029       0.61680916      0.59159401      0.55777553      0.52281209     
0.205           0.98747985      0.98374988      0.95936077      0.89250414      0.6197211       0.59422442      0.55957044      0.52369199     
0.21            1.0030284       0.99893118      0.97342949      0.90399264      0.62409042      0.5997339       0.56521845      0.52930203     
0.215           1.0189428       1.0144652       0.98783516      0.91565432      0.62738831      0.60321986      0.56828048      0.53184586     
0.22            1.0428707       1.0379643       1.0098405       0.93416065      0.63649475      0.61254133      0.57692762      0.53967618     
0.225           1.058142        1.0526969       1.0231525       0.94431091      0.63796793      0.61482712      0.57917616      0.54172577     
0.23            1.0956322       1.0895479       1.0579849       0.97473692      0.65720321      0.63418932      0.5977541       0.55948726     
0.235           1.1316117       1.1247475       1.0910377       1.003135        0.67312775      0.64943337      0.61174278      0.5721994      
0.24            1.1518138       1.1443068       1.1086616       1.0164619       0.67543207      0.65269356      0.61470378      0.57471283     
0.245           1.1952751       1.1867883       1.1483656       1.0503468       0.69452713      0.67082638      0.63124545      0.58960642     
0.25            1.236951        1.2273997       1.1861692       1.0822536       0.71199447      0.68864525      0.64809321      0.6055548      
0.255           1.2881204       1.2773448       1.2327842       1.1220974       0.73546099      0.71185669      0.67012321      0.62642029     
0.26            1.3475172       1.3353724       1.2870002       1.1685736       0.76327622      0.73879357      0.69511507      0.64941814     
0.264           1.3321795       1.3204002       1.2723109       1.1534651       0.74455094      0.72663095      0.68593219      0.64244375     
0.268           1.3869889       1.3735739       1.3214509       1.194737        0.76520856      0.74348416      0.69977561      0.65356197     
0.272           1.4383686       1.4236175       1.3677793       1.2337243       0.78969192      0.76931055      0.72466524      0.67732993     
0.276           1.4888503       1.4727169       1.413236        1.2718261       0.80916387      0.78828176      0.7422948       0.6937439      
0.28            1.5518233       1.5338935       1.4696341       1.3188958       0.83623174      0.81506489      0.76697844      0.71621305     
0.284           1.6084117       1.588818        1.5201885       1.3607939       0.85782099      0.83707651      0.78778128      0.73586983     
0.288           1.672918        1.6511799       1.5769985       1.4071018       0.88156975      0.86103961      0.81008294      0.75647983     
0.292           1.7358784       1.7120923       1.632459        1.4519939       0.9030808       0.88305599      0.83050612      0.77521291     
0.296           1.8144015       1.7880145       1.7017928       1.5089392       0.93341721      0.91331485      0.85866078      0.80129824     
0.3             1.8902508       1.8611826       1.7680076       1.5621498       0.95949255      0.94057138      0.88436789      0.82527121     
0.304           1.9718574       1.9396765       1.8386651       1.6183783       0.98582337      0.96781542      0.90988244      0.84905699     
0.308           2.0570241       2.0213593       1.9117027       1.6756974       1.0114146       0.99490927      0.93521602      0.87255191     
0.312           2.1471348       2.1077013       1.9886444       1.7357216       1.0376992       1.0233442       0.96220479      0.89794708     
0.316           2.2482382       2.2042365       2.0740686       1.8015292       1.065565        1.0530826       0.99006206      0.92392203     
0.32            2.345875        2.2971856       2.1554934       1.8628753       1.0885564       1.0797167       1.015478        0.94781015     
0.324           2.4650324       2.4103679       2.254452        1.9375677       1.1182045       1.1119853       1.0458293       0.976175       
0.328           2.577029        2.5162299       2.3456823       2.0041883       1.1402571       1.1394847       1.0725254       1.0016019      
0.332           2.7115153       2.642924        2.4543375       2.0831855       1.1670227       1.1707805       1.1023486       1.0299567      
0.336           2.8344286       2.7575737       2.5499286       2.1482381       1.1801409       1.1918568       1.12335         1.0502662      
0.34            2.988119        2.9009803       2.6700822       2.2317041       1.2023315       1.2206415       1.150915        1.0763759      
0.344           3.1485185       3.0498135       2.7931311       2.3152504       1.2222792       1.2504496       1.1805398       1.1050184      
0.348           3.3305807       3.2178472       2.9305432       2.4068769       1.2425275       1.2812601       1.2112771       1.1351646      
0.352           3.5197996       3.3906544       3.0681765       2.4938434       1.2536942       1.3062877       1.2372922       1.1611216      
0.356           3.7245468       3.575762        3.2121362       2.5800993       1.2565915       1.3250494       1.2574257       1.1816885      
0.36            3.9575929       3.7846479       3.3715934       2.6725714       1.2567587       1.3439469       1.2781008       1.202953       
0.36333333      3.9833539       3.799567        3.365841        2.6418676       1.191074        1.3141491       1.2596488       1.1910212      
0.36666667      4.2807816       4.064781        3.5671896       2.7605989       1.1997931       1.3363311       1.2800363       1.2100585      
0.37            4.4876731       4.2444842       3.6950852       2.8250633       1.1833014       1.3487778       1.2984269       1.2314713      
0.37333333      4.7878445       4.5053498       3.8815247       2.9229945       1.1743685       1.36474         1.3179206       1.2526991      
0.37666667      5.0910757       4.7635941       4.0579841       3.0060877       1.1482809       1.370675        1.3296036       1.267536       
0.38            5.4388053       5.056338        4.2530888       3.0948189       1.1143505       1.3751243       1.3407195       1.2823667      
0.38285714      5.5867521       5.1660393       4.2997164       3.0804775       1.0361357       1.3521266       1.3287166       1.276483       
0.38571429      6.0051191       5.5111993       4.5213431       3.1753023       0.99908605      1.3478575       1.3295931       1.2808818      
0.38809524      6.091642        5.5644527       4.5250456       3.1382754       0.92154664      1.3273349       1.3205395       1.2771261      
0.39047619      6.5367839       5.9236407       4.7462326       3.2286367       0.89926544      1.3229372       1.3222142       1.2832014      
0.39285714      6.8965416       6.2080157       4.912389        3.2877          0.86985296      1.3221048       1.3301074       1.2953264      
0.3952381       7.3445089       6.555483        5.1076007       3.3516188       0.82595575      1.3150972       1.3332968       1.3041479      
0.39761905      7.8395911       6.9357604       5.3197857       3.4225454       0.77920345      1.3082733       1.3353374       1.3113935      
0.4             8.4459457       7.3864395       5.5504298       3.4841108       0.71639999      1.2954846       1.3357147       1.3180947      
0.402           8.6759762       7.5307649       5.5898671       3.4526298       0.6290118       1.2640376       1.3173168       1.3077933      
0.4038          9.1354185       7.8471251       5.7219865       3.4614678       0.5271555       1.2326225       1.299805        1.2968499      
0.4056          9.7201409       8.2639045       5.9247949       3.5150754       0.46518447      1.2170904       1.2940736       1.2963189      
0.4074          10.360775       8.71292         6.1369701       3.568138        0.41838561      1.210097        1.2962947       1.3039139      
0.408975        10.799331       8.9889795       6.2314391       3.5604691       0.31870656      1.1859376       1.2873051       1.3023579      
0.41055         11.485507       9.4485049       6.4304109       3.6022903       0.23887101      1.1619385       1.276024        1.2975492      
0.412125        12.215569       9.9275274       6.6307704       3.6402466       0.1704702       1.1425402       1.2682468       1.2956137      
0.4137          13.064179       10.470587       6.8520445       3.683508        0.095293321     1.125373        1.2636281       1.2974534      
0.41496         13.503344       10.694316       6.8870144       3.6400336       -0.016257931    1.1013948       1.2530979       1.2932934      
0.41622         14.334225       11.207869       7.0912297       3.6849053       -0.10593921     1.0764491       1.2405051       1.2873152      
0.41748         15.115568       11.661963       7.2474606       3.7018997       -0.17392353     1.0547807       1.2303293       1.2824701      
0.41874         16.004205       12.173698       7.4257641       3.7257324       -0.23883562     1.0346152       1.2221485       1.2803822      
0.42            16.994169       12.725154       7.6108936       3.7523964       -0.30523291     1.0141608       1.2145663       1.2789937      
0.42117647      17.883629       13.190859       7.74447         3.7609411       -0.41062668     0.98564905      1.2033703       1.2761139      
0.42228374      18.817734       13.679093       7.8972005       3.7857497       -0.49325334     0.96103816      1.1911601       1.2702499      
0.42332587      19.772912       14.131858       7.9936103       3.7671991       -0.56962493     0.93307336      1.1791524       1.2641183      
0.424368        20.814203       14.657025       8.1556944       3.7958078       -0.62951799     0.91611684      1.1678877       1.2577905      
0.425345        21.799464       15.079777       8.2242597       3.7670228       -0.71236398     0.89398747      1.1587532       1.2534146      
0.426322        22.944129       15.602106       8.3467756       3.7680621       -0.76462736     0.86081037      1.1427782       1.2452664      
0.42723387      24.028787       16.037757       8.4184769       3.7595285       -0.82661088     0.83151381      1.1301319       1.2388819      
0.42814574      25.349145       16.607572       8.5478703       3.7704076       -0.88687916     0.8090214       1.1183852       1.2323056      
0.42899247      26.526865       17.068966       8.6280533       3.7607147       -0.95735805     0.78375714      1.1070568       1.2269124      
0.4298392       28.05864        17.67565        8.7409652       3.7637935       -1.0190215      0.76239849      1.0976503       1.2215593      
0.4306208       29.260555       18.123071       8.8192024       3.7632908       -1.081484       0.74441853      1.0875794       1.2174825      
0.4314024       30.901989       18.708458       8.9000663       3.7605784       -1.1364449      0.72518639      1.0802128       1.2122915      
0.432184        32.50711        19.29477        9.0006592       3.7719552       -1.185477       0.70556713      1.0704797       1.2079709      
0.43289455      33.942221       19.7257         9.0187773       3.7448213       -1.2522795      0.68387506      1.0600812       1.201466       
0.43360509      35.742373       20.318617       9.0908693       3.7369036       -1.3178626      0.65600596      1.0463383       1.1925467      
0.43431564      37.647795       20.933969       9.1654579       3.7347562       -1.3745401      0.63396772      1.0361232       1.1868337      
0.43502618      39.788919       21.610253       9.2454962       3.7375137       -1.4251763      0.61321392      1.0258005       1.1807401      
0.43564791      41.457945       22.057889       9.2477444       3.7126667       -1.4992474      0.58752819      1.0119797       1.1725521      
0.43626964      43.682598       22.680437       9.2708578       3.7054923       -1.5445807      0.57732806      1.011062        1.1727944      
0.43689136      46.056364       23.413484       9.3612114       3.7129535       -1.6015679      0.55299508      0.99903377      1.1660991      
0.43751309      48.688037       24.161313       9.4242797       3.7289886       -1.6421372      0.53915888      0.98726753      1.1579977      
0.43813482      51.50665        24.9439         9.4630359       3.7118654       -1.6968597      0.51223097      0.98100591      1.1549303      
0.43875655      54.606817       25.774716       9.4939802       3.7121496       -1.7383777      0.49456826      0.97268973      1.1496793      
0.43937827      58.003092       26.65979        9.4994609       3.7048107       -1.7931165      0.47294175      0.96313333      1.143827       
0.44            61.727188       27.612835       9.5169424       3.7136861       -1.8407837      0.45015634      0.9507976       1.1363206      
0.44057143      65.040275       28.383156       9.4424363       3.6892787       -1.9060344      0.42820915      0.94226072      1.1319647      
0.44112653      68.936324       29.344482       9.4033425       3.6964753       -1.9572773      0.40835796      0.93170477      1.1232832      
0.44168163      73.359466       30.455738       9.3106999       3.6542214       -2.0165738      0.39177235      0.92833231      1.1216415      
0.44222041      77.627089       31.475031       9.2931026       3.7259799       -2.0579431      0.3668523       0.91023093      1.1076915      
0.44275918      82.923224       32.815782       9.1264761       3.6453598       -2.114904       0.35605224      0.91298078      1.1113748      
0.44329796      88.459776       34.218266       9.0781361       3.6880905       -2.157104       0.33225835      0.89849689      1.1018209      
0.4438199       94.298734       35.702747       8.900119        3.6817203       -2.201187       0.32598302      0.90020314      1.1049383      
0.44434184      101.0121        37.427103       8.766347        3.7074781       -2.2581115      0.29137233      0.880078        1.088932       
0.44486378      108.26944       39.298974       8.4578077       3.6301242       -2.3155436      0.25859623      0.86875261      1.0869245      
0.44536832      115.76222       41.295863       8.188793        3.6493905       -2.3604129      0.23233056      0.85266445      1.0729707      
0.44587286      124.36543       43.603729       7.7967608       3.5693471       -2.4225081      0.22122461      0.85367831      1.0774129      
0.4463774       133.74862       46.162573       7.4412375       3.5792985       -2.4628186      0.18997363      0.83600169      1.0623905      
0.44688194      144.06385       49.06046        6.9408218       3.4770995       -2.5332973      0.18154793      0.83552572      1.0646449      
0.44736779      154.33719       52.073457       6.4491494       3.4369343       -2.6088723      0.15108242      0.81711946      1.0510333      
0.44785365      166.51613       55.631746       5.8950152       3.3251379       -2.6947948      0.1284151       0.81494679      1.0541811      
0.4483395       179.4617        59.529347       5.3313587       3.2614414       -2.7630032      0.090027996     0.79225895      1.0383837      
0.44882536      193.92842       63.894841       4.6497144       3.1313444       -2.8334858      0.068983674     0.78424035      1.0341773      
0.44931121      209.74202       68.728601       3.9414958       2.9881915       -2.9186564      0.019869039     0.7586253       1.0178076      
0.44977594      225.30534       73.783201       3.2274367       2.819904        -2.9845285      -0.0098067585   0.75189553      1.0178422      
0.45024067      243.82415       79.399065       2.5727068       2.622679        -3.0708161      -0.045105979    0.73314435      1.006258       
0.4507054       263.39063       85.590292       2.0540535       2.45396         -3.1455011      -0.063947695    0.72961751      1.0065894      
0.45117013      285.99862       92.735506       1.6268583       2.1947702       -3.2566849      -0.1116777      0.70431363      0.99002581     
0.45161162      307.6687        100.03185       1.2711616       1.9119699       -3.3590536      -0.14417107     0.69142154      0.98338761     
0.45205312      333.50855       107.72883       1.1233994       1.5853764       -3.4557407      -0.17887457     0.68263241      0.98092151     
0.45247137      356.76329       115.67411       1.1281137       1.1977959       -3.5499667      -0.20307647     0.66876692      0.97171237     
0.45288963      387.32148       125.43015       1.5258836       0.85140656      -3.6698778      -0.24797662     0.65640565      0.96972495     
0.45330789      417.67212       134.68077       1.9567416       0.50197279      -3.7393099      -0.26179444     0.64851047      0.96274554     
0.45367967      442.38981       143.61874       2.5818904       0.031138334     -3.9472037      -0.33549318     0.61733922      0.94710042     
0.45405146      476.80939       152.63106       3.7514171       -0.24553296     -4.049696       -0.37071685     0.60319992      0.93839348     
0.45442324      510.83202       161.73584       3.9139926       -0.65138931     -4.1475475      -0.39963906     0.59172188      0.93177117     
0.45477179      541.01405       169.76532       4.5566556       -0.98470379     -4.2807133      -0.4334408      0.57798083      0.92458656     
0.45512033      579.01344       178.93597       5.2200071       -1.481849       -4.4367855      -0.48103679     0.55791921      0.91592328     
0.45546888      616.85559       188.17018       6.221084        -1.8567937      -4.5736783      -0.53326625     0.5386251       0.90304288     
0.45581743      658.90872       198.05702       8.0394033       -2.5203815      -4.6939146      -0.57088969     0.52290809      0.89314957     
0.45616598      704.02895       208.9515        9.5400734       -3.0557054      -4.8240641      -0.61156911     0.50644522      0.8821377      
0.45651452      753.18308       219.75949       11.356315       -3.6475471      -4.9526394      -0.64466072     0.49532103      0.87606284     
0.45680498      781.00844       226.54777       12.178381       -4.2202863      -5.2397558      -0.71634638     0.46021937      0.8609861      
0.45709544      833.49236       235.0138        13.0061         -4.673068       -5.3625173      -0.7494315      0.45354584      0.86166294     
0.45738589      879.47413       244.61748       13.845096       -4.8945589      -5.4967737      -0.78810465     0.43630422      0.84738163     
0.45767635      934.48734       255.67274       14.422035       -4.7474552      -5.7400773      -0.88118016     0.39416401      0.82468825     
0.45796681      996.65896       269.70879       14.166927       -4.8594207      -5.9050964      -0.94161391     0.36627798      0.8073158      
0.45825726      1058.8195       276.79346       13.814759       -5.3118673      -6.0236591      -0.97313746     0.35728113      0.8030967      
0.45854772      1124.827        284.4628        16.5937         -4.1085934      -6.4721601      -1.136818       0.27965393      0.76153133     
0.45883817      1196.7723       293.16852       18.575249       -6.7607955      -6.5760871      -1.2062736      0.24119003      0.73830549     
0.45907054      1235.13         299.54924       19.860785       -6.2215029      -7.0789545      -1.306853       0.19873819      0.7158042      
0.4593029       1308.8448       309.16901       24.251746       -6.1268363      -7.3893856      -1.3946465      0.16606145      0.70609209     
0.45953527      1368.4451       317.11912       28.299376       -7.5764059      -7.3205116      -1.3889507      0.15741786      0.69577447     
0.45976763      1438.4149       325.14362       31.898547       -7.1878557      -7.7941124      -1.517211       0.11152471      0.67444184     
0.46            1525.2448       328.51923       35.354731       -8.9253954      -8.0530871      -1.6069297      0.072818623     0.65240108     
0.4602439       1622.5011       341.31102       38.70362        -8.2496513      -8.523403       -1.7847243      -0.011390968    0.60460356     
0.46048483      1721.1521       350.7917        41.908878       -8.6164962      -8.9545214      -1.9240428      -0.077225631    0.56393007     
0.46072576      1836.7367       362.41165       44.584057       -8.2774818      -9.4297725      -2.1088458      -0.16597171     0.51359015     
0.46096669      1959.479        371.35132       43.41596        -8.3978584      -9.8444208      -2.2483327      -0.2343858      0.47412108     
0.46120761      2095.8201       380.97089       41.458159       -8.4472148      -10.574728      -2.4288788      -0.30816028     0.43527958     
0.46144854      2245.5477       393.75436       41.444136       -7.8890182      -10.88243       -2.5857086      -0.3887215      0.38853192     
0.46168638      2426.8885       412.29069       44.087092       -6.8967063      -11.883657      -2.8472181      -0.50417684     0.32660606     
0.46192422      2600.3306       426.22882       42.902626       -6.3279848      -12.448734      -3.0816337      -0.61797438     0.26240843     
0.46216206      2790.5127       445.09562       42.277975       -5.8831438      -13.039322      -3.3373947      -0.75032286     0.18818125     
0.4623999       2996.5909       467.81062       42.763931       -5.8741704      -13.599482      -3.6234368      -0.89082451     0.10739617     
0.46263774      3214.3363       501.27213       41.564883       -5.3928151      -14.889502      -4.1222638      -1.1106001      -0.0080437049  
0.46287558      3482.6546       515.42588       39.730841       -3.970414       -15.432356      -4.4121921      -1.2943547      -0.11001369    
0.46311342      3811.2615       533.56307       41.846045       -3.145632       -15.532755      -4.513465       -1.3868853      -0.17316842    
0.46335126      4195.4718       542.49244       41.222864       -2.05001        -15.798271      -4.7135696      -1.468072       -0.2224359     
0.4635891       4675.0809       548.08298       41.088154       0.54810445      -15.935463      -4.8865069      -1.5638673      -0.27860557    
0.46382693      5071.132        544.44437       40.587381       2.7042758       -15.46357       -4.8755706      -1.5812177      -0.29637101    
0.46406477      5534.8198       546.22716       40.826221       5.6646078       -15.816578      -5.0295384      -1.6452535      -0.32471704    
0.46430261      5984.9112       556.92468       47.713035       8.3909622       -15.876581      -5.2048641      -1.7269968      -0.36937012    
0.46454411      6460.7707       586.57833       45.308192       11.802247       -15.580945      -5.3847345      -1.8400867      -0.4205713     
0.46478561      6953.7082       601.8612        43.360899       10.444306       -15.118029      -5.5312107      -1.9207673      -0.46346857    
0.46502711      7481.3006       623.51741       47.255705       11.13497        -15.127206      -5.6431921      -1.990396       -0.50617936    
0.46526477      8036.3569       653.05156       48.691262       10.632861       -15.028886      -5.6847392      -2.0330892      -0.53382308    
0.46550244      8828.0333       653.7004        47.98954        9.4044596       -15.212351      -5.7670558      -2.0787272      -0.55867485    
0.46574406      9475.5928       675.33143       47.015679       9.2397649       -15.337605      -5.8650302      -2.1489356      -0.59424624    
0.46598569      10126.183       676.75927       57.905276       8.716688        -15.803658      -6.0203068      -2.2254828      -0.63753785    
0.46622732      11346.344       687.80272       61.439859       6.9645865       -16.364922      -6.169712       -2.3138138      -0.68886615    
0.46646894      12206.428       696.29345       79.337016       2.5523616       -16.755959      -6.2893341      -2.3887999      -0.73375086    
0.46671057      12977.996       702.94025       109.97721       2.3152796       -17.377134      -6.4562099      -2.474355       -0.78240229    
0.46695667      13121.735       711.7164        130.6189        4.667936        -18.18691       -6.690011       -2.592418       -0.8465633     
0.46720277      13719.71        666.05062       164.74521       2.4034193       -19.837735      -7.1476153      -2.8347439      -0.9869256     
0.46744887      13966.925       660.42478       158.6477        1.1564896       -20.798026      -7.3752951      -2.9606157      -1.0506023     
0.46769497      14105.614       664.81227       163.96416       1.6905095       -22.361063      -7.8379182      -3.2431307      -1.2469388     
0.46794609      13898.609       671.81616       163.538         0.72388332      -24.148997      -8.2540018      -3.4007182      -1.3117676     
0.46819722      13607.356       690.32561       160.82411       -1.4380078      -25.368113      -8.8477635      -3.7109642      -1.4948628     
0.46844834      13236.936       679.24121       163.96208       -4.4348137      -26.084861      -9.2970877      -3.9239208      -1.5996753     
0.46869946      12877.149       627.3191        169.70428       -3.8311449      -26.646228      -9.853244       -4.2309269      -1.7822435     
0.46895059      12626.798       671.47678       164.4814        -4.5825063      -26.947429      -10.282063      -4.4336084      -1.8683966     
0.46920171      12911.298       719.61139       154.42133       -3.3744783      -26.503623      -10.685763      -4.7249399      -2.0718503     
0.46945283      12293.31        1170.8003       152.17783       -0.85316301     -26.400414      -10.888777      -4.7910677      -2.072808      
0.46971008      12182.275       1555.449        141.28936       7.1846421       -25.740776      -11.178179      -4.9921884      -2.1845324     
0.46996733      11774.218       2084.2911       147.50902       19.094984       -26.202268      -11.472307      -5.0892696      -2.234869      
0.47022458      11508.03        2433.9521       127.79373       40.732928       -25.323411      -11.669618      -5.2561381      -2.3446028     
0.47048878      11115.576       3071.8994       109.28525       54.599007       -24.55752       -11.667579      -5.2709887      -2.3414103     
0.47075298      10683.013       3398.5436       99.605406       60.960138       -24.07853       -11.789043      -5.3252349      -2.3632923     
0.47101718      10068.962       3309.6516       96.255778       63.735133       -24.405852      -12.04225       -5.441904       -2.4167849     
0.47128138      9790.5674       3339.0025       91.619946       63.075507       -24.276612      -12.23385       -5.5421878      -2.4604114     
0.47154558      9543.5381       3068.7278       94.719759       47.654298       -25.800529      -12.965997      -5.8707095      -2.6146606     
0.4718183       9328.9195       3183.6634       95.560123       60.239534       -25.612256      -13.147732      -6.0924955      -2.763076      
0.47209103      9138.7534       3126.2668       88.939251       49.744494       -26.048319      -13.306262      -6.2436418      -2.8440394     
0.47236375      8925.5608       3247.196        99.811201       49.671512       -26.728293      -13.281837      -6.3338205      -2.9124652     
0.47262707      8646.7477       3365.2503       111.50339       56.70382        -30.107259      -14.001625      -6.7714061      -3.168343      
0.47289039      8493.867        3157.3685       115.79792       57.460686       -34.221072      -14.815804      -7.2122101      -3.4012468     
0.47315371      8360.7892       3200.5569       168.64218       67.394506       -37.856202      -16.107934      -7.9125504      -3.8080898     
0.47341702      8298.9579       3203.7723       214.94375       77.252191       -41.286902      -16.515025      -8.175334       -3.9707422     
0.47368034      8231.5373       3413.211        270.08332       86.090309       -39.11486       -15.944108      -7.9630313      -3.9023705     
0.47394366      8138.73         3342.4055       416.64437       87.330661       -41.161582      -16.319472      -8.1297691      -4.0035559     
0.47420698      8032.8614       3280.5492       520.91506       91.932829       -38.938568      -15.954842      -8.0270497      -3.9734692     
0.4744703       7960.1192       3159.6316       843.53278       103.68462       -38.203713      -15.643099      -7.8302015      -3.8791124     
0.47473362      7908.4425       3107.1819       978.96093       97.458063       -37.406949      -15.633704      -7.8431906      -3.8863354     
0.47499694      7870.7293       3040.7602       1177.8007       86.395028       -37.096464      -15.74619       -7.9160719      -3.9477454     
0.47526026      7849.0626       3032.3434       1309.8488       73.52697        -36.869719      -15.998009      -8.0121113      -3.9871528     
0.47553907      7835.841        3078.9216       1162.381        41.293452       -36.158713      -16.299123      -8.1973489      -4.0811461     
0.47581787      7838.2154       3099.9951       1130.6562       31.985649       -35.58256       -16.532809      -8.367075       -4.1901419     
0.47609668      7827.9485       2976.967        1058.6295       25.602744       -34.945644      -16.739445      -8.5514069      -4.3099569     
0.47637549      7823.377        2903.0785       1062.4097       19.119475       -34.353534      -16.980826      -8.7449355      -4.4356525     
0.4766543       7852.4997       2913.3451       1045.2906       19.094386       -34.471003      -17.551874      -9.1230586      -4.6695272     
0.47693311      7891.9245       2904.1309       1062.929        19.82286        -34.810285      -18.130911      -9.4746085      -4.8624208     
0.47721192      7953.2819       2926.5719       1065.5804       33.234651       -33.848095      -18.388875      -9.6903257      -5.0035645     
0.47749072      8006.8542       2965.485        1073.6708       53.185747       -33.327789      -18.702884      -9.9331815      -5.1579771     
0.47776953      8072.4517       3015.8137       1071.2765       51.772599       -32.09614       -19.169473      -10.35652       -5.4453887     
0.47804834      8123.7863       3010.2684       1066.0535       75.429252       -32.781214      -20.364338      -11.115283      -5.8754784     
0.47832715      8183.6827       3004.4358       1057.136        109.87321       -34.299372      -21.614999      -11.938091      -6.3947714     
0.47860596      8252.3367       3038.7897       1047.0151       165.09811       -34.606499      -22.807784      -12.746809      -6.8643302     
0.47888477      8317.9016       3065.8152       1036.7252       233.60119       -34.161471      -23.758536      -13.495103      -7.368521      
0.47916357      8384.7393       3098.6682       1027.0023       316.06216       -39.987026      -29.109862      -16.789351      -9.2536105     
0.47944238      8460.8306       3145.5605       1022.8889       562.42786       -37.214776      -28.237872      -16.519444      -9.1609935     
0.47972119      8546.5108       3206.892        1017.0413       771.9325        -34.842314      -28.036944      -16.748795      -9.4134257     
0.48            8631.4536       3277.7093       1014.087        978.27653       -31.956332      -27.068182      -16.418142      -9.3202584     
0.4803125       8697.5262       3331.7118       1012.7531       1076.6057       -28.962148      -25.94658       -15.975432      -9.1442271     
0.48063525      8789.6124       3393.1477       1022.4483       1063.5652       -27.509972      -25.316497      -15.828839      -9.1452078     
0.48095799      8912.6735       3477.649        1043.5128       1042.5172       -26.058228      -24.423023      -15.564074      -9.1067511     
0.48128074      9028.5959       3560.6942       1057.427        1016.8067       -25.499957      -23.179132      -14.961336      -8.8569669     
0.48160348      9126.9036       3648.4215       1067.369        996.87493       -24.805521      -22.28512       -14.625073      -8.7390963     
0.48193199      9242.1002       3748.6919       1067.3087       988.42051       -24.033697      -21.385033      -14.180155      -8.483507      
0.4822605       9378.6399       3868.1012       1083.3376       977.11639       -25.415842      -21.102051      -13.933134      -8.3153202     
0.48258901      9525.5079       3990.8446       1120.4765       973.21064       -27.765759      -21.383409      -14.101848      -8.416022      
0.48291752      9672.219        4108.2416       1130.5775       963.3689        -31.272729      -21.394256      -14.02692       -8.4069575     
0.48327341      9802.27         4231.757        1145.7187       951.17446       -34.209318      -22.010722      -14.238931      -8.4724926     
0.48363703      9927.7212       4342.3769       1151.6647       931.67128       -39.215661      -24.293868      -15.790499      -9.3743078     
0.48400891      10063.723       4481.1436       1191.6173       919.49461       -39.143393      -22.475758      -14.991837      -9.1395628     
0.4843808       10158.159       4610.8653       1244.359        911.6432        -41.86752       -22.525581      -14.896682      -9.0953251     
0.48472035      10262.016       4728.979        1259.1295       903.27184       -39.751852      -21.154792      -14.18757       -8.8125473     
0.48506761      10345.439       4837.5115       1269.8586       899.76692       -37.100478      -19.735155      -13.433343      -8.4703632     
0.48541488      10428.247       4947.1153       1290.4299       900.40564       -36.636083      -19.621275      -13.38767       -8.4882705     
0.48577061      10509.765       5063.218        1347.8991       905.87375       -36.731403      -20.049508      -13.659432      -8.6537063     
0.48612635      10606.912       5166.0724       1365.6987       917.02745       -35.114418      -18.134884      -12.3691        -7.9517094     
0.48648208      10691.137       5297.2052       1372.4208       933.71197       -33.586922      -16.531894      -11.130304      -7.1957012     
0.48684743      10770.547       5451.7641       1395.0327       953.44284       -29.472069      -14.57949       -9.9464814      -6.521131      
0.48721278      10850.134       5603.3082       1418.0211       975.02344       -26.422963      -13.544633      -9.3221484      -6.1662654     
0.48758887      10932.771       5774.1984       1447.6052       1006.9836       -23.779242      -12.763287      -8.8667948      -5.9207484     
0.48796497      11009.417       5939.149        1466.2544       1033.8881       -21.793056      -12.311485      -8.6259644      -5.8201705     
0.48834106      11075.3         6118.9318       1504.5013       1055.0011       -19.949319      -11.686816      -8.3018989      -5.6757318     
0.48871716      11187.203       6338.2446       1540.456        1071.3354       -18.927446      -11.20573       -7.9957863      -5.5181281     
0.48910622      11217.461       6529.7646       1587.4276       1087.3366       -18.350137      -10.877103      -7.7980169      -5.4241567     
0.48949528      11261.816       6695.4101       1631.2887       1098.2721       -17.654419      -10.771536      -7.7436218      -5.4092004     
0.48988435      11271.466       6806.2485       1672.809        1109.9527       -16.255769      -10.31329       -7.5621743      -5.3511534     
0.49027341      11295.291       6950.3478       1717.7793       1121.9069       -15.237693      -10.102726      -7.5077385      -5.3524277     
0.49066248      11288.503       7061.2627       1753.7044       1128.5792       -14.024505      -9.8429437      -7.4559652      -5.3633099     
0.49105154      11296.208       7199.7123       1794.1857       1133.1658       -13.041877      -9.7143379      -7.4887074      -5.4455099     
0.4914406       11318.177       7334.1153       1825.0627       1140.1235       -11.659568      -9.7963423      -7.634237       -5.5530206     
0.49182967      11326.508       7509.078        1859.7373       1150.5069       -11.387933      -10.260325      -8.0336679      -5.8351875     
0.49221873      11344.49        7663.4605       1887.9015       1167.7813       -10.707776      -10.609883      -8.3221797      -6.0250929     
0.49260779      11353.851       7795.4962       1923.0967       1184.2232       -12.070249      -10.247731      -8.2769443      -6.1124606     
0.49299686      11355.33        7923.2561       1944.068        1219.1283       -13.000985      -10.707448      -8.4769486      -6.2586508     
0.49338592      11357.384       8050.6822       1971.7875       1257.7076       -13.943331      -10.678427      -8.5786741      -6.3919726     
0.49377498      11357.799       8172.9366       1992.9933       1272.0854       -12.561458      -10.154225      -8.3586376      -6.33164       
0.49416405      11350.03        8329.5821       2028.3259       1281.8353       -14.679236      -11.519036      -8.8976365      -6.5172299     
0.49455311      11363.777       8451.7785       2051.88         1301.7234       -15.096483      -11.907123      -9.3156795      -6.7971187     
0.49494217      11342.442       8539.7517       2071.5888       1294.8021       -15.789399      -11.892745      -9.3800842      -6.9165791     
0.49533124      11320.469       8618.8673       2095.9451       1276.0274       -15.985387      -11.913036      -9.4754245      -7.0360781     
0.4957203       11301.17        8707.2402       2145.0487       1298.648        -16.69606       -12.442879      -9.9089762      -7.3650845     
0.49610936      11277.2         8790.8383       2218.8816       1335.4287       -16.435983      -12.417628      -10.008588      -7.4988558     
0.49654166      11236.019       8863.921        2330.42         1401.0996       -16.561575      -12.521209      -10.066525      -7.5735386     
0.49697395      11208.561       8943.3604       2437.2454       1415.2466       -15.549863      -12.294668      -10.073469      -7.6517284     
0.49740624      11190.975       9030.2484       2536.5659       1403.2222       -15.48871       -12.195508      -10.07358       -7.7372121     
0.49783854      11159.002       9086.9987       2607.6319       1400.9069       -15.585383      -12.287496      -10.171752      -7.8699522     
0.49827083      11122.182       9142.2486       2665.8826       1362.9995       -15.9449        -12.224199      -10.230521      -7.9869687     
0.49870312      11085.638       9205.0315       2718.2534       1318.7993       -15.423267      -12.451339      -10.508388      -8.2518154     
0.49913541      11050.691       9263.1851       2779.1036       1274.8481       -15.147634      -12.356193      -10.536091      -8.3669431     
0.49956771      11016.694       9319.9841       2844.7903       1243.4206       -15.068169      -12.510117      -10.695374      -8.5334632     
0.5             10985.909       9369.7233       2927.8226       1248.5995       -15.01963       -12.522953      -10.763666      -8.6532419     
0.50045455      10951.178       9432.4302       3020.7517       1265.332        -15.021495      -12.431309      -10.76123       -8.7296097     
0.50090909      10922.736       9491.6245       3121.4401       1280.3376       -15.503911      -12.621778      -10.935991      -8.9082084     
0.50136364      10895.933       9542.9258       3225.2256       1289.1781       -15.431301      -12.438379      -10.8576        -8.9322803     
0.50181818      10861.118       9581.5277       3324.5277       1297.7671       -15.626619      -12.477167      -10.935776      -9.0529872     
0.50227273      10822.541       9613.792        3423.2989       1307.7052       -15.740815      -12.437428      -10.948222      -9.1389552     
0.50272727      10779.942       9636.0527       3521.1712       1316.5683       -15.576484      -12.309083      -10.920943      -9.2039564     
0.50318182      10734.095       9649.0556       3631.5437       1319.9582       -15.292105      -12.127403      -10.874687      -9.2717341     
0.50364899      10677.418       9651.689        3729.2579       1329.6017       -14.892754      -11.873272      -10.78262       -9.3143748     
0.50411616      10623.364       9653.3423       3837.2694       1342.4028       -14.461857      -11.647825      -10.701974      -9.3557359     
0.50458333      10574.539       9655.1757       3962.38         1355.6575       -14.179979      -11.614897      -10.727845      -9.4265845     
0.50505051      10529.366       9657.038        4058.3526       1369.58         -14.166619      -11.789875      -10.835305      -9.4899902     
0.50551768      10474.493       9646.0761       4153.3744       1395.7377       -13.112335      -11.411253      -10.703486      -9.4849261     
0.50600042      10408.183       9621.0026       4223.3157       1460.0811       -12.819573      -11.308094      -10.662614      -9.5111829     
0.50648316      10350.883       9605.233        4308.5259       1523.3828       -12.360964      -11.105642      -10.583181      -9.5308474     
0.50696591      10301.036       9594.1066       4396.8653       1584.5941       -11.878704      -10.764477      -10.385659      -9.4677632     
0.50744865      10249.82        9579.1687       4484.3275       1630.7014       -11.305325      -10.401713      -10.178977      -9.3934365     
0.5079314       10198.648       9564.4172       4589.834        1653.5015       -11.363903      -10.388624      -10.155172      -9.4292402     
0.50841414      10151.774       9548.7159       4688.3489       1669.6007       -11.315102      -10.37461       -10.132818      -9.436129      
0.50889689      10105.839       9530.1128       4785.6498       1684.9813       -11.466164      -10.352838      -10.101453      -9.4657976     
0.50937963      10059.553       9510.3835       4879.5213       1698.8053       -11.680415      -10.420389      -10.131415      -9.5212925     
0.50986237      10007.325       9490.8271       4966.3003       1714.1172       -11.874367      -10.408201      -10.105667      -9.5384468     
0.51036926      9944.904        9458.2417       5042.9409       1730.3048       -11.908814      -10.340478      -10.050994      -9.5475317     
0.51087614      9893.8578       9433.6829       5120.8098       1746.5177       -12.048876      -10.243776      -9.9749087      -9.5518073     
0.51138302      9851.9399       9413.5173       5195.3031       1767.2666       -12.28213       -10.150443      -9.8849004      -9.5241869     
0.5118899       9807.3579       9390.1174       5265.9118       1787.0395       -13.289791      -10.685866      -10.156238      -9.6742254     
0.51239678      9764.856        9369.4829       5332.11         1812.9098       -13.47377       -10.655312      -10.160616      -9.7443123     
0.51290366      9723.7953       9349.7198       5396.2485       1841.4085       -13.628544      -10.571586      -10.080748      -9.7332088     
0.51341054      9683.6421       9330.5294       5457.6057       1872.2086       -13.721473      -10.455751      -9.9921068      -9.7142368     
0.51391742      9643.1627       9309.9117       5517.7902       1905.9653       -13.880627      -10.369486      -9.9125632      -9.6936672     
0.51442431      9600.8486       9287.3325       5582.5771       1922.2175       -14.073198      -10.327012      -9.8703151      -9.7000577     
0.51493119      9556.0518       9263.151        5641.0903       1940.0691       -14.161031      -10.167148      -9.7303724      -9.626504      
0.51543807      9521.9961       9248.8006       5705.1823       1961.4038       -14.120498      -9.9984937      -9.5990884      -9.571363      
0.51594495      9491.6828       9236.3004       5768.987        2001.3794       -14.188138      -9.9187669      -9.5279813      -9.5484134     
0.51645183      9448.433        9212.5929       5828.6546       2043.8981       -14.289398      -9.8779197      -9.4978254      -9.5638208     
0.51695871      9405.3686       9187.7563       5886.5099       2088.9586       -14.321287      -9.8184106      -9.4562324      -9.5772295     
0.51746559      9360.8981       9161.8531       5928.9381       2135.1529       -14.190398      -9.6499739      -9.3347704      -9.5306699     
0.51797247      9317.8509       9136.2507       5967.2431       2180.382        -14.124501      -9.5454949      -9.2520119      -9.4961238     
0.51847936      9273.5119       9109.1227       5998.8532       2223.7905       -14.159668      -9.4952072      -9.2031822      -9.4871786     
0.51898624      9229.6219       9081.7764       6026.4813       2265.6187       -14.088995      -9.3948912      -9.1171153      -9.4491068     
0.51949312      9185.9196       9053.46         6043.875        2306.9978       -14.019704      -9.3223439      -9.0589945      -9.4284509     
0.52            9142.7918       9025.6854       6059.6628       2346.7677       -13.819209      -9.1542296      -8.9322332      -9.3653627     
0.52047619      9113.6312       9010.4767       6081.2559       2385.1332       -13.724286      -8.9759772      -8.7870244      -9.2884523     
0.52095238      9077.0129       8986.529        6098.0843       2418.9104       -13.223923      -8.5997014      -8.5345495      -9.1562209     
0.52142857      9032.7804       8955.5095       6109.9733       2450.1664       -12.888976      -8.3595287      -8.3780943      -9.089165      
0.52190476      8989.079        8924.74         6122.7965       2482.9384       -12.656686      -8.1988193      -8.259349       -9.0239642     
0.52238095      8947.8254       8896.0561       6143.7902       2514.3946       -12.672729      -8.2336739      -8.2625865      -9.0160327     
0.52285714      8908.1476       8869.1965       6166.0504       2549.1029       -12.397238      -8.0432748      -8.1387605      -8.9652327     
0.52333333      8871.4747       8844.5278       6190.0088       2582.3508       -12.043545      -7.752934       -7.9422117      -8.858796      
0.52380952      8832.807        8817.4353       6208.497        2616.2344       -11.802564      -7.5426626      -7.7785314      -8.7569939     
0.52428571      8795.3504       8790.226        6224.1298       2648.9734       -11.538558      -7.300474       -7.5873208      -8.6369665     
0.5247619       8758.4895       8763.4226       6241.7367       2679.5878       -11.328405      -7.102126       -7.438134       -8.5452718     
0.5252381       8722.9311       8737.3864       6258.8413       2708.7825       -11.350162      -7.1002066      -7.433444       -8.5477856     
0.52571429      8688.9169       8713.5723       6279.2672       2737.2493       -11.123506      -6.8803261      -7.2511887      -8.4301218     
0.52619048      8655.645        8689.9538       6296.8255       2766.8504       -11.094186      -6.8057521      -7.1672538      -8.3731034     
0.52668367      8616.3841       8659.4379       6311.5568       2795.3106       -10.947143      -6.6786158      -7.0430922      -8.2836723     
0.52717687      8580.9825       8633.2492       6328.7251       2823.7859       -10.852486      -6.5439033      -6.9165568      -8.1908588     
0.52767007      8550.7795       8610.4866       6346.7606       2851.9508       -10.867229      -6.5195212      -6.8718542      -8.1403373     
0.52816327      8518.0876       8585.0304       6361.5192       2878.4902       -10.874941      -6.4633896      -6.8433578      -8.1592972     
0.52865646      8484.1045       8557.829        6374.6022       2906.4614       -10.759851      -6.2289146      -6.6297648      -7.9853805     
0.52914966      8451.8533       8531.5306       6388.1349       2932.548        -10.913863      -6.2057319      -6.591451       -7.9557155     
0.52964286      8417.273        8503.1227       6398.9817       2958.9909       -10.865068      -6.0129525      -6.4164528      -7.8053041     
0.53013605      8385.4554       8476.1517       6407.915        2984.3328       -10.962872      -5.9975319      -6.4147584      -7.8254267     
0.53062925      8352.2424       8448.367        6417.8937       3016.487        -10.908361      -5.8338948      -6.274331       -7.7136913     
0.53112245      8321.5607       8422.5667       6428.1935       3042.8839       -11.038616      -5.8498782      -6.2991033      -7.7452256     
0.53161565      8289.7753       8395.4903       6435.1351       3070.309        -10.955356      -5.7419128      -6.1956266      -7.6396418     
0.53210884      8258.1723       8367.9041       6439.1431       3092.5708       -11.125573      -5.7995095      -6.2573498      -7.7077004     
0.53260204      8227.4825       8340.7326       6441.8712       3112.2887       -11.194045      -5.7240217      -6.184238       -7.6431851     
0.53309524      8198.3188       8314.5757       6444.4386       3127.2222       -11.355426      -5.7230378      -6.1797169      -7.6425648     
0.53358844      8168.9365       8287.4053       6445.1767       3142.9025       -11.479875      -5.6644677      -6.1121825      -7.576441      
0.53408163      8139.0113       8261.3673       6445.6193       3158.6316       -11.55976       -5.5582273      -6.0124494      -7.4950915     
0.53457483      8110.7178       8235.3218       6447.4018       3175.6807       -11.772295      -5.5705336      -5.9762243      -7.4285408     
0.53506803      8084.06         8210.9541       6450.37         3196.9445       -11.956656      -5.6439825      -6.0328139      -7.4745448     
0.53556122      8058.349        8187.4047       6453.4685       3216.7378       -12.090356      -5.6997641      -6.0639427      -7.4821862     
0.53605442      8034.6238       8166.1248       6457.8643       3239.3878       -12.164077      -5.7503271      -6.1050212      -7.5124011     
0.53654762      8011.0899       8145.1518       6461.6701       3261.8941       -12.190805      -5.7511689      -6.1032038      -7.5079899     
0.53704082      7988.8717       8125.8848       6466.9462       3284.4034       -12.197617      -5.7749402      -6.1106458      -7.5056877     
0.53753401      7966.6216       8106.6713       6470.7498       3306.347        -12.249636      -5.7945717      -6.1133678      -7.4944422     
0.53802721      7945.8839       8088.8856       6475.4031       3328.9596       -12.287311      -5.7832409      -6.0935065      -7.4686199     
0.53852041      7924.7404       8070.5882       6478.6658       3352.5274       -12.345858      -5.766447       -6.0614723      -7.430643      
0.53901361      7905.0992       8053.6584       6483.0529       3376.2212       -12.498628      -5.7739607      -6.0405218      -7.4002401     
0.5395068       7886.1771       8037.12         6487.0806       3399.024        -12.826358      -5.8230452      -6.039215       -7.3827873     
0.54            7869.056        8022.0704       6491.3688       3421.4479       -13.033628      -5.8313167      -5.999276       -7.3302304     
0.54055556      7832.6709       7987.3534       6481.7265       3439.6578       -13.045249      -5.82918        -5.9754863      -7.2916096     
0.54111111      7807.1517       7964.7895       6481.2049       3462.6449       -13.273263      -5.8905153      -5.9961184      -7.2947379     
0.54166667      7794.4667       7954.4033       6488.827        3487.79         -13.272462      -5.8858469      -5.9646801      -7.2582442     
0.54222222      7778.288        7940.2064       6492.688        3511.6525       -13.314428      -5.9008397      -5.9455726      -7.2197737     
0.54277778      7762.7755       7926.7764       6496.3892       3535.3231       -13.45356       -5.9875003      -5.9935074      -7.2485324     
0.54333333      7745.974        7911.4866       6497.8069       3555.039        -13.551681      -6.0192026      -5.9848259      -7.2125161     
0.54388889      7731.0626       7897.6388       6500.2803       3572.8377       -13.683729      -6.0915098      -6.0220469      -7.2329575     
0.54446429      7710.5765       7878.0177       6498.6925       3587.6729       -13.728982      -6.1166945      -6.0242623      -7.2178056     
0.54503968      7694.3007       7863.0283       6500.2836       3601.6797       -13.775173      -6.1166024      -6.0074451      -7.1979084     
0.54561508      7680.7999       7849.9926       6503.4603       3616.9886       -13.736117      -6.0696543      -5.9467258      -7.1353007     
0.54619048      7667.3431       7836.9523       6504.8464       3631.0515       -13.704058      -6.0384562      -5.9043999      -7.0863502     
0.54676587      7653.3954       7823.4354       6506.1593       3647.4377       -13.646578      -5.9934617      -5.8549034      -7.036023      
0.54734127      7640.3941       7811.5195       6509.6678       3666.7842       -13.597267      -5.9624004      -5.8177786      -6.9900714     
0.54791667      7627.7923       7800.3016       6513.6857       3686.6436       -13.554882      -5.9379241      -5.7827942      -6.9450487     
0.54849206      7615.2731       7789.0761       6516.9308       3705.3471       -13.481279      -5.8901197      -5.7338586      -6.8929661     
0.54906746      7602.1387       7777.2718       6519.2598       3723.0716       -13.434576      -5.8618154      -5.6981353      -6.8512123     
0.54964286      7588.3785       7765.1445       6521.6337       3740.6192       -13.367887      -5.8306324      -5.6561624      -6.802503      
0.5502521       7566.4336       7745.158        6517.3648       3753.61         -13.272677      -5.7764959      -5.5993681      -6.7369831     
0.55086134      7555.4623       7733.9187       6518.0107       3768.9936       -13.242562      -5.7549254      -5.5682466      -6.6923448     
0.55147059      7542.9802       7724.8479       6522.5071       3785.2704       -13.273536      -5.8202655      -5.6070977      -6.706759      
0.55207983      7533.7873       7717.3722       6526.8886       3800.6004       -13.296586      -5.8642874      -5.6363607      -6.7165699     
0.55268908      7523.946        7710.0172       6532.3685       3816.4892       -13.263434      -5.8915334      -5.6612503      -6.7291898     
0.55329832      7517.36         7707.8819       6543.5779       3835.1628       -13.068131      -5.7983775      -5.5961814      -6.6670663     
0.55390756      7511.9356       7702.566        6549.6072       3850.0861       -12.90178       -5.659346       -5.4682525      -6.5346304     
0.55451681      7503.3995       7698.0677       6559.4637       3867.4667       -12.839598      -5.6354443      -5.4467817      -6.5071476     
0.55512605      7493.502        7691.2421       6567.0905       3883.3484       -12.721196      -5.5388871      -5.3550025      -6.40565       
0.55573529      7484.6299       7682.9093       6570.377        3896.0803       -12.752584      -5.5736657      -5.3889169      -6.4266788     
0.55634454      7472.2686       7675.3802       6579.5365       3913.189        -12.718257      -5.5826538      -5.4109008      -6.4383627     
0.55695378      7459.468        7662.9618       6579.8033       3924.2686       -12.684247      -5.5444587      -5.3757668      -6.3951832     
0.55756303      7448.9428       7657.8685       6591.5315       3942.2362       -12.618403      -5.508686       -5.3591144      -6.3687501     
0.55817227      7439.4244       7648.6853       6595.1571       3955.6085       -12.569374      -5.4380228      -5.2710828      -6.2730504     
0.55878151      7420.8981       7635.4456       6600.7826       3971.6389       -12.626908      -5.4941562      -5.310799       -6.2839181     
0.55939076      7405.2819       7620.1799       6599.7342       3983.039        -12.529687      -5.3816888      -5.1924054      -6.1601438     
0.56            7380.7064       7601.177        6600.8961       3997.1284       -12.504371      -5.3575888      -5.1755731      -6.1332799     
0.56060606      7367.5688       7587.8302       6600.3109       4007.969        -12.495862      -5.2960137      -5.0990777      -6.0530411     
0.56121212      7341.7076       7566.3263       6597.9549       4019.2675       -12.527054      -5.2668066      -5.0514265      -5.990029      
0.56181818      7319.2555       7545.3004       6593.1795       4028.3657       -12.581892      -5.2507         -5.0184778      -5.9512158     
0.56242424      7291.7751       7521.0172       6587.9147       4037.6645       -12.823436      -5.4059851      -5.1286335      -6.0244402     
0.5630303       7273.4786       7502.1243       6582.6272       4045.3684       -12.781269      -5.308329       -5.0220334      -5.9300163     
0.56363636      7240.1465       7473.0132       6574.5439       4054.08         -12.848785      -5.2965486      -4.9582839      -5.832457      
0.56424242      7220.9545       7453.1167       6566.6315       4059.8034       -12.926544      -5.3314619      -4.9797424      -5.8336826     
0.56487273      7182.4424       7417.5136       6552.7763       4064.9288       -13.221027      -5.5735587      -5.1764905      -5.9908964     
0.56550303      7156.7541       7392.9708       6543.5225       4069.8266       -13.252039      -5.5705991      -5.1546507      -5.9601207     
0.56613333      7128.0259       7366.29         6536.0154       4077.5362       -13.213022      -5.5058677      -5.0786622      -5.8739883     
0.56673623      7106.6387       7347.3162       6532.8262       4086.1317       -13.244845      -5.5141055      -5.0651177      -5.8467679     
0.56733913      7079.4108       7322.8448       6525.763        4092.3787       -13.274444      -5.5017614      -5.0299368      -5.7865607     
0.56794203      7049.4624       7295.206        6516.193        4096.7264       -13.247621      -5.4514762      -4.9734623      -5.7322964     
0.56854493      7024.1138       7266.3919       6506.7119       4101.5712       -13.261496      -5.4263567      -4.9284718      -5.6730906     
0.56914783      6998.8016       7240.1921       6497.033        4106.2531       -13.206375      -5.3625011      -4.8555622      -5.5982751     
0.56975072      6969.7349       7213.1621       6485.8137       4110.6543       -13.213918      -5.3700221      -4.8462964      -5.5783822     
0.57035362      6941.3491       7186.6428       6474.0609       4114.8916       -13.300581      -5.4528642      -4.9111864      -5.6326193     
0.57095652      6913.8144       7160.7502       6461.8457       4119.1966       -13.331613      -5.4742552      -4.9135763      -5.6219274     
0.57155942      6885.3092       7133.8338       6447.9341       4122.9155       -13.303861      -5.4404977      -4.8595002      -5.5477827     
0.57216232      6857.2231       7107.503        6433.5632       4126.359        -13.314796      -5.4394901      -4.8332722      -5.5038277     
0.57276522      6827.7217       7079.3352       6417.6956       4128.9511       -13.3233        -5.4430411      -4.8144117      -5.46711       
0.57336812      6799.2738       7051.8001       6401.5706       4131.314        -13.369096      -5.478283       -4.8249614      -5.4626234     
0.57397101      6770.7861       7024.4947       6385.1221       4132.7363       -13.409239      -5.4888304      -4.8148215      -5.4397007     
0.57457391      6741.4527       6996.2976       6367.8299       4134.2146       -13.425474      -5.48678        -4.7858263      -5.3882314     
0.57517681      6713.9705       6968.9463       6350.4548       4135.256        -13.379411      -5.4196016      -4.6940645      -5.2820147     
0.57577971      6685.7841       6940.9597       6332.3953       4135.8682       -13.422469      -5.4503822      -4.700416       -5.267717      
0.57638261      6657.6689       6913.1569       6313.8562       4136.0461       -13.424241      -5.4428064      -4.6696007      -5.2141281     
0.57698551      6630.5159       6886.0146       6295.4139       4136.0172       -13.435994      -5.4458842      -4.6444551      -5.1642128     
0.57758841      6602.0744       6857.7892       6276.024        4135.3676       -13.477525      -5.4869145      -4.6606373      -5.153586      
0.5781913       6575.4475       6830.9378       6256.8979       4134.6041       -13.551468      -5.5587518      -4.7041538      -5.1705529     
0.5787942       6546.8582       6802.2369       6236.3497       4133.2009       -13.791078      -5.7950558      -4.9062753      -5.3367277     
0.5793971       6520.812        6776.1998       6217.5074       4132.2093       -13.844273      -5.8163054      -4.9089518      -5.3209619     
0.58            6496.706        6751.4725       6198.6071       4130.6225       -13.831067      -5.8107913      -4.8800495      -5.2692886     
0.58060606      6467.1394       6721.524        6176.21         4127.893        -13.862824      -5.8500115      -4.904092       -5.271295      
0.58121212      6442.0834       6696.1684       6156.7258       4125.6104       -13.892071      -5.8721846      -4.9010295      -5.2416744     
0.58181818      6415.264        6668.638        6135.395        4123.2796       -13.902694      -5.8991289      -4.9102308      -5.2211744     
0.58242424      6391.239        6644.0257       6115.7458       4120.602        -13.831407      -5.8264633      -4.8208815      -5.115241      
0.5830303       6365.1692       6617.4177       6094.6089       4117.7911       -13.907447      -5.8847854      -4.8598422      -5.1293114     
0.58363636      6341.8234       6593.3933       6074.9853       4114.638        -13.965485      -5.937946       -4.8915494      -5.1386232     
0.58424242      6316.635        6567.322        6053.7779       4111.6445       -14.001734      -6.0027778      -4.9403363      -5.1570151     
0.58484848      6293.8123       6543.7614       6034.1622       4108.267        -13.996354      -6.0047661      -4.9295561      -5.1301178     
0.58545455      6269.1867       6518.198        6013.0084       4104.9765       -14.039841      -6.0772405      -4.9798122      -5.1437874     
0.58606061      6247.2454       6495.5187       5993.8465       4101.6526       -14.09919       -6.1416258      -5.0208147      -5.1526621     
0.58666667      6223.6343       6470.8947       5973.1298       4098.6597       -14.142038      -6.2199984      -5.0769423      -5.1687103     
0.58727273      6202.4831       6448.9057       5953.9834       4095.9958       -14.205043      -6.2972908      -5.1251252      -5.1778947     
0.58787879      6180.1776       6425.1811       5933.4076       4093.03         -14.359871      -6.491472       -5.2870704      -5.287553      
0.58848485      6159.4127       6403.4866       5914.2083       4089.6211       -14.403509      -6.5611867      -5.3374358      -5.3093606     
0.58909091      6138.4073       6381.3655       5894.5407       4085.9213       -14.405191      -6.6067783      -5.3658157      -5.30565       
0.58969697      6117.8509       6359.7351       5875.1546       4082.0682       -14.412476      -6.6582846      -5.399969       -5.3062729     
0.59030303      6098.1419       6338.7004       5856.1534       4078.0394       -14.38831       -6.6826366      -5.4130703      -5.2908377     
0.59090909      6078.3572       6317.9261       5837.5036       4073.5322       -14.456255      -6.8007671      -5.5156991      -5.3630442     
0.59151515      6059.2498       6297.8848       5818.7819       4068.5407       -14.518735      -6.9151534      -5.6130484      -5.4245507     
0.59212121      6040.9381       6278.4312       5800.5255       4063.2816       -14.491897      -6.9472906      -5.6376444      -5.4243829     
0.59272727      6022.916        6259.2339       5782.2177       4057.9371       -14.453826      -6.9729286      -5.6566693      -5.4165576     
0.59333333      6005.3738       6240.5671       5764.2534       4052.5216       -14.454756      -7.0386557      -5.714098       -5.4441135     
0.59393939      5988.2231       6222.3785       5746.594        4047.0907       -14.46929       -7.1176668      -5.7869442      -5.4906143     
0.59454545      5971.4363       6204.4858       5728.8707       4041.6233       -14.494432      -7.2089869      -5.8745949      -5.550051      
0.59515152      5955.1462       6187.0536       5710.915        4036.1887       -14.480263      -7.262958       -5.9302915      -5.5842409     
0.59575758      5939.5993       6170.2685       5693.37         4030.7416       -14.428713      -7.2839307      -5.9594334      -5.5989972     
0.59636364      5924.3256       6153.8612       5676.3275       4025.2915       -14.392596      -7.3185843      -6.0003157      -5.6226987     
0.5969697       5909.5407       6137.9594       5659.8091       4019.8214       -14.376102      -7.3712468      -6.0587512      -5.6618071     
0.59757576      5895.1994       6122.4986       5643.7397       4014.4012       -14.313091      -7.3792597      -6.0802236      -5.6728391     
0.59818182      5881.3049       6107.5827       5628.3056       4009.0386       -14.227083      -7.3663552      -6.0878781      -5.677123      
0.59878788      5867.6965       6092.8148       5613.2596       4003.5891       -14.205116      -7.413422       -6.1417699      -5.7211789     
0.59939394      5854.4855       6078.5718       5599.3931       3998.1882       -14.143122      -7.4176004      -6.1518311      -5.7232816     
0.6             5841.7035       6064.7653       5585.8565       3992.821        -14.05996       -7.4003058      -6.1405122      -5.7024086     
0.60064516      5822.9341       6044.2928       5566.4216       3983.1206       -13.992731      -7.3789394      -6.1285301      -5.6873242     
0.60129032      5809.4868       6029.8485       5552.3099       3977.547        -13.83446       -7.3116713      -6.0773172      -5.6323247     
0.60193548      5800.1088       6019.5409       5541.7373       3973.6929       -13.686681      -7.2427207      -6.0390492      -5.6027693     
0.60258065      5789.4319       6007.9334       5529.8092       3969.0104       -13.609113      -7.2402055      -6.0642491      -5.6337161     
0.60322581      5779.003        5996.6205       5518.4014       3964.2121       -13.47429       -7.1762929      -6.0294939      -5.6097201     
0.60387097      5769.1328       5985.8426       5507.36         3959.46         -13.287221      -7.0611613      -5.943899       -5.5354217     
0.60454301      5755.5195       5970.8807       5492.5955       3951.89         -13.178906      -7.0050283      -5.917657       -5.5184476     
0.60521505      5744.6642       5959.2378       5480.8914       3946.7154       -13.169083      -7.0763839      -6.011616       -5.6144214     
0.6058871       5736.8326       5950.6599       5471.7726       3942.9188       -13.045257      -7.0188735      -5.9799821      -5.5938128     
0.60655914      5727.5756       5940.6964       5461.5458       3938.3086       -12.866943      -6.9076782      -5.8973497      -5.5235543     
0.60723118      5718.8292       5931.2101       5451.7294       3933.7458       -12.66638       -6.7690207      -5.7860928      -5.4222122     
0.60790323      5709.8507       5921.5873       5441.8571       3929.0046       -12.588884      -6.7401437      -5.7778211      -5.4195862     
0.60857527      5701.0012       5912.1074       5432.1746       3924.2792       -12.475847      -6.6824129      -5.7412698      -5.3883149     
0.60924731      5692.5819       5903.0794       5422.8342       3919.7884       -12.411656      -6.6706819      -5.7404446      -5.3771574     
0.60991935      5683.8722       5893.8274       5413.4552       3914.9566       -12.335887      -6.6445048      -5.7280825      -5.3599427     
0.6105914       5675.1842       5884.6316       5404.1721       3910.1768       -12.186535      -6.548703       -5.6587545      -5.3010621     
0.61126344      5666.735        5875.7525       5395.2073       3905.3804       -12.090307      -6.4805423      -5.6095583      -5.2595674     
0.61193548      5658.3023       5866.9023       5386.3271       3900.575        -12.083639      -6.4704646      -5.6120092      -5.2658627     
0.61260753      5649.9395       5858.2198       5377.686        3895.9361       -12.024654      -6.4392554      -5.5995677      -5.2670446     
0.61327957      5642.0559       5850.0678       5369.6037       3891.0067       -12.030411      -6.431475       -5.6006819      -5.2725577     
0.61395161      5634.0361       5841.8597       5361.557        3886.1129       -11.906364      -6.292976       -5.4723784      -5.1533486     
0.61462366      5626.1357       5833.8342       5353.694        3881.0579       -11.958846      -6.3118258      -5.4957235      -5.1824622     
0.6152957       5617.9056       5825.6506       5345.7984       3875.4021       -11.982713      -6.322402       -5.504797       -5.188175      
0.61596774      5610.3142       5817.7466       5338.1977       3869.6362       -11.837584      -6.1836596      -5.3753623      -5.0702287     
0.61663978      5602.7996       5809.9323       5330.7835       3864.1557       -11.793409      -6.1532443      -5.3504821      -5.0522706     
0.61731183      5594.9598       5802.0482       5323.4211       3858.9276       -11.731638      -6.1137175      -5.3150331      -5.0153353     
0.61798387      5587.1386       5794.3003       5316.3437       3854.3894       -11.658864      -6.0702664      -5.27728        -4.9801266     
0.61865591      5579.2642       5786.4479       5309.137        3850.3621       -11.589914      -6.0357374      -5.2492255      -4.9524657     
0.61932796      5571.5616       5778.7879       5302.1977       3847.2089       -11.555747      -6.0395538      -5.2583691      -4.9580138     
0.62            5563.5599       5770.8822       5295.2105       3843.9308       -11.508125      -6.0295961      -5.2607768      -4.9635529     
0.62068966      5553.2449       5760.3122       5285.9607       3839.0781       -11.456128      -6.0118705      -5.2675752      -4.9963028     
0.62140485      5541.4114       5748.3329       5275.4534       3833.3569       -11.341686      -5.9316929      -5.2057065      -4.9476839     
0.62212005      5532.2806       5740.7509       5268.7869       3830.4035       -11.171827      -5.8134335      -5.1097702      -4.8690536     
0.62283525      5524.9121       5733.9843       5263.0234       3828.1341       -11.012976      -5.6939811      -5.0051293      -4.7746598     
0.62355045      5517.0224       5726.4705       5256.6352       3825.3245       -10.920023      -5.6373232      -4.959172       -4.7369944     
0.62426564      5508.6812       5718.5347       5249.911        3822.205        -10.91858       -5.6658739      -4.9934959      -4.7729245     
0.62498084      5499.8876       5710.0934       5242.7842       3818.7716       -10.918012      -5.6882192      -5.0142009      -4.7926823     
0.62569604      5491.0304       5701.6813       5235.7036       3815.3196       -10.889692      -5.6862003      -5.0201871      -4.8082203     
0.62641124      5482.4546       5693.178        5228.5909       3811.8534       -10.823466      -5.6453952      -4.9866709      -4.7801877     
0.62712644      5473.1036       5684.278        5221.2209       3808.2714       -10.646016      -5.4925669      -4.8428721      -4.6522865     
0.62784163      5464.2119       5675.6193       5214.0164       3804.6441       -10.610154      -5.4748547      -4.8176654      -4.627918      
0.62855683      5454.4108       5666.4188       5206.4784       3800.8787       -10.64585       -5.5266389      -4.8654778      -4.6763317     
0.62927203      5444.8099       5657.378        5199.062        3797.1016       -10.604882      -5.4951803      -4.8197853      -4.6318075     
0.62998723      5435.0883       5648.177        5191.5847       3793.3492       -10.446579      -5.3490932      -4.6701746      -4.4873656     
0.63070243      5425.2676       5638.8941       5184.0176       3789.4372       -10.448362      -5.3646419      -4.6823613      -4.5026807     
0.63141762      5415.1745       5629.3272       5176.26         3785.4191       -10.465809      -5.3938728      -4.7039833      -4.5268057     
0.63213282      5405.0366       5619.7419       5168.5215       3781.3833       -10.473971      -5.4061832      -4.697904       -4.5096333     
0.63284802      5394.9606       5610.2028       5160.8441       3777.3994       -10.405717      -5.3424402      -4.6184607      -4.4252824     
0.63356322      5384.8715       5600.6727       5153.1944       3773.4062       -10.371303      -5.3168875      -4.5878193      -4.3980007     
0.63427842      5374.3678       5590.7634       5145.2925       3769.2839       -10.350267      -5.3085175      -4.5782445      -4.3953482     
0.63499361      5363.8942       5580.8587       5137.4106       3765.19         -10.239659      -5.211453       -4.4803898      -4.3007726     
0.63570881      5353.5619       5571.1066       5129.6835       3761.1509       -10.186035      -5.1696116      -4.4345982      -4.2565807     
0.63642401      5342.7914       5560.9386       5121.6615       3756.9971       -10.137985      -5.1351247      -4.4017312      -4.2329543     
0.63713921      5332.3112       5551.0313       5113.8375       3752.9055       -10.075094      -5.0830769      -4.3491508      -4.1885176     
0.63785441      5321.3965       5540.7077       5105.702        3748.6397       -10.140959      -5.1599452      -4.4195663      -4.2537737     
0.6385696       5310.6279       5530.5058       5097.6699       3744.4461       -10.114312      -5.1446821      -4.3992203      -4.2327817     
0.6392848       5299.6341       5520.0919       5089.4856       3740.1994       -10.031551      -5.0787737      -4.3393547      -4.1890295     
0.64            5288.7892       5509.8062       5081.4183       3736.0417       -9.9003225      -4.9612788      -4.2219195      -4.0804199     
0.64074074      5274.9403       5496.1496       5070.326        3729.5161       -9.8927047      -4.9560154      -4.2106438      -4.0686458     
0.64148148      5263.1508       5485.0166       5061.6794       3725.1393       -9.8836814      -4.9644229      -4.2163134      -4.0809412     
0.64222222      5252.8507       5475.2931       5054.1689       3721.3988       -9.8920629      -4.9824569      -4.2284026      -4.0947718     
0.64296296      5241.8791       5464.8961       5046.0818       3717.3118       -9.8541978      -4.9590812      -4.1985057      -4.0648604     
0.6437037       5230.8652       5454.4147       5037.911        3713.157        -9.7945507      -4.9135984      -4.1491105      -4.0196192     
0.64444444      5219.8524       5443.8895       5029.6692       3708.9232       -9.7617318      -4.8935204      -4.1194186      -3.9880611     
0.64518519      5208.6219       5433.1342       5021.2556       3704.6237       -9.6659805      -4.8132123      -4.0345944      -3.9093562     
0.64592593      5197.519        5422.4666       5012.8835       3700.3078       -9.6405375      -4.80012        -4.0086533      -3.8773558     
0.64666667      5186.2268       5411.5981       5004.3472       3695.9233       -9.5976714      -4.7745079      -3.9788189      -3.8521828     
0.64740741      5175.1914       5400.9385       4995.9603       3691.6047       -9.6225687      -4.8142069      -4.0063924      -3.8720061     
0.64814815      5164.1181       5390.2137       4987.4974       3687.2378       -9.6647307      -4.8717406      -4.0532542      -3.9152745     
0.64888889      5153.0683       5379.5133       4979.0563       3682.9217       -9.6028362      -4.82837        -4.0042083      -3.869066      
0.64962963      5142.1199       5368.8836       4970.6655       3678.6359       -9.4913405      -4.7373968      -3.9090768      -3.7767303     
0.65037037      5131.4087       5358.4498       4962.3842       3674.3655       -9.490754       -4.7541792      -3.9160152      -3.7794497     
0.65111111      5120.5217       5347.8081       4953.9415       3670.0127       -9.5196521      -4.8011072      -3.9532946      -3.8102908     
0.65185185      5109.8721       5337.3773       4945.6356       3665.7523       -9.5525335      -4.8524822      -3.996692       -3.8514749     
0.65259259      5099.4681       5327.1385       4937.47         3661.597        -9.5423789      -4.861672       -3.9997292      -3.8539935     
0.65333333      5088.9644       5316.8194       4929.2398       3657.4395       -9.4746483      -4.8153586      -3.9497035      -3.8058573     
0.65407407      5078.6611       5306.6596       4921.1071       3653.3255       -9.4357366      -4.797284       -3.9241416      -3.7785443     
0.65481481      5068.5221       5296.6438       4913.0737       3649.2718       -9.4009751      -4.783029       -3.9032004      -3.7551652     
0.65555556      5058.4347       5286.6646       4905.0514       3645.2334       -9.3592354      -4.7627712      -3.8796371      -3.7328552     
0.6562963       5048.4552       5276.7792       4897.0869       3641.2178       -9.317765       -4.7419399      -3.8538239      -3.7061506     
0.65703704      5038.647        5267.0354       4889.2104       3637.2645       -9.2817881      -4.7273537      -3.8332965      -3.6811057     
0.65777778      5028.9264       5257.383        4881.3733       3633.3381       -9.2465125      -4.7136536      -3.8134258      -3.6568616     
0.65851852      5019.4139       5247.9187       4873.6495       3629.4771       -9.21091        -4.6995827      -3.796002       -3.6366028     
0.65925926      5010.1001       5238.6195       4866.0326       3625.6546       -9.2372509      -4.7485356      -3.8436         -3.6832787     
0.66            5000.8678       5229.3749       4858.4397       3621.8511       -9.2476565      -4.7813936      -3.8748867      -3.7141039     
0.66076923      4988.9627       5217.06         4848.0368       3615.8347       -9.1837967      -4.7375824      -3.8359687      -3.6780288     
0.66153846      4979.5008       5207.639        4840.3464       3612.1386       -9.1232325      -4.7020456      -3.8002129      -3.6409731     
0.66230769      4971.4496       5199.5957       4833.7577       3609.0703       -9.0493863      -4.6534472      -3.7506749      -3.5888959     
0.66307692      4963.1702       5191.2762       4826.8741       3605.763        -9.0074546      -4.6353333      -3.7324659      -3.5715177     
0.66384615      4954.7994       5182.8423       4819.8745       3602.3573       -8.9766547      -4.6281342      -3.7248666      -3.5625429     
0.66461538      4946.6177       5174.5497       4812.9428       3598.9425       -8.9499806      -4.6244645      -3.720058       -3.5555438     
0.66538462      4938.5321       5166.3354       4806.0549       3595.5354       -8.8964833      -4.5936925      -3.688205       -3.5209616     
0.66615385      4930.6139       5158.2605       4799.2626       3592.1761       -8.8258057      -4.5468623      -3.6428016      -3.4754949     
0.66692308      4922.8943       5150.391        4792.6328       3588.8954       -8.7661343      -4.5105778      -3.6087872      -3.4428487     
0.66769231      4915.2205       5142.5459       4785.9925       3585.5872       -8.7260195      -4.4943997      -3.5958575      -3.4319395     
0.66846154      4907.7331       5134.8684       4779.4814       3582.3219       -8.7283624      -4.520069       -3.6248478      -3.4642931     
0.66923077      4900.3532       5127.3027       4773.0613       3579.1099       -8.7162308      -4.5297026      -3.6348586      -3.4719774     
0.67            4893.2935       5120.023        4766.8595       3576.0131       -8.6681418      -4.5043416      -3.6121896      -3.449573      
0.67076923      4886.3282       5112.8312       4760.732        3572.9485       -8.6259898      -4.4852121      -3.595594       -3.4319733     
0.67153846      4879.7045       5105.9897       4754.9011       3570.0215       -8.596675       -4.4774357      -3.5894682      -3.4242588     
0.67230769      4873.1828       5099.2294       4749.1491       3567.1284       -8.5434437      -4.4471408      -3.5649525      -3.4048232     
0.67307692      4866.9368       5092.7543       4743.6584       3564.3626       -8.4775958      -4.4034489      -3.526965       -3.3710271     
0.67384615      4860.8335       5086.4089       4738.2848       3561.6337       -8.4137762      -4.3616375      -3.4912933      -3.3394739     
0.67461538      4854.9559       5080.2938       4733.1125       3558.9882       -8.3636513      -4.3325236      -3.4681669      -3.3201896     
0.67538462      4849.2363       5074.3323       4728.0801       3556.3936       -8.3177352      -4.3065811      -3.4479686      -3.30366       
0.67615385      4843.6265       5068.4865       4723.1806       3553.8494       -8.2555782      -4.2624287      -3.4082341      -3.2678494     
0.67692308      4838.2811       5062.8763       4718.4779       3551.3771       -8.2099552      -4.2362341      -3.3886728      -3.2550673     
0.67769231      4832.9856       5057.3536       4713.9281       3548.9606       -8.1566469      -4.2000073      -3.3553034      -3.2210089     
0.67846154      4827.9322       5052.0886       4709.5665       3546.6583       -8.0932876      -4.1557551      -3.3187935      -3.1925746     
0.67923077      4822.9811       5046.9818       4705.3068       3544.4084       -8.0670354      -4.1464039      -3.3137584      -3.1891613     
0.68            4818.0912       5041.9456       4701.09         3542.2139       -7.9918709      -4.0887616      -3.2635873      -3.1466616     
0.6808          4810.7036       5034.0259       4694.1878       3537.811        -7.9518894      -4.0609981      -3.2449592      -3.1305668     
0.6816          4805.556        5028.8197       4689.8471       3535.6734       -7.9629765      -4.0892543      -3.2756621      -3.1615747     
0.6824          4801.8945       5025.0752       4686.6926       3534.2278       -7.9546401      -4.0990018      -3.2896299      -3.1786605     
0.6832          4797.7505       5020.8628       4683.1204       3532.5529       -7.8804495      -4.0415621      -3.237729       -3.1310342     
0.684           4793.7948       5016.8131       4679.6327       3530.9088       -7.7760558      -3.9544642      -3.1572954      -3.054603      
0.6848          4789.7782       5012.7007       4676.0922       3529.2094       -7.6350562      -3.8290412      -3.0397138      -2.9454614     
0.6856          4785.8757       5008.7003       4672.6574       3527.531        -7.6024485      -3.8106853      -3.0271752      -2.9364308     
0.6864          4781.7926       5004.5508       4669.121        3525.7977       -7.5249605      -3.7470245      -2.9684027      -2.8810406     
0.6872          4777.9452       5000.6185       4665.7826       3524.1901       -7.477708       -3.7148674      -2.9431342      -2.8619801     
0.688           4774.0895       4996.7039       4662.4917       3522.6199       -7.3553795      -3.606089       -2.8389945      -2.7610475     
0.6888          4770.3922       4992.9338       4659.3328       3521.108        -7.2833812      -3.5482089      -2.7876103      -2.716802      
0.6896          4766.4399       4988.9525       4656.0488       3519.5545       -7.2018714      -3.4814173      -2.7283878      -2.6660153     
0.6904          4762.8538       4985.3236       4653.0484       3518.122        -7.1858357      -3.4779156      -2.7286918      -2.6694635     
0.6912          4758.9223       4981.3878       4649.8458       3516.6263       -7.1709521      -3.4750267      -2.7295704      -2.6736667     
0.692           4755.2936       4977.7412       4646.8842       3515.2342       -7.2085356      -3.5249365      -2.7829936      -2.728372      
0.6928          4751.4581       4973.9193       4643.8122       3513.8234       -7.1828045      -3.5093565      -2.7698147      -2.7193922     
0.6936          4747.5778       4970.0709       4640.7511       3512.4538       -7.091614       -3.4309497      -2.6977074      -2.6551701     
0.6944          4743.9013       4966.4122       4637.8452       3511.123        -7.044668       -3.3942941      -2.6635722      -2.6240031     
0.6952          4740.0317       4962.5918       4634.8348       3509.7155       -7.0129363      -3.3719263      -2.6413363      -2.6017543     
0.696           4736.2695       4958.8799       4631.9305       3508.3931       -6.9481866      -3.3177635      -2.5902254      -2.5555044     
0.6968          4732.4869       4955.1575       4629.0341       3507.1067       -6.8724025      -3.2505787      -2.5224691      -2.4878191     
0.6976          4728.7927       4951.5232       4626.2296       3505.8934       -6.8437503      -3.2314869      -2.505739       -2.4761327     
0.6984          4724.8532       4947.668        4623.2773       3504.6345       -6.8559596      -3.2511273      -2.5232273      -2.4919492     
0.6992          4721.0879       4943.9786       4620.4439       3503.4593       -6.8528982      -3.2562043      -2.5283625      -2.4997935     
0.7             4717.2264       4940.2057       4617.5622       3502.2769       -6.8625669      -3.2737763      -2.5450455      -2.5172128     
0.70083333      4710.7912       4933.4547       4611.9423       3498.8316       -6.8719061      -3.2805759      -2.5530325      -2.5276079     
0.70166667      4706.4995       4929.3501       4608.8913       3497.6934       -6.8711784      -3.2878191      -2.5576046      -2.5314885     
0.7025          4703.3147       4926.3507       4606.7947       3497.1654       -6.8568511      -3.2830286      -2.5509344      -2.5259452     
0.70333333      4699.6145       4922.83         4604.2116       3496.3049       -6.8778505      -3.3117891      -2.5770905      -2.5517503     
0.70416667      4695.7936       4919.1683       4601.5034       3495.3516       -6.9298088      -3.3699768      -2.6305438      -2.6027709     
0.705           4691.8237       4915.3495       4598.5871       3494.331        -6.9661946      -3.4124619      -2.6692796      -2.641359      
0.70583333      4687.5702       4911.2697       4595.4416       3493.304        -6.9572939      -3.4096979      -2.6633416      -2.6355346     
0.70666667      4683.3087       4907.1719       4592.2893       3492.3131       -6.9471172      -3.4062824      -2.6566131      -2.6292265     
0.7075          4679.0391       4903.0605       4589.1596       3491.2972       -6.9401583      -3.4055499      -2.6518978      -2.6241066     
0.70833333      4674.708        4898.8885       4586.01         3490.2384       -6.9438433      -3.4158633      -2.6588245      -2.6322192     
0.70916667      4670.3737       4894.7122       4582.8806       3489.1618       -6.9402285      -3.4180871      -2.6554866      -2.6267301     
0.71            4665.912        4890.4161       4579.6971       3488.0535       -6.9499795      -3.4345188      -2.6670834      -2.6372069     
0.71083333      4661.4588       4886.1197       4576.6166       3486.9031       -6.9860857      -3.4771911      -2.7043359      -2.6724959     
0.71166667      4657.0086       4881.8241       4573.6185       3485.7598       -7.0261298      -3.5229295      -2.7433465      -2.7082782     
0.7125          4652.4573       4877.4371       4570.5559       3484.6054       -7.0451492      -3.5484291      -2.7625792      -2.7247086     
0.71333333      4647.8731       4873.0142       4567.4666       3483.4427       -7.0321186      -3.5422373      -2.7502615      -2.710118      
0.71416667      4643.2389       4868.5496       4564.3589       3482.2444       -6.9952827      -3.5130544      -2.716071       -2.6741772     
0.715           4638.6509       4864.1239       4561.2772       3481.049        -6.96142        -3.4872901      -2.6860136      -2.6432969     
0.71583333      4634.0399       4859.678        4558.1792       3479.8571       -6.9345603      -3.4675041      -2.6608482      -2.6161197     
0.71666667      4629.399        4855.2002       4555.0631       3478.6575       -6.9072297      -3.4468305      -2.6344837      -2.586707      
0.7175          4624.7107       4850.6839       4551.9131       3477.4458       -6.8904474      -3.4366091      -2.6185431      -2.5667345     
0.71833333      4619.9919       4846.1134       4548.7161       3476.2078       -6.8849885      -3.4369817      -2.6132241      -2.5577083     
0.71916667      4615.289        4841.5643       4545.5345       3474.9913       -6.8866606      -3.4440448      -2.6149948      -2.5569338     
0.72            4610.5395       4836.9636       4542.3128       3473.7597       -6.8846906      -3.4469162      -2.6123344      -2.5515231     
0.72083333      4605.7498       4832.3286       4539.0693       3472.5443       -6.8398236      -3.406137       -2.5656824      -2.502112      
0.72166667      4601.1335       4827.8457       4535.9348       3471.3752       -6.817351       -3.3888327      -2.5444241      -2.4788414     
0.7225          4596.2494       4823.1181       4532.6169       3470.1321       -6.7868517      -3.3621252      -2.5131063      -2.4460971     
0.72333333      4591.6719       4818.6688       4529.5075       3469.023        -6.6926017      -3.2716806      -2.4181892      -2.3488534     
0.72416667      4586.9788       4814.1072       4526.2975       3467.8513       -6.6832889      -3.2649546      -2.4052634      -2.3311923     
0.725           4582.2614       4809.5249       4523.0831       3466.6985       -6.6041285      -3.1884952      -2.3243613      -2.2496076     
0.72583333      4577.7225       4805.0983       4519.9688       3465.5747       -6.582781       -3.1707217      -2.3034807      -2.2278974     
0.72666667      4572.9606       4800.4716       4516.7152       3464.4157       -6.5040588      -3.0938686      -2.221606       -2.1432772     
0.7275          4568.5629       4796.1693       4513.6875       3463.3332       -6.4892166      -3.0825237      -2.2082724      -2.1293628     
0.72833333      4563.9561       4791.6742       4510.5154       3462.1853       -6.4796471      -3.0739846      -2.1951778      -2.1134658     
0.72916667      4559.4972       4787.2869       4507.4034       3461.0379       -6.4847075      -3.0815389      -2.2008498      -2.1189815     
0.73            4555.0396       4782.9195       4504.3127       3459.8684       -6.5010575      -3.0991846      -2.214962       -2.1302288     
0.73083333      4550.6751       4778.6074       4501.2521       3458.6815       -6.5378588      -3.1361592      -2.2461621      -2.1546024     
0.73166667      4546.3379       4774.331        4498.2222       3457.4993       -6.5539045      -3.15331        -2.2602549      -2.1660905     
0.7325          4542.0589       4770.112        4495.2374       3456.3428       -6.5639115      -3.1639337      -2.2670557      -2.1688579     
0.73333333      4537.8201       4765.9352       4492.2937       3455.1126       -6.5209931      -3.1226579      -2.2252442      -2.1289647     
0.73416667      4533.7073       4761.8731       4489.4356       3453.8956       -6.4682813      -3.0715268      -2.1733894      -2.0778351     
0.735           4529.6264       4757.8406       4486.5908       3452.7075       -6.45328        -3.0580699      -2.1592643      -2.0635296     
0.73583333      4525.5144       4753.7771       4483.7197       3451.5429       -6.4526758      -3.0579159      -2.1569687      -2.0590335     
0.73666667      4521.5597       4749.8604       4480.9626       3450.4756       -6.4412415      -3.0467075      -2.1434613      -2.0429412     
0.7375          4517.6066       4745.9393       4478.2024       3449.5679       -6.4273361      -3.0338078      -2.1299851      -2.0294274     
0.73833333      4513.7016       4742.0655       4475.4806       3448.7508       -6.4295541      -3.0364703      -2.1308693      -2.0278529     
0.73916667      4509.875        4738.2685       4472.8163       3447.9697       -6.4163812      -3.0243332      -2.1191826      -2.0178355     
0.74            4506.1135       4734.5333       4470.2038       3447.2226       -6.4194287      -3.0280391      -2.1225462      -2.021262      
0.74083333      4502.4942       4730.934        4467.6777       3446.5037       -6.4263611      -3.035865       -2.1295878      -2.0273093     
0.74166667      4498.814        4727.2814       4465.132        3445.7948       -6.4331234      -3.0426212      -2.1354775      -2.0327811     
0.7425          4495.2975       4723.7844       4462.6878       3445.1359       -6.4368204      -3.0467807      -2.1383371      -2.0337349     
0.74333333      4491.7906       4720.3046       4460.2782       3444.5147       -6.4226271      -3.033011       -2.1242047      -2.0195576     
0.74416667      4488.3615       4716.9047       4457.92         3443.9224       -6.4177735      -3.0298211      -2.1211263      -2.0164503     
0.745           4484.9803       4713.5529       4455.6127       3443.3638       -6.4199113      -3.0330371      -2.1240044      -2.0193511     
0.74583333      4481.7449       4710.2938       4453.3811       3442.8483       -6.4135396      -3.0282467      -2.1184436      -2.01252       
0.74666667      4478.5128       4707.0333       4451.168        3442.3455       -6.4078274      -3.024798       -2.1154765      -2.0100409     
0.7475          4475.4716       4703.8464       4449.0159       3441.8562       -6.4218096      -3.0421289      -2.1337071      -2.0286383     
0.74833333      4472.2951       4700.6541       4446.881        3441.3829       -6.4495102      -3.0720732      -2.1634815      -2.057824      
0.74916667      4469.1829       4697.5064       4444.7849       3440.9203       -6.4809439      -3.1063014      -2.1976982      -2.0918698     
0.75            4466.188        4694.448        4442.7747       3440.5065       -6.5055582      -3.133427       -2.2246337      -2.1180642     
0.75083333      4463.183        4691.3382       4440.7382       3440.0741       -6.5454218      -3.1761448      -2.2677825      -2.1618945     
0.75166667      4460.3431       4688.3996       4438.8273       3439.7066       -6.5700736      -3.2036057      -2.2955209      -2.1895695     
0.7525          4457.382        4685.4832       4436.9372       3439.3551       -6.5976842      -3.2339001      -2.3250287      -2.217564      
0.75333333      4454.5329       4682.6747       4435.1369       3439.054        -6.6115534      -3.2506681      -2.3411517      -2.2318954     
0.75416667      4451.7131       4679.867        4433.3539       3438.7694       -6.608728       -3.2505359      -2.3414237      -2.2321942     
0.755           4448.9436       4677.1132       4431.6268       3438.5135       -6.6191872      -3.2636803      -2.3548589      -2.2453765     
0.75583333      4446.2165       4674.401        4429.9401       3438.279        -6.6268828      -3.2736523      -2.3656746      -2.2572397     
0.75666667      4443.5813       4671.7742       4428.3239       3438.0939       -6.6101709      -3.2589527      -2.3509401      -2.2419806     
0.7575          4441.082        4669.2722       4426.7895       3437.96         -6.5929942      -3.2441227      -2.3344567      -2.2233124     
0.75833333      4438.6641       4666.8496       4425.305        3437.8619       -6.5741028      -3.226902       -2.3177807      -2.207165      
0.75916667      4436.1966       4664.3881       4423.7823       3437.7563       -6.5623606      -3.2168637      -2.3089512      -2.2001011     
0.76            4433.7164       4661.9262       4422.2482       3437.6524       -6.5736907      -3.2292076      -2.3208068      -2.2120864     
0.76086957      4429.0298       4656.8132       4418.2001       3435.399        -6.5863465      -3.2249295      -2.3190971      -2.2117656     
0.76173913      4426.257        4654.1816       4416.6029       3435.4395       -6.5850313      -3.224522       -2.3184902      -2.2112623     
0.7626087       4424.7285       4652.8185       4416.0415       3436.1056       -6.5698582      -3.2129129      -2.3059235      -2.1981742     
0.76347826      4422.7601       4650.9235       4415.0331       3436.4728       -6.5529858      -3.1981442      -2.2912258      -2.1837467     
0.76434783      4420.9108       4648.7993       4413.9172       3436.7442       -6.5494813      -3.1956194      -2.2888763      -2.1817549     
0.76521739      4418.9864       4646.5565       4412.6907       3436.9363       -6.5403962      -3.1868669      -2.2799574      -2.1731261     
0.76608696      4416.9291       4644.4558       4411.4609       3437.1074       -6.526742       -3.1733134      -2.2656707      -2.1586011     
0.76695652      4414.7666       4642.3286       4410.2127       3437.2845       -6.5047249      -3.151078       -2.2431228      -2.1368259     
0.76782609      4412.6705       4640.2564       4408.9728       3437.4381       -6.497917       -3.145686       -2.2390186      -2.1349387     
0.76869565      4410.5239       4638.1448       4407.7498       3437.6276       -6.4969611      -3.1442311      -2.2365808      -2.1332142     
0.76956522      4408.462        4636.1091       4406.5781       3437.8492       -6.472632       -3.1206818      -2.2138356      -2.1129132     
0.77043478      4406.4346       4634.0952       4405.411        3438.0789       -6.4616115      -3.1108026      -2.2041189      -2.1042625     
0.77130435      4404.4128       4632.0831       4404.2593       3438.3304       -6.451286       -3.1008845      -2.193632       -2.0944503     
0.77217391      4402.4293       4630.0976       4403.1251       3438.5966       -6.4408078      -3.091186       -2.1837454      -2.0858057     
0.77304348      4400.4521       4628.1158       4402.007        3438.8824       -6.4230944      -3.0741857      -2.1666991      -2.0709311     
0.77391304      4398.5325       4626.1827       4400.9209       3439.1925       -6.404206       -3.0561987      -2.1490324      -2.0557535     
0.77478261      4396.6539       4624.2857       4399.8682       3439.5317       -6.392441       -3.0451061      -2.1371692      -2.044464      
0.77565217      4394.7677       4622.3838       4398.754        3439.8823       -6.3864321      -3.0395697      -2.129833       -2.0368016     
0.77652174      4392.933        4620.5301       4397.6544       3440.255        -6.3883092      -3.042033       -2.130874       -2.0371124     
0.7773913       4391.0973       4618.6747       4396.5762       3440.6487       -6.3843506      -3.0386498      -2.1263087      -2.0328865     
0.77826087      4389.2605       4616.8223       4395.5276       3441.0601       -6.3680648      -3.0233573      -2.1103336      -2.0176665     
0.77913043      4387.4795       4615.0174       4394.5258       3441.4915       -6.3601869      -3.0162299      -2.1020422      -2.0098074     
0.78            4385.7836       4613.2851       4393.5954       3441.9613       -6.3664784      -3.0234163      -2.1081667      -2.0165467     
0.78086957      4384.2034       4611.6603       4392.7728       3442.4998       -6.3656359      -3.0230669      -2.1059548      -2.0140379     
0.78173913      4382.6272       4610.0473       4391.9801       3443.0723       -6.3442698      -3.0019341      -2.0825073      -1.9897318     
0.7826087       4381.002        4608.3956       4391.2494       3443.6663       -6.2737278      -2.9324417      -2.0119835      -1.9195428     
0.78347826      4379.4379       4606.7979       4390.6169       3444.2683       -6.276026       -2.9357162      -2.0107909      -1.9150661     
0.78434783      4377.9669       4605.2832       4390.0595       3444.9208       -6.2763369      -2.9360783      -2.0095533      -1.9140189     
0.78521739      4376.5636       4603.8326       4389.5655       3445.6178       -6.2581202      -2.9183419      -1.989359       -1.8924072     
0.78608696      4375.194        4602.415        4389.1025       3446.3423       -6.2314754      -2.8922347      -1.9623         -1.8659909     
0.78695652      4373.8565       4601.0289       4388.6776       3447.0979       -6.2121436      -2.8731119      -1.9415989      -1.845673      
0.78782609      4372.5794       4599.6943       4388.282        3447.881        -6.206898       -2.8683239      -1.9356335      -1.8399584     
0.78869565      4371.3245       4598.3846       4387.9364       3448.7099       -6.2022023      -2.8619177      -1.9257502      -1.8282927     
0.78956522      4370.1476       4597.1347       4387.6067       3449.5355       -6.1601076      -2.820328       -1.883295       -1.7863364     
0.79043478      4368.9786       4595.9004       4387.3173       3450.3937       -6.1683978      -2.8273556      -1.8875344      -1.7899154     
0.79130435      4367.7639       4594.631        4387.0108       3451.2521       -6.1795987      -2.8374658      -1.8951421      -1.7967411     
0.79217391      4366.4492       4593.2778       4386.6571       3452.1087       -6.1677722      -2.8247249      -1.8805767      -1.782239      
0.79304348      4365.1406       4591.9275       4386.3046       3452.9883       -6.1570129      -2.8123128      -1.8650757      -1.7659136     
0.79391304      4363.8422       4590.5921       4385.9706       3453.9241       -6.132511       -2.7863277      -1.836148       -1.7361995     
0.79478261      4362.6661       4589.3617       4385.7177       3454.8825       -6.1296642      -2.7818106      -1.8289574      -1.7296146     
0.79565217      4361.4858       4588.1304       4385.4713       3455.8523       -6.1091321      -2.7598449      -1.8043391      -1.7043497     
0.79652174      4360.3407       4586.9307       4385.249        3456.8323       -6.0988356      -2.7479311      -1.7895941      -1.6891075     
0.7973913       4359.202        4585.7378       4385.0379       3457.837        -6.086029       -2.7336553      -1.7727001      -1.6717377     
0.79826087      4358.1104       4584.5914       4384.8706       3458.8912       -6.0671166      -2.7133739      -1.749393       -1.6469073     
0.79913043      4357.1642       4583.5661       4384.7715       3459.9816       -6.0409226      -2.6853893      -1.7180048      -1.6142269     
0.8             4356.3029       4582.6224       4384.7501       3461.0921       -6.0326435      -2.6757508      -1.705796       -1.6013985     
0.80086957      4355.3999       4581.6381       4384.6858       3462.1647       -5.9984763      -2.6395602      -1.6657531      -1.5598376     
0.80173913      4354.5423       4580.6884       4384.6405       3463.2227       -5.951551       -2.5912421      -1.6144843      -1.5070925     
0.8026087       4353.7129       4579.7685       4384.6218       3464.2675       -5.9332796      -2.5716463      -1.5920534      -1.4841943     
0.80347826      4353.0227       4578.9904       4384.7456       3465.4314       -5.9274018      -2.5646164      -1.5818123      -1.4731147     
0.80434783      4352.3585       4578.2392       4384.8937       3466.6097       -5.9337409      -2.569282       -1.5822875      -1.4711787     
0.80521739      4351.7356       4577.5332       4385.0889       3467.7864       -5.9323306      -2.5665371      -1.5760564      -1.4637561     
0.80608696      4351.5849       4577.2491       4385.5903       3469.1173       -5.9254305      -2.5588095      -1.5652051      -1.451708      
0.80695652      4350.6297       4576.2503       4385.5644       3470.1574       -5.9289463      -2.5611008      -1.5643104      -1.4499483     
0.80782609      4349.6669       4575.239        4385.5145       3471.1743       -5.9404384      -2.5712322      -1.5715451      -1.4570796     
0.80869565      4348.6208       4574.166        4385.4482       3472.1011       -5.8975526      -2.5265666      -1.522652       -1.4061036     
0.80956522      4347.6324       4573.1358       4385.3842       3473.0377       -5.8519067      -2.4795578      -1.4722945      -1.3536051     
0.81043478      4346.7208       4572.2025       4385.4601       3474.1055       -5.8135028      -2.4401612      -1.4299502      -1.3115004     
0.81130435      4345.8188       4571.266        4385.4989       3475.1771       -5.8042758      -2.4293738      -1.4155539      -1.2955173     
0.81217391      4345.0071       4570.4213       4385.6286       3476.344        -5.7894834      -2.4132277      -1.3958292      -1.2746007     
0.81304348      4344.3515       4569.7122       4385.8435       3477.6671       -5.7308662      -2.3536976      -1.3334357      -1.21195       
0.81391304      4343.7012       4569.013        4386.0776       3479.0304       -5.7239188      -2.346099       -1.3221445      -1.1988192     
0.81478261      4343.1911       4568.4445       4386.4036       3480.4205       -5.7298317      -2.3509853      -1.3214312      -1.1940263     
0.81565217      4342.8083       4567.9837       4386.7931       3481.8644       -5.7321311      -2.352345       -1.3188266      -1.1895964     
0.81652174      4342.4678       4567.5877       4387.2699       3483.343        -5.7047134      -2.3246165      -1.2849425      -1.1500355     
0.8173913       4342.1976       4567.2374       4387.7457       3484.8331       -5.678884       -2.2973902      -1.2509788      -1.1102131     
0.81826087      4341.9416       4566.9274       4388.2992       3486.3755       -5.6438586      -2.2626367      -1.2110262      -1.0676872     
0.81913043      4341.6512       4566.5763       4388.7986       3487.8911       -5.598459       -2.2162035      -1.1577976      -1.008301      
0.82            4341.4027       4566.2758       4389.3548       3489.4291       -5.5862115      -2.2043049      -1.1409675      -0.98811413    
0.82086957      4341.1196       4565.9333       4389.8531       3490.9296       -5.6086149      -2.2268741      -1.1599078      -1.0045655     
0.82173913      4340.6893       4565.4857       4390.322        3492.4139       -5.6335585      -2.2508096      -1.1764886      -1.0142115     
0.8226087       4340.2474       4565.0264       4390.7816       3493.9014       -5.6415835      -2.2587227      -1.1793733      -1.01182       
0.82347826      4339.7449       4564.5363       4391.2643       3495.4215       -5.6303131      -2.2480586      -1.1645602      -0.99302103    
0.82434783      4339.2586       4564.0727       4391.7904       3496.9812       -5.6010119      -2.2192375      -1.131366       -0.95462867    
0.82521739      4338.7012       4563.5542       4392.2972       3498.5428       -5.5380231      -2.1571018      -1.0656269      -0.88456351    
0.82608696      4338.0921       4562.991        4392.7732       3500.0677       -5.5337508      -2.1542588      -1.0605008      -0.87707602    
0.82695652      4337.4571       4562.411        4393.2511       3501.5912       -5.5303786      -2.1520198      -1.0547618      -0.86602605    
0.82782609      4336.7734       4561.7967       4393.7337       3503.1187       -5.5219423      -2.1448776      -1.0448488      -0.85159231    
0.82869565      4336.1388       4561.2261       4394.2432       3504.6621       -5.4939507      -2.1186854      -1.0175054      -0.82110158    
0.82956522      4335.6039       4560.7592       4394.8586       3506.2613       -5.4883652      -2.11457        -1.0113428      -0.81084578    
0.83043478      4335.1527       4560.3662       4395.5197       3507.8916       -5.4558566      -2.083208       -0.97785009     -0.77333727    
0.83130435      4334.6591       4559.9432       4396.1687       3509.5211       -5.4373583      -2.0660865      -0.95877873     -0.75015271    
0.83217391      4334.1879       4559.5479       4396.8457       3511.1892       -5.3785359      -2.0093755      -0.90181109     -0.69114771    
0.83304348      4333.7262       4559.1665       4397.5374       3512.8556       -5.382138       -2.0147479      -0.90651222     -0.69249537    
0.83391304      4333.3808       4558.8926       4398.306        3514.5655       -5.3766303      -2.0119684      -0.90314365     -0.68430404    
0.83478261      4332.9554       4558.5554       4399.0355       3516.269        -5.3635323      -1.9997332      -0.89053522     -0.66723804    
0.83565217      4332.5981       4558.2854       4399.8277       3518.0372       -5.2823144      -1.9205762      -0.81013438     -0.58381264    
0.83652174      4332.1092       4557.9042       4400.5389       3519.752        -5.2739892      -1.9115208      -0.79949251     -0.56946474    
0.8373913       4331.5735       4557.49         4401.222        3521.4721       -5.2568607      -1.8946087      -0.78255921     -0.54985541    
0.83826087      4330.9869       4557.0451       4401.907        3523.213        -5.2370169      -1.8757367      -0.76482509     -0.52928279    
0.83913043      4330.2689       4556.4969       4402.545        3524.9374       -5.2194641      -1.8677407      -0.75685848     -0.51849944    
0.84            4329.5309       4555.9074       4403.1103       3526.634        -5.2069119      -1.8633625      -0.75280404     -0.51147082    
0.84090909      4326.5809       4552.762        4401.343        3526.2157       -5.2159833      -1.8597238      -0.75087355     -0.50804456    
0.84181818      4325.7857       4552.2102       4402.1563       3528.3015       -5.1926704      -1.8210753      -0.70951405     -0.46159514    
0.84272727      4325.7373       4552.5223       4403.8606       3531.0147       -5.153128       -1.7882557      -0.67509808     -0.42599111    
0.84363636      4325.1409       4552.1661       4404.7924       3533.1811       -5.1275052      -1.7634356      -0.64974503     -0.39922176    
0.84454545      4324.4078       4551.733        4405.7552       3535.3542       -5.0608397      -1.7038625      -0.58632404     -0.33202348    
0.84545455      4323.8177       4551.4017       4406.7838       3537.5324       -5.0416149      -1.6800046      -0.55815584     -0.29995769    
0.84636364      4323.2043       4551.0155       4407.7263       3539.6628       -5.0033381      -1.6404921      -0.51936664     -0.26073974    
0.84727273      4322.3261       4550.3694       4408.4549       3541.6528       -5.0018903      -1.6364893      -0.51360097     -0.25304735    
0.84818182      4321.4093       4549.6737       4409.1415       3543.624        -5.0173498      -1.6428152      -0.51579225     -0.25343971    
0.84909091      4320.3965       4548.8896       4409.7595       3545.5713       -5.0177569      -1.6342025      -0.50135058     -0.23502222    
0.85            4319.5964       4548.3091       4410.57         3547.6773       -4.9581013      -1.5668806      -0.43112739     -0.16508501    
0.85090909      4318.2323       4547.1847       4410.9146       3549.485        -4.9618098      -1.5616726      -0.41991054     -0.15147565    
0.85181818      4316.9929       4546.1532       4411.3058       3551.3323       -4.9557738      -1.5487924      -0.4005467      -0.12937169    
0.85272727      4315.4307       4544.8365       4411.5128       3553.1074       -4.8835346      -1.4709901      -0.31714365     -0.044453032   
0.85363636      4313.5353       4543.1996       4411.4317       3554.7086       -4.8940602      -1.4757233      -0.31586734     -0.041928441   
0.85454545      4311.5779       4541.4991       4411.2886       3556.2728       -4.9218267      -1.4973941      -0.33101405     -0.055958534   
0.85545455      4309.5616       4539.7355       4411.0781       3557.8129       -4.9396061      -1.5048137      -0.32935904     -0.050594359   
0.85636364      4307.1561       4537.6152       4410.5871       3559.2076       -4.9264911      -1.4838829      -0.30204349     -0.023664264   
0.85727273      4304.6872       4535.4072       4409.9923       3560.5513       -4.9039576      -1.4532035      -0.26376182     0.015919905    
0.85818182      4301.9937       4533.0042       4409.2611       3561.8114       -4.8953476      -1.4405756      -0.24273193     0.038490881    
0.85909091      4299.3264       4530.5767       4408.4447       3563.0248       -4.8896187      -1.4291789      -0.22356342     0.057656232    
0.86            4296.3987       4527.9286       4407.4872       3564.1695       -4.8418653      -1.3785429      -0.1651191      0.11718635     
0.86090909      4293.7735       4525.499        4406.6154       3565.3394       -4.8285678      -1.3616379      -0.14000187     0.14274172     
0.86181818      4291.0735       4522.9982       4405.6831       3566.4669       -4.8096028      -1.3419102      -0.11327941     0.16880777     
0.86272727      4288.3838       4520.473        4404.6879       3567.5606       -4.780206       -1.3121689      -0.07422814     0.21082279     
0.86363636      4285.5104       4517.7905       4403.584        3568.5896       -4.7609174      -1.29578        -0.050205867    0.23518907     
0.86454545      4282.6756       4515.1005       4402.4032       3569.59         -4.6994813      -1.2400559      0.012381849     0.29828753     
0.86545455      4279.6631       4512.2646       4401.1392       3570.5439       -4.6730214      -1.2208751      0.038733509     0.32531482     
0.86636364      4276.5248       4509.2721       4399.6825       3571.397        -4.6369194      -1.1946572      0.07071222      0.35622961     
0.86727273      4273.2709       4506.1642       4398.1206       3572.1851       -4.6315747      -1.200622       0.070556852     0.35551724     
0.86818182      4269.8145       4502.861        4396.3821       3572.8828       -4.6368658      -1.2185236      0.059365306     0.34524877     
0.86909091      4266.3066       4499.4915       4394.5632       3573.5424       -4.6379459      -1.234506       0.04881161      0.33496111     
0.87            4262.6922       4496.0168       4392.6462       3574.1482       -4.6223084      -1.2348941      0.054845876     0.34252051     
0.87090909      4259.0435       4492.4906       4390.6555       3574.7332       -4.506164       -1.138457       0.1541674       0.44038614     
0.87181818      4255.2041       4488.7905       4388.528        3575.2108       -4.4712777      -1.123419       0.17390388      0.46093136     
0.87272727      4251.4136       4485.1153       4386.3875       3575.6881       -4.3271355      -1.0024508      0.29601671      0.58062291     
0.87363636      4247.6231       4481.4178       4384.1712       3576.0739       -4.3029178      -1.0013632      0.30052531      0.58527274     
0.87454545      4243.7564       4477.668        4381.9138       3576.4081       -4.2766662      -1.0003366      0.30305443      0.58583657     
0.87545455      4240.1942       4474.1107       4379.7079       3576.7211       -4.2835794      -1.0337208      0.27136519      0.55435767     
0.87636364      4236.5051       4470.4701       4377.4592       3577.0083       -4.2615898      -1.0386386      0.26886912      0.5531159      
0.87727273      4233.0981       4467.038        4375.303        3577.3493       -4.1863921      -0.99362304     0.31260427      0.59544203     
0.87818182      4229.488        4463.4391       4373.039        3577.6252       -4.0927237      -0.93047444     0.37428765      0.6555459      
0.87909091      4226.1506       4460.0401       4370.8481       3577.9266       -3.9800743      -0.84920393     0.45382928      0.73456223     
0.88            4222.552        4456.4103       4368.4829       3578.1015       -3.9229208      -0.82324813     0.47832379      0.75909991     
0.88090909      4219.1476       4452.9307       4366.1762       3578.3016       -3.835834       -0.76970805     0.52711487      0.80565527     
0.88181818      4215.7418       4449.4432       4363.8506       3578.483        -3.7258659      -0.69204931     0.60144292      0.88038523     
0.88272727      4212.2081       4445.8235       4361.4037       3578.5617       -3.675647       -0.67566844     0.61140144      0.88705794     
0.88363636      4208.8909       4442.3873       4359.0335       3578.6484       -3.6792856      -0.71152463     0.57089188      0.84667472     
0.88454545      4205.3839       4438.7856       4356.5455       3578.6664       -3.6400082      -0.70345981     0.57495181      0.85159423     
0.88545455      4202.0332       4435.309        4354.1113       3578.7203       -3.5482359      -0.64581516     0.62350953      0.89653255     
0.88636364      4198.591        4431.7452       4351.5926       3578.7078       -3.4799347      -0.60921845     0.65364955      0.92702859     
0.88727273      4195.1904       4428.2166       4349.0776       3578.6969       -3.3550293      -0.5165774      0.73729432      1.0083797      
0.88818182      4191.7812       4424.6702       4346.5258       3578.6274       -3.2909251      -0.48308175     0.76342411      1.0345938      
0.88909091      4188.5029       4421.2281       4344.0096       3578.5599       -3.2120108      -0.43515118     0.80148474      1.0691304      
0.89            4185.2976       4417.8542       4341.5466       3578.5243       -3.0715593      -0.32439226     0.90359021      1.1701544      
0.89090909      4182.1986       4414.5698       4339.1007       3578.4698       -3.0051355      -0.28748855     0.93024243      1.1932563      
0.89181818      4179.1458       4411.3234       4336.6512       3578.3875       -2.9660098      -0.27648724     0.93164955      1.1927159      
0.89272727      4176.2544       4408.2132       4334.2844       3578.351        -2.8945231      -0.2307987      0.96918413      1.2303255      
0.89363636      4173.3942       4405.1398       4331.9382       3578.3112       -2.8129104      -0.17606855     1.0121337       1.2689932      
0.89454545      4170.6326       4402.1468       4329.625        3578.2686       -2.7353463      -0.12277375     1.0557371       1.311021       
0.89545455      4168.0092       4399.2755       4327.3876       3578.2625       -2.6352175      -0.045438526    1.1242441       1.3782381      
0.89636364      4165.4146       4396.4357       4325.1714       3578.2438       -2.5430747      0.024485261     1.1843462       1.4362119      
0.89727273      4162.9746       4393.7247       4322.9747       3578.2508       -2.4671052      0.079098133     1.2288019       1.4780847      
0.89818182      4160.5235       4391.0052       4320.7772       3578.2247       -2.4026188      0.12356342      1.2638713       1.5111596      
0.89909091      4158.1503       4388.3572       4318.6173       3578.2066       -2.3386903      0.16862699      1.2998246       1.5454209      
0.9             4155.8158       4385.7492       4316.4838       3578.201        -2.2552265      0.23387829      1.3558143       1.5990962      
0.90090909      4153.616        4383.2586       4314.4248       3578.2144       -2.1694946      0.30244834      1.4153982       1.6565942      
0.90181818      4151.552        4380.899        4312.4836       3578.2737       -2.0718633      0.38330361      1.4878765       1.7269441      
0.90272727      4149.4265       4378.4643       4310.4564       3578.2495       -2.0199064      0.4203982       1.5185224       1.7576393      
0.90363636      4147.3636       4376.1126       4308.5551       3578.2535       -1.9037189      0.51992103      1.6079081       1.8424038      
0.90454545      4145.4158       4373.8536       4306.7698       3578.2841       -1.8028162      0.60698128      1.6887252       1.9232004      
0.90545455      4143.4803       4371.6131       4305.0443       3578.2744       -1.7416452      0.65435185      1.7299434       1.9638082      
0.90636364      4141.7531       4369.5563       4303.4263       3578.3261       -1.6510853      0.72928995      1.7947836       2.0234049      
0.90727273      4139.9669       4367.4545       4301.7883       3578.3222       -1.6135512      0.75415044      1.8139922       2.0417931      
0.90818182      4138.268        4365.4464       4300.216        3578.3498       -1.5594731      0.79531136      1.8487086       2.0745558      
0.90909091      4137.0125       4363.7243       4298.8553       3578.4824       -1.5051052      0.83718587      1.8847363       2.1087893      
0.91            4135.5441       4361.8909       4297.4162       3578.5751       -1.395925       0.93374068      1.9744546       2.1952592      
0.91090909      4134.0689       4360.0739       4296.0097       3578.6559       -1.3483201      0.9700387       2.006147        2.2257668      
0.91181818      4132.6834       4358.3184       4294.627        3578.7321       -1.2988771      1.0079449       2.0384966       2.2553427      
0.91272727      4131.4197       4356.6349       4293.3187       3578.869        -1.1102781      1.1846756       2.2087137       2.4216721      
0.91363636      4129.932        4354.855        4291.9465       3578.9152       -1.086862       1.1992444       2.2206902       2.4333155      
0.91454545      4128.5485       4353.1533       4290.6286       3578.9775       -1.0517221      1.2249959       2.2423018       2.4527436      
0.91545455      4127.3961       4351.5691       4289.3846       3579.0906       -0.94820411     1.319258        2.3316005       2.5384747      
0.91636364      4126.1367       4349.9467       4288.1366       3579.1758       -0.87402356     1.386139        2.395789        2.6015006      
0.91727273      4125.0471       4348.4975       4287.0279       3579.3346       -0.80433939     1.4479332       2.4529266       2.6547443      
0.91818182      4123.7115       4346.8322       4285.7543       3579.3741       -0.76690272     1.4787914       2.4794832       2.6776055      
0.91909091      4122.6865       4345.3708       4284.6207       3579.4795       -0.76728022     1.4747623       2.4754614       2.6742927      
0.92            4121.3987       4343.7891       4283.4377       3579.551        -0.72084739     1.5168358       2.5142181       2.7101773      
0.92090909      4120.2247       4342.2686       4282.2885       3579.6649       -0.60954196     1.6245961       2.6194142       2.8129397      
0.92181818      4118.9285       4340.637        4281.0599       3579.6959       -0.5466708      1.6898434       2.6853738       2.8786803      
0.92272727      4117.7356       4339.0952       4279.8911       3579.7589       -0.47447639     1.7619787       2.7540608       2.9422062      
0.92363636      4116.4386       4337.4763       4278.6715       3579.767        -0.42366199     1.8129119       2.8051499       2.992858       
0.92454545      4115.0995       4335.8124       4277.4187       3579.7481       -0.37751398     1.8583618       2.8495716       3.0357992      
0.92545455      4113.8357       4334.2214       4276.2258       3579.7414       -0.31692887     1.9179888       2.9082062       3.093621       
0.92636364      4112.527        4332.5926       4275.0131       3579.7219       -0.22488671     2.0098058       2.998302        3.1817111      
0.92727273      4111.1572       4330.918        4273.7723       3579.6276       -0.17719654     2.0618272       3.050067        3.2323079      
0.92818182      4109.8304       4329.2678       4272.5472       3579.5184       -0.16309485     2.0792105       3.0652125       3.2436284      
0.92909091      4108.3804       4327.5367       4271.2722       3579.3473       -0.18406342     2.0656966       3.054771        3.2360018      
0.93            4107.0077       4325.8608       4270.0428       3579.2114       -0.14942464     2.1059348       3.0952445       3.2751515      
0.93090909      4105.5264       4324.1033       4268.7607       3578.9623       -0.083825549    2.1774334       3.1666523       3.3452395      
0.93181818      4104.1297       4322.4025       4267.5161       3578.7087       -0.0068432864   2.2609976       3.2515173       3.4300165      
0.93272727      4102.639        4320.6616       4266.2739       3578.4653       0.036570013     2.3113521       3.3031259       3.4813907      
0.93363636      4101.2412       4318.9738       4265.0387       3578.2411       0.069515648     2.3496986       3.3403476       3.5159922      
0.93454545      4099.7225       4317.1905       4263.7502       3578.002        0.09120899      2.3796391       3.3737527       3.5522024      
0.93545455      4098.2377       4315.4402       4262.4935       3577.8781       0.15026866      2.4458432       3.4424458       3.6229058      
0.93636364      4096.7118       4313.658        4261.2153       3577.8051       0.20362869      2.5067581       3.5029613       3.6807949      
0.93727273      4095.201        4311.8919       4259.9585       3577.7806       0.3522864       2.6623014       3.6562136       3.8290789      
0.93818182      4093.6044       4310.049        4258.636        3577.6617       0.35488108      2.6732954       3.6692319       3.8425036      
0.93909091      4092.0595       4308.2463       4257.3189       3577.514        0.29624503      2.6215085       3.6174635       3.7891329      
0.94            4090.3652       4306.3164       4255.9242       3577.3248       0.27349415      2.6107694       3.6150415       3.7950393      
0.94095238      4086.8744       4302.1371       4252.194        3574.8033       0.3231739       2.7052992       3.703908        3.8789597      
0.94190476      4085.1488       4300.2425       4250.98         3574.946        0.43567239      2.8264147       3.8260338       4.000346       
0.94285714      4084.0697       4299.0014       4250.2925       3575.4233       0.45701656      2.8549346       3.85904         4.0363792      
0.94380952      4082.6359       4297.4077       4249.2841       3575.6561       0.4734113       2.8763968       3.8788098       4.052921       
0.9447619       4081.0507       4295.6464       4248.098        3575.6973       0.45972984      2.8762125       3.8849972       4.0653784      
0.94571429      4079.3757       4293.7965       4246.8225       3575.6751       0.52526174      2.9514056       3.9601248       4.1391855      
0.94666667      4077.6484       4291.9407       4245.5102       3575.6224       0.640774        3.0784132       4.0887085       4.2684126      
0.94761905      4075.9087       4289.8338       4244.0737       3575.4472       0.64713693      3.1070124       4.1246638       4.3108569      
0.94857143      4074.1951       4287.861        4242.674        3575.3167       0.6972837       3.1805751       4.1955288       4.3776129      
0.94952381      4072.448        4285.8908       4241.2878       3575.1588       0.65543559      3.1703556       4.1911074       4.3773075      
0.95047619      4070.4968       4283.7881       4239.8088       3574.956        0.64141367      3.1886641       4.2125627       4.4012516      
0.95142857      4068.6729       4281.7774       4238.377        3574.779        0.63742475      3.2164345       4.2438465       4.4340012      
0.95238095      4066.7906       4279.7464       4236.9393       3574.6004       0.63923033      3.2516891       4.2851023       4.4802097      
0.95333333      4064.8283       4277.6477       4235.474        3574.4183       0.69085997      3.3344882       4.3704534       4.5660525      
0.95428571      4062.9892       4275.6485       4234.0561       3574.2599       0.73861148      3.4130448       4.4521072       4.6489652      
0.9552381       4061.037        4273.535        4232.5784       3574.0563       0.78891126      3.4944548       4.5380921       4.7379291      
0.95619048      4059.1099       4271.4123       4231.0846       3573.8278       0.79327414      3.5291051       4.5771849       4.7795523      
0.95714286      4057.1853       4269.4139       4229.6048       3573.5927       0.77977721      3.5449729       4.5973632       4.8020504      
0.95809524      4055.1165       4267.2273       4228.0314       3573.3034       0.78399489      3.5773977       4.6329308       4.8388249      
0.95904762      4053.3075       4265.2483       4226.5892       3573.0626       0.73246737      3.5546658       4.6175408       4.8295838      
0.96            4051.1675       4262.9911       4224.9925       3572.7597       0.77429532      3.6223216       4.6887483       4.9019262      
0.96095238      4049.3114       4260.9712       4223.528        3572.5472       0.83567623      3.7058467       4.7750707       4.9896758      
0.96190476      4047.3703       4258.8523       4222.0408       3572.3064       0.94637474      3.8353364       4.90909         5.1260742      
0.96285714      4045.4854       4256.7978       4220.5594       3572.0589       0.94108595      3.8522745       4.9336293       5.1573624      
0.96380952      4043.5798       4254.7362       4219.1095       3571.8366       1.0071574       3.9343888       5.0162097       5.2383385      
0.9647619       4041.6978       4252.6899       4217.6446       3571.6005       1.0354691       3.981551        5.0694757       5.2964292      
0.96571429      4039.7542       4250.5644       4216.1291       3571.3319       1.0657816       4.0279931       5.1194922       5.348479       
0.96666667      4037.797        4248.4677       4214.6361       3571.0676       1.0648215       4.0421644       5.1372345       5.3681233      
0.96761905      4035.827        4246.3506       4213.1288       3570.7886       1.0495174       4.043541        5.14628         5.3839859      
0.96857143      4033.8891       4244.2588       4211.6457       3570.5654       1.1623169       4.1695318       5.2755124       5.5144863      
0.96952381      4031.9521       4242.1744       4210.18         3570.355        1.3063358       4.3272775       5.4391526       5.6829823      
0.97047619      4030.0245       4240.0923       4208.6935       3570.0922       1.3159973       4.3494382       5.468246        5.7176438      
0.97142857      4028.1465       4238.0523       4207.2292       3569.8418       1.3454392       4.3880408       5.5081756       5.7593136      
0.97238095      4026.2006       4235.9563       4205.7364       3569.5738       1.3870754       4.4397311       5.5636503       5.819834       
0.97333333      4024.3946       4233.9787       4204.3157       3569.3711       1.4804199       4.5403844       5.6670386       5.9265964      
0.97428571      4022.5029       4231.9276       4202.8475       3569.1287       1.5316825       4.5996581       5.728912        5.9947354      
0.9752381       4020.7059       4229.9569       4201.4227       3568.9299       1.6042404       4.6770083       5.8066531       6.0740306      
0.97619048      4018.9028       4227.9845       4200.0007       3568.7318       1.6881485       4.7666267       5.9006895       6.1741565      
0.97714286      4017.0926       4226.0032       4198.556        3568.5137       1.7357216       4.8186601       5.9563177       6.2346113      
0.97809524      4015.3178       4224.0539       4197.1262       3568.3016       1.770102        4.8565598       5.9978824       6.2818882      
0.97904762      4013.5406       4222.1049       4195.6935       3568.0952       1.8228604       4.9128204       6.0584059       6.3492012      
0.98            4011.7775       4220.1712       4194.2692       3567.9271       1.9775501       5.0680148       6.2138937       6.5066414      
0.98095238      4009.9242       4218.1444       4192.7501       3567.663        1.9882481       5.0824964       6.2354928       6.5383681      
0.98190476      4008.1448       4216.183        4191.2806       3567.4465       2.060714        5.1532711       6.3054874       6.6099853      
0.98285714      4006.3982       4214.2576       4189.8303       3567.2383       2.1256705       5.2185266       6.373797        6.6837737      
0.98380952      4004.5987       4212.2872       4188.3416       3567.003        2.1741322       5.2657854       6.4218655       6.7350184      
0.9847619       4002.8064       4210.3168       4186.8403       3566.7466       2.1756888       5.2649787       6.4262187       6.7485097      
0.98571429      4001.1076       4208.4383       4185.4247       3566.5898       2.3255016       5.4130953       6.5738016       6.8983267      
0.98666667      3999.2814       4206.4539       4183.9242       3566.3479       2.3596181       5.4490719       6.6166715       6.9532336      
0.98761905      3997.6203       4204.6159       4182.5328       3566.1927       2.4816015       5.5654025       6.7286428       7.0631373      
0.98857143      3995.877        4202.7037       4181.0723       3565.9789       2.5419344       5.6258227       6.7925805       7.135161       
0.98952381      3994.1911       4200.8507       4179.6668       3565.8249       2.7030327       5.785148        6.9510754       7.2972081      
0.99047619      3992.4619       4198.9536       4178.207        3565.5918       2.7152547       5.8120842       6.9845522       7.3433944      
0.99142857      3990.8029       4197.1254       4176.8079       3565.4155       2.8114599       5.9130034       7.0803101       7.4379649      
0.99238095      3989.1754       4195.3227       4175.4152       3565.2334       2.8748359       5.9885117       7.1590718       7.5254253      
0.99333333      3987.5215       4193.5032       4174.0214       3565.049        2.9540911       6.0787382       7.2508339       7.6238526      
0.99428571      3985.9123       4191.7198       4172.6391       3564.8692       3.028396        6.1635807       7.3353724       7.7122753      
0.9952381       3984.2381       4189.8847       4171.2275       3564.6604       3.0991114       6.2463559       7.4194042       7.8050444      
0.99619048      3982.6788       4188.1492       4169.8777       3564.492        3.1842199       6.3431348       7.5171523       7.9071543      
0.99714286      3981.1143       4186.4183       4168.549        3564.3478       3.3383237       6.5064242       7.6792321       8.073084       
0.99809524      3979.4743       4184.613        4167.1381       3564.1091       3.3474281       6.5308868       7.7111154       8.1192077      
0.99904762      3977.9043       4182.8787       4165.7755       3563.9364       3.4577275       6.653274        7.8287181       8.2367792      
1               3976.3281       4181.1431       4164.4041       3563.7922       3.6601828       6.8715927       8.0476009       8.4617447      
1.0009524       3974.6434       4179.3021       4162.9284       3563.5157       3.6561969       6.8871543       8.0684911       8.4943861      
1.0019048       3972.9773       4177.4821       4161.4756       3563.2551       3.6935105       6.9416708       8.1237226       8.5567311      
1.0028571       3971.4112       4175.7612       4160.1247       3563.1194       3.9293824       7.1931407       8.3730231       8.8092813      
1.0038095       3969.6671       4173.8747       4158.6312       3562.8081       3.9381256       7.2230544       8.4101856       8.8625774      
1.0047619       3968.1125       4172.1627       4157.2778       3562.6266       4.0929374       7.3925003       8.5759292       9.0300167      
1.0057143       3966.3675       4170.2807       4155.7993       3562.3135       4.1103378       7.4313083       8.6223731       9.0931538      
1.0066667       3964.7904       4168.5501       4154.4303       3562.0878       4.2029633       7.5395324       8.7284597       9.2036623      
1.007619        3963.1465       4166.7686       4153.0534       3561.876        4.4087876       7.7636637       8.9540216       9.4378565      
1.0085714       3961.5262       4164.998        4151.6476       3561.5847       4.4093393       7.7844546       8.9808001       9.480192       
1.0095238       3959.908        4163.2381       4150.2993       3561.315        4.4734951       7.8665672       9.0643094       9.5738253      
1.0104762       3958.3931       4161.5749       4149.0454       3561.1403       4.680002        8.0918185       9.2908991       9.8069766      
1.0114286       3956.7723       4159.813        4147.7035       3560.8414       4.6963113       8.1290337       9.3354459       9.8689931      
1.012381        3955.1935       4158.0933       4146.4002       3560.5865       4.793177        8.2436459       9.4502939       9.9904936      
1.0133333       3953.623        4156.3791       4145.0986       3560.3247       4.8937776       8.3629893       9.5731443       10.128848      
1.0142857       3952.1201       4154.731        4143.8479       3560.0804       4.949982        8.4395528       9.6555115       10.228661      
1.0152381       3950.6239       4153.0991       4142.6366       3559.9002       5.1619913       8.6685659       9.8841639       10.468431      
1.0161905       3948.9976       4151.3386       4141.2951       3559.575        5.1651352       8.6947217       9.9223279       10.533151      
1.0171429       3947.5222       4149.7247       4140.0828       3559.38         5.356174        8.9001484       10.124763       10.744615      
1.0180952       3945.8906       4147.9647       4138.7518       3559.0493       5.3781715       8.9458394       10.182895       10.826311      
1.0190476       3944.3706       4146.3082       4137.4985       3558.793        5.476941        9.0586539       10.292792       10.946723      
1.02            3942.7662       4144.5791       4136.1996       3558.5161       5.6064712       9.2066576       10.445765       11.128062      
1.0209524       3941.1332       4142.828        4134.8984       3558.252        5.7691392       9.3889617       10.635739       11.340674      
1.0219048       3939.5127       4141.0824       4133.5752       3557.936        5.8050445       9.4426233       10.695787       11.421425      
1.0228571       3937.8618       4139.3135       4132.2439       3557.6254       5.8619414       9.5142684       10.770639       11.517381      
1.0238095       3936.2615       4137.5974       4130.9718       3557.3906       6.0443717       9.7118093       10.971944       11.737864      
1.0247619       3934.7052       4135.9182       4129.7206       3557.1396       6.1620425       9.8444985       11.111955       11.903983      
1.0257143       3933.016        4134.1227       4128.3796       3556.8232       6.2390023       9.9366195       11.211866       12.031891      
1.0266667       3931.4377       4132.4273       4127.1167       3556.5654       6.3599033       10.068502       11.347375       12.189795      
1.027619        3929.9186       4130.7842       4125.9139       3556.3528       6.5342426       10.255269       11.540263       12.408891      
1.0285714       3928.3153       4129.077        4124.6556       3556.1057       6.6602214       10.395701       11.694851       12.593786      
1.0295238       3926.7755       4127.4193       4123.4341       3555.8562       6.7323986       10.476991       11.777767       12.703713      
1.0304762       3925.2928       4125.8175       4122.265        3555.6731       6.9093034       10.662471       11.967102       12.919388      
1.0314286       3923.7381       4124.1543       4121.0585       3555.4644       7.0748217       10.841143       12.158156       13.145979      
1.032381        3922.1902       4122.4965       4119.8431       3555.2204       7.1430751       10.921137       12.250557       13.273529      
1.0333333       3920.6862       4120.8805       4118.6648       3555.0185       7.2720805       11.057547       12.39455        13.446633      
1.0342857       3919.2234       4119.3014       4117.5322       3554.8635       7.4840696       11.279282       12.627054       13.713473      
1.0352381       3917.6148       4117.6016       4116.2949       3554.6277       7.5933518       11.40018        12.764706       13.890035      
1.0360317       3923.6925       4125.3485       4125.0682       3565.1279       7.7134149       11.406443       12.781543       13.943336      
1.0368254       3922.6551       4124.0047       4123.458        3563.7182       7.6025555       11.390932       12.793308       13.997412      
1.037619        3918.4526       4119.5547       4119.533        3560.9126       7.8728783       11.629309       13.035761       14.263773      
1.0384127       3915.7909       4116.5292       4116.7814       3559.0096       8.0049089       11.792342       13.221535       14.481469      
1.0392063       3913.4967       4113.9844       4114.6445       3557.8031       8.1216271       11.894682       13.336544       14.627613      
1.04            3911.6332       4111.9275       4112.9802       3557.0829       8.375911        12.145298       13.598866       14.912676      
1.0407407       3912.7325       4113.5797       4115.3119       3560.7285       8.4180228       12.158457       13.632082       14.983267      
1.0414815       3911.3365       4111.9939       4113.876        3559.893        8.4421701       12.185991       13.679176       15.063155      
1.0422222       3908.7703       4109.2527       4111.5806       3558.5868       8.7391378       12.471498       13.97354        15.380211      
1.0429333       3908.5779       4109.2836       4112.1064       3560.1674       8.7677568       12.482932       14.012561       15.464538      
1.0436444       3907.2661       4107.7607       4110.7765       3559.4564       9.0186134       12.732009       14.266694       15.733832      
1.0443556       3905.0078       4105.3331       4108.7403       3558.2778       9.0547979       12.766574       14.331613       15.846392      
1.0450074       3907.4491       4108.5271       4112.6068       3563.4762       9.3061315       12.947937       14.515954       16.050727      
1.0456593       3906.5197       4107.3598       4111.4112       3562.5794       9.3104022       12.9792         14.578291       16.161473      
1.0461074       3925.1739       4130.9016       4137.3534       3592.4185       9.4968275       12.955409       14.552437       16.164825      
1.0465556       3926.1194       4130.9381       4135.7364       3589.7627       9.2465896       12.854506       14.496256       16.16201       
1.0470037       3917.3075       4121.704        4127.0933       3581.896        9.2730791       12.867815       14.518658       16.214368      
1.0474519       3912.6678       4116.1411       4121.2703       3576.4594       9.6753943       13.302203       14.950151       16.640437      
1.0479          3908.5983       4111.4961       4116.7611       3572.4312       9.692866        13.308943       14.979235       16.700419      
1.0483321       3908.0852       4110.982        4116.517        3573.0569       9.8166864       13.406311       15.078811       16.806967      
1.0487643       3906.1384       4108.6839       4114.2638       3571.1526       9.8824078       13.45856        15.147587       16.898868      
1.0491964       3903.6554       4105.879        4111.6663       3569.2389       10.131283       13.68688        15.379727       17.140818      
1.0496286       3901.5561       4103.5336       4109.5383       3567.6919       10.112735       13.667825       15.388184       17.18969       
1.0500607       3900.0915       4101.8441       4108.0378       3566.7545       10.326261       13.858842       15.580702       17.388134      
1.0504749       3901.0923       4103.2322       4109.8697       3569.6543       10.41858        13.916702       15.654244       17.487675      
1.050889        3900.4445       4102.4183       4109.0938       3569.1075       10.497972       13.9916         15.742631       17.598249      
1.0513031       3898.4997       4100.2932       4107.184        3567.823        10.598511       14.07752        15.840456       17.71665       
1.0517173       3897.1432       4098.7707       4105.8296       3566.9167       10.695738       14.160167       15.933834       17.830447      
1.0521314       3895.9075       4097.3817       4104.6193       3566.1882       10.734761       14.181775       15.970058       17.889702      
1.0525455       3894.8319       4096.1865       4103.6275       3565.6979       10.899941       14.326259       16.123637       18.059328      
1.0529379       3896.8501       4098.8112       4106.7605       3570.012        10.956642       14.338558       16.153039       18.118586      
1.0533302       3896.6625       4098.5067       4106.4429       3569.7786       11.111616       14.492643       16.317533       18.301579      
1.0537226       3894.6829       4096.3656       4104.5021       3568.4125       11.154399       14.523119       16.362928       18.37188       
1.0541149       3893.3454       4094.8793       4103.1705       3567.4985       11.347428       14.699762       16.545591       18.565682      
1.0545072       3892.1702       4093.5542       4102.0014       3566.7628       11.380557       14.716198       16.578638       18.625037      
1.0548996       3891.1025       4092.3747       4101.0151       3566.264        11.571678       14.887589       16.759508       18.824182      
1.0552919       3890.1878       4091.3501       4100.1635       3565.8543       11.610036       14.908292       16.796522       18.886835      
1.0556843       3889.3326       4090.4053       4099.4204       3565.6085       11.844387       15.12035        17.013758       19.11304       
1.0560766       3888.4951       4089.4807       4098.6802       3565.3173       11.856107       15.118547       17.034159       19.166051      
1.0564689       3887.7356       4088.6411       4098.0337       3565.1359       11.986113       15.227668       17.150788       19.29968       
1.0568613       3887.0333       4087.8557       4097.4222       3564.9519       12.017545       15.243991       17.183876       19.358634      
1.0572536       3886.2966       4087.0523       4096.8278       3564.8545       12.253292       15.45968        17.406106       19.59123       
1.057646        3885.512        4086.201        4096.1739       3564.6558       12.270574       15.466864       17.437832       19.661574      
1.0580383       3884.865        4085.4964       4095.6913       3564.7014       12.70962        15.880149       17.848708       20.074658      
1.0584306       3884.0104       4084.5826       4094.9839       3564.4596       12.674812       15.839721       17.84027        20.115892      
1.058823        3883.2144       4083.7294       4094.3434       3564.3065       12.779537       15.924667       17.932416       20.216279      
1.0592153       3882.4522       4082.905        4093.7174       3564.1377       12.811426       15.941214       17.9629         20.264933      
1.0596077       3881.6725       4082.0695       4093.0923       3564.0057       12.958908       16.072715       18.105748       20.424188      
1.06            3880.9829       4081.3245       4092.5633       3563.9849       13.266699       16.361935       18.404378       20.74391       
1.0603922       3880.2202       4080.5066       4091.9433       3563.8265       13.251284       16.342684       18.416505       20.799959      
1.0607843       3879.4238       4079.6612       4091.3195       3563.7155       13.44547        16.518319       18.597886       20.981123      
1.0611765       3878.6643       4078.845        4090.7156       3563.6096       13.618004       16.674954       18.763135       21.147294      
1.0615686       3877.9037       4078.0243       4090.0863       3563.4399       13.659933       16.706613       18.814012       21.220789      
1.0619608       3877.1098       4077.1776       4089.4603       3563.3311       13.851112       16.882909       18.999986       21.413255      
1.0623446       3877.5182       4077.8015       4090.3965       3565.0265       13.898248       16.899584       19.032068       21.449047      
1.0627284       3876.9771       4077.2028       4089.9467       3564.9233       13.988213       16.993352       19.143235       21.562321      
1.0631039       3876.9079       4077.3433       4090.4313       3566.3017       14.218151       17.18737        19.336009       21.718931      
1.0634793       3876.2642       4076.6045       4089.7747       3565.8758       14.192947       17.17321        19.339593       21.720309      
1.0638548       3874.8592       4075.0865       4088.4439       3565.0996       14.38972        17.361132       19.537912       21.92013       
1.0642136       3876.3906       4077.1188       4090.9018       3568.6257       14.434036       17.38103        19.566496       21.916877      
1.0645724       3876.1447       4076.755        4090.5361       3568.3152       14.494297       17.454533       19.649431       21.957693      
1.0649312       3874.2855       4074.7457       4088.6739       3567.0199       14.632065       17.594258       19.791529       22.043003      
1.0652899       3873.0575       4073.3713       4087.4212       3566.1069       14.647178       17.613693       19.816716       21.999855      
1.0656487       3872.0461       4072.2116       4086.3639       3565.4293       14.690986       17.654526       19.857771       21.955749      
1.0660075       3871.185        4071.2317       4085.5199       3564.9895       14.831714       17.790605       19.993807       22.006615      
1.0663663       3870.386        4070.3236       4084.7445       3564.6138       14.850607       17.807511       20.014863       21.920198      
1.0667251       3869.6914       4069.5382       4084.1166       3564.434        15.092275       18.041407       20.240464       21.999816      
1.0670839       3869.0208       4068.7729       4083.4836       3564.1895       15.069892       18.019408       20.224255       21.858241      
1.0674329       3869.843        4069.8828       4084.9253       3566.5089       15.20724        18.1475         20.3509         21.849655      
1.067782        3869.6483       4069.6025       4084.6916       3566.4376       15.212803       18.156538       20.360336       21.746927      
1.0681414       3866.7969       4066.2581       4081.3152       3563.1099       15.287597       18.24303        20.442226       21.698414      
1.0685007       3865.5607       4064.91         4080.1685       3562.5265       15.303443       18.253085       20.44978        21.570785      
1.0688601       3865.3511       4064.6387       4080.0517       3562.7594       15.408429       18.349492       20.534903       21.397674      
1.0692194       3864.9214       4064.1499       4079.714        3562.8473       15.403496       18.339622       20.517826       21.15851       
1.0695788       3864.4161       4063.6061       4079.3599       3562.9585       15.578608       18.510729       20.682628       21.154686      
1.0699381       3863.9255       4063.0543       4078.9508       3562.9408       15.532851       18.467999       20.643653       20.976073      
1.0702975       3863.3499       4062.4301       4078.5011       3562.9358       15.649304       18.586367       20.763367       20.968345      
1.0706568       3862.8259       4061.8432       4078.0583       3562.8832       15.645369       18.582714       20.75783        20.810413      
1.0710306       3860.2067       4058.6641       4074.8034       3559.4535       15.782524       18.7314         20.897166       20.602687      
1.0714043       3859.0353       4057.4329       4073.8544       3559.2307       15.770028       18.713426       20.876822       20.265104      
1.071778        3859.2462       4057.6476       4074.271        3560.0114       15.942323       18.880077       21.049307       20.28604       
1.0721517       3859.0785       4057.4568       4074.2473       3560.4413       15.92873        18.871401       21.059745       20.196938      
1.0725255       3858.8738       4057.2382       4074.216        3560.8425       16.086694       19.031051       21.231953       20.288678      
1.0728992       3858.5944       4056.9136       4074.0294       3561.033        16.060946       19.013098       21.228667       20.173929      
1.0732729       3858.0413       4056.3309       4073.6374       3561.0902       16.108745       19.069078       21.304324       20.15674       
1.0736467       3857.5067       4055.7549       4073.2358       3561.1311       16.198446       19.164231       21.41667        20.164254      
1.0740437       3853.956        4051.4084       4068.6926       3556.1052       16.399274       19.388349       21.665879       20.359818      
1.0744408       3852.2831       4049.7086       4067.4009       3555.7879       16.376601       19.368349       21.682142       20.242996      
1.0748379       3852.9465       4050.4048       4068.3147       3557.0222       16.527591       19.511376       21.850924       20.363921      
1.075235        3852.8482       4050.3226       4068.4337       3557.679        16.54566        19.53027        21.894975       20.201784      
1.0756321       3852.5198       4050.0231       4068.3843       3558.1297       16.551853       19.539146       21.925823       20.237539      
1.0760292       3852.0517       4049.5493       4068.1139       3558.3511       16.558643       19.552953       21.962313       20.197066      
1.0764262       3851.5159       4048.9954       4067.7616       3558.4634       16.56722        19.566788       21.991955       20.1501        
1.0768233       3850.9261       4048.3769       4067.3389       3558.5244       16.667054       19.674022       22.120041       20.150348      
1.0772204       3850.2986       4047.714        4066.8656       3558.516        16.740243       19.759929       22.246737       20.299953      
1.0776175       3849.6388       4047.0119       4066.3467       3558.4605       16.808378       19.840591       22.376584       20.527912      
1.0780146       3848.9662       4046.2964       4065.8254       3558.4391       17.012233       20.054797       22.643236       20.969126      
1.0784117       3848.2096       4045.4948       4065.2124       3558.2991       17.047253       20.110572       22.769392       21.339899      
1.0788087       3847.6327       4044.8709       4064.7798       3558.3882       17.515689       20.584463       23.293396       22.153606      
1.0792058       3846.7416       4043.9314       4064.0397       3558.1557       17.47259        20.572202       23.373455       22.601654      
1.0796029       3846.0825       4043.217        4063.4962       3558.0841       17.680572       20.785785       23.627707       23.025222      
1.08            3845.4549       4042.5278       4062.9774       3558.0558       17.93208        21.047318       23.932352       23.463986      
1.0804255       3841.2903       4037.4768       4057.6634       3552.2203       18.059622       21.212543       24.16066        23.994747      
1.0808605       3838.7868       4034.6767       4055.1952       3550.4865       18.454658       21.608833       24.607528       24.743915      
1.0812955       3839.1003       4035.0226       4055.8023       3551.6154       18.469078       21.630513       24.703831       25.259674      
1.0817305       3839.5616       4035.5268       4056.5315       3552.9219       18.776589       21.93224        25.043062       25.966247      
1.0821655       3839.4845       4035.4951       4056.7291       3553.6669       18.821387       21.989811       25.143879       26.428766      
1.0826113       3838.0497       4033.7839       4055.0837       3552.2453       19.08526        22.266923       25.446314       26.927773      
1.0830572       3837.4509       4033.1685       4054.7307       3552.5251       19.120371       22.31415        25.529278       27.248115      
1.0835031       3837.4941       4033.2109       4054.9497       3553.2073       19.346868       22.540419       25.759298       27.586782      
1.0839489       3837.2566       4032.9505       4054.8467       3553.568        19.353459       22.563829       25.817291       27.660134      
1.0843948       3836.879        4032.5573       4054.6484       3553.9086       19.708588       22.923          26.190773       28.031131      
1.0848407       3836.4157       4032.0409       4054.274        3553.9682       19.665152       22.903634       26.216128       28.148493      
1.0852865       3836.0267       4031.6043       4054.0009       3554.2127       20.143445       23.384477       26.703252       28.783967      
1.0857324       3835.4711       4030.9762       4053.4939       3554.1124       20.03146        23.298505       26.663634       28.99112       
1.0861783       3834.9235       4030.3643       4053.0283       3554.1234       20.23604        23.513478       26.896185       29.471888      
1.0866241       3834.3764       4029.7401       4052.5382       3554.0951       20.39045        23.682039       27.090705       29.94928       
1.0870854       3832.2401       4027.1363       4049.8615       3551.4243       20.658833       23.971414       27.385476       30.327207      
1.0875466       3831.0988       4025.9303       4048.946        3551.2376       20.638932       23.972558       27.423952       30.670806      
1.0880078       3831.3696       4026.162        4049.3112       3552.0483       21.143261       24.48131        27.938007       31.483717      
1.0884691       3830.9613       4025.7165       4049.0246       3552.2676       21.083586       24.456244       27.973434       32.143415      
1.0889303       3830.5928       4025.3087       4048.7842       3552.553        21.380152       24.768364       28.29811        32.769632      
1.0893915       3830.1614       4024.8169       4048.4443       3552.7226       21.62686        25.032515       28.579109       33.269805      
1.0898528       3829.5395       4024.1295       4047.8928       3552.6437       21.623461       25.062004       28.638349       33.42263       
1.090314        3829.0213       4023.5505       4047.4784       3552.7751       22.057763       25.513842       29.087301       33.857771      
1.0907753       3828.3423       4022.7918       4046.8387       3552.5736       21.933568       25.421641       28.961958       33.257333      
1.0912365       3827.5908       4021.977        4046.1888       3552.4563       22.083616       25.593737       29.078329       32.840152      
1.0916977       3826.8116       4021.1256       4045.4775       3552.2236       22.012179       25.548357       28.983238       32.138269      
1.0921861       3823.5431       4017.1372       4041.2848       3547.7815       22.36215        25.937876       29.306541       31.541949      
1.0926745       3821.902        4015.4377       4039.9933       3547.4166       22.085662       25.679488       28.941673       29.963783      
1.0931628       3822.3015       4015.8268       4040.4788       3548.2223       21.8785         25.485392       28.589141       27.182929      
1.0936512       3821.8389       4015.3747       4040.2417       3548.5932       21.726183       25.355179       28.340605       25.254563      
1.0941396       3821.3825       4014.9085       4039.9749       3548.8955       21.832701       25.496931       28.369354       23.341952      
1.0946279       3820.7269       4014.2108       4039.4254       3548.8148       21.484727       25.162255       27.86907        20.748025      
1.0951163       3819.866        4013.3046       4038.6709       3548.5233       21.042421       24.736167       27.29103        18.155619      
1.0956047       3819.0524       4012.4314       4037.9424       3548.268        20.749411       24.460167       26.938393       16.318099      
1.096093        3818.2617       4011.5848       4037.2522       3548.0943       20.713107       24.428823       26.849766       14.657983      
1.0965814       3817.4291       4010.6866       4036.5041       3547.8422       20.557441       24.265868       26.680485       12.993086      
1.0970698       3816.5445       4009.7326       4035.6956       3547.522        20.339162       24.037965       26.39612        10.11409       
1.0975582       3815.851        4008.9788       4035.1008       3547.4878       20.644013       24.335018       26.721307       8.0680336      
1.0980465       3814.9247       4007.9893       4034.2823       3547.2213       20.629654       24.339334       26.831903       6.3846507      
1.0985349       3814.1773       4007.1771       4033.6449       3547.1733       20.982041       24.679394       27.19223        3.6085262      
1.0990233       3813.251        4006.1819       4032.7959       3546.83         20.812066       24.508768       27.077702       1.5578885      
1.0995116       3812.5738       4005.4285       4032.1954       3546.7904       21.164721       24.858615       27.45978        -1.1236685     
1.1             3811.6838       4004.4637       4031.3767       3546.4765       21.043443       24.745404       27.409106       -3.199397      
1.1005263       3807.668        3999.5646       4026.1664       3540.8153       21.392505       25.129884       27.899998       -4.7221299     
1.1010526       3806.0168       3997.8763       4024.9763       3540.7799       21.684224       25.420774       28.143973       -9.9790004     
1.1015789       3806.6755       3998.5432       4025.7429       3541.884        21.495551       25.230192       28.000085       -12.424133     
1.1021207       3805.2488       3996.8349       4024.1088       3540.5964       21.872712       25.630869       28.547493       -13.637475     
1.1026625       3804.6086       3996.1973       4023.7628       3541.0117       21.883982       25.661527       28.691724       -15.078101     
1.1032043       3804.7869       3996.3902       4024.1533       3542.0021       22.46557        26.228814       29.25455        -19.733847     
1.1037461       3804.4435       3996.0247       4023.9422       3542.3222       22.423394       26.206129       29.372461       -22.118915     
1.1042879       3804.0844       3995.6424       4023.771        3542.8217       23.137636       26.923436       30.269117       -21.381232     
1.1048297       3803.6206       3995.1195       4023.3836       3542.9468       23.327241       27.107114       30.587858       -19.071983     
1.1053715       3803.1057       3994.5449       4022.9731       3543.1148       23.799262       27.577515       31.194369       -20.418943     
1.1059342       3801.0542       3992.0269       4020.4012       3540.6726       24.556062       28.32807        32.086942       -20.722478     
1.1065202       3798.3517       3988.8558       4017.3374       3538.011        25.148604       28.90601        32.782083       -22.279024     
1.1070819       3799.7527       3990.6753       4019.6943       3541.6609       25.361276       29.101399       33.127868       -23.486301     
1.1076435       3800.7324       3991.6956       4020.7991       3543.1815       26.555804       30.255678       34.481372       -22.763235     
1.1082052       3799.9097       3990.8117       4020.1378       3543.2919       27.316017       30.98024        35.549879       -17.077193     
1.1087949       3797.3784       3987.7127       4016.9382       3540.122        28.231847       31.829351       36.592974       -12.727291     
1.1093552       3798.1484       3988.984        4018.9177       3543.8004       28.96241        32.59663        37.771722       2.1926579      
1.1099154       3799.0897       3989.8855       4019.7532       3544.734        29.56536        33.159883       38.546671       6.8080452      
1.1104757       3797.818        3988.5312       4018.6283       3544.4196       30.417747       33.942147       39.46584        14.133325      
1.1110048       3799.348        3990.5868       4021.1606       3548.1811       30.457628       33.975639       39.606879       14.909971      
1.1115046       3801.6536       3993.4728       4024.4168       3552.5471       31.306544       34.776392       40.516025       16.667983      
1.1120043       3800.6008       3992.2004       4022.9718       3551.1497       31.388528       34.863102       40.855657       16.089538      
1.112504        3798.1563       3989.5417       4020.5009       3549.4369       32.465402       35.925457       42.052005       17.249084      
1.1130038       3796.4477       3987.585        4018.5698       3547.8356       32.352067       35.822396       42.029988       15.534536      
1.1135035       3795.1386       3986.1028       4017.214        3547.0537       33.056881       36.549722       42.912396       17.532391      
1.1140032       3793.934        3984.7615       4016.036        3546.487        33.660338       37.183217       43.6534         16.422412      
1.1145029       3792.801        3983.4972       4014.9267       3545.9417       33.962604       37.511535       44.217043       19.992276      
1.1150027       3791.9274       3982.5323       4014.1314       3545.7545       34.640673       38.210892       45.125959       22.525438      
1.1155579       3786.4229       3975.819        4007.0432       3537.9626       35.513445       39.064788       46.297932       26.918738      
1.1161132       3784.8355       3974.1179       4005.7973       3537.92         36.001381       39.621154       47.099352       29.463935      
1.1166685       3785.4727       3974.8772       4006.8616       3539.5689       36.473368       40.115774       47.906712       31.324165      
1.1172237       3785.5969       3975.0205       4007.2013       3540.5258       36.77348        40.449921       48.569977       30.78402       
1.117779        3785.2949       3974.7623       4007.2254       3541.2554       37.491048       41.204111       49.77392        31.898581      
1.1183342       3784.8637       3974.3201       4006.9932       3541.6413       38.082741       41.829083       50.815778       33.055931      
1.1188895       3784.1988       3973.6305       4006.5052       3541.7495       38.481242       42.247367       51.60586        24.104377      
1.1194447       3783.5863       3972.9635       4006.0124       3541.8257       38.962577       42.770815       52.604361       20.396049      
1.12            3782.9652       3972.2967       4005.5482       3541.9926       39.827662       43.6826         54.136255       20.517433      
1.1205556       3782.0899       3971.3462       4004.7566       3541.7142       40.095201       44.012196       55.353008       26.610327      
1.1211111       3781.6362       3970.8679       4004.4957       3542.1416       41.515126       45.469452       57.773978       33.461437      
1.1216667       3780.9703       3970.1217       4003.8816       3542.0069       41.928012       45.945385       59.339641       47.195986      
1.1222222       3780.3885       3969.4849       4003.4837       3542.3336       43.311469       47.38448        62.005487       59.778855      
1.1227778       3779.8369       3968.8526       4003.0169       3542.4405       44.191898       48.336472       64.168113       69.844568      
1.1233333       3779.0463       3967.9832       4002.3126       3542.2711       44.642396       48.866691       66.518335       81.74004       
1.1238889       3778.1807       3967.0488       4001.5756       3542.1436       45.267917       49.573856       69.281493       99.086879      
1.1244444       3777.4764       3966.2732       4000.9961       3542.1932       46.128223       50.525165       72.83332        122.98063      
1.125           3776.7539       3965.4694       4000.3634       3542.1396       46.806032       51.293345       76.580692       150.48912      
1.1255556       3776.006        3964.6544       3999.7579       3542.1918       47.731427       52.306658       80.935489       180.63225      
1.1261333       3773.55         3961.7246       3996.8144       3539.3773       48.549804       53.184372       86.012298       214.35933      
1.1267111       3772.6193       3960.709        3996.0721       3539.4671       49.358104       54.101779       92.020261       253.26748      
1.1272889       3772.4982       3960.5788       3996.1795       3540.1904       50.235414       55.081238       98.914987       294.86722      
1.1278667       3772.0259       3960.0758       3995.8854       3540.5588       50.975443       55.938626       106.81419       352.28548      
1.1284444       3771.4335       3959.4651       3995.5315       3540.9295       52.040335       57.108637       115.74942       446.50476      
1.1290222       3770.7328       3958.7171       3994.9961       3541.0544       52.87547        58.055067       125.03888       618.09487      
1.1296          3769.9845       3957.9205       3994.4221       3541.1544       53.805676       59.087289       134.74041       793.59388      
1.1301778       3769.1781       3957.0755       3993.7999       3541.2199       54.781193       60.176704       145.57169       962.04283      
1.1307556       3768.3414       3956.1814       3993.1288       3541.2342       55.739597       61.249855       157.13979       1138.2781      
1.1313333       3767.463        3955.2374       3992.396        3541.1579       56.556559       62.18725        168.93238       1325.8232      
1.1319111       3766.4718       3954.1792       3991.5454       3540.9462       57.197333       62.957122       180.64764       1485.125       
1.1324889       3765.683        3953.3239       3990.8997       3540.9511       58.126089       64.011669       192.61204       1553.8178      
1.1330667       3764.6658       3952.2305       3989.9964       3540.6578       58.659095       64.69692        205.79703       1593.768       
1.1336444       3763.6644       3951.1724       3989.182        3540.5602       59.586418       65.776539       220.10008       1639.1479      
1.13428         3758.7832       3945.3103       3983.0995       3534.1216       60.785867       67.134697       237.6763        1679.8339      
1.1349156       3757.2647       3943.7146       3981.9335       3534.1258       61.41615        68.026121       256.73252       1717.395       
1.1355511       3757.5567       3944.0898       3982.6432       3535.5037       62.164845       69.083978       276.97977       1769.2812      
1.1361867       3757.2681       3943.8291       3982.6501       3536.3002       62.973216       70.290218       300.43786       1810.1986      
1.1368222       3756.5269       3943.1193       3982.2374       3536.6316       63.640507       71.371742       326.95373       1839.5174      
1.1374578       3755.8321       3942.4043       3981.776        3536.9302       64.695674       72.937699       358.30973       1867.2795      
1.1380933       3755.0717       3941.6083       3981.2217       3537.1125       65.798769       74.638327       394.45201       1895.6931      
1.1387289       3754.1001       3940.5788       3980.4025       3536.9626       66.505202       76.026644       430.66112       1932.3899      
1.1393644       3753.1248       3939.5335       3979.556        3536.7694       67.200413       77.53749        476.15236       1954.2479      
1.14            3752.1361       3938.4759       3978.7096       3536.6145       68.039011       79.271091       524.27443       1938.9233      
1.1406667       3749.3166       3935.1429       3975.394        3533.5664       69.427347       81.840192       574.87514       1922.4325      
1.1413333       3748.0849       3933.8408       3974.4307       3533.6359       70.568361       84.314976       611.43953       1902.3153      
1.142           3747.8408       3933.5991       3974.4818       3534.498        72.026206       87.392342       647.01775       1875.6855      
1.1426667       3747.0935       3932.8321       3973.9853       3534.8607       73.199278       90.440471       672.70846       1870.6316      
1.1433333       3746.3002       3932.0123       3973.4336       3535.143        74.527381       94.000351       705.97417       1895.4956      
1.1440278       3743.8294       3929.1252       3970.6443       3532.8431       76.23087        98.449399       730.57638       1929.5205      
1.1447222       3742.6828       3927.9387       3969.831        3533.1652       77.909089       103.54539       776.30156       1958.041       
1.1454167       3742.2419       3927.4996       3969.7038       3533.9475       79.636289       109.56407       816.13528       1978.3679      
1.1461111       3741.3996       3926.6462       3969.1634       3534.418        81.432835       116.77879       913.42951       1997.8835      
1.1468056       3740.5485       3925.7809       3968.6187       3534.9025       83.566405       125.71848       1125.6565       2018.6228      
1.1475          3739.6003       3924.7917       3967.9267       3535.2317       85.72432        137.44112       1340.9378       2046.0279      
1.1481944       3738.5025       3923.6513       3967.0936       3535.4415       87.888065       151.94624       1542.6918       2067.9516      
1.1488889       3737.3725       3922.4739       3966.2203       3535.6311       90.171531       171.92822       1720.5323       2085.2963      
1.1495833       3736.243        3921.3047       3965.3748       3535.9136       92.659445       198.08565       1758.9947       2106.9845      
1.1502778       3735.2207       3920.25         3964.6622       3536.4176       95.670611       232.38577       1750.1364       2129.729       
1.1509722       3734.1803       3919.1577       3963.8614       3536.7471       98.384137       273.04248       1747.8426       2152.2148      
1.1516667       3733.138        3918.085        3963.1278       3537.2981       101.76945       324.6337        1742.7963       2172.7063      
1.1523611       3732.1339       3917.0549       3962.4227       3537.8733       105.26662       377.30634       1743.5303       2192.8661      
1.1530556       3730.9898       3915.8866       3961.544        3538.2082       108.42181       437.96163       1741.2193       2217.8287      
1.15375         3730.0208       3914.9279       3960.9002       3538.9447       112.53746       503.84548       1738.7727       2267.6778      
1.1544444       3729.1585       3914.1267       3960.4107       3539.9478       117.51138       584.5862        1737.049        2315.229       
1.1551389       3728.2504       3913.0986       3959.7701       3540.9477       123.05748       670.50122       1736.9665       2362.3765      
1.1558333       3727.5291       3912.5563       3959.5166       3542.5437       130.17442       762.5788        1737.7058       2406.2415      
1.1565278       3727.1084       3911.5676       3959.4203       3544.5075       137.96083       860.33993       1737.2956       2449.3409      
1.1572222       3726.6007       3910.6525       3959.386        3546.7705       147.35382       969.13579       1738.0633       2472.9382      
1.1579167       3725.9311       3909.9853       3959.3368       3549.1421       157.43756       1092.5414       1738.0497       2476.5711      
1.1586111       3725.5373       3909.6832       3959.7155       3552.3401       169.79349       1256.7151       1709.7427       2481.9878      
1.1593056       3724.9351       3909.1524       3959.8648       3555.1956       181.71092       1423.99         1678.462        2484.3047      
1.16            3724.507        3908.7922       3960.2536       3558.481        195.39624       1554.8288       1649.8556       2488.8565      
1.1607407       3722.0046       3905.843        3958.0289       3560.0206       216.30789       1584.1365       1613.5324       2491.0177      
1.1615111       3720.5434       3904.288        3957.8005       3564.822        240.27187       1587.4251       1585.933        2491.8141      
1.1622815       3721.6125       3905.6749       3960.715        3573.4988       267.3767        1603.4009       1587.442        2495.9193      
1.1630519       3723.1057       3907.5574       3964.3052       3583.773        299.37387       1604.0229       1593.6951       2499.8021      
1.1638222       3724.174        3909.0834       3967.8191       3595.058        336.10136       1608.3056       1599.2479       2502.4215      
1.1645926       3725.6042       3911.0483       3972.1597       3608.8459       379.83849       1607.979        1603.7236       2502.0986      
1.165363        3727.3243       3913.3912       3977.1812       3624.4535       430.19646       1609.2243       1607.4119       2498.9027      
1.1661333       3728.8559       3915.4803       3981.986        3641.0721       487.59734       1587.7895       1608.8434       2493.2349      
1.1669037       3731.063        3918.5114       3988.481        3661.6379       556.9228        1573.6739       1607.0968       2486.1646      
1.1676741       3733.8182       3922.0698       3995.6575       3682.9715       630.39056       1546.3533       1605.85         2481.4667      
1.1684958       3734.9587       3923.7671       4001.3901       3704.1805       721.94573       1512.823        1602.8856       2471.7349      
1.1693175       3737.4605       3927.0497       4008.2956       3724.2367       808.06157       1477.7026       1602.337        2470.7621      
1.1701393       3741.3859       3931.9556       4017.1198       3748.8461       906.38425       1441.4022       1603.2043       2479.6008      
1.170961        3746.592        3938.4502       4028.9245       3782.3456       1032.1134       1430.7044       1605.6357       2485.8745      
1.1717827       3751.9527       3945.2791       4041.199        3815.6943       1143.4108       1413.9204       1607.284        2495.858       
1.1726044       3757.4369       3952.0146       4053.3728       3849.755        1252.0271       1416.0176       1608.5131       2509.45        
1.173344        3765.0595       3961.7101       4067.9886       3880.9935       1363.9221       1421.4845       1629.1993       2522.3977      
1.1740836       3770.7531       3968.5566       4079.4552       3910.6496       1590.0167       1419.1478       1655.5675       2535.2341      
1.1748231       3772.8429       3971.4462       4086.6647       3936.0123       1768.1005       1418.485        1681.1191       2552.1107      
1.1755627       3777.4062       3977.2228       4097.6431       3970.1512       1978.3495       1415.7721       1710.765        2565.278       
1.1763022       3778.6996       3978.7805       4101.5905       3984.2641       2116.0261       1426.0243       1716.4725       2572.8116      
1.1770418       3780.7778       3981.3222       4106.6368       4000.3446       2230.921        1453.3122       1711.9191       2584.1412      
1.1777813       3783.1548       3984.2583       4112.6742       4018.0182       2326.3322       1481.8942       1704.7473       2595.3595      
1.1785209       3785.0092       3986.4225       4116.5454       4026.7772       2377.3584       1503.8893       1699.0113       2598.0438      
1.1792604       3785.9523       3987.4675       4119.2585       4038.857        2419.4308       1516.2405       1692.0268       2599.2606      
1.18            3787.0587       3988.7415       4121.9202       4047.1999       2390.6888       1535.374        1687.7727       2635.0656      
1.1807143       3788.6798       3990.6102       4124.8501       4056.2943       2367.4804       1544.6106       1681.957        2615.5056      
1.181456        3787.464        3988.99         4123.7388       4059.192        2347.8398       1546.0894       1675.7977       2607.2859      
1.1821978       3785.8119       3987.0269       4121.9492       4060.6458       2319.451        1548.7991       1668.6847       2583.0992      
1.1829396       3787.1636       3988.4356       4124.5142       4070.0254       2310.2613       1551.2957       1665.4048       2562.5393      
1.1836813       3787.274        3988.5685       4125.8443       4078.9068       2314.8924       1550.2426       1658.8032       2498.5375      
1.1844584       3787.668        3989.1421       4129.6584       4097.52         2358.7867       1549.1191       1652.1238       2392.8924      
1.1852355       3787.3349       3988.5382       4128.5202       4097.6783       2349.8123       1549.6564       1647.9001       2222.3332      
1.1860126       3788.0727       3989.3043       4130.872        4106.9163       2353.2102       1545.9015       1641.8062       2019.53        
1.1867896       3788.1771       3989.3734       4131.1752       4110.5254       2350.4756       1539.2441       1636.0888       1832.0541      
1.1875667       3786.4157       3987.0289       4128.4317       4108.386        2344.6115       1534.5524       1628.091        1659.3528      
1.1883956       3782.344        3981.9927       4122.4735       4102.9899       2347.7493       1531.292        1616.844        1521.2833      
1.1892245       3779.8811       3978.9059       4118.4714       4097.3277       2338.8446       1503.4336       1609.2493       1483.5575      
1.1900534       3777.7637       3976.1025       4114.3027       4091.4672       2328.0659       1502.4138       1598.4531       1501.8403      
1.1908823       3774.8879       3972.4974       4109.4029       4084.6164       2305.3457       1504.3598       1585.4885       1517.2419      
1.1917111       3771.2495       3967.9196       4102.5615       4073.3759       2286.9063       1529.8541       1573.9167       1522.9465      
1.19254         3767.3278       3963.0608       4095.9442       4063.1917       2268.203        1531.8327       1561.7501       1522.2553      
1.1933689       3764.0791       3958.9007       4089.4565       4050.8513       2251.2732       1525.5067       1554.6759       1532.8656      
1.1941978       3759.318        3952.9591       4080.9788       4037.1668       2233.4731       1516.8832       1546.1335       1532.0614      
1.1950267       3754.7536       3947.2544       4072.983        4024.2634       2219.2394       1512.1414       1539.6584       1546.7239      
1.1957372       3756.15         3948.9873       4073.4367       4022.5905       2207.5292       1508.4664       1543.0416       1545.3152      
1.1964476       3753.9559       3945.8423       4068.2261       4013.2932       2206.4936       1507.3015       1528.4286       1548.1712      
1.1971581       3748.3995       3939.3423       4060.4411       4004.0053       2211.9336       1504.539        1525.5113       1539.9399      
1.1978686       3744.6293       3934.8087       4054.6446       3997.2085       2218.3322       1503.5967       1527.5249       1538.9924      
1.1985791       3741.253        3930.6714       4049.6242       3992.6274       2218.4427       1505.455        1527.6581       1529.8228      
1.1992895       3737.86         3926.601        4044.4837       3987.1998       2209.8734       1506.2517       1526.3613       1535.2174      
1.2             3734.8327       3922.8293       4039.7482       3982.5062       2194.1306       1508.6504       1531.6259       1540.9157      
1.2006897       3732.7967       3920.2418       4036.2505       3978.1285       2185.6829       1509.1442       1535.4673       1527.2063      
1.2013793       3729.9955       3916.7638       4031.5192       3972.0753       2179.4985       1511.1355       1538.498        1549.9332      
1.2020955       3725.3574       3911.1916       4024.8673       3964.6747       2162.1941       1512.1013       1534.9104       1581.3546      
1.2028117       3722.1522       3907.3822       4020.1661       3959.4721       2141.7394       1514.6186       1540.5283       1642.0847      
1.2035279       3719.7271       3904.3766       4016.1468       3954.2017       2137.5422       1517.2976       1524.5174       1746.3308      
1.204244        3716.9478       3900.9659       4011.4015       3946.4356       2127.7029       1519.4285       1385.4518       2012.711       
1.2049602       3713.8358       3897.1338       4005.9689       3937.0969       2120.4472       1521.6911       1132.9005       2261.6516      
1.2056764       3711.0673       3893.7958       4001.5735       3929.9198       2116.7984       1521.1321       883.60575       2503.4556      
1.2063926       3708.3746       3890.4862       3996.9759       3922.3123       2115.8117       1522.7311       669.99546       2745.7197      
1.2071088       3705.9657       3887.5574       3993.1461       3916.4398       2115.6646       1522.614        602.94464       2853.5917      
1.2078249       3703.3024       3884.2614       3988.4748       3908.5251       2119.3917       1528.2106       601.50052       2825.4116      
1.2085859       3699.0852       3879.0817       3982.2536       3899.8399       2124.3915       1531.8062       603.88909       2843.0504      
1.2093468       3696.4284       3875.954        3978.3135       3894.09         2129.4299       1536.0706       607.50918       2843.9257      
1.2101078       3694.6537       3873.6774       3974.9557       3888.1295       2131.3982       1537.6873       614.44689       2839.6009      
1.2108687       3692.3312       3870.8581       3971.0886       3881.4192       2132.138        1538.6351       622.32024       2822.3866      
1.2116296       3690.463        3868.5505       3967.9181       3875.7291       2134.4464       1538.6796       629.93738       2799.9981      
1.2123906       3688.3859       3865.9675       3964.2748       3868.9958       2135.7901       1538.8846       634.41999       2795.0964      
1.2131515       3686.0542       3863.1512       3960.4805       3862.2479       2136.2528       1541.3112       647.53668       2767.6729      
1.2139125       3683.9857       3860.6004       3956.9519       3855.7839       2139.8488       1539.4824       651.96248       2757.6023      
1.2146734       3682.1563       3858.3212       3953.8096       3849.7865       2152.4686       1536.2933       660.30497       2730.5823      
1.2154344       3680.0195       3855.6731       3950.0607       3842.7197       2165.3616       1531.0233       665.84675       2720.1665      
1.2161953       3678.1957       3853.3731       3946.8534       3836.3771       2176.5569       1525.161        677.58986       2700.068       
1.2169562       3676.5233       3851.2517       3943.8278       3830.4828       2187.3822       1516.624        690.33951       2684.5571      
1.2177172       3674.921        3849.222        3941.0298       3825.2278       2196.333        1504.2096       691.78788       2665.8233      
1.2184781       3673.3294       3847.2045       3938.191        3819.9494       2199.6527       1484.3824       715.7789        2649.2829      
1.2192391       3671.9318       3845.4058       3935.7192       3815.5392       2196.8001       1481.53         745.25923       2634.4531      
1.22            3670.722        3843.8265       3933.5029       3811.3626       2199.2158       1482.7282       825.6077        2616.1832      
1.2208333       3666.885        3838.9453       3927.6866       3803.1647       2201.1904       1462.676        1098.4672       2597.7066      
1.2217045       3664.0997       3835.5642       3923.8966       3797.9506       2206.3764       1280.0207       1385.0107       2580.3218      
1.2225758       3663.6862       3834.8728       3922.6803       3795.3958       2211.1819       1045.041        1657.3576       2562.1995      
1.223447        3662.9375       3833.8402       3921.0792       3792.303        2217.5726       778.06964       1767.6003       2544.4601      
1.2243182       3661.9865       3832.6538       3919.5161       3789.885        2230.4094       548.44326       1781.2289       2527.0576      
1.2252406       3659.8879       3829.9275       3916.4553       3786.4384       2244.6487       475.77728       1795.8715       2513.1558      
1.2261631       3658.8349       3828.7522       3915.2765       3785.7237       2253.3921       479.40288       1797.0062       2501.0924      
1.2270856       3658.4285       3828.1378       3914.569        3785.7192       2259.1739       498.11724       1803.4457       2489.6682      
1.228008        3657.9068       3827.527        3914.1548       3786.7901       2265.7127       502.93103       1807.2847       2473.4858      
1.2289305       3657.4752       3826.9809       3913.8548       3788.2467       2268.1728       509.73614       1815.6393       2479.5367      
1.2298529       3656.9758       3826.4072       3913.6645       3790.0782       2269            518.15789       1821.5832       2501.0487      
1.2307754       3656.5012       3825.8513       3913.5184       3792.1381       2267.7629       536.08206       1827.1953       2515.4688      
1.2316979       3656.1856       3825.4852       3913.662        3794.718        2268.3527       553.69387       1831.7367       2522.7448      
1.2326203       3656.3925       3825.7036       3914.5682       3798.2348       2269.7594       577.24384       1839.0232       2530.7492      
1.2335428       3656.5677       3825.8242       3915.2809       3801.3655       2269.6725       604.87007       1844.314        2537.7477      
1.2344652       3656.532        3825.7619       3915.7559       3803.6201       2264.677        635.53639       1870.9366       2542.8578      
1.2353877       3656.1551       3825.2691       3915.6324       3804.7825       2258.4229       676.62963       1883.522        2547.4348      
1.2363102       3655.8837       3824.9345       3915.7306       3806.1198       2256.2008       739.00164       1896.6031       2552.4816      
1.2372326       3655.3808       3824.3334       3915.5226       3807.2595       2245.9675       812.86222       1935.891        2555.1535      
1.2381551       3655.0114       3823.9532       3915.8263       3810.3098       2228.3255       917.65255       1953.145        2556.9737      
1.2390775       3654.7812       3823.6697       3916.1762       3813.2547       2207.78         1172.3622       1963.3917       2555.2249      
1.24            3654.5064       3823.3208       3916.3144       3815.1647       2177.9115       1425.0536       1973.8733       2554.3137      
1.2409091       3654.5284       3823.3189       3916.6564       3816.1959       2132.2037       1659.2075       1979.7414       2554.9911      
1.2418182       3653.8622       3822.4969       3916.0373       3815.9487       2059.2744       1828.6743       1984.7563       2556.6412      
1.2427273       3652.5704       3820.9743       3914.4953       3813.7554       1952.0367       1864.2092       1958.7079       2556.7133      
1.2436364       3650.8348       3818.9644       3912.2822       3810.0355       1809.9852       1877.8529       1922.8293       2553.416       
1.2445455       3649.867        3817.7974       3911.1003       3807.9027       1622.8931       1884.6298       1897.0942       2551.4805      
1.2454545       3648.5579       3816.152        3909.1964       3803.7411       1457.1852       1886.6756       1867.1705       2546.2177      
1.2463636       3647.2494       3814.6761       3907.5963       3800.8827       1311.301        1897.5985       1828.1328       2539.6572      
1.2472727       3645.4426       3812.4019       3904.7519       3793.653        1189.1732       1900.0525       1806.8103       2532.6831      
1.2481818       3643.5668       3810.1857       3901.5332       3785.9764       1095.9938       1899.4105       1801.1347       2526.4031      
1.2490909       3641.2828       3807.376        3897.9372       3776.2892       1055.7537       1897.3874       1802.1787       2519.0087      
1.25            3639.9301       3805.7294       3895.8734       3771.0787       1082.9659       1892.0159       1806.6102       2511.8249      
1.2509091       3637.9562       3803.363        3892.8471       3764.4078       1103.9722       1883.9104       1801.974        2500.0771      
1.2518182       3636.0012       3801.0103       3889.8463       3757.4294       1128.699        1873.4192       1796.4543       2483.9294      
1.2527273       3633.9959       3798.5995       3886.7608       3750.431        1154.1742       1857.0153       1781.9893       2460.6464      
1.2536364       3631.3708       3795.512        3882.7892       3741.9788       1179.0737       1830.5179       1791.5749       2356.323       
1.2545455       3629.496        3793.1611       3879.6882       3734.6302       1208.1937       1801.4559       1803.3461       2241.3561      
1.2554545       3627.7045       3791.0882       3876.926        3729.1866       1241.5908       1775.2116       1801.3355       2129.5304      
1.2563636       3625.6964       3788.5606       3873.6931       3721.578        1273.5496       1753.0533       1833.8666       2024.4389      
1.2572727       3623.2528       3785.7464       3870.1721       3715.0431       1297.6492       1731.0768       1870.5829       1925.8127      
1.2581818       3620.8522       3783.0253       3867.2709       3710.8285       1326.355        1717.0743       1915.8648       1893.9232      
1.2590909       3618.0047       3779.6983       3862.8102       3702.3716       1338.3584       1690.615        1966.3894       1896.3608      
1.26            3615.0216       3776.21         3858.5305       3694.6363       1343.0708       1681.7173       2025.0828       1900.4886      
1.2609091       3612.5062       3773.2584       3854.8039       3688.4222       1357.3271       1719.2999       2053.8958       1904.9166      
1.2618182       3610.1531       3770.4753       3851.3495       3682.6939       1382.1145       1763.4417       2060.3686       1909.4825      
1.2627273       3607.822        3767.7926       3848.2464       3678.6054       1418.5981       1811.2922       2062.5974       1913.6683      
1.2636364       3605.4241       3765.027        3844.9791       3674.5978       1485.9414       1862.5532       2064.1484       1917.1468      
1.2645455       3602.8479       3761.94         3841.235        3668.5312       1626.9597       1923.3487       2068.1391       1921.8282      
1.2654545       3600.4776       3759.2062       3837.6654       3663.446        1765.7063       1987.5152       2071.9516       1924.5435      
1.2663636       3597.7687       3755.9724       3833.6851       3657.943        1884.4619       2008.5112       2079.4156       1928.1702      
1.2672727       3595.4497       3753.4681       3831.1535       3656.6236       2004.2029       2015.7192       2086.8063       1930.1464      
1.2681818       3593.2371       3750.9196       3828.4008       3654.7483       2105.0619       2024.7665       2092.3198       1931.5794      
1.2690909       3591.2125       3748.6713       3826.1538       3653.871        2191.6182       2029.3078       2095.7024       1932.6743      
1.27            3589.0266       3746.1309       3823.2314       3650.0629       2253.339        2033.8882       2098.5323       1934.2648      
1.2709091       3586.6107       3743.2947       3819.7614       3645.6768       2310.0928       2034.9801       2098.8143       1936.2545      
1.2718182       3583.9448       3740.2386       3816.1905       3641.2934       2359.9188       2036.2197       2098.3988       1937.1642      
1.2727273       3580.8252       3736.8008       3812.4249       3637.448        2401.7722       2035.7411       2097.8389       1935.1342      
1.2736364       3579.2297       3734.8446       3810.0864       3635.0941       2399.2382       2036.3022       2103.0538       1938.323       
1.2745455       3575.9095       3731.2442       3806.2454       3631.7126       2379.2609       2033.0099       2104.9577       1938.557       
1.2754545       3574.8764       3729.8123       3804.3397       3629.4722       2365.4183       2034.8506       2108.7508       1943.205       
1.2763636       3571.5132       3726.1353       3800.2665       3625.0743       2350.1691       2031.2062       2106.5184       1943.1838      
1.2772727       3569.7113       3723.9303       3797.5118       3621.2099       2335.5921       2028.5686       2106.7039       1942.1099      
1.2781818       3566.7174       3720.6886       3794.0482       3617.7974       2322.4745       2023.2166       2105.4117       1945.4061      
1.2790909       3566.6481       3720.4123       3793.8059       3618.174        2318.4154       2023.2279       2108.8113       1952.1614      
1.28            3564.2908       3717.847        3791.1757       3615.6149       2313.7866       2018.0416       2094.3315       1956.675       
1.2809091       3562.6714       3715.969        3789.1271       3613.6144       2307.5189       2013.199        2029.9067       1961.6402      
1.2818182       3561.2343       3714.3445       3787.5551       3613.0767       2302.1715       2008.2874       1962.7388       1974.2076      
1.2827273       3559.8847       3712.8277       3786.1482       3612.5515       2300.4691       2001.66         1899.5474       1994.8519      
1.2836364       3557.2928       3710.0518       3783.3982       3610.57         2295.8565       1989.3257       1837.483        2053.4864      
1.2845455       3555.6737       3708.2717       3781.7689       3609.9727       2291.0575       1975.864        1778.1797       2119.0646      
1.2854545       3554.9082       3707.4171       3781.252        3610.9178       2291.0264       1964.8049       1729.0975       2189.5048      
1.2863636       3552.7725       3705.2099       3779.4194       3610.8679       2292.916        1950.6688       1725.3945       2255.4637      
1.2872727       3551.4005       3703.7057       3778.1354       3610.8305       2300.6563       1937.6043       1729.5089       2317.7738      
1.2881818       3550.1111       3702.3101       3777.0199       3611.2566       2318.4687       1926.5738       1733.9279       2376.9386      
1.2890909       3548.681        3700.7633       3775.724        3611.3173       2330.6021       1919.8631       1738.4475       2402.6978      
1.29            3547.0388       3699.0484       3774.3431       3611.7104       2337.3511       1916.9798       1742.8654       2401.7493      
1.2909091       3545.3529       3697.2163       3772.6788       3611.249        2334.6572       1918.1406       1746.7497       2398.4127      
1.2918182       3543.732        3695.4797       3771.1679       3611.1991       2330.8375       1922.0931       1745.7681       2397.7382      
1.2927273       3541.9289       3693.5946       3769.6009       3611.1535       2325.7107       1928.6332       1740.6614       2396.1482      
1.2936364       3540.4397       3692.0333       3768.3449       3611.2318       2322.4691       1937.5793       1733.6745       2391.5429      
1.2945455       3539.0371       3690.5369       3767.156        3611.6709       2326.4039       1952.8426       1726.885        2387.5811      
1.2954545       3537.892        3689.3007       3766.2014       3612.1282       2324.581        1974.9517       1720.9853       2383.0822      
1.2963636       3536.8307       3688.1247       3765.2275       3612.3282       2322.0488       1996.0975       1714.4038       2379.1411      
1.2972727       3535.4493       3686.6256       3763.9206       3612.1819       2316.2964       2015.9614       1708.7165       2375.7226      
1.2981818       3534.155        3685.1862       3762.5606       3611.5226       2307.4618       2034.5568       1704.2988       2372.1285      
1.2990909       3532.5597       3683.4444       3760.8917       3610.446        2293.8202       2050.2465       1703.2761       2367.8047      
1.3             3531.2282       3682.0107       3759.4143       3609.4398       2278.0212       2064.3274       1704.6269       2363.5525      
1.3009091       3529.7008       3680.3157       3757.7811       3608.0626       2259.3729       2072.7099       1701.9611       2359.2128      
1.3018182       3528.6676       3678.9985       3756.479        3606.9266       2240.428        2075.2101       1692.846        2354.2481      
1.3027273       3527.7875       3677.8561       3755.1947       3605.486        2220.6094       2075.797        1680.3094       2350.1501      
1.3036364       3527.2189       3676.9696       3753.9713       3603.8121       2199.7921       2076.0254       1665.6379       2346.0988      
1.3045455       3525.1915       3674.6191       3751.2298       3600.3368       2174.9061       2073.5559       1631.2597       2339.1623      
1.3054545       3524.5088       3673.6558       3749.9857       3598.4655       2152.5419       2074.8539       1598.8739       2336.3751      
1.3063636       3524.0343       3672.8149       3748.6521       3596.1666       2127.6617       2074.8317       1596.4111       2332.7436      
1.3072727       3523.1022       3671.5818       3747.0465       3593.5544       2101.9576       2074.8965       1599.8969       2329.7086      
1.3081818       3522.9071       3670.942        3745.7148       3590.6143       2075.1781       2074.0681       1603.9686       2325.3221      
1.3090909       3521.7735       3669.4868       3743.8095       3587.3136       2048.2539       2073.2457       1616.8648       2322.2933      
1.31            3520.1112       3667.3761       3740.9281       3582.4274       2018.2333       2068.6683       1681.0331       2315.9964      
1.3109091       3519.0763       3666.0166       3739.0896       3578.9059       1993.7001       2067.6027       1775.677        2313.7102      
1.3118182       3518.1125       3664.6962       3737.2043       3575.35         1971.8479       2066.5575       1866.6791       2311.8334      
1.3127273       3517.0486       3663.3181       3735.3725       3571.9767       1954.4541       2065.5328       1957.1608       2309.7985      
1.3136364       3516.1371       3662.0621       3733.5804       3568.5165       1942.0576       2063.5014       2045.8495       2307.5848      
1.3145455       3514.9401       3660.5189       3731.5108       3564.8217       1941.1291       2061.2746       2124.1164       2305.2883      
1.3154545       3513.45         3658.6997       3729.1245       3560.5076       1956.7767       2058.2843       2161.9104       2303.2291      
1.3163636       3511.8307       3656.764        3726.7306       3556.3608       1975.4722       2055.0764       2164.7617       2301.6991      
1.3172727       3509.8001       3654.4382       3723.9338       3552.0224       1994.939        2049.907        2162.4909       2298.0176      
1.3181818       3507.9798       3652.3377       3721.3745       3547.5759       2013.6285       2045.4742       2161.597        2296.4052      
1.3190909       3505.1384       3649.0542       3717.3496       3541.3723       2031.0844       2036.1218       2155.8608       2289.4764      
1.32            3502.4335       3646.2209       3714.4643       3537.1518       2055.0274       2032.7245       2156.2109       2288.6804      
1.3209524       3502.2729       3645.4523       3713.0316       3534.3825       2083.0757       2029.1113       2158.922        2288.8749      
1.3219048       3498.9196       3642.027        3709.7781       3529.9814       2106.8631       2018.4285       2159.4268       2288.4071      
1.3228571       3497.1122       3639.837        3706.7111       3525.0151       2124.0189       1996.699        2155.217        2281.4338      
1.3238095       3495.2544       3637.8758       3704.9062       3522.273        2147.8914       1974.3668       2156.4219       2281.8656      
1.3247619       3494.1609       3636.558        3703.1904       3519.6592       2169.3565       1947.3519       2157.714        2279.4702      
1.3257143       3492.8819       3635.1365       3701.82         3517.662        2184.3089       1920.1888       2158.4452       2279.8351      
1.3266667       3491.5998       3633.6426       3700.0856       3515.7222       2188.5675       1891.8146       2158.9136       2276.7844      
1.327619        3490.2039       3632.1072       3698.5839       3513.8883       2192.5022       1864.843        2159.9207       2277.8897      
1.3285714       3488.9167       3630.5896       3696.8523       3511.9225       2193.9241       1816.2511       2159.4592       2274.8347      
1.3295238       3487.2487       3628.8179       3695.1763       3510.1556       2196.4734       1758.6374       2160.3959       2274.2034      
1.3305714       3484.1909       3625.0189       3691.1793       3506.1821       2200.7456       1668.0071       2159.6929       2268.6254      
1.331619        3482.6812       3623.4189       3689.7308       3505.0116       2207.7987       1574.0045       2161.0837       2264.2815      
1.3326667       3482.3825       3623.0642       3689.5755       3505.5212       2220.5254       1494.9912       2162.5902       2255.4199      
1.3337143       3481.2926       3621.9503       3688.7567       3505.5965       2235.2569       1430.5849       2164.0156       2242.3025      
1.3347619       3481.603        3622.1905       3689.2303       3507.1773       2252.6584       1373.1137       2167.1788       2225.7951      
1.3358095       3479.8761       3620.3955       3687.7513       3506.8541       2266.5          1275.77         2167.2214       2202.181       
1.3368571       3478.4857       3618.9316       3686.5073       3506.6371       2278.3903       1173.5016       2166.4849       2172.4073      
1.3379048       3477.2957       3617.6371       3685.4531       3506.709        2289.7518       1135.2269       2165.853        2137.286       
1.3389524       3476.1929       3616.4469       3684.5378       3507.0515       2300.6288       1125.8131       2165.1656       2096.3938      
1.34            3476.0416       3616.2286       3684.6703       3508.7601       2313.125        1182.9502       2166.6409       2052.4199      
1.3410526       3474.2387       3614.3237       3683.1516       3508.8076       2323.0036       1249.3242       2165.7901       2001.711       
1.3421053       3472.9889       3612.9882       3682.1082       3509.197        2331.0404       1316.5702       2165.498        1953.5778      
1.3431579       3472.8413       3612.7631       3682.2527       3510.9174       2339.8678       1377.3286       2167.3476       1910.7972      
1.3442105       3471.2412       3611.0447       3680.7851       3510.6553       2344.9806       1464.014        2165.7188       1870.7362      
1.3452632       3469.7442       3609.4379       3679.4085       3510.3823       2349.5877       1611.7875       2164.0681       1836.0138      
1.3463158       3469.625        3609.2191       3679.5114       3511.9208       2356.6523       1751.4098       2165.673        1810.9207      
1.3473684       3468.1892       3607.6447       3678.0895       3511.2824       2358.7402       1874.738        2163.7558       1790.5232      
1.3484211       3467.0349       3606.3093       3676.8226       3510.7352       2358.9641       1977.4495       2162.0358       1782.4439      
1.3494737       3467.0538       3606.238        3677.062        3512.1772       2362.2611       2073.1221       2164.8157       1791.2126      
1.3505263       3465.4058       3604.4297       3675.3368       3510.9411       2359.85         2139.4238       2163.3916       1807.189       
1.3515789       3464.3443       3603.2379       3674.3156       3510.6107       2359.3191       2146.4317       2164.8773       1837.9062      
1.3526316       3462.8042       3601.5759       3672.8296       3509.64         2356.2721       2144.2085       2166.4643       1889.8986      
1.3536842       3461.9796       3600.6153       3672.0106       3509.3313       2353.8908       2143.7838       2169.8082       1948.7063      
1.3547368       3460.2677       3598.7844       3670.3569       3508.0964       2349.0407       2140.2168       2172.3183       2007.4936      
1.3557895       3459.1798       3597.5722       3669.3006       3507.4938       2345.0441       2138.9385       2176.4822       2068.6256      
1.3568421       3458.0478       3596.2692       3668.0252       3506.1658       2338.2251       2135.3538       2180.2974       2127.1612      
1.3578947       3457.2268       3595.3          3667.1521       3505.4917       2332.2238       2132.3865       2185.3905       2182.0004      
1.3589474       3456.4464       3594.3141       3666.1157       3504.2492       2323.575        2127.852        2190.1425       2232.7792      
1.36            3455.1182       3592.8345       3664.7136       3502.8637       2315.2567       2123.95         2195.824        2276.0173      
1.3611765       3453.3413       3590.2436       3661.8547       3499.5561       2306.5436       2120.2148       2202.7222       2297.5766      
1.3623529       3450.5867       3587.4498       3659.4146       3497.3412       2295.2838       2117.1562       2209.3223       2315.9594      
1.3635294       3450.5438       3587.2494       3659.134        3496.4632       2282.6685       2115.781        2216.2194       2334.1818      
1.3647059       3449.8483       3586.4081       3658.2931       3495.1988       2270.2682       2115.5883       2223.217        2360.3294      
1.3658824       3448.9942       3585.3752       3657.1984       3493.5536       2257.4258       2115.3496       2228.6644       2383.2056      
1.3670588       3447.5827       3583.8488       3655.7732       3491.9237       2246.0986       2116.1594       2234.2282       2403.99        
1.3682353       3446.6526       3582.7221       3654.6229       3490.2924       2233.7588       2118.1212       2239.2429       2425.6812      
1.3694118       3444.8668       3580.801        3652.7691       3488.1302       2220.6333       2120.7808       2242.8582       2446.4601      
1.3705882       3443.4286       3579.1463       3651.0953       3486.0045       2206.5231       2124.3215       2246.4556       2474.2338      
1.3717647       3440.7326       3576.3472       3648.4039       3482.8967       2191.0256       2127.8683       2249.91         2499.6763      
1.3729412       3439.6644       3575.0734       3647.1482       3481.3251       2174.2629       2134.5112       2255.7425       2531.4828      
1.3741176       3436.9612       3572.3303       3644.7245       3478.9946       2155.6845       2141.1784       2260.9523       2559.1905      
1.3752941       3435.7218       3570.9167       3643.3926       3477.5701       2136.2744       2149.1586       2266.3325       2582.0154      
1.3764706       3432.7514       3567.885        3640.6263       3474.7514       2109.5771       2156.7102       2270.489        2605.0016      
1.3776471       3430.5835       3565.5802       3638.4831       3472.5949       2081.6479       2165.3165       2274.4971       2609.9743      
1.3788235       3428.736        3563.6299       3636.7726       3471.1042       2048.7028       2175.2375       2278.198        2615.6538      
1.38            3426.8831       3561.6596       3635.0204       3469.5235       2009.3131       2185.494        2281.7396       2618.9705      
1.38125         3423.0771       3557.5446       3631.2321       3466.0645       1977.2421       2195.8749       2281.3454       2626.6351      
1.3825          3421.4278       3555.7488       3629.6618       3464.9984       1939.5768       2205.9709       2276.5556       2643.1292      
1.38375         3419.5009       3553.8281       3628.1852       3464.1843       1908.6166       2216.8734       2272.3475       2677.8163      
1.385           3417.6426       3551.8888       3626.5507       3463.2691       1874.9759       2226.7231       2264.9126       2708.356       
1.38625         3415.4663       3549.7346       3624.9561       3462.99         1846.4514       2237.7255       2258.3556       2745.2793      
1.3875          3413.9954       3548.1647       3623.697        3462.4589       1816.9194       2248.4482       2251.9702       2779.9084      
1.38875         3411.9994       3546.0973       3622.0041       3461.6956       1788.4274       2258.1383       2247.1006       2813.5147      
1.39            3410.4426       3544.4832       3620.8439       3461.9316       1760.1492       2267.603        2242.3945       2842.4763      
1.39125         3408.8184       3542.7513       3619.4646       3461.4802       1731.6775       2276.7731       2246.128        2874.7718      
1.3925          3407.3493       3541.2035       3618.3279       3461.8303       1704.1173       2285.8801       2256.1738       2904.8369      
1.39375         3405.7075       3539.4828       3617.0514       3461.7999       1678.0195       2295.1677       2271.4735       2937.3477      
1.395           3404.537        3538.1689       3616.007        3461.9183       1653.0409       2303.1257       2292.6505       2968.8949      
1.39625         3402.6556       3536.1731       3614.3455       3461.1647       1631.6395       2310.1814       2315.6384       3000.3536      
1.3975          3401.6201       3535.0583       3613.7271       3462.6389       1617.0506       2317.3209       2339.1131       3033.4054      
1.39875         3400.8537       3534.1472       3613.1178       3463.1481       1608.7607       2323.6344       2364.6163       3072.146       
1.4             3399.4978       3532.7031       3612.1282       3463.9056       1647.5898       2329.8222       2388.3435       3120.4485      
1.4013333       3397.6452       3530.4668       3610.2753       3463.6718       1698.6105       2336.5319       2410.7313       3173.4101      
1.4026667       3396.5505       3529.2456       3609.4676       3464.4935       1747.2919       2342.4971       2428.6941       3227.4934      
1.404           3395.2628       3527.918        3608.6579       3465.2871       1793.1129       2348.9803       2437.891        3277.4726      
1.4053333       3394.431        3527.0101       3608.1943       3466.5472       1836.1629       2355.1948       2446.0985       3318.1772      
1.4066667       3393.4055       3525.8863       3607.5325       3467.6816       1877.2159       2360.8709       2453.8716       3348.4104      
1.408           3392.3849       3524.7765       3606.8496       3468.6392       1916.5923       2366.5805       2465.0979       3376.2272      
1.4093333       3391.1284       3523.4348       3606.0157       3469.676        1955.1016       2371.9632       2476.2623       3404.9355      
1.4106667       3390.2036       3522.3907       3605.3679       3470.6655       1992.0193       2376.7176       2487.4808       3432.4858      
1.412           3388.7852       3520.8665       3604.3211       3471.4186       2027.7176       2381.0031       2499.9915       3460.1355      
1.4133333       3387.5208       3519.4968       3603.4039       3472.282        2062.7527       2384.8509       2509.9995       3487.8272      
1.4146667       3386.6922       3518.518        3602.8268       3473.4696       2097.4834       2388.7416       2517.868        3516.0828      
1.416           3385.0298       3516.7526       3601.5519       3474.0776       2130.7338       2391.9813       2517.6853       3543.8239      
1.4173333       3383.7417       3515.3244       3600.5848       3475.0091       2163.5498       2396.0877       2513.3558       3571.8783      
1.4186667       3382.5697       3514.0919       3599.869        3476.3424       2196.0801       2401.1082       2507.0918       3601.9729      
1.42            3381.5066       3512.9791       3599.3004       3477.961        2228.0996       2407.8365       2502.7449       3632.4177      
1.4214286       3379.6693       3510.7629       3597.5302       3478.4388       2261.0383       2415.9682       2512.4015       3663.2703      
1.4228571       3378.0943       3509.0851       3596.4614       3479.6693       2291.5671       2425.7168       2519.4192       3697.3799      
1.4242857       3377.3388       3508.2403       3596.098        3481.414        2320.7741       2435.6729       2526.3308       3731.5325      
1.4257143       3376.1986       3507.0696       3595.4611       3483.089        2349.0817       2447.0791       2538.1597       3766.5653      
1.4271429       3375.2335       3506.0151       3594.8806       3484.756        2376.0405       2460.8768       2553.5623       3801.4623      
1.4285714       3374.4046       3505.0974       3594.5924       3487.0747       2403.5065       2478.6361       2567.4783       3838.772       
1.43            3373.7586       3504.3557       3594.4223       3489.4773       2429.9343       2497.82         2586.7972       3876.2381      
1.4314286       3372.5799       3503.0711       3593.6911       3491.2729       2454.4544       2516.6974       2614.4962       3912.8356      
1.4328571       3371.654        3502.0467       3593.254        3493.478        2479.0004       2535.7438       2649.1493       3951.8547      
1.4342857       3370.5419       3500.8094       3592.5582       3495.3331       2502.2515       2553.4708       2681.8631       3989.9414      
1.4357143       3369.775        3499.9245       3592.238        3497.6581       2525.7963       2571.7905       2721.4317       4028.8738      
1.4371429       3368.8696       3498.9099       3591.8153       3499.9858       2549.1139       2590.1285       2753.2175       4067.6096      
1.4385714       3368.0616       3497.9802       3591.4527       3502.3315       2571.9951       2610.3455       2777.1977       4106.7137      
1.44            3367.0448       3496.8348       3590.8647       3504.4674       2594.0503       2629.086        2794.9341       4145.8538      
1.4414286       3366.0102       3495.6802       3590.2882       3506.6598       2615.602        2643.8604       2812.9103       4182.6429      
1.4428571       3365.2902       3494.8546       3590.0873       3509.4028       2637.381        2659.3037       2831.4075       4218.7234      
1.4442857       3364.4219       3493.8663       3589.6842       3511.8046       2658.3377       2674.4644       2849.4654       4253.3191      
1.4457143       3363.3503       3492.6583       3589.0211       3513.8979       2678.3937       2688.8593       2866.9901       4286.4933      
1.4471429       3362.3531       3491.5281       3588.4381       3516.0001       2698.8762       2703.0825       2885.1295       4319.2765      
1.4485714       3361.6297       3490.6744       3588.1443       3518.4121       2719.8257       2717.8526       2903.8276       4352.4616      
1.45            3360.959        3489.9017       3588.0218       3521.331        2740.3519       2732.1081       2922.5027       4384.1313      
1.4514286       3360.4828       3489.33         3588.1342       3524.6613       2761.1266       2746.4927       2942.6332       4416.7816      
1.4528571       3359.8706       3488.6301       3588.1339       3527.9249       2781.2457       2759.3694       2962.7817       4448.4699      
1.4542857       3359.3246       3487.9803       3588.155        3531.1766       2801.1617       2770.4505       2982.9127       4478.8578      
1.4557143       3358.9527       3487.5117       3588.3784       3534.7254       2821.3745       2780.7397       3003.7831       4508.8086      
1.4571429       3358.7598       3487.2287       3588.8184       3538.6129       2842.1807       2790.8234       3025.9745       4538.1255      
1.4585714       3358.5779       3486.9675       3589.3152       3542.6654       2863.0789       2801.1104       3049.1953       4566.3832      
1.46            3358.2552       3486.5558       3589.6421       3546.5629       2884.0583       2811.935        3070.5538       4591.483       
1.4614286       3358.0811       3486.2986       3590.1557       3550.8065       2905.8484       2824.1593       3092.4267       4615.5211      
1.4628571       3357.9011       3486.0524       3590.7267       3555.2345       2928.3744       2837.2773       3114.5529       4638.2683      
1.4642857       3357.7937       3485.8872       3591.4167       3559.9259       2952.0094       2851.4339       3138.1859       4660.3237      
1.4657143       3357.8887       3485.9456       3592.3959       3565.1266       2976.7527       2866.9898       3163.3315       4681.6828      
1.4671429       3357.8277       3485.8413       3593.2083       3570.2467       3001.9232       2882.0545       3188.9676       4701.2607      
1.4685714       3358.0407       3486.017        3594.3157       3575.6362       3025.2408       2897.914        3217.6102       4720.734       
1.47            3358.2138       3486.1584       3595.4327       3581.2469       3048.0688       2913.4749       3247.1663       4738.8559      
1.4714286       3358.489        3486.4323       3596.721        3587.0264       3069.9104       2928.5061       3278.3902       4756.5271      
1.4728571       3358.8969       3486.8043       3598.0893       3593.004        3092.6002       2942.6983       3310.3823       4773.4453      
1.4742857       3359.3614       3487.2759       3599.6225       3599.2206       3114.4613       2955.9505       3342.9165       4789.7345      
1.4757143       3359.9766       3487.8919       3601.3283       3605.8101       3136.8277       2968.8002       3375.5432       4805.1778      
1.4771429       3360.2906       3488.2078       3602.7145       3611.9347       3158.5805       2980.181        3406.4521       4818.995       
1.4785714       3360.9859       3488.9368       3604.5947       3618.5677       3181.402        2992.062        3437.3451       4832.5251      
1.48            3361.4658       3489.4097       3606.1472       3625.1416       3204.5952       3002.8849       3468.1673       4844.6449      
1.4813333       3363.014        3491.2369       3609.0852       3632.6048       3224.7722       3012.7086       3497.9568       4858.0492      
1.4826667       3364.1798       3492.3999       3611.2484       3639.4352       3246.6766       3022.6942       3526.4022       4868.2574      
1.484           3364.8141       3493.0161       3612.942        3645.8663       3267.1089       3032.0094       3553.7788       4877.4009      
1.4853333       3365.8191       3494.0197       3615.0712       3653.0277       3287.4774       3041.6921       3581.2443       4887.0954      
1.4866667       3366.8974       3495.1159       3617.36         3660.6051       3305.7952       3050.8797       3607.7999       4896.3311      
1.488           3367.813        3496.037        3619.3834       3667.4571       3326.8663       3059.9306       3633.2521       4904.373       
1.4893333       3369.0993       3497.3604       3621.9074       3675.2388       3347.8418       3069.7714       3658.4126       4912.1768      
1.4906667       3370.3792       3498.6702       3624.39         3682.826        3365.4633       3079.5288       3682.0417       4919.6613      
1.492           3371.3656       3499.6625       3626.4745       3689.8365       3381.8855       3088.1925       3704.2575       4926.4349      
1.4933333       3372.1461       3500.3991       3628.1647       3695.9412       3395.3351       3095.9477       3725.0656       4932.2643      
1.4946667       3372.8001       3500.9321       3629.7613       3701.9966       3408.9027       3102.9424       3744.2547       4936.8922      
1.496           3373.2969       3501.5623       3631.1004       3707.6787       3420.535        3109.5398       3762.5892       4940.7877      
1.4973333       3373.7995       3501.8899       3632.254        3713.0236       3432.1355       3115.7866       3780.2873       4944.1452      
1.4986667       3374.757        3502.7986       3634.1366       3719.7099       3444.6011       3123.6206       3798.1362       4947.7672      
1.5             3375.8205       3503.7652       3635.9906       3726.4292       3458.1488       3132.3644       3816.1545       4952.3312      
1.5013333       3376.4781       3504.3647       3637.3398       3730.7634       3472.8331       3139.8213       3831.757        4955.8016      
1.5026667       3377.31         3505.0326       3638.4084       3733.9845       3488.1118       3147.0075       3846.5441       4958.7129      
1.504           3377.6412       3505.2348       3639.4701       3739.035        3505.9049       3157.7268       3865.6414       4964.9042      
1.5053333       3378.9929       3506.4721       3641.2265       3744.0058       3517.7196       3163.311        3878.2514       4966.7236      
1.5066667       3379.3944       3506.8563       3642.5159       3749.5324       3532.5468       3172.9212       3893.8591       4970.8996      
1.508           3380.6592       3508.0235       3644.2767       3754.7876       3545.3741       3182.1782       3907.5649       4974.4246      
1.5093333       3381.4598       3508.5985       3645.6207       3759.5089       3557.0996       3190.2704       3920.2536       4978.1526      
1.5106667       3382.171        3509.0303       3646.7241       3763.7742       3566.5092       3197.1711       3931.0749       4980.8243      
1.512           3382.5765       3509.2528       3647.532        3767.3417       3575.397        3205.5032       3941.9495       4983.5656      
1.5133333       3382.7937       3509.2966       3647.977        3770.4173       3583.2537       3213.6361       3951.9341       4985.7509      
1.5146667       3383.5637       3509.8157       3649.046        3774.6608       3590.9056       3221.9897       3961.3828       4987.6697      
1.516           3384.0668       3510.0466       3649.6742       3777.9469       3598.5203       3231.524        3971.2244       4989.9206      
1.5173333       3384.1388       3509.9507       3649.9359       3780.6866       3604.5631       3240.4481       3979.2471       4991.1929      
1.5186667       3384.3212       3509.9888       3650.4201       3783.7139       3610.2116       3249.934        3986.6427       4992.1885      
1.52            3384.4343       3509.7638       3650.3852       3785.7393       3613.4057       3259.8354       3993.7857       4995.1216      
1.5213333       3384.4236       3509.499        3650.3099       3787.4673       3614.7269       3269.3247       3998.6444       4998.2415      
1.5226667       3384.6724       3509.4312       3650.4864       3790.1688       3618.5041       3282.8807       4005.1492       5004.1927      
1.524           3384.4579       3508.9721       3650.3262       3792.0522       3620.6151       3294.6299       4009.6162       5010.3133      
1.5253333       3384.6223       3508.7791       3650.3298       3794.3852       3623.8258       3307.0695       4014.8012       5018.1099      
1.5266667       3384.4618       3508.477        3650.4279       3796.3723       3624.7837       3316.0632       4016.2698       5023.4447      
1.528           3384.5027       3508.1603       3650.2229       3798.1917       3626.6307       3326.0661       4018.3441       5029.4087      
1.5293333       3384.2327       3507.6147       3649.9158       3799.7002       3627.1126       3335.1112       4018.8956       5034.2928      
1.5306667       3384.1682       3507.2449       3649.7373       3801.394        3628.4138       3344.7326       4018.6478       5038.1477      
1.532           3384.3865       3507.1947       3649.9721       3803.5299       3630.3715       3355.1078       4017.9549       5041.5373      
1.5333333       3384.4298       3506.959        3649.9998       3805.5746       3632.1445       3365.996        4016.722        5044.5296      
1.5346667       3384.5848       3506.7692       3650.0375       3807.6823       3633.6393       3376.5412       4014.0144       5047.2878      
1.536           3384.8088       3506.6599       3650.1761       3809.8552       3634.7961       3386.3387       4007.9548       5049.9061      
1.5373333       3385.1096       3506.702        3650.5259       3812.2522       3636.2278       3396.127        4001.2327       5052.7273      
1.5386667       3385.0642       3506.3813       3650.4654       3814.1026       3636.4545       3404.8368       3988.9417       5055.0741      
1.54            3385.3393       3506.4175       3650.834        3816.5543       3637.7526       3413.9276       3985.4242       5057.7131      
1.5413333       3385.4681       3506.2144       3650.8519       3818.7252       3638.706        3422.5786       3988.2124       5060.0875      
1.5426667       3385.3525       3505.7179       3650.4122       3819.3293       3636.9882       3429.496        3990.6039       5061.7351      
1.544           3385.4595       3505.5058       3650.2628       3820.2023       3635.5284       3436.617        3992.9448       5063.0589      
1.5453333       3385.4323       3505.1641       3650.187        3821.7584       3635.1474       3443.9092       3997.9254       5064.5528      
1.5466667       3385.2421       3504.6196       3649.7459       3822.629        3633.3533       3450.0592       4006.1415       5065.846       
1.548           3384.9872       3504.0087       3649.2285       3823.3591       3631.5021       3455.4705       4018.6282       5066.5363      
1.5493333       3385.126        3503.8033       3649.1517       3824.4805       3631.6612       3462.3244       4034.9336       5068.2658      
1.5506667       3385.3426       3503.703        3649.23         3825.8307       3631.6763       3468.2064       4051.1178       5069.893       
1.552           3385.5633       3503.6076       3649.3191       3827.0256       3630.9285       3472.6462       4063.3731       5071.1398      
1.5533333       3385.4646       3503.1288       3648.8771       3827.5595       3630.257        3476.3702       4071.1946       5072.1648      
1.5546667       3385.3909       3502.6523       3648.4356       3828.0782       3629.4276       3478.6058       4073.8513       5073.212       
1.556           3385.4761       3502.3099       3648.1529       3828.3588       3628.8212       3479.5129       4075.5069       5074.1886      
1.5573333       3385.3581       3501.9834       3647.7702       3828.5718       3627.8471       3479.0773       4077.037        5075.1442      
1.5586667       3385.265        3501.4863       3647.1863       3828.6238       3626.8991       3478.2716       4078.7762       5076.2804      
1.56            3385.1704       3500.9662       3646.6011       3828.6421       3625.1129       3471.4222       4080.1277       5077.1031      
1.56125         3386.2029       3501.8069       3647.3586       3829.1282       3624.3652       3463.2002       4082.1158       5079.8687      
1.5625          3386.4554       3501.7452       3647.3661       3829.7183       3624.0514       3456.32         4083.7745       5080.5004      
1.56375         3386.2161       3501.1104       3646.6901       3829.6004       3622.8404       3451.3975       4084.7769       5080.6629      
1.565           3386.4662       3500.9709       3646.5293       3830.0326       3623.0314       3455.4984       4086.7596       5081.8357      
1.56625         3386.3687       3500.5581       3646.1757       3830.0238       3622.0072       3458.5871       4087.5783       5082.6471      
1.5675          3386.8736       3500.6584       3646.183        3830.3851       3621.461        3461.0902       4087.9949       5083.1573      
1.56875         3386.5009       3499.884        3645.2612       3829.3498       3619.237        3463.4207       4088.3723       5083.9177      
1.57            3386.6978       3499.6667       3644.8498       3828.9051       3617.8377       3466.0575       4088.9626       5084.8821      
1.57125         3386.7041       3499.2756       3644.3289       3828.3729       3616.7097       3468.7895       4089.1271       5085.5285      
1.5725          3386.5873       3498.7868       3643.704        3827.6002       3614.7807       3470.79         4089.0217       5085.8771      
1.57375         3386.8172       3498.6239       3643.4013       3827.0512       3613.9251       3473.9489       4089.6926       5086.6459      
1.575           3386.5517       3497.9603       3642.5405       3825.6674       3612.8097       3477.5044       4090.6588       5087.8045      
1.57625         3387.0759       3498.1091       3642.591        3825.7186       3612.5842       3482.7573       4091.115        5088.8417      
1.5775          3387.1804       3497.8732       3642.3397       3825.4356       3612.5084       3492.5468       4091.1892       5089.2717      
1.57875         3387.5554       3497.8791       3642.2182       3824.9047       3612.2174       3506.8629       4091.215        5089.7116      
1.58            3387.6501       3497.5814       3641.759        3823.9348       3611.7423       3524.1176       4091.5285       5090.3994      
1.58125         3388.0056       3497.5467       3641.5573       3823.1322       3611.3754       3538.4145       4091.6117       5090.7256      
1.5825          3388.1374       3497.299        3641.172        3822.0999       3609.7094       3547.6851       4091.4947       5090.9198      
1.58375         3388.4707       3497.2786       3641.1109       3822.1128       3606.811        3550.7526       4090.5192       5090.5907      
1.585           3389.2364       3497.6953       3641.5388       3823.0605       3603.9258       3552.9796       4090.012        5090.4181      
1.58625         3389.1466       3497.2473       3641.0266       3822.0197       3599.9086       3554.5741       4089.3046       5090.0533      
1.5875          3389.5308       3497.2459       3640.8679       3820.8799       3591.1287       3556.6631       4088.7078       5089.683       
1.58875         3389.7139       3497.0903       3640.4809       3819.4565       3580.793        3557.0415       4087.1765       5088.7559      
1.59            3390.3129       3497.3113       3640.531        3818.6368       3573.5276       3558.5884       4086.2662       5088.1913      
1.59125         3390.4765       3497.1095       3640.3204       3818.7731       3565.977        3560.1035       4085.4104       5087.6099      
1.5925          3391.2477       3497.5701       3640.794        3819.6976       3561.2449       3561.4801       4084.7576       5087.0223      
1.59375         3390.6103       3496.5498       3639.478        3816.0522       3559.1039       3561.2393       4083.0042       5085.9957      
1.595           3390.8304       3496.3021       3638.763        3813.1511       3559.0613       3562.0129       4081.9691       5085.3213      
1.59625         3390.3124       3495.4026       3637.6563       3810.9374       3559.8012       3563.0559       4080.5869       5084.3865      
1.5975          3390.5952       3495.2415       3637.1114       3808.8024       3560.4326       3564.5363       4079.8501       5083.7085      
1.59875         3390.2154       3494.6076       3636.1946       3806.3425       3561.3039       3566.0658       4079.3178       5083.3651      
1.6             3390.7856       3494.7889       3636.1066       3804.8436       3563.1043       3568.2499       4079.2502       5083.2638      
1.60125         3390.0828       3493.6808       3634.6549       3801.6148       3562.3056       3568.6056       4078.4933       5082.9643      
1.6025          3390.2324       3493.4029       3634.0055       3799.3059       3563.6682       3570.6448       4078.4134       5082.8747      
1.60375         3389.6382       3492.3733       3632.6076       3795.9027       3563.4377       3571.573        4077.9143       5082.7575      
1.605           3389.8793       3492.1719       3631.9866       3793.3136       3564.7486       3571.4936       4076.95         5082.3902      
1.60625         3389.4436       3491.3214       3630.822        3790.2372       3569.5726       3572.2445       4076.0699       5081.702       
1.6075          3389.4951       3490.9904       3630.1571       3787.9279       3579.7076       3574.3829       4076.1889       5081.4874      
1.60875         3389.0766       3490.19         3629.0368       3785.2134       3590.8642       3575.8132       4075.8123       5080.7445      
1.61            3389.1991       3489.8862       3628.3089       3782.4813       3600.9932       3576.7797       4075.3981       5080.1474      
1.61125         3388.8494       3489.1702       3627.2172       3778.7632       3607.7756       3576.9087       4074.2104       5078.8289      
1.6125          3388.7626       3488.6279       3626.2024       3774.5109       3611.6969       3576.9866       4073.4333       5078.177       
1.61375         3388.5925       3488.0306       3625.2592       3771.6177       3612.6253       3578.7039       4073.5361       5077.7247      
1.615           3388.1121       3487.1151       3623.9271       3769.1116       3611.5464       3579.7508       4073.3094       5076.9953      
1.61625         3387.899        3486.4467       3622.7629       3765.6703       3609.9686       3580.6301       4073.1082       5076.3877      
1.6175          3387.6417       3485.7715       3621.7091       3762.835        3609.1736       3581.9408       4073.1846       5075.8984      
1.61875         3387.5219       3485.2401       3620.8365       3760.2128       3608.6082       3582.9131       4073.0922       5075.2568      
1.62            3386.8585       3484.1674       3619.3972       3756.8203       3607.1589       3583.3016       4072.6912       5074.4536      
1.62125         3387.1197       3483.9718       3618.6428       3753.4891       3605.256        3583.3409       4071.978        5073.3694      
1.6225          3387.0031       3483.4767       3617.7954       3750.6001       3604.1982       3583.5116       4071.1253       5072.0142      
1.62375         3386.6092       3482.6867       3616.6052       3747.3128       3603.1111       3583.8421       4070.4447       5070.7596      
1.625           3386.6896       3482.3882       3615.8674       3744.3151       3602.1424       3584.5799       4070.4158       5070.0508      
1.62625         3386.4297       3481.7714       3614.8285       3741.1023       3600.9113       3585.0122       4069.8202       5068.7523      
1.6275          3386.1968       3480.9919       3613.604        3737.8083       3600.0671       3585.9165       4069.8194       5067.7379      
1.62875         3385.7574       3479.9493       3612.291        3734.4205       3599.2901       3586.8894       4069.9419       5067.0768      
1.63            3385.997        3479.7205       3611.8544       3732.1127       3599.253        3587.8943       4069.6413       5065.8897      
1.63125         3385.5946       3478.8466       3610.4414       3727.928        3597.9971       3588.6191       4069.2849       5064.5704      
1.6325          3385.3334       3478.1394       3609.2792       3724.4709       3596.6245       3588.8849       4068.73         5062.8706      
1.63375         3385.5887       3478.028        3609.0089       3722.6696       3596.0609       3588.65         4067.6          5060.8549      
1.635           3385.2485       3477.2158       3607.6295       3717.6678       3593.5822       3587.9917       4066.28         5058.6526      
1.63625         3385.1015       3476.5687       3606.2668       3712.4803       3592.2286       3587.8918       4065.245        5056.3374      
1.6375          3384.5119       3475.5353       3604.7838       3708.2224       3591.0154       3588.2059       4064.5413       5053.9948      
1.63875         3384.3263       3474.9499       3603.7693       3705.0961       3589.9201       3588.0712       4063.6216       5051.7392      
1.64            3384.1371       3474.3679       3602.8703       3702.327        3588.5633       3587.8081       4062.6058       5049.6447      
1.6411765       3384.8282       3474.8597       3602.8029       3697.1438       3588.8139       3587.7741       4061.8623       5048.9308      
1.6423529       3384.5347       3474.17         3601.7427       3694.0816       3588.5875       3588.6623       4061.612        5046.5628      
1.6435294       3383.8813       3473.0139       3600.0473       3690.3649       3586.6708       3588.4931       4060.6033       5043.4425      
1.6447059       3383.802        3472.4242       3598.715        3687.012        3585.3152       3588.4737       4059.6688       5040.8754      
1.6458824       3382.8952       3471.0703       3597.0296       3681.9151       3583.7945       3588.5278       4058.814        5038.2989      
1.6470588       3382.7211       3470.4158       3595.7784       3677.9247       3582.252        3588.6105       4057.8825       5035.5406      
1.6482353       3382.1176       3469.381        3594.3117       3674.7902       3580.2976       3587.8128       4056.3921       5032.5455      
1.6494118       3381.9201       3468.7655       3593.2301       3671.8349       3578.9538       3587.7753       4055.4525       5029.9411      
1.6505882       3381.4962       3467.9128       3591.9216       3668.5273       3577.1941       3587.3379       4054.3234       5027.2655      
1.6517647       3381.5694       3467.4781       3591.0003       3665.8494       3575.7658       3587.0171       4053.0626       5024.3099      
1.6529412       3381.3394       3466.7942       3589.9165       3663.2995       3574.8629       3587.1488       4051.9289       5021.2647      
1.6541176       3381.1429       3466.1483       3588.7713       3660.5543       3573.1691       3586.824        4050.5512       5017.8823      
1.6552941       3380.5879       3465.1372       3587.2205       3656.418        3571.6017       3586.8378       4049.5003       5014.7035      
1.6564706       3379.8077       3463.8516       3585.3617       3651.7861       3568.9001       3585.7094       4047.7221       5011.2567      
1.6576471       3379.4979       3463.0615       3584.2133       3647.466        3567.0728       3585.4502       4046.4716       5007.8545      
1.6588235       3379.1554       3462.2188       3582.4297       3644.0755       3565.4878       3585.3284       4045.2004       5004.3253      
1.66            3378.678        3461.2597       3580.7824       3640.3459       3563.8854       3585.0809       4043.7587       5000.54        
1.66125         3377.6438       3459.6079       3578.422        3637.3109       3562.1414       3585.1613       4042.4572       4995.4319      
1.6625          3376.9862       3458.4853       3576.6849       3634.1495       3559.5816       3584.0317       4040.1563       4991.2007      
1.66375         3376.6079       3457.6602       3575.2267       3631.012        3557.8177       3583.4652       4038.274        4986.7934      
1.665           3376.3108       3456.8891       3573.8163       3627.8071       3556.5013       3583.1812       4036.655        4982.212       
1.66625         3375.7821       3455.8567       3572.0634       3624.2896       3554.8942       3582.4789       4034.6502       4976.9319      
1.6673958       3375.7362       3455.585        3571.0383       3618.9          3553.2945       3580.906        4031.9759       4972.7279      
1.6685417       3375.7195       3455.1783       3570.4034       3615.8908       3552.6913       3581.1309       4030.8107       4967.0794      
1.6696875       3374.9613       3454.0338       3568.9623       3612.5588       3551.1151       3580.4088       4028.6551       4960.862       
1.6708333       3374.6957       3453.1657       3567.6138       3609.8391       3549.2187       3579.3282       4026.2759       4954.868       
1.6719792       3374.261        3452.2224       3566.0869       3606.6949       3547.5426       3578.4086       4024.0495       4949.3879      
1.673125        3373.4788       3450.9595       3564.1084       3603.2993       3545.3516       3577.0494       4021.3586       4943.3927      
1.6742708       3372.959        3449.9998       3562.4797       3600.704        3543.9105       3576.7574       4019.7473       4938.757       
1.6754167       3372.2595       3448.7083       3560.4648       3597.1807       3541.4901       3575.4532       4017.1878       4933.5368      
1.6765625       3371.9853       3447.9717       3558.9697       3594.245        3539.932        3575.2404       4015.7133       4929.7597      
1.6777083       3371.2929       3446.7864       3557.0456       3590.8032       3537.6227       3573.6531       4012.7095       4924.979       
1.6788542       3370.7689       3445.8435       3555.7332       3588.2668       3536.2302       3573.2257       4010.8889       4921.4668      
1.68            3370.4559       3445.044        3554.2492       3585.2348       3534.4395       3572.3398       4008.6096       4917.5521      
1.6811111       3370.0487       3444.23         3552.7091       3581.3094       3532.5076       3570.971        4006.0339       4913.8468      
1.6822222       3369.7272       3443.5105       3551.4204       3578.4108       3531.3614       3570.7651       4004.5251       4909.9278      
1.6833333       3369.2249       3442.5111       3549.7776       3575.0427       3529.7195       3570.1152       4002.5722       4905.4795      
1.6844444       3368.6164       3441.4093       3548.0296       3571.5291       3527.6416       3569.2623       4000.4454       4900.7324      
1.6855556       3368.0055       3440.3073       3546.1683       3567.8143       3525.6556       3568.6411       3998.4764       4895.7028      
1.6866667       3367.1906       3439.0679       3544.3269       3564.6482       3523.992        3568.0648       3996.4476       4890.5109      
1.6877778       3366.8038       3438.3415       3543.1839       3561.8281       3521.4319       3566.5819       3993.8419       4885.0824      
1.6888889       3365.9833       3436.9729       3541.1231       3558.1086       3519.4252       3565.6657       3991.4321       4879.4329      
1.69            3365.873        3436.2957       3540.1015       3555.2874       3516.5612       3563.8028       3988.3321       4873.6634      
1.6911111       3364.8708       3434.952        3538.1594       3551.8294       3514.4158       3562.535        3985.4567       4867.663       
1.6922222       3364.3152       3433.9175       3536.3656       3548.0361       3512.3111       3561.029        3982.6263       4862.1423      
1.6933333       3363.2913       3432.6204       3534.584        3544.4059       3510.7049       3559.9511       3980.0658       4856.3701      
1.6944444       3362.9718       3431.7441       3532.8549       3540.7332       3508.5507       3558.282        3977.1714       4850.8131      
1.6955556       3361.909        3430.2351       3530.5528       3536.8926       3506.8781       3557.2505       3974.6838       4845.0613      
1.6966667       3361.5782       3429.4084       3529.0902       3533.2802       3504.4499       3555.0634       3971.4633       4839.3585      
1.6977778       3360.5514       3427.9485       3526.931        3529.3629       3503.0063       3554.1887       3968.9704       4833.6419      
1.6988889       3360.4052       3427.3024       3525.6556       3525.7339       3500.4579       3551.8875       3965.088        4827.3327      
1.7             3359.2258       3425.6721       3523.283        3521.443        3498.2391       3550.286        3961.2149       4820.7333      
1.70125         3357.4288       3423.0406       3519.8824       3518.2552       3494.4377       3547.9444       3956.43         4811.9859      
1.7025          3355.4696       3420.6623       3516.6073       3513.0785       3491.3011       3546.1596       3951.9253       4805.9853      
1.70375         3355.4712       3420.1516       3515.4977       3509.5116       3488.9514       3544.6166       3947.945        4800.7722      
1.705           3354.541        3418.8426       3513.5926       3505.0072       3486.9704       3543.9203       3943.8474       4794.4444      
1.70625         3354.3063       3418.0985       3512.1573       3500.8364       3484.5523       3542.1225       3938.6438       4787.7311      
1.7075          3353.0085       3416.2879       3509.3718       3496.3626       3483.2968       3542.0835       3934.6693       4781.2519      
1.70875         3352.5298       3415.2384       3507.1173       3492.6835       3481.2881       3540.6353       3930.1314       4774.2966      
1.71            3351.1278       3413.3405       3504.5361       3488.5415       3479.8544       3540.2317       3927.6627       4768.0377      
1.71125         3350.5776       3412.2678       3502.6349       3484.2644       3477.3358       3538.4809       3924.8577       4761.0641      
1.7125          3349.3571       3410.6252       3500.4146       3480.2944       3475.8843       3537.7656       3924.5268       4754.7983      
1.71375         3348.5396       3409.2226       3498.026        3475.3776       3473.184        3535.6328       3922.8355       4747.0116      
1.715           3347.5353       3407.7589       3495.9024       3471.3279       3471.1224       3534.4858       3921.7662       4740.6399      
1.71625         3346.5684       3406.3018       3493.6763       3467.1228       3468.8362       3533.1997       3920.3134       4733.9152      
1.7175          3345.3604       3404.5713       3491.1339       3462.4673       3466.4454       3531.4088       3917.4938       4726.6658      
1.71875         3344.4697       3403.2623       3489.2133       3458.4197       3464.5469       3530.0074       3914.4826       4720.1932      
1.72            3342.6972       3400.9934       3486.1433       3453.3827       3462.3914       3528.6545       3911.2302       4713.0989      
1.7211765       3342.8061       3400.7666       3485.1248       3448.7291       3460.4439       3526.3803       3907.1793       4706.5691      
1.7224314       3340.6557       3398.0379       3481.7919       3444.7714       3459.4189       3526.4525       3905.4448       4699.5528      
1.7236863       3340.05         3396.8721       3479.5916       3439.7846       3456.1142       3523.6969       3900.8878       4691.6339      
1.7249412       3337.9006       3394.2577       3476.3631       3434.8306       3454.133        3522.9611       3898.4512       4685.8028      
1.7261961       3337.7234       3393.7312       3475.2973       3431.3721       3452.147        3521.7531       3895.4389       4678.9706      
1.727451        3336.4367       3391.8307       3472.4055       3426.1124       3448.5036       3518.8226       3890.6352       4670.6024      
1.7287059       3335.5845       3390.7561       3471.0888       3422.6729       3446.8795       3518.2601       3888.5106       4664.4016      
1.7299608       3334.4045       3388.9469       3468.0755       3417.1878       3443.3108       3515.0336       3883.7987       4656.2158      
1.7312157       3333.078        3387.1291       3465.437        3412.25         3440.6901       3512.8061       3880.2554       4648.9389      
1.7324706       3331.8076       3385.3526       3462.7835       3407.3157       3438.4937       3511.0826       3877.3332       4642.0199      
1.7337255       3330.5839       3383.5884       3460.039        3402.2395       3436.2347       3508.641        3874.3563       4635.4302      
1.7349804       3330.0929       3382.8489       3459.141        3398.7042       3435.9468       3507.6726       3872.9239       4629.8129      
1.7362353       3329.1265       3381.3958       3456.7905       3393.3571       3433.8756       3504.6556       3869.4547       4622.656       
1.7374902       3327.8858       3379.6085       3454.0505       3388.5595       3432.227        3501.2294       3865.8831       4615.2563      
1.7387451       3326.3003       3377.5257       3451.0811       3383.6931       3430.8277       3498.2873       3862.123        4607.6227      
1.74            3325.0323       3375.7987       3448.462        3379.2268       3429.1031       3497.1507       3858.9295       4600.4123      
1.74125         3323.7924       3374.1349       3445.9442       3374.5063       3427.1738       3495.9985       3855.3764       4593.2417      
1.7425          3322.5833       3372.3682       3443.2115       3369.9731       3425.5727       3496.244        3851.8827       4585.8221      
1.74375         3321.4981       3370.771        3440.8021       3365.3885       3424.255        3496.9953       3848.5893       4578.393       
1.745           3320.2058       3369.065        3438.4341       3360.8041       3422.7177       3497.2831       3845.2809       4571.1288      
1.74625         3318.8815       3367.2387       3435.7837       3355.937        3420.6745       3496.9174       3841.6422       4563.6894      
1.7475          3317.7497       3365.6824       3433.3925       3351.2313       3418.6828       3496.3516       3838.0054       4555.7351      
1.74875         3316.3695       3363.8097       3430.6312       3346.6095       3416.4922       3494.5998       3834.2388       4547.8119      
1.75            3314.9939       3361.9533       3427.9206       3341.7126       3414.7826       3492.8162       3830.5155       4539.3419      
1.75125         3313.4728       3359.9644       3425.0969       3336.6735       3412.3249       3490.7484       3826.7307       4529.724       
1.7525          3312.2818       3358.3496       3422.6898       3332.2092       3410.4726       3488.9045       3823.0451       4520.3764      
1.75375         3311.0321       3356.6972       3420.3007       3327.8791       3408.3179       3486.8547       3819.2827       4511.0303      
1.755           3309.5219       3354.6698       3417.3262       3322.8644       3406.0033       3485.0505       3815.8224       4502.8712      
1.75625         3308.1724       3352.8159       3414.5557       3318.1183       3403.7424       3483.2395       3812.3413       4496.1349      
1.7575          3306.9894       3351.1809       3412.0838       3314.0035       3401.8777       3481.4373       3808.7481       4489.4378      
1.75875         3305.6204       3349.3491       3409.3618       3308.7821       3399.6656       3479.3743       3804.8899       4482.3165      
1.76            3304.2849       3347.5829       3406.7398       3303.607        3397.7383       3477.5052       3801.1563       4475.3442      
1.76125         3302.826        3345.6862       3404.0048       3299.0931       3395.3991       3475.2509       3797.0562       4468.0254      
1.7625          3301.588        3344.0323       3401.6059       3295.1723       3393.3448       3473.4261       3793.3278       4461.081       
1.76375         3300.4858       3342.5356       3399.3993       3291.2957       3391.0496       3471.4628       3789.5171       4454.1445      
1.765           3299.311        3340.9289       3397.0028       3287.162        3388.0381       3469.0913       3785.2897       4446.8156      
1.76625         3298.1438       3339.3097       3394.4911       3282.7705       3385.2217       3467.0977       3781.4332       4439.8006      
1.7675          3296.7108       3337.4279       3391.6637       3277.9964       3381.7912       3464.5898       3777.1235       4433.3548      
1.76875         3295.2636       3335.5439       3388.8753       3273.4971       3378.1357       3462.057        3772.9276       4428.0733      
1.77            3294.1204       3333.9801       3386.607        3269.4984       3374.9461       3460.0236       3768.9781       4424.7572      
1.77125         3292.9137       3332.3895       3384.3317       3265.8102       3373.3428       3459.3074       3765.9841       4421.9481      
1.7725          3291.6155       3330.6161       3381.549        3261.2628       3370.8803       3457.0756       3761.2697       4418.1046      
1.77375         3290.2767       3328.7968       3378.6814       3257.5057       3369.4125       3455.7054       3757.0695       4414.0718      
1.775           3289.2918       3327.446        3376.8544       3253.6945       3368.458        3454.0321       3752.2124       4408.7823      
1.77625         3288.29         3326.0816       3374.945        3249.8918       3368.5023       3452.7839       3747.4952       4402.2891      
1.7775          3287.2181       3324.6179       3372.7117       3246.1209       3368.5061       3451.3122       3740.9188       4395.2766      
1.77875         3286.015        3323.0044       3370.2607       3242.1764       3367.9505       3449.4885       3733.5835       4388.1629      
1.78            3285.1234       3321.7386       3368.2132       3238.8833       3367.3842       3447.6719       3726.5621       4380.9479      
1.78125         3283.8653       3320.0596       3365.7466       3234.851        3366.0764       3445.5979       3720.4728       4373.5645      
1.7825          3282.5244       3318.2877       3363.1974       3230.9161       3364.021        3443.3423       3716.1576       4366.1091      
1.78375         3281.3134       3316.6884       3360.848        3227.1966       3361.9412       3440.9673       3712.0592       4358.6633      
1.785           3280.0252       3315.0106       3358.4035       3223.2178       3359.7584       3438.595        3707.9736       4351.2453      
1.78625         3278.7922       3313.3898       3355.986        3219.4852       3357.7872       3436.4929       3704.1543       4344.1052      
1.7875          3277.6567       3311.8942       3353.7687       3215.8059       3355.7721       3434.2056       3700.1649       4336.7318      
1.78875         3276.8006       3310.655        3351.6785       3211.9232       3354.1266       3432.4382       3696.8361       4330.2838      
1.79            3275.7978       3309.3401       3349.6427       3208.2311       3352.9413       3431.2812       3693.9971       4323.7561      
1.79125         3274.5163       3307.6626       3347.1656       3204.1791       3350.9725       3429.1619       3690.3071       4316.5535      
1.7925          3273.6553       3306.4518       3345.1881       3200.6879       3349.5483       3427.4627       3687.0911       4309.8058      
1.79375         3272.6047       3304.9914       3342.8668       3196.8493       3348.2198       3425.8204       3684.0784       4303.2592      
1.795           3271.5339       3303.5593       3340.6836       3193.3387       3346.7258       3423.7836       3680.9563       4296.845       
1.79625         3270.7769       3302.4664       3338.8824       3190.1838       3345.6205       3422.0803       3678.3694       4290.6079      
1.7975          3269.6479       3300.9758       3336.6342       3186.5623       3343.9716       3419.4826       3676.3612       4283.875       
1.79875         3268.7833       3299.787        3334.8251       3183.6771       3342.5301       3416.748        3676.5137       4277.4569      
1.8             3267.7178       3298.3786       3332.7305       3180.3519       3340.8864       3413.4987       3678.1957       4271.1516      
1.8013333       3265.9453       3296.1505       3329.7648       3177.3736       3338.8494       3409.9837       3680.1756       4265.1349      
1.8026667       3264.6524       3294.5408       3327.4457       3173.9396       3337.2321       3404.3254       3679.777        4258.6086      
1.804           3263.6322       3293.2136       3325.3911       3170.6977       3335.6081       3398.7828       3677.2085       4252.6677      
1.8053333       3262.8755       3292.09         3323.5179       3167.6644       3334.1682       3394.0944       3674.3252       4246.7148      
1.8064615       3263.4465       3292.7271       3323.6606       3163.4249       3333.3765       3391.1019       3669.9112       4239.9047      
1.8075897       3262.502        3291.4273       3321.6195       3159.9895       3331.4132       3388.8835       3667.0654       4234.5831      
1.8087179       3260.8622       3289.4298       3319.0126       3156.385        3329.8141       3387.6953       3664.995        4229.2917      
1.8098462       3259.3547       3287.6271       3316.6908       3152.641        3328.099        3386.0445       3662.3216       4223.9277      
1.8109744       3258.1107       3286.0905       3314.3935       3149.2327       3326.7595       3384.775        3660.0768       4219.0723      
1.8121026       3256.9796       3284.7114       3312.3056       3146.059        3325.2975       3383.3493       3657.7272       4214.3505      
1.8132308       3256.1074       3283.5504       3310.5022       3143.2531       3324.0533       3382.2374       3655.6466       4209.8229      
1.814359        3254.9998       3282.12         3308.5759       3140.275        3322.6888       3380.9245       3653.3134       4204.9698      
1.8154872       3253.429        3280.2375       3306.1755       3137.1748       3321.3358       3379.5958       3650.9454       4200.1406      
1.8166154       3252.3419       3278.8305       3304.2013       3134.3892       3320.0529       3378.4416       3648.7286       4195.3093      
1.8177436       3251.4736       3277.6571       3302.4163       3131.8261       3318.8812       3377.3394       3646.4643       4190.3327      
1.8188718       3250.316        3276.2006       3300.3398       3129.0162       3317.636        3376.3116       3644.2407       4185.3001      
1.82            3249.1013       3274.7508       3298.3408       3126.2561       3315.8817       3374.9351       3641.8014       4180.2749      
1.8211765       3247.7619       3273.0356       3295.9472       3123.9665       3313.8507       3373.8238       3639.752        4175.5576      
1.8223529       3246.5496       3271.5662       3293.9271       3121.351        3311.4918       3372.8075       3637.0503       4170.1528      
1.8235294       3245.5844       3270.3272       3292.0659       3118.7289       3309.2047       3373.4824       3634.6525       4165.3786      
1.8247059       3244.5788       3269.0455       3290.1492       3116.0832       3306.3981       3376.1553       3632.3029       4160.6623      
1.8258824       3243.6071       3267.8352       3288.3414       3113.406        3303.2297       3379.391        3629.7639       4155.5664      
1.8270588       3242.5242       3266.4986       3286.4038       3110.7817       3298.6124       3381.6855       3627.2806       4150.4365      
1.8282353       3241.3514       3265.0887       3284.3943       3108.0183       3294.1264       3382.2954       3624.7904       4145.3295      
1.8294118       3240.2327       3263.7242       3282.4519       3105.3602       3290.1363       3381.2128       3622.4358       4140.5055      
1.8305882       3239.4622       3262.7035       3280.8205       3102.956        3287.3049       3380.0182       3620.1798       4135.8333      
1.8317647       3238.2706       3261.2408       3278.7533       3100.2202       3285.6915       3378.5566       3617.6577       4130.7747      
1.8329412       3237.0662       3259.7951       3276.7447       3097.5531       3284.3194       3377.1877       3615.2137       4125.797       
1.8341176       3236.0921       3258.5852       3274.9575       3095.072        3283.0477       3375.8601       3612.8247       4121.0323      
1.8352941       3234.9703       3257.2169       3273.028        3092.5186       3281.7864       3374.5225       3610.4048       4116.1136      
1.8364706       3234.4516       3256.4558       3271.6557       3090.4047       3280.8418       3373.4152       3608.2919       4111.7351      
1.8376471       3233.3283       3255.1077       3269.7776       3087.9412       3279.6137       3372.1038       3606.003        4107.0117      
1.8388235       3232.5417       3254.0695       3268.1412       3085.6108       3278.4991       3370.8448       3603.7336       4102.3777      
1.84            3231.5772       3252.8787       3266.4059       3083.1835       3277.2832       3369.5313       3601.3929       4097.5481      
1.8411765       3230.3911       3251.4916       3264.4771       3080.7606       3276.1387       3368.3528       3599.3233       4093.3394      
1.8423529       3229.6224       3250.4674       3262.8521       3078.5616       3274.9307       3367.1253       3597.3154       4089.1701      
1.8435294       3228.6132       3249.2538       3261.0829       3076.2872       3273.9868       3366.1026       3595.4359       4085.3195      
1.8447059       3227.8162       3248.2338       3259.1981       3073.8601       3272.8368       3364.9704       3593.5857       4081.7295      
1.8458824       3227.0861       3247.3232       3257.9803       3072.3695       3271.9596       3364.0544       3591.8488       4077.8543      
1.8470588       3226.3909       3246.3798       3256.5042       3070.5091       3270.8662       3362.8199       3589.7523       4073.4816      
1.8482353       3225.4115       3245.2067       3254.8          3068.3107       3270.5459       3361.7697       3587.8753       4069.3199      
1.8494118       3224.6906       3244.2877       3253.3612       3066.5375       3271.9306       3360.7823       3586.0473       4065.2983      
1.8505882       3223.9981       3243.3734       3251.843        3064.4094       3274.9193       3359.7544       3584.1294       4061.0293      
1.8517647       3223.207        3242.3797       3250.2893       3062.4403       3278.127        3358.7015       3582.1661       4056.6548      
1.8529412       3222.1442       3241.1347       3248.5618       3060.7969       3280.3635       3357.6031       3580.2755       4052.5245      
1.8541176       3221.1937       3239.9668       3246.6981       3058.3699       3281.2469       3356.4438       3578.3416       4048.4027      
1.8552941       3220.2215       3238.7542       3244.8896       3056.0539       3280.1788       3355.2596       3576.4374       4044.2984      
1.8564706       3218.9484       3237.2957       3243.2463       3054.1655       3279.1304       3354.2249       3574.6193       4040.1555      
1.8576471       3217.9182       3236.0934       3241.6075       3052.146        3277.998        3353.0977       3572.6898       4035.7939      
1.8588235       3217.2089       3235.194        3240.0798       3050.2424       3276.8519       3351.981        3570.7872       4031.0971      
1.86            3216.154        3233.9508       3238.3209       3048.0236       3275.7575       3350.9133       3568.9069       4026.4359      
1.8611765       3215.0403       3232.6671       3236.5922       3046.2403       3274.7343       3349.9198       3567.1432       4022.0731      
1.8623529       3214.1675       3231.6042       3234.9667       3044.4895       3273.6221       3348.8368       3565.2555       4017.6126      
1.8635294       3213.1737       3230.4148       3233.2172       3042.5858       3272.3656       3347.6481       3563.3295       4013.1083      
1.8647059       3212.3091       3229.353        3231.6025       3040.7961       3271.2432       3346.5676       3561.5345       4008.9117      
1.8658824       3211.44         3228.3043       3230.0106       3039.0118       3270.1134       3345.4868       3559.7271       4004.9739      
1.8670588       3210.4037       3227.096        3228.3377       3037.2714       3269.0899       3344.5091       3558.0362       4001.3459      
1.8682353       3209.3526       3225.8655       3226.6833       3035.5124       3267.9538       3343.3651       3556.1813       3997.5222      
1.8694118       3208.0154       3224.3687       3224.7886       3033.627        3266.9189       3342.4395       3554.5895       3993.9073      
1.8705882       3207.2645       3223.4761       3223.2556       3031.9104       3265.8755       3341.4155       3552.8391       3990.1995      
1.8717647       3206.3277       3222.3722       3221.6352       3030.3088       3265.0664       3340.6899       3551.4867       3987.1974      
1.8729412       3205.6644       3221.5407       3220.2328       3028.766        3264.1949       3339.8604       3549.9748       3984.097       
1.8741176       3204.7247       3220.4193       3218.6541       3027.1561       3263.3222       3339.036        3548.509        3981.3317      
1.8752941       3203.8338       3219.4118       3217.2802       3025.7205       3262.4545       3338.2708       3547.0465       3977.8488      
1.8764706       3203.2366       3218.5968       3216.0478       3024.2836       3261.622        3337.358        3545.4055       3974.4494      
1.8776471       3202.4999       3217.8065       3214.7044       3022.6667       3260.8643       3336.6199       3544.0136       3971.4535      
1.8788235       3201.7878       3216.9436       3213.2963       3021.1677       3259.8348       3335.5775       3542.327        3968.3217      
1.88            3200.8482       3215.8763       3211.8295       3019.7749       3259.0683       3334.926        3541.0379       3965.415       
1.8813333       3199.3497       3213.9954       3209.3753       3019.9661       3257.837        3334.7108       3540.6025       3964.2464      
1.8827692       3198.5732       3212.9513       3208.0279       3020.22         3256.4987       3333.7855       3538.7925       3960.7206      
1.8842051       3197.7375       3212.0127       3206.3932       3018.7508       3255.6427       3332.6782       3536.59         3956.8259      
1.885641        3197.0509       3211.1983       3204.9898       3017.531        3254.8139       3331.6989       3534.8112       3953.8571      
1.8870769       3196.2217       3210.2419       3203.5139       3016.2955       3253.8625       3330.6974       3533.0329       3950.6681      
1.8885128       3195.5477       3209.4543       3202.2583       3015.1225       3252.9768       3329.771        3531.1407       3946.9455      
1.8899487       3194.8715       3208.6199       3200.801        3013.9318       3252.1366       3328.8886       3529.2088       3943.1581      
1.8913846       3193.8027       3207.372        3198.902        3012.4762       3251.2785       3328.1259       3527.3185       3939.5891      
1.8928205       3193.1036       3206.5035       3197.3797       3010.9697       3250.1745       3327.1211       3524.8327       3935.9069      
1.8942564       3191.6146       3204.866        3195.1689       3009.21         3249.2128       3326.3045       3522.5087       3932.4715      
1.8956923       3190.5356       3203.6069       3193.023        3007.6942       3248.3559       3325.4898       3520.1454       3929.0257      
1.8971282       3189.3671       3202.228        3191.2304       3006.0407       3247.2329       3324.4318       3517.8199       3925.4987      
1.8985641       3188.2403       3200.9565       3189.5581       3004.5188       3246.4624       3323.6752       3516.1379       3922.0147      
1.9             3187.2055       3199.8393       3188.0407       3003.1972       3245.884        3323.0971       3514.7351       3918.799       
1.9014286       3186.4112       3198.9148       3186.5706       3001.7359       3245.0658       3322.1566       3513.1155       3915.3497      
1.9028571       3185.4642       3197.8562       3185.0236       3000.3707       3244.594        3321.6232       3511.8956       3912.5087      
1.9042857       3184.5229       3196.785        3183.4487       2999.0666       3244.1486       3321.0073       3510.5939       3909.6317      
1.9057143       3183.4606       3195.6022       3181.7903       2997.5984       3243.664        3320.3978       3509.3707       3906.8787      
1.907013        3183.0801       3195.2761       3181.0758       2995.037        3243.4292       3319.3659       3507.4004       3903.2356      
1.9083117       3181.7351       3193.8041       3179.1168       2993.0487       3242.825        3319.0201       3506.878        3901.8923      
1.9096104       3180.9455       3192.8818       3177.7014       2991.9183       3242.2408       3318.4469       3505.9086       3899.4385      
1.9109091       3179.72         3191.5406       3176.0459       2990.5743       3241.8089       3318.1058       3505.2837       3897.3698      
1.9122078       3179.1261       3190.8071       3174.8163       2989.4803       3241.305        3317.5723       3504.4969       3894.8061      
1.9135065       3178.1525       3189.7273       3173.2092       2988.1748       3240.7172       3317.0066       3504.0074       3892.3716      
1.9148052       3177.1707       3188.6444       3171.7394       2987.1317       3240.1731       3316.3572       3503.5942       3889.7189      
1.9161039       3176.2233       3187.5805       3170.2768       2985.4953       3239.5948       3315.7595       3503.2521       3887.0538      
1.9174026       3175.4664       3186.7358       3168.8535       2984.4305       3238.9082       3314.9743       3502.583        3884.2599      
1.9187013       3174.5181       3185.7108       3167.4432       2983.6791       3238.4523       3314.2941       3501.8464       3881.8007      
1.92            3173.6126       3184.6971       3166.0106       2982.7727       3237.8411       3313.3511       3500.8432       3879.3432      
1.92125         3173.0409       3184.0929       3165.0413       2981.4841       3237.4684       3312.0574       3499.6169       3876.7025      
1.9225          3172.0674       3182.9873       3163.4662       2980.2134       3236.7723       3310.5827       3498.7141       3874.7659      
1.92375         3171.2917       3182.1053       3162.3105       2979.5028       3236.3256       3309.4015       3497.7701       3872.512       
1.9251042       3169.8742       3180.4669       3160.0606       2979.4413       3235.4172       3308.5092       3497.366        3871.3158      
1.9264583       3169.5017       3180.0468       3159.1436       2979.2633       3235.0771       3307.8944       3496.1298       3868.346       
1.9278125       3168.4004       3178.8446       3157.4595       2978.0236       3234.1387       3306.9752       3494.8682       3865.7544      
1.9291667       3167.7791       3178.1543       3156.3872       2977.4613       3233.6251       3306.3721       3493.7633       3863.2183      
1.9305208       3166.6094       3176.8831       3154.6492       2976.2396       3232.6942       3305.5493       3492.6028       3860.9522      
1.931875        3165.6238       3175.8711       3153.3336       2975.5957       3232.4747       3305.3544       3491.9225       3858.9006      
1.9335          3163.6182       3173.5035       3150.407        2976.5864       3231.2557       3305.5619       3492.3366       3859.0192      
1.935125        3163.4238       3173.2138       3149.591        2976.5849       3230.524        3304.636        3490.609        3855.2675      
1.93675         3161.9898       3171.6305       3147.6607       2975.5062       3229.6427       3303.6613       3489.3027       3852.7105      
1.938375        3161.6113       3171.1996       3146.6688       2975.3038       3229.0055       3302.9934       3488.0951       3850.2167      
1.94            3160.461        3170.0311       3145.0958       2974.5036       3228.1567       3302.3488       3486.9251       3848.1094      
1.9418182       3159.2203       3168.5678       3143.0945       2974.9399       3227.2183       3302.7529       3486.6001       3847.33        
1.9436364       3158.4691       3167.7104       3141.6559       2974.3664       3226.1414       3302.5604       3484.8135       3843.8487      
1.9454545       3156.8276       3166.0236       3139.5271       2973.1507       3225.021        3302.5499       3483.3798       3840.7993      
1.9472727       3156.0375       3165.1383       3138.0539       2972.3792       3223.5924       3302.2778       3481.7144       3837.6932      
1.9490909       3154.7407       3163.7223       3136.0964       2971.2786       3221.8219       3301.7717       3480.2473       3834.929       
1.9509091       3153.9114       3162.7915       3134.6971       2970.618        3220.3057       3301.1257       3478.8984       3832.0852      
1.9524242       3153.5398       3162.7691       3134.3431       2968.0713       3220.0174       3299.7337       3476.6919       3827.6288      
1.9539394       3151.9039       3161.0861       3132.2711       2966.2626       3219.504        3299.4219       3476.2653       3826.4423      
1.9554545       3150.7615       3159.8425       3130.6264       2965.2896       3219.0367       3299.2674       3475.8735       3825.0451      
1.9569697       3149.9462       3158.9015       3129.2813       2964.3906       3218.533        3298.7188       3474.9585       3822.9895      
1.9584848       3149.2375       3158.0283       3127.8807       2963.4991       3218.0191       3298.1781       3474.1434       3820.9777      
1.96            3148.3705       3157.0618       3126.4102       2962.651        3217.602        3297.7848       3473.4725       3819.0696      
1.9613333       3147.5004       3156.3443       3125.3706       2959.834        3217.2402       3296.6608       3471.8671       3815.9258      
1.9626667       3146.0337       3154.8119       3123.5034       2958.363        3216.9453       3296.5576       3471.6021       3814.9837      
1.964           3145.1068       3153.8106       3122.2324       2957.8493       3216.9107       3296.6659       3471.4273       3813.8993      
1.9653333       3144.2369       3152.8303       3120.866        2956.9935       3216.5345       3296.2072       3470.6624       3812.1734      
1.9666667       3143.0767       3151.577        3119.2485       2955.9392       3215.9045       3295.662        3469.922        3810.4367      
1.968           3141.9954       3150.4016       3117.6982       2955.0088       3215.3534       3294.9199       3469.2693       3808.4449      
1.9693333       3140.6358       3149.0209       3116.0675       2954.0828       3215.1334       3294.3628       3468.959        3806.6715      
1.9706667       3139.887        3148.2084       3114.9095       2953.5487       3215.2764       3293.8088       3468.5893       3804.693       
1.972           3138.7118       3146.9959       3113.4076       2952.8299       3215.2738       3293.2017       3468.031        3802.8302      
1.9733333       3137.4533       3145.7074       3111.8299       2952.0314       3215.1537       3292.5056       3467.355        3801.2268      
1.9746667       3136.502        3144.689        3110.5822       2951.1245       3214.7356       3291.5951       3466.496        3799.5272      
1.976           3135.4909       3143.5901       3109.184        2950.232        3214.1694       3290.7051       3465.6417       3797.8148      
1.9773333       3134.8697       3142.8206       3108.0626       2949.6824       3213.7003       3290.0063       3464.8672       3796.1133      
1.9786667       3133.6464       3141.5843       3106.5416       2948.8181       3212.9359       3289.3676       3464.0006       3794.4495      
1.98            3133.0585       3140.9432       3105.6231       2948.4588       3212.5524       3289.0836       3463.3723       3792.8922      
1.9813333       3132.2665       3140.0984       3104.5028       2947.956        3212.1068       3288.7096       3462.7091       3791.4849      
1.9826667       3131.7873       3139.6057       3103.5147       2947.5456       3211.6992       3288.4127       3462.0581       3789.9016      
1.984           3130.8806       3138.6303       3102.1853       2946.7559       3210.9164       3287.6485       3460.9615       3788.0128      
1.9853333       3129.8556       3137.5859       3100.902        2946.0893       3210.5159       3287.4486       3460.4262       3786.5103      
1.9866667       3129.0021       3136.6862       3099.6995       2945.3711       3209.9051       3286.9615       3459.6431       3784.9218      
1.988           3128.2784       3135.9496       3098.7801       2945.3416       3209.5696       3286.7487       3459.0852       3783.5293      
1.9893333       3127.4726       3135.1361       3097.7464       2945.1435       3209.0335       3286.2984       3458.2803       3781.8825      
1.9906667       3126.5336       3134.2104       3096.6386       2944.792        3208.6116       3286.0019       3457.6481       3780.4248      
1.992           3125.9472       3133.7015       3095.9794       2944.8121       3208.4493       3285.9013       3457.1458       3779.0102      
1.9933333       3125.4369       3132.9725       3094.9232       2944.3768       3207.7658       3285.2416       3456.1352       3777.242       
1.9946667       3124.5072       3131.9452       3093.6107       2943.7321       3207.1238       3284.8225       3455.2808       3775.592       
1.996           3123.4697       3130.8861       3092.3068       2943.108        3206.4975       3284.7402       3454.4226       3773.9246      
1.9973333       3122.5514       3129.9418       3091.0183       2942.422        3205.8042       3284.6734       3453.5896       3772.2814      
1.9986667       3121.5154       3128.878        3089.6785       2942.0206       3204.9945       3284.445        3452.5903       3770.4662      
2               3120.4957       3127.8453       3088.3559       2941.2146       3204.1281       3284.0775       3451.7538       3768.884       
2.0014286       3119.6476       3126.8524       3087.0401       2941.8709       3203.1667       3283.8986       3451.2947       3767.8547      
2.0028571       3118.6969       3125.8837       3085.8458       2941.599        3202.0769       3283.2634       3450.3916       3766.1035      
2.0042857       3117.4729       3124.6144       3084.4288       2940.8266       3201.3831       3282.8031       3449.5543       3764.2958      
2.0057143       3116.4714       3123.6738       3083.0891       2940.1451       3200.6874       3282.1897       3448.5939       3762.4294      
2.0071429       3115.4933       3122.6835       3081.7812       2939.4876       3200.002        3281.5762       3447.6473       3760.6461      
2.0085714       3114.3527       3121.5389       3080.319        2938.6968       3199.2636       3280.9714       3446.7288       3758.9375      
2.01            3113.2383       3120.3914       3079.0081       2938.0367       3198.7979       3280.5111       3445.8181       3757.1744      
2.0114286       3112.3392       3119.4791       3077.8641       2937.5034       3198.3636       3280.0139       3444.8523       3755.3643      
2.0128571       3111.2836       3118.3831       3076.4368       2936.5662       3197.4029       3279.2489       3443.8418       3753.6261      
2.0142857       3110.52         3117.5821       3075.3212       2935.9924       3196.8639       3278.7306       3442.937        3751.9141      
2.0157143       3109.4393       3116.468        3073.9084       2935.1478       3196.0644       3278.0179       3441.9059       3750.1573      
2.0171429       3108.6859       3115.6928       3072.8589       2934.6815       3195.6949       3277.6909       3441.1603       3748.6437      
2.0185714       3107.4885       3114.4766       3071.3809       2933.8217       3194.9573       3277.0579       3440.1781       3747.038       
2.02            3106.6836       3113.6526       3070.2941       2933.3346       3194.6033       3276.8222       3439.5487       3745.6487      
2.0214286       3105.668        3112.6273       3069.0242       2932.6916       3194.0277       3276.24         3438.5575       3744.0003      
2.0228571       3105.1431       3112.0754       3068.1967       2932.4329       3193.8652       3276.1242       3438.0068       3742.6175      
2.0242857       3103.881        3110.8022       3066.6815       2931.5535       3193.3743       3275.4607       3437.0622       3741.0784      
2.0257143       3103.033        3109.9537       3065.6204       2931.1255       3193.5311       3275.2664       3436.48         3739.5213      
2.0271429       3101.8078       3108.7026       3064.0907       2930.1557       3193.0524       3274.3812       3435.2358       3737.4777      
2.0285714       3100.759        3107.6689       3062.9151       2929.6849       3192.6874       3274.0632       3434.5429       3735.9141      
2.03            3099.7435       3106.6411       3061.6831       2929.0893       3191.9395       3273.3497       3433.4145       3734.0719      
2.0314286       3098.5052       3105.3971       3060.2256       2928.2855       3191.2899       3272.7892       3432.4994       3732.4158      
2.0328571       3097.3253       3104.2092       3058.8172       2927.5316       3190.7171       3272.2344       3431.6013       3730.828       
2.0342857       3096.4304       3103.3275       3057.7763       2927.1811       3190.2986       3271.8559       3430.8382       3729.2977      
2.0357143       3095.5408       3102.3928       3056.5737       2926.5715       3189.7641       3271.2871       3429.8645       3727.5724      
2.0371429       3094.4691       3101.2989       3055.2392       2925.8403       3189.2828       3270.796        3428.943        3725.9902      
2.0385714       3093.4075       3100.2003       3054.0859       2925.3238       3188.8576       3270.2662       3427.9699       3724.3388      
2.04            3092.3781       3099.3064       3052.8012       2924.6226       3188.3408       3269.8249       3427.1623       3722.87        
2.0415385       3091.2587       3097.9345       3051.273        2925.3891       3187.8465       3269.3853       3426.3422       3721.7378      
2.0432168       3090.1889       3096.7198       3049.8567       2926.233        3186.9969       3268.7998       3425.429        3720.3759      
2.0448951       3089.0599       3095.6333       3048.54         2925.6826       3186.2512       3267.8888       3424.0476       3718.1357      
2.0465734       3087.7427       3094.3702       3047.0819       2924.9874       3185.5742       3267.108        3422.9116       3716.0839      
2.0482517       3086.4964       3093.1419       3045.6982       2924.4938       3185.0275       3266.4469       3421.8812       3714.1224      
2.0499301       3085.3188       3091.9538       3044.3617       2923.9918       3184.4537       3265.6987       3420.7465       3712.0401      
2.0516084       3084.0196       3090.6859       3042.8956       2923.3911       3183.9665       3264.9601       3419.5309       3710.0701      
2.0532867       3082.6956       3089.3566       3041.3084       2922.6162       3183.2895       3264.1226       3418.2048       3708.0269      
2.054965        3081.0362       3087.6125       3039.3045       2921.3088       3182.0757       3262.5587       3416.4049       3705.6039      
2.0566434       3079.2902       3085.8312       3037.2936       2919.9587       3180.9197       3261.0714       3414.7605       3703.32        
2.0583217       3077.7974       3084.2771       3035.5219       2918.8707       3180.0377       3259.8107       3413.2676       3701.1518      
2.06            3076.1112       3082.596        3033.6491       2917.7316       3179.2814       3258.6519       3411.74         3698.933       
2.0616667       3074.7235       3081.1535       3031.8534       2916.7301       3178.7087       3257.7386       3410.3277       3696.7132      
2.0633333       3073.0771       3079.4844       3030.0059       2915.6723       3177.8154       3256.5615       3408.7434       3694.4929      
2.0648485       3071.8292       3078.3555       3028.686        2913.3331       3177.3312       3255.6155       3407.3865       3692.0517      
2.0663636       3070.4392       3076.9291       3027.0889       2912.2054       3176.8305       3254.8829       3406.3175       3690.3862      
2.0678788       3069.2346       3075.681        3025.7522       2911.5455       3176.2091       3254.1205       3405.2945       3688.7629      
2.0693939       3068.0637       3074.4128       3024.3721       2910.847        3175.7126       3253.4469       3404.3308       3687.0306      
2.0709091       3066.8175       3073.3064       3023.0629       2910.1626       3175.1833       3252.6483       3403.2909       3685.2063      
2.0724242       3065.4633       3071.9487       3021.4113       2908.9675       3174.4574       3251.9642       3402.4979       3683.5547      
2.0739394       3064.2177       3070.6733       3019.937        2907.9843       3173.4556       3250.8679       3401.4137       3681.5947      
2.0754545       3063.1797       3069.5906       3018.71         2907.5203       3173.1308       3250.3748       3400.7682       3679.857       
2.0769697       3062.0669       3068.4712       3017.4571       2906.9663       3172.548        3249.6028       3399.7817       3677.9509      
2.0784848       3061.2555       3067.748        3016.5728       2906.8228       3172.5767       3249.6936       3399.4785       3676.5443      
2.08            3060.3984       3066.9003       3015.636        2906.5384       3172.2958       3249.4097       3398.7737       3674.8665      
2.0816667       3059.3163       3065.619        3014.3371       2907.6669       3171.874        3249.1521       3398.2863       3673.6248      
2.0833333       3057.8828       3064.1639       3012.8207       2907.1815       3171.016        3248.1092       3397.0802       3671.2155      
2.085           3057.0875       3063.3311       3011.7685       2906.8295       3170.7967       3247.6564       3396.3183       3669.1217      
2.0866667       3055.2311       3061.4983       3009.906        2905.8246       3169.9662       3246.8067       3395.3928       3667.1903      
2.0883333       3054.6275       3060.8616       3009.0517       2905.514        3169.5718       3246.1743       3394.4487       3665.0155      
2.09            3052.8852       3059.1486       3007.3002       2904.5389       3168.6884       3245.3637       3393.5129       3663.0368      
2.0916667       3052.3967       3058.6232       3006.5754       2904.2849       3168.033        3244.6263       3392.5235       3660.9848      
2.0933333       3050.906        3057.1744       3005.1054       2903.6563       3167.2917       3243.9077       3391.6393       3659.0838      
2.095           3050.1109       3056.3374       3004.0501       2903.0715       3166.2795       3242.9436       3390.4834       3656.8248      
2.0966667       3048.1427       3054.4093       3002.0581       2901.8401       3165.1196       3241.8155       3389.3042       3654.6655      
2.0983333       3047.3678       3053.5957       3001.0356       2901.256        3164.3777       3240.8167       3388.1164       3652.4729      
2.1             3045.491        3051.728        2999.1114       2900.1485       3163.4763       3239.8931       3386.9522       3650.186       
2.1016667       3044.4994       3050.7177       2997.9173       2899.4259       3162.483        3238.8624       3385.655        3647.8533      
2.1033333       3042.6348       3048.9229       2996.0437       2898.3761       3161.5853       3238.029        3384.4384       3645.4079      
2.105           3041.6792       3047.8698       2994.8228       2897.607        3160.8749       3237.0852       3383.1605       3643.0291      
2.1066667       3039.7938       3045.8005       2992.7523       2896.3545       3160.144        3236.2049       3381.9518       3640.6571      
2.1083333       3038.9517       3044.8942       2991.6224       2895.6466       3159.6436       3235.3234       3380.637        3638.2709      
2.11            3036.4035       3042.3957       2989.1231       2894.0915       3158.8504       3234.3342       3379.2255       3635.6674      
2.1116667       3035.7344       3041.6708       2988.1283       2893.383        3157.958        3233.4659       3377.9918       3633.372       
2.1133333       3033.2812       3039.2303       2985.6728       2891.9109       3156.9006       3232.5592       3376.7646       3630.9334      
2.115           3032.8321       3038.7666       2985.1198       2891.825        3156.1341       3231.6356       3375.471        3628.4783      
2.1166667       3030.6197       3036.6092       2983.0696       2890.7495       3155.0784       3230.6023       3374.0226       3625.7164      
2.1183333       3029.9031       3035.8414       2982.1175       2890.2178       3154.1692       3229.639        3372.6714       3623.256       
2.12            3027.6534       3033.6044       2979.9257       2888.9633       3153.1251       3228.6774       3371.1571       3620.4699      
2.1216667       3027.2762       3033.2308       2979.4945       2888.807        3152.4743       3227.9034       3369.7397       3617.9035      
2.1233333       3025.6317       3031.6202       2977.8303       2887.5766       3151.3837       3226.9907       3368.2793       3615.3149      
2.125           3025.0885       3031.036        2977.1261       2887.2947       3150.6495       3226.1906       3366.8641       3612.6395      
2.1266667       3022.724        3028.7178       2974.8662       2885.769        3149.1422       3224.8665       3365.0407       3609.3648      
2.1283333       3022.0372       3027.9717       2973.9179       2885.1713       3148.1373       3223.8853       3363.5606       3606.3357      
2.13            3019.9122       3025.8517       2971.8337       2883.8646       3146.7778       3222.6538       3361.8955       3603.0676      
2.1316667       3019.2283       3025.105        2970.9179       2883.3142       3145.8121       3221.7034       3360.536        3600.1656      
2.1333333       3017.2696       3023.14         2969.0051       2882.1984       3144.6397       3220.6278       3359.0838       3597.0764      
2.135           3016.5403       3022.3324       2967.9937       2881.4897       3143.5271       3219.4921       3357.6351       3594.0792      
2.1366667       3014.3563       3020.4612       2965.9388       2879.886        3142.0881       3218.1855       3356.0691       3590.7991      
2.1383333       3013.7391       3019.6556       2965.2543       2879.6741       3141.2958       3217.2328       3354.9206       3587.9555      
2.14            3011.484        3017.4456       2963.0943       2878.2675       3139.9541       3215.9494       3353.3958       3584.5857      
2.1416667       3010.5447       3016.5059       2961.9675       2877.3454       3138.9547       3215.0289       3352.2884       3581.7907      
2.1433333       3008.5055       3014.3942       2959.8981       2876.1388       3137.9034       3213.8965       3350.7131       3578.5009      
2.1451852       3007.8989       3013.63         2959.1368       2877.3113       3136.9946       3213.0445       3349.4739       3576.1135      
2.147037        3005.9973       3011.8218       2957.3819       2876.5527       3135.7559       3211.66         3347.5618       3572.0437      
2.1488889       3004.882        3010.7423       2956.1606       2875.834        3134.717        3210.5765       3346.0021       3568.5285      
2.1507407       3002.9046       3008.7482       2954.1371       2874.5343       3133.3223       3209.2375       3344.2181       3564.811       
2.1525926       3001.9802       3007.7681       2953.02         2873.8939       3132.2779       3208.074        3342.6009       3561.3052      
2.1544444       3000.138        3005.9243       2951.1524       2872.6817       3130.948        3206.6222       3340.8044       3557.5988      
2.1562963       2998.9914       3004.75         2949.897        2871.964        3129.9703       3205.3657       3339.1943       3554.0378      
2.1581481       2997.3299       3003.0862       2948.2551       2870.9863       3128.846        3203.9714       3337.4893       3550.3372      
2.16            2995.9009       3001.6488       2946.8207       2870.1667       3127.8236       3202.6459       3335.5875       3546.6424      
2.1618182       2994.2558       3000.0138       2945.1498       2868.8311       3126.8858       3201.5577       3333.7931       3542.965       
2.1636364       2992.777        2998.5251       2943.6379       2867.9319       3126.1933       3200.83         3332.2668       3539.7863      
2.1654545       2990.9801       2996.742        2941.8683       2866.8413       3125.2138       3199.8741       3330.5747       3536.2804      
2.1672727       2989.1732       2995.0142       2940.1243       2865.7271       3124.1365       3198.9265       3328.8187       3532.6624      
2.1690909       2987.6229       2993.2937       2938.4665       2864.6917       3123.122        3198.1213       3327.1157       3529.0161      
2.1709091       2986.0444       2991.6751       2936.8649       2863.7295       3122.1655       3197.5604       3325.4338       3525.172       
2.1727273       2984.4549       2990.0973       2935.2959       2862.7595       3121.1182       3196.9145       3323.7057       3521.2875      
2.1745455       2983.0602       2988.7085       2933.9097       2861.9992       3120.2223       3196.314        3321.9795       3517.364       
2.1763636       2981.5773       2987.2403       2932.4136       2861.0375       3119.0639       3195.275        3320.0688       3513.3311      
2.1781818       2980.0859       2985.7787       2930.9552       2860.1754       3118.0772       3194.2823       3318.1883       3509.2495      
2.18            2978.7055       2984.3665       2929.6262       2859.4749       3117.2409       3193.3759       3316.3328       3505.1589      
2.1818182       2977.4704       2983.0436       2928.3443       2858.7738       3116.4536       3192.5177       3314.5731       3501.1946      
2.1836364       2976.468        2981.8404       2927.1075       2858.1541       3115.749        3191.7568       3312.8174       3497.1324      
2.1854545       2975.1671       2980.5135       2925.8002       2857.4422       3114.8818       3190.8597       3310.9663       3493.003       
2.1872727       2973.8816       2979.2413       2924.6019       2856.8782       3114.0821       3190.0725       3309.1821       3488.8802      
2.1890909       2972.0214       2977.37         2922.7625       2855.6578       3112.8311       3189.0726       3307.2011       3484.577       
2.1909091       2970.1583       2975.4975       2920.9441       2854.487        3111.4785       3187.8916       3305.1122       3480.1748      
2.1927273       2968.5059       2973.8375       2919.3371       2853.4754       3110.1672       3186.6416       3303.0729       3475.8613      
2.1945455       2966.8916       2972.2068       2917.7502       2852.4598       3108.7691       3185.2418       3300.8996       3471.4466      
2.1963636       2965.456        2970.7523       2916.344        2851.6113       3107.5969       3184.1172       3298.9091       3467.2284      
2.1981818       2964.0926       2969.3195       2914.9939       2850.8261       3106.668        3183.1648       3296.9679       3462.8803      
2.2             2962.6692       2967.9322       2913.623        2850.0326       3105.9028       3182.3055       3295.2871       3458.5911      
2.2018182       2961.1123       2966.368        2912.124        2849.1484       3105.1933       3181.3427       3293.491        3454.1692      
2.2036364       2959.5991       2964.8365       2910.6642       2848.2769       3104.6223       3180.317        3291.6046       3449.6972      
2.2054545       2958.0933       2963.3156       2909.2327       2847.4515       3104.1958       3179.2456       3289.4754       3445.1454      
2.2072727       2956.3757       2961.5753       2907.5746       2846.3857       3103.5499       3178.029        3287.202        3440.5         
2.2090909       2954.447        2959.619        2905.6907       2845.068        3102.6071       3176.7268       3284.8725       3435.8241      
2.2109091       2952.6936       2957.8501       2904.0186       2843.993        3101.6124       3175.5069       3282.5527       3431.116       
2.2127273       2950.9227       2956.0453       2902.2265       2842.7913       3100.4877       3174.2468       3280.3113       3426.6324      
2.2145455       2949.1006       2954.1987       2900.4478       2841.5934       3099.4016       3172.9923       3278.0169       3422.1198      
2.2163636       2947.2561       2952.3303       2898.6708       2840.3862       3098.274        3171.6761       3275.6993       3417.6618      
2.2181818       2945.5149       2950.544        2896.8891       2839.1702       3097.1437       3170.3014       3273.2882       3413.0483      
2.22            2943.6853       2948.6672       2895.0541       2837.9048       3096.035        3169.0107       3270.9973       3408.4582      
2.222           2941.9119       2946.7593       2893.364        2838.0017       3094.6546       3167.5957       3268.5973       3404.1372      
2.224           2940.1061       2944.9829       2891.7438       2837.0567       3093.2573       3166.0721       3266.0901       3398.9778      
2.226           2938.2674       2943.1217       2889.9178       2835.7954       3091.7559       3164.4426       3263.3807       3393.6618      
2.228           2936.2795       2941.1236       2888.0253       2834.5267       3090.2735       3162.8723       3260.7023       3388.3873      
2.23            2934.3907       2939.2057       2886.173        2833.1929       3088.6642       3161.1766       3257.8064       3383.0277      
2.232           2932.6616       2937.4536       2884.5202       2832.0988       3087.5893       3160.0443       3255.2399       3377.945       
2.234           2930.6718       2935.4349       2882.5936       2830.696        3086.1243       3158.4555       3252.218        3372.5036      
2.236           2928.7866       2933.5316       2880.8147       2829.4817       3084.9692       3157.0829       3249.4279       3367.2802      
2.238           2927.0771       2931.8092       2879.2211       2828.4493       3083.9366       3155.652        3246.627        3362.0369      
2.24            2925.0848       2929.7843       2877.331        2827.1419       3082.6479       3153.9425       3243.4966       3356.4212      
2.242           2923.1964       2927.8499       2875.5269       2825.9051       3081.4001       3152.28         3240.4247       3350.8743      
2.244           2921.1379       2925.7692       2873.5886       2824.5948       3080.1853       3150.6694       3237.5073       3345.2237      
2.246           2919.3          2923.8881       2871.8471       2823.4091       3078.9435       3149.0082       3234.7827       3339.5519      
2.248           2917.4863       2922.052        2870.1689       2822.3147       3077.7279       3147.2498       3232.2539       3333.7573      
2.25            2915.8254       2920.4043       2868.7041       2821.452        3076.7228       3145.6953       3229.923        3328.063       
2.252           2913.9772       2918.5468       2866.9979       2820.2955       3075.3777       3143.8458       3227.2631       3322.2046      
2.254           2911.8864       2916.4378       2865.0483       2818.9388       3073.9289       3141.9434       3224.2456       3316.3254      
2.256           2910.0623       2914.6206       2863.4188       2817.8637       3072.6344       3140.1926       3221.3146       3310.55        
2.258           2908.0975       2912.6612       2861.6739       2816.7297       3071.3821       3138.4797       3218.376        3304.7752      
2.26            2905.9195       2910.4672       2859.7478       2815.5693       3070.2602       3136.8394       3215.4691       3298.9536      
2.2618182       2904.0671       2908.7004       2858.0965       2813.3759       3069.7229       3135.5265       3212.9466       3293.1566      
2.2636364       2902.1336       2906.7097       2856.2797       2812.0187       3068.8639       3133.8653       3210.0602       3287.4964      
2.2654545       2900.6293       2905.1951       2854.962        2811.1327       3067.92         3132.2943       3207.4355       3282.6335      
2.2672727       2899.2021       2903.7584       2853.6591       2810.219        3066.8906       3130.8011       3204.9044       3277.7103      
2.2690909       2897.2562       2901.7767       2851.8199       2808.8533       3065.4425       3128.9586       3202.0894       3272.4725      
2.2709091       2895.2818       2899.7589       2849.9096       2807.3528       3063.6427       3126.762        3199.0466       3267.0546      
2.2727273       2893.4226       2897.8806       2848.1714       2806.116        3062.1862       3124.7788       3196.1227       3261.6419      
2.2745455       2891.5976       2896.0208       2846.4238       2804.8422       3060.6622       3122.7486       3193.2554       3256.2734      
2.2763636       2889.8768       2894.2656       2844.7599       2803.6192       3059.203        3120.6862       3190.5062       3251.0326      
2.2781818       2888.1456       2892.5388       2843.2488       2802.4553       3057.5931       3118.358        3187.6039       3245.6642      
2.28            2886.3113       2890.7705       2841.648        2801.2449       3055.9354       3115.9937       3184.543        3240.024       
2.2818182       2884.5835       2888.9092       2839.9686       2800.025        3054.4226       3114.0858       3181.624        3234.6604      
2.2836364       2882.7547       2887.0211       2838.2682       2798.845        3052.9767       3112.56         3178.6836       3229.2449      
2.2854545       2880.878        2885.1672       2836.6051       2797.7056       3051.6467       3111.5766       3175.8374       3223.775       
2.2872727       2879.0948       2883.3623       2834.9605       2796.4794       3050.168        3110.4206       3172.9177       3218.4301      
2.2890909       2877.4147       2881.551        2833.3117       2795.2468       3048.5866       3109.0031       3169.8966       3212.975       
2.2909091       2875.9043       2880.0153       2831.9527       2794.3419       3047.4473       3107.6204       3167.0927       3207.5653      
2.2927273       2874.4474       2878.5698       2830.7128       2793.5847       3046.3507       3106.1396       3164.2912       3202.1151      
2.2945455       2872.8284       2876.9564       2829.2953       2792.6427       3045.1456       3104.6162       3161.4382       3196.5386      
2.2963636       2871.2789       2875.4058       2827.9316       2791.7278       3043.9029       3103.0798       3158.5702       3191.1866      
2.2981818       2869.77         2873.9032       2826.634        2790.8977       3042.7219       3101.5397       3155.6562       3186.0869      
2.3             2868.1159       2872.2631       2825.2047       2789.9346       3041.4438       3099.9064       3152.683        3180.6621      
2.3018182       2866.4867       2870.6485       2823.7872       2788.9643       3040.1581       3098.2678       3149.7104       3175.1678      
2.3036364       2864.5502       2868.7553       2822.0714       2787.6471       3038.5021       3096.3279       3146.5635       3169.5589      
2.3054545       2862.8836       2866.9518       2820.3841       2786.3126       3036.7715       3094.373        3143.4588       3163.9601      
2.3072727       2861.215        2865.1326       2818.6998       2785.0246       3035.0986       3092.4681       3140.3711       3158.3454      
2.3090909       2859.4482       2863.3073       2816.9962       2783.6816       3033.3557       3090.5606       3137.3484       3152.7259      
2.3109091       2857.8128       2861.6536       2815.4921       2782.5602       3031.5503       3088.766        3134.3934       3147.0508      
2.3127273       2856.0096       2859.843        2813.8759       2781.3391       3029.4833       3086.9062       3131.3791       3141.5582      
2.3145455       2854.3203       2858.1353       2812.3435       2780.1787       3027.7313       3085.1457       3128.4587       3136.0839      
2.3163636       2852.5205       2856.3151       2810.6957       2778.9025       3026.2227       3083.1349       3125.3099       3130.3107      
2.3181818       2850.7921       2854.5606       2809.1095       2777.6773       3024.7316       3081.1943       3122.2459       3124.5983      
2.32            2849.0786       2852.8198       2807.5388       2776.4798       3023.4698       3079.3652       3119.3144       3119.7456      
2.3218182       2847.3797       2851.1017       2806.0154       2775.3442       3022.5139       3077.4468       3116.2603       3114.2045      
2.3236364       2845.9352       2849.6453       2804.7749       2774.541        3021.95         3075.8637       3113.3568       3108.9316      
2.3254545       2844.0439       2847.728        2803.0454       2773.2199       3021.0726       3073.9574       3110.2174       3103.5613      
2.3272727       2842.391        2846.0479       2801.5442       2772.0883       3020.1338       3072.1377       3107.1036       3098.2338      
2.3290909       2840.6738       2844.3056       2799.9947       2770.9469       3018.8324       3070.2927       3103.952        3092.9091      
2.3309091       2839.1141       2842.7216       2798.5989       2769.9198       3017.5659       3068.4998       3100.8335       3087.6608      
2.3327273       2837.4314       2841.0217       2797.1135       2768.8659       3016.2706       3066.5815       3097.5047       3082.2576      
2.3345455       2836.0654       2839.6424       2795.9536       2768.1246       3015.3977       3065.0409       3094.5015       3077.0741      
2.3363636       2834.2325       2837.7779       2794.2706       2766.8159       3013.9114       3062.9608       3091.1663       3071.6729      
2.3381818       2833.1451       2836.6784       2793.3975       2766.359        3013.1312       3061.3356       3088.141        3066.5084      
2.34            2831.0664       2834.5663       2791.459        2764.7726       3011.4279       3059.1065       3084.8991       3061.2138      
2.3418182       2829.2643       2832.7238       2789.7786       2763.4399       3009.9424       3056.9812       3081.7469       3056.0215      
2.3436364       2827.3945       2830.8115       2788.0268       2761.9947       3008.2269       3054.6409       3078.4527       3050.7714      
2.3454545       2825.591        2828.9753       2786.3613       2760.6417       3006.5972       3052.4217       3075.2677       3045.5867      
2.3472727       2824.0957       2827.4473       2785.0129       2759.5942       3005.1632       3050.4501       3072.1223       3040.476       
2.3490909       2822.2577       2825.5792       2783.3253       2758.2388       3003.5689       3048.5184       3068.8803       3035.2506      
2.3509091       2820.8488       2824.1399       2782.0503       2757.2076       3002.1506       3046.892        3065.8494       3030.2545      
2.3527273       2819.1602       2822.4346       2780.5476       2756.031        3000.642        3045.2958       3062.5798       3025.0085      
2.3545455       2817.8805       2821.08         2779.3171       2755.1068       2999.3872       3043.8747       3059.6038       3020.0852      
2.3563636       2816.1411       2819.31         2777.7393       2753.872        2997.7782       3041.9248       3056.1227       3014.6879      
2.3581818       2814.9139       2818.066        2776.6792       2753.0916       2996.6046       3040.1135       3052.9671       3009.6864      
2.36            2813.0378       2816.1915       2775.0091       2751.7978       2995.0485       3037.8707       3049.4945       3004.5135      
2.3618182       2811.4057       2814.4946       2773.5426       2750.7191       2993.8282       3035.9708       3046.3086       2999.4592      
2.3636364       2809.8181       2812.8774       2772.1778       2749.6713       2992.5204       3033.9496       3043.0626       2993.9293      
2.3654545       2808.2704       2811.2931       2770.7588       2748.5074       2990.9891       3031.7917       3039.8624       2988.7516      
2.3672727       2806.6345       2809.6045       2769.2085       2747.2044       2989.267        3029.4187       3036.5806       2983.8257      
2.3690909       2805.0361       2807.9729       2767.7709       2746.0794       2987.9304       3027.4797       3033.6154       2978.5844      
2.3709091       2803.43         2806.3517       2766.3483       2744.9869       2986.6121       3025.5654       3030.6707       2973.8116      
2.3727273       2801.8135       2804.7165       2764.8981       2743.8224       2985.1067       3023.4994       3027.5463       2968.8935      
2.3745455       2800.1291       2802.9989       2763.3685       2742.5815       2983.4555       3021.2894       3024.3013       2963.911       
2.3763636       2798.3139       2801.1398       2761.6913       2741.2191       2981.7008       3019.0509       3021.1744       2959.1278      
2.3781818       2796.7873       2799.5837       2760.342        2740.1882       2980.1641       3016.9012       3018.1499       2954.3011      
2.38            2795.5341       2798.3215       2759.3219       2739.5332       2978.9303       3014.8953       3015.1363       2949.4223      
2.3818182       2793.8155       2796.5963       2757.8055       2738.3338       2977.2963       3012.7156       3012.0821       2944.2604      
2.3836364       2792.2381       2794.9773       2756.3686       2737.1922       2975.7706       3010.6196       3009.0486       2939.6251      
2.3854545       2790.6684       2793.3628       2754.9367       2736.0309       2974.3413       3008.5394       3006.0444       2934.964       
2.3872727       2789.1257       2791.7869       2753.5539       2734.9443       2973.2529       3006.6213       3003.1582       2930.3339      
2.3890909       2787.5153       2790.1337       2752.0763       2733.7191       2972.1468       3004.4137       3000.0283       2925.6317      
2.3909091       2786.0288       2788.6235       2750.7771       2732.7143       2971.3767       3002.3332       2996.9832       2920.965       
2.3927273       2784.7058       2787.2743       2749.6297       2731.8172       2970.5216       3000.208        2993.9429       2916.349       
2.3945455       2783.4145       2785.9778       2748.5949       2731.2157       2969.9472       2998.2911       2991.0367       2911.7671      
2.3963636       2781.9044       2784.4612       2747.3015       2730.2127       2968.5766       2996.0556       2987.9439       2907.1397      
2.3981818       2780.493        2783.0028       2746.077        2729.3312       2967.4163       2994.0791       2985.0458       2902.5318      
2.4             2778.9216       2781.3948       2744.6742       2728.1981       2965.8561       2991.734        2981.852        2897.715       
2.402           2777.3195       2779.7249       2743.3478       2728.3788       2964.1972       2989.4034       2978.5589       2893.5325      
2.404           2775.9416       2778.3307       2742.2122       2727.6869       2962.4755       2987.0955       2975.3079       2888.058       
2.406           2774.4598       2776.8356       2740.9257       2726.7426       2960.7538       2984.5855       2971.7587       2882.3194      
2.408           2772.7066       2775.0318       2739.2815       2725.3419       2958.7549       2981.9535       2968.3298       2877.3445      
2.41            2770.768        2773.0426       2737.4524       2723.8526       2956.6453       2979.1719       2964.7969       2872.2131      
2.412           2768.9889       2771.221        2735.8128       2722.397        2954.4836       2976.3204       2961.3312       2867.2861      
2.414           2767.2748       2769.4682       2734.2551       2721.0561       2952.4754       2973.619        2958.0328       2862.6153      
2.416           2765.8161       2767.9725       2732.9708       2720.0358       2950.72         2971.0658       2954.7864       2857.9081      
2.418           2764.5412       2766.6825       2731.9346       2719.2562       2949.0331       2968.5814       2951.5507       2853.1641      
2.42            2762.8092       2764.9311       2730.4268       2718.0037       2946.9871       2966.0352       2948.2982       2848.3199      
2.422           2761.2083       2763.3075       2729.0463       2716.9094       2944.9806       2963.5042       2945.157        2844.0541      
2.424           2759.702        2761.7783       2727.7513       2715.8258       2942.9389       2960.9516       2941.99         2839.6857      
2.426           2758.7703       2760.8475       2727.1129       2715.5205       2941.6999       2958.8677       2939.1432       2835.6777      
2.428           2757.4854       2759.5384       2726.0391       2714.708        2940.1038       2956.6652       2936.2502       2831.6023      
2.43            2756.3149       2758.3313       2725.034        2713.9552       2938.4427       2954.3413       2933.1827       2827.2926      
2.432           2754.8628       2756.8712       2723.8533       2712.9897       2936.6567       2951.9883       2930.0747       2822.9737      
2.434           2753.5883       2755.5895       2722.8368       2712.202        2935.0916       2949.8482       2927.1394       2818.738       
2.436           2752.1042       2754.1224       2721.6825       2711.3637       2933.5194       2947.7403       2924.2963       2814.6638      
2.438           2750.4786       2752.5151       2720.3965       2710.3644       2931.7213       2945.4563       2921.3185       2810.4519      
2.44            2748.8187       2750.8293       2718.9457       2709.1474       2929.7871       2943.1154       2918.3249       2806.1851      
2.4422222       2747.1356       2749.0774       2717.5751       2709.1804       2927.6309       2940.6039       2915.1498       2802.6201      
2.4444444       2745.8582       2747.7852       2716.5603       2708.5936       2925.8521       2938.3116       2912.2496       2797.5951      
2.4466667       2744.0775       2745.9919       2715.0023       2707.3399       2923.7745       2935.7147       2909.024        2792.5537      
2.4488889       2742.466        2744.3605       2713.6023       2706.1412       2921.6935       2933.1794       2905.8768       2787.9435      
2.4516667       2740.1194       2741.9219       2711.7064       2706.4467       2918.3921       2929.8235       2902.1269       2784.5889      
2.4544444       2738.4401       2740.2602       2710.3971       2705.6802       2915.7389       2926.7337       2898.448        2777.5237      
2.4572222       2736.6843       2738.4868       2708.8525       2704.3396       2913.2126       2923.7624       2894.8276       2771.1002      
2.46            2734.8786       2736.6601       2707.2818       2702.9186       2910.4425       2920.4266       2890.8873       2765.2712      
2.4625          2733.0308       2734.8305       2705.5976       2700.5703       2907.9891       2917.3546       2887.1808       2759.0555      
2.465           2731.871        2733.6062       2704.5571       2699.3825       2905.9762       2914.8719       2884.2897       2755.8811      
2.4675          2730.5574       2732.2999       2703.5687       2698.4731       2903.9085       2912.2381       2881.1433       2751.7651      
2.47            2728.8174       2730.5269       2702.046        2696.9608       2901.413        2909.3702       2877.8872       2747.3329      
2.4725          2727.5934       2729.2729       2701.0616       2696.0396       2899.4369       2906.9107       2875.0227       2743.287       
2.475           2725.8299       2727.4891       2699.5626       2694.6918       2897.2595       2904.2974       2872.0666       2739.088       
2.4775          2724.0122       2725.642        2697.9864       2693.2034       2894.9382       2901.6152       2869.1772       2735.1222      
2.48            2722.2025       2723.8068       2696.4258       2691.8194       2892.9233       2899.2314       2866.4607       2731.0224      
2.4825          2720.4593       2722.0135       2694.7962       2690.4114       2890.7649       2896.6666       2863.6829       2727.2965      
2.485           2718.9552       2720.46         2693.4639       2689.2088       2888.8199       2894.3279       2861.0537       2723.6367      
2.4875          2717.0822       2718.5716       2691.8672       2687.8378       2886.7034       2891.861        2858.1881       2719.578       
2.49            2715.4865       2716.9291       2690.4457       2686.5444       2884.708        2889.6586       2855.5357       2715.7356      
2.4925          2713.9254       2715.3169       2689.0734       2685.3703       2882.74         2887.4791       2852.8704       2711.878       
2.495           2712.2639       2713.6781       2687.7183       2684.1265       2880.6666       2885.2603       2850.1738       2708.0701      
2.4975          2711.2162       2712.6029       2686.8277       2683.2156       2878.7662       2883.2582       2847.7263       2704.6139      
2.5             2710.0536       2711.4157       2685.8667       2682.3445       2876.885        2881.2298       2845.1549       2701.0091      
2.5028571       2708.6653       2709.9754       2684.8096       2682.3745       2874.5683       2879.1435       2842.6107       2698.3096      
2.5057143       2706.8195       2708.1077       2683.2075       2681.0383       2871.9421       2876.6154       2839.5157       2692.8164      
2.5085714       2705.1228       2706.3764       2681.6974       2679.7568       2869.6826       2874.5056       2836.8121       2688.2484      
2.5114286       2703.294        2704.5239       2680.0897       2678.289        2867.2832       2872.2573       2833.9843       2684.0814      
2.5142857       2701.6631       2702.876        2678.7014       2677.0311       2865.0955       2870.2277       2831.3635       2680.3319      
2.5171429       2699.9474       2701.1323       2677.1869       2675.715        2862.9833       2868.2799       2828.8289       2676.7689      
2.52            2697.9564       2699.1053       2675.3721       2674.0691       2860.6716       2866.2439       2826.2586       2673.1472      
2.5228571       2696.076        2697.1911       2673.7038       2672.5503       2858.3752       2864.1097       2823.6278       2669.5057      
2.5257143       2694.2412       2695.3214       2672.0656       2671.0399       2856.0662       2862.0007       2821.0346       2666.0141      
2.5285714       2692.9795       2694.0265       2670.9922       2670.1113       2854.2552       2860.3376       2819.0508       2663.227       
2.5314286       2691.0921       2692.1164       2669.3727       2668.6426       2852.0622       2858.3565       2816.7548       2659.8333      
2.5342857       2689.5517       2690.5434       2668.0593       2667.4585       2850.1052       2856.496        2814.4933       2656.6309      
2.5371429       2687.8093       2688.774        2666.5219       2666.0959       2848.1044       2854.6062       2812.1694       2653.5046      
2.54            2685.8832       2686.8319       2664.8416       2664.6049       2846.0218       2852.53         2809.625        2650.1154      
2.5428571       2684.5228       2685.4285       2663.6245       2663.4788       2844.2496       2850.7163       2807.4094       2647.1512      
2.5457143       2682.4293       2683.3155       2661.765        2661.8095       2842.2899       2848.7684       2805.1133       2644.1371      
2.5485714       2680.7935       2681.662        2660.3643       2660.5975       2840.641        2846.9544       2802.9151       2641.2031      
2.5514286       2678.7801       2679.6478       2658.6388       2659.1192       2839.0144       2845.1118       2800.7187       2638.3837      
2.5542857       2677.6943       2678.5443       2657.7818       2658.4313       2837.9806       2843.688        2798.88         2635.9131      
2.5571429       2676.2524       2677.1036       2656.5967       2657.4694       2836.8449       2842.1568       2796.9586       2633.2893      
2.56            2674.7442       2675.6148       2655.4179       2656.5499       2835.7834       2840.6262       2794.964        2630.492       
2.5633333       2672.5304       2673.4121       2653.7464       2656.1084       2834.0448       2838.9015       2793.1585       2629.2244      
2.5666667       2671.113        2672.0823       2652.7379       2655.5227       2832.738        2837.4362       2791.1763       2625.1466      
2.5693333       2670.4879       2671.456        2652.0744       2653.6961       2832.0703       2836.2486       2789.1665       2619.786       
2.572           2668.7384       2669.4694       2650.2918       2651.9827       2830.7464       2835.0004       2787.7566       2619.8711      
2.5746667       2666.61         2667.2968       2648.4229       2650.2057       2829.0797       2833.575        2786.1959       2619.1202      
2.5773333       2665.022        2665.6926       2647.0628       2648.9628       2827.5824       2832.2183       2784.6281       2617.6521      
2.58            2663.2901       2663.9654       2645.5927       2647.5846       2826.0152       2830.7635       2782.9627       2615.6819      
2.5822222       2662.3352       2663.0123       2644.6429       2645.275        2825.1298       2829.5411       2781.2694       2611.8734      
2.5844444       2660.9155       2661.5827       2643.4321       2643.9449       2824.0377       2828.4753       2780.1476       2612.3485      
2.5866667       2659.5942       2660.2575       2642.3824       2642.9304       2822.9689       2827.4195       2779.0512       2612.1347      
2.5888889       2658.3051       2658.9724       2641.3528       2642.0535       2821.8261       2826.3186       2777.9207       2611.3514      
2.5911111       2657.1469       2657.8205       2640.4563       2641.3039       2820.807        2825.3174       2776.8672       2610.3155      
2.5933333       2656.1661       2656.8569       2639.7494       2640.7815       2819.8813       2824.3502       2775.7433       2609.009       
2.5955556       2655.4149       2656.1239       2639.2688       2640.4947       2819.1554       2823.5621       2774.7364       2607.7201      
2.5977778       2654.4896       2655.2207       2638.6235       2640.0414       2818.3039       2822.7155       2773.7302       2606.5002      
2.6             2653.4223       2654.1693       2637.8381       2639.447        2817.3958       2821.8458       2772.7482       2605.3909      
2.6022222       2652.2773       2653.0319       2636.8835       2638.6721       2816.3574       2820.9191       2771.7113       2604.1504      
2.6044444       2651.3106       2652.0721       2636.1138       2638.0712       2815.428        2820.0553       2770.7527       2603.0448      
2.6066667       2650.2336       2651.0054       2635.2727       2637.3443       2814.4306       2819.1693       2769.7903       2601.9622      
2.6088889       2649.0146       2649.8012       2634.3039       2636.4991       2813.3369       2818.1678       2768.7197       2600.8062      
2.6111111       2647.8559       2648.6582       2633.3914       2635.7036       2812.3237       2817.258        2767.7501       2599.7681      
2.6133333       2646.8527       2647.676        2632.6472       2635.0905       2811.5085       2816.4994       2766.9039       2598.8342      
2.6155556       2645.6737       2646.5122       2631.7078       2634.2617       2810.5761       2815.6774       2766.0537       2597.9838      
2.6177778       2644.4395       2645.2892       2630.6925       2633.3391       2809.5899       2814.8021       2765.1528       2597.0546      
2.62            2643.3382       2644.2031       2629.8223       2632.5678       2808.7439       2813.9952       2764.2714       2596.1117      
2.6222222       2642.2516       2643.1242       2628.9445       2631.761        2807.8805       2813.1682       2763.3941       2595.2302      
2.6244444       2641.3641       2642.2358       2628.2324       2631.1162       2807.111        2812.3953       2762.5234       2594.3179      
2.6266667       2640.306        2641.2037       2627.4329       2630.3695       2806.2343       2811.5411       2761.5718       2593.3273      
2.6288889       2639.31         2640.2577       2626.747        2629.673        2805.4068       2810.8063       2760.7608       2592.5078      
2.6311111       2638.5251       2639.49         2626.1835       2629.1531       2804.6355       2810.1059       2759.952        2591.7063      
2.6333333       2637.4973       2638.4768       2625.3655       2628.3437       2803.6488       2809.2692       2759.0289       2590.7795      
2.6355556       2636.6015       2637.5887       2624.6691       2627.6384       2802.7117       2808.4624       2758.1399       2589.929       
2.6377778       2635.6226       2636.6308       2623.911        2626.962        2801.8964       2807.7445       2757.323        2589.1938      
2.64            2634.7365       2635.771        2623.2302       2626.3454       2801.0655       2806.9985       2756.4862       2588.4266      
2.6422222       2633.7233       2634.7767       2622.404        2625.595        2800.1349       2806.1605       2755.5564       2587.5381      
2.6444444       2632.6088       2633.6859       2621.5283       2624.7833       2799.2198       2805.3641       2754.6984       2586.7678      
2.6466667       2631.4898       2632.5936       2620.6483       2623.9345       2798.2645       2804.5447       2753.8478       2586.0182      
2.6488889       2630.3013       2631.4267       2619.6712       2622.9731       2797.2411       2803.6855       2752.9843       2585.2747      
2.6511111       2629.2714       2630.4094       2618.8215       2622.104        2796.2623       2802.8873       2752.1934       2584.6117      
2.6533333       2628.2015       2629.3579       2617.9384       2621.2047       2795.2851       2802.1002       2751.4381       2584.0295      
2.6555556       2627.0926       2628.2784       2617.0363       2620.3007       2794.3096       2801.308        2750.6825       2583.4611      
2.6577778       2626.1416       2627.3283       2616.2748       2619.5435       2793.4115       2800.5264       2749.9175       2582.9004      
2.66            2625.1205       2626.327        2615.4678       2618.7491       2792.4972       2799.7403       2749.1474       2582.3139      
2.6622222       2624.1575       2625.3754       2614.6955       2617.9777       2791.6216       2798.9901       2748.3954       2581.7147      
2.6644444       2623.2191       2624.45         2613.9173       2617.1431       2790.695        2798.1442       2747.5617       2581.0778      
2.6666667       2622.0847       2623.3272       2612.9372       2616.1058       2789.6049       2797.1702       2746.597        2580.275       
2.6688889       2621.2777       2622.5298       2612.2853       2615.4004       2788.8122       2796.4704       2745.9479       2579.8816      
2.6711111       2620.1371       2621.3972       2611.2988       2614.3618       2787.7216       2795.468        2744.9638       2579.0769      
2.6733333       2619.1647       2620.4442       2610.5056       2613.5328       2786.8514       2794.6901       2744.2242       2578.5653      
2.6755556       2618.1221       2619.4157       2609.6246       2612.5806       2785.8538       2793.7687       2743.3328       2577.8939      
2.6777778       2617.2009       2618.5188       2608.9012       2611.8354       2785.091        2793.0332       2742.6131       2577.3626      
2.68            2616.1335       2617.4706       2608.0156       2610.9502       2784.2963       2792.2703       2741.849        2576.7759      
2.682           2615.4654       2616.8132       2607.3602       2609.2399       2783.7075       2791.5199       2740.9665       2575.1998      
2.684           2614.3573       2615.7116       2606.3782       2608.0887       2783.0082       2790.8057       2740.3061       2575.6284      
2.686           2613.1789       2614.5489       2605.3832       2607.0023       2782.1          2789.9942       2739.6399       2575.7465      
2.688           2612.2359       2613.6112       2604.5674       2606.0801       2781.1552       2789.1801       2738.9195       2575.4754      
2.69            2611.0791       2612.4627       2603.5459       2605.0032       2780.1191       2788.2827       2738.1169       2574.9545      
2.692           2609.8586       2611.2531       2602.4601       2603.884        2779.0022       2787.3273       2737.2711       2574.3573      
2.694           2608.857        2610.2598       2601.5836       2602.9765       2778.142        2786.6341       2736.6453       2573.8919      
2.696           2607.7551       2609.1744       2600.6279       2602.0148       2777.2705       2785.9184       2735.9916       2573.4417      
2.698           2606.6614       2608.0962       2599.6745       2601.0495       2776.3751       2785.1812       2735.3066       2572.9298      
2.7             2605.4412       2606.8939       2598.5961       2599.9591       2775.3495       2784.3375       2734.5512       2572.3814      
2.702           2604.5706       2606.0333       2597.8304       2599.1215       2774.4759       2783.5882       2733.855        2571.8723      
2.704           2603.6926       2605.1822       2597.0983       2598.3579       2773.7103       2782.9372       2733.2416       2571.4383      
2.706           2602.849        2604.3272       2596.3432       2597.5476       2772.8742       2782.2047       2732.565        2570.9411      
2.708           2601.9138       2603.3846       2595.5217       2596.6956       2772.0429       2781.5108       2731.9477       2570.5104      
2.71            2600.9531       2602.4297       2594.6871       2595.824        2771.1924       2780.8271       2731.3486       2570.0639      
2.712           2600.0925       2601.5773       2593.928        2594.9976       2770.4483       2780.2626       2730.8588       2569.7134      
2.714           2599.1825       2600.6769       2593.1194       2594.1192       2769.6406       2779.6556       2730.3586       2569.425       
2.716           2598.1672       2599.6532       2592.171        2593.093        2768.6852       2778.8554       2729.6059       2568.8588      
2.718           2597.0016       2598.5049       2591.129        2592.0087       2767.7214       2778.1169       2728.9789       2568.4422      
2.72            2595.971        2597.4792       2590.1961       2591.0171       2766.8268       2777.3475       2728.2307       2567.885       
2.722           2594.763        2596.288        2589.1048       2589.868        2765.8186       2776.5885       2727.5838       2567.4618      
2.724           2593.572        2595.0955       2587.9922       2588.6888       2764.7773       2775.7271       2726.7829       2566.9025      
2.726           2592.4028       2593.9357       2586.9234       2587.5502       2763.735        2774.9175       2726.076        2566.4237      
2.728           2591.372        2592.9012       2585.9637       2586.5038       2762.7936       2774.1183       2725.291        2565.8063      
2.73            2590.0699       2591.6105       2584.7748       2585.277        2761.7766       2773.3872       2724.6387       2565.3396      
2.732           2588.7718       2590.3134       2583.562        2584.0109       2760.7087       2772.5201       2723.8073       2564.706       
2.734           2587.6509       2589.1955       2582.5194       2582.8752       2759.7038       2771.7245       2723.0791       2564.2316      
2.736           2586.5255       2588.0808       2581.495        2581.7641       2758.7189       2770.9648       2722.3822       2563.796       
2.738           2585.4843       2587.0254       2580.4981       2580.6956       2757.8208       2770.3078       2721.8014       2563.4881      
2.74            2584.4076       2585.9708       2579.5166       2579.6039       2756.8369       2769.5077       2721.0338       2562.9638      
2.742           2583.265        2584.8378       2578.4454       2578.4288       2755.8007       2768.6148       2720.1422       2562.326       
2.744           2582.2185       2583.803        2577.4878       2577.3728       2754.886        2767.9094       2719.5012       2561.9534      
2.746           2581.0823       2582.6521       2576.3898       2576.1826       2753.9669       2767.1853       2718.7331       2561.4072      
2.748           2579.9658       2581.546        2575.3691       2575.0613       2753.1743       2766.7044       2718.2651       2561.1285      
2.75            2578.9063       2580.4862       2574.3589       2573.9297       2752.2935       2766.0646       2717.6498       2560.7506      
2.752           2577.6527       2579.2348       2573.1832       2572.6919       2751.3174       2765.2937       2716.8815       2560.2311      
2.754           2576.3274       2577.9141       2571.9428       2571.3961       2750.3295       2764.5923       2716.2438       2559.8356      
2.756           2575.1027       2576.6858       2570.7756       2570.1327       2749.3832       2763.9509       2715.6333       2559.4045      
2.758           2573.8197       2575.399        2569.5405       2568.8027       2748.3209       2763.1391       2714.8438       2558.85        
2.76            2572.4914       2574.0698       2568.2668       2567.4132       2747.1642       2762.2076       2713.9594       2558.2913      
2.762           2571.2274       2572.8035       2567.0554       2566.0987       2746.1605       2761.4982       2713.2983       2557.9077      
2.764           2569.9191       2571.4909       2565.7967       2564.753        2745.1728       2760.8609       2712.7361       2557.5404      
2.766           2568.7218       2570.2878       2564.6348       2563.4592       2744.1146       2760.0372       2711.9444       2557.0153      
2.768           2567.5876       2569.1451       2563.5263       2562.2101       2743.0705       2759.1899       2711.1104       2556.4567      
2.77            2566.3169       2567.8682       2562.2878       2560.8744       2741.9993       2758.3452       2710.3251       2555.9807      
2.772           2565.0055       2566.5562       2561.0266       2559.4898       2740.8829       2757.4385       2709.4501       2555.3752      
2.774           2563.7123       2565.257        2559.7624       2558.0822       2739.7385       2756.5263       2708.5978       2554.816       
2.776           2562.3415       2563.8878       2558.4486       2556.679        2738.6755       2755.7018       2707.8177       2554.3219      
2.778           2560.9672       2562.51         2557.1178       2555.236        2737.6052       2754.9096       2707.097        2553.8764      
2.78            2559.6336       2561.1744       2555.8338       2553.8445       2736.5831       2754.1368       2706.3726       2553.4315      
2.782           2558.3034       2559.8404       2554.5463       2552.448        2735.5809       2753.3958       2705.6822       2553.0151      
2.784           2556.9051       2558.4432       2553.2036       2550.9957       2734.492        2752.5224       2704.8344       2552.4373      
2.786           2555.6072       2557.1377       2551.9346       2549.6059       2733.4949       2751.7435       2704.0673       2551.9207      
2.788           2554.1299       2555.6679       2550.5308       2548.1082       2732.3915       2750.8208       2703.1364       2551.2806      
2.79            2552.8725       2554.4012       2549.2968       2546.7461       2731.4365       2750.0639       2702.3704       2550.7355      
2.792           2551.5299       2553.0528       2547.986        2545.3107       2730.4013       2749.2259       2701.5558       2550.1791      
2.794           2550.2515       2551.7705       2546.7404       2543.9318       2729.4116       2748.3925       2700.7061       2549.568       
2.796           2549.0237       2550.5301       2545.5216       2542.567        2728.4598       2747.6247       2699.9268       2549.0039      
2.798           2547.5608       2549.0688       2544.1118       2541.0411       2727.3622       2746.7098       2699.0143       2548.3625      
2.8             2546.4564       2547.945        2542.9977       2539.7584       2726.4831       2746.0198       2698.3242       2547.8825      
2.802           2545.007        2546.4931       2541.5985       2538.2416       2725.4127       2745.136        2697.4534       2547.2683      
2.804           2543.7286       2545.2017       2540.3187       2536.7983       2724.3982       2744.3058       2696.6377       2546.7083      
2.806           2542.3814       2543.8568       2538.9818       2535.2986       2723.3283       2743.4029       2695.7589       2546.106       
2.808           2541.0534       2542.5262       2537.6543       2533.8064       2722.2841       2742.5337       2694.9013       2545.5233      
2.81            2539.5616       2541.0267       2536.1858       2532.1976       2721.172        2741.5973       2693.9991       2544.9188      
2.812           2537.9976       2539.4612       2534.6514       2530.4865       2720.0279       2740.6309       2693.1048       2544.3558      
2.814           2536.4389       2537.8927       2533.1245       2528.8749       2718.8659       2739.6729       2692.1941       2543.7447      
2.816           2534.8249       2536.2826       2531.5511       2527.1705       2717.717        2738.732        2691.3336       2543.2053      
2.818           2533.1967       2534.66         2529.9726       2525.4879       2716.6148       2737.8767       2690.6081       2542.8031      
2.82            2531.5067       2532.9647       2528.3302       2523.7785       2715.4489       2736.9267       2689.6981       2542.1893      
2.822           2529.9925       2531.4537       2526.8337       2522.123        2714.2833       2735.9016       2688.7381       2541.561       
2.824           2528.411        2529.8484       2525.2491       2520.4147       2713.0819       2734.893        2687.7708       2540.856       
2.826           2527.0364       2528.4872       2523.9105       2518.9141       2712.0246       2733.9517       2686.8747       2540.2607      
2.828           2525.4927       2526.9053       2522.3239       2517.214        2710.7404       2732.7796       2685.6925       2539.3544      
2.83            2524.032        2525.4595       2520.9086       2515.7074       2709.6013       2731.7277       2684.6551       2538.6036      
2.832           2522.5872       2523.987        2519.442        2514.1178       2708.4329       2730.6715       2683.6041       2537.8382      
2.834           2521.1044       2522.5064       2517.9757       2512.5274       2707.2775       2729.6103       2682.5577       2537.058       
2.836           2519.5935       2520.9807       2516.4772       2510.9191       2706.1254       2728.5722       2681.5217       2536.2832      
2.838           2518.1761       2519.561        2515.0605       2509.3618       2705.036        2727.6171       2680.632        2535.6689      
2.84            2516.5278       2517.8982       2513.4279       2507.623        2703.8076       2726.537        2679.583        2534.8854      
2.842           2514.946        2516.3189       2511.8582       2505.9205       2702.591        2725.4323       2678.52         2534.0858      
2.844           2513.3383       2514.6918       2510.2484       2504.1844       2701.35         2724.3162       2677.396        2533.189       
2.8462857       2511.1216       2512.5109       2508.1876       2503.393        2699.7883       2723.103        2676.4584       2533.2696      
2.8485714       2509.4519       2510.8085       2506.5301       2501.7857       2698.3448       2721.8865       2675.2489       2531.5598      
2.8508571       2507.8199       2509.1569       2504.8219       2499.9476       2696.9623       2720.7242       2674.1488       2530.2545      
2.8531429       2505.8161       2507.1543       2502.8557       2497.8452       2695.5211       2719.4876       2672.9391       2529.1286      
2.8554286       2504.0709       2505.3823       2501.0254       2495.8149       2694.141        2718.2948       2671.8244       2528.2637      
2.8577143       2501.7517       2503.0885       2498.8405       2493.4855       2692.5604       2716.9465       2670.5628       2527.3288      
2.86            2500.1414       2501.4263       2497.093        2491.5081       2691.2516       2715.8537       2669.6355       2526.7032      
2.8622222       2498.4622       2499.7324       2495.3918       2489.3152       2689.9552       2714.6721       2668.4709       2525.6487      
2.8644444       2496.4075       2497.6785       2493.3549       2487.0621       2688.4573       2713.3149       2667.1995       2524.8352      
2.8666667       2494.7126       2495.9477       2491.5956       2485.0832       2687.1339       2712.1334       2666.1284       2524.128       
2.8688889       2492.6742       2493.9224       2489.6177       2482.9512       2685.7097       2710.8644       2664.9362       2523.2182      
2.8711111       2490.9185       2492.127        2487.7888       2480.939        2684.308        2709.6047       2663.7733       2522.3072      
2.8733333       2488.8204       2490.0434       2485.7519       2478.7523       2682.7962       2708.2323       2662.4855       2521.296       
2.8755556       2486.8756       2488.0741       2483.7744       2476.6496       2681.3051       2706.8925       2661.2466       2520.302       
2.8777778       2484.94         2486.1245       2481.8245       2474.6591       2679.8955       2705.6641       2660.105        2519.3837      
2.88            2483.0497       2484.2118       2479.9006       2472.5791       2678.507        2704.4545       2658.9923       2518.5231      
2.8822222       2480.7551       2481.9437       2477.7091       2470.292        2676.9705       2703.0819       2657.71         2517.5093      
2.8844444       2478.8877       2480.0311       2475.7399       2468.134        2675.4612       2701.7321       2656.4413       2516.5174      
2.8866667       2476.849        2477.983        2473.7042       2465.9233       2673.9427       2700.3773       2655.173        2515.5289      
2.8888889       2474.7263       2475.8575       2471.6008       2463.6796       2672.4398       2699.0539       2653.922        2514.5294      
2.8911111       2472.7799       2473.8906       2469.6191       2461.4976       2670.9528       2697.7506       2652.7119       2513.622       
2.8933333       2470.7032       2471.8022       2467.5327       2459.2386       2669.4408       2696.454        2651.529        2512.738       
2.8955556       2468.686        2469.7696       2465.4943       2457.0367       2667.9942       2695.2038       2650.3506       2511.849       
2.8977778       2466.6519       2467.7251       2463.4543       2454.7961       2666.4938       2693.9271       2649.1806       2511.0195      
2.9             2464.5586       2465.6082       2461.3115       2452.5342       2665.0148       2692.6545       2647.9943       2510.1533      
2.9022222       2462.4644       2463.4896       2459.1619       2450.2534       2663.4757       2691.3131       2646.7687       2509.295       
2.9044444       2460.3587       2461.3653       2457.0178       2447.9292       2661.8549       2689.8717       2645.4221       2508.318       
2.9066667       2458.1907       2459.1822       2454.8231       2445.5464       2660.1611       2688.3586       2644.0309       2507.325       
2.9088889       2455.9595       2456.9393       2452.5737       2443.1387       2658.5042       2686.9037       2642.6955       2506.3608      
2.9111111       2453.7911       2454.7473       2450.3434       2440.7696       2656.8513       2685.4337       2641.3427       2505.3934      
2.9133333       2451.6515       2452.5966       2448.1913       2438.388        2655.1614       2683.9544       2640.0129       2504.4811      
2.9155556       2449.5124       2450.4421       2446.0174       2435.9854       2653.4493       2682.4559       2638.6612       2503.5464      
2.9177778       2447.4429       2448.3534       2443.9045       2433.6673       2651.852        2681.0782       2637.4402       2502.7353      
2.92            2445.3829       2446.2773       2441.8085       2431.3532       2650.2291       2679.6533       2636.1591       2501.859       
2.9222222       2443.2313       2444.1126       2439.6317       2428.977        2648.5855       2678.2032       2634.8376       2500.914       
2.9244444       2441.1593       2442.0166       2437.4998       2426.6077       2646.9001       2676.705        2633.4776       2499.9573      
2.9266667       2438.8926       2439.746        2435.2337       2424.1847       2645.2391       2675.2575       2632.1743       2499.0084      
2.9288889       2437.0208       2437.8403       2433.2719       2421.9444       2643.6561       2673.8647       2630.9151       2498.0898      
2.9311111       2434.6857       2435.4885       2430.9006       2419.3929       2641.8559       2672.2629       2629.4487       2496.8678      
2.9333333       2432.286        2433.0926       2428.5108       2416.8279       2640.064        2670.6663       2627.9671       2495.6055      
2.9355556       2430.0847       2430.8646       2426.2448       2414.3477       2638.289        2669.0808       2626.504        2494.3752      
2.9377778       2427.8397       2428.6058       2423.9608       2411.8591       2636.5455       2667.5349       2625.0807       2493.2222      
2.94            2425.5341       2426.2847       2421.6126       2409.3095       2634.7138       2665.9192       2623.6107       2492.0796      
2.9422222       2423.2538       2423.9873       2419.2864       2406.7865       2632.9513       2664.3682       2622.1773       2490.9602      
2.9444444       2420.9835       2421.6969       2416.955        2404.2332       2631.1671       2662.8156       2620.7719       2489.9413      
2.9466667       2418.7062       2419.4052       2414.6314       2401.6054       2629.4288       2661.2979       2619.3921       2489.0179      
2.9488889       2416.319        2417.0151       2412.2314       2398.9991       2627.5837       2659.709        2617.9381       2488.0316      
2.9511111       2414.1897       2414.8425       2409.9878       2396.5016       2625.8          2658.1581       2616.5364       2487.2184      
2.9533333       2411.7707       2412.4222       2407.5476       2393.8574       2623.904        2656.5464       2615.0825       2486.2336      
2.9555556       2409.6245       2410.2142       2405.2699       2391.3473       2622.1082       2654.9571       2613.6095       2485.2025      
2.9577778       2407.1426       2407.7301       2402.7784       2388.6647       2620.1488       2653.2623       2612.0403       2483.9916      
2.96            2404.9554       2405.4898       2400.4649       2386.1076       2618.2823       2651.6187       2610.5331       2483.0581      
2.9625          2402.2503       2402.7604       2397.6879       2384.127        2615.8727       2649.7176       2609            2482.6959      
2.965           2399.4547       2399.9725       2394.9216       2381.3011       2613.7677       2647.9696       2607.3866       2481.1873      
2.9675          2396.967        2397.4473       2392.3026       2378.544        2611.4894       2646.0009       2605.498        2479.7079      
2.97            2394.1892       2394.6523       2389.4615       2375.4457       2609.2076       2644.037        2603.682        2478.6064      
2.9725          2391.6251       2392.0444       2386.7388       2372.3725       2607.0184       2642.178        2602.0065       2477.7928      
2.975           2388.8739       2389.268        2383.899        2369.2329       2604.7807       2640.2967       2600.3013       2476.9249      
2.9775          2386.1108       2386.4777       2381.048        2366.098        2602.5066       2638.3771       2598.5487       2476.0247      
2.98            2383.3357       2383.6673       2378.1794       2362.9583       2600.215        2636.4229       2596.7328       2475.0094      
2.9825          2380.5201       2380.8212       2375.2739       2359.7987       2597.8916       2634.4257       2594.8975       2473.9567      
2.985           2377.8077       2378.0743       2372.4322       2356.6351       2595.5373       2632.4057       2593.0611       2472.7943      
2.9875          2375.1082       2375.3383       2369.5879       2353.4664       2593.2189       2630.4686       2591.3441       2471.6891      
2.99            2372.2261       2372.4192       2366.6328       2350.3031       2590.8573       2628.4438       2589.5145       2470.4578      
2.9925          2369.3448       2369.5027       2363.673        2347.1286       2588.4972       2626.4222       2587.6973       2469.2375      
2.995           2366.6009       2366.7309       2360.8165       2343.9457       2586.1864       2624.4773       2585.9666       2468.0852      
2.9975          2363.6041       2363.7393       2357.8238       2340.7285       2583.9115       2622.5908       2584.2903       2466.9387      
3               2361.0964       2361.1494       2355.0484       2337.5675       2581.5521       2620.5721       2582.5285       2465.7823      
3.0025          2358.2369       2358.2609       2352.087        2334.34         2579.2131       2618.6105       2580.8376       2464.6352      
3.005           2355.3934       2355.3748       2349.0996       2331.0696       2576.8454       2616.6231       2579.1337       2463.4618      
3.0075          2352.7582       2352.6716       2346.2328       2327.8532       2574.4958       2614.6396       2577.4404       2462.3003      
3.01            2349.5413       2349.459        2343.0196       2324.4434       2572.1219       2612.6698       2575.7422       2461.0941      
3.0125          2346.7046       2346.5735       2340.017        2321.1012       2569.7186       2610.6157       2573.9753       2459.8877      
3.015           2343.6707       2343.4971       2336.8483       2317.6966       2567.2898       2608.5475       2572.2095       2458.6708      
3.0175          2340.6879       2340.4634       2333.7024       2314.2924       2564.8466       2606.4528       2570.4262       2457.4511      
3.02            2337.535        2337.2691       2330.4339       2310.8069       2562.3818       2604.3404       2568.6166       2456.1577      
3.0225          2334.8273       2334.5022       2327.5209       2307.5833       2560.0609       2602.3389       2566.9099       2454.9878      
3.025           2331.8607       2331.488        2324.4005       2304.2123       2557.6601       2600.2531       2565.09         2453.6783      
3.0275          2328.9583       2328.5377       2321.3348       2300.8789       2555.2513       2598.1409       2563.2587       2452.3949      
3.03            2326.0206       2325.5514       2318.2356       2297.5264       2552.8383       2596.0187       2561.4169       2451.0876      
3.0325          2323.3103       2322.7821       2315.3102       2294.2918       2550.469        2593.9311       2559.6332       2449.6737      
3.035           2320.1476       2319.5773       2312.0258       2290.8066       2547.9745       2591.7213       2557.7001       2448.0987      
3.0375          2316.9996       2316.386        2308.7475       2287.3182       2545.4744       2589.5025       2555.743        2446.5578      
3.04            2314.5154       2313.8363       2306.009        2284.2168       2543.1407       2587.3982       2553.7974       2445.1528      
3.0425          2311.2346       2310.5113       2302.6084       2280.6333       2540.5573       2585.0774       2551.629        2443.5059      
3.045           2308.1034       2307.3351       2299.3401       2277.1511       2538.0332       2582.7965       2549.4522       2441.9308      
3.0475          2305.3981       2304.569        2296.414        2273.9131       2535.6146       2580.5952       2547.353        2440.521       
3.05            2302.4673       2301.5874       2293.3232       2270.5786       2533.14         2578.3271       2545.1828       2439.1486      
3.0525          2299.5172       2298.584        2290.194        2267.1933       2530.6121       2576.0092       2543.0051       2437.7753      
3.055           2296.5423       2295.5513       2287.029        2263.7712       2528.0538       2573.6582       2540.9006       2436.3571      
3.0575          2293.5663       2292.519        2283.867        2260.3589       2525.4849       2571.2912       2538.8708       2434.9194      
3.06            2290.6592       2289.5498       2280.7582       2256.9816       2522.9138       2568.9148       2536.8559       2433.4924      
3.0625          2287.6816       2286.5204       2277.6039       2253.5845       2520.3268       2566.5286       2534.8441       2432.0569      
3.065           2284.8827       2283.6615       2274.5809       2250.2661       2517.7326       2564.1234       2532.8407       2430.6764      
3.0675          2281.5848       2280.3176       2271.1512       2246.6685       2514.9901       2561.5947       2530.7007       2429.1324      
3.07            2278.6212       2277.2949       2267.9894       2243.2575       2512.3394       2559.1423       2528.6178       2427.6778      
3.0725          2275.6498       2274.2669       2264.8339       2239.8702       2509.704        2556.7074       2526.4891       2426.2012      
3.075           2272.6558       2271.2136       2261.6461       2236.4476       2507.0178       2554.2315       2524.36         2424.6754      
3.0775          2269.6271       2268.1192       2258.4161       2232.9931       2504.3095       2551.7521       2522.2342       2423.1614      
3.08            2266.6405       2265.0758       2255.2499       2229.5924       2501.5921       2549.2696       2520.0912       2421.6176      
3.0825          2263.6677       2262.0684       2252.1251       2226.2863       2498.9474       2546.8496       2518.0002       2420.1322      
3.085           2260.6026       2258.9173       2248.833        2222.7511       2496.1413       2544.3245       2515.8451       2418.5404      
3.0875          2257.6692       2255.9586       2245.7579       2219.5048       2493.4984       2541.9064       2513.8204       2417.0533      
3.09            2254.6818       2252.8845       2242.5443       2216.0394       2490.6956       2539.365        2511.745        2415.4769      
3.0925          2251.7116       2249.8807       2239.4264       2212.7537       2487.9893       2536.8767       2509.8037       2414.0109      
3.095           2248.7551       2246.8607       2236.2796       2209.3903       2485.2053       2534.3132       2507.8057       2412.5611      
3.0975          2245.8058       2243.8588       2233.1538       2206.078        2482.4344       2531.7473       2505.7978       2411.1864      
3.1             2242.918        2240.9111       2230.0774       2202.8001       2479.6542       2529.1539       2503.7559       2409.7745      
3.1025          2239.9835       2237.9263       2226.9789       2199.5219       2476.8825       2526.5735       2501.7335       2408.4054      
3.105           2237.0546       2234.9456       2223.8827       2196.2453       2474.083        2523.9627       2499.6683       2407.0226      
3.1075          2234.2303       2232.0663       2220.8794       2193.0462       2471.2973       2521.3527       2497.5752       2405.6041      
3.11            2231.4075       2229.1891       2217.8781       2189.8491       2468.4854       2518.7171       2495.3822       2404.1269      
3.1125          2228.6261       2226.3508       2214.9114       2186.6885       2465.6714       2516.0629       2493.1673       2402.5893      
3.115           2225.7932       2223.4686       2211.9158       2183.5188       2462.8428       2513.3894       2490.9511       2400.998       
3.1175          2223.0135       2220.6323       2208.9501       2180.363        2459.9912       2510.6999       2488.7432       2399.3492      
3.12            2220.2273       2217.8027       2206.0086       2177.2671       2457.1716       2508.0379       2486.5336       2397.686       
3.1225          2217.3379       2214.865        2202.9555       2174.0209       2454.2405       2505.3126       2484.2553       2395.8983      
3.125           2214.6462       2212.1283       2200.1073       2171.0381       2451.4518       2502.5538       2482.0292       2394.1756      
3.1275          2211.8607       2209.2624       2197.1285       2167.8792       2448.5586       2499.7066       2479.7653       2392.4224      
3.13            2209.0983       2206.4495       2194.2039       2164.8121       2445.6993       2496.8842       2477.4954       2390.6826      
3.1325          2206.2903       2203.5936       2191.2464       2161.7114       2442.8215       2494.0626       2475.2254       2388.93        
3.135           2203.4833       2200.7368       2188.2801       2158.6108       2439.929        2491.2195       2472.9342       2387.151       
3.1375          2200.7721       2197.9735       2185.4019       2155.5764       2437.0652       2488.4874       2470.6536       2385.3682      
3.14            2198.0476       2195.2061       2182.536        2152.5693       2434.2272       2485.8501       2468.3723       2383.5918      
3.1425          2195.2776       2192.3841       2179.6009       2149.4964       2431.368        2483.197        2465.9166       2381.7904      
3.145           2192.5816       2189.6371       2176.7402       2146.4909       2428.5476       2480.5534       2463.4555       2379.9911      
3.1475          2189.9344       2186.9405       2173.931        2143.5338       2425.7629       2477.9361       2461.0332       2378.1939      
3.15            2187.3393       2184.2937       2171.1669       2140.6157       2423.0301       2475.3269       2458.6333       2376.4071      
3.1525          2184.676        2181.5808       2168.3429       2137.6589       2420.2484       2472.6971       2456.22         2374.607       
3.155           2182.0235       2178.8782       2165.5271       2134.7153       2417.4456       2470.0903       2453.8033       2372.7832      
3.1575          2179.2119       2176.0144       2162.557        2131.6484       2414.4891       2467.4197       2451.3977       2370.9167      
3.16            2176.637        2173.3951       2159.83         2128.7963       2411.6017       2464.8949       2449.2751       2369.2138      
3.1628571       2173.3804       2170.0868       2156.4466       2126.5657       2407.9488       2461.8419       2446.8145       2367.5673      
3.1657143       2170.1593       2166.8258       2153.1136       2123.3491       2404.4278       2458.8671       2444.2445       2364.9436      
3.1685714       2167.2966       2163.9239       2150.0968       2120.2088       2401.0388       2455.9204       2441.6947       2362.5699      
3.1714286       2164.219        2160.7748       2146.7955       2116.7686       2397.6237       2452.9949       2439.1446       2360.23        
3.1742857       2161.1832       2157.6872       2143.5832       2113.3722       2394.2563       2450.1255       2436.6475       2358.0232      
3.1771429       2158.1143       2154.5571       2140.3151       2109.9453       2390.8417       2447.2771       2434.1166       2355.7596      
3.18            2155.1284       2151.5207       2137.1601       2106.6363       2387.4891       2444.5455       2431.6661       2353.604       
3.1825          2152.7694       2149.1031       2134.5872       2102.6422       2384.7653       2442.3172       2429.447        2351.2025      
3.185           2150.0167       2146.3055       2131.656        2099.4042       2381.8018       2439.963        2427.2176       2349.7151      
3.1875          2147.1611       2143.4001       2128.6804       2096.3636       2378.8477       2437.7882       2425.1228       2348.1769      
3.19            2144.6547       2140.8581       2126.0494       2093.6647       2375.9078       2435.5602       2422.9807       2346.4523      
3.1925          2142.0599       2138.2152       2123.3166       2090.9186       2372.8599       2433.2636       2420.796        2344.5977      
3.195           2139.525        2135.6384       2120.6435       2088.2131       2369.8513       2430.9177       2418.6362       2342.7381      
3.1975          2136.944        2133.0115       2117.9197       2085.4629       2366.8079       2428.5117       2416.518        2340.911       
3.2             2134.4547       2130.4752       2115.2763       2082.7653       2363.6763       2426.1079       2414.4426       2339.1007      
3.2025          2131.9615       2127.9326       2112.6244       2080.0631       2360.5698       2423.7109       2412.3885       2337.2631      
3.205           2129.3132       2125.2485       2109.8616       2077.2948       2357.5139       2421.3077       2410.3653       2335.4462      
3.2075          2126.7068       2122.5997       2107.1226       2074.5407       2354.469        2418.9059       2408.3465       2333.5967      
3.21            2124.0697       2119.9252       2104.3685       2071.7872       2351.628        2416.5243       2406.4043       2331.77        
3.2125          2121.5394       2117.3493       2101.6921       2069.0808       2348.8312       2414.1401       2404.4252       2329.8882      
3.215           2119.0794       2114.8398       2099.0751       2066.4254       2346.055        2411.7731       2402.4386       2328.0453      
3.2175          2116.5941       2112.3072       2096.4413       2063.7704       2343.2522       2409.4151       2400.4213       2326.2045      
3.22            2113.987        2109.6637       2093.7178       2061.1369       2340.467        2407.0367       2398.3546       2324.3824      
3.2225          2111.4991       2107.1288       2091.0891       2058.591        2337.7907       2404.6485       2396.2715       2322.5562      
3.225           2108.9993       2104.584        2088.4514       2055.9967       2335.1264       2402.2294       2394.086        2320.7326      
3.228           2105.6855       2101.2369       2085.0884       2054.4033       2331.6648       2399.2653       2391.5427       2319.1745      
3.2304          2103.9          2099.416        2083.1331       2050.653        2329.4754       2397.0613       2389.1442       2315.9672      
3.2328          2101.7982       2097.2431       2080.7803       2047.979        2327.0444       2394.5719       2386.9936       2314.5965      
3.2352          2098.8928       2094.3264       2077.856        2045.0933       2324.5545       2392.0596       2384.865        2313.181       
3.2376          2096.8997       2092.2744       2075.6804       2042.8463       2322.1624       2389.5927       2382.7719       2311.6539      
3.24            2094.3848       2089.7373       2073.1113       2040.4406       2319.6865       2387.0654       2380.5657       2309.9111      
3.2425          2091.8853       2087.2055       2070.5399       2038.4283       2317.1064       2384.4636       2378.3475       2308.2854      
3.245           2089.4792       2084.7808       2068.0753       2036.1685       2314.6405       2381.9596       2376.0783       2306.3626      
3.2475          2087.2212       2082.4784       2065.6932       2033.9005       2312.2672       2379.581        2373.7823       2304.4606      
3.25            2084.8575       2080.0866       2063.2503       2031.5874       2310.0635       2377.2554       2371.5234       2302.6316      
3.2525          2082.4391       2077.6394       2060.7599       2029.2375       2307.9052       2374.9167       2369.2622       2300.7751      
3.255           2080.1351       2075.3063       2058.3768       2026.9859       2305.7565       2372.5651       2367.0214       2298.9383      
3.2575          2077.9368       2073.0699       2056.0747       2024.9509       2303.5324       2370.2048       2364.7474       2297.067       
3.26            2075.6332       2070.7471       2053.7218       2022.707        2301.2185       2367.8806       2362.5121       2295.2419      
3.2625          2073.3905       2068.478        2051.4145       2020.5371       2298.8612       2365.5434       2360.2581       2293.406       
3.265           2071.0995       2066.1669       2049.0802       2018.4212       2296.5031       2363.2041       2358.0107       2291.5816      
3.2675          2068.7154       2063.7691       2046.6818       2016.2213       2294.1553       2360.8185       2355.7463       2289.7436      
3.27            2066.499        2061.5313       2044.4216       2014.1409       2291.7952       2358.3562       2353.4522       2287.9032      
3.2725          2064.2976       2059.3126       2042.1907       2012.1113       2289.4757       2355.9409       2351.1661       2286.0627      
3.275           2062.1407       2057.1348       2039.9958       2010.1032       2287.1554       2353.5266       2348.8766       2284.2389      
3.2775          2059.9078       2054.8952       2037.7668       2008.099        2284.8531       2351.1686       2346.6005       2282.4116      
3.28            2057.7837       2052.7528       2035.6175       2006.1583       2282.5693       2348.8691       2344.335        2280.6121      
3.2825          2055.6885       2050.6455       2033.5119       2004.2576       2280.272        2346.6059       2342.0006       2278.7981      
3.285           2053.5909       2048.5362       2031.4086       2002.3705       2277.952        2344.3446       2339.6334       2276.9874      
3.2875          2051.595        2046.5289       2029.4053       2000.5657       2275.6733       2342.1322       2337.3026       2275.1858      
3.29            2049.4091       2044.3446       2027.261        1998.6894       2273.3707       2339.9056       2334.9671       2273.3972      
3.2925          2047.3258       2042.2561       2025.1996       1996.8694       2271.0954       2337.7165       2332.6439       2271.5904      
3.295           2045.3649       2040.2833       2023.2429       1995.1371       2268.8392       2335.4863       2330.3486       2269.824       
3.2975          2043.4362       2038.3446       2021.3208       1993.4358       2266.5899       2333.2048       2328.0746       2268.0552      
3.3             2041.4134       2036.3365       2019.3455       1991.7083       2264.3101       2330.858        2325.8418       2266.2833      
3.3028571       2038.8197       2033.7596       2016.8678       1990.7339       2261.4744       2328.058        2323.4789       2264.844       
3.3057143       2036.8199       2031.7572       2014.89         1989.2137       2258.8157       2325.2423       2320.9068       2262.4318      
3.3085714       2034.76         2029.6935       2012.8425       1987.4844       2256.0991       2322.3022       2318.2316       2260.1216      
3.3114286       2032.547        2027.4788       2010.6695       1985.5439       2253.2866       2319.4115       2315.6498       2258.0157      
3.3142857       2030.3117       2025.252        2008.49         1983.5784       2250.3853       2316.526        2313.1135       2256.0142      
3.3171429       2028.0592       2023.0094       2006.3024       1981.6049       2247.369        2313.6533       2310.6018       2254.0463      
3.32            2025.8986       2020.8527       2004.1921       1979.7059       2244.3008       2310.7641       2308.0584       2252.084       
3.3228571       2023.7434       2018.7018       2002.0943       1977.8312       2241.4008       2307.8837       2305.5512       2250.1472      
3.3257143       2021.5779       2016.5433       1999.9959       1975.9704       2238.7025       2304.9926       2303.0445       2248.2114      
3.3285714       2019.4578       2014.4382       1997.9463       1974.1533       2236.0711       2302.1138       2300.5796       2246.2686      
3.3314286       2017.1798       2012.1809       1995.7754       1972.2643       2233.4582       2299.2488       2298.1395       2244.3285      
3.3342857       2014.9623       2009.9792       1993.6506       1970.407        2230.7677       2296.3751       2295.6989       2242.3948      
3.3371429       2012.8967       2007.9234       1991.6579       1968.6523       2228.0988       2293.4909       2293.2196       2240.4292      
3.34            2010.8256       2005.8621       1989.6586       1966.8843       2225.4048       2290.6061       2290.7358       2238.462       
3.3428571       2008.7972       2003.8429       1987.6971       1965.1532       2222.7962       2287.732        2288.2907       2236.497       
3.3457143       2006.6502       2001.7123       1985.6459       1963.3679       2220.2363       2284.8625       2285.8688       2234.5365      
3.3485714       2004.7577       1999.8198       1983.7856       1961.693        2217.8393       2282.0188       2283.4946       2232.6103      
3.3514286       2002.6471       1997.7275       1981.7721       1959.9383       2215.4431       2279.1852       2281.1596       2230.6658      
3.3542857       2000.6152       1995.7089       1979.817        1958.2147       2213.1376       2276.368        2278.8632       2228.7587      
3.3571429       1998.6312       1993.7382       1977.9043       1956.5154       2210.8368       2273.5657       2276.6175       2226.8706      
3.36            1996.6308       1991.7432       1975.9724       1954.8017       2208.3953       2270.7818       2274.4351       2224.9957      
3.3628571       1994.7184       1989.8416       1974.1248       1953.1569       2205.8702       2268.014        2272.2583       2223.1116      
3.3657143       1992.6311       1987.7752       1972.1386       1951.4053       2203.1859       2265.2655       2270.1067       2221.2837      
3.3685714       1990.6945       1985.8477       1970.2643       1949.7228       2200.4323       2262.5297       2267.9445       2219.4584      
3.3714286       1988.5745       1983.7433       1968.2364       1947.939        2197.592        2259.8092       2265.7709       2217.5861      
3.3742857       1986.7409       1981.9206       1966.4599       1946.3189       2194.8665       2257.0861       2263.5334       2215.6967      
3.3771429       1984.6896       1979.8855       1964.4941       1944.5613       2192.0653       2254.3868       2261.3304       2213.838       
3.38            1982.7454       1977.9493       1962.6158       1942.8697       2189.3206       2251.7019       2259.122        2211.9763      
3.3828571       1980.737        1975.9542       1960.6805       1941.1125       2186.5084       2249.0148       2256.932        2210.1189      
3.3857143       1978.7282       1973.9597       1958.7419       1939.3528       2183.7082       2246.336        2254.7787       2208.2874      
3.3885714       1976.7917       1972.0363       1956.8636       1937.6381       2180.9215       2243.593        2252.6366       2206.4696      
3.3914286       1974.8982       1970.1528       1955.0174       1935.9412       2178.1541       2240.8669       2250.4997       2204.6332      
3.3942857       1972.947        1968.2114       1953.1252       1934.2144       2175.4018       2238.1722       2248.3683       2202.7683      
3.3971429       1971.0935       1966.3615       1951.3103       1932.5187       2172.7031       2235.5233       2246.2574       2200.8789      
3.4             1969.2023       1964.4801       1949.4704       1930.8322       2170.0239       2232.9079       2244.1709       2199.071       
3.4028571       1967.305        1962.5922       1947.6145       1929.1505       2167.3069       2230.4157       2242.1442       2197.3111      
3.4057143       1965.4709       1960.7664       1945.8187       1927.51         2164.6786       2227.9725       2240.1107       2195.5618      
3.4085714       1963.4916       1958.8183       1943.9281       1925.8241       2162.0463       2225.5574       2238.1087       2193.8221      
3.4114286       1961.7863       1957.1055       1942.2175       1924.2404       2159.4474       2223.1653       2236.1299       2192.1473      
3.4142857       1959.9952       1955.3183       1940.4571       1922.6342       2156.8619       2220.8064       2234.1697       2190.4686      
3.4171429       1958.1243       1953.4475       1938.6243       1920.9777       2154.2604       2218.4329       2232.1922       2188.7819      
3.42            1955.5436       1950.9614       1936.3592       1919.1019       2151.6792       2216.1035       2230.1931       2186.9818      
3.4228571       1954.5483       1949.869        1935.0822       1917.7149       2149.0369       2213.7176       2228.2989       2185.4797      
3.4257143       1953.6595       1948.9075       1933.9507       1916.4749       2146.5777       2211.4784       2226.4506       2184.036       
3.4285714       1950.6429       1946.0112       1931.3576       1914.4311       2143.9505       2209.107        2224.3916       2182.1469      
3.4314286       1949.0521       1944.4094       1929.7456       1912.9245       2141.4635       2206.8619       2222.5119       2180.5792      
3.4342857       1947.1748       1942.5378       1927.9162       1911.2923       2138.93         2204.5669       2220.566        2178.9294      
3.4371429       1945.4249       1940.7904       1926.1947       1909.7355       2136.4421       2202.3246       2218.6749       2177.3378      
3.44            1943.62         1938.9862       1924.4209       1908.1497       2133.9509       2200.0597       2216.7481       2175.7125      
3.4428571       1941.8327       1937.2047       1922.674        1906.5871       2131.4964       2197.8724       2214.8643       2174.1288      
3.4457143       1940.0125       1935.3946       1920.9041       1904.9885       2129.0485       2195.7277       2212.9502       2172.519       
3.4485714       1938.2417       1933.6346       1919.1771       1903.4171       2126.6023       2193.612        2211.0743       2170.9466      
3.4514286       1936.4555       1931.8547       1917.427        1901.8342       2124.1697       2191.5015       2209.1679       2169.3478      
3.4542857       1934.6113       1930.0325       1915.6613       1900.248        2121.7561       2189.4087       2207.2927       2167.7623      
3.4571429       1933.1128       1928.5093       1914.1135       1898.7939       2119.3829       2187.3          2205.4189       2166.2127      
3.46            1931.425        1926.8281       1912.4548       1897.2837       2117.0081       2185.1707       2203.5592       2164.6521      
3.4628571       1929.7474       1925.1681       1910.8176       1895.7312       2114.5869       2182.9546       2201.6993       2163.0992      
3.4657143       1928.1697       1923.5803       1909.2408       1894.3077       2112.3506       2180.8467       2199.8476       2161.5463      
3.4685714       1926.4194       1921.8517       1907.5275       1892.7061       2109.8937       2178.5835       2198.0034       2160.0066      
3.4714286       1924.8006       1920.2191       1905.9305       1891.3097       2107.7248       2176.5104       2196.168        2158.4632      
3.4742857       1923.0132       1918.4589       1904.2156       1889.7194       2105.2356       2174.1991       2194.3121       2156.9282      
3.4771429       1921.3666       1916.8003       1902.601        1888.3314       2103.0438       2172.0655       2192.4682       2155.3824      
3.48            1919.6929       1915.1331       1900.9796       1886.8707       2100.7543       2169.8878       2190.6509       2153.8649      
3.4833333       1917.5147       1912.9501       1898.8353       1885.8339       2097.622        2167.0414       2188.5063       2152.5472      
3.4866667       1915.6619       1911.1311       1897.0829       1884.5083       2095.1266       2164.6534       2186.4495       2150.5018      
3.49            1913.9427       1909.4035       1895.371        1882.9717       2092.5523       2162.0637       2184.1878       2148.372       
3.4933333       1912.0026       1907.4917       1893.5211       1881.2971       2090.0545       2159.5667       2182.0514       2146.4971      
3.4966667       1910.3261       1905.7807       1891.8276       1879.6859       2087.5568       2157.0448       2179.9031       2144.7001      
3.5             1908.4518       1903.9276       1890.0223       1878.0222       2085.0725       2154.5721       2177.8327       2142.9715      
3.5033333       1906.6549       1902.137        1888.2635       1876.3873       2082.5893       2152.0427       2175.6883       2141.1805      
3.5066667       1904.8834       1900.3742       1886.5407       1874.7914       2080.1826       2149.5697       2173.6175       2139.4568      
3.51            1903.1767       1898.6699       1884.8517       1873.2172       2077.8086       2147.0532       2171.4893       2137.6838      
3.5133333       1901.4326       1896.9272       1883.1492       1871.6589       2075.5047       2144.5742       2169.4193       2135.9631      
3.5166667       1899.7117       1895.2181       1881.4712       1870.1193       2073.225        2142.0682       2167.3182       2134.2073      
3.52            1898.0287       1893.5463       1879.8274       1868.6134       2070.98         2139.5957       2165.268        2132.4994      
3.5233333       1896.3784       1891.899        1878.2078       1867.1241       2068.7245       2137.1081       2163.199        2130.7679      
3.5266667       1894.6727       1890.2037       1876.558        1865.6315       2066.4541       2134.6343       2161.1553       2129.0581      
3.53            1892.9752       1888.52         1874.9217       1864.1533       2064.1601       2132.1756       2159.124        2127.3529      
3.5333333       1891.3561       1886.9059       1873.336        1862.7014       2061.812        2129.6738       2157.0556       2125.6264      
3.5366667       1889.7621       1885.3183       1871.7789       1861.2715       2059.4326       2127.182        2155.013        2123.9257      
3.54            1888.1325       1883.6986       1870.1972       1859.8302       2057.0215       2124.7196       2152.9674       2122.2085      
3.5433333       1886.5156       1882.0941       1868.6332       1858.4063       2054.5865       2122.2731       2150.9367       2120.5019      
3.5466667       1884.9092       1880.5009       1867.0824       1856.9908       2052.1232       2119.832        2148.9033       2118.7864      
3.55            1883.3468       1878.9442       1865.5648       1855.5996       2049.6495       2117.4152       2146.8836       2117.0776      
3.5533333       1881.7594       1877.3701       1864.0405       1854.2139       2047.1674       2115.0213       2144.8742       2115.3703      
3.5566667       1880.1747       1875.7976       1862.5033       1852.8308       2044.6799       2112.6457       2142.8707       2113.6644      
3.56            1878.6836       1874.305        1861.0368       1851.5194       2042.3083       2110.4347       2140.9777       2111.9992      
3.5633333       1876.9904       1872.6502       1859.4503       1850.07         2039.6911       2107.9707       2138.9044       2110.2556      
3.5666667       1875.586        1871.2293       1858.0189       1848.7696       2037.2476       2105.6949       2136.9475       2108.5737      
3.57            1874.1071       1869.754        1856.576        1847.4679       2034.8524       2103.5675       2135.1093       2106.9432      
3.5733333       1872.6623       1868.3219       1855.162        1846.104        2032.2758       2101.1355       2133.0602       2105.2536      
3.5766667       1871.0846       1866.7603       1853.651        1844.7243       2029.7866       2098.8616       2131.1147       2103.5618      
3.58            1869.6159       1865.299        1852.2135       1843.3546       2027.2632       2096.5192       2129.1377       2101.8924      
3.5833333       1868.1527       1863.8427       1850.7824       1841.9874       2024.7787       2094.2035       2127.1771       2100.2145      
3.5866667       1866.7035       1862.3983       1849.3526       1840.6069       2022.2786       2091.8431       2125.1863       2098.5473      
3.59            1865.2494       1860.9493       1847.919        1839.2255       2019.7946       2089.4957       2123.2129       2096.876       
3.5933333       1863.8038       1859.5072       1846.4897       1837.8326       2017.3122       2087.114        2121.2272       2095.164       
3.5966667       1862.3561       1858.065        1845.0627       1836.4374       2014.849        2084.7135       2119.2452       2093.4952      
3.6             1860.9215       1856.6323       1843.6365       1835.0383       2012.4155       2082.2989       2117.2768       2091.8347      
3.6033333       1859.4945       1855.206        1842.2132       1833.6352       2009.9967       2079.8567       2115.3058       2090.1609      
3.6066667       1858.0517       1853.7689       1840.7887       1832.2314       2007.6042       2077.3901       2113.3347       2088.4865      
3.61            1856.6056       1852.3285       1839.3631       1830.8285       2005.2324       2074.896        2111.3625       2086.838       
3.6133333       1855.2126       1850.9339       1837.9656       1829.44         2002.9195       2072.4035       2109.3887       2085.1796      
3.6166667       1853.7948       1849.5171       1836.5549       1828.051        2000.6483       2069.9026       2107.4172       2083.5126      
3.62            1852.3274       1848.0576       1835.0957       1826.5964       1998.2959       2067.1269       2105.2762       2081.7119      
3.6233333       1851.0472       1846.7643       1833.8097       1825.3656       1996.3369       2065.1879       2103.688        2080.3921      
3.6266667       1849.3862       1845.1317       1832.1845       1823.7495       1993.841        2061.9801       2101.2416       2078.3214      
3.63            1848.2002       1843.9207       1830.987        1822.6172       1992.0519       2060.3483       2099.96         2077.2888      
3.6333333       1846.4749       1842.2199       1829.2799       1820.9554       1989.6026       2057.1428       2097.3972       2075.0913      
3.6366667       1845.2002       1840.9314       1828.0098       1819.7151       1987.6496       2055.0896       2095.8738       2073.8654      
3.64            1843.7016       1839.4335       1826.472        1818.2018       1985.3694       2052.2054       2093.4866       2071.8467      
3.6428571       1842.7944       1838.5373       1825.5539       1816.4242       1983.8702       2050.3475       2092.0267       2070.0911      
3.6457143       1841.6048       1837.323        1824.3078       1815.0741       1982.1666       2048.4332       2090.4729       2069.1839      
3.6485714       1840.0947       1835.837        1822.8694       1813.6787       1980.1904       2046.0399       2088.6037       2067.9018      
3.6514286       1838.816        1834.5499       1821.6046       1812.5098       1978.3387       2043.8914       2086.8876       2066.6398      
3.6542857       1837.5381       1833.2701       1820.3464       1811.3695       1976.4474       2041.6662       2085.1123       2065.2743      
3.6571429       1836.3316       1832.0592       1819.1469       1810.3099       1974.6539       2039.6361       2083.4986       2064.0418      
3.66            1834.9804       1830.7285       1817.8368       1809.1372       1972.7191       2037.3028       2081.5168       2062.4729      
3.6628571       1833.8532       1829.5965       1816.7125       1808.1576       1971.0203       2035.4407       2080.0242       2061.4061      
3.6657143       1832.5316       1828.2911       1815.4364       1807.0299       1969.1339       2033.2122       2078.0973       2059.9389      
3.6685714       1831.2997       1827.0622       1814.2371       1805.9972       1967.3677       2031.2377       2076.3982       2058.6656      
3.6714286       1830.0658       1825.8321       1813.0349       1804.9438       1965.5483       2029.1731       2074.5843       2057.3077      
3.6742857       1828.8336       1824.608        1811.8443       1803.917        1963.7544       2027.1922       2072.8262       2055.993       
3.6771429       1827.5871       1823.3702       1810.6429       1802.8794       1961.9324       2025.1909       2071.0284       2054.6392      
3.68            1826.3524       1822.1493       1809.4597       1801.8682       1960.122        2023.2246       2069.2471       2053.3122      
3.6828571       1825.0987       1820.9066       1808.2638       1800.8485       1958.297        2021.2674       2067.4594       2051.9944      
3.6857143       1823.8544       1819.6773       1807.0841       1799.8484       1956.4689       2019.3316       2065.6733       2050.6663      
3.6885714       1822.6059       1818.442        1805.9019       1798.8547       1954.6237       2017.4073       2063.8887       2049.3436      
3.6914286       1821.3762       1817.2193       1804.7333       1797.8818       1952.7705       2015.498        2062.1122       2048.028       
3.6942857       1820.1362       1815.9932       1803.5563       1796.8922       1950.9015       2013.601        2060.3462       2046.7231      
3.6971429       1818.9098       1814.7786       1802.3945       1795.9156       1949.0211       2011.705        2058.5835       2045.4029      
3.7             1817.6316       1813.5169       1801.201        1794.9235       1947.1259       2009.8163       2056.8283       2044.0958      
3.7028571       1816.3384       1812.2512       1800.011        1793.9389       1945.2201       2007.9348       2055.0821       2042.7765      
3.7057143       1815.1709       1811.0966       1798.903        1793.0016       1943.3045       2006.0285       2053.3319       2041.4757      
3.7085714       1813.8389       1809.7958       1797.6881       1791.9979       1941.3664       2004.1282       2051.5968       2040.1036      
3.7114286       1812.6428       1808.6188       1796.5756       1791.0542       1939.4531       2002.2944       2049.9504       2038.8147      
3.7142857       1811.2961       1807.2998       1795.3316       1790.019        1937.4858       2000.3328       2048.1579       2037.3553      
3.7171429       1810.0463       1806.0723       1794.1862       1789.0481       1935.57         1998.5283       2046.5457       2036.035       
3.72            1808.7984       1804.8479       1793.0271       1788.0507       1933.6305       1996.6506       2044.8873       2034.6892      
3.7228571       1807.4969       1803.5701       1791.8384       1787.0339       1931.6971       1994.8148       2043.2758       2033.3572      
3.7257143       1806.2587       1802.3489       1790.6801       1786.0177       1929.7839       1992.9938       2041.7138       2032.0678      
3.7285714       1804.9768       1801.092        1789.4991       1784.9855       1927.8666       1991.1126       2040.076        2030.7473      
3.7314286       1803.7212       1799.8587       1788.3449       1783.9544       1925.973        1989.2704       2038.488        2029.4397      
3.7342857       1802.4616       1798.6212       1787.1699       1782.8951       1924.1073       1987.4384       2036.9144       2028.1371      
3.7371429       1801.1567       1797.3433       1785.9579       1781.7966       1922.2598       1985.6079       2035.3563       2026.8348      
3.74            1799.8886       1796.0927       1784.7753       1780.7072       1920.4516       1983.788        2033.8238       2025.5448      
3.7428571       1798.6169       1794.8393       1783.5852       1779.5982       1918.677        1981.9732       2032.3134       2024.2669      
3.7457143       1797.328        1793.5785       1782.3878       1778.4684       1916.9298       1980.1457       2030.804        2022.9663      
3.7485714       1796.0344       1792.3065       1781.1661       1777.2985       1915.1982       1978.3151       2029.3111       2021.668       
3.7514286       1794.7419       1791.0345       1779.9455       1776.1235       1913.532        1976.485        2027.8278       2020.3531      
3.7542857       1793.4491       1789.7578       1778.7175       1774.9368       1911.9042       1974.6344       2026.3271       2019.0164      
3.7571429       1792.0967       1788.4262       1777.4468       1773.7175       1910.3012       1972.7441       2024.7787       2017.6201      
3.76            1790.849        1787.1881       1776.2377       1772.5232       1908.7591       1970.879        2023.2675       2016.2448      
3.7628571       1789.5354       1785.8943       1774.9896       1771.3085       1907.2552       1968.9974       2021.7442       2014.8994      
3.7657143       1788.217        1784.6025       1773.7445       1770.0953       1905.794        1967.1144       2020.2255       2013.6006      
3.7685714       1786.8943       1783.3024       1772.4836       1768.8724       1904.3719       1965.2296       2018.7086       2012.3326      
3.7714286       1785.5741       1781.9994       1771.2216       1767.6491       1902.9784       1963.3417       2017.1789       2011.0554      
3.7742857       1784.2726       1780.7165       1769.9804       1766.4411       1901.6106       1961.4506       2015.6403       2009.8083      
3.7771429       1782.9725       1779.4277       1768.7266       1765.2306       1900.2677       1959.5652       2014.0948       2008.5841      
3.78            1781.6677       1778.1315       1767.4645       1764.0209       1898.9426       1957.6838       2012.5352       2007.4031      
3.7828571       1780.3521       1776.8329       1766.2063       1762.8197       1897.6133       1955.7965       2010.9432       2006.2043      
3.7857143       1779.0868       1775.5944       1764.9956       1761.6488       1896.2829       1953.9171       2009.3256       2005.0141      
3.7885714       1777.679        1774.2167       1763.6922       1760.4376       1894.9588       1952.0532       2007.6775       2003.8512      
3.7914286       1776.3241       1772.883        1762.4108       1759.2421       1893.6157       1950.21         2006.0147       2002.6906      
3.7942857       1774.9987       1771.5814       1761.1514       1758.0638       1892.2912       1948.3786       2004.317        2001.5443      
3.7971429       1773.6042       1770.2139       1759.8498       1756.8703       1890.9892       1946.6036       2002.6375       2000.4323      
3.8             1772.297        1768.9286       1758.6199       1755.7162       1889.681        1944.8284       2000.9237       1999.3624      
3.8028571       1770.9801       1767.6326       1757.3746       1754.5637       1888.3783       1943.0935       1999.216        1998.3116      
3.8057143       1769.7138       1766.3808       1756.1612       1753.4271       1887.0598       1941.3624       1997.478        1997.3052      
3.8085714       1768.2566       1764.9616       1754.8249       1752.243        1885.7515       1939.6909       1995.7277       1996.2724      
3.8114286       1767.0414       1763.7577       1753.6649       1751.1476       1884.4336       1938.0389       1993.9604       1995.2963      
3.8142857       1765.7056       1762.4445       1752.4164       1750.0105       1883.1024       1936.4099       1992.173        1994.3169      
3.8171429       1764.5332       1761.2882       1751.2836       1748.9266       1881.7628       1934.8062       1990.3947       1993.5487      
3.82            1762.9951       1759.7935       1749.9026       1747.7299       1880.4323       1933.2689       1988.6426       1992.6802      
3.8228571       1761.7694       1758.5815       1748.7327       1746.6216       1879.0694       1931.7106       1986.8635       1991.876       
3.8257143       1760.3187       1757.1707       1747.4169       1745.4419       1877.7099       1930.2123       1985.1138       1991.2163      
3.8285714       1758.9721       1755.8564       1746.1631       1744.2777       1876.3296       1928.7256       1983.36         1990.4472      
3.8314286       1757.6034       1754.5173       1744.8967       1743.1052       1874.9258       1927.2689       1981.6135       1989.5163      
3.8342857       1756.2555       1753.1972       1743.6487       1741.9259       1873.4959       1925.8312       1979.8875       1988.7184      
3.8371429       1754.9108       1751.8881       1742.411        1740.7379       1872.0299       1924.4105       1978.1821       1987.9754      
3.84            1753.5568       1750.5634       1741.1525       1739.537        1870.5758       1923.0052       1976.485        1987.244       
3.8428571       1752.2039       1749.2395       1739.8965       1738.334        1869.1337       1921.6163       1974.797        1986.4889      
3.8457143       1750.8357       1747.9014       1738.6298       1737.1114       1867.7089       1920.2341       1973.1079       1985.7161      
3.8485714       1749.5305       1746.6191       1737.4014       1735.9037       1866.3025       1918.8695       1971.4552       1985.0824      
3.8514286       1748.141        1745.2651       1736.1262       1734.6686       1864.9061       1917.4996       1969.8067       1984.3837      
3.8542857       1746.8582       1744.0056       1734.9141       1733.4518       1863.5236       1916.13         1968.1822       1983.6851      
3.8571429       1745.5051       1742.6824       1733.6536       1732.2005       1862.133        1914.7468       1966.5771       1982.9803      
3.86            1744.0833       1741.2899       1732.3282       1730.8975       1860.6916       1913.3471       1964.9827       1982.2606      
3.8628571       1742.7469       1739.9899       1731.0982       1729.6739       1859.296        1911.9437       1963.4464       1981.5593      
3.8657143       1741.3118       1738.5833       1729.7486       1728.3767       1857.8671       1910.5287       1961.8918       1980.8076      
3.8685714       1739.9489       1737.253        1728.488        1727.1029       1856.5342       1909.1178       1960.4183       1980.0875      
3.8714286       1738.5654       1735.8962       1727.1789       1725.7892       1855.1826       1907.6929       1958.9341       1979.318       
3.8742857       1737.2311       1734.5871       1725.9238       1724.4983       1853.8836       1906.2604       1957.5007       1978.5288      
3.8771429       1735.9011       1733.2812       1724.6682       1723.1997       1852.5917       1904.8142       1956.0897       1977.716       
3.88            1734.5555       1731.964        1723.3895       1721.8861       1851.3204       1903.3543       1954.7175       1976.8995      
3.8828571       1733.1736       1730.6049       1722.0787       1720.5385       1850.0474       1901.8769       1953.3626       1976.0471      
3.8857143       1731.8019       1729.2642       1720.7946       1719.2087       1848.8121       1900.3887       1952.0561       1975.1681      
3.8885714       1730.4143       1727.9063       1719.4809       1717.8634       1847.5724       1898.8826       1950.7759       1974.262       
3.8914286       1729.0157       1726.5414       1718.17         1716.5094       1846.3323       1897.3506       1949.5237       1973.3211      
3.8942857       1727.6125       1725.168        1716.8502       1715.1467       1845.096        1895.8052       1948.297        1972.3505      
3.8971429       1726.2377       1723.8298       1715.5598       1713.8077       1843.8712       1894.247        1947.1056       1971.3355      
3.9             1724.8722       1722.4721       1714.2298       1712.4361       1842.6273       1892.685        1945.9192       1970.3103      
3.9028571       1723.4955       1721.1269       1712.9578       1711.1909       1841.4163       1891.1327       1944.7939       1969.2415      
3.9057143       1722.1909       1719.8445       1711.7071       1709.8991       1840.2058       1889.5701       1943.6581       1968.1235      
3.9085714       1720.7445       1718.4392       1710.3646       1708.5376       1839.0075       1888.0208       1942.5626       1966.9786      
3.9114286       1719.372        1717.0826       1709.053        1707.1797       1837.8072       1886.4693       1941.4765       1965.7994      
3.9142857       1717.9843       1715.7237       1707.7532       1705.8335       1836.6091       1884.9251       1940.4092       1964.5794      
3.9171429       1716.5882       1714.3579       1706.4481       1704.4925       1835.4091       1883.3876       1939.3501       1963.3291      
3.92            1715.1829       1712.9869       1705.1344       1703.1581       1834.2044       1881.8488       1938.2988       1962.04        
3.9228571       1713.7841       1711.6206       1703.815        1701.8034       1832.974        1880.2734       1937.2282       1960.6833      
3.9257143       1712.4283       1710.3002       1702.559        1700.5559       1831.7818       1878.7123       1936.197        1959.379       
3.9285714       1711.0111       1708.9125       1701.2191       1699.154        1830.5183       1877.1469       1935.098        1957.9131      
3.9314286       1709.6246       1707.5686       1699.956        1697.9257       1829.3258       1875.6312       1934.0604       1956.5351      
3.9342857       1708.2134       1706.187        1698.6216       1696.5503       1828.0703       1874.133        1932.958        1955.0222      
3.9371429       1706.8345       1704.8391       1697.342        1695.2677       1826.8501       1872.6745       1931.8747       1953.5408      
3.94            1705.4748       1703.5195       1696.0917       1693.9678       1825.6169       1871.2364       1930.7623       1951.9972      
3.9428571       1704.0915       1702.1756       1694.8129       1692.6703       1824.3848       1869.8143       1929.623        1950.4299      
3.9457143       1702.7837       1700.8952       1693.5814       1691.4006       1823.1638       1868.4055       1928.4722       1948.8593      
3.9485714       1701.322        1699.4808       1692.2535       1690.0789       1821.9295       1866.996        1927.2526       1947.2149      
3.9514286       1700.0281       1698.2153       1691.0536       1688.821        1820.7076       1865.6          1926.031        1945.5887      
3.9542857       1698.5806       1696.8159       1689.7376       1687.5011       1819.4771       1864.2196       1924.7524       1943.9137      
3.9571429       1697.2699       1695.5351       1688.5163       1686.2247       1818.2569       1862.8654       1923.46         1942.2439      
3.96            1695.9365       1694.2368       1687.2517       1684.9399       1817.0468       1861.5288       1922.1335       1940.5465      
3.9628571       1694.5159       1692.8621       1685.9695       1683.6337       1815.8446       1860.2136       1920.7779       1938.8343      
3.9657143       1693.1303       1691.5099       1684.7066       1682.3144       1814.6512       1858.8994       1919.3878       1937.1219      
3.9685714       1691.7371       1690.157        1683.4327       1680.9776       1813.4671       1857.5714       1917.9431       1935.3833      
3.9714286       1690.3973       1688.8456       1682.2014       1679.6117       1812.3119       1856.2591       1916.5005       1933.6674      
3.9742857       1689.0141       1687.479        1680.8715       1678.1742       1811.1636       1854.9264       1914.9749       1931.887       
3.9771429       1687.6228       1686.1315       1679.5915       1676.81         1810.0381       1853.6091       1913.4421       1930.1643      
3.98            1686.2194       1684.7501       1678.2749       1675.4196       1808.9217       1852.2819       1911.8605       1928.4437      
3.9828571       1684.8505       1683.4132       1676.9916       1674.0498       1807.8313       1850.9575       1910.2525       1926.7191      
3.9857143       1683.4941       1682.0763       1675.6899       1672.6025       1806.7643       1849.6227       1908.5994       1924.9936      
3.9885714       1682.1219       1680.7446       1674.4354       1671.2892       1805.7066       1848.2575       1906.8784       1923.2778      
3.9914286       1680.7385       1679.3976       1673.1562       1669.9268       1804.6682       1846.8858       1905.1278       1921.5673      
3.9942857       1679.3575       1678.0564       1671.8857       1668.5459       1803.654        1845.5057       1903.3403       1919.8578      
3.9971429       1677.9504       1676.6949       1670.5957       1667.1635       1802.6613       1844.1165       1901.4904       1918.1185      
4               1676.6652       1675.435        1669.3816       1665.7953       1801.6873       1842.7339       1899.6947       1916.4976      
4.0025          1675.6456       1674.4571       1668.4213       1663.8905       1800.9898       1841.6712       1898.2998       1914.9853      
4.005           1674.4382       1673.271        1667.2435       1662.4782       1800.1798       1840.3834       1896.5815       1913.5638      
4.0075          1673.1162       1671.9858       1666.0309       1661.0901       1799.3583       1839.1195       1894.8413       1912.1673      
4.01            1671.9108       1670.8076       1664.9045       1659.8336       1798.5344       1837.8721       1893.1223       1910.7915      
4.0125          1670.7034       1669.6274       1663.7664       1658.6397       1797.7412       1836.6346       1891.3944       1909.3989      
4.015           1669.5227       1668.4901       1662.689        1657.4394       1796.908        1835.3899       1889.6687       1908.0218      
4.0175          1668.3245       1667.317        1661.548        1656.2651       1796.1412       1834.142        1887.9095       1906.6306      
4.02            1667.1974       1666.229        1660.5116       1655.0606       1795.3009       1832.8729       1886.1305       1905.2669      
4.0225          1665.9096       1664.9751       1659.3079       1653.8347       1794.5281       1831.601        1884.2988       1903.9181      
4.025           1664.7558       1663.8534       1658.2451       1652.6083       1793.6813       1830.3028       1882.4602       1902.5793      
4.0275          1663.5484       1662.6745       1657.0771       1651.3946       1792.907        1829.0179       1880.6177       1901.291       
4.03            1662.4429       1661.6003       1656.0545       1650.1735       1792.0643       1827.7085       1878.7751       1899.9885      
4.0325          1661.2176       1660.4078       1654.8904       1648.9544       1791.2775       1826.4188       1876.9422       1898.7473      
4.035           1660.0691       1659.2887       1653.8135       1647.7114       1790.4103       1825.0947       1875.106        1897.4838      
4.0375          1658.8842       1658.1189       1652.6762       1646.5054       1789.6017       1823.7983       1873.2837       1896.262       
4.04            1657.7373       1657.0069       1651.6077       1645.2759       1788.7204       1822.472        1871.4596       1895.0273      
4.0425          1656.5782       1655.8826       1650.5275       1644.074        1787.8616       1821.1593       1869.6458       1893.8541      
4.045           1655.3911       1654.7346       1649.427        1642.848        1786.968        1819.8316       1867.8383       1892.6938      
4.0475          1654.2318       1653.6094       1648.3387       1641.6385       1786.0674       1818.5032       1866.0365       1891.5582      
4.05            1653.0851       1652.4919       1647.2586       1640.4285       1785.1426       1817.163        1864.2162       1890.4211      
4.0525          1651.9072       1651.3467       1646.156        1639.2119       1784.1987       1815.8163       1862.3493       1889.2823      
4.055           1650.7161       1650.1935       1645.0443       1637.9876       1783.2306       1814.4615       1860.4626       1888.117       
4.0575          1649.534        1649.0347       1643.9204       1636.7576       1782.2401       1813.0986       1858.5963       1886.9749      
4.06            1648.3767       1647.9068       1642.8297       1635.5431       1781.2256       1811.7295       1856.7695       1885.9147      
4.0625          1647.2248       1646.7868       1641.7462       1634.3301       1780.1891       1810.3562       1854.9796       1884.8501      
4.065           1646.0741       1645.6694       1640.6687       1633.1183       1779.1285       1808.9806       1853.2231       1883.7987      
4.0675          1644.9272       1644.5531       1639.5946       1631.899        1778.0443       1807.6031       1851.4939       1882.7658      
4.07            1643.7683       1643.4281       1638.508        1630.6714       1776.937        1806.2262       1849.7895       1881.7468      
4.0725          1642.6237       1642.3159       1637.4424       1629.4493       1775.8075       1804.8506       1848.1078       1880.7439      
4.075           1641.4594       1641.1778       1636.336        1628.1998       1774.6552       1803.4771       1846.4495       1879.7519      
4.0775          1640.3045       1640.0546       1635.2551       1626.9546       1773.4762       1802.1042       1844.8024       1878.757       
4.08            1639.1488       1638.9271       1634.1521       1625.7104       1772.2753       1800.7307       1843.1622       1877.7435      
4.0825          1638.0133       1637.8175       1633.0968       1624.5107       1771.049        1799.357        1841.5421       1876.7137      
4.085           1636.8412       1636.6673       1631.9777       1623.2389       1769.7836       1797.9857       1839.9521       1875.6927      
4.0875          1635.654        1635.5148       1630.8596       1621.987        1768.5399       1796.6158       1838.3892       1874.6833      
4.09            1634.4178       1634.2878       1629.5773       1620.6948       1767.2765       1795.2492       1836.8532       1873.6856      
4.0925          1633.2242       1633.1261       1628.4222       1619.468        1766.007        1793.8852       1835.34         1872.6915      
4.095           1632.0496       1631.9663       1627.2508       1618.2943       1764.7289       1792.525        1833.8487       1871.7047      
4.0975          1630.9325       1630.8683       1626.1934       1617.029        1763.4137       1791.163        1832.3802       1870.7169      
4.1             1629.7936       1629.7601       1625.1143       1615.7901       1762.1602       1789.8181       1830.9362       1869.7546      
4.1025          1628.6633       1628.6663       1624.0351       1614.5149       1760.8807       1788.4714       1829.4789       1868.7544      
4.105           1627.477        1627.4836       1622.8642       1613.2124       1759.6227       1787.1271       1828.0579       1867.7632      
4.1075          1626.4008       1626.4307       1621.8154       1611.9364       1758.3325       1785.7996       1826.6363       1866.7875      
4.11            1625.1646       1625.2161       1620.6241       1610.6279       1757.1305       1784.4624       1825.2535       1865.797       
4.1125          1624.1055       1624.1883       1619.5849       1609.3105       1755.772        1783.1536       1823.8354       1864.775       
4.115           1622.8651       1622.9512       1618.3566       1608.0031       1754.6531       1781.8369       1822.4865       1863.7842      
4.1175          1621.8413       1621.9696       1617.3651       1606.68         1753.281        1780.559        1821.0748       1862.6919      
4.12            1620.5721       1620.7198       1616.1134       1605.3575       1752.2095       1779.2602       1819.7523       1861.7812      
4.1225          1619.5205       1619.6884       1615.0779       1604.0196       1750.848        1778.0214       1818.3548       1860.6952      
4.125           1618.2569       1618.4286       1613.8084       1602.6497       1749.7815       1776.7375       1817.0494       1859.6688      
4.1275          1617.2316       1617.4435       1612.8281       1601.327        1748.4179       1775.5406       1815.6662       1858.5377      
4.13            1615.9512       1616.1668       1611.5245       1599.9014       1747.4164       1774.278        1814.374        1857.4996      
4.1325          1614.8809       1615.1306       1610.4999       1598.6141       1746.1079       1773.1322       1813.0057       1856.3696      
4.135           1613.6033       1613.8479       1609.1846       1597.1654       1745.1492       1771.8962       1811.7214       1855.3118      
4.1375          1612.5962       1612.8725       1608.2199       1595.9108       1743.8583       1770.796        1810.362        1854.1568      
4.14            1611.292        1611.5692       1606.8745       1594.4652       1742.921        1769.5961       1809.0784       1853.0672      
4.1425          1610.2053       1610.519        1605.8502       1593.2168       1741.6359       1768.5372       1807.7313       1851.9083      
4.145           1608.8826       1609.2012       1604.5002       1591.7776       1740.7187       1767.3846       1806.4432       1850.7743      
4.1475          1607.8395       1608.1887       1603.5041       1590.5482       1739.4221       1766.362        1805.1101       1849.6094      
4.15            1606.5277       1606.8774       1602.1511       1589.1187       1738.4742       1765.2566       1803.8237       1848.4384      
4.1525          1605.4759       1605.8518       1601.1447       1587.8935       1737.1692       1764.2537       1802.5016       1847.2433      
4.155           1604.1657       1604.537        1599.7834       1586.4747       1736.1486       1763.2011       1801.2172       1846.0545      
4.1575          1603.1116       1603.5094       1598.7772       1585.2525       1734.8238       1762.2134       1799.8972       1844.827       
4.16            1601.7457       1602.1371       1597.3625       1583.7953       1733.6287       1761.2229       1798.6341       1843.6153      
4.1625          1600.7994       1601.2236       1596.4643       1582.6777       1732.3026       1760.2409       1797.2654       1842.2502      
4.165           1599.3645       1599.7804       1594.9733       1581.1631       1731.0667       1759.3035       1796.0397       1841.111       
4.1675          1598.4197       1598.87         1594.0865       1580.0798       1729.8137       1758.3448       1794.6566       1839.6843      
4.17            1596.9741       1597.4259       1592.5943       1578.5821       1728.6116       1757.4569       1793.4316       1838.4902      
4.1725          1595.957        1596.4421       1591.6603       1577.4391       1727.3482       1756.4988       1792.0714       1837.0964      
4.175           1594.5584       1595.0442       1590.1991       1575.9603       1726.2          1755.6595       1790.8335       1835.8208      
4.1775          1593.5609       1594.0703       1589.2821       1574.8362       1724.9897       1754.7059       1789.4811       1834.415       
4.18            1592.232        1592.7478       1587.907        1573.425        1723.8967       1753.8709       1788.2194       1833.0808      
4.1825          1591.0377       1591.5809       1586.7751       1572.1831       1722.8158       1752.981        1786.9054       1831.6833      
4.185           1589.8456       1590.3978       1585.584        1570.8594       1721.8113       1752.1418       1785.6148       1830.3266      
4.1875          1588.6126       1589.1824       1584.3606       1569.6234       1720.8593       1751.2436       1784.2938       1828.8439      
4.19            1587.4213       1588.0059       1583.1998       1568.3075       1719.9501       1750.4034       1782.9623       1827.4632      
4.1925          1586.1939       1586.7936       1581.9949       1567.0361       1719.0691       1749.5262       1781.6161       1825.9937      
4.195           1584.9964       1585.6169       1580.8333       1565.753        1718.31         1748.6678       1780.2634       1824.5255      
4.1975          1583.7575       1584.3969       1579.6145       1564.4658       1717.6195       1747.7997       1778.9126       1822.9943      
4.2             1582.5601       1583.2129       1578.4348       1563.1076       1716.9103       1746.9802       1777.567        1821.4778      
4.2025          1581.4007       1582.094        1577.3935       1562.0244       1716.3857       1746.0122       1776.1699       1819.8776      
4.205           1580.1065       1580.7975       1576.0554       1560.5261       1715.6777       1745.2334       1774.8498       1818.3129      
4.2075          1579.0572       1579.8088       1575.1934       1559.5689       1715.2273       1744.243        1773.4288       1816.7107      
4.21            1577.6977       1578.4292       1573.7338       1558.0466       1714.5779       1743.4241       1772.1198       1815.1126      
4.2125          1576.6656       1577.466        1572.922        1557.0884       1714.0651       1742.4457       1770.6929       1813.5077      
4.215           1575.3185       1576.1037       1571.4779       1555.5915       1713.3969       1741.5699       1769.3819       1811.872       
4.2175          1574.2599       1575.1233       1570.6741       1554.5821       1712.7634       1740.5644       1767.9393       1810.2599      
4.22            1572.9124       1573.7466       1569.2261       1553.1493       1712.0322       1739.6506       1766.6094       1808.5959      
4.2225          1571.8117       1572.7236       1568.3325       1552.0908       1711.3168       1738.6714       1765.1431       1806.947       
4.225           1570.5595       1571.4846       1567.0567       1550.7428       1710.4195       1737.7267       1763.7502       1805.2584      
4.2275          1569.3367       1570.3086       1565.9729       1549.5968       1709.5487       1736.7557       1762.2891       1803.5784      
4.23            1568.1401       1569.1232       1564.8201       1548.3607       1708.5602       1735.7882       1760.8411       1801.894       
4.2325          1566.907        1567.9136       1563.6438       1547.1147       1707.457        1734.7978       1759.3835       1800.1815      
4.235           1565.6734       1566.7041       1562.4753       1545.9014       1706.3949       1733.7295       1757.8982       1798.4909      
4.2375          1564.4172       1565.471        1561.2802       1544.6694       1705.1776       1732.5492       1756.4174       1796.7697      
4.24            1563.1832       1564.2602       1560.1088       1543.4626       1703.9415       1731.4091       1754.9264       1795.0507      
4.2425          1561.9412       1563.0398       1558.9325       1542.2597       1702.6383       1730.3197       1753.4342       1793.3208      
4.245           1560.7079       1561.8286       1557.7677       1541.084        1701.3095       1729.2375       1751.9316       1791.5854      
4.2475          1559.4734       1560.6156       1556.612        1539.9423       1699.9475       1728.1774       1750.4216       1789.8509      
4.25            1558.2378       1559.4005       1555.4589       1538.8246       1698.5736       1727.138        1748.9015       1788.1165      
4.2525          1557.0245       1558.2027       1554.3266       1537.7429       1697.2068       1726.1105       1747.3783       1786.4022      
4.255           1555.7411       1556.9912       1553.1886       1536.6683       1695.8545       1725.0659       1745.845        1784.6925      
4.2575          1554.4899       1555.804        1552.0726       1535.6175       1694.5544       1724.0686       1744.3182       1782.9887      
4.26            1553.2706       1554.6162       1550.9607       1534.5832       1693.3275       1723.0711       1742.7827       1781.2938      
4.2625          1552.0415       1553.3971       1549.8566       1533.5702       1692.1777       1722.0647       1741.2459       1779.6129      
4.265           1550.8312       1552.2229       1548.7782       1532.5717       1691.1267       1721.0527       1739.7019       1777.9012      
4.2675          1549.619        1551.0596       1547.7121       1531.6223       1690.2001       1720.0241       1738.1496       1776.18        
4.27            1548.4125       1549.8919       1546.6428       1530.6645       1689.4092       1718.9779       1736.5755       1774.4525      
4.2725          1547.207        1548.7197       1545.5672       1529.6749       1688.7088       1717.8796       1734.9767       1772.7215      
4.275           1546.0115       1547.5592       1544.499        1528.6812       1688.0912       1716.7509       1733.4067       1770.9875      
4.2775          1544.8207       1546.4074       1543.4403       1527.7061       1687.5124       1715.5706       1731.8365       1769.2546      
4.28            1543.6151       1545.2366       1542.361        1526.6785       1686.9464       1714.3175       1730.2652       1767.5194      
4.2825          1542.4072       1544.0662       1541.2812       1525.6325       1686.3877       1712.9873       1728.6896       1765.7866      
4.285           1541.2391       1542.9519       1540.2769       1524.5865       1685.7036       1711.6025       1727.1257       1764.0689      
4.2875          1539.9517       1541.6612       1539.031        1523.4178       1685.2217       1710.1962       1725.4302       1762.2966      
4.29            1538.8095       1540.5801       1538.0875       1522.3243       1684.2041       1708.836        1723.8237       1760.5799      
4.2925          1537.5537       1539.3107       1536.7841       1521.1174       1683.6768       1707.1025       1722.1926       1758.8402      
4.295           1536.3452       1538.146        1535.6981       1520.0309       1682.5465       1705.5566       1720.6266       1757.1195      
4.2975          1535.1304       1536.9453       1534.529        1518.8911       1681.653        1703.8255       1719.0213       1755.4531      
4.3             1533.9178       1535.7586       1533.3713       1517.8088       1680.5598       1701.987        1717.4366       1753.8077      
4.3025          1532.7252       1534.5946       1532.2871       1516.7176       1679.4758       1700.0851       1715.8366       1752.1647      
4.305           1531.5699       1533.4805       1531.2511       1515.6244       1678.2393       1698.2776       1714.2506       1750.5001      
4.3075          1530.328        1532.2431       1530.0586       1514.4554       1677.1012       1696.0964       1712.7477       1748.8372      
4.31            1529.1734       1531.1307       1529.0289       1513.3419       1675.6963       1694.4246       1711.253        1747.1327      
4.3125          1527.974        1529.9372       1527.9045       1512.3251       1674.4291       1692.6813       1709.7806       1745.4478      
4.315           1526.851        1528.8658       1526.9643       1511.5693       1672.9043       1690.9334       1708.2257       1743.7362      
4.3175          1525.651        1527.6758       1525.8702       1510.7691       1671.4686       1689.6831       1706.74         1742.0374      
4.32            1524.5467       1526.5858       1524.8703       1509.9084       1669.8554       1688.145        1705.1857       1740.2975      
4.3225          1523.3254       1525.4305       1523.7776       1508.9182       1668.2796       1687.0598       1703.7003       1738.5579      
4.325           1522.1636       1524.3279       1522.7582       1508.003        1666.6313       1685.8089       1702.1454       1736.7857      
4.3275          1520.9746       1523.1534       1521.6412       1507.1445       1665.078        1685.4416       1700.7219       1734.9792      
4.33            1519.873        1522.1044       1520.7111       1506.3378       1663.4811       1684.1755       1699.0825       1733.1666      
4.3325          1518.6952       1520.9318       1519.5903       1505.4409       1662.0798       1683.8171       1697.6294       1731.3725      
4.335           1517.5815       1519.8614       1518.6209       1504.6116       1660.649        1682.7886       1695.9865       1729.5472      
4.3375          1516.4568       1518.7629       1517.6055       1503.7697       1659.3616       1682.1192       1694.4099       1727.7211      
4.34            1515.3467       1517.6927       1516.621        1502.9117       1658.11         1681.2477       1692.7805       1725.8686      
4.3425          1514.2528       1516.6427       1515.7157       1502.044        1656.9408       1680.5209       1691.2061       1724.0366      
4.345           1513.1181       1515.5491       1514.7718       1501.1745       1655.7406       1680.1034       1689.8526       1722.3278      
4.3475          1512.0813       1514.5061       1513.6102       1499.3964       1654.8102       1679.0685       1688.0705       1720.7992      
4.35            1510.9176       1513.4022       1512.6926       1498.2995       1653.6483       1678.5684       1686.7912       1719.1436      
4.3525          1509.8444       1512.359        1511.6841       1497.3579       1652.5547       1677.6617       1685.2996       1717.5779      
4.355           1508.7458       1511.2981       1510.7424       1496.47         1651.4325       1676.8215       1683.9511       1716.0278      
4.3575          1507.6658       1510.2608       1509.8028       1495.5658       1650.3677       1675.9075       1682.5668       1714.5354      
4.36            1506.6059       1509.2351       1508.8648       1494.6099       1649.3224       1674.8977       1681.231        1712.9622      
4.3625          1505.5511       1508.2236       1507.9325       1493.6512       1648.3169       1673.7635       1679.942        1711.4118      
4.365           1504.5391       1507.2465       1507.0625       1492.694        1647.2907       1672.6257       1678.6936       1709.8064      
4.3675          1503.4806       1506.1753       1506.0251       1491.7434       1646.3584       1671.626        1677.4801       1708.4358      
4.37            1502.502        1505.2541       1505.2162       1490.79         1645.3173       1670.3082       1676.0033       1706.7814      
4.3725          1501.4123       1504.192        1504.2186       1489.8603       1644.2855       1669.1127       1674.6103       1705.3173      
4.375           1500.4276       1503.2419       1503.3579       1489.0231       1643.1915       1667.7416       1673.1373       1703.6796      
4.3775          1499.3698       1502.2094       1502.3884       1488.2707       1642.1378       1666.5246       1671.8261       1702.1799      
4.38            1498.3506       1501.2243       1501.5277       1487.5719       1640.9863       1665.2321       1670.649        1700.578       
4.3825          1497.3354       1500.2794       1500.7603       1486.7881       1639.7743       1663.9334       1669.4017       1698.9041      
4.385           1496.345        1499.3227       1499.9244       1486.0483       1638.5011       1662.5857       1668.254        1697.1542      
4.3875          1495.3122       1498.3038       1499.0878       1485.3389       1637.1686       1661.2089       1667.223        1695.5028      
4.39            1494.2979       1497.3575       1498.2428       1484.6093       1635.7425       1659.7509       1666.0994       1693.5835      
4.3925          1493.2361       1496.2681       1497.1375       1483.9861       1634.3036       1658.1748       1665.0239       1691.8632      
4.395           1492.2222       1495.318        1496.2154       1483.2435       1632.7617       1656.5705       1663.8698       1689.788       
4.3975          1491.1325       1494.1955       1495.0962       1482.4901       1631.2531       1654.8933       1662.6993       1687.9409      
4.4             1490.1212       1493.233        1494.175        1480.8395       1629.6932       1653.2146       1661.4902       1685.9068      
4.4025          1489.1203       1492.253        1493.3237       1481.0518       1628.1426       1651.5169       1660.3424       1683.9266      
4.405           1488.1245       1491.3012       1492.4649       1480.5628       1626.5351       1649.87         1659.2506       1681.8396      
4.4075          1487.111        1490.3049       1491.539        1479.8749       1624.9076       1648.2291       1658.1449       1679.7498      
4.41            1486.103        1489.3255       1490.6518       1479.5231       1623.1881       1646.6127       1656.9739       1677.5845      
4.4125          1485.0825       1488.3245       1489.7244       1478.9382       1621.3844       1644.9996       1655.7276       1675.3445      
4.415           1484.0177       1487.2767       1488.7542       1478.1769       1619.4743       1643.4222       1654.3897       1673.0875      
4.4175          1482.9814       1486.2555       1487.7926       1478.1889       1617.4944       1642.0232       1652.9596       1670.7981      
4.42            1481.9375       1485.2154       1486.7406       1478.4815       1615.4676       1640.6957       1651.4593       1668.4707      
4.4225          1480.9197       1484.2106       1485.7729       1478.4875       1613.4266       1639.3497       1649.901        1666.1114      
4.425           1479.8801       1483.1819       1484.7962       1478.3988       1611.3591       1637.9748       1648.2825       1663.7214      
4.4275          1478.8552       1482.1834       1483.9086       1478.074        1609.2614       1636.5552       1646.5834       1661.2707      
4.43            1477.8545       1481.1933       1482.9991       1478.105        1607.1961       1635.082        1644.8505       1658.8561      
4.4325          1476.8914       1480.2481       1482.0952       1477.9246       1605.1119       1633.5728       1643.0383       1656.3751      
4.435           1475.8013       1479.1546       1481.0463       1477.7758       1603.0167       1632.0047       1641.2189       1653.9257      
4.4375          1474.7938       1478.1626       1480.0944       1477.418        1600.8892       1630.4181       1639.3396       1651.3795      
4.44            1473.7786       1477.1493       1479.1299       1477.1823       1598.788        1628.8054       1637.4434       1648.8255      
4.4428571       1472.2712       1475.6127       1477.6043       1477.4609       1596.4254       1626.7368       1634.978        1645.4462      
4.4457143       1471.2582       1474.5981       1476.5946       1477.9855       1594.1517       1624.7655       1632.7242       1642.5943      
4.4485714       1470.225        1473.5818       1475.5955       1477.7199       1591.8406       1622.8321       1630.4985       1639.7908      
4.4514286       1469.0013       1472.338        1474.3903       1477.4698       1589.5778       1620.8451       1628.1951       1636.8557      
4.4542857       1467.8683       1471.2182       1473.3211       1477.2907       1587.3034       1618.7831       1625.8125       1633.8842      
4.4571429       1466.7248       1470.0702       1472.2701       1477.2332       1585.031        1616.6649       1623.3543       1630.8411      
4.46            1465.6882       1469.0774       1471.2913       1477.1811       1582.7495       1614.4354       1620.8266       1627.8322      
4.4628571       1464.4928       1467.8654       1470.2836       1477.1267       1580.4622       1612.058        1618.2502       1624.631       
4.4657143       1463.5226       1466.9367       1469.3058       1477.0437       1578.1583       1609.67         1615.6402       1621.6288      
4.4685714       1462.2401       1465.6089       1468.0763       1476.9114       1575.8667       1607.1862       1613.0245       1618.3643      
4.4714286       1461.2932       1464.7099       1467.0761       1476.8758       1573.5382       1604.6914       1610.3547       1615.3165      
4.4742857       1460.1018       1463.5097       1466.2231       1477.0715       1571.2314       1602.106        1607.6728       1612.0204      
4.4771429       1459.118        1462.5658       1465.2404       1476.8642       1568.8986       1599.4819       1604.9766       1608.8661      
4.48            1457.9741       1461.4162       1464.2093       1476.7013       1566.5722       1596.7888       1602.2393       1605.5789      
4.4828571       1456.9089       1460.3695       1463.2011       1476.3154       1564.2328       1594.0425       1599.4419       1602.2904      
4.4857143       1455.8448       1459.3159       1462.293        1475.7027       1561.8744       1591.2375       1596.5726       1598.9422      
4.4885714       1454.7852       1458.2762       1461.3547       1475.1127       1559.4786       1588.3721       1593.6376       1595.5649      
4.4914286       1453.7485       1457.2721       1460.5421       1476.6419       1557.063        1585.4703       1590.6793       1592.1465      
4.4942857       1452.7015       1456.2414       1459.6295       1477.3206       1554.6353       1582.5827       1587.6228       1588.6919      
4.4971429       1451.6482       1455.2028       1458.7664       1477.4815       1552.1975       1579.6869       1584.4795       1585.2008      
4.5             1450.6118       1454.1894       1457.9519       1479.2864       1549.7456       1576.755        1581.259        1581.6605      
4.5028571       1449.5416       1453.1171       1456.9514       1480.2743       1547.2844       1573.7767       1577.9518       1578.0835      
4.5057143       1448.4503       1452.0224       1455.8817       1479.8778       1544.8148       1570.7389       1574.555        1574.4623      
4.5085714       1447.3766       1450.951        1454.8576       1479.5085       1542.3386       1567.6314       1571.0644       1570.7886      
4.5114286       1446.3043       1449.8738       1453.8112       1479.2081       1539.8514       1564.445        1567.4885       1567.0588      
4.5142857       1445.2352       1448.7942       1452.7373       1478.8752       1537.3471       1561.1698       1563.8282       1563.2741      
4.5171429       1444.151        1447.7163       1451.8078       1478.5215       1534.8219       1557.7965       1560.0881       1559.442       
4.52            1443.0786       1446.6402       1450.8451       1478.1628       1532.2674       1554.3274       1556.2641       1555.5714      
4.5228571       1441.9792       1445.5218       1449.7241       1477.7673       1529.6791       1550.7683       1552.3506       1551.6416      
4.5257143       1440.8895       1444.4134       1448.6096       1477.3786       1526.8763       1547.1199       1548.356        1547.6757      
4.5285714       1439.8084       1443.3109       1447.496        1477.0684       1523.7755       1543.3804       1544.2872       1543.6298      
4.5314286       1438.7047       1442.176        1446.3038       1477.0102       1520.4866       1539.5552       1540.1449       1539.5076      
4.5342857       1437.6036       1441.0446       1445.0867       1477.5727       1517.0766       1535.6513       1535.9299       1535.0638      
4.5371429       1436.5624       1440.0144       1444.2621       1475.8329       1513.567        1531.6802       1531.655        1530.4019      
4.54            1435.5059       1438.9505       1443.3482       1473.8301       1509.9641       1527.643        1527.3267       1525.5838      
4.5428571       1434.4202       1437.825        1442.1663       1472.7954       1506.289        1523.5363       1522.9444       1520.6092      
4.5457143       1433.3043       1436.6612       1440.9135       1471.9353       1502.6268       1519.469        1518.5028       1515.5379      
4.5485714       1432.2044       1435.5145       1439.6888       1471.0741       1498.9648       1515.4109       1514.0085       1510.4219      
4.5514286       1431.0915       1434.3547       1438.4664       1470.1335       1495.3214       1511.4305       1509.4789       1505.234       
4.5542857       1429.9953       1433.2129       1437.2698       1469.1162       1491.704        1507.4417       1504.9204       1499.9954      
4.5571429       1428.9327       1432.1048       1436.0026       1467.9921       1488.1115       1503.4227       1500.3296       1494.6958      
4.56            1427.8946       1431.029        1434.8161       1466.9297       1484.5401       1499.3632       1495.7024       1489.3435      
4.5628571       1426.8893       1429.9975       1433.7959       1465.563        1480.9776       1495.2282       1491.0861       1483.9374      
4.5657143       1425.8364       1428.8996       1432.6788       1463.9436       1477.4008       1490.9875       1486.5497       1478.4851      
4.5685714       1424.7891       1427.8123       1431.5066       1462.2401       1473.7835       1486.6185       1482.1154       1472.9926      
4.5714286       1423.7381       1426.7098       1430.3045       1459.9849       1470.1004       1482.1047       1477.7397       1467.4591      
4.5742857       1422.7159       1425.65         1429.1782       1457.5908       1466.3293       1477.5158       1473.3679       1461.8869      
4.5771429       1421.741        1424.6483       1428.1394       1455.1448       1462.4414       1472.8667       1468.9649       1456.3049      
4.58            1420.7266       1423.5859       1426.9795       1452.5918       1458.1506       1468.2011       1464.5037       1450.744       
4.5828571       1419.8386       1422.7031       1426.1279       1449.9252       1453.6459       1463.8625       1459.9914       1445.2231      
4.5857143       1419.0059       1421.8635       1425.3025       1447.2455       1448.9672       1460.0231       1455.4388       1439.735       
4.5885714       1418.1544       1421.0127       1424.4159       1444.7291       1444.248        1456.6987       1450.8861       1434.2565      
4.5914286       1417.2865       1420.1348       1423.5855       1442.2688       1439.673        1453.7405       1446.541        1428.7742      
4.5942857       1416.4268       1419.2708       1422.8298       1439.8526       1435.5016       1451.0351       1442.5728       1423.2667      
4.5971429       1415.5576       1418.3943       1421.9871       1437.5643       1431.913        1448.6065       1438.8993       1417.7233      
4.6             1414.6888       1417.5173       1421.1176       1435.1641       1428.5382       1446.3802       1435.3209       1412.1471      
4.6028571       1413.8164       1416.6259       1420.1361       1432.8891       1425.3945       1444.4342       1431.6791       1406.584       
4.6057143       1412.9587       1415.7551       1419.2287       1430.2971       1422.4273       1442.6768       1428.0305       1401.1611      
4.6085714       1412.111        1414.8923       1418.3374       1427.5321       1419.6146       1440.965        1424.7871       1395.8937      
4.6114286       1411.2556       1414.0252       1417.4435       1424.5939       1416.9513       1439.28         1421.8254       1390.7598      
4.6142857       1410.4281       1413.1885       1416.5633       1421.0546       1414.4224       1437.5938       1418.9436       1385.6481      
4.6171429       1409.6003       1412.3596       1415.6809       1416.7966       1412.0045       1435.8798       1416.0769       1380.3         
4.62            1408.8077       1411.5519       1414.8299       1412.1634       1409.6608       1434.0884       1413.2016       1374.6889      
4.6233333       1407.7113       1410.3759       1413.6426       1406.7811       1406.8713       1431.2958       1409.1635       1367.6919      
4.6266667       1406.8156       1409.5687       1412.7576       1400.2437       1404.0251       1428.2572       1405.4269       1360.3295      
4.63            1406.0012       1408.7596       1412.0589       1394.5416       1401.1675       1424.8991       1401.7443       1352.6986      
4.6333333       1405.1483       1407.9509       1411.2741       1388.6233       1398.26         1421.0854       1398.02         1344.6998      
4.6366667       1404.3249       1407.1654       1410.6084       1382.8446       1395.2828       1416.6796       1394.2397       1336.3047      
4.64            1403.4269       1406.2846       1409.7685       1376.6714       1392.1788       1412.0269       1390.4232       1327.5244      
4.6433333       1402.5012       1405.3616       1408.8371       1370.2042       1388.8968       1408.2132       1386.5861       1318.3644      
4.6466667       1401.6177       1404.5099       1408.0399       1363.4879       1385.4206       1404.5665       1382.8969       1308.8856      
4.65            1400.8144       1403.7738       1407.6267       1356.3276       1381.7548       1401.0798       1378.7489       1299.1212      
4.6533333       1399.9951       1403.0084       1407.0725       1348.9264       1377.9176       1397.7457       1373.6709       1289.0976      
4.6566667       1399.1351       1402.19         1406.4475       1340.9854       1373.9832       1394.3915       1368.653        1278.8603      
4.66            1398.2813       1401.3966       1405.9476       1332.7663       1370.0239       1390.8247       1363.8324       1268.4479      
4.6633333       1397.3401       1400.4537       1405.007        1322.7725       1366.0921       1386.8863       1359.1649       1257.8853      
4.6666667       1396.3239       1399.3906       1403.7668       1311.9225       1362.1923       1382.472        1354.481        1247.1978      
4.67            1395.3456       1398.3924       1402.7018       1299.8094       1358.348        1377.5828       1349.7448       1236.4077      
4.6733333       1394.2943       1397.278        1401.3637       1284.5733       1354.4614       1372.2151       1344.9262       1225.5279      
4.6766667       1393.3173       1396.2921       1400.3693       1264.2087       1350.3982       1366.3281       1340.0546       1214.5627      
4.68            1392.402        1395.3861       1399.4923       1236.1664       1345.9697       1359.8632       1335.1459       1203.5212      
4.6833333       1391.48         1394.4657       1398.6054       1205.5201       1341.195        1353.1658       1330.2008       1192.4327      
4.6866667       1390.5785       1393.5727       1397.7646       1176.9438       1336.1032       1346.6721       1325.0144       1181.366       
4.69            1389.6289       1392.6256       1396.8254       1147.124        1330.6852       1340.3103       1319.4852       1170.1155      
4.6933333       1388.6972       1391.6976       1395.8842       1114.0846       1324.9891       1334.4209       1313.5908       1158.845       
4.6966667       1387.7638       1390.7579       1395.009        1077.9746       1319.2789       1328.6245       1307.1097       1147.466       
4.7             1386.8466       1389.8923       1394.287        1038.8836       1313.7077       1322.5128       1300.3911       1136.0138      
4.7033333       1385.9024       1388.9422       1393.4026       993.55634       1308.1094       1315.9767       1293.7377       1122.1744      
4.7066667       1384.9336       1387.9595       1392.3516       941.27034       1302.3518       1309.4104       1287.0957       1107.0276      
4.71            1383.9352       1386.9551       1391.3551       881.56459       1296.5641       1302.7399       1280.5509       1091.7736      
4.7133333       1382.9427       1385.9381       1390.1785       814.49392       1290.8004       1295.6296       1274.0102       1076.3033      
4.7166667       1381.9936       1385.0034       1389.3135       740.11357       1284.8188       1288.6566       1267.4083       1060.6797      
4.72            1381.1086       1384.1416       1388.571        659.13003       1278.4214       1282.5802       1260.8022       1044.8468      
4.7233333       1380.0943       1383.1014       1387.4364       572.34419       1271.5343       1277.2776       1254.1969       1028.9736      
4.7266667       1378.9592       1381.9018       1385.9705       480.16851       1264.1435       1272.1336       1247.5897       1012.8244      
4.73            1377.8504       1380.7535       1384.6894       384.79145       1256.3039       1266.8567       1240.9731       996.38529      
4.7333333       1376.8693       1379.8372       1383.751        292.82967       1248.6443       1261.3278       1234.2921       979.77374      
4.7366667       1375.9489       1378.8983       1382.9193       214.28879       1241.188        1255.4828       1227.4435       962.92443      
4.74            1374.928        1377.8641       1381.848        148.54752       1234.1562       1248.8575       1220.4121       945.77583      
4.7433333       1373.8359       1376.804        1380.7398       128.00517       1227.4599       1241.0599       1213.2157       928.42642      
4.7466667       1372.649        1375.5387       1379.2569       133.10922       1220.9878       1232.3702       1205.8913       910.91165      
4.75            1371.3738       1374.1678       1377.43         139.2762        1214.6132       1223.3445       1198.4662       893.24163      
4.7533333       1370.0476       1372.6744       1375.229        144.85339       1207.9939       1214.225        1190.9871       875.44976      
4.7566667       1368.657        1371.0739       1372.555        159.9266        1200.782        1205.0417       1183.8306       857.56008      
4.76            1367.1901       1369.3302       1369.3405       185.99468       1192.7536       1195.7999       1176.9612       839.60459      
4.7633333       1365.773        1367.647        1366.2314       194.23178       1183.967        1186.5011       1170.2327       821.62803      
4.7666667       1364.434        1366.0691       1363.2391       198.06684       1175.0094       1177.2103       1163.5339       803.67171      
4.77            1363.1561       1364.5295       1360.14         211.59178       1166.0187       1168.0137       1156.9199       785.76221      
4.7733333       1362.0629       1363.2781       1357.6827       226.22388       1157.0217       1158.8241       1148.2465       767.95373      
4.7766667       1361.0235       1362.0695       1355.5019       238.72658       1148.0267       1149.6248       1138.735        750.29947      
4.78            1360.0025       1360.9429       1353.3646       249.68793       1139.0685       1140.4179       1129.409        732.82342      
4.7833333       1359.0096       1359.7535       1350.8966       265.4822        1130.0973       1131.2054       1120.2333       715.59961      
4.7866667       1358.0956       1358.7115       1348.6282       288.48633       1121.1286       1121.9987       1111.2338       698.67329      
4.79            1357.36         1357.9242       1347.1002       314.13955       1112.1464       1112.7935       1102.3769       682.06232      
4.7933333       1356.6695       1357.1919       1345.7978       338.57679       1103.1593       1103.6121       1093.6615       665.79989      
4.7966667       1355.9545       1356.4234       1344.365        359.151         1094.1684       1094.4722       1085.0589       649.92761      
4.8             1355.3357       1355.7568       1342.8966       376.58155       1085.2049       1085.387        1076.5485       634.49154      
4.8033333       1354.8149       1355.2669       1342.4292       391.68806       1076.277        1076.5083       1068.0926       619.52761      
4.8066667       1354.2973       1354.7896       1341.7793       404.47143       1067.3833       1068.2875       1059.7131       605.0707       
4.81            1353.9548       1354.5552       1341.6449       414.47325       1058.512        1060.4225       1051.419        591.13883      
4.8133333       1353.4524       1354.1156       1341.1288       421.55531       1049.7073       1052.7874       1043.2085       577.74597      
4.8166667       1353.0499       1353.8053       1340.7988       426.37182       1041.2224       1045.3101       1035.0822       564.89013      
4.82            1352.586        1353.4451       1340.8334       429.9743        1033.2504       1037.9806       1027.0268       552.56255      
4.8233333       1351.9887       1352.9035       1340.3447       431.80756       1025.6296       1030.7863       1019.0437       540.76155      
4.8266667       1351.3489       1352.2537       1339.3236       432.27058       1018.2282       1023.7264       1011.1212       529.48973      
4.83            1350.8917       1351.8568       1339.0681       429.18249       1010.9869       1016.7963       1003.2545       518.74578      
4.8333333       1350.5309       1351.6679       1339.4566       423.20851       1003.8868       1009.9843       995.44405       508.53867      
4.8366667       1350.1646       1351.4555       1340.3462       415.80016       996.92712       1003.2966       987.63812       498.85379      
4.84            1349.576        1350.9049       1340.0141       406.46358       990.10243       996.73047       979.72131       489.69446      
4.8433333       1348.9309       1350.3031       1339.7031       397.72054       983.40631       990.27676       971.58432       481.05208      
4.8466667       1348.2324       1349.5904       1339.1215       389.13192       976.83897       983.89817       963.29734       472.91554      
4.85            1347.4703       1348.8075       1338.7175       381.3913        970.39353       977.56367       954.90625       465.25713      
4.8533333       1346.8112       1348.1659       1338.3354       374.99829       964.06986       971.29433       946.43168       458.05345      
4.8566667       1346.2026       1347.5877       1338.066        369.03265       957.85156       965.09964       937.88183       451.27919      
4.86            1345.6016       1347.0075       1337.7405       363.11698       951.70946       958.97668       929.26278       444.90903      
4.8633333       1345.0438       1346.4617       1337.3601       357.85824       945.63199       952.91519       920.57148       438.92153      
4.8666667       1344.4817       1345.9161       1337.0624       352.96911       939.62505       946.91325       911.85056       433.29493      
4.87            1343.9368       1345.3948       1336.8275       348.41499       933.69506       940.99299       903.12392       428.00758      
4.8733333       1343.4029       1344.8678       1336.5871       343.44429       927.84104       935.16396       894.39101       423.03745      
4.8766667       1342.8673       1344.3276       1336.3039       338.2572        922.04947       929.5054        885.64675       418.36612      
4.88            1342.3316       1343.7982       1336.0068       333.23102       916.30551       924.08586       876.88492       413.97407      
4.884           1341.5357       1343.0073       1335.3717       327.39401       909.13679       917.7675        866.54665       409.12946      
4.888           1340.9318       1342.4005       1335.0824       322.60768       902.127         911.41915       855.91913       404.45353      
4.892           1340.3692       1341.8035       1334.5611       322.56916       895.41866       905.15511       845.32884       400.16177      
4.896           1339.8305       1341.2239       1334.0314       328.7314        888.94102       898.90565       834.68522       396.20776      
4.9             1339.2427       1340.5983       1333.5096       336.39663       882.58427       892.61485       824.00304       392.51496      
4.904           1338.7095       1340.0388       1333.1097       344.35343       876.32636       886.30285       813.26771       389.05493      
4.908           1338.2109       1339.5108       1332.752        352.32867       870.2432        880.01269       802.46779       385.83242      
4.912           1337.6755       1338.931        1332.2288       360.18784       864.34228       873.73628       791.58338       382.85563      
4.916           1337.1568       1338.3315       1331.574        367.93521       858.60878       867.50172       780.58993       379.9829       
4.92            1336.6464       1337.7501       1330.9844       375.41199       852.99062       861.35702       769.4733        377.10433      
4.924           1336.2661       1337.2829       1330.4878       382.57075       847.47129       855.30445       758.22088       374.17712      
4.928           1335.9543       1336.8928       1330.0693       389.34758       841.57625       849.32155       746.81163       371.22073      
4.932           1335.6327       1336.4887       1329.6444       395.48501       835.12667       843.40009       735.23816       368.24907      
4.936           1335.365        1336.1415       1329.2553       400.76006       828.86556       837.52459       723.48518       365.24726      
4.94            1335.1725       1335.8575       1328.8986       405.32027       822.67867       831.69611       711.55509       362.22164      
4.944           1334.9496       1335.5286       1328.432        409.40413       816.52922       825.90442       699.43951       359.17464      
4.948           1334.7771       1335.2379       1327.9596       412.35102       810.49604       820.13971       687.15124       356.11226      
4.952           1334.6448       1334.9882       1327.5711       413.23015       804.59398       814.35375       674.68679       353.0272       
4.956           1334.5737       1334.808        1327.1723       412.01591       798.83847       808.5904        662.05611       349.93717      
4.96            1334.648        1334.7347       1326.9481       410.00769       793.21998       802.88385       649.25919       346.833        
4.964           1334.7202       1334.6981       1326.7247       407.36839       787.73341       797.24475       636.31842       343.73305      
4.968           1334.9203       1334.7721       1326.6769       404.4009        782.37113       791.65798       623.25853       340.63443      
4.972           1335.2209       1334.9224       1326.5588       401.9899        777.12487       786.12532       610.09801       337.54667      
4.976           1335.5157       1335.0921       1326.5459       401.42032       771.99593       780.63904       596.87463       334.46757      
4.98            1335.9097       1335.361        1326.6201       400.80204       766.96729       775.19273       583.61405       331.40066      
4.984           1336.4097       1335.7017       1326.9022       398.68859       762.01892       769.80334       570.35055       328.35101      
4.988           1337.0015       1336.1875       1327.2307       396.3522        757.14995       764.4789        557.12766       325.32171      
4.992           1337.7991       1336.7865       1327.7836       394.13056       752.34822       759.22          543.9931        322.31432      
4.996           1338.46         1337.3588       1328.0775       392.43          747.62725       754.01742       530.99098       319.33137      
5               1339.3947       1338.0436       1328.5301       390.9235        742.9724        748.8778        518.18176       316.37351      
5.004           1340.233        1338.7207       1328.7149       389.27951       738.4009        743.79777       505.62072       313.4499       
5.008           1341.3545       1339.6318       1329.336        386.78531       733.89329       738.76586       493.3464        310.55332      
5.012           1342.5971       1340.7226       1330.026        382.61907       729.47617       733.78356       481.41651       307.69359      
5.016           1344.1066       1341.9918       1330.9386       375.59859       725.13449       728.8509        469.86208       304.86843      
5.02            1345.5439       1343.2715       1331.7794       364.71422       720.89606       723.95087       458.71644       302.08046      
5.024           1347.05         1344.5387       1332.622        349.06899       716.75696       719.058         448.00745       299.33109      
5.028           1348.8706       1346.1096       1333.5576       328.21039       712.74029       714.16679       437.75587       296.6219       
5.032           1350.8761       1347.8287       1334.5339       302.52699       708.85165       709.28329       427.9781        293.94929      
5.036           1352.8881       1349.5399       1335.4289       272.79448       705.10136       704.47177       418.68082       291.31518      
5.04            1354.9702       1351.3034       1336.2684       240.08242       701.49751       699.73421       409.87541       288.72037      
5.044           1357.3609       1353.3518       1337.1682       206.27554       698.03994       695.05627       401.56056       286.16347      
5.048           1359.9139       1355.5158       1338.0712       172.38556       694.738         690.43621       393.73419       283.64795      
5.052           1362.3582       1357.5816       1338.8979       143.30292       691.61047       685.87028       386.39012       281.18112      
5.056           1365.1413       1359.9519       1339.9178       120.68882       688.6623        681.08157       379.51655       278.7594       
5.06            1368.3731       1362.7295       1341.2383       103.39217       685.89787       676.28273       373.09657       276.38027      
5.064           1371.8166       1365.7287       1342.8313       90.766149       683.32411       671.57993       367.09744       274.03465      
5.068           1375.2892       1368.7605       1344.5118       83.937904       680.92463       666.91511       361.49382       271.73329      
5.072           1379.1729       1372.2129       1346.6675       84.42725        678.69587       662.26386       356.26709       269.48625      
5.076           1383.1225       1375.7293       1348.8105       87.90691        676.64671       657.60074       351.39739       267.28629      
5.08            1387.4067       1379.5375       1351.1956       92.095418       674.81585       652.90049       346.85386       265.1224       
5.084           1392.1968       1383.8253       1354.0938       97.168348       673.16389       648.15698       342.62254       263.00343      
5.088           1397.2822       1388.4009       1357.2001       100.60837       671.63178       643.35752       338.68232       260.93         
5.092           1402.621        1393.194        1360.2867       103.98195       670.20173       638.4894        335.00966       258.90106      
5.096           1408.3342       1398.3847       1363.9548       106.95255       668.79757       633.54035       331.58725       256.91811      
5.1             1414.553        1404.0559       1368.1561       109.58719       667.41454       628.45293       328.39949       254.98337      
5.104           1421.1112       1410.0596       1372.659        112.5999        666.02342       623.23158       325.4196        253.08876      
5.108           1428.0151       1416.3945       1377.4342       116.20211       664.56255       617.67056       322.62855       251.23425      
5.112           1435.3405       1423.1356       1382.5558       120.69191       663.0644        611.69275       320.01136       249.42361      
5.116           1443.0353       1430.2257       1388.0521       126.32707       661.57177       605.27173       317.54611       247.65249      
5.12            1451.4311       1437.9855       1393.9563       132.82278       660.10556       598.38172       315.22141       245.92086      
5.124           1460.15         1446.0608       1400.2831       140.20807       658.68029       590.96438       313.02079       244.22871      
5.128           1469.4733       1454.7311       1407.0805       148.27683       657.31543       582.98904       310.93628       242.57701      
5.132           1479.3376       1463.9233       1414.3933       157.15258       656.00498       574.43711       308.95146       240.9622       
5.136           1489.7702       1473.6703       1422.1344       167.2127        654.7516        565.30891       307.05941       239.38556      
5.14            1500.7326       1483.9293       1430.3276       178.6147        653.55157       555.60488       305.24604       237.84188      
5.144           1512.3299       1494.7903       1438.9873       190.90794       652.41474       545.34563       303.50799       236.3355       
5.148           1524.6029       1506.334        1448.3541       206.50235       651.33694       534.58526       301.84012       234.87         
5.152           1537.5824       1518.567        1458.2921       225.34536       650.28783       523.54793       300.22509       233.43486      
5.156           1551.2446       1531.4824       1468.8281       247.49295       649.24326       512.32586       298.65733       232.03113      
5.16            1565.7766       1545.2562       1480.2243       271.2224        648.21401       500.97719       297.13534       230.66021      
5.164           1581.2849       1560.0057       1492.4493       296.4409        647.17523       489.55906       295.65105       229.31588      
5.168           1597.1371       1575.1717       1505.5089       334.77799       646.10085       478.13073       294.20198       228.00815      
5.172           1614.2501       1591.5829       1519.5267       390.22926       645.00157       466.77749       292.78498       226.72892      
5.176           1632.0278       1608.7047       1534.4519       465.10399       643.86382       455.55819       291.38768       225.47362      
5.18            1650.9503       1626.9769       1550.5525       562.74534       642.7009        444.54811       290.01373       224.24478      
5.1833333       1669.3937       1644.8895       1566.4165       671.5875        641.82978       435.34148       288.84609       223.2054       
5.1866667       1686.1782       1661.1613       1580.5903       754.54829       641.05764       426.69676       287.74765       222.22336      
5.19            1703.7254       1678.3053       1596.1918       861.37571       640.25954       418.18638       286.6518        221.25846      
5.1933333       1722.0047       1696.1277       1612.212        972.30046       639.48879       409.98994       285.57253       220.30836      
5.1966667       1741.2419       1714.9811       1629.454        1091.3355       638.73406       402.11676       284.49886       219.36836      
5.2             1761.1802       1734.5647       1647.434        1210.084        638.02537       394.58724       283.4365        218.44362      
5.2033333       1782.0845       1755.171        1666.5703       1323.8534       637.33711       387.42407       282.38666       217.5334       
5.2066667       1803.7202       1776.5603       1686.5868       1423.6092       636.59628       380.62901       281.34375       216.6302       
5.21            1826.173        1798.7931       1707.5348       1505.024        635.79719       374.20214       280.30891       215.73111      
5.2133333       1849.5411       1822.0734       1729.8228       1560.939        634.95905       368.14898       279.27622       214.845        
5.2166667       1874.0821       1846.6117       1753.5938       1584.9686       634.13134       362.47119       278.24482       213.97857      
5.22            1899.6983       1872.3206       1778.7452       1607.0762       633.32072       357.13678       277.19712       213.11076      
5.2228571       1924.278        1897.0608       1803.0934       1627.4876       632.69917       352.741         276.27275       212.361        
5.2257143       1947.0371       1919.9428       1825.9351       1647.7603       632.14592       348.73501       275.37563       211.63522      
5.2285714       1970.7611       1944.0432       1849.7441       1668.4683       631.65384       344.92298       274.49441       210.92804      
5.2314286       1995.162        1968.7335       1874.6406       1691.8094       631.18735       341.30745       273.58895       210.20246      
5.2342857       2020.8201       1994.8692       1901.202        1717.0674       630.86643       337.93166       272.71036       209.50247      
5.2371429       2047.4297       2022.0439       1929.1007       1744.5934       630.78582       334.72629       271.80117       208.77628      
5.24            2074.6602       2049.876        1957.6915       1772.2761       631.02631       331.76082       270.93633       208.09301      
5.2425          2100.5873       2076.3187       1984.8967       1799.1586       631.73798       329.22482       270.12662       207.45525      
5.245           2125.3535       2102.0257       2012.1298       1826.2741       634.16448       326.93863       269.36463       206.84704      
5.2475          2150.483        2127.7598       2038.7414       1853.6691       636.31211       324.73864       268.59592       206.23967      
5.25            2176.6768       2154.96         2068.0505       1884.1789       638.038         322.66894       267.82498       205.6279       
5.2525          2203.6191       2182.8022       2097.4848       1914.8625       639.54016       320.71003       267.06081       205.01942      
5.255           2230.8515       2211.0148       2127.5354       1945.4308       640.72286       318.86476       266.30017       204.41402      
5.2575          2258.0443       2239.1329       2157.1932       1974.698        641.43216       317.11219       265.5343        203.8019       
5.26            2285.2646       2267.2599       2186.7913       2003.3109       641.5051        315.47119       264.78295       203.20012      
5.2625          2312.5865       2295.4996       2216.4665       2031.5615       640.60138       313.9114        264.02939       202.59413      
5.265           2339.6271       2323.3893       2245.5822       2059.0342       638.50954       312.45054       263.29246       201.99879      
5.2675          2366.4362       2351.0938       2274.6974       2086.9389       635.72548       311.0615        262.55973       201.40321      
5.27            2393.0062       2378.5577       2303.6528       2115.4764       631.73718       309.75457       261.83434       200.8081       
5.2725          2419.2088       2405.9492       2333.4636       2145.0642       626.43733       308.50852       261.10667       200.2039       
5.275           2445.6771       2432.9877       2360.923        2172.5996       619.95136       307.29651       260.40567       199.62708      
5.2775          2471.3612       2460.1824       2391.5468       2203.6923       613.26769       306.16884       259.67931       199.01238      
5.28            2497.6303       2487.4021       2420.2188       2232.5876       605.02297       305.0886        258.99225       198.4316       
5.2822222       2521.473        2512.6315       2448.464        2262.1525       596.38191       304.17201       258.35411       197.88446      
5.2844444       2544.5971       2536.6465       2473.9861       2288.1022       587.218         303.31485       257.77145       197.37509      
5.2866667       2566.7734       2559.9569       2499.8262       2315.3109       577.74398       302.5016        257.17976       196.85718      
5.2888889       2588.672        2582.9597       2525.034        2341.6899       567.32232       301.71958       256.60287       196.3525       
5.2911111       2610.3981       2605.8352       2550.4004       2368.6435       556.38523       300.9843        256.03822       195.85087      
5.2933333       2632.3064       2628.9737       2576.1968       2396.7054       545.67362       300.25643       255.47992       195.3519       
5.2955556       2653.8404       2651.7546       2601.7307       2424.5014       535.09994       299.52958       254.92003       194.85055      
5.2977778       2675.1101       2674.2655       2626.9939       2452.2355       525.41868       298.83144       254.3704        194.35372      
5.3             2695.6798       2696.0059       2651.2626       2477.9118       516.56764       298.15653       253.82572       193.85594      
5.302           2714.2398       2715.8074       2673.8367       2503.7809       509.30071       297.57914       253.34083       193.40803      
5.304           2731.7116       2734.318        2694.8205       2527.5674       503.76632       297.08024       252.89712       192.98606      
5.306           2748.3214       2752.0236       2715.1132       2550.6436       498.46954       296.61818       252.45671       192.56692      
5.308           2764.8679       2769.6668       2735.3634       2573.9065       497.02155       296.19948       252.02828       192.15834      
5.31            2780.2206       2786.0723       2754.3485       2596.2537       495.47783       295.82568       251.62536       191.76557      
5.312           2794.9842       2801.887        2772.7588       2618.0341       495.42907       295.45104       251.22615       191.37663      
5.314           2809.2883       2817.2395       2790.735        2639.6103       496.26562       295.09298       250.83582       190.99034      
5.316           2823.126        2832.1182       2808.2837       2660.9874       497.58634       294.75199       250.45854       190.61002      
5.318           2836.3377       2846.3663       2825.195        2681.6909       498.52308       294.41125       250.09249       190.23398      
5.32            2849.1699       2860.2373       2841.7778       2702.319        498.7977        294.13263       249.74629       189.86375      
5.3218182       2860.916        2873.0482       2857.2733       2722.0338       497.83204       293.89628       249.44758       189.53654      
5.3236364       2871.6724       2884.704        2871.3501       2739.9883       497.56195       293.71084       249.18751       189.23391      
5.3254545       2881.7153       2895.6364       2884.6883       2756.8492       500.09381       293.55306       248.92737       188.92412      
5.3272727       2891.4328       2906.2439       2897.7208       2773.6676       502.61005       293.44214       248.68837       188.62694      
5.3290909       2900.914        2916.6285       2910.6015       2790.5104       501.65284       293.35998       248.46508       188.33417      
5.3309091       2910.0101       2926.6276       2923.0871       2806.937        500.35816       293.33153       248.26236       188.04284      
5.3327273       2918.765        2936.2689       2935.1995       2823.0157       498.87426       293.34368       248.10309       187.77127      
5.3345455       2927.16         2945.52         2946.8499       2838.4822       497.33839       293.3502        247.96715       187.50569      
5.3363636       2935.125        2954.3192       2958.0061       2853.4169       495.31783       293.30033       247.85135       187.24615      
5.3381818       2942.5758       2962.5807       2968.5713       2867.7217       493.09382       293.20983       247.77175       187.00199      
5.34            2949.5478       2970.3457       2978.6384       2881.3573       490.64689       293.12423       247.72659       186.76109      
5.3418182       2955.9763       2977.5629       2988.0997       2894.2615       488.94754       293.04164       247.7375        186.54629      
5.3436364       2961.853        2984.1999       2996.9655       2906.5331       488.38205       292.94847       247.79958       186.34866      
5.3454545       2967.3826       2990.4929       3005.4956       2918.5496       490.11292       292.96213       247.91569       186.16557      
5.3472727       2972.8469       2996.6929       3013.8808       2930.3009       492.7306        292.96187       248.07245       185.99309      
5.3490909       2977.987        3002.5631       3021.9228       2941.6766       496.20006       292.96208       248.27409       185.82908      
5.3509091       2982.7916       3008.0839       3029.5928       2952.6411       500.86633       292.93967       248.53415       185.68477      
5.3527273       2987.3221       3013.3082       3036.9024       2963.0902       505.6802        292.84689       248.87071       185.56421      
5.3545455       2991.3502       3018.0453       3043.7323       2973.0988       512.31505       292.5379        249.29554       185.47361      
5.3563636       2995.1585       3022.5113       3050.2266       2982.6092       520.0729        291.89916       249.77432       185.38918      
5.3581818       2998.6389       3026.6775       3056.362        2991.6627       529.14592       291.5453        250.30551       185.32497      
5.36            3001.7561       3030.3628       3061.9358       2999.8597       542.74626       291.2417        250.85288       185.26347      
5.3618182       3004.5943       3033.8039       3067.276        3007.9368       561.04754       290.96891       251.45097       185.21051      
5.3636364       3007.0324       3036.8719       3072.2561       3015.699        581.72291       290.83335       252.13711       185.19787      
5.3654545       3009.515        3039.908        3077.0793       3023.0308       602.08582       290.6686        252.89545       185.22164      
5.3672727       3011.6842       3042.6489       3081.6159       3030.1254       622.61302       290.95311       253.74832       185.26346      
5.3690909       3013.7051       3045.2485       3086.0092       3037.1213       643.59524       291.57504       254.70971       185.34935      
5.3709091       3015.4424       3047.5471       3090.0594       3043.6428       664.58184       292.28662       255.71713       185.44787      
5.3727273       3016.9717       3049.6445       3093.9203       3050.0732       686.40445       293.20226       256.8239        185.56442      
5.3745455       3018.3887       3051.6014       3097.57         3056.1371       707.82418       294.19283       258.02587       185.70432      
5.3763636       3019.4371       3053.179        3100.8071       3061.7599       729.61976       295.48906       259.36455       185.87273      
5.3781818       3020.2608       3054.5084       3103.7421       3066.9741       750.9522        296.98966       260.91424       186.08115      
5.38            3020.7742       3055.5206       3106.3277       3071.7871       772.31937       299.02669       262.72662       186.33519      
5.3818182       3021.0237       3056.2614       3108.6049       3076.239        793.76817       301.68914       264.86963       186.68209      
5.3836364       3021.2625       3056.9769       3110.8128       3080.5374       814.91733       304.62216       267.38332       187.08308      
5.3854545       3021.6222       3057.7651       3112.9737       3084.5927       835.60016       307.18631       270.46308       187.52758      
5.3872727       3021.576        3058.1734       3114.8153       3088.5104       857.86621       309.28864       274.28035       188.08455      
5.3890909       3021.403        3058.4454       3116.494        3092.2293       879.78177       310.81168       278.53059       188.70657      
5.3909091       3020.8631       3058.3763       3117.85         3095.6365       901.83982       312.37054       283.2098        189.46525      
5.3927273       3020.5573       3058.4599       3119.2112       3098.8855       923.62621       312.94555       288.21528       190.37764      
5.3945455       3019.8863       3058.2527       3120.3972       3102.1009       946.60906       312.77263       293.73095       191.52967      
5.3963636       3019.2895       3058.0812       3121.5564       3105.2763       969.99492       311.40732       299.85483       192.89088      
5.3981818       3018.5377       3057.7363       3122.4853       3108.1884       993.92311       311.3284        306.53289       194.39005      
5.4             3017.9318       3057.5697       3123.6046       3111.1719       1018.131        316.68172       313.8948        196.06225      
5.4015385       3017.6212       3057.7452       3125.076        3115.3643       1040.3762       321.85125       319.56887       197.51722      
5.4030769       3017.3025       3057.8255       3126.2172       3118.1564       1059.7893       331.97732       325.0775        199.11672      
5.4046154       3016.4798       3057.3052       3126.6798       3120.2766       1079.5769       338.95956       331.03271       200.7716       
5.4061538       3015.0901       3056.3836       3126.678        3121.649        1100.906        343.70427       337.54489       202.53679      
5.4076923       3013.7348       3055.1273       3126.4122       3123.0198       1122.7241       348.61773       344.18459       204.38478      
5.4092308       3012.5242       3054.1613       3126.3367       3124.3463       1142.6419       355.06292       351.84747       206.42178      
5.4107692       3011.2856       3053.1769       3126.2976       3125.9717       1159.8502       362.71172       360.17051       208.63247      
5.4123077       3009.7376       3051.9374       3126.0372       3127.4293       1176.5733       369.31791       369.19673       210.94777      
5.4138462       3008.4947       3051.0178       3126.0452       3129.1656       1194.0896       378.75232       379.1797        213.40556      
5.4153846       3006.8811       3049.7853       3125.7925       3130.6709       1211.3546       389.28293       389.44246       215.95143      
5.4169231       3005.5435       3048.7551       3125.6274       3132.1582       1228.2796       399.74082       400.40111       218.49021      
5.4184615       3003.9497       3047.4677       3125.2492       3133.5417       1245.8354       410.75511       413.11513       221.50233      
5.42            3002.4819       3046.2804       3124.9315       3135.0097       1264.2196       423.37158       428.24654       224.92845      
5.4214286       3001.2439       3045.4281       3125.1093       3137.4584       1282.8907       436.26422       444.63096       228.28944      
5.4228571       2999.9043       3044.3547       3124.8249       3138.9439       1301.1961       450.88262       463.40292       231.97676      
5.4242857       2998.4278       3043.1349       3124.4097       3140.2682       1320.2054       465.97735       480.63265       236.18324      
5.4257143       2996.6192       3041.5895       3123.6356       3141.175        1339.8342       481.85558       496.29677       241.19491      
5.4271429       2994.9691       3040.1835       3122.9779       3142.2077       1360.2976       501.0124        516.39343       247.0228       
5.4285714       2993.2789       3038.7306       3122.2469       3143.1805       1381.6105       521.15079       526.15873       253.24368      
5.43            2991.2016       3036.8861       3121.1281       3143.7888       1402.8477       543.8968        522.20272       258.80737      
5.4314286       2989.1299       3035.0592       3120.0095       3144.3951       1424.6154       568.46508       516.2532        264.6777       
5.4328571       2987.1102       3033.2805       3118.9482       3145.0892       1447.0794       595.88349       509.78413       271.23105      
5.4342857       2985.0504       3031.4487       3117.8163       3145.7612       1470.4691       626.59047       503.68127       278.82443      
5.4357143       2982.8991       3029.5256       3116.5616       3146.2689       1493.8565       657.90256       519.62737       286.28311      
5.4371429       2980.9754       3027.8155       3115.4988       3147.004        1518.1601       692.24139       539.90236       293.13458      
5.4385714       2978.6049       3025.6879       3114.1185       3147.5761       1542.9696       732.22652       563.95774       299.0015       
5.44            2976.3889       3023.6518       3112.6962       3147.9682       1567.8796       772.9958        590.06145       301.82873      
5.4414286       2974.0411       3021.529        3111.1908       3148.2577       1592.3533       812.30292       609.88262       302.7034       
5.4428571       2971.6808       3019.4253       3109.6993       3148.5795       1617.172        852.74602       631.07344       303.7942       
5.4442857       2969.5801       3017.5668       3108.5064       3149.3993       1643.1307       896.77501       660.79113       310.28621      
5.4457143       2967.3431       3015.5315       3107.0595       3149.8589       1667.9052       940.39821       692.95751       321.6475       
5.4471429       2964.8551       3013.216        3105.2826       3149.8866       1690.9389       982.73662       722.63959       361.2307       
5.4485714       2962.1918       3010.7179       3103.2765       3149.6198       1712.6924       1024.136        752.48538       412.24608      
5.45            2959.5274       3008.2351       3101.3477       3149.5582       1734.5027       1068.2393       786.55545       470.08187      
5.4514286       2956.8387       3005.701        3099.297        3149.2624       1754.777        1109.9433       819.11713       526.44936      
5.4528571       2953.9761       3002.974        3097.0063       3148.6384       1773.658        1150.959        851.05572       544.33101      
5.4542857       2950.9315       3000.0717       3094.5643       3147.9457       1791.9319       1192.2007       882.03312       569.06613      
5.4557143       2948.1358       2997.4166       3092.322        3147.389        1806.4899       1234.4192       914.90217       592.99243      
5.4571429       2945.1834       2994.592        3089.9136       3146.7574       1817.8066       1276.9413       952.25898       613.11422      
5.4585714       2942.1837       2991.7341       3087.4955       3146.1348       1828.6185       1318.8114       987.26793       624.84239      
5.46            2939.4712       2989.1498       3085.2801       3145.5562       1839.1263       1359.3463       1017.7471       666.36035      
5.4614286       2936.2348       2986.0232       3082.4971       3144.4716       1849.6465       1400.0531       1049.5179       703.24962      
5.4628571       2932.8808       2982.7562       3079.4957       3142.9353       1859.0894       1438.5353       1078.1078       786.8126       
5.4642857       2929.4604       2979.4017       3076.3913       3141.3006       1868.4909       1476.1347       1104.7745       885.13393      
5.4657143       2926.0836       2976.1173       3073.4024       3139.9078       1878.8985       1515.818        1135.6385       1013.8611      
5.4671429       2922.7871       2972.8926       3070.4181       3138.4615       1889.4071       1555.5192       1165.1097       1155.001       
5.4685714       2919.3538       2969.5242       3067.2887       3136.8621       1899.6286       1593.9113       1190.963        1314.6827      
5.47            2915.6751       2965.8783       3063.7786       3134.6683       1908.8799       1630.9601       1214.925        1481.3273      
5.4714286       2911.8211       2962.0605       3060.0835       3132.2214       1917.2868       1665.8763       1235.7088       1582.2216      
5.4728571       2907.9341       2958.2028       3056.3385       3129.7084       1925.7223       1700.4946       1257.1977       1655.3084      
5.4742857       2903.9697       2954.2034       3052.3689       3126.8372       1933.4736       1734.6802       1278.5724       1681.2263      
5.4757143       2900.0765       2950.3286       3048.5715       3124.2325       1941.8673       1768.0216       1299.0108       1658.7388      
5.4771429       2896.161        2946.4492       3044.7367       3121.548        1950.307        1801.2827       1320.4222       1585.0839      
5.4785714       2892.2124       2942.3923       3040.6722       3118.5417       1958.3668       1833.28         1340.0285       1478.2459      
5.48            2888.1863       2938.3279       3036.6512       3115.6893       1966.7786       1864.694        1359.4809       1372.9525      
5.4814286       2884.5014       2934.6495       3033.01         3113.2642       1975.6786       1895.2105       1378.3599       1367.3464      
5.4829762       2879.3574       2929.4153       3027.5839       3108.3527       1982.9519       1924.2606       1393.8493       1385.7225      
5.4845238       2874.5321       2924.5287       3022.5603       3104.1821       1990.2623       1950.602        1408.216        1401.7136      
5.4860714       2869.8782       2919.8483       3017.7998       3100.4049       1997.9657       1974.8376       1421.0906       1414.5046      
5.487619        2865.1437       2915.0293       3012.8304       3096.2385       2004.3416       1994.882        1430.4689       1417.9033      
5.4891667       2860.1893       2909.9671       3007.4621       3091.4082       2009.5984       2011.883        1438.9464       1419.912       
5.4907143       2855.6172       2905.3861       3002.5618       3087.2102       2016.0553       2028.7319       1450.6283       1433.8818      
5.4922619       2850.7475       2900.3482       2997.501        3083.0428       2022.8958       2043.4228       1463.99         1453.7534      
5.4938095       2845.9617       2895.4494       2992.4362       3078.8288       2029.8413       2054.6036       1477.6083       1472.4806      
5.4953571       2841.2431       2890.5994       2987.3359       3074.4495       2036.3923       2061.9871       1490.5284       1488.8016      
5.4969048       2836.4348       2885.7329       2982.2363       3070.1542       2043.006        2065.6635       1503.0254       1502.5144      
5.4984524       2831.671        2880.9621       2977.1629       3065.8764       2049.6293       2066.0282       1515.0408       1516.1137      
5.5             2826.7998       2875.8549       2971.9383       3061.3449       2055.6316       2063.19         1525.8148       1528.5815      
5.5016667       2820.6695       2869.4958       2965.2568       3054.9316       2060.8823       2058.4774       1536.7097       1541.2896      
5.5033333       2815.586        2864.2301       2959.7257       3050.155        2067.847        2053.9174       1549.164        1558.0147      
5.505           2810.4424       2858.9805       2954.2632       3045.4286       2074.4772       2049.1655       1562.1472       1573.3348      
5.5066667       2805.3218       2853.7137       2948.6553       3040.5624       2081.2862       2044.8254       1576.0607       1585.2107      
5.5083333       2800.1886       2848.482        2943.1231       3035.795        2088.0221       2040.2702       1589.7182       1592.1099      
5.51            2794.7932       2842.9069       2937.166        3030.384        2093.6792       2034.5825       1601.7833       1592.1257      
5.5116667       2789.4148       2837.368        2931.305        3025.1286       2099.6115       2029.5991       1615.7686       1595.6229      
5.5133333       2784.4044       2832.2063       2925.8813       3020.4398       2106.3517       2012.2554       1631.703        1601.6292      
5.515           2779.4071       2827.0171       2920.4663       3015.7049       2113.0818       1988.0501       1647.6808       1607.6297      
5.5166667       2774.339        2821.7724       2914.9181       3010.8164       2119.4909       1962.9246       1662.8855       1612.4263      
5.5183333       2769.3019       2816.5997       2909.4618       3005.9764       2125.8197       1937.988        1678.1143       1620.6203      
5.52            2764.1173       2811.2193       2903.6921       3000.8222       2131.9324       1913.43         1693.8773       1635.0926      
5.5218182       2757.8111       2804.7054       2896.7574       2994.2509       2137.9926       1886.7434       1710.9267       1653.5176      
5.5236364       2752.9414       2799.6289       2891.1996       2989.1591       2144.9672       1859.793        1728.6733       1675.5927      
5.5254545       2746.3887       2792.8684       2884.16         2983.0309       2151.2443       1832.2966       1746.2116       1699.4999      
5.5272727       2741.9858       2788.3251       2879.1701       2978.3767       2158.2402       1806.0003       1763.4096       1722.1296      
5.5290909       2735.4343       2781.5036       2871.9919       2971.9299       2163.7685       1778.5925       1778.7614       1742.5035      
5.5309091       2730.7969       2776.7249       2866.9023       2967.0652       2170.3066       1752.8082       1794.4091       1761.7168      
5.5327273       2724.4344       2770.0392       2859.7839       2960.6352       2175.636        1726.4301       1808.8877       1779.9745      
5.5345455       2719.5935       2765.1009       2854.4774       2955.5263       2181.4849       1701.2047       1822.9092       1794.5714      
5.5363636       2713.3295       2758.4869       2847.4034       2948.9786       2186.2454       1675.6251       1836.4568       1808.8942      
5.5381818       2707.8364       2752.8172       2841.4318       2943.3087       2191.4227       1666.8539       1849.8505       1821.2613      
5.54            2702.521        2747.2529       2835.212        2937.498        2196.535        1674.8812       1862.9207       1830.8854      
5.542           2695.5847       2740.0373       2827.5186       2929.8086       2201.195        1686.2211       1878.9081       1842.041       
5.544           2690.0271       2734.1426       2820.9916       2923.6703       2207.1392       1698.1816       1896.1533       1856.2466      
5.546           2683.5725       2727.482        2814.0213       2917.0458       2211.9842       1708.8544       1912.2152       1869.6073      
5.548           2678.0669       2721.6429       2807.5112       2910.7815       2217.5381       1719.9719       1928.403        1884.8967      
5.55            2671.5606       2714.9053       2800.5942       2903.9551       2221.8049       1729.7743       1944.6503       1898.5272      
5.552           2665.7843       2708.8087       2793.6902       2897.3196       2226.328        1739.5533       1965.2019       1910.0535      
5.554           2659.4856       2702.2029       2786.5221       2890.3229       2230.0081       1748.4854       1998.3682       1919.3294      
5.556           2653.3386       2695.7368       2779.4526       2883.3397       2233.6408       1757.3643       2046.2216       1929.3368      
5.558           2647.1825       2689.2452       2772.352        2876.2491       2236.9959       1766.0455       2106.8251       1940.3969      
5.56            2641.0908       2682.8467       2765.368        2869.3335       2240.4683       1774.3693       2187.0794       1951.5128      
5.562           2635.119        2676.5869       2758.5533       2862.6186       2243.9203       1783.2461       2275.167        1964.6577      
5.564           2629.4931       2670.6209       2751.9137       2856.017        2247.3693       1792.2371       2358.3171       1978.2165      
5.566           2623.4111       2664.2568       2745.0584       2849.1595       2250.3901       1800.8112       2427.0538       1991.8148      
5.568           2617.6852       2658.2449       2738.5732       2842.4659       2253.5916       1809.3824       2479.2525       2005.824       
5.57            2611.5634       2651.8006       2731.6325       2835.4209       2255.9593       1816.7972       2515.1687       2017.3658      
5.572           2606.146        2646.0015       2725.1155       2828.743        2258.7683       1824.4733       2529.8934       2030.2911      
5.574           2600.1234       2639.6838       2718.2786       2821.811        2260.9099       1831.5821       2532.3473       2042.7814      
5.576           2594.3964       2633.6305       2711.6178       2814.934        2262.7752       1837.9869       2532.3601       2052.9503      
5.578           2588.6191       2627.5234       2704.9052       2807.9617       2264.2632       1843.8194       2532.3456       2062.9107      
5.58            2582.8204       2621.3843       2698.1615       2800.9877       2265.7054       1849.5955       2532.3763       2073.4323      
5.582           2577.0834       2615.3102       2691.4963       2794.0785       2267.0116       1855.1799       2531.8508       2083.7707      
5.584           2571.4747       2609.3755       2684.9817       2787.2616       2268.2037       1860.533        2531.564        2094.5527      
5.586           2565.9417       2603.5051       2678.5351       2780.5434       2269.2964       1865.5616       2530.3434       2105.2404      
5.588           2560.3687       2597.5963       2671.9764       2773.8111       2270.1081       1870.1888       2528.7727       2115.8412      
5.59            2554.7997       2591.6819       2665.4346       2766.9547       2270.7526       1874.7342       2527.2916       2126.6945      
5.592           2549.2178       2585.7295       2658.8383       2759.9447       2271.1927       1879.0764       2525.025        2137.6026      
5.594           2543.6658       2579.8198       2652.2912       2752.9784       2271.5667       1883.154        2522.2221       2148.8306      
5.596           2538.2561       2574.0518       2645.9295       2746.3061       2272.0461       1887.0744       2518.1821       2159.3021      
5.598           2532.7003       2568.1444       2639.3192       2739.02         2271.5103       1890.412        2512.7738       2169.3255      
5.6             2527.2339       2562.3231       2632.796        2731.9171       2271.1514       1893.9454       2506.7744       2178.9946      
5.6022222       2520.8882       2555.5984       2625.4475       2723.856        2271.3199       1898.1195       2499.4005       2188.8573      
5.6044444       2515.327        2549.6737       2618.8991       2717.0306       2271.589        1902.2196       2491.4632       2199.8597      
5.6066667       2509.6906       2543.7029       2612.3295       2710.1721       2271.66         1905.9734       2482.4068       2210.7959      
5.6088889       2504.2156       2537.8708       2605.8518       2703.3609       2271.8633       1909.9349       2471.7911       2222.7617      
5.6111111       2498.7061       2531.9949       2599.3544       2696.4956       2271.9871       1913.6857       2457.4736       2235.3321      
5.6133333       2493.2357       2526.1784       2593.0487       2689.4628       2272.026        1917.2889       2439.7995       2248.4393      
5.6155556       2487.834        2520.4272       2586.7013       2682.6573       2272.0548       1920.8811       2419.8171       2262.3365      
5.6177778       2482.4758       2514.7122       2580.3667       2675.9422       2271.9842       1924.3705       2397.4659       2276.1191      
5.62            2477.1388       2509.0287       2574.059        2669.2825       2271.8785       1927.9742       2373.433        2291.2153      
5.6222222       2471.9133       2503.4533       2567.8804       2662.7267       2271.7778       1931.6401       2333.0312       2305.5299      
5.6244444       2466.7235       2497.9222       2561.7863       2656.2043       2271.6729       1935.3413       2270.4168       2324.3189      
5.6266667       2461.5741       2492.4178       2555.667        2649.6093       2271.1556       1939.1931       2209.4378       2350.4989      
5.6288889       2456.5156       2487.0331       2549.6518       2643.2096       2270.9078       1943.2456       2152.8909       2379.6144      
5.6311111       2451.5454       2481.7264       2543.7814       2636.9435       2270.7215       1949.2322       2100.7504       2407.0376      
5.6333333       2446.6164       2476.4661       2537.9497       2630.6998       2270.4799       1960.4164       2052.8036       2427.7625      
5.6355556       2441.7282       2471.2522       2532.1602       2624.4795       2270.1629       1977.7334       2032.317        2439.7609      
5.6377778       2437.1615       2466.3382       2526.6445       2618.4542       2269.8599       2001.4523       2031.0482       2446.054       
5.64            2432.0765       2460.946        2520.7236       2612.1341       2269.289        2030.777        2031.7571       2447.6161      
5.6422222       2427.4061       2455.9535       2515.1648       2606.0622       2268.8608       2066.0223       2032.5559       2446.7665      
5.6444444       2422.7444       2450.9693       2509.6339       2599.9427       2268.3666       2114.9901       2033.0835       2444.2276      
5.6466667       2418.382        2446.2581       2504.294        2594.1683       2267.8779       2165.514        2033.3885       2440.3649      
5.6488889       2413.5317       2441.1042       2498.5714       2588.293        2267.2796       2214.7759       2033.4551       2435.6433      
5.6511111       2409.1204       2436.3703       2493.2648       2582.4857       2266.6862       2259.268        2033.8792       2430.8899      
5.6533333       2404.6827       2431.6164       2487.9738       2576.6603       2266.0677       2296.3881       2034.1509       2425.9661      
5.6555556       2400.3881       2427.0068       2482.8144       2570.9582       2265.4373       2325.9427       2034.3656       2420.6201      
5.6577778       2396.0879       2422.4142       2477.6243       2565.2606       2264.7278       2348.3086       2034.4384       2414.7187      
5.66            2391.7106       2417.7532       2472.4556       2559.6001       2264.0023       2363.9704       2034.6053       2408.5761      
5.6622222       2387.6853       2413.358        2467.4551       2554.0626       2263.2662       2364.86         2034.5197       2402.026       
5.6644444       2383.2894       2408.7275       2462.3589       2548.4775       2262.1678       2362.9594       2034.7552       2395.2485      
5.6666667       2379.4288       2404.5077       2457.5004       2543.0532       2261.2258       2360.7999       2034.375        2387.7565      
5.6688889       2375.1076       2399.9478       2452.522        2537.5114       2260.2746       2358.681        2034.2467       2380.0364      
5.6711111       2371.3809       2395.8737       2447.8395       2532.2555       2259.2524       2356.5922       2033.8691       2371.8964      
5.6733333       2367.4163       2391.6227       2443.0388       2526.9423       2258.1177       2354.4384       2033.5204       2362.4602      
5.6755556       2363.5343       2387.4418       2438.2948       2521.5988       2256.8462       2352.2413       2033.0861       2351.8978      
5.6777778       2359.7146       2383.323        2433.6619       2516.3382       2255.5506       2350.0681       2032.5833       2340.1442      
5.68            2355.9914       2379.3184       2429.1244       2511.312        2254.4277       2347.8176       2031.9248       2326.4265      
5.6825          2351.4456       2374.4413       2423.6223       2504.9101       2253.1553       2345.1623       2030.8567       2306.0406      
5.685           2347.4475       2370.1812       2418.7809       2499.4972       2251.3405       2342.4858       2030.0186       2280.7445      
5.6875          2343.5473       2365.972        2413.9847       2494.193        2249.328        2339.7105       2029.0568       2252.2624      
5.69            2339.7691       2361.879        2409.2963       2489.0577       2247.5716       2337.0193       2028.3319       2214.5815      
5.6925          2336.0001       2357.79         2404.6255       2484.1328       2245.7364       2334.3002       2027.6812       2148.9514      
5.695           2332.2865       2353.7811       2400.1259       2478.1719       2243.6923       2331.4473       2027.0963       2086.6865      
5.6975          2328.526        2349.7386       2395.5422       2472.2532       2241.4571       2328.4306       2026.6174       2031.5116      
5.7             2324.7811       2345.7017       2390.9498       2466.4607       2239.1394       2325.3581       2026.2676       1991.0988      
5.7025          2321.1676       2341.8036       2386.491        2461.2264       2236.8706       2322.2944       2026.3067       1983.6547      
5.705           2317.7559       2338.0988       2382.2243       2456.2406       2234.6333       2319.2253       2026.2145       1982.1785      
5.7075          2314.4086       2334.4981       2378.0939       2451.3735       2232.4912       2316.166        2026.0723       1981.3017      
5.71            2311.1681       2330.9951       2374.0723       2446.6193       2230.2863       2313.0368       2026.0323       1980.5433      
5.7125          2308.0026       2327.5735       2370.149        2441.9629       2228.0058       2309.7171       2026.0653       1979.7802      
5.715           2304.9228       2324.2377       2366.3173       2437.3667       2225.6369       2306.2298       2026.3207       1979.8884      
5.7175          2301.8665       2320.9239       2362.5031       2432.9259       2223.2897       2302.768        2026.8923       1980.6016      
5.72            2298.7486       2317.6063       2358.7709       2428.5238       2221.0026       2299.4226       2027.7203       1981.9888      
5.7225          2295.998        2314.5795       2355.2336       2424.2903       2218.7255       2296.0704       2028.9271       1984.5122      
5.725           2292.9968       2311.3837       2351.6356       2420.0885       2216.6215       2292.9109       2034.5628       1988.3931      
5.7275          2290.4136       2308.5375       2348.2975       2416.1101       2214.5462       2289.771        2049.671        1991.4462      
5.73            2287.5713       2305.5097       2344.8799       2412.1338       2212.5985       2286.7937       2075.3185       1991.157       
5.7325          2285.1118       2302.8116       2341.7523       2408.2802       2210.6255       2283.7787       2110.4196       1984.3627      
5.735           2282.3739       2299.8973       2338.4876       2404.4427       2208.7578       2280.8718       2159.8943       1973.4682      
5.7375          2279.977        2297.2616       2335.3972       2400.8034       2206.8437       2277.8939       2207.0147       1964.7541      
5.74            2277.3456       2294.4657       2332.2583       2397.1923       2205.0281       2275.0095       2243.6819       1962.6333      
5.7425          2275.0714       2291.9589       2329.3194       2393.72         2203.1606       2272.0294       2268.7779       1962.3796      
5.745           2272.6253       2289.3427       2326.3487       2390.2528       2201.3124       2269.0958       2282.5787       1962.2229      
5.7475          2270.3256       2286.8445       2323.4687       2386.882        2199.4361       2266.0929       2280.9876       1962.1251      
5.75            2268.0566       2284.3983       2320.6644       2383.6009       2197.5928       2263.0846       2277.5432       1962.1807      
5.7525          2265.7811       2281.9479       2317.8597       2380.3497       2195.6616       2260.0485       2274.1306       1962.5656      
5.755           2263.7001       2279.6793       2315.215        2377.2413       2193.7732       2257.014        2270.7064       1963.1365      
5.7575          2261.5819       2277.4012       2312.595        2374.1086       2191.8533       2253.9302       2267.2973       1963.9524      
5.76            2259.5073       2275.1555       2310.0073       2371.06         2189.9916       2250.8177       2263.8162       1964.978       
5.7625          2257.4695       2272.9509       2307.4608       2368.0808       2188.1067       2247.671        2260.3162       1966.2519      
5.765           2255.5103       2270.8332       2304.9769       2365.1766       2186.2068       2244.4877       2256.8203       1967.6634      
5.7675          2253.6074       2268.7665       2302.5638       2362.3401       2184.2873       2241.2689       2253.3181       1969.1967      
5.77            2251.6806       2266.6943       2300.1775       2359.5635       2182.3741       2238.0097       2249.7119       1970.775       
5.7725          2249.8566       2264.718        2297.8713       2356.8702       2180.4416       2234.6977       2245.9844       1972.6123      
5.775           2248.0503       2262.7685       2295.5978       2354.2364       2178.4999       2231.3568       2242.2106       1974.6245      
5.7775          2246.3067       2260.8923       2293.4074       2351.7311       2176.5622       2227.9986       2238.3903       1976.8752      
5.78            2244.572        2259.0292       2291.2361       2349.3165       2174.6077       2224.6239       2234.5336       1979.5869      
5.7825          2242.9083       2257.2404       2289.1573       2346.9439       2172.645        2221.2325       2230.6227       1982.8003      
5.785           2241.2814       2255.4895       2287.104        2344.5108       2170.6861       2217.8168       2226.6134       1986.6933      
5.7875          2239.6905       2253.7861       2285.0918       2341.5932       2168.7378       2214.3822       2222.5244       1991.0315      
5.79            2238.1488       2252.1266       2283.1244       2339.1623       2166.7692       2210.9129       2218.3418       1995.8483      
5.7925          2236.6243       2250.4964       2281.1943       2336.8021       2164.7753       2207.4256       2214.0713       2000.2909      
5.795           2235.1554       2248.9323       2279.3401       2334.3786       2162.7887       2203.9164       2209.7129       2004.8026      
5.7975          2233.7505       2247.4247       2277.5424       2331.7547       2160.8127       2200.3949       2205.2562       2009.609       
5.8             2232.3799       2245.9546       2275.7821       2329.7338       2158.8263       2196.8801       2200.7609       2015.27        
5.8028571       2230.7035       2244.1577       2273.684        2326.9403       2156.7916       2192.9484       2195.4917       2024.5104      
5.8057143       2229.2961       2242.6243       2271.7952       2324.3352       2154.407        2188.8505       2190.2938       2041.0247      
5.8085714       2227.7576       2241.0145       2269.8997       2321.9397       2152.0136       2184.7563       2185.0628       2067.1548      
5.8114286       2226.4287       2239.5965       2268.1925       2319.7993       2149.7841       2180.7761       2179.8543       2087.3209      
5.8135714       2225.5804       2238.735        2267.0856       2318.8645       2147.6237       2177.7997       2176.3614       2098.4537      
5.8157143       2224.6798       2237.8069       2266.0347       2317.9603       2146.403        2175.0738       2172.4687       2103.1761      
5.8178571       2223.9569       2237.0058       2264.9896       2316.7076       2145.2262       2172.314        2168.3683       2104.3968      
5.82            2222.9365       2235.9245       2263.6912       2315.0623       2143.7873       2169.4722       2164.2855       2103.3194      
5.8222222       2221.9258       2234.8578       2262.4025       2313.3547       2142.3433       2166.5764       2160.0739       2100.4843      
5.8241975       2221.167        2234.0744       2261.4021       2312.2812       2140.6705       2164.0397       2156.7351       2098.195       
5.8261728       2220.3179       2233.1764       2260.3367       2311.1295       2139.3634       2161.5493       2153.1396       2095.0704      
5.8281481       2219.6642       2232.4754       2259.4354       2310.0067       2138.1339       2159.1089       2149.5608       2091.9639      
5.8301235       2218.8348       2231.6073       2258.3786       2308.7032       2136.836        2156.6451       2145.9043       2088.7452      
5.8320988       2218.0614       2230.8006       2257.4011       2307.4739       2135.5464       2154.2324       2142.2883       2085.6009      
5.8340741       2217.4023       2230.0958       2256.4958       2306.2949       2134.2258       2151.7922       2138.6591       2082.4358      
5.8360494       2216.612        2229.2799       2255.5212       2305.1017       2132.9164       2149.4331       2135.1856       2079.3794      
5.8380247       2215.997        2228.6345       2254.6884       2304.0073       2131.6443       2147.141        2131.8125       2076.3393      
5.84            2215.2786       2227.8884       2253.7834       2302.8848       2130.3666       2144.8904       2128.5151       2073.3302      
5.8422222       2214.509        2227.0633       2252.7854       2301.3739       2129.1933       2142.3722       2124.6505       2069.4844      
5.8444444       2213.8334       2226.3383       2251.8443       2300.0151       2127.6689       2139.8227       2121.0516       2066.1112      
5.8466667       2213.1255       2225.5991       2250.9329       2298.8233       2126.3491       2137.6053       2117.7281       2062.9378      
5.8488889       2212.3678       2224.8214       2250.0031       2297.677        2124.9474       2135.1444       2114.2167       2059.6603      
5.8511111       2211.6378       2224.066        2249.0928       2296.5554       2123.4362       2132.6204       2110.7022       2056.3852      
5.8533333       2211.285        2223.6651       2248.4843       2295.6636       2122.1451       2130.3558       2107.3291       2053.1154      
5.8555556       2210.3795       2222.7668       2247.4986       2294.5524       2120.7599       2128.0636       2103.9637       2049.823       
5.8577778       2209.9993       2222.3349       2246.8636       2293.6453       2119.4169       2125.8225       2100.654        2046.5501      
5.86            2209.4423       2221.7492       2246.1323       2292.7093       2118.0874       2123.6483       2097.4201       2043.3117      
5.862           2208.8575       2221.1783       2245.4812       2292.115        2116.7964       2121.9553       2094.857        2040.8573      
5.864           2208.4717       2220.7823       2245.0061       2291.5591       2115.7297       2120.0568       2091.9838       2037.9446      
5.866           2207.9661       2220.2563       2244.4196       2290.8546       2114.635        2118.1882       2089.1433       2034.9316      
5.868           2207.6045       2219.8415       2243.8947       2290.1051       2113.4836       2116.3165       2086.3364       2031.9351      
5.87            2207.1071       2219.3292       2243.3176       2289.3403       2112.3489       2114.5369       2083.6303       2028.9801      
5.872           2206.6121       2218.8435       2242.7771       2288.625        2111.2032       2112.7667       2080.9795       2026.0946      
5.874           2206.2151       2218.4171       2242.2518       2287.8878       2109.9979       2110.97         2078.3499       2023.2301      
5.876           2205.806        2217.9733       2241.7349       2287.1864       2108.8443       2109.2378       2075.768        2020.3988      
5.878           2205.3929       2217.541        2241.2637       2286.5632       2107.7671       2107.5893       2073.2662       2017.6342      
5.88            2205.0199       2217.1428       2240.7998       2285.9221       2106.6308       2105.9027       2070.7789       2014.8897      
5.8822222       2204.5815       2216.6554       2240.2507       2284.9449       2105.4882       2103.8712       2067.8017       2011.4622      
5.8844444       2204.227        2216.2672       2239.7917       2284.1848       2104.2601       2102.1573       2065.1751       2008.5195      
5.8866667       2203.6757       2215.685        2239.1771       2283.3783       2102.9086       2100.3408       2062.5613       2005.6336      
5.8888889       2203.3864       2215.3549       2238.8058       2282.8421       2101.7198       2098.6205       2059.9819       2002.7928      
5.8911111       2203.0277       2214.9633       2238.3903       2282.2866       2100.4869       2096.8555       2057.4324       2000.0078      
5.8933333       2202.6875       2214.5943       2237.9964       2281.7556       2099.2862       2095.1171       2054.914        1997.264       
5.8955556       2202.3848       2214.2571       2237.634        2281.2545       2098.0795       2093.3772       2052.4388       1994.5832      
5.8977778       2202.0385       2213.8862       2237.2493       2280.7505       2096.8809       2091.6669       2050.0169       1991.9328      
5.9             2201.8122       2213.6127       2236.9362       2280.3029       2095.6735       2089.914        2047.5998       1989.285       
5.9025          2201.4667       2213.2326       2236.56         2279.5617       2094.5261       2087.8902       2044.7379       1985.9471      
5.9054167       2201.0532       2212.756        2236.0375       2278.4659       2093.0553       2085.5269       2041.4389       1982.1229      
5.9083333       2200.7038       2212.3794       2235.6131       2277.6894       2091.4314       2083.4976       2038.5862       1978.9897      
5.91125         2200.3047       2211.9588       2235.1778       2277.1171       2089.8317       2081.4049       2035.7377       1975.9079      
5.9141667       2200.0553       2211.7016       2234.9458       2276.8403       2088.4713       2079.4729       2032.9795       1972.9548      
5.9170833       2199.8853       2211.5032       2234.7375       2276.5528       2087.0663       2077.4574       2030.225        1969.9887      
5.92            2199.6652       2211.2695       2234.5198       2276.2795       2085.7388       2075.5484       2027.6056       1967.1504      
5.9228571       2199.4875       2211.0829       2234.342        2276.0819       2084.4095       2073.7175       2025.1661       1964.5197      
5.9257143       2199.2959       2210.8657       2234.1414       2275.8812       2083.1122       2071.8797       2022.767        1961.9744      
5.9285714       2199.1629       2210.7064       2233.9972       2275.7113       2081.8383       2070.0834       2020.4554       1959.5011      
5.9314286       2199.0119       2210.5357       2233.8475       2275.5495       2080.5765       2068.3302       2018.2271       1957.1452      
5.9342857       2198.8837       2210.3916       2233.7289       2275.4499       2079.3275       2066.6028       2016.0615       1954.8741      
5.9371429       2198.7696       2210.2577       2233.6129       2275.1282       2078.1083       2064.9          2013.9377       1952.6915      
5.94            2198.6971       2210.1634       2233.537        2274.9508       2076.9019       2063.2114       2011.8532       1950.5812      
5.9428571       2198.5672       2210.0229       2233.4347       2274.8018       2075.7113       2061.5535       2009.8288       1948.5561      
5.9457143       2198.5124       2209.9554       2233.4035       2274.7142       2074.5382       2059.9004       2007.841        1946.5917      
5.9485714       2198.4075       2209.8385       2233.3291       2274.6101       2073.3842       2058.2846       2005.9147       1944.6943      
5.9514286       2198.4133       2209.8315       2233.3576       2274.5041       2072.2592       2056.6842       2004.0277       1942.863       
5.9542857       2198.3399       2209.7434       2233.2998       2274.1375       2071.1466       2055.1095       2002.1922       1941.0849      
5.9571429       2198.3089       2209.7032       2233.3087       2274.1168       2070.0435       2053.5614       2000.4026       1939.357       
5.96            2198.2829       2209.6691       2233.3329       2274.161        2068.9647       2052.0271       1998.6416       1937.6435      
5.9628571       2198.3064       2209.6813       2233.4063       2274.2385       2068.0188       2050.5194       1996.9103       1935.9705      
5.9657143       2198.2693       2209.6433       2233.4371       2274.2748       2067.028        2049.0231       1995.2121       1934.3297      
5.9685714       2198.3144       2209.676        2233.5326       2274.3705       2066.0734       2047.5539       1993.5566       1932.7163      
5.9714286       2198.3296       2209.6853       2233.6103       2274.4638       2065.1713       2046.1077       1991.9458       1931.1262      
5.9742857       2198.3243       2209.6775       2233.6843       2274.556        2064.2432       2044.7174       1990.3947       1929.5636      
5.9771429       2198.445        2209.7916       2233.8699       2274.6963       2063.3126       2043.3098       1988.8516       1927.9861      
5.98            2198.4331       2209.7844       2233.9603       2274.8164       2062.4695       2041.9949       1987.3874       1926.4612      
5.9828571       2198.4826       2209.8371       2234.1084       2274.955        2061.6314       2040.6848       1985.9386       1924.9306      
5.9857143       2198.5146       2209.8643       2234.2366       2275.0933       2060.8478       2039.4367       1984.5301       1923.3886      
5.9885714       2198.6684       2210.0079       2234.469        2275.3211       2060.0771       2038.1846       1983.1487       1921.9204      
5.9914286       2198.6907       2210.02         2234.5873       2275.4827       2059.3398       2036.9859       1981.7583       1920.3236      
5.9942857       2198.8665       2210.1809       2234.8531       2275.7544       2058.6547       2035.8068       1980.4369       1918.9092      
5.9971429       2198.834        2210.1413       2234.9232       2275.8681       2057.9312       2034.6579       1979.1213       1917.4038      
6               2199.0236       2210.3237       2235.2242       2276.1681       2057.303        2033.551        1977.8471       1916.0256      
6.0028571       2199.0704       2210.3547       2235.3713       2276.3478       2056.6503       2032.4666       1976.5766       1914.5893      
6.0057143       2199.1873       2210.4574       2235.5982       2276.5935       2056.0451       2031.4184       1975.3282       1913.2147      
6.0085714       2199.2684       2210.5288       2235.7979       2276.8168       2055.4554       2030.4042       1974.0961       1911.8579      
6.0114286       2199.354        2210.5939       2235.9933       2277.0396       2054.8871       2029.4158       1972.8734       1910.5399      
6.0142857       2199.4848       2210.6959       2236.2226       2277.2904       2054.3554       2028.4612       1971.6614       1909.2592      
6.0171429       2199.6184       2210.8039       2236.4623       2277.5523       2053.8519       2027.5407       1970.4616       1908.0234      
6.02            2199.7068       2210.8684       2236.6708       2277.7943       2053.3649       2026.6522       1969.2738       1906.8448      
6.0225          2199.7765       2210.9315       2236.8541       2278.2067       2052.7599       2026.0393       1968.4711       1906.2487      
6.025           2199.8863       2211.033        2237.1194       2278.6343       2052.5451       2025.2842       1967.3757       1905.2674      
6.0275          2200.1123       2211.2229       2237.4203       2278.9697       2052.246        2024.5399       1966.304        1904.277       
6.03            2200.2322       2211.3024       2237.6065       2279.181        2051.9033       2023.8379       1965.267        1903.3453      
6.0325          2200.2926       2211.3299       2237.7591       2279.3645       2051.5524       2023.166        1964.2454       1902.4717      
6.035           2200.3906       2211.391        2237.939        2279.5622       2051.2201       2022.5288       1963.249        1901.6502      
6.0375          2200.4859       2211.4483       2238.1161       2279.7588       2050.9026       2021.9134       1962.2673       1900.8769      
6.04            2200.5904       2211.5127       2238.2985       2279.9601       2050.6025       2021.325        1961.3028       1900.1492      
6.0428571       2200.8393       2211.6883       2238.5836       2280.0148       2050.4921       2020.5775       1960.0229       1898.9947      
6.0457143       2200.9024       2211.6958       2238.7053       2280.0654       2050.054        2020.0249       1959.0087       1898.2806      
6.0485714       2200.8479       2211.5933       2238.7447       2280.1345       2049.67         2019.4688       1957.984        1897.6445      
6.0514286       2200.9121       2211.6146       2238.9169       2280.3521       2049.4148       2018.944        1956.9587       1897.047       
6.0542857       2201.0623       2211.7053       2239.1247       2280.5782       2049.1466       2018.4012       1955.9354       1896.4687      
6.0571429       2201.1613       2211.7523       2239.3026       2280.8027       2048.9295       2017.9161       1954.9365       1895.9168      
6.06            2201.252        2211.7856       2239.4572       2281.0029       2048.7089       2017.4461       1953.9656       1895.3993      
6.0628571       2201.3426       2211.8184       2239.6089       2281.2021       2048.5042       2017.0051       1953.0262       1894.9049      
6.0657143       2201.4748       2211.8836       2239.7832       2281.4175       2048.3158       2016.5876       1952.1205       1894.4314      
6.0685714       2201.637        2211.9692       2239.9724       2281.6446       2048.1413       2016.1953       1951.2528       1893.9797      
6.0714286       2201.7994       2212.0572       2240.1641       2281.8754       2047.9852       2015.8272       1950.4233       1893.5438      
6.0742857       2201.925        2212.1125       2240.3279       2282.0858       2047.8339       2015.475        1949.6332       1893.1262      
6.0771429       2201.9786       2212.0923       2240.4091       2282.2244       2047.6645       2015.1432       1948.8909       1892.7194      
6.08            2201.9616       2212.0078       2240.4451       2282.3486       2047.5206       2014.8218       1948.1957       1892.3353      
6.0828571       2201.9709       2211.9402       2240.4784       2282.4467       2047.3595       2014.5258       1947.5494       1891.9497      
6.0857143       2201.9978       2211.8846       2240.5223       2282.5535       2047.2138       2014.2421       1946.9472       1891.5793      
6.0885714       2202.0312       2211.8305       2240.5596       2282.6509       2047.0736       2013.9779       1946.3923       1891.2293      
6.0914286       2202.0728       2211.7857       2240.6047       2282.7522       2046.9431       2013.7268       1945.8791       1890.8801      
6.0942857       2202.0992       2211.7248       2240.6281       2282.8382       2046.8156       2013.486        1945.4056       1890.5253      
6.0971429       2202.0716       2211.6151       2240.6097       2282.8953       2046.6877       2013.2545       1944.9734       1890.1811      
6.1             2202.101        2211.5604       2240.6362       2282.9769       2046.5708       2013.0389       1944.5835       1889.8548      
6.1028571       2202.1087       2211.4835       2240.6353       2283.0421       2046.4577       2012.8356       1944.2303       1889.5106      
6.1057143       2202.0547       2211.3486       2240.5681       2283.0615       2046.3362       2012.644        1943.9159       1889.1738      
6.1085714       2202.009        2211.2229       2240.5073       2283.0822       2046.2187       2012.4648       1943.6393       1888.8538      
6.1114286       2201.9552       2211.0888       2240.4341       2283.0849       2046.0974       2012.2963       1943.3974       1888.5486      
6.1142857       2201.9098       2210.9605       2240.3586       2283.0772       2045.9719       2012.1344       1943.1909       1888.2482      
6.1171429       2201.7626       2210.7276       2240.2124       2283.0219       2045.8413       2011.9782       1943.0028       1887.9482      
6.12            2201.6691       2210.5404       2240.0996       2282.9798       2045.7094       2011.8349       1942.859        1887.6638      
6.1228571       2201.5716       2210.3515       2239.9856       2282.9369       2045.5833       2011.6957       1942.7342       1887.3979      
6.1257143       2201.4743       2210.1628       2239.8661       2282.8875       2045.452        2011.5617       1942.6397       1887.1604      
6.1285714       2201.3159       2209.923        2239.7057       2282.8019       2045.3167       2011.4354       1942.5543       1886.9675      
6.1314286       2201.1505       2209.6703       2239.5177       2282.6844       2045.1594       2011.3109       1942.5029       1886.8017      
6.1342857       2201            2209.4388       2239.3498       2282.5722       2045.0126       2011.1997       1942.4471       1886.6751      
6.1371429       2200.8308       2209.1859       2239.1536       2282.4325       2044.8681       2011.0945       1942.4223       1886.5884      
6.14            2200.633        2208.9121       2238.941        2282.2805       2044.7142       2011.0002       1942.4053       1886.5524      
6.1428571       2200.4284       2208.6322       2238.7179       2282.1176       2044.5565       2010.9135       1942.41         1886.5911      
6.1457143       2200.2374       2208.3658       2238.4995       2281.9523       2044.3967       2010.8269       1942.42         1886.683       
6.1485714       2199.989        2208.0465       2238.234        2281.7502       2044.2257       2010.74         1942.435        1886.8102      
6.1514286       2199.7305       2207.7188       2237.9573       2281.5315       2044.0478       2010.654        1942.4508       1886.9879      
6.1542857       2199.4529       2207.373        2237.659        2281.2924       2043.8597       2010.5662       1942.4668       1887.2191      
6.1571429       2199.1682       2207.0233       2237.3531       2281.0343       2043.6661       2010.481        1942.477        1887.5081      
6.16            2198.8641       2206.6669       2237.0378       2280.7696       2043.4658       2010.3956       1942.4896       1887.8719      
6.1628571       2198.5413       2206.2968       2236.7115       2280.4937       2043.2628       2010.3132       1942.4988       1888.3163      
6.1657143       2198.2333       2205.9388       2236.3866       2280.2121       2043.0526       2010.2296       1942.4973       1888.757       
6.1685714       2197.8836       2205.5513       2236.0241       2279.9004       2042.8327       2010.1465       1942.4851       1889.239       
6.1714286       2197.5368       2205.1787       2235.662        2279.583        2042.6058       2010.0597       1942.4591       1889.7436      
6.1742857       2197.149        2204.767        2235.265        2279.2311       2042.3674       2009.974        1942.4273       1890.3388      
6.1771429       2196.7226       2204.3136       2234.8225       2278.839        2042.1112       2009.8817       1942.3841       1890.9913      
6.18            2196.2874       2203.8471       2234.3614       2278.4272       2041.849        2009.7841       1942.3292       1891.7047      
6.1828571       2195.9048       2203.4451       2233.9699       2278.0675       2041.6001       2009.6869       1942.2571       1892.3943      
6.1857143       2195.4752       2202.9896       2233.5175       2277.6508       2041.3383       2009.5775       1942.1712       1893.1432      
6.1885714       2194.9793       2202.4693       2232.9889       2277.1454       2041.0281       2009.4638       1942.0815       1893.993       
6.1914286       2194.5161       2201.982        2232.5002       2276.684        2040.7252       2009.3479       1941.9835       1894.9011      
6.1942857       2194.0615       2201.5008       2232.0216       2276.2343       2040.4264       2009.2339       1941.8811       1895.8498      
6.1971429       2193.5815       2200.9923       2231.5145       2275.7576       2040.1199       2009.1143       1941.7744       1896.8501      
6.2             2193.0843       2200.4635       2230.987        2275.2614       2039.8038       2008.9831       1941.6506       1897.6963      
6.2028571       2192.5581       2199.9069       2230.4299       2274.7344       2039.4748       2008.8415       1941.5208       1898.6005      
6.2057143       2192.0066       2199.322        2229.8368       2274.1691       2039.1306       2008.6911       1941.39         1899.5515      
6.2085714       2191.4759       2198.7592       2229.2699       2273.6303       2038.7925       2008.5333       1941.257        1900.5606      
6.2114286       2190.9086       2198.1634       2228.6737       2273.0657       2038.4487       2008.3711       1941.1198       1901.5909      
6.2142857       2190.3034       2197.5221       2228.0118       2272.4113       2038.0639       2008.1884       1940.9682       1902.4381      
6.2171429       2189.6714       2196.8531       2227.3213       2271.7178       2037.6637       2007.9952       1940.8009       1903.1186      
6.22            2189.0536       2196.2016       2226.661        2271.0745       2037.2826       2007.7946       1940.6345       1903.8768      
6.2228571       2188.4313       2195.5483       2226.0053       2270.4472       2036.914        2007.5991       1940.5289       1905.3391      
6.2257143       2187.7782       2194.8585       2225.3027       2269.766        2036.519        2007.3841       1940.4333       1906.7476      
6.2285714       2187.1671       2194.2215       2224.6599       2269.1364       2036.1793       2007.2073       1940.3629       1908.0345      
6.2314286       2186.3769       2193.3812       2223.7958       2268.3061       2035.6822       2006.9214       1940.2526       1909.3194      
6.2342857       2185.777        2192.7633       2223.1902       2267.7207       2035.4206       2006.7802       1940.2153       1910.7033      
6.2371429       2185.0407       2191.9727       2222.3481       2266.8542       2034.8032       2006.3892       1940.1059       1912.1716      
6.24            2184.4          2191.3068       2221.6759       2266.2005       2034.516        2006.2262       1940.1056       1913.6175      
6.2428571       2183.6425       2190.5031       2220.844        2265.3695       2033.9973       2005.894        1940.0606       1915.1897      
6.2457143       2182.9766       2189.8044       2220.1259       2264.6479       2033.6263       2005.6608       1940.086        1916.9009      
6.2485714       2182.2275       2189.0103       2219.2941       2263.7747       2033.085        2005.3174       1940.0837       1918.5746      
6.2514286       2181.4038       2188.1501       2218.4151       2262.9048       2032.6155       2005.019        1940.1213       1920.3143      
6.2542857       2180.637        2187.3413       2217.5737       2262.0409       2032.1102       2004.6863       1940.1547       1921.9176      
6.2571429       2179.8422       2186.5036       2216.6978       2261.1281       2031.5701       2004.3449       1940.2073       1923.5481      
6.26            2179.0637       2185.6855       2215.8445       2260.2358       2031.0293       2003.9712       1940.2687       1925.3467      
6.2628571       2178.2198       2184.7982       2214.9196       2259.2868       2030.4802       2003.602        1940.3567       1927.1352      
6.2657143       2177.406        2183.9418       2214.0254       2258.3545       2029.9433       2003.2315       1940.4688       1929.0425      
6.2685714       2176.5484       2183.0422       2213.093        2257.383        2029.3948       2002.8532       1940.6073       1931.0314      
6.2714286       2175.7049       2182.1564       2212.1675       2256.4274       2028.8492       2002.472        1940.7512       1933.0279      
6.2742857       2174.8247       2181.2342       2211.2069       2255.4432       2028.2908       2002.0755       1940.9305       1935.2827      
6.2771429       2173.9467       2180.3124       2210.2441       2254.4523       2027.7279       2001.6763       1941.1302       1937.6612      
6.28            2173.0654       2179.3866       2209.2743       2253.4507       2027.1577       2001.2698       1941.3478       1940.106       
6.2828571       2172.2017       2178.4771       2208.3105       2252.4463       2026.5869       2000.858        1941.5863       1942.6599      
6.2857143       2171.2185       2177.4546       2207.2465       2251.3716       2026.0003       2000.4568       1941.8513       1945.3216      
6.2885714       2170.3801       2176.5738       2206.3009       2250.3646       2025.4158       2000.031        1942.1362       1948.1386      
6.2914286       2169.36         2175.5225       2205.2031       2249.2562       2024.8045       1999.6128       1942.4651       1951.2093      
6.2942857       2168.4753       2174.6038       2204.2153       2248.2155       2024.2221       1999.2079       1942.7998       1954.2542      
6.2971429       2167.4297       2173.5289       2203.0905       2247.0673       2023.5609       1998.7655       1943.1161       1957.078       
6.3             2166.612        2172.6616       2202.1181       2246.029        2022.9939       1998.3716       1943.4199       1959.7006      
6.3028571       2165.5351       2171.5736       2200.981        2244.8617       2022.3198       1997.9272       1943.7516       1962.8197      
6.3057143       2164.5937       2170.6001       2199.9232       2243.7348       2021.7001       1997.5204       1944.1278       1966.1402      
6.3092857       2163.1501       2169.0641       2198.2035       2241.5191       2020.916        1996.7669       1944.3275       1969.5816      
6.3128571       2161.8713       2167.7623       2196.8214       2240.0393       2019.9741       1996.3581       1944.9489       1974.2304      
6.3164286       2160.6249       2166.5016       2195.4608       2238.5723       2019.0718       1995.9155       1945.5726       1979.1042      
6.32            2159.37         2165.2368       2194.0858       2237.1133       2018.2118       1995.4444       1946.1576       1983.8919      
6.3233333       2158.2741       2164.1442       2192.8986       2235.9709       2017.4217       1995.0693       1946.7427       1988.5202      
6.3266667       2156.9966       2162.859        2191.4938       2234.531        2016.6503       1994.5749       1947.2241       1992.9299      
6.33            2155.7483       2161.5966       2190.0989       2233.0848       2015.8639       1994.0973       1947.6806       1997.4714      
6.3333333       2154.4563       2160.3027       2188.6729       2231.6065       2015.0407       1993.6315       1948.1847       2002.1759      
6.3366667       2153.198        2159.0318       2187.2593       2230.1217       2014.2125       1993.192        1948.7173       2007.0599      
6.34            2151.9224       2157.7367       2185.8211       2228.5962       2013.3537       1992.7566       1949.3507       2012.0841      
6.3433333       2150.6428       2156.437        2184.3855       2227.0754       2012.5092       1992.3446       1950.0158       2017.251       
6.3466667       2149.3319       2155.1052       2182.9278       2225.5351       2011.6549       1991.935        1950.7142       2022.5412      
6.35            2148.0368       2153.7806       2181.4716       2223.9907       2010.808        1991.5422       1951.4442       2027.9515      
6.3533333       2146.7274       2152.4403       2180.0069       2222.4451       2009.9767       1991.1718       1952.2185       2033.4929      
6.3566667       2145.4127       2151.0938       2178.5375       2220.8859       2009.1334       1990.8067       1953.0347       2039.1777      
6.36            2144.078        2149.7218       2177.0451       2219.3123       2008.3054       1990.4637       1953.8849       2044.9079      
6.3633333       2142.7337       2148.3395       2175.5453       2217.7256       2007.4808       1990.1329       1954.787        2050.7557      
6.3666667       2141.3694       2146.9335       2174.024        2216.1206       2006.6656       1989.8263       1955.752        2056.6369      
6.37            2140.0531       2145.5683       2172.533        2214.5202       2005.8402       1989.5177       1956.8065       2062.7294      
6.3733333       2138.5633       2144.0387       2170.9092       2212.8477       2005.0627       1989.2643       1957.9306       2068.9063      
6.3766667       2137.2786       2142.6844       2169.4327       2211.2507       2004.2894       1989.018        1959.1918       2075.0966      
6.38            2135.8692       2141.2151       2167.8649       2209.5961       2003.5262       1988.7954       1960.5271       2081.2882      
6.384           2134.0087       2139.23         2165.7005       2207.0388       2002.6322       1988.2437       1961.4628       2088.6961      
6.388           2132.5348       2137.6772       2164.0333       2205.1634       2001.7285       1988.0567       1963.1585       2095.9524      
6.392           2130.9527       2136.0264       2162.2629       2203.2295       2000.8271       1987.8646       1965.0375       2103.4147      
6.396           2129.2089       2134.2178       2160.3559       2201.2341       2000.063        1987.7102       1966.9298       2110.6158      
6.4             2127.6778       2132.6029       2158.5864       2199.2909       1999.2654       1987.4957       1968.9267       2117.1491      
6.404           2125.9709       2130.8265       2156.7001       2197.3073       1998.5877       1987.3772       1971.2435       2126.2643      
6.408           2124.3552       2129.1316       2154.8629       2195.3359       1997.9382       1987.3032       1973.8114       2135.8789      
6.412           2122.8306       2127.522        2153.1038       2193.4048       1997.3012       1987.2454       1976.6587       2144.8224      
6.416           2121.0367       2125.662        2151.1265       2191.3502       1996.7553       1987.2879       1979.5444       2152.426       
6.42            2119.5617       2124.0949       2149.3919       2189.4217       1996.2212       1987.3495       1982.7001       2160.231       
6.424           2117.9011       2122.3553       2147.5024       2187.3833       1995.6841       1987.2768       1985.4696       2168.1914      
6.428           2116.3745       2120.7384       2145.7288       2185.4505       1995.2755       1987.4081       1988.727        2176.4123      
6.432           2114.7695       2119.0549       2143.8833       2183.413        1994.7935       1987.5463       1992.104        2183.3611      
6.436           2113.1429       2117.3607       2142.054        2181.4329       1994.4496       1987.8609       1995.6569       2191.4452      
6.44            2111.5395       2115.6849       2140.219        2179.4183       1994.0828       1988.2008       1999.5078       2199.5317      
6.444           2109.9236       2113.9978       2138.3767       2177.4163       1993.8166       1988.7464       2003.8811       2209.2038      
6.448           2108.5075       2112.4941       2136.683        2175.4927       1993.6192       1989.3919       2008.3178       2217.3959      
6.452           2106.8095       2110.7347       2134.7903       2173.4716       1993.4981       1990.1229       2012.495        2221.4654      
6.456           2105.5186       2109.3446       2133.1937       2171.617        1993.4101       1990.9528       2016.9851       2226.7341      
6.46            2103.8335       2107.601        2131.319        2169.6073       1993.3718       1991.9069       2021.4093       2230.577       
6.464           2102.5013       2106.175        2129.6951       2167.7511       1993.4148       1993.0471       2026.154        2235.4052      
6.468           2100.9338       2104.5405       2127.9186       2165.8212       1993.5287       1994.4948       2031.7297       2242.6771      
6.472           2099.6595       2103.1747       2126.3572       2164.0129       1993.6304       1995.6869       2036.7487       2247.7432      
6.476           2098.1879       2101.6328       2124.6601       2162.133        1993.779        1997.1309       2041.9277       2251.9799      
6.48            2096.7969       2100.1613       2123.0194       2160.3027       1994.0624       1998.9902       2047.6148       2256.1596      
6.4833333       2095.7265       2099.0785       2121.8779       2159.3389       1994.424        2000.8388       2052.3331       2257.4305      
6.4866667       2094.6212       2097.8997       2120.5326       2157.986        1994.7822       2002.6346       2057.1948       2259.5306      
6.49            2093.312        2096.5381       2119.0554       2156.4588       1995.1639       2004.5492       2062.0906       2262.0804      
6.4933333       2092.5639       2095.6757       2117.95         2155.0842       1995.6562       2006.865        2067.9122       2265.8185      
6.4966667       2091.1723       2094.261        2116.4925       2153.5849       1996.1788       2009.3998       2073.6685       2268.6472      
6.5             2090.4178       2093.4152       2115.4348       2152.3097       1996.8203       2012.318        2079.801        2271.3426      
6.5033333       2089.3528       2092.2942       2114.2057       2150.9945       1997.5087       2015.3412       2085.9958       2274.0751      
6.5066667       2088.4331       2091.3151       2113.0849       2149.5861       1998.2007       2018.3047       2092.4282       2278.249       
6.51            2087.5642       2090.3747       2111.9974       2148.2956       1998.8471       2020.8594       2098.5926       2280.7333      
6.5133333       2086.6784       2089.4243       2110.9132       2147.052        1999.7348       2024.3626       2105.3889       2283.232       
6.5166667       2085.9135       2088.5782       2109.9109       2145.8762       2000.7217       2028.0117       2112.4936       2284.9782      
6.52            2085.028        2087.634        2108.8429       2144.6764       2001.7526       2031.6059       2119.2642       2287.7639      
6.5233333       2084.254        2086.8034       2107.8884       2143.578        2002.9119       2035.5704       2126.4568       2289.8534      
6.5266667       2083.5715       2086.0456       2106.9921       2142.5519       2004.1956       2039.5161       2133.9013       2291.4249      
6.53            2082.8898       2085.3033       2106.1315       2141.5846       2005.7842       2044.4933       2141.8795       2293.1356      
6.5333333       2082.1898       2084.5518       2105.2773       2140.6556       2007.4044       2048.9884       2149.5916       2294.4051      
6.5366667       2081.5719       2083.8593       2104.4559       2139.736        2008.9059       2053.1403       2157.6642       2295.7662      
6.54            2080.9177       2083.1536       2103.6606       2138.7212       2010.6283       2057.8514       2165.799        2296.7485      
6.5433333       2080.4103       2082.5919       2103.0086       2138.0466       2012.6618       2063.2055       2174.2386       2298.5108      
6.5466667       2079.9262       2082.0558       2102.3799       2137.3434       2014.7864       2068.7001       2182.8682       2302.4478      
6.55            2079.488        2081.5683       2101.8004       2136.6939       2017.1006       2074.3326       2191.626        2306.0399      
6.5533333       2079.1537       2081.184        2101.3368       2136.2132       2019.6529       2080.1617       2200.4796       2309.7504      
6.5566667       2078.9002       2080.8859       2100.9725       2135.8563       2022.3982       2086.2031       2209.5362       2313.5575      
6.56            2078.7193       2080.6618       2100.6875       2135.6124       2025.3243       2092.5337       2218.7394       2316.6916      
6.5633333       2078.6123       2080.5038       2100.4676       2135.4539       2028.7083       2099.2636       2228.2406       2319.0066      
6.5666667       2078.5909       2080.4357       2100.33         2135.3685       2032.4915       2106.0831       2237.8412       2321.6324      
6.57            2078.3357       2080.1433       2099.9864       2135.1084       2036.1983       2112.9887       2247.5039       2324.6813      
6.5733333       2078.272        2080.0307       2099.7948       2134.9863       2040.238        2120.5717       2257.4733       2327.4635      
6.5766667       2078.3235       2080.039        2099.7482       2135.0411       2044.6139       2128.6256       2267.4309       2329.7455      
6.58            2078.4421       2080.1091       2099.7667       2135.1416       2048.9784       2136.4776       2277.6165       2332.5084      
6.5833333       2078.5362       2080.1599       2099.7715       2135.2356       2053.5442       2144.463        2287.3338       2335.3873      
6.5866667       2078.8015       2080.3869       2099.9593       2135.5765       2058.5496       2152.7652       2297.213        2338.2235      
6.59            2079.2019       2080.7544       2100.2954       2136.0646       2063.7567       2161.2306       2306.6821       2341.5939      
6.5933333       2079.5688       2081.0974       2100.6411       2136.653        2069.2536       2169.8184       2316.1073       2346.0331      
6.5966667       2080.1017       2081.6093       2101.1631       2137.4715       2075.3301       2178.4067       2325.4496       2349.1029      
6.6             2080.621        2082.0941       2101.6337       2138.1479       2080.8444       2186.8733       2334.5298       2352.8914      
6.6025          2081.3985       2082.89         2102.4157       2139.3213       2084.9345       2193.3212       2340.0631       2351.8711      
6.605           2081.9719       2083.4513       2102.9762       2140.1142       2090.0058       2200.2173       2346.7728       2351.6975      
6.6075          2082.3858       2083.8476       2103.3589       2140.7742       2094.9337       2207.3771       2353.858        2354.3848      
6.61            2082.9445       2084.3821       2103.8722       2141.4468       2100.0669       2214.7912       2360.7679       2357.5439      
6.6125          2083.6003       2085.0109       2104.4918       2142.2348       2105.4966       2222.5976       2367.885        2360.4169      
6.615           2084.3545       2085.7422       2105.2315       2143.2012       2111.4427       2230.9526       2375.2025       2363.5713      
6.6175          2085.168        2086.5402       2106.0631       2144.2414       2117.4343       2239.0941       2382.1455       2366.5358      
6.62            2086.0468       2087.404        2106.9576       2145.4055       2123.879        2247.8489       2389.4073       2369.7392      
6.6225          2086.943        2088.2877       2107.8845       2146.6004       2130.4396       2256.6137       2396.574        2373.1623      
6.625           2087.9476       2089.2772       2108.9108       2147.8756       2137.3541       2265.6711       2403.3922       2376.8619      
6.6275          2089.043        2090.3622       2110.0468       2149.3178       2144.6572       2275.205        2410.9818       2380.4631      
6.63            2090.1994       2091.511        2111.2522       2150.7819       2152.087        2284.5178       2417.8791       2382.6782      
6.6325          2091.4038       2092.7059       2112.4984       2152.3057       2159.5857       2293.6511       2424.5089       2384.5799      
6.635           2092.7142       2094.0007       2113.8373       2153.9438       2167.0857       2302.6345       2430.9382       2386.7488      
6.6375          2094.0148       2095.3064       2115.2134       2155.6382       2174.7027       2311.6532       2437.2863       2389.3613      
6.64            2095.3664       2096.6698       2116.6493       2157.3811       2182.3821       2320.7203       2443.7006       2392.3868      
6.6425          2096.7779       2098.0855       2118.1333       2159.1025       2190.1175       2329.8029       2450.1854       2395.5181      
6.645           2098.262        2099.5818       2119.6466       2160.7161       2197.9006       2338.9984       2456.4076       2398.5517      
6.6475          2099.8262       2101.1601       2121.2587       2162.6051       2205.64         2347.6288       2462.2923       2401.3184      
6.65            2101.4793       2102.7879       2122.968        2164.6313       2213.6035       2356.4865       2468.2332       2404.2286      
6.6525          2103.149        2104.4342       2124.7022       2166.6717       2221.5453       2365.1064       2473.9354       2407.0026      
6.655           2104.8543       2106.1245       2126.4581       2168.7076       2229.64         2373.6633       2479.4702       2409.7615      
6.6575          2106.7032       2107.9716       2128.3587       2170.8661       2238.2319       2382.7769       2485.4888       2412.8172      
6.66            2108.5722       2109.8344       2130.273        2173.0253       2247.0792       2392.1138       2491.6138       2416.0857      
6.6625          2110.6007       2111.8457       2132.3236       2175.3031       2255.8574       2401.2244       2497.58         2419.421       
6.665           2112.5259       2113.7872       2134.3455       2177.5091       2264.543        2409.9017       2503.0975       2422.494       
6.6675          2114.5613       2115.819        2136.4161       2179.622        2273.2881       2418.5782       2508.4777       2425.5195      
6.67            2116.7362       2118.0003       2138.6929       2182.6709       2281.6755       2427.0861       2513.8733       2428.7842      
6.6725          2119.0104       2120.3167       2141.2123       2186.191        2291.7834       2436.687        2520.039        2432.2964      
6.675           2121.4324       2122.7569       2143.8139       2189.2309       2301.5129       2445.9038       2525.9616       2435.6774      
6.6775          2123.9093       2125.2586       2146.2782       2191.5632       2310.7271       2454.2841       2531.0202       2438.6895      
6.68            2126.3629       2127.7123       2148.7887       2194.2449       2320.3241       2462.7576       2536.1112       2441.8065      
6.6825          2128.817        2130.1645       2151.3668       2196.889        2329.6995       2471.2541       2541.4231       2445.8094      
6.685           2131.4009       2132.7535       2154.0395       2199.6963       2339.1135       2479.8818       2547.4829       2449.7731      
6.6875          2134.0921       2135.4486       2156.789        2202.5018       2347.5138       2487.6332       2552.2495       2453.0284      
6.69            2136.7957       2138.145        2159.4967       2205.1386       2357.5714       2495.2147       2556.4893       2456.0051      
6.6925          2139.5849       2140.9115       2162.2996       2207.8918       2366.9059       2502.8277       2561.3463       2459.4123      
6.695           2142.3523       2143.6656       2165.034        2210.1116       2377.1777       2511.1765       2566.7271       2463.4645      
6.6975          2145.3239       2146.6364       2168.0526       2213.6387       2385.8868       2518.3701       2571.0533       2466.8793      
6.7             2148.4855       2149.8186       2171.3829       2217.3326       2394.5839       2525.6047       2575.2567       2470.0606      
6.7025          2151.6104       2152.9568       2174.5772       2220.5341       2403.7706       2532.8089       2579.602        2473.2174      
6.705           2154.7431       2156.1047       2177.7794       2223.8476       2412.9345       2539.8534       2583.6987       2476.1622      
6.7075          2157.9315       2159.3064       2181.0211       2227.2336       2422.408        2547.052        2587.7657       2479.318       
6.71            2161.3157       2162.6947       2184.5397       2230.8803       2431.8108       2554.6058       2592.2808       2483.0027      
6.7125          2164.8537       2166.2603       2188.241        2234.8793       2441.4948       2562.1681       2596.7301       2486.5181      
6.715           2168.4518       2169.8665       2191.9456       2238.744        2451.0302       2569.2793       2600.8254       2489.7731      
6.7175          2172.18         2173.6241       2195.7385       2242.363        2460.5436       2576.5764       2605.2229       2493.2191      
6.72            2175.9357       2177.4447       2199.7993       2246.9975       2470.4356       2584.201        2609.9126       2496.985       
6.7228571       2179.8658       2181.3699       2203.8037       2250.8989       2479.2114       2591.1446       2614.3265       2501.9803      
6.7257143       2184.1722       2185.6948       2208.1945       2255.3165       2487.7137       2597.3536       2617.5704       2505.2872      
6.7285714       2188.7118       2190.1955       2212.692        2259.512        2496.1202       2603.1221       2620.497        2507.9492      
6.7314286       2193.2788       2194.7524       2217.2774       2263.971        2505.2764       2609.7647       2624.1963       2511.2263      
6.7342857       2197.7372       2199.187        2221.7128       2268.0258       2513.1111       2615.5751       2627.5541       2514.3829      
6.7371429       2202.166        2203.5855       2226.0925       2272.1158       2520.6367       2620.9561       2630.4428       2517.2105      
6.74            2206.6469       2208.0251       2230.4629       2276.0285       2527.7475       2626.0568       2633.2449       2520.0039      
6.7428571       2211.3488       2212.7122       2235.0888       2280.3369       2534.887        2631.0682       2635.9768       2522.9666      
6.7457143       2216.06         2217.3931       2239.6932       2284.5494       2541.6533       2635.6984       2638.2959       2525.4654      
6.7485714       2220.9998       2222.3184       2244.5976       2289.2825       2548.4671       2640.2719       2640.5091       2527.8642      
6.7514286       2225.9969       2227.2819       2249.5621       2293.5876       2555.1315       2644.8672       2642.8631       2530.4496      
6.7542857       2231.1364       2232.4333       2254.7453       2298.5827       2562.3023       2650.1376       2645.6974       2533.3843      
6.7571429       2236.3085       2237.5587       2259.8209       2303.1042       2569.1988       2655.0177       2648.2386       2535.8884      
6.76            2241.4003       2242.6191       2264.8114       2307.4701       2575.1057       2659.1808       2650.276        2538.3394      
6.7628571       2246.67         2247.8432       2269.9629       2312.0092       2581.0679       2663.2967       2652.386        2540.8405      
6.7657143       2251.9096       2253.0212       2274.9648       2316.2594       2586.3407       2666.8436       2654.1431       2543.1894      
6.7685714       2257.1725       2258.2464       2280.0901       2320.6034       2591.3532       2670.2011       2655.7278       2545.443       
6.7714286       2262.4066       2263.3934       2285.1056       2324.6443       2595.7082       2673.2135       2657.1707       2547.6589      
6.7742857       2267.7132       2268.6389       2290.0837       2328.4801       2599.6365       2675.7554       2658.3414       2550.1714      
6.7771429       2272.8369       2273.6705       2294.8326       2331.9791       2603.521        2678.166        2659.2722       2551.9493      
6.78            2278.1608       2278.8903       2299.7878       2335.6087       2607.6048       2680.809        2660.3593       2553.7851      
6.7833333       2284.0436       2284.6663       2305.3568       2340.1294       2612.2471       2683.8287       2661.5994       2556.4115      
6.7866667       2290.6631       2291.1877       2311.6199       2345.1247       2617.0402       2686.8507       2662.9873       2559.4255      
6.79            2297.359        2297.784        2317.9542       2349.9851       2621.6799       2689.6013       2664.0385       2561.5488      
6.7933333       2303.8952       2304.1663       2323.8379       2353.9713       2624.8188       2691.661        2664.6437       2563.0251      
6.7966667       2310.4538       2310.5725       2329.8137       2358.3954       2629.0071       2694.0548       2665.4071       2564.5776      
6.8             2317.2711       2317.265        2336.1925       2363.1016       2633.4761       2696.5478       2666.335        2566.4036      
6.8033333       2323.6848       2323.5059       2341.9336       2366.9021       2636.7805       2698.2728       2666.8899       2568.1195      
6.8066667       2330.0912       2329.6815       2347.5213       2370.2986       2639.1495       2699.6347       2667.2262       2569.6256      
6.81            2336.2395       2335.5688       2352.7205       2373.1325       2640.9318       2700.4996       2667.1652       2570.821       
6.8133333       2342.3298       2341.4916       2358.0962       2376.2634       2643.0432       2701.3658       2667.0636       2571.9674      
6.8166667       2348.4186       2347.3997       2363.3877       2379.0747       2644.9681       2702.2371       2667.0336       2573.2156      
6.82            2354.7593       2353.4539       2368.6628       2381.7122       2647.0571       2703.2138       2667.0228       2574.3347      
6.8233333       2360.9494       2359.4486       2374.0673       2384.7728       2649.2546       2704.1413       2666.9514       2575.4468      
6.8266667       2367.2374       2365.4675       2379.3978       2387.6073       2651.1505       2704.7953       2666.6869       2576.4207      
6.83            2373.6157       2371.5618       2384.759        2390.2597       2652.674        2705.1822       2666.2975       2577.3304      
6.8333333       2380.3141       2378.0319       2390.6114       2393.5383       2654.8025       2705.8178       2666.0301       2578.2944      
6.8366667       2386.5748       2384.0204       2395.781        2395.6248       2655.6349       2705.8744       2665.504        2579.1197      
6.84            2392.2302       2389.3365       2400.1744       2396.9912       2656.0825       2705.5402       2664.7391       2579.8065      
6.844           2398.5005       2395.2788       2405.2341       2399.389        2656.8976       2704.9139       2663.3338       2579.8818      
6.848           2405.4006       2401.7771       2410.6597       2401.2242       2657.4043       2704.4972       2662.492        2581.1808      
6.852           2412.1568       2408.1342       2415.9278       2403.0771       2657.7007       2703.7317       2661.2783       2581.8986      
6.856           2418.8527       2414.4339       2421.1363       2404.7869       2658.0454       2702.9134       2660.0012       2582.3126      
6.86            2425.5087       2420.7186       2426.3972       2406.7921       2658.577        2702.0842       2658.6141       2582.4037      
6.864           2432.0862       2426.9382       2431.6096       2408.7146       2658.9296       2701.1227       2657.2125       2582.5528      
6.868           2438.2209       2432.6525       2436.1475       2409.6952       2658.4847       2699.7568       2655.6555       2582.68        
6.872           2444.1717       2438.1806       2440.5147       2410.605        2657.9076       2698.2171       2653.9267       2582.5676      
6.876           2450.2229       2443.8245       2445.0315       2411.746        2657.3013       2696.5425       2652.2249       2582.6208      
6.88            2455.3186       2448.522        2448.6425       2411.958        2656.2776       2694.7662       2650.1696       2581.8487      
6.884           2461.2084       2453.9609       2452.8036       2413.0937       2655.1035       2692.5194       2648.1391       2581.7707      
6.888           2465.8323       2458.2397       2456.1002       2412.9873       2653.8802       2690.5406       2645.8168       2580.5952      
6.892           2471.0702       2463.0402       2459.6522       2413.0059       2652.3859       2688.1237       2643.7228       2580.3707      
6.896           2476.0518       2467.6497       2463.2258       2413.2374       2651.2929       2686.0506       2641.5649       2579.6689      
6.9             2481.1018       2472.277        2466.6394       2412.9989       2649.695        2683.488        2639.1464       2579.0506      
6.904           2485.2246       2476.039        2469.3782       2412.1363       2648.1406       2681.079        2636.7392       2577.9274      
6.908           2489.4551       2479.8706       2472.0632       2410.8881       2646.2809       2678.3415       2634.287        2577.0621      
6.912           2493.5981       2483.6141       2474.6763       2408.8924       2644.482        2675.6521       2631.8101       2576.1049      
6.916           2497.6757       2487.357        2477.5171       2409.3967       2642.3083       2672.7529       2629.2408       2574.609       
6.92            2501.3841       2490.7238       2479.9009       2409.0576       2640.0203       2669.7227       2626.5719       2572.7887      
6.924           2504.6238       2493.5963       2481.6679       2407.9965       2637.7479       2666.6463       2623.8314       2571.1414      
6.928           2507.5849       2496.2005       2483.2382       2406.8737       2635.3043       2663.4746       2621.0745       2568.8444      
6.932           2510.8908       2499.1971       2485.375        2406.5427       2633.0371       2660.364        2618.3179       2566.9583      
6.936           2514.2541       2502.2471       2487.5164       2407.9999       2630.3393       2656.9448       2615.3982       2565.3267      
6.94            2516.6659       2504.2961       2488.3937       2407.8425       2628.2703       2653.8347       2612.5539       2563.3924      
6.944           2518.9566       2506.3111       2489.5932       2407.7979       2625.5667       2650.4674       2609.7088       2561.1969      
6.948           2521.1638       2508.1856       2490.3395       2408.8667       2622.9984       2647.0608       2606.7098       2559.3389      
6.952           2523.1278       2509.8762       2491.1546       2408.26         2620.2577       2643.5825       2603.6651       2557.3739      
6.956           2525.0631       2511.5475       2491.972        2407.3158       2617.4658       2640.0933       2600.6901       2555.1286      
6.96            2526.6958       2512.8973       2492.3618       2406.4627       2614.5904       2636.552        2597.678        2552.8011      
6.964           2527.6442       2513.6666       2492.5754       2404.1236       2611.5464       2633.0168       2594.6146       2550.2505      
6.968           2529.8832       2515.623        2493.7144       2402.7689       2608.2999       2629.0288       2591.4367       2548.1245      
6.972           2530.0451       2515.6002       2492.9187       2400.1414       2605.5694       2625.6301       2588.3808       2545.4082      
6.976           2531.4625       2516.768        2493.2209       2399.2098       2602.3481       2621.6878       2585.1259       2542.8555      
6.98            2531.3977       2516.577        2492.4402       2397.5959       2599.2147       2618.1095       2581.9772       2540.0065      
6.984           2532.941        2517.8213       2492.7712       2396.4508       2595.6191       2613.7541       2578.576        2537.5822      
6.988           2532.5597       2517.3872       2491.8827       2394.4328       2592.346        2610.0656       2575.3767       2534.6598      
6.992           2533.0033       2517.5943       2491.2026       2393.2379       2588.7287       2605.818        2571.9869       2531.9961      
6.996           2532.2087       2516.7294       2489.8183       2391.4479       2585.3638       2602.0082       2568.6486       2528.8271      
7               2533.2627       2517.4987       2489.7511       2390.4999       2581.5432       2597.3354       2564.8695       2525.8036      
7.004           2531.4082       2515.6954       2487.6778       2388.5931       2578.159        2593.6517       2561.5892       2522.4638      
7.008           2532.3711       2516.3747       2487.4961       2387.8973       2574.2649       2588.886        2557.8504       2519.725       
7.012           2530.2473       2514.338        2485.1586       2386.3059       2570.9543       2585.2805       2554.6071       2516.2719      
7.016           2531.1045       2514.9436       2485.111        2385.6119       2567.0043       2580.3731       2550.6234       2513.0451      
7.02            2528.2413       2512.1556       2482.0203       2381.9022       2563.9021       2576.7454       2547.2777       2509.3401      
7.024           2528.8503       2512.5193       2481.6501       2381.7056       2559.7713       2571.7182       2543.2183       2506.1456      
7.028           2526.0588       2509.8794       2478.9614       2380.416        2556.106        2567.8899       2539.8231       2502.5562      
7.032           2525.4895       2509.1944       2477.761        2379.6646       2552.0662       2563.0979       2535.8392       2499.1293      
7.036           2523.6361       2507.3585       2475.6147       2378.3295       2548.1568       2558.6934       2532.0263       2495.486       
7.04            2522.699        2506.3538       2474.1841       2377.4849       2544.1507       2553.9653       2528.0281       2491.9086      
7.045           2519.5458       2503.2592       2470.779        2376.3543       2538.6361       2547.7925       2522.446        2486.2874      
7.05            2517.7855       2501.5005       2468.7443       2375.332        2533.6508       2542.1673       2517.5221       2481.5916      
7.055           2515.3526       2499.095        2466.0581       2373.4472       2528.737        2536.579        2512.5256       2476.7264      
7.06            2512.4449       2496.229        2462.9469       2371.5364       2523.7043       2530.7832       2507.3914       2471.8584      
7.065           2509.6151       2493.4391       2459.8947       2369.7736       2518.615        2524.9714       2502.2338       2466.9207      
7.07            2506.5262       2490.4216       2456.7172       2367.8697       2513.3853       2519.1135       2497.0591       2461.9783      
7.075           2503.2571       2487.2495       2453.4548       2365.8523       2508.0804       2513.2466       2491.8914       2457.0252      
7.08            2500.1205       2484.219        2450.3428       2363.9661       2502.6545       2507.2261       2486.6105       2452.0837      
7.085           2496.7845       2480.9889       2447.0643       2362.0097       2497.478        2501.483        2481.4735       2447.1511      
7.09            2493.4686       2477.8067       2443.8828       2360.1365       2491.9894       2495.5097       2476.2806       2442.3258      
7.095           2489.5586       2474.023        2440.1093       2357.8866       2486.6565       2489.6608       2471.0126       2437.3706      
7.1             2486.0059       2470.6191       2436.7534       2355.8615       2481.0418       2483.6364       2465.7454       2432.5397      
7.105           2481.8241       2466.5737       2432.7622       2353.4439       2475.5976       2477.7099       2460.353        2427.4365      
7.11            2478.2817       2463.1543       2429.3676       2351.2853       2469.9868       2471.6782       2455.024        2422.6178      
7.115           2474.064        2459.1496       2425.5462       2349.1057       2464.4177       2465.6787       2449.5262       2417.422       
7.12            2470.0313       2455.2624       2421.7369       2346.9577       2458.8104       2459.6984       2444.1819       2412.6734      
7.125           2465.7676       2451.1639       2417.7714       2344.4239       2452.9313       2453.4205       2438.5152       2407.605       
7.13            2461.5899       2447.1553       2413.8709       2342.0021       2447.2264       2447.3221       2432.9423       2402.5605      
7.135           2457.0253       2442.7973       2409.6971       2339.2162       2441.501        2441.26         2427.3887       2397.45        
7.14            2453.1229       2439.0041       2405.9962       2336.7939       2435.7604       2435.0918       2421.7021       2392.4556      
7.145           2448.0755       2434.1977       2401.5846       2333.7707       2429.9686       2429.0171       2416.1063       2387.4253      
7.15            2444.0829       2430.3541       2397.8623       2331.292        2424.1125       2422.7158       2410.2558       2382.3644      
7.155           2439.1062       2425.5929       2393.4195       2328.434        2418.3061       2416.5706       2404.5316       2377.2943      
7.16            2434.5574       2421.2472       2389.3021       2325.6729       2412.4444       2410.2932       2398.671        2372.2134      
7.165           2429.6999       2416.5591       2384.9191       2322.7298       2406.6028       2404.0812       2392.8516       2367.1764      
7.17            2425.1904       2412.2335       2380.8096       2319.8806       2400.7273       2397.7489       2386.885        2362.014       
7.175           2420.2897       2407.5517       2376.4388       2316.8558       2394.9074       2391.4901       2380.9536       2356.9013      
7.18            2415.4412       2402.891        2372.0432       2313.921        2389.093        2385.205        2374.9815       2351.7654      
7.185           2410.6238       2398.2493       2367.6734       2310.9845       2383.2785       2378.9059       2368.9663       2346.5395      
7.19            2405.9232       2393.7371       2363.4218       2308.0299       2377.4493       2372.5842       2362.9138       2341.3701      
7.195           2400.7743       2388.8279       2358.8796       2304.8075       2371.5323       2366.2045       2356.7995       2336.1616      
7.2             2396.0643       2384.2992       2354.6208       2301.8216       2365.6857       2359.8573       2350.7077       2330.9444      
7.205           2390.9414       2379.382        2350.0614       2298.5808       2359.6498       2353.2655       2344.3334       2325.5535      
7.21            2386.156        2374.8099       2345.764        2295.4469       2353.5841       2346.5114       2337.6783       2319.931       
7.215           2381.0954       2369.9791       2341.2258       2292.1212       2347.4795       2339.7312       2330.9146       2314.1233      
7.22            2376.1455       2365.226        2336.7667       2288.791        2341.4751       2333.0922       2324.2825       2308.4011      
7.225           2371.0507       2360.3025       2332.1803       2285.4038       2335.5517       2326.6055       2317.8244       2302.7885      
7.23            2366.1598       2355.6166       2327.7938       2282.1035       2329.769        2320.2758       2311.5507       2297.3616      
7.235           2361.1529       2350.8159       2323.3038       2278.7689       2324.0436       2314.0632       2305.401        2292.0357      
7.24            2355.982        2345.8607       2318.667        2275.2834       2318.3365       2307.9447       2299.3607       2286.7943      
7.2466667       2349.2783       2339.4052       2312.6627       2271.2514       2311.0858       2300.0017       2291.3931       2279.7779      
7.2533333       2342.6228       2332.9916       2306.6855       2266.753        2303.8456       2292.2276       2283.7079       2273.1369      
7.26            2336.0655       2326.6177       2300.6793       2261.9224       2296.5272       2284.2566       2275.8695       2266.3803      
7.2666667       2329.2968       2320.1247       2294.6232       2257.1609       2289.2995       2276.4359       2268.1818       2259.7351      
7.2733333       2322.7288       2313.8337       2288.7728       2252.5476       2282.1631       2268.7381       2260.6074       2253.1867      
7.28            2316.2963       2307.5829       2282.8927       2247.8764       2275.1493       2261.1757       2253.161        2246.7277      
7.2866667       2309.6954       2301.2497       2276.9745       2243.1171       2268.2963       2253.7645       2245.8436       2240.3659      
7.2933333       2303.1407       2294.9049       2271.0346       2238.3457       2261.5635       2246.5038       2238.6615       2234.1062      
7.3             2296.6807       2288.6456       2265.1796       2233.6145       2254.9532       2239.3997       2231.6206       2227.9616      
7.3066667       2290.2183       2282.4349       2259.3717       2228.8834       2248.4696       2232.4583       2224.7276       2221.9224      
7.3133333       2283.8198       2276.2397       2253.5587       2224.1809       2242.1134       2225.6689       2217.9989       2216.0316      
7.32            2277.434        2270.0735       2247.8151       2219.4985       2235.886        2219.0311       2211.4362       2210.2742      
7.3266667       2271.2749       2264.1157       2242.269        2214.8782       2229.7986       2212.5563       2205.0718       2204.7272      
7.3333333       2265.0087       2258.0488       2236.6196       2210.3256       2223.8957       2206.2482       2198.8705       2199.1813      
7.34            2258.8089       2252.0534       2231.0404       2205.7909       2218.1206       2200.109        2192.8509       2193.7572      
7.3466667       2252.822        2246.2513       2225.6563       2201.3308       2212.4977       2194.1847       2187.1295       2188.8335      
7.3533333       2246.8698       2240.4939       2220.2952       2196.8005       2207.053        2188.4605       2181.5868       2183.8541      
7.36            2240.9908       2234.8229       2215.0588       2192.5223       2201.7212       2182.9117       2176.1975       2178.9087      
7.3666667       2235.1858       2229.2187       2209.8724       2188.1929       2196.5726       2177.6079       2171.1454       2174.5094      
7.3733333       2229.3096       2223.5899       2204.7225       2183.9831       2191.5471       2172.5253       2166.3438       2170.2881      
7.38            2224.1331       2218.5594       2200.0175       2180.0464       2186.7801       2167.6945       2161.818        2166.397       
7.3866667       2218.6909       2213.303        2195.1268       2175.924        2182.1343       2163.0594       2157.5385       2162.6541      
7.3933333       2213.5467       2208.3529       2190.5468       2172.0682       2177.7227       2158.6784       2153.5361       2159.0878      
7.4             2208.1595       2203.1739       2185.7991       2168.0748       2173.3851       2154.5201       2149.7732       2155.8137      
7.4066667       2203.0202       2198.2174       2181.2498       2164.2927       2169.2605       2150.6048       2146.3178       2152.84        
7.4133333       2197.9928       2193.3605       2176.771        2160.4978       2165.3019       2146.9245       2143.1857       2150.2736      
7.42            2192.9857       2188.5302       2172.3332       2156.7675       2161.5257       2143.4797       2140.2971       2147.8067      
7.4266667       2188.3679       2184.0782       2168.2482       2153.3632       2157.9417       2140.2879       2137.6838       2145.5698      
7.4333333       2183.5615       2179.4403       2164.013        2149.887        2154.5249       2137.3644       2135.3796       2143.5872      
7.44            2179.0629       2175.0995       2160.0367       2146.5678       2151.3185       2134.7407       2133.5338       2142.3777      
7.4466667       2174.553        2170.7669       2156.1286       2143.3889       2148.2431       2132.3407       2131.8784       2141.0438      
7.4533333       2170.3413       2166.7281       2152.4903       2140.4148       2145.3517       2130.1765       2130.4859       2139.9172      
7.46            2166.076        2162.6192       2148.7446       2137.29         2142.6584       2128.2875       2129.4139       2139.0452      
7.4666667       2162.0817       2158.7773       2145.2487       2134.3798       2140.1797       2126.7049       2128.6987       2138.5348      
7.4733333       2158.0664       2154.9138       2141.7472       2131.4901       2137.8846       2125.3752       2128.2988       2138.2829      
7.48            2154.2655       2151.2562       2138.4279       2128.767        2135.8318       2124.3557       2128.2442       2138.3739      
7.4866667       2150.2181       2147.301        2134.7747       2125.7396       2133.6401       2123.3474       2128.3345       2138.5657      
7.4933333       2146.6712       2143.9298       2131.8043       2123.372        2132.1178       2122.991        2128.8828       2139.0709      
7.5             2143.1314       2140.515        2128.7161       2120.8707       2130.622        2122.7219       2129.6691       2139.8121      
7.5066667       2139.9042       2137.415        2125.9451       2118.643        2129.4571       2122.8142       2130.7344       2140.73        
7.5133333       2136.6279       2134.2685       2123.1342       2116.387        2128.4088       2123.1343       2132.0884       2141.823       
7.52            2133.6223       2131.3776       2120.5546       2114.3215       2127.5544       2123.495        2133.5037       2143.1287      
7.5266667       2130.4257       2128.3243       2117.8574       2112.2151       2126.8782       2124.3848       2135.3911       2144.675       
7.5333333       2128.395        2126.3631       2116.0924       2110.775        2126.6979       2125.8044       2137.6562       2146.4949      
7.54            2125.0304       2123.1404       2113.2594       2108.6793       2126.4189       2127.1598       2140.1187       2148.3946      
7.5466667       2122.5546       2120.7473       2111.1187       2107.0306       2126.4138       2128.7488       2142.6989       2150.4592      
7.5533333       2120.2384       2118.5529       2109.2429       2105.6457       2126.7404       2130.6775       2145.5282       2152.7638      
7.56            2118.1895       2116.6116       2107.5997       2104.4425       2127.3329       2132.9696       2148.7397       2155.2736      
7.565           2116.4583       2114.9618       2106.152        2103.2762       2127.9821       2134.8167       2151.1152       2156.5708      
7.57            2114.9225       2113.5193       2104.9582       2102.4528       2128.4911       2136.4742       2153.3875       2158.7604      
7.575           2113.6057       2112.2515       2103.8871       2101.7387       2129.2422       2138.5425       2156.0294       2160.886       
7.58            2112.2637       2110.9798       2102.8363       2101.0333       2130.1106       2140.7764       2158.9316       2163.2011      
7.585           2110.9245       2109.7172       2101.7908       2100.3911       2131.1787       2143.1176       2161.8169       2165.2774      
7.59            2109.8085       2108.6674       2100.9329       2099.8918       2132.3772       2145.6358       2164.9144       2167.5783      
7.595           2108.5457       2107.4891       2100.006        2099.3896       2133.664        2148.1325       2167.8827       2169.7376      
7.6             2107.7184       2106.7196       2099.4246       2099.1259       2135.1672       2150.9251       2171.1872       2172.2249      
7.605           2106.6374       2105.7202       2098.6695       2098.7682       2136.6176       2153.5907       2174.2421       2174.437       
7.61            2106.0028       2105.1401       2098.2724       2098.6841       2138.3345       2156.6013       2177.6965       2177.0423      
7.615           2105.0832       2104.3014       2097.6768       2098.4833       2140.0288       2159.4489       2180.8707       2179.3629      
7.62            2104.6035       2103.8769       2097.4385       2098.5625       2141.9802       2162.6562       2184.4402       2182.0492      
7.625           2103.9353       2103.2876       2097.0869       2098.5962       2143.8809       2165.6759       2187.7076       2184.4443      
7.63            2103.6535       2103.0639       2097.0582       2098.8938       2146.0593       2169.068        2191.3725       2187.2353      
7.635           2103.1744       2102.6676       2096.9088       2099.1575       2148.119        2172.2013       2194.6865       2189.7512      
7.64            2103.0229       2102.5683       2097.0055       2099.6205       2150.4822       2175.7014       2198.3619       2192.6175      
7.645           2102.7578       2102.3773       2097.0492       2100.0468       2152.7474       2178.936        2201.6809       2195.1794      
7.65            2102.7791       2102.4614       2097.3434       2100.6676       2155.3051       2182.5107       2205.3176       2198.0205      
7.655           2102.8581       2102.6151       2097.7357       2101.4517       2157.8456       2185.9818       2208.8077       2200.7676      
7.66            2103.098        2102.9283       2098.262        2102.2213       2160.531        2189.5707       2212.4045       2203.6179      
7.665           2103.3276       2103.2197       2098.7596       2103.022        2163.2663       2193.1431       2215.949        2206.4356      
7.67            2103.5928       2103.5478       2099.3169       2103.898        2165.9967       2196.6234       2219.3551       2209.1649      
7.675           2104.1471       2104.1777       2100.2164       2105.0891       2169.0777       2200.4812       2223.1203       2212.2564      
7.68            2104.5568       2104.6535       2100.9084       2106.0489       2171.6765       2203.6357       2226.1933       2214.8182      
7.685           2105.3482       2105.5179       2102.0084       2107.5152       2174.9037       2207.565        2230.0505       2218.0361      
7.69            2105.9942       2106.2333       2102.955        2108.6929       2177.4142       2210.4639       2232.8868       2220.3844      
7.695           2106.9656       2107.2874       2104.2494       2110.3081       2180.7244       2214.2679       2236.5153       2223.4141      
7.7             2107.8231       2108.208        2105.3749       2111.4881       2183.6551       2217.5352       2239.6866       2226.1585      
7.705           2108.8637       2109.3082       2106.6567       2112.8795       2186.8208       2221.0493       2243.1058       2229.0714      
7.71            2109.969        2110.4791       2108.0145       2114.3789       2190.0879       2224.7019       2246.7702       2232.3587      
7.715           2111.2077       2111.7557       2109.4424       2115.7232       2192.9062       2227.6958       2249.6263       2234.9625      
7.72            2112.4506       2113.0695       2110.9909       2117.1867       2196.3402       2231.3467       2253.0801       2238.0262      
7.725           2113.8771       2114.5487       2112.6444       2118.7855       2199.1289       2234.2541       2255.84         2240.4235      
7.73            2115.4193       2116.1565       2114.4734       2120.7061       2202.4118       2237.6262       2258.9839       2243.2159      
7.735           2116.9842       2117.772        2116.2778       2122.4941       2205.2654       2240.5045       2261.7462       2245.6551      
7.74            2118.6674       2119.528        2118.2192       2124.4553       2208.3798       2243.622        2264.662        2248.206       
7.745           2120.4456       2121.362        2120.2042       2126.4131       2211.3582       2246.5646       2267.4223       2250.6652      
7.75            2122.1063       2123.0764       2122.1241       2128.322        2214.2849       2249.432        2270.042        2252.9906      
7.755           2123.7961       2124.8217       2124.0225       2130.1431       2217.0992       2252.2548       2272.5902       2255.1874      
7.76            2125.6421       2126.7273       2126.1112       2132.1379       2219.9161       2255.0297       2275.2336       2257.7672      
7.765           2127.7366       2128.8725       2128.4144       2134.2968       2222.7848       2257.7447       2277.8308       2260.3725      
7.77            2129.7673       2130.959        2130.6645       2136.3283       2225.6687       2260.3905       2280.2176       2262.4554      
7.775           2131.982        2133.2128       2133.0388       2138.3845       2228.2924       2262.8366       2282.4553       2264.3869      
7.78            2134.1133       2135.4014       2135.4183       2140.6956       2230.9753       2265.2587       2284.6323       2266.3344      
7.785           2136.3011       2137.5918       2137.6202       2142.6324       2233.3781       2267.2793       2286.4101       2267.9799      
7.79            2138.3601       2139.7142       2139.9244       2144.6791       2235.8061       2269.424        2288.2954       2269.7523      
7.795           2141.3025       2142.644        2142.8301       2147.1755       2238.1895       2271.4298       2289.9288       2271.0788      
7.8             2143.0668       2144.4941       2144.934        2149.155        2240.3881       2273.382        2291.6404       2272.7863      
7.805           2145.9269       2147.3186       2147.7306       2151.4501       2242.6426       2275.2043       2293.0136       2273.8554      
7.81            2147.7508       2149.2231       2149.8154       2153.2643       2244.6929       2276.9615       2294.5027       2275.3295      
7.815           2150.7183       2152.1511       2152.6607       2155.4696       2246.8025       2278.6091       2295.6387       2276.0923      
7.82            2152.7134       2154.2031       2154.8334       2157.2535       2248.6442       2280.1801       2296.8097       2277.1641      
7.825           2155.226        2156.7237       2157.3877       2159.1998       2250.5094       2281.5875       2297.7736       2277.9251      
7.83            2157.5612       2159.0504       2159.7005       2160.8979       2252.1031       2282.7599       2298.5859       2278.6327      
7.835           2160.0562       2161.5343       2162.1627       2162.7448       2253.7642       2283.9349       2299.3217       2279.2661      
7.84            2162.3954       2163.86         2164.4385       2164.4308       2255.256        2284.8988       2299.8477       2279.7198      
7.845           2164.728        2166.1718       2166.7064       2165.9672       2256.6787       2285.7582       2300.2131       2279.9912      
7.85            2167.0823       2168.4902       2168.939        2167.4241       2257.8699       2286.4253       2300.3645       2280.0616      
7.855           2169.3694       2170.7911       2171.2634       2169.1153       2259.1957       2287.1106       2300.4764       2280.1101      
7.86            2171.7428       2173.1227       2173.4987       2170.6077       2260.2874       2287.6038       2300.3997       2279.9264      
7.865           2173.964        2175.3217       2175.6233       2171.9875       2261.3157       2287.9937       2300.2239       2279.6842      
7.87            2176.0655       2177.3933       2177.6086       2173.2076       2262.1664       2288.2227       2299.9024       2279.324       
7.875           2178.3173       2179.5803       2179.633        2174.3875       2262.884        2288.2518       2299.4147       2278.801       
7.88            2180.2458       2181.4798       2181.4599       2175.4612       2263.4605       2288.1308       2298.7988       2278.2447      
7.885           2182.3882       2183.5647       2183.3915       2176.5562       2264.0124       2287.9936       2298.0835       2277.4964      
7.89            2184.2827       2185.422        2185.1494       2177.5739       2264.5066       2287.7062       2297.2298       2276.6513      
7.895           2186.3375       2187.4008       2186.9391       2178.5393       2264.8979       2287.2857       2296.226        2275.6825      
7.9             2187.9989       2189.0298       2188.4532       2179.3265       2265.1306       2286.6972       2295.1019       2274.7077      
7.905           2189.9095       2190.8494       2190.0677       2180.108        2265.2318       2285.9864       2293.8261       2273.5541      
7.91            2191.4376       2192.3283       2191.4057       2180.7193       2265.17         2285.1609       2292.471        2272.3908      
7.915           2193.1623       2193.9611       2192.8293       2181.4347       2265.1795       2284.2867       2290.9909       2271.072       
7.92            2194.5829       2195.3381       2194.0497       2181.9873       2264.9923       2283.2355       2289.3942       2269.713       
7.925           2196.1439       2196.7926       2195.2592       2182.7687       2264.6887       2282.0926       2287.6773       2268.2414      
7.93            2197.3524       2197.943        2196.2245       2183.187        2264.2246       2280.7893       2285.8528       2266.7088      
7.935           2198.6565       2199.1518       2197.1985       2183.5067       2263.7435       2279.3941       2283.9018       2265.0512      
7.94            2199.6028       2200.0236       2197.8468       2183.3589       2263.2324       2277.9277       2281.8884       2263.3435      
7.945           2200.6925       2201.0148       2198.6093       2183.8576       2262.5073       2276.2911       2279.7185       2261.5112      
7.95            2201.551        2201.8127       2199.2486       2184.1845       2261.73         2274.6205       2277.5379       2259.7277      
7.955           2202.479        2202.6411       2199.8413       2184.3199       2260.8294       2272.783        2275.1779       2257.7346      
7.96            2203.0529       2203.1459       2200.1664       2184.2639       2259.8316       2270.8833       2272.7614       2255.6592      
7.965           2203.7298       2203.7192       2200.4968       2184.1629       2258.6972       2268.8219       2270.1921       2253.4373      
7.97            2204.0954       2204.0169       2200.6151       2183.9338       2257.5067       2266.7459       2267.6373       2251.2508      
7.975           2204.5921       2204.4108       2200.7664       2183.6867       2256.1858       2264.4893       2264.9363       2249.0324      
7.98            2204.7068       2204.4552       2200.6349       2183.2635       2254.8622       2262.3058       2262.3096       2246.8947      
7.985           2204.9322       2204.5795       2200.5193       2182.7865       2253.3454       2259.8693       2259.4533       2244.5205      
7.99            2204.8612       2204.4411       2200.2119       2182.2261       2251.8583       2257.5122       2256.686        2242.2594      
7.995           2204.9077       2204.3849       2199.9144       2181.6086       2250.2056       2254.948        2253.7224       2239.7873      
8               2204.7014       2204.1093       2199.4564       2180.9025       2248.5217       2252.3922       2250.8082       2237.3931      
