# Region        : all region0
# Cells         : 168514
# Volume        : 3.20955384e+00
# Time          	volIntegrate(alpha.water)
0.00011976048   	6.75386302e-01
0.00026382019   	6.75386302e-01
0.00043694457   	6.75386302e-01
0.00064506218   	6.75386302e-01
0.00089320241   	6.75386302e-01
0.0011917461    	6.75386302e-01
0.0015466188    	6.75386302e-01
0.0019757672    	6.75386302e-01
0.0024907453    	6.75386302e-01
0.0031160758    	6.75386302e-01
0.0038501595    	6.75386302e-01
0.0047473729    	6.75386302e-01
0.0058368462    	6.75386302e-01
0.0071244057    	6.75386301e-01
0.008733855     	6.75386301e-01
0.010611546     	6.75386298e-01
0.012958659     	6.75386293e-01
0.015305773     	6.75386286e-01
0.017652886     	6.75386280e-01
0.02            	6.75386275e-01
0.022857143     	6.75386261e-01
0.026285714     	6.75386261e-01
0.030857143     	6.75386261e-01
0.035428571     	6.75386261e-01
0.04            	6.75386260e-01
0.045           	6.75386260e-01
0.05            	6.75386258e-01
0.055           	6.75386256e-01
0.06            	6.75386254e-01
0.066666667     	6.75386241e-01
0.073333333     	6.75386241e-01
0.08            	6.75386241e-01
0.086666667     	6.75386240e-01
0.093333333     	6.75386240e-01
0.1             	6.75386239e-01
0.10666667      	6.75386238e-01
0.11333333      	6.75386237e-01
0.12            	6.75386236e-01
0.12666667      	6.75386234e-01
0.13333333      	6.75386233e-01
0.14            	6.75386230e-01
0.145           	6.75386230e-01
0.15            	6.75386230e-01
0.155           	6.75386229e-01
0.16            	6.75386229e-01
0.165           	6.75386228e-01
0.17            	6.75386227e-01
0.175           	6.75386227e-01
0.18            	6.75386226e-01
0.185           	6.75386225e-01
0.19            	6.75386224e-01
0.195           	6.75386223e-01
0.2             	6.75386221e-01
0.205           	6.75386220e-01
0.21            	6.75386218e-01
0.215           	6.75386215e-01
0.22            	6.75386212e-01
0.225           	6.75386206e-01
0.23            	6.75386199e-01
0.235           	6.75386189e-01
0.24            	6.75386189e-01
0.245           	6.75386189e-01
0.25            	6.75386188e-01
0.255           	6.75386187e-01
0.26            	6.75386184e-01
0.264           	6.75386184e-01
0.268           	6.75386183e-01
0.272           	6.75386182e-01
0.276           	6.75386182e-01
0.28            	6.75386181e-01
0.284           	6.75386180e-01
0.288           	6.75386189e-01
0.292           	6.75386188e-01
0.296           	6.75386188e-01
0.3             	6.75386187e-01
0.304           	6.75386187e-01
0.308           	6.75386186e-01
0.312           	6.75386186e-01
0.316           	6.75386186e-01
0.32            	6.75386171e-01
0.324           	6.75386171e-01
0.328           	6.75386154e-01
0.332           	6.75386155e-01
0.336           	6.75386155e-01
0.34            	6.75386155e-01
0.344           	6.75386161e-01
0.348           	6.75386161e-01
0.352           	6.75386155e-01
0.356           	6.75386148e-01
0.36            	6.75386139e-01
0.36333333      	6.75386135e-01
0.36666667      	6.75386130e-01
0.37            	6.75386127e-01
0.37333333      	6.75386125e-01
0.37666667      	6.75386126e-01
0.38            	6.75386134e-01
0.38285714      	6.75386137e-01
0.38571429      	6.75386140e-01
0.38809524      	6.75386142e-01
0.39047619      	6.75386143e-01
0.39285714      	6.75386143e-01
0.3952381       	6.75386143e-01
0.39761905      	6.75386144e-01
0.4             	6.75386144e-01
0.402           	6.75386144e-01
0.4038          	6.75386144e-01
0.4056          	6.75386144e-01
0.4074          	6.75386144e-01
0.408975        	6.75386144e-01
0.41055         	6.75386144e-01
0.412125        	6.75386144e-01
0.4137          	6.75386144e-01
0.41496         	6.75386144e-01
0.41622         	6.75386144e-01
0.41748         	6.75386144e-01
0.41874         	6.75386144e-01
0.42            	6.75386144e-01
0.42117647      	6.75386150e-01
0.42228374      	6.75386156e-01
0.42332587      	6.75386162e-01
0.424368        	6.75386167e-01
0.425345        	6.75386172e-01
0.426322        	6.75386177e-01
0.42723387      	6.75386181e-01
0.42814574      	6.75386184e-01
0.42899247      	6.75386187e-01
0.4298392       	6.75386189e-01
0.4306208       	6.75386191e-01
0.4314024       	6.75386192e-01
0.432184        	6.75386193e-01
0.43289455      	6.75386194e-01
0.43360509      	6.75386195e-01
0.43431564      	6.75386195e-01
0.43502618      	6.75386196e-01
0.43564791      	6.75386196e-01
0.43626964      	6.75386196e-01
0.43689136      	6.75386196e-01
0.43751309      	6.75386196e-01
0.43813482      	6.75386196e-01
0.43875655      	6.75386197e-01
0.43937827      	6.75386197e-01
0.44            	6.75386197e-01
0.44057143      	6.75386197e-01
0.44112653      	6.75386197e-01
0.44168163      	6.75386197e-01
0.44222041      	6.75386197e-01
0.44275918      	6.75386197e-01
0.44329796      	6.75386197e-01
0.4438199       	6.75386197e-01
0.44434184      	6.75386197e-01
0.44486378      	6.75386197e-01
0.44536832      	6.75386196e-01
0.44587286      	6.75386196e-01
0.4463774       	6.75386196e-01
0.44688194      	6.75386196e-01
0.44736779      	6.75386195e-01
0.44785365      	6.75386195e-01
0.4483395       	6.75386195e-01
0.44882536      	6.75386194e-01
0.44931121      	6.75386193e-01
0.44977594      	6.75386193e-01
0.45024067      	6.75386192e-01
0.4507054       	6.75386191e-01
0.45117013      	6.75386190e-01
0.45161162      	6.75386190e-01
0.45205312      	6.75386189e-01
0.45247137      	6.75386188e-01
0.45288963      	6.75386187e-01
0.45330789      	6.75386186e-01
0.45367967      	6.75386185e-01
0.45405146      	6.75386185e-01
0.45442324      	6.75386184e-01
0.45477179      	6.75386183e-01
0.45512033      	6.75386182e-01
0.45546888      	6.75386181e-01
0.45581743      	6.75386181e-01
0.45616598      	6.75386180e-01
0.45651452      	6.75386179e-01
0.45680498      	6.75386178e-01
0.45709544      	6.75386178e-01
0.45738589      	6.75386177e-01
0.45767635      	6.75386176e-01
0.45796681      	6.75386176e-01
0.45825726      	6.75386175e-01
0.45854772      	6.75386174e-01
0.45883817      	6.75386173e-01
0.45907054      	6.75386173e-01
0.4593029       	6.75386173e-01
0.45953527      	6.75386172e-01
0.45976763      	6.75386172e-01
0.46            	6.75386172e-01
0.4602439       	6.75386171e-01
0.46048483      	6.75386171e-01
0.46072576      	6.75386171e-01
0.46096669      	6.75386170e-01
0.46120761      	6.75386170e-01
0.46144854      	6.75386169e-01
0.46168638      	6.75386169e-01
0.46192422      	6.75386168e-01
0.46216206      	6.75386168e-01
0.4623999       	6.75386167e-01
0.46263774      	6.75386167e-01
0.46287558      	6.75386166e-01
0.46311342      	6.75386165e-01
0.46335126      	6.75386165e-01
0.4635891       	6.75386164e-01
0.46382693      	6.75386163e-01
0.46406477      	6.75386162e-01
0.46430261      	6.75386161e-01
0.46454411      	6.75386160e-01
0.46478561      	6.75386159e-01
0.46502711      	6.75386158e-01
0.46526477      	6.75386157e-01
0.46550244      	6.75386156e-01
0.46574406      	6.75386154e-01
0.46598569      	6.75386153e-01
0.46622732      	6.75386152e-01
0.46646894      	6.75386150e-01
0.46671057      	6.75386149e-01
0.46695667      	6.75386147e-01
0.46720277      	6.75386146e-01
0.46744887      	6.75386144e-01
0.46769497      	6.75386143e-01
0.46794609      	6.75386141e-01
0.46819722      	6.75386140e-01
0.46844834      	6.75386138e-01
0.46869946      	6.75386137e-01
0.46895059      	6.75386135e-01
0.46920171      	6.75386134e-01
0.46945283      	6.75386133e-01
0.46971008      	6.75386131e-01
0.46996733      	6.75386130e-01
0.47022458      	6.75386128e-01
0.47048878      	6.75386127e-01
0.47075298      	6.75386126e-01
0.47101718      	6.75386124e-01
0.47128138      	6.75386122e-01
0.47154558      	6.75386120e-01
0.4718183       	6.75386118e-01
0.47209103      	6.75386117e-01
0.47236375      	6.75386115e-01
0.47262707      	6.75386114e-01
0.47289039      	6.75386112e-01
0.47315371      	6.75386111e-01
0.47341702      	6.75386110e-01
0.47368034      	6.75386109e-01
0.47394366      	6.75386108e-01
0.47420698      	6.75386107e-01
0.4744703       	6.75386106e-01
0.47473362      	6.75386105e-01
0.47499694      	6.75386104e-01
0.47526026      	6.75386104e-01
0.47553907      	6.75386103e-01
0.47581787      	6.75386103e-01
0.47609668      	6.75386102e-01
0.47637549      	6.75386102e-01
0.4766543       	6.75386101e-01
0.47693311      	6.75386101e-01
0.47721192      	6.75386100e-01
0.47749072      	6.75386100e-01
0.47776953      	6.75386099e-01
0.47804834      	6.75386099e-01
0.47832715      	6.75386099e-01
0.47860596      	6.75386099e-01
0.47888477      	6.75386098e-01
0.47916357      	6.75386098e-01
0.47944238      	6.75386098e-01
0.47972119      	6.75386097e-01
0.48            	6.75386097e-01
0.4803125       	6.75386096e-01
0.48063525      	6.75386094e-01
0.48095799      	6.75386093e-01
0.48128074      	6.75386091e-01
0.48160348      	6.75386088e-01
0.48193199      	6.75386086e-01
0.4822605       	6.75386083e-01
0.48258901      	6.75386080e-01
0.48291752      	6.75386077e-01
0.48327341      	6.75386074e-01
0.48363703      	6.75386072e-01
0.48400891      	6.75386069e-01
0.4843808       	6.75386066e-01
0.48472035      	6.75386064e-01
0.48506761      	6.75386061e-01
0.48541488      	6.75386059e-01
0.48577061      	6.75386056e-01
0.48612635      	6.75386054e-01
0.48648208      	6.75386052e-01
0.48684743      	6.75386051e-01
0.48721278      	6.75386050e-01
0.48758887      	6.75386049e-01
0.48796497      	6.75386049e-01
0.48834106      	6.75386050e-01
0.48871716      	6.75386051e-01
0.48910622      	6.75386052e-01
0.48949528      	6.75386053e-01
0.48988435      	6.75386053e-01
0.49027341      	6.75386053e-01
0.49066248      	6.75386051e-01
0.49105154      	6.75386050e-01
0.4914406       	6.75386048e-01
0.49182967      	6.75386047e-01
0.49221873      	6.75386046e-01
0.49260779      	6.75386046e-01
0.49299686      	6.75386046e-01
0.49338592      	6.75386045e-01
0.49377498      	6.75386044e-01
0.49416405      	6.75386042e-01
0.49455311      	6.75386039e-01
0.49494217      	6.75386037e-01
0.49533124      	6.75386034e-01
0.4957203       	6.75386032e-01
0.49610936      	6.75386029e-01
0.49654166      	6.75386025e-01
0.49697395      	6.75386021e-01
0.49740624      	6.75386018e-01
0.49783854      	6.75386015e-01
0.49827083      	6.75386013e-01
0.49870312      	6.75386011e-01
0.49913541      	6.75386009e-01
0.49956771      	6.75386008e-01
0.5             	6.75386007e-01
0.50045455      	6.75386006e-01
0.50090909      	6.75386005e-01
0.50136364      	6.75386005e-01
0.50181818      	6.75386005e-01
0.50227273      	6.75386005e-01
0.50272727      	6.75386006e-01
0.50318182      	6.75386006e-01
0.50364899      	6.75386008e-01
0.50411616      	6.75386009e-01
0.50458333      	6.75386011e-01
0.50505051      	6.75386013e-01
0.50551768      	6.75386014e-01
0.50600042      	6.75386016e-01
0.50648316      	6.75386017e-01
0.50696591      	6.75386018e-01
0.50744865      	6.75386019e-01
0.5079314       	6.75386019e-01
0.50841414      	6.75386020e-01
0.50889689      	6.75386019e-01
0.50937963      	6.75386019e-01
0.50986237      	6.75386019e-01
0.51036926      	6.75386018e-01
0.51087614      	6.75386017e-01
0.51138302      	6.75386016e-01
0.5118899       	6.75386014e-01
0.51239678      	6.75386013e-01
0.51290366      	6.75386012e-01
0.51341054      	6.75386010e-01
0.51391742      	6.75386009e-01
0.51442431      	6.75386007e-01
0.51493119      	6.75386006e-01
0.51543807      	6.75386004e-01
0.51594495      	6.75386002e-01
0.51645183      	6.75386000e-01
0.51695871      	6.75385999e-01
0.51746559      	6.75385997e-01
0.51797247      	6.75385995e-01
0.51847936      	6.75385993e-01
0.51898624      	6.75385992e-01
0.51949312      	6.75385990e-01
0.52            	6.75385989e-01
0.52047619      	6.75385988e-01
0.52095238      	6.75385987e-01
0.52142857      	6.75385986e-01
0.52190476      	6.75385985e-01
0.52238095      	6.75385984e-01
0.52285714      	6.75385983e-01
0.52333333      	6.75385983e-01
0.52380952      	6.75385982e-01
0.52428571      	6.75385982e-01
0.5247619       	6.75385981e-01
0.5252381       	6.75385981e-01
0.52571429      	6.75385980e-01
0.52619048      	6.75385980e-01
0.52668367      	6.75385979e-01
0.52717687      	6.75385979e-01
0.52767007      	6.75385978e-01
0.52816327      	6.75385978e-01
0.52865646      	6.75385977e-01
0.52914966      	6.75385977e-01
0.52964286      	6.75385976e-01
0.53013605      	6.75385975e-01
0.53062925      	6.75385974e-01
0.53112245      	6.75385974e-01
0.53161565      	6.75385973e-01
0.53210884      	6.75385972e-01
0.53260204      	6.75385971e-01
0.53309524      	6.75385970e-01
0.53358844      	6.75385969e-01
0.53408163      	6.75385969e-01
0.53457483      	6.75385968e-01
0.53506803      	6.75385967e-01
0.53556122      	6.75385966e-01
0.53605442      	6.75385966e-01
0.53654762      	6.75385965e-01
0.53704082      	6.75385965e-01
0.53753401      	6.75385964e-01
0.53802721      	6.75385964e-01
0.53852041      	6.75385963e-01
0.53901361      	6.75385963e-01
0.5395068       	6.75385963e-01
0.54            	6.75385963e-01
0.54055556      	6.75385963e-01
0.54111111      	6.75385963e-01
0.54166667      	6.75385963e-01
0.54222222      	6.75385963e-01
0.54277778      	6.75385963e-01
0.54333333      	6.75385963e-01
0.54388889      	6.75385963e-01
0.54446429      	6.75385963e-01
0.54503968      	6.75385964e-01
0.54561508      	6.75385964e-01
0.54619048      	6.75385964e-01
0.54676587      	6.75385965e-01
0.54734127      	6.75385965e-01
0.54791667      	6.75385965e-01
0.54849206      	6.75385966e-01
0.54906746      	6.75385966e-01
0.54964286      	6.75385966e-01
0.5502521       	6.75385966e-01
0.55086134      	6.75385967e-01
0.55147059      	6.75385967e-01
0.55207983      	6.75385967e-01
0.55268908      	6.75385967e-01
0.55329832      	6.75385967e-01
0.55390756      	6.75385966e-01
0.55451681      	6.75385966e-01
0.55512605      	6.75385966e-01
0.55573529      	6.75385965e-01
0.55634454      	6.75385965e-01
0.55695378      	6.75385964e-01
0.55756303      	6.75385963e-01
0.55817227      	6.75385963e-01
0.55878151      	6.75385962e-01
0.55939076      	6.75385961e-01
0.56            	6.75385960e-01
0.56060606      	6.75385959e-01
0.56121212      	6.75385958e-01
0.56181818      	6.75385957e-01
0.56242424      	6.75385956e-01
0.5630303       	6.75385954e-01
0.56363636      	6.75385953e-01
0.56424242      	6.75385952e-01
0.56487273      	6.75385951e-01
0.56550303      	6.75385950e-01
0.56613333      	6.75385949e-01
0.56673623      	6.75385948e-01
0.56733913      	6.75385947e-01
0.56794203      	6.75385946e-01
0.56854493      	6.75385945e-01
0.56914783      	6.75385944e-01
0.56975072      	6.75385944e-01
0.57035362      	6.75385943e-01
0.57095652      	6.75385942e-01
0.57155942      	6.75385942e-01
0.57216232      	6.75385941e-01
0.57276522      	6.75385941e-01
0.57336812      	6.75385941e-01
0.57397101      	6.75385940e-01
0.57457391      	6.75385940e-01
0.57517681      	6.75385940e-01
0.57577971      	6.75385939e-01
0.57638261      	6.75385939e-01
0.57698551      	6.75385938e-01
0.57758841      	6.75385938e-01
0.5781913       	6.75385938e-01
0.5787942       	6.75385937e-01
0.5793971       	6.75385937e-01
0.58            	6.75385936e-01
0.58060606      	6.75385936e-01
0.58121212      	6.75385935e-01
0.58181818      	6.75385935e-01
0.58242424      	6.75385934e-01
0.5830303       	6.75385933e-01
0.58363636      	6.75385933e-01
0.58424242      	6.75385932e-01
0.58484848      	6.75385932e-01
0.58545455      	6.75385931e-01
0.58606061      	6.75385931e-01
0.58666667      	6.75385930e-01
0.58727273      	6.75385930e-01
0.58787879      	6.75385929e-01
0.58848485      	6.75385928e-01
0.58909091      	6.75385928e-01
0.58969697      	6.75385927e-01
0.59030303      	6.75385926e-01
0.59090909      	6.75385926e-01
0.59151515      	6.75385925e-01
0.59212121      	6.75385924e-01
0.59272727      	6.75385923e-01
0.59333333      	6.75385922e-01
0.59393939      	6.75385921e-01
0.59454545      	6.75385920e-01
0.59515152      	6.75385919e-01
0.59575758      	6.75385919e-01
0.59636364      	6.75385917e-01
0.5969697       	6.75385916e-01
0.59757576      	6.75385915e-01
0.59818182      	6.75385914e-01
0.59878788      	6.75385913e-01
0.59939394      	6.75385912e-01
0.6             	6.75385911e-01
0.60064516      	6.75385910e-01
0.60129032      	6.75385909e-01
0.60193548      	6.75385907e-01
0.60258065      	6.75385906e-01
0.60322581      	6.75385905e-01
0.60387097      	6.75385904e-01
0.60454301      	6.75385902e-01
0.60521505      	6.75385901e-01
0.6058871       	6.75385899e-01
0.60655914      	6.75385898e-01
0.60723118      	6.75385896e-01
0.60790323      	6.75385895e-01
0.60857527      	6.75385893e-01
0.60924731      	6.75385891e-01
0.60991935      	6.75385889e-01
0.6105914       	6.75385887e-01
0.61126344      	6.75385884e-01
0.61193548      	6.75385880e-01
0.61260753      	6.75385876e-01
0.61327957      	6.75385871e-01
0.61395161      	6.75385865e-01
0.61462366      	6.75385858e-01
0.6152957       	6.75385849e-01
0.61596774      	6.75385838e-01
0.61663978      	6.75385824e-01
0.61731183      	6.75385808e-01
0.61798387      	6.75385787e-01
0.61865591      	6.75385763e-01
0.61932796      	6.75385735e-01
0.62            	6.75385701e-01
0.62068966      	6.75385659e-01
0.62140485      	6.75385608e-01
0.62212005      	6.75385546e-01
0.62283525      	6.75385470e-01
0.62355045      	6.75385380e-01
0.62426564      	6.75385275e-01
0.62498084      	6.75385156e-01
0.62569604      	6.75385021e-01
0.62641124      	6.75384867e-01
0.62712644      	6.75384693e-01
0.62784163      	6.75384498e-01
0.62855683      	6.75384280e-01
0.62927203      	6.75384040e-01
0.62998723      	6.75383776e-01
0.63070243      	6.75383490e-01
0.63141762      	6.75383181e-01
0.63213282      	6.75382847e-01
0.63284802      	6.75382487e-01
0.63356322      	6.75382101e-01
0.63427842      	6.75381685e-01
0.63499361      	6.75381239e-01
0.63570881      	6.75380756e-01
0.63642401      	6.75380233e-01
0.63713921      	6.75379670e-01
0.63785441      	6.75379070e-01
0.6385696       	6.75378431e-01
0.6392848       	6.75377754e-01
0.64            	6.75377040e-01
0.64074074      	6.75376253e-01
0.64148148      	6.75375419e-01
0.64222222      	6.75374539e-01
0.64296296      	6.75373616e-01
0.6437037       	6.75372648e-01
0.64444444      	6.75371634e-01
0.64518519      	6.75370575e-01
0.64592593      	6.75369467e-01
0.64666667      	6.75368307e-01
0.64740741      	6.75367090e-01
0.64814815      	6.75365804e-01
0.64888889      	6.75364447e-01
0.64962963      	6.75363010e-01
0.65037037      	6.75361491e-01
0.65111111      	6.75359880e-01
0.65185185      	6.75358169e-01
0.65259259      	6.75356333e-01
0.65333333      	6.75354350e-01
0.65407407      	6.75352214e-01
0.65481481      	6.75349926e-01
0.65555556      	6.75347493e-01
0.6562963       	6.75344909e-01
0.65703704      	6.75342168e-01
0.65777778      	6.75339263e-01
0.65851852      	6.75336173e-01
0.65925926      	6.75332886e-01
0.66            	6.75329400e-01
0.66076923      	6.75325555e-01
0.66153846      	6.75321467e-01
0.66230769      	6.75317139e-01
0.66307692      	6.75312584e-01
0.66384615      	6.75307802e-01
0.66461538      	6.75302795e-01
0.66538462      	6.75297569e-01
0.66615385      	6.75292138e-01
0.66692308      	6.75286522e-01
0.66769231      	6.75280747e-01
0.66846154      	6.75274841e-01
0.66923077      	6.75268832e-01
0.67            	6.75262736e-01
0.67076923      	6.75256598e-01
0.67153846      	6.75250458e-01
0.67230769      	6.75244339e-01
0.67307692      	6.75238247e-01
0.67384615      	6.75232210e-01
0.67461538      	6.75226248e-01
0.67538462      	6.75220334e-01
0.67615385      	6.75214474e-01
0.67692308      	6.75208655e-01
0.67769231      	6.75202879e-01
0.67846154      	6.75197132e-01
0.67923077      	6.75191401e-01
0.68            	6.75185712e-01
0.6808          	6.75179894e-01
0.6816          	6.75174161e-01
0.6824          	6.75168488e-01
0.6832          	6.75162842e-01
0.684           	6.75157182e-01
0.6848          	6.75151466e-01
0.6856          	6.75145664e-01
0.6864          	6.75139744e-01
0.6872          	6.75133660e-01
0.688           	6.75127325e-01
0.6888          	6.75120681e-01
0.6896          	6.75113689e-01
0.6904          	6.75106349e-01
0.6912          	6.75098656e-01
0.692           	6.75090590e-01
0.6928          	6.75082118e-01
0.6936          	6.75073233e-01
0.6944          	6.75063943e-01
0.6952          	6.75054260e-01
0.696           	6.75044218e-01
0.6968          	6.75033844e-01
0.6976          	6.75023181e-01
0.6984          	6.75012258e-01
0.6992          	6.75001090e-01
0.7             	6.74989686e-01
0.70083333      	6.74977574e-01
0.70166667      	6.74965226e-01
0.7025          	6.74952633e-01
0.70333333      	6.74939804e-01
0.70416667      	6.74926768e-01
0.705           	6.74913565e-01
0.70583333      	6.74900208e-01
0.70666667      	6.74886704e-01
0.7075          	6.74873102e-01
0.70833333      	6.74859473e-01
0.70916667      	6.74845864e-01
0.71            	6.74832298e-01
0.71083333      	6.74818786e-01
0.71166667      	6.74805340e-01
0.7125          	6.74791998e-01
0.71333333      	6.74778802e-01
0.71416667      	6.74765762e-01
0.715           	6.74752874e-01
0.71583333      	6.74740109e-01
0.71666667      	6.74727456e-01
0.7175          	6.74714906e-01
0.71833333      	6.74702468e-01
0.71916667      	6.74690168e-01
0.72            	6.74678009e-01
0.72083333      	6.74665966e-01
0.72166667      	6.74654009e-01
0.7225          	6.74642162e-01
0.72333333      	6.74630451e-01
0.72416667      	6.74618847e-01
0.725           	6.74607282e-01
0.72583333      	6.74595709e-01
0.72666667      	6.74584100e-01
0.7275          	6.74572402e-01
0.72833333      	6.74560580e-01
0.72916667      	6.74548625e-01
0.73            	6.74536552e-01
0.73083333      	6.74524372e-01
0.73166667      	6.74512096e-01
0.7325          	6.74499736e-01
0.73333333      	6.74487294e-01
0.73416667      	6.74474759e-01
0.735           	6.74462126e-01
0.73583333      	6.74449388e-01
0.73666667      	6.74436534e-01
0.7375          	6.74423562e-01
0.73833333      	6.74410476e-01
0.73916667      	6.74397285e-01
0.74            	6.74384004e-01
0.74083333      	6.74370654e-01
0.74166667      	6.74357243e-01
0.7425          	6.74343775e-01
0.74333333      	6.74330247e-01
0.74416667      	6.74316643e-01
0.745           	6.74302936e-01
0.74583333      	6.74289116e-01
0.74666667      	6.74275195e-01
0.7475          	6.74261200e-01
0.74833333      	6.74247165e-01
0.74916667      	6.74233122e-01
0.75            	6.74219097e-01
0.75083333      	6.74205105e-01
0.75166667      	6.74191165e-01
0.7525          	6.74177292e-01
0.75333333      	6.74163508e-01
0.75416667      	6.74149831e-01
0.755           	6.74136273e-01
0.75583333      	6.74122842e-01
0.75666667      	6.74109552e-01
0.7575          	6.74096383e-01
0.75833333      	6.74083331e-01
0.75916667      	6.74070385e-01
0.76            	6.74057539e-01
0.76086957      	6.74044246e-01
0.76173913      	6.74031031e-01
0.7626087       	6.74017880e-01
0.76347826      	6.74004785e-01
0.76434783      	6.73991749e-01
0.76521739      	6.73978783e-01
0.76608696      	6.73965903e-01
0.76695652      	6.73953125e-01
0.76782609      	6.73940460e-01
0.76869565      	6.73927882e-01
0.76956522      	6.73915402e-01
0.77043478      	6.73903012e-01
0.77130435      	6.73890707e-01
0.77217391      	6.73878486e-01
0.77304348      	6.73866355e-01
0.77391304      	6.73854334e-01
0.77478261      	6.73842438e-01
0.77565217      	6.73830682e-01
0.77652174      	6.73819050e-01
0.7773913       	6.73807565e-01
0.77826087      	6.73796253e-01
0.77913043      	6.73785124e-01
0.78            	6.73774177e-01
0.78086957      	6.73763388e-01
0.78173913      	6.73752714e-01
0.7826087       	6.73742125e-01
0.78347826      	6.73731616e-01
0.78434783      	6.73721172e-01
0.78521739      	6.73710781e-01
0.78608696      	6.73700443e-01
0.78695652      	6.73690146e-01
0.78782609      	6.73679880e-01
0.78869565      	6.73669642e-01
0.78956522      	6.73659442e-01
0.79043478      	6.73649287e-01
0.79130435      	6.73639207e-01
0.79217391      	6.73629240e-01
0.79304348      	6.73619408e-01
0.79391304      	6.73609719e-01
0.79478261      	6.73600164e-01
0.79565217      	6.73590724e-01
0.79652174      	6.73581371e-01
0.7973913       	6.73572089e-01
0.79826087      	6.73562862e-01
0.79913043      	6.73553687e-01
0.8             	6.73544561e-01
0.80086957      	6.73535479e-01
0.80173913      	6.73526442e-01
0.8026087       	6.73517448e-01
0.80347826      	6.73508495e-01
0.80434783      	6.73499584e-01
0.80521739      	6.73490712e-01
0.80608696      	6.73481879e-01
0.80695652      	6.73473113e-01
0.80782609      	6.73464424e-01
0.80869565      	6.73455814e-01
0.80956522      	6.73447274e-01
0.81043478      	6.73438793e-01
0.81130435      	6.73430359e-01
0.81217391      	6.73421955e-01
0.81304348      	6.73413569e-01
0.81391304      	6.73405191e-01
0.81478261      	6.73396812e-01
0.81565217      	6.73388430e-01
0.81652174      	6.73380046e-01
0.8173913       	6.73371665e-01
0.81826087      	6.73363286e-01
0.81913043      	6.73354915e-01
0.82            	6.73346566e-01
0.82086957      	6.73338244e-01
0.82173913      	6.73329959e-01
0.8226087       	6.73321728e-01
0.82347826      	6.73313563e-01
0.82434783      	6.73305472e-01
0.82521739      	6.73297452e-01
0.82608696      	6.73289484e-01
0.82695652      	6.73281562e-01
0.82782609      	6.73273689e-01
0.82869565      	6.73265871e-01
0.82956522      	6.73258122e-01
0.83043478      	6.73250449e-01
0.83130435      	6.73242852e-01
0.83217391      	6.73235327e-01
0.83304348      	6.73227871e-01
0.83391304      	6.73220482e-01
0.83478261      	6.73213157e-01
0.83565217      	6.73205895e-01
0.83652174      	6.73198701e-01
0.8373913       	6.73191570e-01
0.83826087      	6.73184500e-01
0.83913043      	6.73177485e-01
0.84            	6.73170514e-01
0.84090909      	6.73163266e-01
0.84181818      	6.73156049e-01
0.84272727      	6.73148870e-01
0.84363636      	6.73141726e-01
0.84454545      	6.73134613e-01
0.84545455      	6.73127537e-01
0.84636364      	6.73120486e-01
0.84727273      	6.73113456e-01
0.84818182      	6.73106445e-01
0.84909091      	6.73099450e-01
0.85            	6.73092465e-01
0.85090909      	6.73085475e-01
0.85181818      	6.73078445e-01
0.85272727      	6.73071345e-01
0.85363636      	6.73064153e-01
0.85454545      	6.73056859e-01
0.85545455      	6.73049460e-01
0.85636364      	6.73041967e-01
0.85727273      	6.73034381e-01
0.85818182      	6.73026705e-01
0.85909091      	6.73018934e-01
0.86            	6.73011069e-01
0.86090909      	6.73003108e-01
0.86181818      	6.72995053e-01
0.86272727      	6.72986904e-01
0.86363636      	6.72978660e-01
0.86454545      	6.72970309e-01
0.86545455      	6.72961838e-01
0.86636364      	6.72953242e-01
0.86727273      	6.72944514e-01
0.86818182      	6.72935644e-01
0.86909091      	6.72926618e-01
0.87            	6.72917425e-01
0.87090909      	6.72908053e-01
0.87181818      	6.72898454e-01
0.87272727      	6.72888606e-01
0.87363636      	6.72878489e-01
0.87454545      	6.72868089e-01
0.87545455      	6.72857395e-01
0.87636364      	6.72846385e-01
0.87727273      	6.72834859e-01
0.87818182      	6.72822749e-01
0.87909091      	6.72810057e-01
0.88            	6.72796785e-01
0.88090909      	6.72782976e-01
0.88181818      	6.72768665e-01
0.88272727      	6.72753881e-01
0.88363636      	6.72738649e-01
0.88454545      	6.72722973e-01
0.88545455      	6.72706739e-01
0.88636364      	6.72689925e-01
0.88727273      	6.72672554e-01
0.88818182      	6.72654679e-01
0.88909091      	6.72636351e-01
0.89            	6.72617618e-01
0.89090909      	6.72598512e-01
0.89181818      	6.72579068e-01
0.89272727      	6.72559301e-01
0.89363636      	6.72539219e-01
0.89454545      	6.72518839e-01
0.89545455      	6.72498176e-01
0.89636364      	6.72477254e-01
0.89727273      	6.72456084e-01
0.89818182      	6.72434657e-01
0.89909091      	6.72412878e-01
0.9             	6.72390697e-01
0.90090909      	6.72368104e-01
0.90181818      	6.72345114e-01
0.90272727      	6.72321748e-01
0.90363636      	6.72298028e-01
0.90454545      	6.72273972e-01
0.90545455      	6.72249606e-01
0.90636364      	6.72224950e-01
0.90727273      	6.72200020e-01
0.90818182      	6.72174822e-01
0.90909091      	6.72149369e-01
0.91            	6.72123673e-01
0.91090909      	6.72097742e-01
0.91181818      	6.72071581e-01
0.91272727      	6.72045195e-01
0.91363636      	6.72018583e-01
0.91454545      	6.71991732e-01
0.91545455      	6.71964548e-01
0.91636364      	6.71937037e-01
0.91727273      	6.71909216e-01
0.91818182      	6.71881101e-01
0.91909091      	6.71852714e-01
0.92            	6.71824082e-01
0.92090909      	6.71795225e-01
0.92181818      	6.71766167e-01
0.92272727      	6.71736931e-01
0.92363636      	6.71707535e-01
0.92454545      	6.71677999e-01
0.92545455      	6.71648337e-01
0.92636364      	6.71618499e-01
0.92727273      	6.71588448e-01
0.92818182      	6.71558194e-01
0.92909091      	6.71527764e-01
0.93            	6.71497189e-01
0.93090909      	6.71466512e-01
0.93181818      	6.71435761e-01
0.93272727      	6.71404952e-01
0.93363636      	6.71374104e-01
0.93454545      	6.71343237e-01
0.93545455      	6.71312367e-01
0.93636364      	6.71281506e-01
0.93727273      	6.71250659e-01
0.93818182      	6.71219715e-01
0.93909091      	6.71188677e-01
0.94            	6.71157564e-01
0.94095238      	6.71124912e-01
0.94190476      	6.71092206e-01
0.94285714      	6.71059534e-01
0.94380952      	6.71026938e-01
0.9447619       	6.70994450e-01
0.94571429      	6.70962114e-01
0.94666667      	6.70929860e-01
0.94761905      	6.70897735e-01
0.94857143      	6.70865786e-01
0.94952381      	6.70834072e-01
0.95047619      	6.70802656e-01
0.95142857      	6.70771605e-01
0.95238095      	6.70740978e-01
0.95333333      	6.70710814e-01
0.95428571      	6.70681139e-01
0.9552381       	6.70651884e-01
0.95619048      	6.70623076e-01
0.95714286      	6.70594734e-01
0.95809524      	6.70566885e-01
0.95904762      	6.70539518e-01
0.96            	6.70512627e-01
0.96095238      	6.70486195e-01
0.96190476      	6.70460206e-01
0.96285714      	6.70434614e-01
0.96380952      	6.70409367e-01
0.9647619       	6.70384450e-01
0.96571429      	6.70359854e-01
0.96666667      	6.70335567e-01
0.96761905      	6.70311578e-01
0.96857143      	6.70287878e-01
0.96952381      	6.70264454e-01
0.97047619      	6.70241278e-01
0.97142857      	6.70218300e-01
0.97238095      	6.70195519e-01
0.97333333      	6.70172917e-01
0.97428571      	6.70150482e-01
0.9752381       	6.70128205e-01
0.97619048      	6.70106073e-01
0.97714286      	6.70084073e-01
0.97809524      	6.70062181e-01
0.97904762      	6.70040380e-01
0.98            	6.70018671e-01
0.98095238      	6.69997048e-01
0.98190476      	6.69975500e-01
0.98285714      	6.69954019e-01
0.98380952      	6.69932599e-01
0.9847619       	6.69911234e-01
0.98571429      	6.69889871e-01
0.98666667      	6.69868514e-01
0.98761905      	6.69847156e-01
0.98857143      	6.69825782e-01
0.98952381      	6.69804310e-01
0.99047619      	6.69782713e-01
0.99142857      	6.69760983e-01
0.99238095      	6.69739124e-01
0.99333333      	6.69717131e-01
0.99428571      	6.69694978e-01
0.9952381       	6.69672676e-01
0.99619048      	6.69650233e-01
0.99714286      	6.69627640e-01
0.99809524      	6.69604840e-01
0.99904762      	6.69581842e-01
1               	6.69558662e-01
1.0009524       	6.69535318e-01
1.0019048       	6.69511829e-01
1.0028571       	6.69488214e-01
1.0038095       	6.69464494e-01
1.0047619       	6.69440676e-01
1.0057143       	6.69416702e-01
1.0066667       	6.69392534e-01
1.007619        	6.69368168e-01
1.0085714       	6.69343622e-01
1.0095238       	6.69318924e-01
1.0104762       	6.69294096e-01
1.0114286       	6.69269150e-01
1.012381        	6.69244102e-01
1.0133333       	6.69218974e-01
1.0142857       	6.69193769e-01
1.0152381       	6.69168464e-01
1.0161905       	6.69143019e-01
1.0171429       	6.69117430e-01
1.0180952       	6.69091706e-01
1.0190476       	6.69065852e-01
1.02            	6.69039880e-01
1.0209524       	6.69013800e-01
1.0219048       	6.68987629e-01
1.0228571       	6.68961367e-01
1.0238095       	6.68935014e-01
1.0247619       	6.68908558e-01
1.0257143       	6.68881971e-01
1.0266667       	6.68855186e-01
1.027619        	6.68828199e-01
1.0285714       	6.68800998e-01
1.0295238       	6.68773592e-01
1.0304762       	6.68745972e-01
1.0314286       	6.68718137e-01
1.032381        	6.68690119e-01
1.0333333       	6.68661968e-01
1.0342857       	6.68633705e-01
1.0352381       	6.68605352e-01
1.0360317       	6.68581764e-01
1.0368254       	6.68558257e-01
1.037619        	6.68534672e-01
1.0384127       	6.68510998e-01
1.0392063       	6.68487225e-01
1.04            	6.68463357e-01
1.0407407       	6.68441039e-01
1.0414815       	6.68418693e-01
1.0422222       	6.68396289e-01
1.0429333       	6.68374758e-01
1.0436444       	6.68353213e-01
1.0443556       	6.68331634e-01
1.0450074       	6.68311869e-01
1.0456593       	6.68292131e-01
1.0461074       	6.68278653e-01
1.0465556       	6.68265278e-01
1.0470037       	6.68251899e-01
1.0474519       	6.68238509e-01
1.0479          	6.68225106e-01
1.0483321       	6.68212175e-01
1.0487643       	6.68199234e-01
1.0491964       	6.68186273e-01
1.0496286       	6.68173282e-01
1.0500607       	6.68160261e-01
1.0504749       	6.68147764e-01
1.050889        	6.68135252e-01
1.0513031       	6.68122715e-01
1.0517173       	6.68110154e-01
1.0521314       	6.68097570e-01
1.0525455       	6.68084965e-01
1.0529379       	6.68073014e-01
1.0533302       	6.68061058e-01
1.0537226       	6.68049086e-01
1.0541149       	6.68037099e-01
1.0545072       	6.68025097e-01
1.0548996       	6.68013083e-01
1.0552919       	6.68001057e-01
1.0556843       	6.67989015e-01
1.0560766       	6.67976959e-01
1.0564689       	6.67964892e-01
1.0568613       	6.67952817e-01
1.0572536       	6.67940735e-01
1.057646        	6.67928649e-01
1.0580383       	6.67916561e-01
1.0584306       	6.67904474e-01
1.058823        	6.67892390e-01
1.0592153       	6.67880310e-01
1.0596077       	6.67868237e-01
1.06            	6.67856173e-01
1.0603922       	6.67844125e-01
1.0607843       	6.67832091e-01
1.0611765       	6.67820074e-01
1.0615686       	6.67808074e-01
1.0619608       	6.67796096e-01
1.0623446       	6.67784398e-01
1.0627284       	6.67772729e-01
1.0631039       	6.67761337e-01
1.0634793       	6.67749970e-01
1.0638548       	6.67738629e-01
1.0642136       	6.67727820e-01
1.0645724       	6.67717043e-01
1.0649312       	6.67706289e-01
1.0652899       	6.67695564e-01
1.0656487       	6.67684867e-01
1.0660075       	6.67674200e-01
1.0663663       	6.67663565e-01
1.0667251       	6.67652963e-01
1.0670839       	6.67642394e-01
1.0674329       	6.67632148e-01
1.067782        	6.67621940e-01
1.0681414       	6.67611467e-01
1.0685007       	6.67601028e-01
1.0688601       	6.67590629e-01
1.0692194       	6.67580269e-01
1.0695788       	6.67569950e-01
1.0699381       	6.67559671e-01
1.0702975       	6.67549432e-01
1.0706568       	6.67539237e-01
1.0710306       	6.67528679e-01
1.0714043       	6.67518161e-01
1.071778        	6.67507691e-01
1.0721517       	6.67497272e-01
1.0725255       	6.67486903e-01
1.0728992       	6.67476590e-01
1.0732729       	6.67466333e-01
1.0736467       	6.67456133e-01
1.0740437       	6.67445354e-01
1.0744408       	6.67434629e-01
1.0748379       	6.67423971e-01
1.075235        	6.67413381e-01
1.0756321       	6.67402861e-01
1.0760292       	6.67392410e-01
1.0764262       	6.67382029e-01
1.0768233       	6.67371718e-01
1.0772204       	6.67361487e-01
1.0776175       	6.67351341e-01
1.0780146       	6.67341280e-01
1.0784117       	6.67331305e-01
1.0788087       	6.67321415e-01
1.0792058       	6.67311611e-01
1.0796029       	6.67301894e-01
1.08            	6.67292262e-01
1.0804255       	6.67282024e-01
1.0808605       	6.67271642e-01
1.0812955       	6.67261354e-01
1.0817305       	6.67251164e-01
1.0821655       	6.67241072e-01
1.0826113       	6.67230831e-01
1.0830572       	6.67220692e-01
1.0835031       	6.67210659e-01
1.0839489       	6.67200731e-01
1.0843948       	6.67190904e-01
1.0848407       	6.67181176e-01
1.0852865       	6.67171545e-01
1.0857324       	6.67162008e-01
1.0861783       	6.67152563e-01
1.0866241       	6.67143206e-01
1.0870854       	6.67133614e-01
1.0875466       	6.67124106e-01
1.0880078       	6.67114687e-01
1.0884691       	6.67105356e-01
1.0889303       	6.67096111e-01
1.0893915       	6.67086949e-01
1.0898528       	6.67077868e-01
1.090314        	6.67068867e-01
1.0907753       	6.67059946e-01
1.0912365       	6.67051119e-01
1.0916977       	6.67042392e-01
1.0921861       	6.67033260e-01
1.0926745       	6.67024232e-01
1.0931628       	6.67015318e-01
1.0936512       	6.67006513e-01
1.0941396       	6.66997812e-01
1.0946279       	6.66989215e-01
1.0951163       	6.66980717e-01
1.0956047       	6.66972315e-01
1.096093        	6.66964006e-01
1.0965814       	6.66955785e-01
1.0970698       	6.66947652e-01
1.0975582       	6.66939605e-01
1.0980465       	6.66931641e-01
1.0985349       	6.66923759e-01
1.0990233       	6.66915956e-01
1.0995116       	6.66908229e-01
1.1             	6.66900575e-01
1.1005263       	6.66892404e-01
1.1010526       	6.66884303e-01
1.1015789       	6.66876287e-01
1.1021207       	6.66868123e-01
1.1026625       	6.66860043e-01
1.1032043       	6.66852051e-01
1.1037461       	6.66844148e-01
1.1042879       	6.66836329e-01
1.1048297       	6.66828595e-01
1.1053715       	6.66820942e-01
1.1059342       	6.66813085e-01
1.1065202       	6.66805002e-01
1.1070819       	6.66797357e-01
1.1076435       	6.66789821e-01
1.1082052       	6.66782383e-01
1.1087949       	6.66774678e-01
1.1093552       	6.66767450e-01
1.1099154       	6.66760328e-01
1.1104757       	6.66753296e-01
1.1110048       	6.66746737e-01
1.1115046       	6.66740625e-01
1.1120043       	6.66734591e-01
1.112504        	6.66728627e-01
1.1130038       	6.66722732e-01
1.1135035       	6.66716904e-01
1.1140032       	6.66711143e-01
1.1145029       	6.66705447e-01
1.1150027       	6.66699816e-01
1.1155579       	6.66693626e-01
1.1161132       	6.66687493e-01
1.1166685       	6.66681432e-01
1.1172237       	6.66675441e-01
1.117779        	6.66669517e-01
1.1183342       	6.66663658e-01
1.1188895       	6.66657862e-01
1.1194447       	6.66652127e-01
1.12            	6.66646454e-01
1.1205556       	6.66640838e-01
1.1211111       	6.66635281e-01
1.1216667       	6.66629785e-01
1.1222222       	6.66624361e-01
1.1227778       	6.66619014e-01
1.1233333       	6.66613745e-01
1.1238889       	6.66608551e-01
1.1244444       	6.66603434e-01
1.125           	6.66598393e-01
1.1255556       	6.66593427e-01
1.1261333       	6.66588341e-01
1.1267111       	6.66583328e-01
1.1272889       	6.66578391e-01
1.1278667       	6.66573528e-01
1.1284444       	6.66568737e-01
1.1290222       	6.66564017e-01
1.1296          	6.66559365e-01
1.1301778       	6.66554776e-01
1.1307556       	6.66550245e-01
1.1313333       	6.66545768e-01
1.1319111       	6.66541343e-01
1.1324889       	6.66536969e-01
1.1330667       	6.66532642e-01
1.1336444       	6.66528362e-01
1.13428         	6.66523710e-01
1.1349156       	6.66519107e-01
1.1355511       	6.66514562e-01
1.1361867       	6.66510070e-01
1.1368222       	6.66505628e-01
1.1374578       	6.66501236e-01
1.1380933       	6.66496889e-01
1.1387289       	6.66492586e-01
1.1393644       	6.66488329e-01
1.14            	6.66484127e-01
1.1406667       	6.66479773e-01
1.1413333       	6.66475471e-01
1.142           	6.66471227e-01
1.1426667       	6.66467038e-01
1.1433333       	6.66462904e-01
1.1440278       	6.66458654e-01
1.1447222       	6.66454458e-01
1.1454167       	6.66450317e-01
1.1461111       	6.66446231e-01
1.1468056       	6.66442197e-01
1.1475          	6.66438215e-01
1.1481944       	6.66434285e-01
1.1488889       	6.66430406e-01
1.1495833       	6.66426573e-01
1.1502778       	6.66422786e-01
1.1509722       	6.66419039e-01
1.1516667       	6.66415331e-01
1.1523611       	6.66411661e-01
1.1530556       	6.66408019e-01
1.15375         	6.66404404e-01
1.1544444       	6.66400815e-01
1.1551389       	6.66397249e-01
1.1558333       	6.66393703e-01
1.1565278       	6.66390180e-01
1.1572222       	6.66386684e-01
1.1579167       	6.66383211e-01
1.1586111       	6.66379762e-01
1.1593056       	6.66376334e-01
1.16            	6.66372926e-01
1.1607407       	6.66369306e-01
1.1615111       	6.66365555e-01
1.1622815       	6.66361828e-01
1.1630519       	6.66358133e-01
1.1638222       	6.66354469e-01
1.1645926       	6.66350836e-01
1.165363        	6.66347230e-01
1.1661333       	6.66343652e-01
1.1669037       	6.66340101e-01
1.1676741       	6.66336587e-01
1.1684958       	6.66332853e-01
1.1693175       	6.66329143e-01
1.1701393       	6.66325463e-01
1.170961        	6.66321813e-01
1.1717827       	6.66318192e-01
1.1726044       	6.66314599e-01
1.173344        	6.66311403e-01
1.1740836       	6.66308232e-01
1.1748231       	6.66305077e-01
1.1755627       	6.66301935e-01
1.1763022       	6.66298808e-01
1.1770418       	6.66295695e-01
1.1777813       	6.66292596e-01
1.1785209       	6.66289515e-01
1.1792604       	6.66286453e-01
1.18            	6.66283406e-01
1.1807143       	6.66280479e-01
1.181456        	6.66277457e-01
1.1821978       	6.66274446e-01
1.1829396       	6.66271450e-01
1.1836813       	6.66268469e-01
1.1844584       	6.66265361e-01
1.1852355       	6.66262264e-01
1.1860126       	6.66259183e-01
1.1867896       	6.66256118e-01
1.1875667       	6.66253069e-01
1.1883956       	6.66249824e-01
1.1892245       	6.66246597e-01
1.1900534       	6.66243393e-01
1.1908823       	6.66240217e-01
1.1917111       	6.66237069e-01
1.19254         	6.66233952e-01
1.1933689       	6.66230865e-01
1.1941978       	6.66227812e-01
1.1950267       	6.66224791e-01
1.1957372       	6.66222242e-01
1.1964476       	6.66219731e-01
1.1971581       	6.66217245e-01
1.1978686       	6.66214784e-01
1.1985791       	6.66212346e-01
1.1992895       	6.66209932e-01
1.2             	6.66207542e-01
1.2006897       	6.66205245e-01
1.2013793       	6.66202971e-01
1.2020955       	6.66200632e-01
1.2028117       	6.66198312e-01
1.2035279       	6.66196015e-01
1.204244        	6.66193740e-01
1.2049602       	6.66191487e-01
1.2056764       	6.66189256e-01
1.2063926       	6.66187046e-01
1.2071088       	6.66184857e-01
1.2078249       	6.66182691e-01
1.2085859       	6.66180411e-01
1.2093468       	6.66178151e-01
1.2101078       	6.66175915e-01
1.2108687       	6.66173703e-01
1.2116296       	6.66171515e-01
1.2123906       	6.66169351e-01
1.2131515       	6.66167209e-01
1.2139125       	6.66165086e-01
1.2146734       	6.66162984e-01
1.2154344       	6.66160903e-01
1.2161953       	6.66158839e-01
1.2169562       	6.66156791e-01
1.2177172       	6.66154759e-01
1.2184781       	6.66152742e-01
1.2192391       	6.66150740e-01
1.22            	6.66148753e-01
1.2208333       	6.66146586e-01
1.2217045       	6.66144335e-01
1.2225758       	6.66142102e-01
1.223447        	6.66139893e-01
1.2243182       	6.66137708e-01
1.2252406       	6.66135420e-01
1.2261631       	6.66133158e-01
1.2270856       	6.66130928e-01
1.228008        	6.66128730e-01
1.2289305       	6.66126566e-01
1.2298529       	6.66124436e-01
1.2307754       	6.66122340e-01
1.2316979       	6.66120279e-01
1.2326203       	6.66118253e-01
1.2335428       	6.66116262e-01
1.2344652       	6.66114306e-01
1.2353877       	6.66112385e-01
1.2363102       	6.66110497e-01
1.2372326       	6.66108642e-01
1.2381551       	6.66106819e-01
1.2390775       	6.66105028e-01
1.24            	6.66103267e-01
1.2409091       	6.66101562e-01
1.2418182       	6.66099887e-01
1.2427273       	6.66098240e-01
1.2436364       	6.66096621e-01
1.2445455       	6.66095030e-01
1.2454545       	6.66093465e-01
1.2463636       	6.66091927e-01
1.2472727       	6.66090414e-01
1.2481818       	6.66088928e-01
1.2490909       	6.66087467e-01
1.25            	6.66086032e-01
1.2509091       	6.66084622e-01
1.2518182       	6.66083237e-01
1.2527273       	6.66081877e-01
1.2536364       	6.66080541e-01
1.2545455       	6.66079229e-01
1.2554545       	6.66077940e-01
1.2563636       	6.66076673e-01
1.2572727       	6.66075429e-01
1.2581818       	6.66074206e-01
1.2590909       	6.66073004e-01
1.26            	6.66071823e-01
1.2609091       	6.66070663e-01
1.2618182       	6.66069523e-01
1.2627273       	6.66068403e-01
1.2636364       	6.66067303e-01
1.2645455       	6.66066221e-01
1.2654545       	6.66065159e-01
1.2663636       	6.66064115e-01
1.2672727       	6.66063089e-01
1.2681818       	6.66062083e-01
1.2690909       	6.66061095e-01
1.27            	6.66060125e-01
1.2709091       	6.66059175e-01
1.2718182       	6.66058242e-01
1.2727273       	6.66057328e-01
1.2736364       	6.66056432e-01
1.2745455       	6.66055555e-01
1.2754545       	6.66054695e-01
1.2763636       	6.66053853e-01
1.2772727       	6.66053029e-01
1.2781818       	6.66052221e-01
1.2790909       	6.66051430e-01
1.28            	6.66050656e-01
1.2809091       	6.66049897e-01
1.2818182       	6.66049154e-01
1.2827273       	6.66048425e-01
1.2836364       	6.66047711e-01
1.2845455       	6.66047011e-01
1.2854545       	6.66046325e-01
1.2863636       	6.66045653e-01
1.2872727       	6.66044995e-01
1.2881818       	6.66044350e-01
1.2890909       	6.66043718e-01
1.29            	6.66043099e-01
1.2909091       	6.66042493e-01
1.2918182       	6.66041900e-01
1.2927273       	6.66041320e-01
1.2936364       	6.66040752e-01
1.2945455       	6.66040196e-01
1.2954545       	6.66039652e-01
1.2963636       	6.66039120e-01
1.2972727       	6.66038600e-01
1.2981818       	6.66038091e-01
1.2990909       	6.66037593e-01
1.3             	6.66037106e-01
1.3009091       	6.66036629e-01
1.3018182       	6.66036163e-01
1.3027273       	6.66035706e-01
1.3036364       	6.66035258e-01
1.3045455       	6.66034820e-01
1.3054545       	6.66034390e-01
1.3063636       	6.66033969e-01
1.3072727       	6.66033557e-01
1.3081818       	6.66033154e-01
1.3090909       	6.66032758e-01
1.31            	6.66032369e-01
1.3109091       	6.66031989e-01
1.3118182       	6.66031616e-01
1.3127273       	6.66031250e-01
1.3136364       	6.66030892e-01
1.3145455       	6.66030541e-01
1.3154545       	6.66030197e-01
1.3163636       	6.66029860e-01
1.3172727       	6.66029530e-01
1.3181818       	6.66029208e-01
1.3190909       	6.66028892e-01
1.32            	6.66028584e-01
1.3209524       	6.66028269e-01
1.3219048       	6.66027962e-01
1.3228571       	6.66027661e-01
1.3238095       	6.66027367e-01
1.3247619       	6.66027081e-01
1.3257143       	6.66026803e-01
1.3266667       	6.66026531e-01
1.327619        	6.66026267e-01
1.3285714       	6.66026009e-01
1.3295238       	6.66025759e-01
1.3305714       	6.66025492e-01
1.331619        	6.66025233e-01
1.3326667       	6.66024982e-01
1.3337143       	6.66024737e-01
1.3347619       	6.66024500e-01
1.3358095       	6.66024270e-01
1.3368571       	6.66024047e-01
1.3379048       	6.66023830e-01
1.3389524       	6.66023620e-01
1.34            	6.66023417e-01
1.3410526       	6.66023219e-01
1.3421053       	6.66023027e-01
1.3431579       	6.66022841e-01
1.3442105       	6.66022660e-01
1.3452632       	6.66022486e-01
1.3463158       	6.66022317e-01
1.3473684       	6.66022153e-01
1.3484211       	6.66021995e-01
1.3494737       	6.66021842e-01
1.3505263       	6.66021693e-01
1.3515789       	6.66021548e-01
1.3526316       	6.66021408e-01
1.3536842       	6.66021272e-01
1.3547368       	6.66021140e-01
1.3557895       	6.66021012e-01
1.3568421       	6.66020889e-01
1.3578947       	6.66020770e-01
1.3589474       	6.66020654e-01
1.36            	6.66020542e-01
1.3611765       	6.66020421e-01
1.3623529       	6.66020305e-01
1.3635294       	6.66020192e-01
1.3647059       	6.66020083e-01
1.3658824       	6.66019978e-01
1.3670588       	6.66019877e-01
1.3682353       	6.66019779e-01
1.3694118       	6.66019685e-01
1.3705882       	6.66019595e-01
1.3717647       	6.66019508e-01
1.3729412       	6.66019425e-01
1.3741176       	6.66019345e-01
1.3752941       	6.66019268e-01
1.3764706       	6.66019194e-01
1.3776471       	6.66019124e-01
1.3788235       	6.66019056e-01
1.38            	6.66018992e-01
1.38125         	6.66018926e-01
1.3825          	6.66018864e-01
1.38375         	6.66018804e-01
1.385           	6.66018747e-01
1.38625         	6.66018693e-01
1.3875          	6.66018642e-01
1.38875         	6.66018592e-01
1.39            	6.66018545e-01
1.39125         	6.66018500e-01
1.3925          	6.66018457e-01
1.39375         	6.66018415e-01
1.395           	6.66018376e-01
1.39625         	6.66018337e-01
1.3975          	6.66018301e-01
1.39875         	6.66018265e-01
1.4             	6.66018231e-01
1.4013333       	6.66018195e-01
1.4026667       	6.66018161e-01
1.404           	6.66018128e-01
1.4053333       	6.66018095e-01
1.4066667       	6.66018063e-01
1.408           	6.66018032e-01
1.4093333       	6.66018002e-01
1.4106667       	6.66017971e-01
1.412           	6.66017941e-01
1.4133333       	6.66017911e-01
1.4146667       	6.66017881e-01
1.416           	6.66017851e-01
1.4173333       	6.66017821e-01
1.4186667       	6.66017790e-01
1.42            	6.66017759e-01
1.4214286       	6.66017725e-01
1.4228571       	6.66017690e-01
1.4242857       	6.66017654e-01
1.4257143       	6.66017617e-01
1.4271429       	6.66017580e-01
1.4285714       	6.66017541e-01
1.43            	6.66017501e-01
1.4314286       	6.66017461e-01
1.4328571       	6.66017419e-01
1.4342857       	6.66017375e-01
1.4357143       	6.66017331e-01
1.4371429       	6.66017284e-01
1.4385714       	6.66017236e-01
1.44            	6.66017187e-01
1.4414286       	6.66017135e-01
1.4428571       	6.66017083e-01
1.4442857       	6.66017028e-01
1.4457143       	6.66016972e-01
1.4471429       	6.66016915e-01
1.4485714       	6.66016856e-01
1.45            	6.66016795e-01
1.4514286       	6.66016733e-01
1.4528571       	6.66016668e-01
1.4542857       	6.66016602e-01
1.4557143       	6.66016535e-01
1.4571429       	6.66016465e-01
1.4585714       	6.66016394e-01
1.46            	6.66016321e-01
1.4614286       	6.66016246e-01
1.4628571       	6.66016169e-01
1.4642857       	6.66016090e-01
1.4657143       	6.66016010e-01
1.4671429       	6.66015928e-01
1.4685714       	6.66015844e-01
1.47            	6.66015758e-01
1.4714286       	6.66015670e-01
1.4728571       	6.66015581e-01
1.4742857       	6.66015490e-01
1.4757143       	6.66015397e-01
1.4771429       	6.66015303e-01
1.4785714       	6.66015207e-01
1.48            	6.66015109e-01
1.4813333       	6.66015017e-01
1.4826667       	6.66014922e-01
1.484           	6.66014826e-01
1.4853333       	6.66014729e-01
1.4866667       	6.66014630e-01
1.488           	6.66014530e-01
1.4893333       	6.66014428e-01
1.4906667       	6.66014325e-01
1.492           	6.66014221e-01
1.4933333       	6.66014115e-01
1.4946667       	6.66014008e-01
1.496           	6.66013900e-01
1.4973333       	6.66013791e-01
1.4986667       	6.66013681e-01
1.5             	6.66013570e-01
1.5013333       	6.66013458e-01
1.5026667       	6.66013345e-01
1.504           	6.66013232e-01
1.5053333       	6.66013118e-01
1.5066667       	6.66013004e-01
1.508           	6.66012888e-01
1.5093333       	6.66012772e-01
1.5106667       	6.66012655e-01
1.512           	6.66012537e-01
1.5133333       	6.66012418e-01
1.5146667       	6.66012299e-01
1.516           	6.66012179e-01
1.5173333       	6.66012059e-01
1.5186667       	6.66011937e-01
1.52            	6.66011816e-01
1.5213333       	6.66011694e-01
1.5226667       	6.66011571e-01
1.524           	6.66011448e-01
1.5253333       	6.66011326e-01
1.5266667       	6.66011203e-01
1.528           	6.66011080e-01
1.5293333       	6.66010958e-01
1.5306667       	6.66010836e-01
1.532           	6.66010714e-01
1.5333333       	6.66010593e-01
1.5346667       	6.66010472e-01
1.536           	6.66010352e-01
1.5373333       	6.66010239e-01
1.5386667       	6.66010126e-01
1.54            	6.66010014e-01
1.5413333       	6.66009903e-01
1.5426667       	6.66009793e-01
1.544           	6.66009683e-01
1.5453333       	6.66009574e-01
1.5466667       	6.66009467e-01
1.548           	6.66009359e-01
1.5493333       	6.66009253e-01
1.5506667       	6.66009148e-01
1.552           	6.66009044e-01
1.5533333       	6.66008941e-01
1.5546667       	6.66008839e-01
1.556           	6.66008737e-01
1.5573333       	6.66008637e-01
1.5586667       	6.66008538e-01
1.56            	6.66008440e-01
1.56125         	6.66008348e-01
1.5625          	6.66008256e-01
1.56375         	6.66008166e-01
1.565           	6.66008077e-01
1.56625         	6.66007989e-01
1.5675          	6.66007901e-01
1.56875         	6.66007815e-01
1.57            	6.66007730e-01
1.57125         	6.66007645e-01
1.5725          	6.66007561e-01
1.57375         	6.66007479e-01
1.575           	6.66007397e-01
1.57625         	6.66007316e-01
1.5775          	6.66007236e-01
1.57875         	6.66007157e-01
1.58            	6.66007078e-01
1.58125         	6.66007001e-01
1.5825          	6.66006924e-01
1.58375         	6.66006849e-01
1.585           	6.66006774e-01
1.58625         	6.66006701e-01
1.5875          	6.66006628e-01
1.58875         	6.66006556e-01
1.59            	6.66006485e-01
1.59125         	6.66006415e-01
1.5925          	6.66006345e-01
1.59375         	6.66006277e-01
1.595           	6.66006210e-01
1.59625         	6.66006143e-01
1.5975          	6.66006078e-01
1.59875         	6.66006013e-01
1.6             	6.66005949e-01
1.60125         	6.66005886e-01
1.6025          	6.66005824e-01
1.60375         	6.66005763e-01
1.605           	6.66005702e-01
1.60625         	6.66005642e-01
1.6075          	6.66005583e-01
1.60875         	6.66005525e-01
1.61            	6.66005468e-01
1.61125         	6.66005411e-01
1.6125          	6.66005356e-01
1.61375         	6.66005301e-01
1.615           	6.66005247e-01
1.61625         	6.66005194e-01
1.6175          	6.66005142e-01
1.61875         	6.66005090e-01
1.62            	6.66005039e-01
1.62125         	6.66004988e-01
1.6225          	6.66004938e-01
1.62375         	6.66004888e-01
1.625           	6.66004839e-01
1.62625         	6.66004790e-01
1.6275          	6.66004741e-01
1.62875         	6.66004693e-01
1.63            	6.66004644e-01
1.63125         	6.66004597e-01
1.6325          	6.66004549e-01
1.63375         	6.66004502e-01
1.635           	6.66004454e-01
1.63625         	6.66004407e-01
1.6375          	6.66004360e-01
1.63875         	6.66004313e-01
1.64            	6.66004266e-01
1.6411765       	6.66004220e-01
1.6423529       	6.66004175e-01
1.6435294       	6.66004130e-01
1.6447059       	6.66004085e-01
1.6458824       	6.66004040e-01
1.6470588       	6.66003995e-01
1.6482353       	6.66003951e-01
1.6494118       	6.66003906e-01
1.6505882       	6.66003861e-01
1.6517647       	6.66003816e-01
1.6529412       	6.66003772e-01
1.6541176       	6.66003727e-01
1.6552941       	6.66003683e-01
1.6564706       	6.66003638e-01
1.6576471       	6.66003594e-01
1.6588235       	6.66003550e-01
1.66            	6.66003505e-01
1.66125         	6.66003459e-01
1.6625          	6.66003413e-01
1.66375         	6.66003366e-01
1.665           	6.66003319e-01
1.66625         	6.66003272e-01
1.6673958       	6.66003229e-01
1.6685417       	6.66003185e-01
1.6696875       	6.66003140e-01
1.6708333       	6.66003096e-01
1.6719792       	6.66003052e-01
1.673125        	6.66003007e-01
1.6742708       	6.66002963e-01
1.6754167       	6.66002918e-01
1.6765625       	6.66002874e-01
1.6777083       	6.66002829e-01
1.6788542       	6.66002784e-01
1.68            	6.66002739e-01
1.6811111       	6.66002695e-01
1.6822222       	6.66002652e-01
1.6833333       	6.66002608e-01
1.6844444       	6.66002564e-01
1.6855556       	6.66002521e-01
1.6866667       	6.66002478e-01
1.6877778       	6.66002435e-01
1.6888889       	6.66002392e-01
1.69            	6.66002349e-01
1.6911111       	6.66002307e-01
1.6922222       	6.66002265e-01
1.6933333       	6.66002222e-01
1.6944444       	6.66002180e-01
1.6955556       	6.66002138e-01
1.6966667       	6.66002096e-01
1.6977778       	6.66002054e-01
1.6988889       	6.66002012e-01
1.7             	6.66001970e-01
1.70125         	6.66001923e-01
1.7025          	6.66001876e-01
1.70375         	6.66001828e-01
1.705           	6.66001781e-01
1.70625         	6.66001734e-01
1.7075          	6.66001686e-01
1.70875         	6.66001639e-01
1.71            	6.66001592e-01
1.71125         	6.66001545e-01
1.7125          	6.66001498e-01
1.71375         	6.66001451e-01
1.715           	6.66001404e-01
1.71625         	6.66001358e-01
1.7175          	6.66001312e-01
1.71875         	6.66001267e-01
1.72            	6.66001222e-01
1.7211765       	6.66001180e-01
1.7224314       	6.66001135e-01
1.7236863       	6.66001092e-01
1.7249412       	6.66001048e-01
1.7261961       	6.66001005e-01
1.727451        	6.66000963e-01
1.7287059       	6.66000921e-01
1.7299608       	6.66000880e-01
1.7312157       	6.66000840e-01
1.7324706       	6.66000800e-01
1.7337255       	6.66000760e-01
1.7349804       	6.66000721e-01
1.7362353       	6.66000683e-01
1.7374902       	6.66000646e-01
1.7387451       	6.66000609e-01
1.74            	6.66000572e-01
1.74125         	6.66000536e-01
1.7425          	6.66000501e-01
1.74375         	6.66000467e-01
1.745           	6.66000432e-01
1.74625         	6.66000399e-01
1.7475          	6.66000366e-01
1.74875         	6.66000333e-01
1.75            	6.66000301e-01
1.75125         	6.66000270e-01
1.7525          	6.66000238e-01
1.75375         	6.66000208e-01
1.755           	6.66000177e-01
1.75625         	6.66000148e-01
1.7575          	6.66000118e-01
1.75875         	6.66000089e-01
1.76            	6.66000061e-01
1.76125         	6.66000033e-01
1.7625          	6.66000005e-01
1.76375         	6.65999978e-01
1.765           	6.65999951e-01
1.76625         	6.65999924e-01
1.7675          	6.65999898e-01
1.76875         	6.65999872e-01
1.77            	6.65999847e-01
1.77125         	6.65999822e-01
1.7725          	6.65999797e-01
1.77375         	6.65999772e-01
1.775           	6.65999748e-01
1.77625         	6.65999724e-01
1.7775          	6.65999701e-01
1.77875         	6.65999678e-01
1.78            	6.65999655e-01
1.78125         	6.65999632e-01
1.7825          	6.65999609e-01
1.78375         	6.65999587e-01
1.785           	6.65999565e-01
1.78625         	6.65999543e-01
1.7875          	6.65999521e-01
1.78875         	6.65999500e-01
1.79            	6.65999478e-01
1.79125         	6.65999457e-01
1.7925          	6.65999436e-01
1.79375         	6.65999415e-01
1.795           	6.65999394e-01
1.79625         	6.65999373e-01
1.7975          	6.65999352e-01
1.79875         	6.65999332e-01
1.8             	6.65999311e-01
1.8013333       	6.65999289e-01
1.8026667       	6.65999268e-01
1.804           	6.65999246e-01
1.8053333       	6.65999225e-01
1.8064615       	6.65999207e-01
1.8075897       	6.65999189e-01
1.8087179       	6.65999171e-01
1.8098462       	6.65999154e-01
1.8109744       	6.65999136e-01
1.8121026       	6.65999118e-01
1.8132308       	6.65999101e-01
1.814359        	6.65999084e-01
1.8154872       	6.65999066e-01
1.8166154       	6.65999049e-01
1.8177436       	6.65999032e-01
1.8188718       	6.65999015e-01
1.82            	6.65998998e-01
1.8211765       	6.65998981e-01
1.8223529       	6.65998963e-01
1.8235294       	6.65998946e-01
1.8247059       	6.65998929e-01
1.8258824       	6.65998912e-01
1.8270588       	6.65998895e-01
1.8282353       	6.65998878e-01
1.8294118       	6.65998862e-01
1.8305882       	6.65998846e-01
1.8317647       	6.65998829e-01
1.8329412       	6.65998814e-01
1.8341176       	6.65998798e-01
1.8352941       	6.65998782e-01
1.8364706       	6.65998767e-01
1.8376471       	6.65998752e-01
1.8388235       	6.65998737e-01
1.84            	6.65998722e-01
1.8411765       	6.65998707e-01
1.8423529       	6.65998692e-01
1.8435294       	6.65998678e-01
1.8447059       	6.65998664e-01
1.8458824       	6.65998650e-01
1.8470588       	6.65998636e-01
1.8482353       	6.65998622e-01
1.8494118       	6.65998608e-01
1.8505882       	6.65998595e-01
1.8517647       	6.65998581e-01
1.8529412       	6.65998568e-01
1.8541176       	6.65998555e-01
1.8552941       	6.65998542e-01
1.8564706       	6.65998528e-01
1.8576471       	6.65998516e-01
1.8588235       	6.65998503e-01
1.86            	6.65998490e-01
1.8611765       	6.65998477e-01
1.8623529       	6.65998465e-01
1.8635294       	6.65998452e-01
1.8647059       	6.65998440e-01
1.8658824       	6.65998427e-01
1.8670588       	6.65998415e-01
1.8682353       	6.65998402e-01
1.8694118       	6.65998390e-01
1.8705882       	6.65998378e-01
1.8717647       	6.65998366e-01
1.8729412       	6.65998354e-01
1.8741176       	6.65998342e-01
1.8752941       	6.65998331e-01
1.8764706       	6.65998319e-01
1.8776471       	6.65998307e-01
1.8788235       	6.65998296e-01
1.88            	6.65998284e-01
1.8813333       	6.65998271e-01
1.8827692       	6.65998255e-01
1.8842051       	6.65998240e-01
1.885641        	6.65998224e-01
1.8870769       	6.65998209e-01
1.8885128       	6.65998194e-01
1.8899487       	6.65998178e-01
1.8913846       	6.65998163e-01
1.8928205       	6.65998148e-01
1.8942564       	6.65998132e-01
1.8956923       	6.65998117e-01
1.8971282       	6.65998103e-01
1.8985641       	6.65998088e-01
1.9             	6.65998074e-01
1.9014286       	6.65998060e-01
1.9028571       	6.65998046e-01
1.9042857       	6.65998034e-01
1.9057143       	6.65998021e-01
1.907013        	6.65998010e-01
1.9083117       	6.65998000e-01
1.9096104       	6.65997990e-01
1.9109091       	6.65997980e-01
1.9122078       	6.65997971e-01
1.9135065       	6.65997961e-01
1.9148052       	6.65997952e-01
1.9161039       	6.65997943e-01
1.9174026       	6.65997934e-01
1.9187013       	6.65997926e-01
1.92            	6.65997917e-01
1.92125         	6.65997909e-01
1.9225          	6.65997901e-01
1.92375         	6.65997894e-01
1.9251042       	6.65997885e-01
1.9264583       	6.65997877e-01
1.9278125       	6.65997869e-01
1.9291667       	6.65997861e-01
1.9305208       	6.65997853e-01
1.931875        	6.65997846e-01
1.9335          	6.65997837e-01
1.935125        	6.65997829e-01
1.93675         	6.65997820e-01
1.938375        	6.65997812e-01
1.94            	6.65997804e-01
1.9418182       	6.65997795e-01
1.9436364       	6.65997786e-01
1.9454545       	6.65997777e-01
1.9472727       	6.65997768e-01
1.9490909       	6.65997759e-01
1.9509091       	6.65997751e-01
1.9524242       	6.65997742e-01
1.9539394       	6.65997734e-01
1.9554545       	6.65997725e-01
1.9569697       	6.65997717e-01
1.9584848       	6.65997708e-01
1.96            	6.65997700e-01
1.9613333       	6.65997694e-01
1.9626667       	6.65997687e-01
1.964           	6.65997681e-01
1.9653333       	6.65997675e-01
1.9666667       	6.65997669e-01
1.968           	6.65997663e-01
1.9693333       	6.65997657e-01
1.9706667       	6.65997651e-01
1.972           	6.65997645e-01
1.9733333       	6.65997640e-01
1.9746667       	6.65997634e-01
1.976           	6.65997628e-01
1.9773333       	6.65997623e-01
1.9786667       	6.65997617e-01
1.98            	6.65997612e-01
1.9813333       	6.65997606e-01
1.9826667       	6.65997600e-01
1.984           	6.65997594e-01
1.9853333       	6.65997588e-01
1.9866667       	6.65997582e-01
1.988           	6.65997576e-01
1.9893333       	6.65997569e-01
1.9906667       	6.65997563e-01
1.992           	6.65997556e-01
1.9933333       	6.65997549e-01
1.9946667       	6.65997542e-01
1.996           	6.65997535e-01
1.9973333       	6.65997527e-01
1.9986667       	6.65997520e-01
2               	6.65997512e-01
2.0014286       	6.65997508e-01
2.0028571       	6.65997504e-01
2.0042857       	6.65997500e-01
2.0057143       	6.65997495e-01
2.0071429       	6.65997491e-01
2.0085714       	6.65997487e-01
2.01            	6.65997483e-01
2.0114286       	6.65997479e-01
2.0128571       	6.65997476e-01
2.0142857       	6.65997472e-01
2.0157143       	6.65997468e-01
2.0171429       	6.65997464e-01
2.0185714       	6.65997460e-01
2.02            	6.65997457e-01
2.0214286       	6.65997453e-01
2.0228571       	6.65997449e-01
2.0242857       	6.65997446e-01
2.0257143       	6.65997442e-01
2.0271429       	6.65997438e-01
2.0285714       	6.65997435e-01
2.03            	6.65997431e-01
2.0314286       	6.65997427e-01
2.0328571       	6.65997424e-01
2.0342857       	6.65997420e-01
2.0357143       	6.65997417e-01
2.0371429       	6.65997413e-01
2.0385714       	6.65997410e-01
2.04            	6.65997406e-01
2.0415385       	6.65997403e-01
2.0432168       	6.65997399e-01
2.0448951       	6.65997394e-01
2.0465734       	6.65997390e-01
2.0482517       	6.65997387e-01
2.0499301       	6.65997383e-01
2.0516084       	6.65997379e-01
2.0532867       	6.65997376e-01
2.054965        	6.65997372e-01
2.0566434       	6.65997369e-01
2.0583217       	6.65997365e-01
2.06            	6.65997362e-01
2.0616667       	6.65997359e-01
2.0633333       	6.65997356e-01
2.0648485       	6.65997353e-01
2.0663636       	6.65997350e-01
2.0678788       	6.65997347e-01
2.0693939       	6.65997345e-01
2.0709091       	6.65997342e-01
2.0724242       	6.65997340e-01
2.0739394       	6.65997338e-01
2.0754545       	6.65997336e-01
2.0769697       	6.65997334e-01
2.0784848       	6.65997332e-01
2.08            	6.65997331e-01
2.0816667       	6.65997328e-01
2.0833333       	6.65997325e-01
2.085           	6.65997322e-01
2.0866667       	6.65997319e-01
2.0883333       	6.65997316e-01
2.09            	6.65997314e-01
2.0916667       	6.65997312e-01
2.0933333       	6.65997310e-01
2.095           	6.65997308e-01
2.0966667       	6.65997306e-01
2.0983333       	6.65997304e-01
2.1             	6.65997302e-01
2.1016667       	6.65997300e-01
2.1033333       	6.65997298e-01
2.105           	6.65997297e-01
2.1066667       	6.65997295e-01
2.1083333       	6.65997293e-01
2.11            	6.65997292e-01
2.1116667       	6.65997290e-01
2.1133333       	6.65997288e-01
2.115           	6.65997286e-01
2.1166667       	6.65997285e-01
2.1183333       	6.65997283e-01
2.12            	6.65997282e-01
2.1216667       	6.65997280e-01
2.1233333       	6.65997278e-01
2.125           	6.65997277e-01
2.1266667       	6.65997275e-01
2.1283333       	6.65997273e-01
2.13            	6.65997272e-01
2.1316667       	6.65997270e-01
2.1333333       	6.65997268e-01
2.135           	6.65997267e-01
2.1366667       	6.65997265e-01
2.1383333       	6.65997263e-01
2.14            	6.65997262e-01
2.1416667       	6.65997260e-01
2.1433333       	6.65997259e-01
2.1451852       	6.65997258e-01
2.147037        	6.65997256e-01
2.1488889       	6.65997255e-01
2.1507407       	6.65997253e-01
2.1525926       	6.65997252e-01
2.1544444       	6.65997250e-01
2.1562963       	6.65997249e-01
2.1581481       	6.65997247e-01
2.16            	6.65997246e-01
2.1618182       	6.65997244e-01
2.1636364       	6.65997243e-01
2.1654545       	6.65997241e-01
2.1672727       	6.65997240e-01
2.1690909       	6.65997239e-01
2.1709091       	6.65997237e-01
2.1727273       	6.65997236e-01
2.1745455       	6.65997235e-01
2.1763636       	6.65997233e-01
2.1781818       	6.65997232e-01
2.18            	6.65997230e-01
2.1818182       	6.65997229e-01
2.1836364       	6.65997227e-01
2.1854545       	6.65997226e-01
2.1872727       	6.65997224e-01
2.1890909       	6.65997223e-01
2.1909091       	6.65997222e-01
2.1927273       	6.65997220e-01
2.1945455       	6.65997219e-01
2.1963636       	6.65997218e-01
2.1981818       	6.65997217e-01
2.2             	6.65997215e-01
2.2018182       	6.65997214e-01
2.2036364       	6.65997213e-01
2.2054545       	6.65997211e-01
2.2072727       	6.65997210e-01
2.2090909       	6.65997209e-01
2.2109091       	6.65997208e-01
2.2127273       	6.65997206e-01
2.2145455       	6.65997205e-01
2.2163636       	6.65997204e-01
2.2181818       	6.65997203e-01
2.22            	6.65997202e-01
2.222           	6.65997200e-01
2.224           	6.65997199e-01
2.226           	6.65997198e-01
2.228           	6.65997197e-01
2.23            	6.65997195e-01
2.232           	6.65997194e-01
2.234           	6.65997193e-01
2.236           	6.65997192e-01
2.238           	6.65997191e-01
2.24            	6.65997190e-01
2.242           	6.65997188e-01
2.244           	6.65997187e-01
2.246           	6.65997186e-01
2.248           	6.65997185e-01
2.25            	6.65997184e-01
2.252           	6.65997183e-01
2.254           	6.65997182e-01
2.256           	6.65997181e-01
2.258           	6.65997180e-01
2.26            	6.65997178e-01
2.2618182       	6.65997176e-01
2.2636364       	6.65997175e-01
2.2654545       	6.65997174e-01
2.2672727       	6.65997173e-01
2.2690909       	6.65997172e-01
2.2709091       	6.65997172e-01
2.2727273       	6.65997172e-01
2.2745455       	6.65997172e-01
2.2763636       	6.65997172e-01
2.2781818       	6.65997173e-01
2.28            	6.65997174e-01
2.2818182       	6.65997175e-01
2.2836364       	6.65997176e-01
2.2854545       	6.65997177e-01
2.2872727       	6.65997179e-01
2.2890909       	6.65997181e-01
2.2909091       	6.65997182e-01
2.2927273       	6.65997184e-01
2.2945455       	6.65997186e-01
2.2963636       	6.65997189e-01
2.2981818       	6.65997191e-01
2.3             	6.65997193e-01
2.3018182       	6.65997196e-01
2.3036364       	6.65997198e-01
2.3054545       	6.65997201e-01
2.3072727       	6.65997203e-01
2.3090909       	6.65997206e-01
2.3109091       	6.65997209e-01
2.3127273       	6.65997211e-01
2.3145455       	6.65997214e-01
2.3163636       	6.65997217e-01
2.3181818       	6.65997220e-01
2.32            	6.65997222e-01
2.3218182       	6.65997225e-01
2.3236364       	6.65997228e-01
2.3254545       	6.65997231e-01
2.3272727       	6.65997233e-01
2.3290909       	6.65997236e-01
2.3309091       	6.65997238e-01
2.3327273       	6.65997241e-01
2.3345455       	6.65997243e-01
2.3363636       	6.65997245e-01
2.3381818       	6.65997248e-01
2.34            	6.65997250e-01
2.3418182       	6.65997251e-01
2.3436364       	6.65997253e-01
2.3454545       	6.65997255e-01
2.3472727       	6.65997256e-01
2.3490909       	6.65997257e-01
2.3509091       	6.65997258e-01
2.3527273       	6.65997259e-01
2.3545455       	6.65997260e-01
2.3563636       	6.65997260e-01
2.3581818       	6.65997260e-01
2.36            	6.65997260e-01
2.3618182       	6.65997260e-01
2.3636364       	6.65997259e-01
2.3654545       	6.65997259e-01
2.3672727       	6.65997258e-01
2.3690909       	6.65997256e-01
2.3709091       	6.65997255e-01
2.3727273       	6.65997253e-01
2.3745455       	6.65997251e-01
2.3763636       	6.65997249e-01
2.3781818       	6.65997247e-01
2.38            	6.65997244e-01
2.3818182       	6.65997242e-01
2.3836364       	6.65997239e-01
2.3854545       	6.65997236e-01
2.3872727       	6.65997233e-01
2.3890909       	6.65997229e-01
2.3909091       	6.65997226e-01
2.3927273       	6.65997223e-01
2.3945455       	6.65997221e-01
2.3963636       	6.65997218e-01
2.3981818       	6.65997216e-01
2.4             	6.65997214e-01
2.402           	6.65997211e-01
2.404           	6.65997209e-01
2.406           	6.65997207e-01
2.408           	6.65997205e-01
2.41            	6.65997204e-01
2.412           	6.65997203e-01
2.414           	6.65997202e-01
2.416           	6.65997202e-01
2.418           	6.65997201e-01
2.42            	6.65997201e-01
2.422           	6.65997200e-01
2.424           	6.65997200e-01
2.426           	6.65997200e-01
2.428           	6.65997201e-01
2.43            	6.65997201e-01
2.432           	6.65997202e-01
2.434           	6.65997203e-01
2.436           	6.65997205e-01
2.438           	6.65997206e-01
2.44            	6.65997208e-01
2.4422222       	6.65997211e-01
2.4444444       	6.65997213e-01
2.4466667       	6.65997216e-01
2.4488889       	6.65997219e-01
2.4516667       	6.65997219e-01
2.4544444       	6.65997219e-01
2.4572222       	6.65997219e-01
2.46            	6.65997216e-01
2.4625          	6.65997216e-01
2.465           	6.65997215e-01
2.4675          	6.65997214e-01
2.47            	6.65997214e-01
2.4725          	6.65997213e-01
2.475           	6.65997213e-01
2.4775          	6.65997212e-01
2.48            	6.65997212e-01
2.4825          	6.65997212e-01
2.485           	6.65997211e-01
2.4875          	6.65997211e-01
2.49            	6.65997213e-01
2.4925          	6.65997215e-01
2.495           	6.65997217e-01
2.4975          	6.65997218e-01
2.5             	6.65997220e-01
2.5028571       	6.65997220e-01
2.5057143       	6.65997220e-01
2.5085714       	6.65997220e-01
2.5114286       	6.65997219e-01
2.5142857       	6.65997219e-01
2.5171429       	6.65997219e-01
2.52            	6.65997219e-01
2.5228571       	6.65997219e-01
2.5257143       	6.65997219e-01
2.5285714       	6.65997218e-01
2.5314286       	6.65997218e-01
2.5342857       	6.65997218e-01
2.5371429       	6.65997218e-01
2.54            	6.65997218e-01
2.5428571       	6.65997218e-01
2.5457143       	6.65997218e-01
2.5485714       	6.65997217e-01
2.5514286       	6.65997217e-01
2.5542857       	6.65997217e-01
2.5571429       	6.65997217e-01
2.56            	6.65997217e-01
2.5633333       	6.65997217e-01
2.5666667       	6.65997216e-01
2.5693333       	6.65997216e-01
2.572           	6.65997216e-01
2.5746667       	6.65997216e-01
2.5773333       	6.65997216e-01
2.58            	6.65997216e-01
2.5822222       	6.65997216e-01
2.5844444       	6.65997215e-01
2.5866667       	6.65997214e-01
2.5888889       	6.65997213e-01
2.5911111       	6.65997212e-01
2.5933333       	6.65997211e-01
2.5955556       	6.65997209e-01
2.5977778       	6.65997207e-01
2.6             	6.65997205e-01
2.6022222       	6.65997202e-01
2.6044444       	6.65997199e-01
2.6066667       	6.65997196e-01
2.6088889       	6.65997192e-01
2.6111111       	6.65997188e-01
2.6133333       	6.65997183e-01
2.6155556       	6.65997178e-01
2.6177778       	6.65997174e-01
2.62            	6.65997169e-01
2.6222222       	6.65997164e-01
2.6244444       	6.65997159e-01
2.6266667       	6.65997154e-01
2.6288889       	6.65997149e-01
2.6311111       	6.65997144e-01
2.6333333       	6.65997138e-01
2.6355556       	6.65997132e-01
2.6377778       	6.65997125e-01
2.64            	6.65997119e-01
2.6422222       	6.65997112e-01
2.6444444       	6.65997105e-01
2.6466667       	6.65997098e-01
2.6488889       	6.65997091e-01
2.6511111       	6.65997084e-01
2.6533333       	6.65997078e-01
2.6555556       	6.65997071e-01
2.6577778       	6.65997065e-01
2.66            	6.65997059e-01
2.6622222       	6.65997053e-01
2.6644444       	6.65997047e-01
2.6666667       	6.65997042e-01
2.6688889       	6.65997036e-01
2.6711111       	6.65997031e-01
2.6733333       	6.65997025e-01
2.6755556       	6.65997020e-01
2.6777778       	6.65997015e-01
2.68            	6.65997010e-01
2.682           	6.65997006e-01
2.684           	6.65997003e-01
2.686           	6.65996999e-01
2.688           	6.65996996e-01
2.69            	6.65996993e-01
2.692           	6.65996990e-01
2.694           	6.65996987e-01
2.696           	6.65996985e-01
2.698           	6.65996982e-01
2.7             	6.65996980e-01
2.702           	6.65996978e-01
2.704           	6.65996976e-01
2.706           	6.65996974e-01
2.708           	6.65996972e-01
2.71            	6.65996970e-01
2.712           	6.65996968e-01
2.714           	6.65996966e-01
2.716           	6.65996964e-01
2.718           	6.65996962e-01
2.72            	6.65996960e-01
2.722           	6.65996958e-01
2.724           	6.65996957e-01
2.726           	6.65996955e-01
2.728           	6.65996954e-01
2.73            	6.65996952e-01
2.732           	6.65996951e-01
2.734           	6.65996950e-01
2.736           	6.65996949e-01
2.738           	6.65996948e-01
2.74            	6.65996948e-01
2.742           	6.65996947e-01
2.744           	6.65996947e-01
2.746           	6.65996946e-01
2.748           	6.65996946e-01
2.75            	6.65996946e-01
2.752           	6.65996945e-01
2.754           	6.65996945e-01
2.756           	6.65996945e-01
2.758           	6.65996945e-01
2.76            	6.65996945e-01
2.762           	6.65996945e-01
2.764           	6.65996945e-01
2.766           	6.65996945e-01
2.768           	6.65996945e-01
2.77            	6.65996945e-01
2.772           	6.65996944e-01
2.774           	6.65996944e-01
2.776           	6.65996943e-01
2.778           	6.65996942e-01
2.78            	6.65996941e-01
2.782           	6.65996941e-01
2.784           	6.65996940e-01
2.786           	6.65996939e-01
2.788           	6.65996937e-01
2.79            	6.65996936e-01
2.792           	6.65996935e-01
2.794           	6.65996934e-01
2.796           	6.65996932e-01
2.798           	6.65996931e-01
2.8             	6.65996930e-01
2.802           	6.65996928e-01
2.804           	6.65996927e-01
2.806           	6.65996925e-01
2.808           	6.65996924e-01
2.81            	6.65996922e-01
2.812           	6.65996920e-01
2.814           	6.65996919e-01
2.816           	6.65996917e-01
2.818           	6.65996915e-01
2.82            	6.65996913e-01
2.822           	6.65996911e-01
2.824           	6.65996909e-01
2.826           	6.65996907e-01
2.828           	6.65996905e-01
2.83            	6.65996903e-01
2.832           	6.65996901e-01
2.834           	6.65996899e-01
2.836           	6.65996896e-01
2.838           	6.65996894e-01
2.84            	6.65996891e-01
2.842           	6.65996889e-01
2.844           	6.65996886e-01
2.8462857       	6.65996886e-01
2.8485714       	6.65996886e-01
2.8508571       	6.65996886e-01
2.8531429       	6.65996881e-01
2.8554286       	6.65996876e-01
2.8577143       	6.65996871e-01
2.86            	6.65996867e-01
2.8622222       	6.65996863e-01
2.8644444       	6.65996859e-01
2.8666667       	6.65996855e-01
2.8688889       	6.65996852e-01
2.8711111       	6.65996849e-01
2.8733333       	6.65996846e-01
2.8755556       	6.65996843e-01
2.8777778       	6.65996840e-01
2.88            	6.65996838e-01
2.8822222       	6.65996836e-01
2.8844444       	6.65996834e-01
2.8866667       	6.65996832e-01
2.8888889       	6.65996830e-01
2.8911111       	6.65996829e-01
2.8933333       	6.65996827e-01
2.8955556       	6.65996826e-01
2.8977778       	6.65996824e-01
2.9             	6.65996823e-01
2.9022222       	6.65996822e-01
2.9044444       	6.65996821e-01
2.9066667       	6.65996820e-01
2.9088889       	6.65996820e-01
2.9111111       	6.65996819e-01
2.9133333       	6.65996819e-01
2.9155556       	6.65996820e-01
2.9177778       	6.65996820e-01
2.92            	6.65996821e-01
2.9222222       	6.65996822e-01
2.9244444       	6.65996823e-01
2.9266667       	6.65996824e-01
2.9288889       	6.65996826e-01
2.9311111       	6.65996827e-01
2.9333333       	6.65996829e-01
2.9355556       	6.65996831e-01
2.9377778       	6.65996833e-01
2.94            	6.65996835e-01
2.9422222       	6.65996838e-01
2.9444444       	6.65996841e-01
2.9466667       	6.65996844e-01
2.9488889       	6.65996847e-01
2.9511111       	6.65996850e-01
2.9533333       	6.65996854e-01
2.9555556       	6.65996858e-01
2.9577778       	6.65996862e-01
2.96            	6.65996866e-01
2.9625          	6.65996873e-01
2.965           	6.65996881e-01
2.9675          	6.65996889e-01
2.97            	6.65996897e-01
2.9725          	6.65996906e-01
2.975           	6.65996915e-01
2.9775          	6.65996924e-01
2.98            	6.65996933e-01
2.9825          	6.65996942e-01
2.985           	6.65996952e-01
2.9875          	6.65996962e-01
2.99            	6.65996971e-01
2.9925          	6.65996981e-01
2.995           	6.65996991e-01
2.9975          	6.65997001e-01
3               	6.65997010e-01
3.0025          	6.65997020e-01
3.005           	6.65997029e-01
3.0075          	6.65997039e-01
3.01            	6.65997048e-01
3.0125          	6.65997057e-01
3.015           	6.65997065e-01
3.0175          	6.65997073e-01
3.02            	6.65997081e-01
3.0225          	6.65997088e-01
3.025           	6.65997095e-01
3.0275          	6.65997101e-01
3.03            	6.65997107e-01
3.0325          	6.65997112e-01
3.035           	6.65997116e-01
3.0375          	6.65997120e-01
3.04            	6.65997124e-01
3.0425          	6.65997127e-01
3.045           	6.65997129e-01
3.0475          	6.65997130e-01
3.05            	6.65997131e-01
3.0525          	6.65997132e-01
3.055           	6.65997132e-01
3.0575          	6.65997131e-01
3.06            	6.65997130e-01
3.0625          	6.65997129e-01
3.065           	6.65997127e-01
3.0675          	6.65997125e-01
3.07            	6.65997123e-01
3.0725          	6.65997120e-01
3.075           	6.65997118e-01
3.0775          	6.65997115e-01
3.08            	6.65997112e-01
3.0825          	6.65997109e-01
3.085           	6.65997107e-01
3.0875          	6.65997104e-01
3.09            	6.65997101e-01
3.0925          	6.65997099e-01
3.095           	6.65997097e-01
3.0975          	6.65997094e-01
3.1             	6.65997092e-01
3.1025          	6.65997091e-01
3.105           	6.65997089e-01
3.1075          	6.65997088e-01
3.11            	6.65997086e-01
3.1125          	6.65997086e-01
3.115           	6.65997085e-01
3.1175          	6.65997085e-01
3.12            	6.65997085e-01
3.1225          	6.65997085e-01
3.125           	6.65997086e-01
3.1275          	6.65997086e-01
3.13            	6.65997087e-01
3.1325          	6.65997089e-01
3.135           	6.65997090e-01
3.1375          	6.65997092e-01
3.14            	6.65997093e-01
3.1425          	6.65997095e-01
3.145           	6.65997097e-01
3.1475          	6.65997099e-01
3.15            	6.65997101e-01
3.1525          	6.65997104e-01
3.155           	6.65997106e-01
3.1575          	6.65997109e-01
3.16            	6.65997111e-01
3.1628571       	6.65997116e-01
3.1657143       	6.65997120e-01
3.1685714       	6.65997124e-01
3.1714286       	6.65997128e-01
3.1742857       	6.65997132e-01
3.1771429       	6.65997137e-01
3.18            	6.65997141e-01
3.1825          	6.65997143e-01
3.185           	6.65997146e-01
3.1875          	6.65997148e-01
3.19            	6.65997151e-01
3.1925          	6.65997153e-01
3.195           	6.65997155e-01
3.1975          	6.65997157e-01
3.2             	6.65997159e-01
3.2025          	6.65997161e-01
3.205           	6.65997162e-01
3.2075          	6.65997163e-01
3.21            	6.65997164e-01
3.2125          	6.65997165e-01
3.215           	6.65997165e-01
3.2175          	6.65997165e-01
3.22            	6.65997164e-01
3.2225          	6.65997164e-01
3.225           	6.65997163e-01
3.228           	6.65997162e-01
3.2304          	6.65997161e-01
3.2328          	6.65997159e-01
3.2352          	6.65997158e-01
3.2376          	6.65997156e-01
3.24            	6.65997154e-01
3.2425          	6.65997151e-01
3.245           	6.65997147e-01
3.2475          	6.65997144e-01
3.25            	6.65997140e-01
3.2525          	6.65997136e-01
3.255           	6.65997132e-01
3.2575          	6.65997128e-01
3.26            	6.65997124e-01
3.2625          	6.65997119e-01
3.265           	6.65997114e-01
3.2675          	6.65997109e-01
3.27            	6.65997104e-01
3.2725          	6.65997099e-01
3.275           	6.65997093e-01
3.2775          	6.65997087e-01
3.28            	6.65997081e-01
3.2825          	6.65997074e-01
3.285           	6.65997068e-01
3.2875          	6.65997061e-01
3.29            	6.65997053e-01
3.2925          	6.65997046e-01
3.295           	6.65997038e-01
3.2975          	6.65997030e-01
3.3             	6.65997022e-01
3.3028571       	6.65997020e-01
3.3057143       	6.65997018e-01
3.3085714       	6.65997015e-01
3.3114286       	6.65997011e-01
3.3142857       	6.65997006e-01
3.3171429       	6.65997000e-01
3.32            	6.65996992e-01
3.3228571       	6.65996982e-01
3.3257143       	6.65996971e-01
3.3285714       	6.65996956e-01
3.3314286       	6.65996928e-01
3.3342857       	6.65996897e-01
3.3371429       	6.65996860e-01
3.34            	6.65996819e-01
3.3428571       	6.65996770e-01
3.3457143       	6.65996712e-01
3.3485714       	6.65996644e-01
3.3514286       	6.65996563e-01
3.3542857       	6.65996468e-01
3.3571429       	6.65996354e-01
3.36            	6.65996218e-01
3.3628571       	6.65996059e-01
3.3657143       	6.65995874e-01
3.3685714       	6.65995657e-01
3.3714286       	6.65995408e-01
3.3742857       	6.65995125e-01
3.3771429       	6.65994806e-01
3.38            	6.65994453e-01
3.3828571       	6.65994066e-01
3.3857143       	6.65993649e-01
3.3885714       	6.65993206e-01
3.3914286       	6.65992741e-01
3.3942857       	6.65992262e-01
3.3971429       	6.65991772e-01
3.4             	6.65991277e-01
3.4028571       	6.65990779e-01
3.4057143       	6.65990280e-01
3.4085714       	6.65989781e-01
3.4114286       	6.65989286e-01
3.4142857       	6.65988795e-01
3.4171429       	6.65988310e-01
3.42            	6.65987835e-01
3.4228571       	6.65987370e-01
3.4257143       	6.65986915e-01
3.4285714       	6.65986471e-01
3.4314286       	6.65986037e-01
3.4342857       	6.65985614e-01
3.4371429       	6.65985204e-01
3.44            	6.65984807e-01
3.4428571       	6.65984422e-01
3.4457143       	6.65984045e-01
3.4485714       	6.65983673e-01
3.4514286       	6.65983301e-01
3.4542857       	6.65982928e-01
3.4571429       	6.65982548e-01
3.46            	6.65982160e-01
3.4628571       	6.65981763e-01
3.4657143       	6.65981354e-01
3.4685714       	6.65980932e-01
3.4714286       	6.65980497e-01
3.4742857       	6.65980048e-01
3.4771429       	6.65979585e-01
3.48            	6.65979108e-01
3.4833333       	6.65978539e-01
3.4866667       	6.65977954e-01
3.49            	6.65977361e-01
3.4933333       	6.65976764e-01
3.4966667       	6.65976163e-01
3.5             	6.65975562e-01
3.5033333       	6.65974964e-01
3.5066667       	6.65974368e-01
3.51            	6.65973776e-01
3.5133333       	6.65973185e-01
3.5166667       	6.65972596e-01
3.52            	6.65972006e-01
3.5233333       	6.65971414e-01
3.5266667       	6.65970818e-01
3.53            	6.65970220e-01
3.5333333       	6.65969611e-01
3.5366667       	6.65968994e-01
3.54            	6.65968369e-01
3.5433333       	6.65967738e-01
3.5466667       	6.65967100e-01
3.55            	6.65966460e-01
3.5533333       	6.65965823e-01
3.5566667       	6.65965191e-01
3.56            	6.65964569e-01
3.5633333       	6.65963960e-01
3.5666667       	6.65963364e-01
3.57            	6.65962784e-01
3.5733333       	6.65962219e-01
3.5766667       	6.65961671e-01
3.58            	6.65961140e-01
3.5833333       	6.65960623e-01
3.5866667       	6.65960121e-01
3.59            	6.65959634e-01
3.5933333       	6.65959161e-01
3.5966667       	6.65958701e-01
3.6             	6.65958255e-01
3.6033333       	6.65957820e-01
3.6066667       	6.65957395e-01
3.61            	6.65956980e-01
3.6133333       	6.65956575e-01
3.6166667       	6.65956181e-01
3.62            	6.65955797e-01
3.6233333       	6.65955423e-01
3.6266667       	6.65955060e-01
3.63            	6.65954707e-01
3.6333333       	6.65954364e-01
3.6366667       	6.65954031e-01
3.64            	6.65953707e-01
3.6428571       	6.65953437e-01
3.6457143       	6.65953174e-01
3.6485714       	6.65952918e-01
3.6514286       	6.65952668e-01
3.6542857       	6.65952423e-01
3.6571429       	6.65952183e-01
3.66            	6.65951949e-01
3.6628571       	6.65951719e-01
3.6657143       	6.65951493e-01
3.6685714       	6.65951273e-01
3.6714286       	6.65951057e-01
3.6742857       	6.65950846e-01
3.6771429       	6.65950640e-01
3.68            	6.65950440e-01
3.6828571       	6.65950244e-01
3.6857143       	6.65950054e-01
3.6885714       	6.65949869e-01
3.6914286       	6.65949689e-01
3.6942857       	6.65949514e-01
3.6971429       	6.65949343e-01
3.7             	6.65949177e-01
3.7028571       	6.65949015e-01
3.7057143       	6.65948857e-01
3.7085714       	6.65948705e-01
3.7114286       	6.65948558e-01
3.7142857       	6.65948417e-01
3.7171429       	6.65948281e-01
3.72            	6.65948152e-01
3.7228571       	6.65948028e-01
3.7257143       	6.65947910e-01
3.7285714       	6.65947797e-01
3.7314286       	6.65947689e-01
3.7342857       	6.65947586e-01
3.7371429       	6.65947487e-01
3.74            	6.65947392e-01
3.7428571       	6.65947301e-01
3.7457143       	6.65947213e-01
3.7485714       	6.65947129e-01
3.7514286       	6.65947049e-01
3.7542857       	6.65946971e-01
3.7571429       	6.65946897e-01
3.76            	6.65946826e-01
3.7628571       	6.65946758e-01
3.7657143       	6.65946693e-01
3.7685714       	6.65946632e-01
3.7714286       	6.65946573e-01
3.7742857       	6.65946517e-01
3.7771429       	6.65946463e-01
3.78            	6.65946412e-01
3.7828571       	6.65946363e-01
3.7857143       	6.65946316e-01
3.7885714       	6.65946271e-01
3.7914286       	6.65946228e-01
3.7942857       	6.65946187e-01
3.7971429       	6.65946147e-01
3.8             	6.65946110e-01
3.8028571       	6.65946073e-01
3.8057143       	6.65946039e-01
3.8085714       	6.65946006e-01
3.8114286       	6.65945975e-01
3.8142857       	6.65945946e-01
3.8171429       	6.65945917e-01
3.82            	6.65945890e-01
3.8228571       	6.65945865e-01
3.8257143       	6.65945840e-01
3.8285714       	6.65945817e-01
3.8314286       	6.65945795e-01
3.8342857       	6.65945774e-01
3.8371429       	6.65945754e-01
3.84            	6.65945735e-01
3.8428571       	6.65945717e-01
3.8457143       	6.65945700e-01
3.8485714       	6.65945684e-01
3.8514286       	6.65945668e-01
3.8542857       	6.65945653e-01
3.8571429       	6.65945638e-01
3.86            	6.65945624e-01
3.8628571       	6.65945611e-01
3.8657143       	6.65945598e-01
3.8685714       	6.65945585e-01
3.8714286       	6.65945574e-01
3.8742857       	6.65945562e-01
3.8771429       	6.65945551e-01
3.88            	6.65945540e-01
3.8828571       	6.65945530e-01
3.8857143       	6.65945520e-01
3.8885714       	6.65945510e-01
3.8914286       	6.65945501e-01
3.8942857       	6.65945492e-01
3.8971429       	6.65945484e-01
3.9             	6.65945475e-01
3.9028571       	6.65945467e-01
3.9057143       	6.65945460e-01
3.9085714       	6.65945452e-01
3.9114286       	6.65945445e-01
3.9142857       	6.65945438e-01
3.9171429       	6.65945432e-01
3.92            	6.65945425e-01
3.9228571       	6.65945419e-01
3.9257143       	6.65945413e-01
3.9285714       	6.65945407e-01
3.9314286       	6.65945402e-01
3.9342857       	6.65945396e-01
3.9371429       	6.65945391e-01
3.94            	6.65945387e-01
3.9428571       	6.65945382e-01
3.9457143       	6.65945377e-01
3.9485714       	6.65945373e-01
3.9514286       	6.65945369e-01
3.9542857       	6.65945365e-01
3.9571429       	6.65945361e-01
3.96            	6.65945357e-01
3.9628571       	6.65945354e-01
3.9657143       	6.65945350e-01
3.9685714       	6.65945347e-01
3.9714286       	6.65945344e-01
3.9742857       	6.65945341e-01
3.9771429       	6.65945338e-01
3.98            	6.65945335e-01
3.9828571       	6.65945333e-01
3.9857143       	6.65945330e-01
3.9885714       	6.65945328e-01
3.9914286       	6.65945325e-01
3.9942857       	6.65945323e-01
3.9971429       	6.65945321e-01
4               	6.65945319e-01
4.0025          	6.65945318e-01
4.005           	6.65945317e-01
4.0075          	6.65945316e-01
4.01            	6.65945315e-01
4.0125          	6.65945314e-01
4.015           	6.65945313e-01
4.0175          	6.65945312e-01
4.02            	6.65945311e-01
4.0225          	6.65945310e-01
4.025           	6.65945310e-01
4.0275          	6.65945309e-01
4.03            	6.65945308e-01
4.0325          	6.65945307e-01
4.035           	6.65945306e-01
4.0375          	6.65945305e-01
4.04            	6.65945304e-01
4.0425          	6.65945303e-01
4.045           	6.65945302e-01
4.0475          	6.65945301e-01
4.05            	6.65945299e-01
4.0525          	6.65945298e-01
4.055           	6.65945296e-01
4.0575          	6.65945295e-01
4.06            	6.65945293e-01
4.0625          	6.65945291e-01
4.065           	6.65945290e-01
4.0675          	6.65945288e-01
4.07            	6.65945286e-01
4.0725          	6.65945283e-01
4.075           	6.65945281e-01
4.0775          	6.65945279e-01
4.08            	6.65945276e-01
4.0825          	6.65945274e-01
4.085           	6.65945272e-01
4.0875          	6.65945269e-01
4.09            	6.65945267e-01
4.0925          	6.65945265e-01
4.095           	6.65945262e-01
4.0975          	6.65945260e-01
4.1             	6.65945258e-01
4.1025          	6.65945256e-01
4.105           	6.65945254e-01
4.1075          	6.65945252e-01
4.11            	6.65945250e-01
4.1125          	6.65945248e-01
4.115           	6.65945246e-01
4.1175          	6.65945245e-01
4.12            	6.65945243e-01
4.1225          	6.65945241e-01
4.125           	6.65945239e-01
4.1275          	6.65945236e-01
4.13            	6.65945234e-01
4.1325          	6.65945232e-01
4.135           	6.65945230e-01
4.1375          	6.65945227e-01
4.14            	6.65945224e-01
4.1425          	6.65945222e-01
4.145           	6.65945219e-01
4.1475          	6.65945216e-01
4.15            	6.65945213e-01
4.1525          	6.65945210e-01
4.155           	6.65945207e-01
4.1575          	6.65945204e-01
4.16            	6.65945201e-01
4.1625          	6.65945197e-01
4.165           	6.65945194e-01
4.1675          	6.65945190e-01
4.17            	6.65945186e-01
4.1725          	6.65945182e-01
4.175           	6.65945178e-01
4.1775          	6.65945174e-01
4.18            	6.65945170e-01
4.1825          	6.65945166e-01
4.185           	6.65945162e-01
4.1875          	6.65945158e-01
4.19            	6.65945154e-01
4.1925          	6.65945150e-01
4.195           	6.65945145e-01
4.1975          	6.65945140e-01
4.2             	6.65945134e-01
4.2025          	6.65945129e-01
4.205           	6.65945122e-01
4.2075          	6.65945116e-01
4.21            	6.65945110e-01
4.2125          	6.65945104e-01
4.215           	6.65945098e-01
4.2175          	6.65945091e-01
4.22            	6.65945084e-01
4.2225          	6.65945077e-01
4.225           	6.65945069e-01
4.2275          	6.65945069e-01
4.23            	6.65945069e-01
4.2325          	6.65945069e-01
4.235           	6.65945069e-01
4.2375          	6.65945069e-01
4.24            	6.65945069e-01
4.2425          	6.65945069e-01
4.245           	6.65945069e-01
4.2475          	6.65945069e-01
4.25            	6.65945069e-01
4.2525          	6.65945070e-01
4.255           	6.65945070e-01
4.2575          	6.65945072e-01
4.26            	6.65945072e-01
4.2625          	6.65945070e-01
4.265           	6.65945069e-01
4.2675          	6.65945069e-01
4.27            	6.65945068e-01
4.2725          	6.65945068e-01
4.275           	6.65945067e-01
4.2775          	6.65945067e-01
4.28            	6.65945067e-01
4.2825          	6.65945067e-01
4.285           	6.65945066e-01
4.2875          	6.65945066e-01
4.29            	6.65945066e-01
4.2925          	6.65945066e-01
4.295           	6.65945065e-01
4.2975          	6.65945065e-01
4.3             	6.65945065e-01
4.3025          	6.65945065e-01
4.305           	6.65945064e-01
4.3075          	6.65945064e-01
4.31            	6.65945064e-01
4.3125          	6.65945063e-01
4.315           	6.65945063e-01
4.3175          	6.65945062e-01
4.32            	6.65945062e-01
4.3225          	6.65945062e-01
4.325           	6.65945061e-01
4.3275          	6.65945061e-01
4.33            	6.65945061e-01
4.3325          	6.65945061e-01
4.335           	6.65945060e-01
4.3375          	6.65945060e-01
4.34            	6.65945060e-01
4.3425          	6.65945060e-01
4.345           	6.65945060e-01
4.3475          	6.65945060e-01
4.35            	6.65945060e-01
4.3525          	6.65945060e-01
4.355           	6.65945059e-01
4.3575          	6.65945059e-01
4.36            	6.65945059e-01
4.3625          	6.65945059e-01
4.365           	6.65945059e-01
4.3675          	6.65945059e-01
4.37            	6.65945051e-01
4.3725          	6.65945044e-01
4.375           	6.65945037e-01
4.3775          	6.65945031e-01
4.38            	6.65945025e-01
4.3825          	6.65945019e-01
4.385           	6.65945013e-01
4.3875          	6.65945007e-01
4.39            	6.65945002e-01
4.3925          	6.65944997e-01
4.395           	6.65944992e-01
4.3975          	6.65944987e-01
4.4             	6.65944982e-01
4.4025          	6.65944978e-01
4.405           	6.65944973e-01
4.4075          	6.65944969e-01
4.41            	6.65944965e-01
4.4125          	6.65944960e-01
4.415           	6.65944956e-01
4.4175          	6.65944952e-01
4.42            	6.65944948e-01
4.4225          	6.65944944e-01
4.425           	6.65944940e-01
4.4275          	6.65944936e-01
4.43            	6.65944932e-01
4.4325          	6.65944928e-01
4.435           	6.65944924e-01
4.4375          	6.65944920e-01
4.44            	6.65944916e-01
4.4428571       	6.65944909e-01
4.4457143       	6.65944901e-01
4.4485714       	6.65944893e-01
4.4514286       	6.65944885e-01
4.4542857       	6.65944877e-01
4.4571429       	6.65944869e-01
4.46            	6.65944860e-01
4.4628571       	6.65944852e-01
4.4657143       	6.65944843e-01
4.4685714       	6.65944835e-01
4.4714286       	6.65944826e-01
4.4742857       	6.65944817e-01
4.4771429       	6.65944808e-01
4.48            	6.65944799e-01
4.4828571       	6.65944789e-01
4.4857143       	6.65944780e-01
4.4885714       	6.65944771e-01
4.4914286       	6.65944761e-01
4.4942857       	6.65944752e-01
4.4971429       	6.65944742e-01
4.5             	6.65944732e-01
4.5028571       	6.65944723e-01
4.5057143       	6.65944713e-01
4.5085714       	6.65944703e-01
4.5114286       	6.65944693e-01
4.5142857       	6.65944683e-01
4.5171429       	6.65944673e-01
4.52            	6.65944663e-01
4.5228571       	6.65944653e-01
4.5257143       	6.65944643e-01
4.5285714       	6.65944633e-01
4.5314286       	6.65944623e-01
4.5342857       	6.65944613e-01
4.5371429       	6.65944602e-01
4.54            	6.65944592e-01
4.5428571       	6.65944582e-01
4.5457143       	6.65944571e-01
4.5485714       	6.65944561e-01
4.5514286       	6.65944551e-01
4.5542857       	6.65944540e-01
4.5571429       	6.65944530e-01
4.56            	6.65944519e-01
4.5628571       	6.65944508e-01
4.5657143       	6.65944498e-01
4.5685714       	6.65944487e-01
4.5714286       	6.65944476e-01
4.5742857       	6.65944465e-01
4.5771429       	6.65944455e-01
4.58            	6.65944444e-01
4.5828571       	6.65944433e-01
4.5857143       	6.65944422e-01
4.5885714       	6.65944411e-01
4.5914286       	6.65944400e-01
4.5942857       	6.65944389e-01
4.5971429       	6.65944378e-01
4.6             	6.65944367e-01
4.6028571       	6.65944356e-01
4.6057143       	6.65944345e-01
4.6085714       	6.65944334e-01
4.6114286       	6.65944323e-01
4.6142857       	6.65944312e-01
4.6171429       	6.65944301e-01
4.62            	6.65944290e-01
4.6233333       	6.65944289e-01
4.6266667       	6.65944289e-01
4.63            	6.65944289e-01
4.6333333       	6.65944288e-01
4.6366667       	6.65944288e-01
4.64            	6.65944288e-01
4.6433333       	6.65944287e-01
4.6466667       	6.65944287e-01
4.65            	6.65944287e-01
4.6533333       	6.65944286e-01
4.6566667       	6.65944286e-01
4.66            	6.65944286e-01
4.6633333       	6.65944285e-01
4.6666667       	6.65944285e-01
4.67            	6.65944284e-01
4.6733333       	6.65944284e-01
4.6766667       	6.65944283e-01
4.68            	6.65944280e-01
4.6833333       	6.65944283e-01
4.6866667       	6.65944284e-01
4.69            	6.65944284e-01
4.6933333       	6.65944284e-01
4.6966667       	6.65944284e-01
4.7             	6.65944284e-01
4.7033333       	6.65944284e-01
4.7066667       	6.65944284e-01
4.71            	6.65944284e-01
4.7133333       	6.65944284e-01
4.7166667       	6.65944284e-01
4.72            	6.65944284e-01
4.7233333       	6.65944284e-01
4.7266667       	6.65944284e-01
4.73            	6.65944284e-01
4.7333333       	6.65944283e-01
4.7366667       	6.65944283e-01
4.74            	6.65944283e-01
4.7433333       	6.65944283e-01
4.7466667       	6.65944283e-01
4.75            	6.65944283e-01
4.7533333       	6.65944283e-01
4.7566667       	6.65944282e-01
4.76            	6.65944282e-01
4.7633333       	6.65944282e-01
4.7666667       	6.65944282e-01
4.77            	6.65944281e-01
4.7733333       	6.65944281e-01
4.7766667       	6.65944281e-01
4.78            	6.65944280e-01
4.7833333       	6.65944280e-01
4.7866667       	6.65944279e-01
4.79            	6.65944279e-01
4.7933333       	6.65944279e-01
4.7966667       	6.65944278e-01
4.8             	6.65944278e-01
4.8033333       	6.65944277e-01
4.8066667       	6.65944277e-01
4.81            	6.65944276e-01
4.8133333       	6.65944276e-01
4.8166667       	6.65944275e-01
4.82            	6.65944274e-01
4.8233333       	6.65944274e-01
4.8266667       	6.65944272e-01
4.83            	6.65944270e-01
4.8333333       	6.65944268e-01
4.8366667       	6.65944262e-01
4.84            	6.65944263e-01
4.8433333       	6.65944269e-01
4.8466667       	6.65944274e-01
4.85            	6.65944274e-01
4.8533333       	6.65944267e-01
4.8566667       	6.65944265e-01
4.86            	6.65944265e-01
4.8633333       	6.65944267e-01
4.8666667       	6.65944270e-01
4.87            	6.65944275e-01
4.8733333       	6.65944283e-01
4.8766667       	6.65944293e-01
4.88            	6.65944304e-01
4.884           	6.65944304e-01
4.888           	6.65944304e-01
4.892           	6.65944304e-01
4.896           	6.65944304e-01
4.9             	6.65944299e-01
4.904           	6.65944291e-01
4.908           	6.65944290e-01
4.912           	6.65944274e-01
4.916           	6.65944258e-01
4.92            	6.65944241e-01
4.924           	6.65944225e-01
4.928           	6.65944209e-01
4.932           	6.65944194e-01
4.936           	6.65944180e-01
4.94            	6.65944167e-01
4.944           	6.65944155e-01
4.948           	6.65944144e-01
4.952           	6.65944133e-01
4.956           	6.65944122e-01
4.96            	6.65944113e-01
4.964           	6.65944104e-01
4.968           	6.65944097e-01
4.972           	6.65944090e-01
4.976           	6.65944084e-01
4.98            	6.65944079e-01
4.984           	6.65944075e-01
4.988           	6.65944071e-01
4.992           	6.65944068e-01
4.996           	6.65944065e-01
5               	6.65944062e-01
5.004           	6.65944060e-01
5.008           	6.65944058e-01
5.012           	6.65944056e-01
5.016           	6.65944054e-01
5.02            	6.65944053e-01
5.024           	6.65944051e-01
5.028           	6.65944050e-01
5.032           	6.65944049e-01
5.036           	6.65944048e-01
5.04            	6.65944047e-01
5.044           	6.65944046e-01
5.048           	6.65944045e-01
5.052           	6.65944044e-01
5.056           	6.65944043e-01
5.06            	6.65944042e-01
5.064           	6.65944041e-01
5.068           	6.65944041e-01
5.072           	6.65944040e-01
5.076           	6.65944039e-01
5.08            	6.65944039e-01
5.084           	6.65944038e-01
5.088           	6.65944037e-01
5.092           	6.65944036e-01
5.096           	6.65944036e-01
5.1             	6.65944035e-01
5.104           	6.65944034e-01
5.108           	6.65944033e-01
5.112           	6.65944032e-01
5.116           	6.65944032e-01
5.12            	6.65944031e-01
5.124           	6.65944030e-01
5.128           	6.65944029e-01
5.132           	6.65944028e-01
5.136           	6.65944027e-01
5.14            	6.65944026e-01
5.144           	6.65944025e-01
5.148           	6.65944025e-01
5.152           	6.65944024e-01
5.156           	6.65944023e-01
5.16            	6.65944022e-01
5.164           	6.65944021e-01
5.168           	6.65944020e-01
5.172           	6.65944019e-01
5.176           	6.65944017e-01
5.18            	6.65944016e-01
5.1833333       	6.65944016e-01
5.1866667       	6.65944016e-01
5.19            	6.65944015e-01
5.1933333       	6.65944015e-01
5.1966667       	6.65944014e-01
5.2             	6.65944014e-01
5.2033333       	6.65944013e-01
5.2066667       	6.65944013e-01
5.21            	6.65944013e-01
5.2133333       	6.65944012e-01
5.2166667       	6.65944012e-01
5.22            	6.65944011e-01
5.2228571       	6.65944011e-01
5.2257143       	6.65944011e-01
5.2285714       	6.65944011e-01
5.2314286       	6.65944011e-01
5.2342857       	6.65944010e-01
5.2371429       	6.65944010e-01
5.24            	6.65944010e-01
5.2425          	6.65944002e-01
5.245           	6.65943993e-01
5.2475          	6.65943984e-01
5.25            	6.65943975e-01
5.2525          	6.65943965e-01
5.255           	6.65943955e-01
5.2575          	6.65943945e-01
5.26            	6.65943934e-01
5.2625          	6.65943924e-01
5.265           	6.65943914e-01
5.2675          	6.65943903e-01
5.27            	6.65943893e-01
5.2725          	6.65943882e-01
5.275           	6.65943871e-01
5.2775          	6.65943860e-01
5.28            	6.65943849e-01
5.2822222       	6.65943842e-01
5.2844444       	6.65943835e-01
5.2866667       	6.65943828e-01
5.2888889       	6.65943821e-01
5.2911111       	6.65943814e-01
5.2933333       	6.65943807e-01
5.2955556       	6.65943800e-01
5.2977778       	6.65943793e-01
5.3             	6.65943785e-01
5.302           	6.65943780e-01
5.304           	6.65943776e-01
5.306           	6.65943771e-01
5.308           	6.65943766e-01
5.31            	6.65943762e-01
5.312           	6.65943757e-01
5.314           	6.65943752e-01
5.316           	6.65943748e-01
5.318           	6.65943743e-01
5.32            	6.65943739e-01
5.3218182       	6.65943736e-01
5.3236364       	6.65943732e-01
5.3254545       	6.65943729e-01
5.3272727       	6.65943726e-01
5.3290909       	6.65943723e-01
5.3309091       	6.65943720e-01
5.3327273       	6.65943717e-01
5.3345455       	6.65943714e-01
5.3363636       	6.65943711e-01
5.3381818       	6.65943708e-01
5.34            	6.65943706e-01
5.3418182       	6.65943703e-01
5.3436364       	6.65943701e-01
5.3454545       	6.65943698e-01
5.3472727       	6.65943696e-01
5.3490909       	6.65943694e-01
5.3509091       	6.65943693e-01
5.3527273       	6.65943691e-01
5.3545455       	6.65943690e-01
5.3563636       	6.65943688e-01
5.3581818       	6.65943687e-01
5.36            	6.65943685e-01
5.3618182       	6.65943683e-01
5.3636364       	6.65943680e-01
5.3654545       	6.65943678e-01
5.3672727       	6.65943675e-01
5.3690909       	6.65943672e-01
5.3709091       	6.65943669e-01
5.3727273       	6.65943666e-01
5.3745455       	6.65943662e-01
5.3763636       	6.65943659e-01
5.3781818       	6.65943655e-01
5.38            	6.65943652e-01
5.3818182       	6.65943648e-01
5.3836364       	6.65943643e-01
5.3854545       	6.65943639e-01
5.3872727       	6.65943634e-01
5.3890909       	6.65943629e-01
5.3909091       	6.65943624e-01
5.3927273       	6.65943619e-01
5.3945455       	6.65943614e-01
5.3963636       	6.65943609e-01
5.3981818       	6.65943604e-01
5.4             	6.65943599e-01
5.4015385       	6.65943596e-01
5.4030769       	6.65943594e-01
5.4046154       	6.65943591e-01
5.4061538       	6.65943589e-01
5.4076923       	6.65943586e-01
5.4092308       	6.65943583e-01
5.4107692       	6.65943581e-01
5.4123077       	6.65943578e-01
5.4138462       	6.65943576e-01
5.4153846       	6.65943573e-01
5.4169231       	6.65943570e-01
5.4184615       	6.65943567e-01
5.42            	6.65943564e-01
5.4214286       	6.65943562e-01
5.4228571       	6.65943560e-01
5.4242857       	6.65943557e-01
5.4257143       	6.65943555e-01
5.4271429       	6.65943553e-01
5.4285714       	6.65943550e-01
5.43            	6.65943548e-01
5.4314286       	6.65943545e-01
5.4328571       	6.65943543e-01
5.4342857       	6.65943540e-01
5.4357143       	6.65943537e-01
5.4371429       	6.65943535e-01
5.4385714       	6.65943532e-01
5.44            	6.65943529e-01
5.4414286       	6.65943526e-01
5.4428571       	6.65943523e-01
5.4442857       	6.65943521e-01
5.4457143       	6.65943518e-01
5.4471429       	6.65943515e-01
5.4485714       	6.65943511e-01
5.45            	6.65943508e-01
5.4514286       	6.65943505e-01
5.4528571       	6.65943501e-01
5.4542857       	6.65943497e-01
5.4557143       	6.65943493e-01
5.4571429       	6.65943489e-01
5.4585714       	6.65943485e-01
5.46            	6.65943481e-01
5.4614286       	6.65943476e-01
5.4628571       	6.65943472e-01
5.4642857       	6.65943467e-01
5.4657143       	6.65943462e-01
5.4671429       	6.65943457e-01
5.4685714       	6.65943452e-01
5.47            	6.65943447e-01
5.4714286       	6.65943442e-01
5.4728571       	6.65943436e-01
5.4742857       	6.65943431e-01
5.4757143       	6.65943426e-01
5.4771429       	6.65943420e-01
5.4785714       	6.65943414e-01
5.48            	6.65943408e-01
5.4814286       	6.65943402e-01
5.4829762       	6.65943392e-01
5.4845238       	6.65943383e-01
5.4860714       	6.65943373e-01
5.487619        	6.65943362e-01
5.4891667       	6.65943350e-01
5.4907143       	6.65943339e-01
5.4922619       	6.65943326e-01
5.4938095       	6.65943313e-01
5.4953571       	6.65943299e-01
5.4969048       	6.65943286e-01
5.4984524       	6.65943286e-01
5.5             	6.65943286e-01
5.5016667       	6.65943286e-01
5.5033333       	6.65943285e-01
5.505           	6.65943285e-01
5.5066667       	6.65943285e-01
5.5083333       	6.65943285e-01
5.51            	6.65943285e-01
5.5116667       	6.65943285e-01
5.5133333       	6.65943285e-01
5.515           	6.65943285e-01
5.5166667       	6.65943284e-01
5.5183333       	6.65943284e-01
5.52            	6.65943284e-01
5.5218182       	6.65943283e-01
5.5236364       	6.65943283e-01
5.5254545       	6.65943283e-01
5.5272727       	6.65943282e-01
5.5290909       	6.65943282e-01
5.5309091       	6.65943281e-01
5.5327273       	6.65943281e-01
5.5345455       	6.65943281e-01
5.5363636       	6.65943280e-01
5.5381818       	6.65943280e-01
5.54            	6.65943280e-01
5.542           	6.65943280e-01
5.544           	6.65943280e-01
5.546           	6.65943280e-01
5.548           	6.65943280e-01
5.55            	6.65943280e-01
5.552           	6.65943281e-01
5.554           	6.65943282e-01
5.556           	6.65943283e-01
5.558           	6.65943283e-01
5.56            	6.65943283e-01
5.562           	6.65943283e-01
5.564           	6.65943282e-01
5.566           	6.65943282e-01
5.568           	6.65943282e-01
5.57            	6.65943282e-01
5.572           	6.65943276e-01
5.574           	6.65943270e-01
5.576           	6.65943263e-01
5.578           	6.65943257e-01
5.58            	6.65943250e-01
5.582           	6.65943243e-01
5.584           	6.65943236e-01
5.586           	6.65943229e-01
5.588           	6.65943222e-01
5.59            	6.65943215e-01
5.592           	6.65943207e-01
5.594           	6.65943200e-01
5.596           	6.65943192e-01
5.598           	6.65943184e-01
5.6             	6.65943177e-01
5.6022222       	6.65943164e-01
5.6044444       	6.65943151e-01
5.6066667       	6.65943139e-01
5.6088889       	6.65943126e-01
5.6111111       	6.65943114e-01
5.6133333       	6.65943101e-01
5.6155556       	6.65943089e-01
5.6177778       	6.65943076e-01
5.62            	6.65943064e-01
5.6222222       	6.65943051e-01
5.6244444       	6.65943039e-01
5.6266667       	6.65943027e-01
5.6288889       	6.65943015e-01
5.6311111       	6.65943003e-01
5.6333333       	6.65942991e-01
5.6355556       	6.65942979e-01
5.6377778       	6.65942967e-01
5.64            	6.65942955e-01
5.6422222       	6.65942943e-01
5.6444444       	6.65942931e-01
5.6466667       	6.65942919e-01
5.6488889       	6.65942907e-01
5.6511111       	6.65942895e-01
5.6533333       	6.65942883e-01
5.6555556       	6.65942870e-01
5.6577778       	6.65942858e-01
5.66            	6.65942846e-01
5.6622222       	6.65942834e-01
5.6644444       	6.65942821e-01
5.6666667       	6.65942809e-01
5.6688889       	6.65942796e-01
5.6711111       	6.65942784e-01
5.6733333       	6.65942771e-01
5.6755556       	6.65942758e-01
5.6777778       	6.65942745e-01
5.68            	6.65942733e-01
5.6825          	6.65942732e-01
5.685           	6.65942732e-01
5.6875          	6.65942731e-01
5.69            	6.65942731e-01
5.6925          	6.65942730e-01
5.695           	6.65942730e-01
5.6975          	6.65942729e-01
5.7             	6.65942729e-01
5.7025          	6.65942728e-01
5.705           	6.65942728e-01
5.7075          	6.65942727e-01
5.71            	6.65942727e-01
5.7125          	6.65942726e-01
5.715           	6.65942726e-01
5.7175          	6.65942725e-01
5.72            	6.65942725e-01
5.7225          	6.65942724e-01
5.725           	6.65942724e-01
5.7275          	6.65942723e-01
5.73            	6.65942722e-01
5.7325          	6.65942722e-01
5.735           	6.65942721e-01
5.7375          	6.65942720e-01
5.74            	6.65942719e-01
5.7425          	6.65942719e-01
5.745           	6.65942719e-01
5.7475          	6.65942719e-01
5.75            	6.65942719e-01
5.7525          	6.65942719e-01
5.755           	6.65942719e-01
5.7575          	6.65942719e-01
5.76            	6.65942718e-01
5.7625          	6.65942718e-01
5.765           	6.65942718e-01
5.7675          	6.65942717e-01
5.77            	6.65942717e-01
5.7725          	6.65942716e-01
5.775           	6.65942716e-01
5.7775          	6.65942715e-01
5.78            	6.65942715e-01
5.7825          	6.65942714e-01
5.785           	6.65942713e-01
5.7875          	6.65942713e-01
5.79            	6.65942712e-01
5.7925          	6.65942712e-01
5.795           	6.65942711e-01
5.7975          	6.65942711e-01
5.8             	6.65942710e-01
5.8028571       	6.65942709e-01
5.8057143       	6.65942708e-01
5.8085714       	6.65942707e-01
5.8114286       	6.65942706e-01
5.8135714       	6.65942706e-01
5.8157143       	6.65942706e-01
5.8178571       	6.65942705e-01
5.82            	6.65942705e-01
5.8222222       	6.65942705e-01
5.8241975       	6.65942694e-01
5.8261728       	6.65942683e-01
5.8281481       	6.65942672e-01
5.8301235       	6.65942662e-01
5.8320988       	6.65942653e-01
5.8340741       	6.65942644e-01
5.8360494       	6.65942636e-01
5.8380247       	6.65942628e-01
5.84            	6.65942621e-01
5.8422222       	6.65942621e-01
5.8444444       	6.65942620e-01
5.8466667       	6.65942620e-01
5.8488889       	6.65942620e-01
5.8511111       	6.65942619e-01
5.8533333       	6.65942619e-01
5.8555556       	6.65942619e-01
5.8577778       	6.65942618e-01
5.86            	6.65942618e-01
5.862           	6.65942614e-01
5.864           	6.65942610e-01
5.866           	6.65942607e-01
5.868           	6.65942603e-01
5.87            	6.65942600e-01
5.872           	6.65942597e-01
5.874           	6.65942595e-01
5.876           	6.65942592e-01
5.878           	6.65942590e-01
5.88            	6.65942588e-01
5.8822222       	6.65942585e-01
5.8844444       	6.65942582e-01
5.8866667       	6.65942579e-01
5.8888889       	6.65942577e-01
5.8911111       	6.65942575e-01
5.8933333       	6.65942573e-01
5.8955556       	6.65942571e-01
5.8977778       	6.65942570e-01
5.9             	6.65942568e-01
5.9025          	6.65942566e-01
5.9054167       	6.65942563e-01
5.9083333       	6.65942560e-01
5.91125         	6.65942557e-01
5.9141667       	6.65942554e-01
5.9170833       	6.65942551e-01
5.92            	6.65942549e-01
5.9228571       	6.65942546e-01
5.9257143       	6.65942544e-01
5.9285714       	6.65942541e-01
5.9314286       	6.65942539e-01
5.9342857       	6.65942535e-01
5.9371429       	6.65942531e-01
5.94            	6.65942526e-01
5.9428571       	6.65942518e-01
5.9457143       	6.65942507e-01
5.9485714       	6.65942492e-01
5.9514286       	6.65942469e-01
5.9542857       	6.65942436e-01
5.9571429       	6.65942389e-01
5.96            	6.65942322e-01
5.9628571       	6.65942228e-01
5.9657143       	6.65942097e-01
5.9685714       	6.65941917e-01
5.9714286       	6.65941674e-01
5.9742857       	6.65941356e-01
5.9771429       	6.65940956e-01
5.98            	6.65940475e-01
5.9828571       	6.65939912e-01
5.9857143       	6.65939265e-01
5.9885714       	6.65938537e-01
5.9914286       	6.65937735e-01
5.9942857       	6.65936864e-01
5.9971429       	6.65935940e-01
6               	6.65934977e-01
6.0028571       	6.65933993e-01
6.0057143       	6.65933006e-01
6.0085714       	6.65932029e-01
6.0114286       	6.65931070e-01
6.0142857       	6.65930141e-01
6.0171429       	6.65929246e-01
6.02            	6.65928391e-01
6.0225          	6.65927679e-01
6.025           	6.65927012e-01
6.0275          	6.65926386e-01
6.03            	6.65925794e-01
6.0325          	6.65925232e-01
6.035           	6.65924697e-01
6.0375          	6.65924184e-01
6.04            	6.65923694e-01
6.0428571       	6.65923158e-01
6.0457143       	6.65922635e-01
6.0485714       	6.65922121e-01
6.0514286       	6.65921610e-01
6.0542857       	6.65921104e-01
6.0571429       	6.65920601e-01
6.06            	6.65920103e-01
6.0628571       	6.65919610e-01
6.0657143       	6.65919116e-01
6.0685714       	6.65918621e-01
6.0714286       	6.65918124e-01
6.0742857       	6.65917622e-01
6.0771429       	6.65917115e-01
6.08            	6.65916601e-01
6.0828571       	6.65916078e-01
6.0857143       	6.65915546e-01
6.0885714       	6.65914993e-01
6.0914286       	6.65914422e-01
6.0942857       	6.65913832e-01
6.0971429       	6.65913226e-01
6.1             	6.65912607e-01
6.1028571       	6.65911980e-01
6.1057143       	6.65911348e-01
6.1085714       	6.65910715e-01
6.1114286       	6.65910085e-01
6.1142857       	6.65909460e-01
6.1171429       	6.65908842e-01
6.12            	6.65908232e-01
6.1228571       	6.65907631e-01
6.1257143       	6.65907037e-01
6.1285714       	6.65906450e-01
6.1314286       	6.65905872e-01
6.1342857       	6.65905306e-01
6.1371429       	6.65904752e-01
6.14            	6.65904210e-01
6.1428571       	6.65903680e-01
6.1457143       	6.65903161e-01
6.1485714       	6.65902652e-01
6.1514286       	6.65902154e-01
6.1542857       	6.65901668e-01
6.1571429       	6.65901193e-01
6.16            	6.65900729e-01
6.1628571       	6.65900275e-01
6.1657143       	6.65899833e-01
6.1685714       	6.65899400e-01
6.1714286       	6.65898977e-01
6.1742857       	6.65898564e-01
6.1771429       	6.65898160e-01
6.18            	6.65897766e-01
6.1828571       	6.65897381e-01
6.1857143       	6.65897007e-01
6.1885714       	6.65896645e-01
6.1914286       	6.65896293e-01
6.1942857       	6.65895949e-01
6.1971429       	6.65895612e-01
6.2             	6.65895280e-01
6.2028571       	6.65894955e-01
6.2057143       	6.65894637e-01
6.2085714       	6.65894326e-01
6.2114286       	6.65894022e-01
6.2142857       	6.65893725e-01
6.2171429       	6.65893435e-01
6.22            	6.65893154e-01
6.2228571       	6.65892882e-01
6.2257143       	6.65892617e-01
6.2285714       	6.65892361e-01
6.2314286       	6.65892114e-01
6.2342857       	6.65891876e-01
6.2371429       	6.65891647e-01
6.24            	6.65891427e-01
6.2428571       	6.65891216e-01
6.2457143       	6.65891015e-01
6.2485714       	6.65890824e-01
6.2514286       	6.65890641e-01
6.2542857       	6.65890465e-01
6.2571429       	6.65890297e-01
6.26            	6.65890136e-01
6.2628571       	6.65889981e-01
6.2657143       	6.65889831e-01
6.2685714       	6.65889687e-01
6.2714286       	6.65889548e-01
6.2742857       	6.65889414e-01
6.2771429       	6.65889285e-01
6.28            	6.65889161e-01
6.2828571       	6.65889042e-01
6.2857143       	6.65888927e-01
6.2885714       	6.65888816e-01
6.2914286       	6.65888710e-01
6.2942857       	6.65888607e-01
6.2971429       	6.65888508e-01
6.3             	6.65888413e-01
6.3028571       	6.65888320e-01
6.3057143       	6.65888231e-01
6.3092857       	6.65888123e-01
6.3128571       	6.65888018e-01
6.3164286       	6.65887917e-01
6.32            	6.65887822e-01
6.3233333       	6.65887737e-01
6.3266667       	6.65887655e-01
6.33            	6.65887578e-01
6.3333333       	6.65887503e-01
6.3366667       	6.65887431e-01
6.34            	6.65887362e-01
6.3433333       	6.65887295e-01
6.3466667       	6.65887231e-01
6.35            	6.65887170e-01
6.3533333       	6.65887110e-01
6.3566667       	6.65887062e-01
6.36            	6.65887016e-01
6.3633333       	6.65886972e-01
6.3666667       	6.65886931e-01
6.37            	6.65886892e-01
6.3733333       	6.65886854e-01
6.3766667       	6.65886818e-01
6.38            	6.65886785e-01
6.384           	6.65886746e-01
6.388           	6.65886711e-01
6.392           	6.65886678e-01
6.396           	6.65886648e-01
6.4             	6.65886620e-01
6.404           	6.65886595e-01
6.408           	6.65886571e-01
6.412           	6.65886550e-01
6.416           	6.65886530e-01
6.42            	6.65886511e-01
6.424           	6.65886494e-01
6.428           	6.65886479e-01
6.432           	6.65886464e-01
6.436           	6.65886451e-01
6.44            	6.65886438e-01
6.444           	6.65886427e-01
6.448           	6.65886416e-01
6.452           	6.65886406e-01
6.456           	6.65886397e-01
6.46            	6.65886388e-01
6.464           	6.65886380e-01
6.468           	6.65886373e-01
6.472           	6.65886366e-01
6.476           	6.65886360e-01
6.48            	6.65886354e-01
6.4833333       	6.65886349e-01
6.4866667       	6.65886345e-01
6.49            	6.65886341e-01
6.4933333       	6.65886338e-01
6.4966667       	6.65886334e-01
6.5             	6.65886331e-01
6.5033333       	6.65886328e-01
6.5066667       	6.65886325e-01
6.51            	6.65886322e-01
6.5133333       	6.65886320e-01
6.5166667       	6.65886317e-01
6.52            	6.65886315e-01
6.5233333       	6.65886313e-01
6.5266667       	6.65886311e-01
6.53            	6.65886309e-01
6.5333333       	6.65886307e-01
6.5366667       	6.65886306e-01
6.54            	6.65886304e-01
6.5433333       	6.65886303e-01
6.5466667       	6.65886302e-01
6.55            	6.65886300e-01
6.5533333       	6.65886299e-01
6.5566667       	6.65886298e-01
6.56            	6.65886298e-01
6.5633333       	6.65886297e-01
6.5666667       	6.65886296e-01
6.57            	6.65886295e-01
6.5733333       	6.65886294e-01
6.5766667       	6.65886294e-01
6.58            	6.65886293e-01
6.5833333       	6.65886293e-01
6.5866667       	6.65886292e-01
6.59            	6.65886292e-01
6.5933333       	6.65886291e-01
6.5966667       	6.65886291e-01
6.6             	6.65886291e-01
6.6025          	6.65886291e-01
6.605           	6.65886290e-01
6.6075          	6.65886290e-01
6.61            	6.65886290e-01
6.6125          	6.65886290e-01
6.615           	6.65886289e-01
6.6175          	6.65886289e-01
6.62            	6.65886289e-01
6.6225          	6.65886289e-01
6.625           	6.65886289e-01
6.6275          	6.65886288e-01
6.63            	6.65886289e-01
6.6325          	6.65886290e-01
6.635           	6.65886291e-01
6.6375          	6.65886293e-01
6.64            	6.65886293e-01
6.6425          	6.65886294e-01
6.645           	6.65886295e-01
6.6475          	6.65886295e-01
6.65            	6.65886295e-01
6.6525          	6.65886295e-01
6.655           	6.65886295e-01
6.6575          	6.65886295e-01
6.66            	6.65886295e-01
6.6625          	6.65886294e-01
6.665           	6.65886294e-01
6.6675          	6.65886294e-01
6.67            	6.65886293e-01
6.6725          	6.65886293e-01
6.675           	6.65886293e-01
6.6775          	6.65886293e-01
6.68            	6.65886292e-01
6.6825          	6.65886292e-01
6.685           	6.65886292e-01
6.6875          	6.65886292e-01
6.69            	6.65886292e-01
6.6925          	6.65886291e-01
6.695           	6.65886291e-01
6.6975          	6.65886291e-01
6.7             	6.65886291e-01
6.7025          	6.65886291e-01
6.705           	6.65886291e-01
6.7075          	6.65886291e-01
6.71            	6.65886291e-01
6.7125          	6.65886291e-01
6.715           	6.65886290e-01
6.7175          	6.65886290e-01
6.72            	6.65886290e-01
6.7228571       	6.65886290e-01
6.7257143       	6.65886290e-01
6.7285714       	6.65886290e-01
6.7314286       	6.65886290e-01
6.7342857       	6.65886290e-01
6.7371429       	6.65886290e-01
6.74            	6.65886290e-01
6.7428571       	6.65886290e-01
6.7457143       	6.65886290e-01
6.7485714       	6.65886290e-01
6.7514286       	6.65886290e-01
6.7542857       	6.65886291e-01
6.7571429       	6.65886291e-01
6.76            	6.65886291e-01
6.7628571       	6.65886291e-01
6.7657143       	6.65886292e-01
6.7685714       	6.65886292e-01
6.7714286       	6.65886292e-01
6.7742857       	6.65886293e-01
6.7771429       	6.65886293e-01
6.78            	6.65886294e-01
6.7833333       	6.65886294e-01
6.7866667       	6.65886295e-01
6.79            	6.65886296e-01
6.7933333       	6.65886297e-01
6.7966667       	6.65886298e-01
6.8             	6.65886298e-01
6.8033333       	6.65886299e-01
6.8066667       	6.65886300e-01
6.81            	6.65886300e-01
6.8133333       	6.65886301e-01
6.8166667       	6.65886302e-01
6.82            	6.65886302e-01
6.8233333       	6.65886303e-01
6.8266667       	6.65886303e-01
6.83            	6.65886304e-01
6.8333333       	6.65886305e-01
6.8366667       	6.65886305e-01
6.84            	6.65886306e-01
6.844           	6.65886308e-01
6.848           	6.65886309e-01
6.852           	6.65886311e-01
6.856           	6.65886312e-01
6.86            	6.65886314e-01
6.864           	6.65886315e-01
6.868           	6.65886317e-01
6.872           	6.65886318e-01
6.876           	6.65886320e-01
6.88            	6.65886321e-01
6.884           	6.65886322e-01
6.888           	6.65886324e-01
6.892           	6.65886325e-01
6.896           	6.65886326e-01
6.9             	6.65886327e-01
6.904           	6.65886328e-01
6.908           	6.65886329e-01
6.912           	6.65886330e-01
6.916           	6.65886330e-01
6.92            	6.65886331e-01
6.924           	6.65886332e-01
6.928           	6.65886333e-01
6.932           	6.65886333e-01
6.936           	6.65886334e-01
6.94            	6.65886335e-01
6.944           	6.65886335e-01
6.948           	6.65886336e-01
6.952           	6.65886336e-01
6.956           	6.65886337e-01
6.96            	6.65886337e-01
6.964           	6.65886338e-01
6.968           	6.65886338e-01
6.972           	6.65886339e-01
6.976           	6.65886339e-01
6.98            	6.65886340e-01
6.984           	6.65886340e-01
6.988           	6.65886341e-01
6.992           	6.65886341e-01
6.996           	6.65886342e-01
7               	6.65886342e-01
7.004           	6.65886343e-01
7.008           	6.65886343e-01
7.012           	6.65886344e-01
7.016           	6.65886344e-01
7.02            	6.65886345e-01
7.024           	6.65886345e-01
7.028           	6.65886346e-01
7.032           	6.65886346e-01
7.036           	6.65886347e-01
7.04            	6.65886347e-01
7.045           	6.65886349e-01
7.05            	6.65886350e-01
7.055           	6.65886351e-01
7.06            	6.65886352e-01
7.065           	6.65886354e-01
7.07            	6.65886355e-01
7.075           	6.65886356e-01
7.08            	6.65886358e-01
7.085           	6.65886359e-01
7.09            	6.65886360e-01
7.095           	6.65886361e-01
7.1             	6.65886363e-01
7.105           	6.65886364e-01
7.11            	6.65886365e-01
7.115           	6.65886366e-01
7.12            	6.65886367e-01
7.125           	6.65886367e-01
7.13            	6.65886368e-01
7.135           	6.65886369e-01
7.14            	6.65886369e-01
7.145           	6.65886369e-01
7.15            	6.65886368e-01
7.155           	6.65886368e-01
7.16            	6.65886367e-01
7.165           	6.65886365e-01
7.17            	6.65886363e-01
7.175           	6.65886361e-01
7.18            	6.65886357e-01
7.185           	6.65886354e-01
7.19            	6.65886349e-01
7.195           	6.65886343e-01
7.2             	6.65886337e-01
7.205           	6.65886329e-01
7.21            	6.65886321e-01
7.215           	6.65886311e-01
7.22            	6.65886300e-01
7.225           	6.65886288e-01
7.23            	6.65886288e-01
7.235           	6.65886288e-01
7.24            	6.65886288e-01
7.2466667       	6.65886290e-01
7.2533333       	6.65886300e-01
7.26            	6.65886291e-01
7.2666667       	6.65886286e-01
7.2733333       	6.65886282e-01
7.28            	6.65886279e-01
7.2866667       	6.65886276e-01
7.2933333       	6.65886274e-01
7.3             	6.65886272e-01
7.3066667       	6.65886271e-01
7.3133333       	6.65886270e-01
7.32            	6.65886270e-01
7.3266667       	6.65886269e-01
7.3333333       	6.65886269e-01
7.34            	6.65886269e-01
7.3466667       	6.65886268e-01
7.3533333       	6.65886268e-01
7.36            	6.65886267e-01
7.3666667       	6.65886267e-01
7.3733333       	6.65886267e-01
7.38            	6.65886266e-01
7.3866667       	6.65886266e-01
7.3933333       	6.65886265e-01
7.4             	6.65886264e-01
7.4066667       	6.65886264e-01
7.4133333       	6.65886263e-01
7.42            	6.65886262e-01
7.4266667       	6.65886261e-01
7.4333333       	6.65886260e-01
7.44            	6.65886259e-01
7.4466667       	6.65886258e-01
7.4533333       	6.65886256e-01
7.46            	6.65886255e-01
7.4666667       	6.65886254e-01
7.4733333       	6.65886252e-01
7.48            	6.65886251e-01
7.4866667       	6.65886250e-01
7.4933333       	6.65886248e-01
7.5             	6.65886247e-01
7.5066667       	6.65886246e-01
7.5133333       	6.65886245e-01
7.52            	6.65886243e-01
7.5266667       	6.65886243e-01
7.5333333       	6.65886242e-01
7.54            	6.65886241e-01
7.5466667       	6.65886240e-01
7.5533333       	6.65886240e-01
7.56            	6.65886239e-01
7.565           	6.65886236e-01
7.57            	6.65886234e-01
7.575           	6.65886233e-01
7.58            	6.65886232e-01
7.585           	6.65886233e-01
7.59            	6.65886234e-01
7.595           	6.65886236e-01
7.6             	6.65886239e-01
7.605           	6.65886242e-01
7.61            	6.65886246e-01
7.615           	6.65886250e-01
7.62            	6.65886255e-01
7.625           	6.65886259e-01
7.63            	6.65886264e-01
7.635           	6.65886269e-01
7.64            	6.65886274e-01
7.645           	6.65886278e-01
7.65            	6.65886283e-01
7.655           	6.65886287e-01
7.66            	6.65886292e-01
7.665           	6.65886296e-01
7.67            	6.65886300e-01
7.675           	6.65886304e-01
7.68            	6.65886308e-01
7.685           	6.65886312e-01
7.69            	6.65886316e-01
7.695           	6.65886320e-01
7.7             	6.65886324e-01
7.705           	6.65886327e-01
7.71            	6.65886331e-01
7.715           	6.65886335e-01
7.72            	6.65886338e-01
7.725           	6.65886342e-01
7.73            	6.65886346e-01
7.735           	6.65886349e-01
7.74            	6.65886353e-01
7.745           	6.65886356e-01
7.75            	6.65886360e-01
7.755           	6.65886363e-01
7.76            	6.65886366e-01
7.765           	6.65886370e-01
7.77            	6.65886373e-01
7.775           	6.65886376e-01
7.78            	6.65886379e-01
7.785           	6.65886383e-01
7.79            	6.65886386e-01
7.795           	6.65886388e-01
7.8             	6.65886391e-01
7.805           	6.65886394e-01
7.81            	6.65886396e-01
7.815           	6.65886399e-01
7.82            	6.65886401e-01
7.825           	6.65886403e-01
7.83            	6.65886406e-01
7.835           	6.65886408e-01
7.84            	6.65886409e-01
7.845           	6.65886411e-01
7.85            	6.65886413e-01
7.855           	6.65886415e-01
7.86            	6.65886416e-01
7.865           	6.65886418e-01
7.87            	6.65886419e-01
7.875           	6.65886420e-01
7.88            	6.65886421e-01
7.885           	6.65886423e-01
7.89            	6.65886424e-01
7.895           	6.65886425e-01
7.9             	6.65886425e-01
7.905           	6.65886426e-01
7.91            	6.65886427e-01
7.915           	6.65886428e-01
7.92            	6.65886429e-01
7.925           	6.65886429e-01
7.93            	6.65886430e-01
7.935           	6.65886431e-01
7.94            	6.65886431e-01
7.945           	6.65886432e-01
7.95            	6.65886432e-01
7.955           	6.65886432e-01
7.96            	6.65886433e-01
7.965           	6.65886433e-01
7.97            	6.65886434e-01
7.975           	6.65886434e-01
7.98            	6.65886434e-01
7.985           	6.65886435e-01
7.99            	6.65886435e-01
7.995           	6.65886435e-01
8               	6.65886436e-01
