# y+ ()         
# Time          	patch           	min             	max             	average         
0.02            	left	1.49267929e+02	1.50553062e+02	1.50451823e+02
0.02            	right	1.50771250e+02	2.24903617e+03	1.31523729e+03
0.02            	stlSurface	2.67465790e+01	4.07314842e+01	2.84717003e+01
0.02            	back	1.49268205e+02	2.24339696e+03	5.98412166e+02
0.02            	bottom	2.67465790e+01	2.22283650e+03	8.50396351e+02
0.02            	front	1.49267929e+02	2.24339696e+03	5.98412202e+02
0.04            	left	1.39091667e+02	1.41290849e+02	1.41083928e+02
0.04            	right	1.40667093e+02	2.11152629e+03	1.23373277e+03
0.04            	stlSurface	2.13384575e+01	3.73761286e+01	2.44193499e+01
0.04            	back	1.39091979e+02	2.12008241e+03	5.67210466e+02
0.04            	bottom	2.13384575e+01	2.11514621e+03	8.15028756e+02
0.04            	front	1.39091667e+02	2.12008247e+03	5.67210516e+02
0.06            	left	1.30215399e+02	1.33509690e+02	1.33169214e+02
0.06            	right	1.31923644e+02	1.99576645e+03	1.16468437e+03
0.06            	stlSurface	1.78111627e+01	3.55196743e+01	2.20927822e+01
0.06            	back	1.30215741e+02	2.02317455e+03	5.41440974e+02
0.06            	bottom	1.78111627e+01	2.06322145e+03	7.88662871e+02
0.06            	front	1.30215399e+02	2.02317512e+03	5.41441036e+02
0.08            	left	1.22407773e+02	1.26885916e+02	1.26395432e+02
0.08            	right	1.24291945e+02	1.89697724e+03	1.10539706e+03
0.08            	stlSurface	1.53330711e+01	3.46568307e+01	2.06421022e+01
0.08            	back	1.22408146e+02	1.95454507e+03	5.20274887e+02
0.08            	bottom	1.53330711e+01	2.03928476e+03	7.71780577e+02
0.08            	front	1.22407773e+02	1.95454513e+03	5.20274966e+02
0.1             	left	1.15486210e+02	1.21172995e+02	1.20524274e+02
0.1             	right	1.17578190e+02	1.81151454e+03	1.05381659e+03
0.1             	stlSurface	1.34976213e+01	3.41313250e+01	1.96623316e+01
0.1             	back	1.15486623e+02	1.93489115e+03	5.02190582e+02
0.1             	bottom	1.34976213e+01	2.02998634e+03	7.62098761e+02
0.1             	front	1.15486210e+02	1.93491117e+03	5.02189700e+02
0.12            	left	1.09310103e+02	1.16202982e+02	1.15392172e+02
0.12            	right	1.11606467e+02	1.73692050e+03	1.00853687e+03
0.12            	stlSurface	1.20864703e+01	3.37932290e+01	1.89514661e+01
0.12            	back	1.09310587e+02	1.92133394e+03	4.86163144e+02
0.12            	bottom	1.20864703e+01	2.02937710e+03	7.58614374e+02
0.12            	front	1.09310103e+02	1.92137180e+03	4.86162776e+02
0.14            	left	1.03765475e+02	1.11845598e+02	1.10871397e+02
0.14            	right	1.06235101e+02	1.67130740e+03	9.68465155e+02
0.14            	stlSurface	4.22169398e-01	3.35781977e+01	1.82332402e+01
0.14            	back	1.03766011e+02	2.02044129e+03	4.72514155e+02
0.14            	bottom	4.00483278e-01	2.04084847e+03	7.60310392e+02
0.14            	front	1.03765475e+02	2.02042208e+03	4.72513956e+02
0.16            	left	9.87607166e+01	1.07991873e+02	1.06855884e+02
0.16            	right	1.01408540e+02	1.61310165e+03	9.32688671e+02
0.16            	stlSurface	4.44857847e-01	3.34303482e+01	1.77508218e+01
0.16            	back	9.87612387e+01	2.00969040e+03	4.60311901e+02
0.16            	bottom	4.22006260e-01	2.06713157e+03	7.65320840e+02
0.16            	front	9.87607166e+01	2.00966952e+03	4.60311709e+02
0.18            	left	9.42212235e+01	1.04568661e+02	1.03272070e+02
0.18            	right	9.70697167e+01	1.56124221e+03	9.00578546e+02
0.18            	stlSurface	4.66333202e-01	3.33503338e+01	1.72846249e+01
0.18            	back	9.42217283e+01	2.00149451e+03	4.49689617e+02
0.18            	bottom	4.42378463e-01	2.10102418e+03	7.75386165e+02
0.18            	front	9.42212235e+01	2.00147457e+03	4.49689501e+02
0.2             	left	9.00844613e+01	1.01509443e+02	1.00054663e+02
0.2             	right	9.31405128e+01	1.51477417e+03	8.71581403e+02
0.2             	stlSurface	4.88234981e-01	3.33369092e+01	1.69063184e+01
0.2             	back	9.00849509e+01	2.08940382e+03	4.40176604e+02
0.2             	bottom	4.63155185e-01	2.14594760e+03	7.89680411e+02
0.2             	front	9.00844613e+01	2.08938558e+03	4.40176474e+02
0.22            	left	8.62992840e+01	9.87621600e+01	9.71518516e+01
0.22            	right	8.95611709e+01	1.47293663e+03	8.45253619e+02
0.22            	stlSurface	5.11071052e-01	3.34333934e+01	1.66127700e+01
0.22            	back	8.62997532e+01	2.09297607e+03	4.31644698e+02
0.22            	bottom	4.84818206e-01	2.19379411e+03	8.07504551e+02
0.22            	front	8.62992840e+01	2.09295007e+03	4.31644518e+02
0.24            	left	8.28228820e+01	9.62850800e+01	9.45217317e+01
0.24            	right	8.62877024e+01	1.43511309e+03	8.21232058e+02
0.24            	stlSurface	5.35200809e-01	3.37173254e+01	1.62914542e+01
0.24            	back	8.28233431e+01	2.05526776e+03	4.23851350e+02
0.24            	bottom	5.07708459e-01	2.24141277e+03	8.28343580e+02
0.24            	front	8.28228820e+01	2.05523599e+03	4.23850587e+02
0.26            	left	7.96191639e+01	9.40436826e+01	9.21302615e+01
0.26            	right	8.32845556e+01	1.40080866e+03	7.99217627e+02
0.26            	stlSurface	5.61453805e-01	3.41232451e+01	1.60881175e+01
0.26            	back	7.96196277e+01	2.01332517e+03	4.17297849e+02
0.26            	bottom	5.32612883e-01	2.28778360e+03	8.51868171e+02
0.26            	front	7.96191639e+01	2.01334298e+03	4.17296872e+02
0.28            	left	7.66575621e+01	9.20090491e+01	8.99477651e+01
0.28            	right	8.05355279e+01	1.36958221e+03	7.78921223e+02
0.28            	stlSurface	5.88922042e-01	3.46892495e+01	1.58520772e+01
0.28            	back	7.66579927e+01	2.03574231e+03	4.10767305e+02
0.28            	bottom	5.58670124e-01	2.33677829e+03	8.76678588e+02
0.28            	front	7.66575621e+01	2.03573603e+03	4.10766230e+02
0.3             	left	7.39119990e+01	9.01595947e+01	8.79533234e+01
0.3             	right	7.80305151e+01	1.34109731e+03	7.60103985e+02
0.3             	stlSurface	6.20332056e-01	3.54786723e+01	1.57758442e+01
0.3             	back	7.39124060e+01	2.00236079e+03	4.05173259e+02
0.3             	bottom	5.88466659e-01	2.38152140e+03	9.04452682e+02
0.3             	front	7.39119990e+01	2.00236761e+03	4.05172186e+02
0.32            	left	7.13598466e+01	8.84788890e+01	8.61285768e+01
0.32            	right	7.57134466e+01	1.31501731e+03	7.42522878e+02
0.32            	stlSurface	6.57303970e-01	3.65737424e+01	1.57158372e+01
0.32            	back	7.13602352e+01	1.99008159e+03	4.00535060e+02
0.32            	bottom	6.23539389e-01	2.42128518e+03	9.34323192e+02
0.32            	front	7.13598466e+01	1.99007744e+03	4.00533695e+02
0.34            	left	6.89817735e+01	8.69504295e+01	8.44585791e+01
0.34            	right	7.35558344e+01	1.29108203e+03	7.25809661e+02
0.34            	stlSurface	7.02253407e-01	3.80915404e+01	1.58018885e+01
0.34            	back	6.89821476e+01	2.02264566e+03	3.96400707e+02
0.34            	bottom	6.66179851e-01	2.45568809e+03	9.65782582e+02
0.34            	front	6.89817735e+01	2.02264150e+03	3.96398830e+02
0.36            	left	6.67610336e+01	8.55635259e+01	8.29308137e+01
0.36            	right	7.15396969e+01	1.26892420e+03	7.09128014e+02
0.36            	stlSurface	7.58185603e-01	4.01927309e+01	1.59685336e+01
0.36            	back	6.67614023e+01	2.06835150e+03	3.93326626e+02
0.36            	bottom	7.19238905e-01	2.48458369e+03	9.98620182e+02
0.36            	front	6.67610336e+01	2.06834985e+03	3.93324155e+02
0.38            	left	6.46830377e+01	8.43038185e+01	8.15329885e+01
0.38            	right	6.96954169e+01	1.24791257e+03	6.89430496e+02
0.38            	stlSurface	8.25445688e-01	4.30901448e+01	1.63631148e+01
0.38            	back	6.46833974e+01	2.12264043e+03	3.90343165e+02
0.38            	bottom	7.83043955e-01	2.50845510e+03	1.03176555e+03
0.38            	front	6.46830377e+01	2.12263590e+03	3.90340318e+02
0.4             	left	6.27350439e+01	8.31618308e+01	8.02546328e+01
0.4             	right	6.80396148e+01	1.22669219e+03	6.54518950e+02
0.4             	stlSurface	9.07166229e-01	4.69445435e+01	1.70100996e+01
0.4             	back	6.27353991e+01	2.18650684e+03	3.88152546e+02
0.4             	bottom	8.60566651e-01	2.52812962e+03	1.06536502e+03
0.4             	front	6.27350439e+01	2.18650342e+03	3.88149559e+02
0.42            	left	6.09058167e+01	8.21271778e+01	7.90862636e+01
0.42            	right	6.65544798e+01	1.20413141e+03	6.42648222e+02
0.42            	stlSurface	1.00569027e+00	5.41671477e+01	1.83506648e+01
0.42            	back	6.09061640e+01	2.25057540e+03	3.87039102e+02
0.42            	bottom	9.54029683e-01	2.54292528e+03	1.09999787e+03
0.42            	front	6.09058167e+01	2.25057230e+03	3.87035987e+02
0.44            	left	5.91854259e+01	8.11915568e+01	7.80194859e+01
0.44            	right	6.51841665e+01	1.18733579e+03	6.31337170e+02
0.44            	stlSurface	1.11004568e+00	1.16498668e+02	2.42591168e+01
0.44            	back	5.91857575e+01	2.31156744e+03	3.85896705e+02
0.44            	bottom	1.05302453e+00	2.55357020e+03	1.13926539e+03
0.44            	front	5.91854259e+01	2.31156658e+03	3.85893030e+02
0.46            	left	5.75649239e+01	8.03465624e+01	7.70444158e+01
0.46            	right	6.38574447e+01	1.17141369e+03	6.20335255e+02
0.46            	stlSurface	1.18919252e+00	1.39451612e+03	1.49526678e+02
0.46            	back	5.75652348e+01	2.36781001e+03	3.84918255e+02
0.46            	bottom	1.12810573e+00	2.56100468e+03	1.18607884e+03
0.46            	front	5.75649239e+01	2.36780032e+03	3.84914898e+02
0.48            	left	5.60360005e+01	7.95742423e+01	7.61430779e+01
0.48            	right	6.26339761e+01	1.15604467e+03	6.08733365e+02
0.48            	stlSurface	1.36731966e+00	2.26852354e+03	3.49553251e+02
0.48            	back	5.60362869e+01	2.41521346e+03	3.84206247e+02
0.48            	bottom	1.29708296e+00	2.56515213e+03	1.21904596e+03
0.48            	front	5.60360005e+01	2.41520673e+03	3.84203490e+02
0.5             	left	5.45909446e+01	7.88376935e+01	7.52797036e+01
0.5             	right	6.14966668e+01	1.14008029e+03	5.91049536e+02
0.5             	stlSurface	1.60581021e+00	1.99858044e+03	3.05538027e+02
0.5             	back	5.45912250e+01	2.44992990e+03	3.83180047e+02
0.5             	bottom	1.52332269e+00	2.84284661e+03	1.24650824e+03
0.5             	front	5.45909446e+01	2.44998663e+03	3.83178101e+02
0.52            	left	5.32254876e+01	7.81134652e+01	7.44362860e+01
0.52            	right	5.98951426e+01	1.12150631e+03	5.64609399e+02
0.52            	stlSurface	1.72962923e+00	1.93845529e+03	3.30156124e+02
0.52            	back	5.32257314e+01	2.50627774e+03	3.82782559e+02
0.52            	bottom	1.64078114e+00	3.68928617e+03	1.27270612e+03
0.52            	front	5.32254876e+01	2.50639231e+03	3.82782548e+02
0.54            	left	5.19393215e+01	7.73914171e+01	7.36080040e+01
0.54            	right	5.89997728e+01	1.10846596e+03	5.56270259e+02
0.54            	stlSurface	2.08601434e+00	1.85701199e+03	3.16373810e+02
0.54            	back	5.19395286e+01	2.56882083e+03	3.82534748e+02
0.54            	bottom	1.97885935e+00	4.92051003e+03	1.29191366e+03
0.54            	front	5.19393215e+01	2.56895872e+03	3.82536534e+02
0.56            	left	5.07371339e+01	7.67766966e+01	7.28061852e+01
0.56            	right	5.81467088e+01	1.09580085e+03	5.47899718e+02
0.56            	stlSurface	2.42054308e+00	1.91255973e+03	3.06444726e+02
0.56            	back	5.07373208e+01	2.62136071e+03	3.83016915e+02
0.56            	bottom	2.29620422e+00	5.14611322e+03	1.31064548e+03
0.56            	front	5.07371339e+01	2.62153364e+03	3.83019977e+02
0.58            	left	4.96316524e+01	7.64101972e+01	7.20502967e+01
0.58            	right	5.73592033e+01	1.08303517e+03	5.37793920e+02
0.58            	stlSurface	2.55152651e+00	1.98066155e+03	3.00968439e+02
0.58            	back	4.96318376e+01	2.66990155e+03	3.83370093e+02
0.58            	bottom	2.42045927e+00	5.46269510e+03	1.33010170e+03
0.58            	front	4.96316524e+01	2.67013093e+03	3.83374846e+02
0.6             	left	4.86549005e+01	7.63803544e+01	7.13829063e+01
0.6             	right	5.66776742e+01	1.06829701e+03	5.07638908e+02
0.6             	stlSurface	2.59481116e+00	2.07731044e+03	2.96357811e+02
0.6             	back	4.86551165e+01	2.71507528e+03	3.83635181e+02
0.6             	bottom	2.46152047e+00	5.20583224e+03	1.35242148e+03
0.6             	front	4.86549005e+01	2.71534290e+03	3.83638946e+02
0.62            	left	4.79007448e+01	7.67578210e+01	7.08611945e+01
0.62            	right	5.49002525e+01	1.05547144e+03	5.01030335e+02
0.62            	stlSurface	2.58193296e+00	1.99199070e+03	2.86200262e+02
0.62            	back	4.79010141e+01	2.74411846e+03	3.85817215e+02
0.62            	bottom	2.44930381e+00	4.89065347e+03	1.37514575e+03
0.62            	front	4.79007448e+01	2.74441532e+03	3.85812628e+02
0.64            	left	4.78394490e+01	7.75509526e+01	7.06366389e+01
0.64            	right	5.42844338e+01	1.04466677e+03	4.94366247e+02
0.64            	stlSurface	2.54239475e+00	1.84557408e+03	2.77931127e+02
0.64            	back	4.78399458e+01	2.76941056e+03	3.89204567e+02
0.64            	bottom	2.41179628e+00	4.68964550e+03	1.39831949e+03
0.64            	front	4.78394490e+01	2.76976796e+03	3.89171007e+02
0.66            	left	4.76266209e+01	3.72886383e+02	7.67909676e+01
0.66            	right	5.37391467e+01	1.03374117e+03	4.86170926e+02
0.66            	stlSurface	2.50453462e+00	1.79059188e+03	2.74531877e+02
0.66            	back	5.34062787e+01	2.78957310e+03	3.94405234e+02
0.66            	bottom	2.37588128e+00	4.56355694e+03	1.41931549e+03
0.66            	front	5.34051973e+01	2.78996564e+03	3.94313662e+02
0.68            	left	4.73831049e+01	2.83273626e+03	2.05250102e+02
0.68            	right	5.33040583e+01	1.02068279e+03	4.57998484e+02
0.68            	stlSurface	2.49945093e+00	1.76465736e+03	2.71984200e+02
0.68            	back	5.27645903e+01	2.80540434e+03	4.00476114e+02
0.68            	bottom	2.37105873e+00	4.45219908e+03	1.43733901e+03
0.68            	front	5.27609236e+01	2.80579674e+03	4.00270294e+02
0.7             	left	5.21130649e+01	4.03032794e+03	4.61260125e+02
0.7             	right	5.16986449e+01	1.00945867e+03	4.52614127e+02
0.7             	stlSurface	2.54404127e+00	1.72392749e+03	2.68628548e+02
0.7             	back	5.16988016e+01	2.83025919e+03	4.10352797e+02
0.7             	bottom	2.24534706e+00	4.37969113e+03	1.43831241e+03
0.7             	front	5.16986449e+01	2.83002396e+03	4.09888574e+02
0.72            	left	5.15461825e+01	4.99558640e+03	8.11440510e+02
0.72            	right	5.12728630e+01	1.00000592e+03	4.47013416e+02
0.72            	stlSurface	2.61568957e+00	1.67447640e+03	2.65687028e+02
0.72            	back	5.12730251e+01	2.90198024e+03	4.24427901e+02
0.72            	bottom	2.21665285e+00	4.32654364e+03	1.42981512e+03
0.72            	front	5.12728630e+01	2.90169307e+03	4.23567106e+02
0.74            	left	5.10733126e+01	5.51513302e+03	1.21396459e+03
0.74            	right	5.09368915e+01	9.90152642e+02	4.38864060e+02
0.74            	stlSurface	2.70992205e+00	1.65761660e+03	2.63664930e+02
0.74            	back	5.09370414e+01	3.04786529e+03	4.47505911e+02
0.74            	bottom	2.38319943e+00	4.27349270e+03	1.42174672e+03
0.74            	front	5.09368915e+01	3.04668861e+03	4.46176609e+02
0.76            	left	5.07037974e+01	5.65067872e+03	1.62151774e+03
0.76            	right	4.95075256e+01	9.77125969e+02	4.13937557e+02
0.76            	stlSurface	2.80492034e+00	1.64622277e+03	2.62005814e+02
0.76            	back	4.95076265e+01	3.27089681e+03	4.82023515e+02
0.76            	bottom	2.59902508e+00	4.25749174e+03	1.41419314e+03
0.76            	front	4.95075256e+01	3.19810942e+03	4.80068557e+02
0.78            	left	5.04419004e+01	5.77627491e+03	2.01003042e+03
0.78            	right	4.91688127e+01	9.68169915e+02	4.09431920e+02
0.78            	stlSurface	2.88881951e+00	1.62295707e+03	2.60273111e+02
0.78            	back	4.91689294e+01	3.75360949e+03	5.25984881e+02
0.78            	bottom	2.74042615e+00	4.21314873e+03	1.40656882e+03
0.78            	front	4.91688127e+01	3.69969961e+03	5.23720218e+02
0.8             	left	5.03348127e+01	5.97949512e+03	2.35207400e+03
0.8             	right	4.89224126e+01	9.59725530e+02	4.04358289e+02
0.8             	stlSurface	2.95162851e+00	1.60839950e+03	2.58647476e+02
0.8             	back	4.89225586e+01	4.74120422e+03	5.70361589e+02
0.8             	bottom	2.80000877e+00	4.22272424e+03	1.39966174e+03
0.8             	front	4.89224126e+01	4.52419630e+03	5.68184633e+02
0.82            	left	5.05410403e+01	6.11808226e+03	2.63313453e+03
0.82            	right	4.87674140e+01	9.50337885e+02	3.93233529e+02
0.82            	stlSurface	2.99986767e+00	1.60340231e+03	2.57317401e+02
0.82            	back	4.87676232e+01	4.98830275e+03	6.15019009e+02
0.82            	bottom	2.84576998e+00	4.37379319e+03	1.39368398e+03
0.82            	front	4.87674140e+01	5.01773041e+03	6.12167881e+02
0.84            	left	5.30322078e+01	6.09741856e+03	2.89088961e+03
0.84            	right	4.73110475e+01	9.37723582e+02	3.74248438e+02
0.84            	stlSurface	3.03441648e+00	1.59929625e+03	2.56053550e+02
0.84            	back	4.73111685e+01	5.02452989e+03	6.57686161e+02
0.84            	bottom	2.87854407e+00	4.29085209e+03	1.38882788e+03
0.84            	front	4.73110475e+01	5.03207917e+03	6.53444059e+02
0.86            	left	6.79244610e+01	6.09835955e+03	3.10655639e+03
0.86            	right	4.71175593e+01	9.30038646e+02	3.70336393e+02
0.86            	stlSurface	3.06680992e+00	1.59299481e+03	2.54977726e+02
0.86            	back	4.71177164e+01	5.14909941e+03	6.94596866e+02
0.86            	bottom	2.90927352e+00	4.31476266e+03	1.38421216e+03
0.86            	front	4.71175593e+01	5.16480953e+03	6.89784150e+02
0.88            	left	6.79413345e+01	6.01905003e+03	3.27444077e+03
0.88            	right	4.70003117e+01	9.22336772e+02	3.65254334e+02
0.88            	stlSurface	3.09555646e+00	1.59399122e+03	2.54406413e+02
0.88            	back	4.70005059e+01	5.52476939e+03	7.21314886e+02
0.88            	bottom	2.93654341e+00	4.19784370e+03	1.38092548e+03
0.88            	front	4.70003117e+01	5.51424284e+03	7.16525778e+02
0.9             	left	6.81777041e+01	5.79224627e+03	3.37834456e+03
0.9             	right	4.69737548e+01	9.13132489e+02	3.42362879e+02
0.9             	stlSurface	3.12810302e+00	1.59648146e+03	2.54032489e+02
0.9             	back	4.69739739e+01	5.42873589e+03	7.41579006e+02
0.9             	bottom	2.96741811e+00	4.20974029e+03	1.38078505e+03
0.9             	front	4.69737548e+01	5.47534038e+03	7.38298698e+02
0.92            	left	6.88061402e+01	5.48835378e+03	3.42974000e+03
0.92            	right	4.54325787e+01	9.00984857e+02	3.38051310e+02
0.92            	stlSurface	3.16766206e+00	1.59147470e+03	2.52536975e+02
0.92            	back	4.54327095e+01	5.29824160e+03	7.55079277e+02
0.92            	bottom	3.00494507e+00	4.18567186e+03	1.38098620e+03
0.92            	front	4.54325787e+01	5.35332988e+03	7.57469890e+02
0.94            	left	7.12148441e+01	5.11205192e+03	3.43351555e+03
0.94            	right	4.53435352e+01	8.93962935e+02	3.34582259e+02
0.94            	stlSurface	3.19929434e+00	1.56421291e+03	2.49860316e+02
0.94            	back	4.53436949e+01	5.11677528e+03	7.63679154e+02
0.94            	bottom	3.03495206e+00	4.20454978e+03	1.38181052e+03
0.94            	front	4.53435352e+01	5.13518530e+03	7.71120716e+02
0.96            	left	9.48416245e+01	5.30578055e+03	3.41471015e+03
0.96            	right	4.52979984e+01	8.86837705e+02	3.29402029e+02
0.96            	stlSurface	3.23625912e+00	1.54433079e+03	2.47154521e+02
0.96            	back	4.52981840e+01	4.91334570e+03	7.71193207e+02
0.96            	bottom	3.07001802e+00	4.06557100e+03	1.38379564e+03
0.96            	front	4.52979984e+01	5.09129300e+03	7.79088885e+02
0.98            	left	2.49719791e+02	5.02993117e+03	3.37809181e+03
0.98            	right	4.37759799e+01	8.77894615e+02	3.07542589e+02
0.98            	stlSurface	3.23240931e+00	1.53237342e+03	2.45238314e+02
0.98            	back	4.37760865e+01	5.15247335e+03	7.74233488e+02
0.98            	bottom	3.06636597e+00	4.07898647e+03	1.38606636e+03
0.98            	front	4.37759799e+01	5.20080975e+03	7.84715350e+02
1               	left	1.85072837e+02	4.90412615e+03	3.30646541e+03
1               	right	4.36866724e+01	8.65616291e+02	3.04762416e+02
1               	stlSurface	3.74393358e+00	1.52533570e+03	2.43878586e+02
1               	back	4.36868077e+01	5.23018028e+03	7.78814660e+02
1               	bottom	3.55161411e+00	4.03651156e+03	1.39016856e+03
1               	front	4.36866724e+01	5.26696576e+03	7.89583457e+02
1.02            	left	2.11244054e+02	4.97409530e+03	3.21434713e+03
1.02            	right	4.36424807e+01	8.59125132e+02	3.01746456e+02
1.02            	stlSurface	1.36598626e+01	1.51541231e+03	2.43015899e+02
1.02            	back	4.36426465e+01	5.15038378e+03	7.81680661e+02
1.02            	bottom	1.36598626e+01	4.07899632e+03	1.39634312e+03
1.02            	front	4.36424807e+01	5.15867188e+03	7.93702933e+02
1.04            	left	1.75924653e+02	5.12869984e+03	3.11379243e+03
1.04            	right	4.36395744e+01	8.52602394e+02	2.97315200e+02
1.04            	stlSurface	1.79503728e+01	1.50260058e+03	2.49723512e+02
1.04            	back	4.36397698e+01	5.10577715e+03	7.81013331e+02
1.04            	bottom	1.79503728e+01	4.20780411e+03	1.40630833e+03
1.04            	front	4.36395744e+01	5.36879121e+03	7.94883831e+02
1.06            	left	1.67260289e+02	5.03074414e+03	3.00716521e+03
1.06            	right	4.37403204e+01	8.44862600e+02	2.76458897e+02
1.06            	stlSurface	2.72870542e+01	1.49116227e+03	3.12398495e+02
1.06            	back	4.37405539e+01	5.16651299e+03	7.75883063e+02
1.06            	bottom	2.72870542e+01	4.12743855e+03	1.42019696e+03
1.06            	front	4.37403204e+01	5.08085135e+03	7.92645358e+02
1.08            	left	1.57718267e+02	4.83994636e+03	2.91947460e+03
1.08            	right	4.20772386e+01	8.33612196e+02	2.73971037e+02
1.08            	stlSurface	4.65429326e+01	1.49548193e+03	4.19061909e+02
1.08            	back	4.20773955e+01	5.37553268e+03	7.71212811e+02
1.08            	bottom	4.64863649e+01	4.18636167e+03	1.42655446e+03
1.08            	front	4.20772386e+01	5.25020599e+03	7.91983382e+02
1.1             	left	1.49112031e+02	4.74096156e+03	2.83572953e+03
1.1             	right	4.21231045e+01	8.24967772e+02	2.71474997e+02
1.1             	stlSurface	4.93284375e+01	2.62689847e+03	5.28073132e+02
1.1             	back	4.21232987e+01	5.53987434e+03	7.64717668e+02
1.1             	bottom	4.93284375e+01	4.06544933e+03	1.42548910e+03
1.1             	front	4.21231045e+01	5.43899385e+03	7.87906751e+02
1.12            	left	1.43014363e+02	4.44397713e+03	2.74870680e+03
1.12            	right	4.21479938e+01	8.19107564e+02	2.68379230e+02
1.12            	stlSurface	4.93160850e+01	2.24445662e+03	5.93253594e+02
1.12            	back	4.21482234e+01	5.65516153e+03	7.57522482e+02
1.12            	bottom	4.93160850e+01	4.18501597e+03	1.42669033e+03
1.12            	front	4.21479938e+01	5.59726415e+03	7.84710421e+02
1.14            	left	1.38546129e+02	4.16012503e+03	2.66930611e+03
1.14            	right	4.21612463e+01	8.12783725e+02	2.61607801e+02
1.14            	stlSurface	4.79523746e+01	2.03574645e+03	6.57244544e+02
1.14            	back	4.21615037e+01	5.77838219e+03	7.47956032e+02
1.14            	bottom	4.79523746e+01	4.33351321e+03	1.42414579e+03
1.14            	front	4.21612463e+01	5.72167306e+03	7.78534006e+02
1.16            	left	1.36641122e+02	3.98400300e+03	2.59299015e+03
1.16            	right	4.03063751e+01	8.04583901e+02	2.45322923e+02
1.16            	stlSurface	5.32367178e+01	2.06737307e+03	7.08065749e+02
1.16            	back	4.03065346e+01	5.91428102e+03	7.38112423e+02
1.16            	bottom	5.32367178e+01	4.29120573e+03	1.41770137e+03
1.16            	front	4.03063751e+01	5.78949905e+03	7.72106202e+02
1.18            	left	1.28258231e+02	3.94020142e+03	2.51968811e+03
1.18            	right	4.02989435e+01	7.93341680e+02	2.43261491e+02
1.18            	stlSurface	5.12915616e+01	2.10126909e+03	7.32101792e+02
1.18            	back	4.02991368e+01	6.02495988e+03	7.34031158e+02
1.18            	bottom	5.12915616e+01	4.27260833e+03	1.41027002e+03
1.18            	front	4.02989435e+01	6.00848254e+03	7.65964506e+02
1.2             	left	1.30647579e+02	4.01686738e+03	2.44819691e+03
1.2             	right	4.02936585e+01	7.85268852e+02	2.41062714e+02
1.2             	stlSurface	5.47201185e+01	2.30737939e+03	7.57821949e+02
1.2             	back	4.02938826e+01	6.02229904e+03	7.30037410e+02
1.2             	bottom	5.47201185e+01	4.51644578e+03	1.41107119e+03
1.2             	front	4.02936585e+01	6.07880352e+03	7.62522708e+02
1.22            	left	1.42439906e+02	4.11381333e+03	2.39394092e+03
1.22            	right	4.02874638e+01	7.79697971e+02	2.38322662e+02
1.22            	stlSurface	8.47124722e+01	2.32675515e+03	7.95428155e+02
1.22            	back	4.02877141e+01	5.89629529e+03	7.32106037e+02
1.22            	bottom	5.66679108e+01	4.87965424e+03	1.41859450e+03
1.22            	front	4.02874638e+01	6.00366981e+03	7.60788416e+02
1.24            	left	1.55344800e+02	4.18921730e+03	2.33305662e+03
1.24            	right	4.02547632e+01	7.73773708e+02	2.32970928e+02
1.24            	stlSurface	1.16206434e+02	2.12580653e+03	8.22089557e+02
1.24            	back	4.02550372e+01	5.80613799e+03	7.29208281e+02
1.24            	bottom	5.61864647e+01	5.78824000e+03	1.43144839e+03
1.24            	front	4.02547632e+01	5.85945246e+03	7.57156368e+02
1.26            	left	1.50057645e+02	4.14499022e+03	2.29090196e+03
1.26            	right	3.83243524e+01	7.66666373e+02	2.16822774e+02
1.26            	stlSurface	1.06674943e+02	1.92975580e+03	8.36326556e+02
1.26            	back	3.83245180e+01	5.67689164e+03	7.24203836e+02
1.26            	bottom	6.44552568e+01	7.76958574e+03	1.45770081e+03
1.26            	front	3.83243524e+01	5.69174892e+03	7.47138200e+02
1.28            	left	1.03715247e+02	4.01338646e+03	2.27812985e+03
1.28            	right	3.82867570e+01	7.57513866e+02	2.15075877e+02
1.28            	stlSurface	1.65932411e+02	1.92606206e+03	8.44281211e+02
1.28            	back	3.82869557e+01	5.52444730e+03	7.18987566e+02
1.28            	bottom	9.66743739e+01	8.55659001e+03	1.49253866e+03
1.28            	front	3.82867570e+01	5.50424475e+03	7.35426131e+02
1.3             	left	1.04011920e+02	4.41011875e+03	2.29771174e+03
1.3             	right	3.82536722e+01	7.45731245e+02	2.13273636e+02
1.3             	stlSurface	2.06917369e+02	1.94317180e+03	8.48059017e+02
1.3             	back	3.82539062e+01	5.35214312e+03	7.04978277e+02
1.3             	bottom	1.47660754e+02	8.40754594e+03	1.52415004e+03
1.3             	front	3.82536722e+01	5.28375185e+03	7.19198535e+02
1.32            	left	1.18074812e+02	4.86275939e+03	2.33278884e+03
1.32            	right	3.82183898e+01	7.40407852e+02	2.11307989e+02
1.32            	stlSurface	1.98002711e+02	2.05294406e+03	8.38835396e+02
1.32            	back	3.82186578e+01	5.12937048e+03	6.90090501e+02
1.32            	bottom	2.08505087e+02	7.86706041e+03	1.54658786e+03
1.32            	front	3.82183898e+01	5.04652603e+03	6.98431981e+02
1.34            	left	1.12061056e+02	5.24190871e+03	2.37323512e+03
1.34            	right	3.81641724e+01	7.35152358e+02	2.08764450e+02
1.34            	stlSurface	2.06391025e+02	1.95649277e+03	8.19672465e+02
1.34            	back	3.81644748e+01	4.96783109e+03	6.64959658e+02
1.34            	bottom	2.06391025e+02	8.03868275e+03	1.56432745e+03
1.34            	front	3.81641724e+01	4.94777855e+03	6.84560991e+02
1.36            	left	1.18384427e+02	5.57741246e+03	2.41231410e+03
1.36            	right	3.81029780e+01	7.29605848e+02	2.03946898e+02
1.36            	stlSurface	1.44924296e+02	1.82522345e+03	7.94171964e+02
1.36            	back	3.81033200e+01	4.88099399e+03	6.42599476e+02
1.36            	bottom	2.04146045e+02	7.92162626e+03	1.57562903e+03
1.36            	front	3.81029780e+01	5.05553101e+03	6.76470114e+02
1.38            	left	1.15872184e+02	5.84576477e+03	2.45036094e+03
1.38            	right	3.61018182e+01	7.23328481e+02	1.89134982e+02
1.38            	stlSurface	2.01813298e+02	1.72216281e+03	7.67841454e+02
1.38            	back	3.61020126e+01	4.83235082e+03	6.29115152e+02
1.38            	bottom	2.01813298e+02	7.61301791e+03	1.58091172e+03
1.38            	front	3.61018182e+01	5.49044781e+03	6.69570897e+02
1.4             	left	1.15639972e+02	6.11851128e+03	2.46240241e+03
1.4             	right	3.60170583e+01	7.15676565e+02	1.87666745e+02
1.4             	stlSurface	1.99433588e+02	1.70853645e+03	7.45164469e+02
1.4             	back	3.60173036e+01	5.23909428e+03	6.24569709e+02
1.4             	bottom	1.99433588e+02	7.31410872e+03	1.57964896e+03
1.4             	front	3.60170583e+01	5.75049051e+03	6.56894932e+02
1.42            	left	1.22482148e+02	6.14935476e+03	2.46365715e+03
1.42            	right	3.59312999e+01	7.06621384e+02	1.86176165e+02
1.42            	stlSurface	1.97052760e+02	1.70822447e+03	7.27236421e+02
1.42            	back	3.59315926e+01	5.43457811e+03	6.20006314e+02
1.42            	bottom	1.97052760e+02	7.04001343e+03	1.57362454e+03
1.42            	front	3.59312999e+01	5.79458927e+03	6.42563928e+02
1.44            	left	1.21076087e+02	6.14297872e+03	2.43259458e+03
1.44            	right	3.58434406e+01	6.96165666e+02	1.84630013e+02
1.44            	stlSurface	1.94708233e+02	1.72392576e+03	7.15072345e+02
1.44            	back	3.58437775e+01	5.38084008e+03	6.17583027e+02
1.44            	bottom	1.94708233e+02	6.76756788e+03	1.56363951e+03
1.44            	front	3.58434406e+01	5.81428379e+03	6.26828500e+02
1.46            	left	1.21517777e+02	6.02181230e+03	2.38381373e+03
1.46            	right	3.57560697e+01	6.91266131e+02	1.82940521e+02
1.46            	stlSurface	1.92427472e+02	1.73489950e+03	7.09378080e+02
1.46            	back	3.57564460e+01	5.27461346e+03	6.16561957e+02
1.46            	bottom	1.92427472e+02	6.52955424e+03	1.55189170e+03
1.46            	front	3.57560697e+01	5.51162581e+03	6.16601579e+02
1.48            	left	1.25843604e+02	5.93298611e+03	2.31441531e+03
1.48            	right	3.56655362e+01	6.86446188e+02	1.80825644e+02
1.48            	stlSurface	1.90228806e+02	1.74627024e+03	7.10242485e+02
1.48            	back	3.56659495e+01	4.60626120e+03	6.14883964e+02
1.48            	bottom	1.90228806e+02	6.32135604e+03	1.54008796e+03
1.48            	front	3.56655362e+01	4.30051589e+03	6.09882759e+02
1.5             	left	1.33896409e+02	5.72873261e+03	2.21768750e+03
1.5             	right	3.55838857e+01	6.81500602e+02	1.77438539e+02
1.5             	stlSurface	1.88135712e+02	1.75406893e+03	7.15595225e+02
1.5             	back	3.55843265e+01	4.25543114e+03	6.15548795e+02
1.5             	bottom	1.88135712e+02	6.15487988e+03	1.52798787e+03
1.5             	front	3.55838857e+01	4.22610448e+03	6.06561023e+02
1.52            	left	1.45097861e+02	5.48228199e+03	2.12645987e+03
1.52            	right	3.55042772e+01	6.76305272e+02	1.67839122e+02
1.52            	stlSurface	1.86165829e+02	1.75873843e+03	7.21266593e+02
1.52            	back	3.55047290e+01	4.19422172e+03	6.19094100e+02
1.52            	bottom	1.86165829e+02	6.02423040e+03	1.51666274e+03
1.52            	front	3.55042772e+01	4.16219821e+03	6.07749757e+02
1.54            	left	1.44178809e+02	5.15092470e+03	2.03459002e+03
1.54            	right	3.34780152e+01	6.70326128e+02	1.61556887e+02
1.54            	stlSurface	1.84307287e+02	1.76652750e+03	7.25034310e+02
1.54            	back	3.34782740e+01	4.12774828e+03	6.24235917e+02
1.54            	bottom	1.84307287e+02	5.99776104e+03	1.50623638e+03
1.54            	front	3.34780152e+01	4.10797321e+03	6.12479814e+02
1.56            	left	1.42881855e+02	4.89488192e+03	1.94110657e+03
1.56            	right	3.33792099e+01	6.63744332e+02	1.60340007e+02
1.56            	stlSurface	1.82530171e+02	1.82326935e+03	7.26810645e+02
1.56            	back	3.33795154e+01	4.24884896e+03	6.32781138e+02
1.56            	bottom	1.82530171e+02	5.97876226e+03	1.49650228e+03
1.56            	front	3.33792099e+01	4.70104639e+03	6.18218569e+02
1.58            	left	1.41245047e+02	4.39821128e+03	1.85127573e+03
1.58            	right	3.32930349e+01	6.56366958e+02	1.59113066e+02
1.58            	stlSurface	1.80802125e+02	1.89025996e+03	7.26938022e+02
1.58            	back	3.32933832e+01	4.74199053e+03	6.43983786e+02
1.58            	bottom	1.80802125e+02	5.95992436e+03	1.48715877e+03
1.58            	front	3.32930349e+01	5.39592133e+03	6.31905634e+02
1.6             	left	1.39330721e+02	4.08657319e+03	1.78240098e+03
1.6             	right	3.32085817e+01	6.47591834e+02	1.57861475e+02
1.6             	stlSurface	1.79087600e+02	1.93992528e+03	7.26214216e+02
1.6             	back	3.32089761e+01	5.61153452e+03	6.57621468e+02
1.6             	bottom	1.79087600e+02	5.92925244e+03	1.47846121e+03
1.6             	front	3.32085817e+01	6.05094438e+03	6.47488188e+02
1.62            	left	1.37214472e+02	4.15626996e+03	1.72660515e+03
1.62            	right	3.31202453e+01	6.38682201e+02	1.56553283e+02
1.62            	stlSurface	1.77352462e+02	1.98198432e+03	7.25509919e+02
1.62            	back	3.31206723e+01	6.22106474e+03	6.69114667e+02
1.62            	bottom	1.77352462e+02	5.91507957e+03	1.47058073e+03
1.62            	front	3.31202453e+01	6.77219659e+03	6.60239503e+02
1.64            	left	1.35049196e+02	4.19021399e+03	1.70528966e+03
1.64            	right	3.30248012e+01	6.34447993e+02	1.55110410e+02
1.64            	stlSurface	1.75582118e+02	2.01919830e+03	7.25296003e+02
1.64            	back	3.30252478e+01	6.77907983e+03	6.77309023e+02
1.64            	bottom	1.75582118e+02	5.89260825e+03	1.46363020e+03
1.64            	front	3.30248012e+01	6.67495437e+03	6.69877439e+02
1.66            	left	1.31143134e+02	4.23038608e+03	1.70225514e+03
1.66            	right	3.29252325e+01	6.30286114e+02	1.53334997e+02
1.66            	stlSurface	1.73749278e+02	2.05084960e+03	7.25556580e+02
1.66            	back	3.29256776e+01	6.95263090e+03	6.87108206e+02
1.66            	bottom	1.73749278e+02	5.86651990e+03	1.45749804e+03
1.66            	front	3.29252325e+01	6.55222708e+03	6.74770726e+02
1.68            	left	1.25289567e+02	4.24529285e+03	1.70113472e+03
1.68            	right	3.28194143e+01	6.26084909e+02	1.50771952e+02
1.68            	stlSurface	1.71829184e+02	2.07623799e+03	7.26069907e+02
1.68            	back	3.28199061e+01	6.82475607e+03	6.93086999e+02
1.68            	bottom	1.71829184e+02	5.85916898e+03	1.45193415e+03
1.68            	front	3.28194143e+01	6.52636854e+03	6.78850722e+02
1.7             	left	1.20740995e+02	4.24212894e+03	1.70861752e+03
1.7             	right	3.27082187e+01	6.21795383e+02	1.45678603e+02
1.7             	stlSurface	1.69802156e+02	2.09524517e+03	7.26486541e+02
1.7             	back	3.27087543e+01	6.54403361e+03	6.93509120e+02
1.7             	bottom	1.69802156e+02	5.84205961e+03	1.44663273e+03
1.7             	front	3.27082187e+01	6.26058955e+03	6.80590275e+02
1.72            	left	1.17065550e+02	4.24818388e+03	1.72454872e+03
1.72            	right	3.06464914e+01	6.17248826e+02	1.36194027e+02
1.72            	stlSurface	1.67660387e+02	2.10747247e+03	7.26419166e+02
1.72            	back	3.06467951e+01	6.25600952e+03	6.91838815e+02
1.72            	bottom	1.67660387e+02	5.84612475e+03	1.44138713e+03
1.72            	front	3.06464914e+01	5.87003076e+03	6.81854023e+02
1.74            	left	1.13921476e+02	4.24501483e+03	1.73072804e+03
1.74            	right	3.05390606e+01	6.12308562e+02	1.35240263e+02
1.74            	stlSurface	1.65400554e+02	2.11149070e+03	7.25722833e+02
1.74            	back	3.05394020e+01	5.99580558e+03	6.87979369e+02
1.74            	bottom	1.65400554e+02	5.85451191e+03	1.43608169e+03
1.74            	front	3.05390606e+01	5.58927580e+03	6.82646939e+02
1.76            	left	1.11085564e+02	4.23443499e+03	1.73291197e+03
1.76            	right	3.04353531e+01	6.07146240e+02	1.34292154e+02
1.76            	stlSurface	1.63022396e+02	2.10884951e+03	7.24286727e+02
1.76            	back	3.04357320e+01	5.71680230e+03	6.86606413e+02
1.76            	bottom	1.63022396e+02	5.86170978e+03	1.43071909e+03
1.76            	front	3.04353531e+01	5.41525462e+03	6.84612978e+02
1.78            	left	1.08435031e+02	4.21635295e+03	1.73327069e+03
1.78            	right	3.03336739e+01	6.01643340e+02	1.33346796e+02
1.78            	stlSurface	1.60528633e+02	2.10040718e+03	7.22115165e+02
1.78            	back	3.03340857e+01	5.40582015e+03	6.81634541e+02
1.78            	bottom	1.60528633e+02	5.86920582e+03	1.42539988e+03
1.78            	front	3.03336739e+01	5.18362746e+03	6.83745161e+02
1.8             	left	1.05924141e+02	4.18814882e+03	1.73102581e+03
1.8             	right	3.02313156e+01	5.95601586e+02	1.32399158e+02
1.8             	stlSurface	1.57926776e+02	2.09004027e+03	7.19156226e+02
1.8             	back	3.02317558e+01	5.23624004e+03	6.78012170e+02
1.8             	bottom	1.57926776e+02	5.87354625e+03	1.42026794e+03
1.8             	front	3.02313156e+01	5.24585532e+03	6.83206420e+02
1.82            	left	1.03661083e+02	4.15210652e+03	1.72127107e+03
1.82            	right	3.01285137e+01	5.88692460e+02	1.31440906e+02
1.82            	stlSurface	1.55228255e+02	2.07717251e+03	7.15423952e+02
1.82            	back	3.01289834e+01	5.05162686e+03	6.76223116e+02
1.82            	bottom	1.55228255e+02	5.87123650e+03	1.41542362e+03
1.82            	front	3.01285137e+01	5.18811361e+03	6.80738165e+02
1.84            	left	1.01668318e+02	4.11458937e+03	1.70391908e+03
1.84            	right	3.00219169e+01	5.80348224e+02	1.30457182e+02
1.84            	stlSurface	1.52443589e+02	2.06241380e+03	7.10948041e+02
1.84            	back	3.00224082e+01	4.85093853e+03	6.73114113e+02
1.84            	bottom	1.52443589e+02	5.85995288e+03	1.41083500e+03
1.84            	front	3.00219169e+01	4.86718075e+03	6.76520945e+02
1.86            	left	9.99298628e+01	4.06674046e+03	1.68066501e+03
1.86            	right	2.99085390e+01	5.71649400e+02	1.29419435e+02
1.86            	stlSurface	1.49588383e+02	2.04526275e+03	7.05725682e+02
1.86            	back	2.99090570e+01	4.64098717e+03	6.72231459e+02
1.86            	bottom	1.49588383e+02	5.84105559e+03	1.40630690e+03
1.86            	front	2.99085390e+01	4.56988420e+03	6.74812660e+02
1.88            	left	9.84328534e+01	4.02476076e+03	1.65348628e+03
1.88            	right	2.97878731e+01	5.68213222e+02	1.28266907e+02
1.88            	stlSurface	1.46677288e+02	2.02666656e+03	6.99724692e+02
1.88            	back	2.97884120e+01	4.54121589e+03	6.70722270e+02
1.88            	bottom	1.46677288e+02	5.83744214e+03	1.40152219e+03
1.88            	front	2.97878731e+01	4.39020954e+03	6.70512406e+02
1.9             	left	9.71738227e+01	3.98603743e+03	1.62470810e+03
1.9             	right	2.96520713e+01	5.64827372e+02	1.26898115e+02
1.9             	stlSurface	1.43727793e+02	2.00553011e+03	6.93044930e+02
1.9             	back	2.96526226e+01	4.70660669e+03	6.68592438e+02
1.9             	bottom	1.43727793e+02	5.82994417e+03	1.39613009e+03
1.9             	front	2.96520713e+01	4.71875362e+03	6.65461422e+02
1.92            	left	9.61519554e+01	3.94637268e+03	1.59755263e+03
1.92            	right	2.95131619e+01	5.61452703e+02	1.25112858e+02
1.92            	stlSurface	1.40757581e+02	1.98278763e+03	6.85740213e+02
1.92            	back	2.95137167e+01	4.88806017e+03	6.64951226e+02
1.92            	bottom	1.40757581e+02	5.82714714e+03	1.38988035e+03
1.92            	front	2.95131619e+01	4.77002309e+03	6.61032552e+02
1.94            	left	9.53606106e+01	3.90897259e+03	1.56751462e+03
1.94            	right	2.93670777e+01	5.58072390e+02	1.22380954e+02
1.94            	stlSurface	1.37779954e+02	1.96065812e+03	6.77978236e+02
1.94            	back	2.93676162e+01	5.03873422e+03	6.63235296e+02
1.94            	bottom	1.37779954e+02	5.78217854e+03	1.38272460e+03
1.94            	front	2.93670777e+01	4.85625793e+03	6.57974851e+02
1.96            	left	9.47802255e+01	3.86193693e+03	1.53651495e+03
1.96            	right	2.92028762e+01	5.54674164e+02	1.16789864e+02
1.96            	stlSurface	1.34817015e+02	1.93848817e+03	6.69950854e+02
1.96            	back	2.92033811e+01	5.01418210e+03	6.60258664e+02
1.96            	bottom	1.34817015e+02	5.70448186e+03	1.37465399e+03
1.96            	front	2.92028762e+01	4.81404676e+03	6.54535445e+02
1.98            	left	9.43086419e+01	3.80631560e+03	1.50314309e+03
1.98            	right	2.72385337e+01	5.51106238e+02	1.11266717e+02
1.98            	stlSurface	1.31883418e+02	1.91512995e+03	6.61697985e+02
1.98            	back	2.72388357e+01	5.01652567e+03	6.57863166e+02
1.98            	bottom	1.31883418e+02	5.60663072e+03	1.36569390e+03
1.98            	front	2.72385337e+01	4.84487741e+03	6.51493001e+02
2               	left	9.79030700e+01	3.74370419e+03	1.45886701e+03
2               	right	2.71144342e+01	5.47417110e+02	1.10546350e+02
2               	stlSurface	1.28991640e+02	1.89041354e+03	6.53396149e+02
2               	back	2.71147554e+01	5.00194611e+03	6.57652810e+02
2               	bottom	1.28991640e+02	5.49707444e+03	1.35596561e+03
2               	front	2.71144342e+01	4.92991658e+03	6.52291675e+02
2.02            	left	9.84908977e+01	3.67577677e+03	1.41645359e+03
2.02            	right	2.69931874e+01	5.43687599e+02	1.09828552e+02
2.02            	stlSurface	1.26160152e+02	1.86531958e+03	6.45203889e+02
2.02            	back	2.69935313e+01	5.05409898e+03	6.55944609e+02
2.02            	bottom	1.26160152e+02	5.38250736e+03	1.34564379e+03
2.02            	front	2.69931874e+01	5.00468297e+03	6.53136913e+02
2.04            	left	9.67001409e+01	3.60481815e+03	1.37504920e+03
2.04            	right	2.68750590e+01	5.39888783e+02	1.09112934e+02
2.04            	stlSurface	1.23401833e+02	1.84122804e+03	6.37181033e+02
2.04            	back	2.68754279e+01	5.16538746e+03	6.54490212e+02
2.04            	bottom	1.23401833e+02	5.26999531e+03	1.33488787e+03
2.04            	front	2.68750590e+01	5.14097174e+03	6.53720338e+02
2.06            	left	9.55182281e+01	3.53496624e+03	1.33143224e+03
2.06            	right	2.67530127e+01	5.35975534e+02	1.08398258e+02
2.06            	stlSurface	1.20725865e+02	1.81698020e+03	6.29409952e+02
2.06            	back	2.67534147e+01	5.23794626e+03	6.56039031e+02
2.06            	bottom	1.20725865e+02	5.15994527e+03	1.32390585e+03
2.06            	front	2.67530127e+01	5.26538748e+03	6.58812348e+02
2.08            	left	9.48655807e+01	3.46299682e+03	1.29065982e+03
2.08            	right	2.66343835e+01	5.31888770e+02	1.07683292e+02
2.08            	stlSurface	1.18143023e+02	1.79796460e+03	6.21821150e+02
2.08            	back	2.66348094e+01	5.39674830e+03	6.58463904e+02
2.08            	bottom	1.18143023e+02	5.04804447e+03	1.31287039e+03
2.08            	front	2.66343835e+01	5.72641962e+03	6.62163646e+02
2.1             	left	1.01075018e+02	3.38996490e+03	1.24754435e+03
2.1             	right	2.65135857e+01	5.27553178e+02	1.06965769e+02
2.1             	stlSurface	1.15657626e+02	1.78161650e+03	6.14411955e+02
2.1             	back	2.65140372e+01	5.40121031e+03	6.60358199e+02
2.1             	bottom	1.15657626e+02	4.93594442e+03	1.30194719e+03
2.1             	front	2.65135857e+01	5.77002288e+03	6.64576231e+02
2.12            	left	9.90009183e+01	3.31651285e+03	1.20264295e+03
2.12            	right	2.63914499e+01	5.22856522e+02	1.06242621e+02
2.12            	stlSurface	1.13276592e+02	1.76333557e+03	6.07104284e+02
2.12            	back	2.63919250e+01	5.72105622e+03	6.60020478e+02
2.12            	bottom	1.13276592e+02	4.82548192e+03	1.29127165e+03
2.12            	front	2.63914499e+01	5.65056907e+03	6.61625398e+02
2.14            	left	9.70466324e+01	3.24325631e+03	1.16492672e+03
2.14            	right	2.62679830e+01	5.17641583e+02	1.05509334e+02
2.14            	stlSurface	1.10628251e+02	1.74084457e+03	5.99888494e+02
2.14            	back	2.62684899e+01	5.70285982e+03	6.57029718e+02
2.14            	bottom	1.10628251e+02	4.71234512e+03	1.28095222e+03
2.14            	front	2.62679830e+01	5.51938484e+03	6.59240635e+02
2.16            	left	9.51138128e+01	3.17275772e+03	1.13436466e+03
2.16            	right	2.61393221e+01	5.11670125e+02	1.04750163e+02
2.16            	stlSurface	1.06560530e+02	1.71430094e+03	5.92845739e+02
2.16            	back	2.61398650e+01	5.45914021e+03	6.55039752e+02
2.16            	bottom	1.06560530e+02	4.59768322e+03	1.27106248e+03
2.16            	front	2.61393221e+01	5.34582977e+03	6.56954974e+02
2.18            	left	9.38680457e+01	3.10535078e+03	1.09148128e+03
2.18            	right	2.60079377e+01	5.04563043e+02	1.03960167e+02
2.18            	stlSurface	1.02515729e+02	1.68546031e+03	5.85932394e+02
2.18            	back	2.60085097e+01	5.25545544e+03	6.51907522e+02
2.18            	bottom	1.02515729e+02	4.48416924e+03	1.26164341e+03
2.18            	front	2.60079377e+01	5.14655000e+03	6.53598873e+02
2.2             	left	9.36307752e+01	3.03911204e+03	1.05398069e+03
2.2             	right	2.58745007e+01	4.95684406e+02	1.03128255e+02
2.2             	stlSurface	9.94756248e+01	1.65528937e+03	5.79080679e+02
2.2             	back	2.58751193e+01	5.05610181e+03	6.48188511e+02
2.2             	bottom	9.94756248e+01	4.39150977e+03	1.25272635e+03
2.2             	front	2.58745007e+01	4.97287914e+03	6.48408204e+02
2.22            	left	9.42702631e+01	2.97415751e+03	1.02442478e+03
2.22            	right	2.57386533e+01	4.89818354e+02	1.02210595e+02
2.22            	stlSurface	9.73773426e+01	1.62474696e+03	5.72257838e+02
2.22            	back	2.57393234e+01	4.86465032e+03	6.40801012e+02
2.22            	bottom	9.73773426e+01	4.31774865e+03	1.24433918e+03
2.22            	front	2.57386533e+01	4.78167054e+03	6.40315052e+02
2.24            	left	9.48838606e+01	2.91060851e+03	9.97130799e+02
2.24            	right	2.55976425e+01	4.87350594e+02	1.01010301e+02
2.24            	stlSurface	9.64092764e+01	1.59426436e+03	5.65493514e+02
2.24            	back	2.55983670e+01	4.67777275e+03	6.35743485e+02
2.24            	bottom	9.64092764e+01	4.25040751e+03	1.23650230e+03
2.24            	front	2.55976425e+01	4.55371315e+03	6.35873892e+02
2.26            	left	9.45531250e+01	2.84844885e+03	9.68475542e+02
2.26            	right	2.54545421e+01	4.84919894e+02	9.96698036e+01
2.26            	stlSurface	9.66678991e+01	1.56356719e+03	5.58756534e+02
2.26            	back	2.54553173e+01	4.52430543e+03	6.32353838e+02
2.26            	bottom	9.66678991e+01	4.18367650e+03	1.22920756e+03
2.26            	front	2.54545421e+01	4.41930258e+03	6.30720887e+02
2.28            	left	9.25407272e+01	2.78762670e+03	9.32006893e+02
2.28            	right	2.53121355e+01	4.82520582e+02	9.80977641e+01
2.28            	stlSurface	9.77374963e+01	1.53290474e+03	5.52010165e+02
2.28            	back	2.53129561e+01	4.33158280e+03	6.27908776e+02
2.28            	bottom	9.77374963e+01	4.11745496e+03	1.22243515e+03
2.28            	front	2.53121355e+01	4.28065375e+03	6.26145779e+02
2.3             	left	9.11430236e+01	2.72827454e+03	9.05525655e+02
2.3             	right	2.51663395e+01	4.80148265e+02	9.60749125e+01
2.3             	stlSurface	9.62437516e+01	1.50448633e+03	5.45298022e+02
2.3             	back	2.51671887e+01	4.17822887e+03	6.21964550e+02
2.3             	bottom	9.62437516e+01	4.05168764e+03	1.21616638e+03
2.3             	front	2.51663395e+01	4.16753504e+03	6.20341811e+02
2.32            	left	8.98179664e+01	2.67060723e+03	8.81515065e+02
2.32            	right	2.50141923e+01	4.77799138e+02	9.30696291e+01
2.32            	stlSurface	9.47308795e+01	1.47677349e+03	5.38649433e+02
2.32            	back	2.50150554e+01	4.03428119e+03	6.16473817e+02
2.32            	bottom	9.47308795e+01	3.99347523e+03	1.21039528e+03
2.32            	front	2.50141923e+01	4.06092176e+03	6.14072321e+02
2.34            	left	8.77675035e+01	2.61416457e+03	8.55986969e+02
2.34            	right	2.48514182e+01	4.75470206e+02	8.73314798e+01
2.34            	stlSurface	9.32657403e+01	1.44961316e+03	5.32057340e+02
2.34            	back	2.48522587e+01	3.95141143e+03	6.06998511e+02
2.34            	bottom	9.32657403e+01	3.93828372e+03	1.20510913e+03
2.34            	front	2.48514182e+01	3.98890165e+03	6.05384801e+02
2.36            	left	8.57997535e+01	2.55992680e+03	8.35477683e+02
2.36            	right	2.31370203e+01	4.73043533e+02	8.56384100e+01
2.36            	stlSurface	9.18385508e+01	1.42382417e+03	5.25484432e+02
2.36            	back	2.31376080e+01	3.89255884e+03	5.98927178e+02
2.36            	bottom	9.18385508e+01	3.88369143e+03	1.20029529e+03
2.36            	front	2.31370203e+01	3.92266242e+03	5.96642668e+02
2.38            	left	8.42365218e+01	2.50832959e+03	8.17498621e+02
2.38            	right	2.30071812e+01	4.70641453e+02	8.50330593e+01
2.38            	stlSurface	9.04396829e+01	1.39887370e+03	5.18917171e+02
2.38            	back	2.30077440e+01	3.84700921e+03	5.94330411e+02
2.38            	bottom	9.04396829e+01	3.82853552e+03	1.19594282e+03
2.38            	front	2.30071812e+01	3.84850577e+03	5.90331094e+02
2.4             	left	8.33898273e+01	2.45817438e+03	8.00890275e+02
2.4             	right	2.28838157e+01	4.68273665e+02	8.44530658e+01
2.4             	stlSurface	8.90576445e+01	1.37435578e+03	5.12360979e+02
2.4             	back	2.28843738e+01	3.79163601e+03	5.90790998e+02
2.4             	bottom	8.90576445e+01	3.77254665e+03	1.19203407e+03
2.4             	front	2.28838157e+01	3.76552655e+03	5.85169630e+02
2.42            	left	8.24617836e+01	2.41007787e+03	7.80617102e+02
2.42            	right	2.27629268e+01	4.65930221e+02	8.38974407e+01
2.42            	stlSurface	8.76837257e+01	1.35105016e+03	5.05846452e+02
2.42            	back	2.27635568e+01	3.74944512e+03	5.88186584e+02
2.42            	bottom	8.76837257e+01	3.71519550e+03	1.18854246e+03
2.42            	front	2.27629268e+01	3.68948978e+03	5.81215103e+02
2.44            	left	8.06484914e+01	2.36338352e+03	7.54391027e+02
2.44            	right	2.26456797e+01	4.63597548e+02	8.33654594e+01
2.44            	stlSurface	8.63152303e+01	1.32868908e+03	4.99349518e+02
2.44            	back	2.26464802e+01	3.70606458e+03	5.85496838e+02
2.44            	bottom	8.63152303e+01	3.65608773e+03	1.18545151e+03
2.44            	front	2.26456797e+01	3.63710523e+03	5.79094702e+02
2.46            	left	7.91282478e+01	2.31827189e+03	7.26834545e+02
2.46            	right	2.25257185e+01	4.61259601e+02	8.28560421e+01
2.46            	stlSurface	8.49478521e+01	1.30745721e+03	4.92980624e+02
2.46            	back	2.25267989e+01	3.79793764e+03	5.81943963e+02
2.46            	bottom	8.49478521e+01	3.59483957e+03	1.18277339e+03
2.46            	front	2.25257185e+01	3.76113612e+03	5.77092556e+02
2.48            	left	7.83116314e+01	2.27655619e+03	7.09691047e+02
2.48            	right	2.24071524e+01	4.58896537e+02	8.23681980e+01
2.48            	stlSurface	8.35809138e+01	1.28717075e+03	4.86694858e+02
2.48            	back	2.24086180e+01	3.92572371e+03	5.78606987e+02
2.48            	bottom	8.35809138e+01	3.53187140e+03	1.18050990e+03
2.48            	front	2.24071524e+01	3.88133649e+03	5.75029862e+02
2.5             	left	7.77722175e+01	2.23700949e+03	6.97854411e+02
2.5             	right	2.22922170e+01	4.56500986e+02	8.19014962e+01
2.5             	stlSurface	8.22171291e+01	1.26760135e+03	4.80453548e+02
2.5             	back	2.22941940e+01	3.98348527e+03	5.75541609e+02
2.5             	bottom	8.22171291e+01	3.46741518e+03	1.17865794e+03
2.5             	front	2.22922170e+01	4.00257247e+03	5.72793886e+02
2.52            	left	7.59155605e+01	2.19900828e+03	6.86482401e+02
2.52            	right	2.21758994e+01	4.54058348e+02	8.14551740e+01
2.52            	stlSurface	8.08548651e+01	1.24850481e+03	4.74305146e+02
2.52            	back	2.21785331e+01	3.98636532e+03	5.72042239e+02
2.52            	bottom	8.08548651e+01	3.40148854e+03	1.17720778e+03
2.52            	front	2.21758994e+01	4.07820755e+03	5.72087113e+02
2.54            	left	7.46996899e+01	2.16236783e+03	6.75483809e+02
2.54            	right	2.20614737e+01	4.51551655e+02	8.10287405e+01
2.54            	stlSurface	7.94959526e+01	1.22962534e+03	4.68203832e+02
2.54            	back	2.20649167e+01	3.93376279e+03	5.70225653e+02
2.54            	bottom	7.94959526e+01	3.33482082e+03	1.17614260e+03
2.54            	front	2.20614737e+01	4.12729948e+03	5.71125450e+02
2.56            	left	7.39835767e+01	2.12695673e+03	6.64709539e+02
2.56            	right	2.19495711e+01	4.48965562e+02	8.06218975e+01
2.56            	stlSurface	7.81422842e+01	1.21058353e+03	4.62134426e+02
2.56            	back	2.19540014e+01	3.83054391e+03	5.67536156e+02
2.56            	bottom	7.81422842e+01	3.27702589e+03	1.17543991e+03
2.56            	front	2.19495711e+01	4.14096535e+03	5.70306363e+02
2.58            	left	7.35647591e+01	2.09264343e+03	6.53742138e+02
2.58            	right	2.18395853e+01	4.46278410e+02	8.02342446e+01
2.58            	stlSurface	7.67936248e+01	1.19107563e+03	4.56096853e+02
2.58            	back	2.18452236e+01	3.73975250e+03	5.65070319e+02
2.58            	bottom	7.67936248e+01	3.21943046e+03	1.17506764e+03
2.58            	front	2.18395853e+01	4.10502397e+03	5.69242082e+02
2.6             	left	7.16885339e+01	2.06184640e+03	6.41026384e+02
2.6             	right	2.17393476e+01	4.43471278e+02	7.98658910e+01
2.6             	stlSurface	7.54593016e+01	1.17079316e+03	4.49998463e+02
2.6             	back	2.17464624e+01	3.66640451e+03	5.62883669e+02
2.6             	bottom	7.54593016e+01	3.16179538e+03	1.17499447e+03
2.6             	front	2.17393476e+01	4.02370033e+03	5.66641037e+02
2.62            	left	7.02605323e+01	2.03285370e+03	6.17029578e+02
2.62            	right	2.16416992e+01	4.40510281e+02	7.95163063e+01
2.62            	stlSurface	7.41417473e+01	1.14992628e+03	4.43993622e+02
2.62            	back	2.16507066e+01	3.67270872e+03	5.60224929e+02
2.62            	bottom	7.41417473e+01	3.10356000e+03	1.17520094e+03
2.62            	front	2.16416992e+01	3.91508143e+03	5.63819832e+02
2.64            	left	6.95357610e+01	2.00448795e+03	5.96015901e+02
2.64            	right	2.15454493e+01	4.37347384e+02	7.91847001e+01
2.64            	stlSurface	7.28391720e+01	1.12878506e+03	4.38205485e+02
2.64            	back	2.15568309e+01	3.66221291e+03	5.57006360e+02
2.64            	bottom	7.28391720e+01	3.04512956e+03	1.17564359e+03
2.64            	front	2.15454493e+01	3.79175379e+03	5.60333588e+02
2.66            	left	6.92894553e+01	1.97667847e+03	5.82714571e+02
2.66            	right	2.14505094e+01	4.33920455e+02	7.88702853e+01
2.66            	stlSurface	7.15528038e+01	1.10755229e+03	4.32641054e+02
2.66            	back	2.14670391e+01	3.63471697e+03	5.53372459e+02
2.66            	bottom	7.15528038e+01	2.98625408e+03	1.17627841e+03
2.66            	front	2.14505094e+01	3.66239773e+03	5.57339138e+02
2.68            	left	6.93081833e+01	1.94935338e+03	5.74602662e+02
2.68            	right	2.13570019e+01	4.30148509e+02	7.85720630e+01
2.68            	stlSurface	7.02840421e+01	1.08735813e+03	4.27264108e+02
2.68            	back	2.13844998e+01	3.58740703e+03	5.49303692e+02
2.68            	bottom	7.02840421e+01	2.92664498e+03	1.17707324e+03
2.68            	front	2.13570019e+01	3.59049779e+03	5.53816395e+02
2.7             	left	6.71439483e+01	1.92244216e+03	5.66751056e+02
2.7             	right	2.12700698e+01	4.25923780e+02	7.82887334e+01
2.7             	stlSurface	6.90351485e+01	1.06844507e+03	4.22038690e+02
2.7             	back	2.13135535e+01	3.51737570e+03	5.45633618e+02
2.7             	bottom	6.90351485e+01	2.86576700e+03	1.17800536e+03
2.7             	front	2.12700698e+01	3.54065162e+03	5.49155403e+02
2.72            	left	6.62016676e+01	1.89590899e+03	5.59091758e+02
2.72            	right	2.11897104e+01	4.21095498e+02	7.80183565e+01
2.72            	stlSurface	6.78066221e+01	1.05445804e+03	4.16969056e+02
2.72            	back	2.12556970e+01	3.43464988e+03	5.41851221e+02
2.72            	bottom	6.78066221e+01	2.80304243e+03	1.17904226e+03
2.72            	front	2.11897104e+01	3.50328819e+03	5.45541157e+02
2.74            	left	6.66383979e+01	1.86971560e+03	5.51517762e+02
2.74            	right	2.11172277e+01	4.15445106e+02	7.77579574e+01
2.74            	stlSurface	6.65983491e+01	1.04501323e+03	4.12079703e+02
2.74            	back	2.12158828e+01	3.34696294e+03	5.38286410e+02
2.74            	bottom	6.65983491e+01	2.74059001e+03	1.18015732e+03
2.74            	front	2.11172277e+01	3.45324272e+03	5.41561306e+02
2.76            	left	6.73922025e+01	1.84384508e+03	5.43744588e+02
2.76            	right	2.10550746e+01	4.08722066e+02	7.75050474e+01
2.76            	stlSurface	6.54106419e+01	1.03245856e+03	4.07388364e+02
2.76            	back	2.12027986e+01	3.26195135e+03	5.35095095e+02
2.76            	bottom	6.54106419e+01	2.67634179e+03	1.18134043e+03
2.76            	front	2.10550746e+01	3.38836665e+03	5.36156150e+02
2.78            	left	6.69838361e+01	1.81827318e+03	5.34722793e+02
2.78            	right	2.10073630e+01	4.00778064e+02	7.72618638e+01
2.78            	stlSurface	6.42436932e+01	1.02984237e+03	4.02853282e+02
2.78            	back	2.12340696e+01	3.17575147e+03	5.30362283e+02
2.78            	bottom	6.42436932e+01	2.61029980e+03	1.18259582e+03
2.78            	front	2.10073630e+01	3.33011916e+03	5.29173608e+02
2.8             	left	6.61469944e+01	1.79298978e+03	5.19734963e+02
2.8             	right	2.09800066e+01	3.95814801e+02	7.70311591e+01
2.8             	stlSurface	6.30975422e+01	1.01848070e+03	3.98410548e+02
2.8             	back	2.13475021e+01	3.09299737e+03	5.26090224e+02
2.8             	bottom	6.30975422e+01	2.54776449e+03	1.18394321e+03
2.8             	front	2.09800066e+01	3.25028922e+03	5.23627364e+02
2.82            	left	6.54859733e+01	1.76800853e+03	5.06982464e+02
2.82            	right	2.09852480e+01	3.94482975e+02	7.68244420e+01
2.82            	stlSurface	6.19722330e+01	1.00344735e+03	3.94053113e+02
2.82            	back	2.16604662e+01	3.01543077e+03	5.21106714e+02
2.82            	bottom	6.19722330e+01	2.48493634e+03	1.18541092e+03
2.82            	front	2.09852480e+01	3.18238770e+03	5.18673348e+02
2.84            	left	6.50061231e+01	1.74335695e+03	4.95072265e+02
2.84            	right	2.10449562e+01	3.93178208e+02	7.66747308e+01
2.84            	stlSurface	6.08679372e+01	9.86746367e+02	3.89820471e+02
2.84            	back	2.25748962e+01	2.94152919e+03	5.17949822e+02
2.84            	bottom	6.08679372e+01	2.42181984e+03	1.18702641e+03
2.84            	front	2.10449562e+01	3.10678105e+03	5.13710228e+02
2.86            	left	6.44405033e+01	1.71952142e+03	4.82983050e+02
2.86            	right	2.12114097e+01	3.91899942e+02	7.66481793e+01
2.86            	stlSurface	5.97842293e+01	9.69908625e+02	3.85757333e+02
2.86            	back	2.50351169e+01	2.87185737e+03	5.14318599e+02
2.86            	bottom	5.97842293e+01	2.35903602e+03	1.18881674e+03
2.86            	front	2.12114097e+01	3.02471025e+03	5.09514545e+02
2.88            	left	6.37724669e+01	1.69621292e+03	4.74650897e+02
2.88            	right	2.16360910e+01	3.90649564e+02	7.68422192e+01
2.88            	stlSurface	5.87210303e+01	9.54090617e+02	3.81843829e+02
2.88            	back	2.63033868e+01	2.81175961e+03	5.10258160e+02
2.88            	bottom	5.87210303e+01	2.29742291e+03	1.19079162e+03
2.88            	front	2.16360910e+01	2.94762803e+03	5.05191851e+02
2.9             	left	6.24409060e+01	1.67462162e+03	4.67103368e+02
2.9             	right	2.27917294e+01	3.89441690e+02	7.74587421e+01
2.9             	stlSurface	5.76788005e+01	9.42066280e+02	3.78063121e+02
2.9             	back	2.68457763e+01	2.77332332e+03	5.06769881e+02
2.9             	bottom	5.76788005e+01	2.23990808e+03	1.19296248e+03
2.9             	front	2.27917294e+01	2.86050419e+03	5.00678468e+02
2.92            	left	6.14229282e+01	1.65372470e+03	4.61358921e+02
2.92            	right	2.61638613e+01	3.88302575e+02	7.91929345e+01
2.92            	stlSurface	5.66574664e+01	9.30680619e+02	3.74374386e+02
2.92            	back	2.74389600e+01	2.74730454e+03	5.02921151e+02
2.92            	bottom	5.66574664e+01	2.19089951e+03	1.19534778e+03
2.92            	front	2.61638613e+01	2.77000705e+03	4.95930683e+02
2.94            	left	6.06286021e+01	1.63307379e+03	4.55668272e+02
2.94            	right	2.77542098e+01	7.34194906e+02	8.43786428e+01
2.94            	stlSurface	5.56569912e+01	9.20893470e+02	3.70752135e+02
2.94            	back	2.80700386e+01	2.72644321e+03	4.98724765e+02
2.94            	bottom	5.56569912e+01	2.14790456e+03	1.19796015e+03
2.94            	front	2.77542098e+01	2.71311430e+03	4.91994067e+02
2.96            	left	6.00322103e+01	1.61255652e+03	4.49933963e+02
2.96            	right	2.85613903e+01	1.25774295e+03	9.57191126e+01
2.96            	stlSurface	5.46771556e+01	9.10975671e+02	3.67178499e+02
2.96            	back	2.87075922e+01	2.70601546e+03	4.94841562e+02
2.96            	bottom	5.46771556e+01	2.10606246e+03	1.20081438e+03
2.96            	front	2.85613903e+01	2.66546530e+03	4.89134403e+02
2.98            	left	5.92347575e+01	1.59215789e+03	4.43886867e+02
2.98            	right	2.76212722e+01	1.54130226e+03	1.14885471e+02
2.98            	stlSurface	5.37165384e+01	9.01554094e+02	3.63688098e+02
2.98            	back	2.93360279e+01	2.68741804e+03	4.91051714e+02
2.98            	bottom	5.37165384e+01	2.06640271e+03	1.20393187e+03
2.98            	front	2.93620065e+01	2.62143944e+03	4.85890251e+02
3               	left	5.83029343e+01	1.57184879e+03	4.36625004e+02
3               	right	2.87142063e+01	1.63071868e+03	1.45032313e+02
3               	stlSurface	5.27751850e+01	8.92558371e+02	3.60320174e+02
3               	back	2.99514860e+01	2.67334616e+03	4.87807365e+02
3               	bottom	5.27751850e+01	2.05828972e+03	1.20732522e+03
3               	front	3.01196191e+01	2.60912804e+03	4.82697613e+02
3.02            	left	5.75163440e+01	1.55163825e+03	4.24600012e+02
3.02            	right	2.96106418e+01	2.24789908e+03	1.93714152e+02
3.02            	stlSurface	5.18531802e+01	8.84032140e+02	3.57136199e+02
3.02            	back	3.05389329e+01	2.66094351e+03	4.83988011e+02
3.02            	bottom	5.18531802e+01	2.05579610e+03	1.21100927e+03
3.02            	front	3.08195385e+01	2.59181018e+03	4.78649963e+02
3.04            	left	5.66979207e+01	1.53154281e+03	4.13275512e+02
3.04            	right	3.11062785e+01	4.32165950e+03	2.75212451e+02
3.04            	stlSurface	5.09500211e+01	8.75814840e+02	3.54194256e+02
3.04            	back	3.11134142e+01	2.64798680e+03	4.79215265e+02
3.04            	bottom	5.09500211e+01	2.05212783e+03	1.21499780e+03
3.04            	front	3.14706993e+01	2.57181873e+03	4.74693195e+02
3.06            	left	5.59057000e+01	1.51157867e+03	4.01743306e+02
3.06            	right	3.16503920e+01	4.70631661e+03	3.96230764e+02
3.06            	stlSurface	5.00650768e+01	8.67821733e+02	3.51525550e+02
3.06            	back	3.16503920e+01	2.63326254e+03	4.75592892e+02
3.06            	bottom	5.00650768e+01	2.04732114e+03	1.21930316e+03
3.06            	front	3.20818640e+01	2.58513619e+03	4.69817486e+02
3.08            	left	5.51396586e+01	1.49176188e+03	3.93370306e+02
3.08            	right	3.21669676e+01	5.03780271e+03	5.55307031e+02
3.08            	stlSurface	4.91977048e+01	8.59796204e+02	3.49106602e+02
3.08            	back	3.21669676e+01	2.61209834e+03	4.74092276e+02
3.08            	bottom	4.91977048e+01	2.04435932e+03	1.22392168e+03
3.08            	front	3.26665815e+01	2.64048057e+03	4.66452191e+02
3.1             	left	5.43996747e+01	1.47210189e+03	3.85921469e+02
3.1             	right	3.26615570e+01	5.20280601e+03	7.19632618e+02
3.1             	stlSurface	4.83471062e+01	8.51839443e+02	3.46890016e+02
3.1             	back	3.26615570e+01	2.58362822e+03	4.73022995e+02
3.1             	bottom	4.83471062e+01	2.04008675e+03	1.22882404e+03
3.1             	front	3.32270088e+01	2.68367442e+03	4.65999661e+02
3.12            	left	5.36860474e+01	1.45260510e+03	3.81426230e+02
3.12            	right	3.31344773e+01	5.64566670e+03	8.85139366e+02
3.12            	stlSurface	4.75127566e+01	8.47607286e+02	3.44833514e+02
3.12            	back	3.31344773e+01	2.56764857e+03	4.72797802e+02
3.12            	bottom	4.75127566e+01	2.03465187e+03	1.23394500e+03
3.12            	front	3.37629416e+01	2.70675956e+03	4.66600992e+02
3.14            	left	5.29977112e+01	1.43328467e+03	3.76989539e+02
3.14            	right	3.35880825e+01	5.66904436e+03	1.04472118e+03
3.14            	stlSurface	4.66942290e+01	8.45435350e+02	3.42904338e+02
3.14            	back	3.35880825e+01	2.57763580e+03	4.72475451e+02
3.14            	bottom	4.66942290e+01	2.03130978e+03	1.23917771e+03
3.14            	front	3.42868718e+01	2.71274049e+03	4.67642761e+02
3.16            	left	5.23272903e+01	1.41415387e+03	3.72604760e+02
3.16            	right	3.40259606e+01	5.68868575e+03	1.19816338e+03
3.16            	stlSurface	4.58910860e+01	8.44135222e+02	3.41078185e+02
3.16            	back	3.40259606e+01	2.58067824e+03	4.73157302e+02
3.16            	bottom	4.58910860e+01	2.02936613e+03	1.24437933e+03
3.16            	front	3.48015450e+01	2.70155687e+03	4.70234304e+02
3.18            	left	5.16100373e+01	1.39524073e+03	3.68256616e+02
3.18            	right	3.44511154e+01	5.71842481e+03	1.34798751e+03
3.18            	stlSurface	4.51028141e+01	8.41924226e+02	3.39335583e+02
3.18            	back	3.44511154e+01	2.56972898e+03	4.74444586e+02
3.18            	bottom	4.51028141e+01	2.02576774e+03	1.24939426e+03
3.18            	front	3.53126675e+01	2.66946406e+03	4.73765571e+02
3.2             	left	5.09222034e+01	1.37653449e+03	3.63905321e+02
3.2             	right	3.48686273e+01	5.68054755e+03	1.49413633e+03
3.2             	stlSurface	4.43296905e+01	8.38701985e+02	3.37641828e+02
3.2             	back	3.48686273e+01	2.54234828e+03	4.75141153e+02
3.2             	bottom	4.43296905e+01	2.02074357e+03	1.25408678e+03
3.2             	front	3.58037666e+01	2.99516504e+03	4.76425600e+02
3.22            	left	5.02560430e+01	1.35805806e+03	3.59467734e+02
3.22            	right	3.52478589e+01	5.53086461e+03	1.63663875e+03
3.22            	stlSurface	4.35718626e+01	8.34894365e+02	3.35977437e+02
3.22            	back	3.52478589e+01	2.61726327e+03	4.75355507e+02
3.22            	bottom	4.35718626e+01	2.01503931e+03	1.25830316e+03
3.22            	front	3.62687677e+01	3.21747096e+03	4.78588840e+02
3.24            	left	4.96108961e+01	1.33982217e+03	3.54693371e+02
3.24            	right	3.55861790e+01	6.02157834e+03	1.76574207e+03
3.24            	stlSurface	4.28290570e+01	8.29904689e+02	3.34325873e+02
3.24            	back	3.55861790e+01	2.82483112e+03	4.75434477e+02
3.24            	bottom	4.28290570e+01	2.01753541e+03	1.26191685e+03
3.24            	front	3.68111819e+01	3.21426793e+03	4.80604602e+02
3.26            	left	4.89863048e+01	1.32184034e+03	3.48884332e+02
3.26            	right	3.59546201e+01	6.09457462e+03	1.88562860e+03
3.26            	stlSurface	4.21013465e+01	8.24220120e+02	3.32660532e+02
3.26            	back	3.59546201e+01	2.87473303e+03	4.75884296e+02
3.26            	bottom	4.21013465e+01	2.04774678e+03	1.26481556e+03
3.26            	front	3.74707294e+01	3.18220925e+03	4.81919939e+02
3.28            	left	4.83817223e+01	1.30413143e+03	3.39374886e+02
3.28            	right	3.63826603e+01	6.06824994e+03	1.99953052e+03
3.28            	stlSurface	4.13889539e+01	8.20824543e+02	3.30964339e+02
3.28            	back	3.63826603e+01	2.85888981e+03	4.76410134e+02
3.28            	bottom	4.13889539e+01	2.06867710e+03	1.26689383e+03
3.28            	front	3.83189402e+01	3.19804604e+03	4.83129383e+02
3.3             	left	4.77964592e+01	1.28671662e+03	3.26631261e+02
3.3             	right	3.68908825e+01	5.96293148e+03	2.09673446e+03
3.3             	stlSurface	4.06922259e+01	8.17450686e+02	3.29226111e+02
3.3             	back	3.68908825e+01	2.86443281e+03	4.75733490e+02
3.3             	bottom	4.06922259e+01	2.08488544e+03	1.26805107e+03
3.3             	front	3.94812447e+01	3.16298334e+03	4.84170981e+02
3.32            	left	4.72296357e+01	1.26963157e+03	3.18027384e+02
3.32            	right	3.74948313e+01	5.75758428e+03	2.17725184e+03
3.32            	stlSurface	4.00114831e+01	8.14261036e+02	3.27459605e+02
3.32            	back	3.74948313e+01	2.82349006e+03	4.75517586e+02
3.32            	bottom	4.00114831e+01	2.09029633e+03	1.26818751e+03
3.32            	front	4.11389519e+01	3.33410493e+03	4.84785488e+02
3.34            	left	4.66803005e+01	1.25287493e+03	3.11731761e+02
3.34            	right	3.81881338e+01	5.59356766e+03	2.22989734e+03
3.34            	stlSurface	3.93473433e+01	8.10907696e+02	3.25667187e+02
3.34            	back	3.81881338e+01	2.87471903e+03	4.74208113e+02
3.34            	bottom	3.93473433e+01	2.08882563e+03	1.26724631e+03
3.34            	front	4.35358785e+01	3.39806963e+03	4.84922601e+02
3.36            	left	4.61475718e+01	1.23645008e+03	3.08398311e+02
3.36            	right	3.89213005e+01	5.37517713e+03	2.25965894e+03
3.36            	stlSurface	3.87004425e+01	8.07177937e+02	3.23867888e+02
3.36            	back	3.89213005e+01	2.94937924e+03	4.72079851e+02
3.36            	bottom	3.87004425e+01	2.07786265e+03	1.26522639e+03
3.36            	front	4.65395295e+01	3.45884746e+03	4.85590185e+02
3.38            	left	4.56307896e+01	1.22035472e+03	3.05131125e+02
3.38            	right	3.96044871e+01	5.13789456e+03	2.27159045e+03
3.38            	stlSurface	3.80712151e+01	8.03171257e+02	3.22088862e+02
3.38            	back	3.96044871e+01	2.92942197e+03	4.69243736e+02
3.38            	bottom	3.80712151e+01	2.06336946e+03	1.26218135e+03
3.38            	front	4.64753739e+01	3.41606913e+03	4.85297519e+02
3.4             	left	4.51281069e+01	1.20457861e+03	3.01926983e+02
3.4             	right	4.01625355e+01	5.18335536e+03	2.26660255e+03
3.4             	stlSurface	3.74600279e+01	7.98979240e+02	3.20358501e+02
3.4             	back	4.01625355e+01	2.99453535e+03	4.66575645e+02
3.4             	bottom	3.74600279e+01	2.04016582e+03	1.25820536e+03
3.4             	front	4.64247603e+01	3.20400308e+03	4.83682389e+02
3.42            	left	4.46307476e+01	1.18911202e+03	2.98785166e+02
3.42            	right	4.05365842e+01	5.13909070e+03	2.24892003e+03
3.42            	stlSurface	3.68673641e+01	7.94758567e+02	3.18705735e+02
3.42            	back	4.05365842e+01	2.90317950e+03	4.63618063e+02
3.42            	bottom	3.68673641e+01	2.01108743e+03	1.25346364e+03
3.42            	front	4.61002249e+01	2.90661764e+03	4.81951814e+02
3.44            	left	4.41480709e+01	1.17394498e+03	2.95703724e+02
3.44            	right	4.06706480e+01	4.92975346e+03	2.21808714e+03
3.44            	stlSurface	3.62931251e+01	7.90405456e+02	3.17151373e+02
3.44            	back	4.06706480e+01	2.83080397e+03	4.61708989e+02
3.44            	bottom	3.62931251e+01	1.97829763e+03	1.24815917e+03
3.44            	front	4.55966062e+01	2.83946509e+03	4.81842288e+02
3.46            	left	4.36795251e+01	1.15972460e+03	2.92679047e+02
3.46            	right	4.05353281e+01	4.65074492e+03	2.17677396e+03
3.46            	stlSurface	3.57360289e+01	7.85949525e+02	3.15698025e+02
3.46            	back	4.05353281e+01	2.82482632e+03	4.60000638e+02
3.46            	bottom	3.57360289e+01	1.94425325e+03	1.24239884e+03
3.46            	front	4.51024891e+01	2.72236228e+03	4.81588099e+02
3.48            	left	4.32245262e+01	1.14623508e+03	2.89705904e+02
3.48            	right	4.01178163e+01	4.40122751e+03	2.12873473e+03
3.48            	stlSurface	3.51861228e+01	7.81455927e+02	3.14330825e+02
3.48            	back	4.01178163e+01	2.75725012e+03	4.57965089e+02
3.48            	bottom	3.51861228e+01	1.90978679e+03	1.23626576e+03
3.48            	front	4.46198273e+01	2.74758718e+03	4.80721584e+02
3.5             	left	4.27562511e+01	1.13320692e+03	2.86777467e+02
3.5             	right	4.33313755e+01	4.14925376e+03	2.07544282e+03
3.5             	stlSurface	3.46549758e+01	7.77065166e+02	3.13034450e+02
3.5             	back	4.27562511e+01	2.66384395e+03	4.55221231e+02
3.5             	bottom	3.46549758e+01	1.87462661e+03	1.22984451e+03
3.5             	front	4.41492741e+01	2.69535196e+03	4.79200880e+02
3.52            	left	4.23013625e+01	1.12041461e+03	2.83879366e+02
3.52            	right	4.67547597e+01	3.92969224e+03	2.01415758e+03
3.52            	stlSurface	3.41425252e+01	7.72843667e+02	3.11776264e+02
3.52            	back	4.23013625e+01	2.56650447e+03	4.53059809e+02
3.52            	bottom	3.41425252e+01	1.83991734e+03	1.22319439e+03
3.52            	front	4.36909127e+01	2.64361363e+03	4.77778933e+02
3.54            	left	4.18594296e+01	1.10785218e+03	2.80993262e+02
3.54            	right	4.70530518e+01	3.71296557e+03	1.95019813e+03
3.54            	stlSurface	3.36486082e+01	7.68903997e+02	3.10533507e+02
3.54            	back	4.18594296e+01	2.53847742e+03	4.51146947e+02
3.54            	bottom	3.36486082e+01	1.81683604e+03	1.21636975e+03
3.54            	front	4.32449244e+01	2.58872542e+03	4.76230175e+02
3.56            	left	4.14300028e+01	1.09551310e+03	2.78082728e+02
3.56            	right	4.97116478e+01	3.52967156e+03	1.88111769e+03
3.56            	stlSurface	3.31729304e+01	7.65274453e+02	3.09292631e+02
3.56            	back	4.14300028e+01	2.47397921e+03	4.48804646e+02
3.56            	bottom	3.31729304e+01	1.79285117e+03	1.20941486e+03
3.56            	front	4.28114563e+01	2.58565173e+03	4.74195442e+02
3.58            	left	4.10127047e+01	1.08338899e+03	2.75081247e+02
3.58            	right	5.03636420e+01	3.35276275e+03	1.80829848e+03
3.58            	stlSurface	3.27151663e+01	7.61918234e+02	3.08045773e+02
3.58            	back	4.10127047e+01	2.39237613e+03	4.46669055e+02
3.58            	bottom	3.27151663e+01	1.76827967e+03	1.20236484e+03
3.58            	front	4.23906257e+01	2.66272047e+03	4.71242506e+02
3.6             	left	4.06070978e+01	1.07146927e+03	2.71878402e+02
3.6             	right	5.23757161e+01	3.18683345e+03	1.73315391e+03
3.6             	stlSurface	3.22748839e+01	7.58764125e+02	3.06793218e+02
3.6             	back	4.06070978e+01	2.37740963e+03	4.44063908e+02
3.6             	bottom	3.22748839e+01	1.74337042e+03	1.19524578e+03
3.6             	front	4.19814249e+01	2.70519994e+03	4.68222321e+02
3.62            	left	4.02127941e+01	1.05974371e+03	2.68238969e+02
3.62            	right	5.38406045e+01	3.03082394e+03	1.65523907e+03
3.62            	stlSurface	3.18515652e+01	7.55764983e+02	3.05539365e+02
3.62            	back	4.02127941e+01	2.34300101e+03	4.40969465e+02
3.62            	bottom	3.18515652e+01	1.71872513e+03	1.18807845e+03
3.62            	front	4.15891233e+01	2.65691073e+03	4.64858006e+02
3.64            	left	3.98288128e+01	1.04820386e+03	2.63540757e+02
3.64            	right	5.52071537e+01	2.88807877e+03	1.57878548e+03
3.64            	stlSurface	3.14445181e+01	7.52890550e+02	3.04287873e+02
3.64            	back	3.98288128e+01	2.34834690e+03	4.37386311e+02
3.64            	bottom	3.14445181e+01	1.69406359e+03	1.18088254e+03
3.64            	front	4.11846534e+01	2.63065286e+03	4.60760344e+02
3.66            	left	3.94540165e+01	1.03683646e+03	2.56565943e+02
3.66            	right	5.73012631e+01	2.76100792e+03	1.50501771e+03
3.66            	stlSurface	3.10531300e+01	7.50122320e+02	3.03030374e+02
3.66            	back	3.94540165e+01	2.35928183e+03	4.34503254e+02
3.66            	bottom	3.10531300e+01	1.67439980e+03	1.17366361e+03
3.66            	front	4.07539458e+01	2.57212379e+03	4.57982071e+02
3.68            	left	3.90876197e+01	1.02564005e+03	2.50217703e+02
3.68            	right	5.89782854e+01	2.65126132e+03	1.43690056e+03
3.68            	stlSurface	3.06767515e+01	7.47531985e+02	3.01775248e+02
3.68            	back	3.90876197e+01	2.36823667e+03	4.31326146e+02
3.68            	bottom	3.06767515e+01	1.65999448e+03	1.16643718e+03
3.68            	front	4.03311697e+01	2.62736486e+03	4.54507127e+02
3.7             	left	3.87290976e+01	1.01460484e+03	2.43855504e+02
3.7             	right	6.06860130e+01	2.55266335e+03	1.36803062e+03
3.7             	stlSurface	3.03147645e+01	7.45127395e+02	3.00534600e+02
3.7             	back	3.87290976e+01	2.39149273e+03	4.28060139e+02
3.7             	bottom	3.03147645e+01	1.64638225e+03	1.15921104e+03
3.7             	front	3.99264162e+01	2.57461615e+03	4.51454013e+02
3.72            	left	3.83723807e+01	1.00372491e+03	2.37783389e+02
3.72            	right	6.27022554e+01	2.46877124e+03	1.30172003e+03
3.72            	stlSurface	2.99666446e+01	7.42924275e+02	2.99320485e+02
3.72            	back	3.83723807e+01	2.44758725e+03	4.24333076e+02
3.72            	bottom	2.99666446e+01	1.63403369e+03	1.15199294e+03
3.72            	front	3.95326620e+01	2.57125781e+03	4.47988573e+02
3.74            	left	3.80231017e+01	9.92993046e+02	2.35271833e+02
3.74            	right	6.45842193e+01	2.38966543e+03	1.24123250e+03
3.74            	stlSurface	2.96320244e+01	7.40953130e+02	2.98141193e+02
3.74            	back	3.80231017e+01	2.48873910e+03	4.20434766e+02
3.74            	bottom	2.96320244e+01	1.62273119e+03	1.14478918e+03
3.74            	front	3.91452418e+01	2.53818791e+03	4.44573088e+02
3.76            	left	3.76817033e+01	9.82401434e+02	2.33222904e+02
3.76            	right	6.64477944e+01	2.31451914e+03	1.17861201e+03
3.76            	stlSurface	2.93105708e+01	7.39210528e+02	2.97000193e+02
3.76            	back	3.76817033e+01	2.54541616e+03	4.14718232e+02
3.76            	bottom	2.93105708e+01	1.61255370e+03	1.13760599e+03
3.76            	front	3.87675636e+01	2.53205272e+03	4.38934972e+02
3.78            	left	3.73479120e+01	9.71935574e+02	2.31212043e+02
3.78            	right	6.79862162e+01	2.25701582e+03	1.12687333e+03
3.78            	stlSurface	2.90020038e+01	7.37904746e+02	2.95897516e+02
3.78            	back	3.73479120e+01	2.58725614e+03	4.08052524e+02
3.78            	bottom	2.90020038e+01	1.60300046e+03	1.13044523e+03
3.78            	front	3.83969184e+01	2.56911432e+03	4.31768154e+02
3.8             	left	3.70214759e+01	9.61587822e+02	2.29238486e+02
3.8             	right	6.94227485e+01	2.20367715e+03	1.07605144e+03
3.8             	stlSurface	2.87062583e+01	7.37045048e+02	2.94823253e+02
3.8             	back	3.70214759e+01	2.61798721e+03	4.03853149e+02
3.8             	bottom	2.87062583e+01	1.59405684e+03	1.12331044e+03
3.8             	front	3.80325020e+01	2.61554123e+03	4.27523928e+02
3.82            	left	3.67021490e+01	9.51348708e+02	2.27301096e+02
3.82            	right	7.08964186e+01	2.15643320e+03	1.02826522e+03
3.82            	stlSurface	2.84234552e+01	7.36308340e+02	2.93768039e+02
3.82            	back	3.67021490e+01	2.69374749e+03	4.00046476e+02
3.82            	bottom	2.84234552e+01	1.58607313e+03	1.11620459e+03
3.82            	front	3.76827058e+01	2.68261976e+03	4.24407295e+02
3.84            	left	3.63896922e+01	9.41206851e+02	2.25398082e+02
3.84            	right	7.20644285e+01	2.11112452e+03	9.82113279e+02
3.84            	stlSurface	2.81535423e+01	7.35585503e+02	2.92739904e+02
3.84            	back	3.63896922e+01	2.74688938e+03	3.96816570e+02
3.84            	bottom	2.81535423e+01	1.57838234e+03	1.10913122e+03
3.84            	front	3.73491757e+01	2.72533501e+03	4.22026068e+02
3.86            	left	3.60838521e+01	9.31150285e+02	2.23527188e+02
3.86            	right	7.30729904e+01	2.07334599e+03	9.40046191e+02
3.86            	stlSurface	2.78968805e+01	7.34696077e+02	2.91755632e+02
3.86            	back	3.60838521e+01	2.77949596e+03	3.93826336e+02
3.86            	bottom	2.78968805e+01	1.57140321e+03	1.10209413e+03
3.86            	front	3.70305922e+01	2.75978060e+03	4.19168510e+02
3.88            	left	3.57843911e+01	9.21172207e+02	2.21685251e+02
3.88            	right	7.36779695e+01	2.04655449e+03	8.94933738e+02
3.88            	stlSurface	2.76539651e+01	7.33440929e+02	2.90826586e+02
3.88            	back	3.57843911e+01	2.79476464e+03	3.90938094e+02
3.88            	bottom	2.76539651e+01	1.56475694e+03	1.09509593e+03
3.88            	front	3.67364387e+01	2.79046596e+03	4.14358121e+02
3.9             	left	3.54910571e+01	9.11267759e+02	2.19866429e+02
3.9             	right	7.42900786e+01	2.02064375e+03	8.58831141e+02
3.9             	stlSurface	2.74251823e+01	7.31561027e+02	2.89957257e+02
3.9             	back	3.54910571e+01	2.79386390e+03	3.87952229e+02
3.9             	bottom	2.74251823e+01	1.55845569e+03	1.08814250e+03
3.9             	front	3.64612196e+01	2.79744369e+03	4.09520941e+02
3.92            	left	3.52035760e+01	9.01431346e+02	2.18059720e+02
3.92            	right	7.47661599e+01	1.99418129e+03	8.25200016e+02
3.92            	stlSurface	2.72108442e+01	7.28909659e+02	2.89151877e+02
3.92            	back	3.52035760e+01	2.77748648e+03	3.86643460e+02
3.92            	bottom	2.72108442e+01	1.55250167e+03	1.08123879e+03
3.92            	front	3.61938003e+01	2.78719755e+03	4.03632179e+02
3.94            	left	3.49216668e+01	8.91659716e+02	2.16251444e+02
3.94            	right	7.45559020e+01	1.96676292e+03	7.93015148e+02
3.94            	stlSurface	2.70130341e+01	7.25768051e+02	2.88408395e+02
3.94            	back	3.49216668e+01	2.74612973e+03	3.85556701e+02
3.94            	bottom	2.70130341e+01	1.54662053e+03	1.07438628e+03
3.94            	front	3.59334385e+01	2.76596275e+03	3.98493172e+02
3.96            	left	3.46450380e+01	8.81959033e+02	2.14386853e+02
3.96            	right	7.44692212e+01	2.01953148e+03	7.60753375e+02
3.96            	stlSurface	2.68352788e+01	7.22458077e+02	2.87715097e+02
3.96            	back	3.46450380e+01	2.73406529e+03	3.83597595e+02
3.96            	bottom	2.68352788e+01	1.54093659e+03	1.06758516e+03
3.96            	front	3.56794659e+01	2.73923578e+03	3.93416105e+02
3.98            	left	3.43733955e+01	8.72396700e+02	2.12346164e+02
3.98            	right	7.45988969e+01	2.07193625e+03	7.37219953e+02
3.98            	stlSurface	2.66774049e+01	7.19394771e+02	2.87061473e+02
3.98            	back	3.43733955e+01	2.71850578e+03	3.83161452e+02
3.98            	bottom	2.66774049e+01	1.53523639e+03	1.06083718e+03
3.98            	front	3.54312947e+01	2.71010371e+03	3.88048972e+02
4               	left	3.40989031e+01	8.62940788e+02	2.09875125e+02
4               	right	7.39255890e+01	2.10468876e+03	7.12330133e+02
4               	stlSurface	2.65396544e+01	7.17137385e+02	2.86443607e+02
4               	back	3.40989031e+01	2.71414336e+03	3.82757930e+02
4               	bottom	2.65396544e+01	1.52942906e+03	1.05414366e+03
4               	front	3.51883942e+01	2.67980780e+03	3.83859152e+02
4.02            	left	3.38221007e+01	8.53563663e+02	2.06299786e+02
4.02            	right	7.31672148e+01	2.13726384e+03	6.90937315e+02
4.02            	stlSurface	2.64222751e+01	7.15981373e+02	2.85858824e+02
4.02            	back	3.38221007e+01	2.71126700e+03	3.81968879e+02
4.02            	bottom	2.64222751e+01	1.52370918e+03	1.04750204e+03
4.02            	front	3.49502515e+01	2.64700555e+03	3.79546395e+02
4.04            	left	3.35494452e+01	8.44286036e+02	1.98895835e+02
4.04            	right	7.27227359e+01	2.07172215e+03	6.67433380e+02
4.04            	stlSurface	2.63256028e+01	7.19617243e+02	2.85311318e+02
4.04            	back	3.35494452e+01	2.70108237e+03	3.80757157e+02
4.04            	bottom	2.63256028e+01	1.51784002e+03	1.04091779e+03
4.04            	front	3.47163800e+01	2.61759065e+03	3.75812999e+02
4.06            	left	3.32807804e+01	8.35124381e+02	1.94619884e+02
4.06            	right	7.24868714e+01	1.99788198e+03	6.48368862e+02
4.06            	stlSurface	2.62494904e+01	7.26702958e+02	2.84785994e+02
4.06            	back	3.32807804e+01	2.69554113e+03	3.79797969e+02
4.06            	bottom	2.62494904e+01	1.51174272e+03	1.03439296e+03
4.06            	front	3.44466899e+01	2.60029612e+03	3.73218205e+02
4.08            	left	3.30160714e+01	8.26093264e+02	1.91476708e+02
4.08            	right	7.15992275e+01	2.05415219e+03	6.30193878e+02
4.08            	stlSurface	2.61939461e+01	7.33550931e+02	2.84248251e+02
4.08            	back	3.30160714e+01	2.68477924e+03	3.79365549e+02
4.08            	bottom	2.61939461e+01	1.50557645e+03	1.02793022e+03
4.08            	front	3.41579496e+01	2.59806130e+03	3.71684229e+02
4.1             	left	3.27524502e+01	8.17199255e+02	1.88364297e+02
4.1             	right	7.05515765e+01	2.12685664e+03	6.14836829e+02
4.1             	stlSurface	2.61596144e+01	7.39659514e+02	2.83673073e+02
4.1             	back	3.27524502e+01	2.67629828e+03	3.78900502e+02
4.1             	bottom	2.61596144e+01	1.49936362e+03	1.02153287e+03
4.1             	front	3.38764036e+01	2.59552301e+03	3.71133969e+02
4.12            	left	3.24923755e+01	8.08446081e+02	1.85206719e+02
4.12            	right	6.97547194e+01	2.15845182e+03	6.02570422e+02
4.12            	stlSurface	2.61472702e+01	7.46288446e+02	2.83062607e+02
4.12            	back	3.24923755e+01	2.67730873e+03	3.78781415e+02
4.12            	bottom	2.61472702e+01	1.49285282e+03	1.01520652e+03
4.12            	front	3.36047032e+01	2.59213820e+03	3.70829052e+02
4.14            	left	3.22360153e+01	7.99834625e+02	1.81762233e+02
4.14            	right	6.91454210e+01	2.11671552e+03	5.91647935e+02
4.14            	stlSurface	2.61578711e+01	7.52908869e+02	2.82433902e+02
4.14            	back	3.22360153e+01	2.67436995e+03	3.78354801e+02
4.14            	bottom	2.61578711e+01	1.48596826e+03	1.00895450e+03
4.14            	front	3.33429882e+01	2.60726847e+03	3.69591629e+02
4.16            	left	3.19831716e+01	7.91362944e+02	1.80423263e+02
4.16            	right	6.86493679e+01	2.03745233e+03	5.81600664e+02
4.16            	stlSurface	2.61924363e+01	7.57421478e+02	2.81808912e+02
4.16            	back	3.19831716e+01	2.66795896e+03	3.76946946e+02
4.16            	bottom	2.61924363e+01	1.47927924e+03	1.00278131e+03
4.16            	front	3.30902973e+01	2.65912181e+03	3.70263804e+02
4.18            	left	3.17336882e+01	7.83026301e+02	1.79105439e+02
4.18            	right	6.82162466e+01	1.98539778e+03	5.72001529e+02
4.18            	stlSurface	2.62517889e+01	7.61458107e+02	2.81219098e+02
4.18            	back	3.17336882e+01	2.65756017e+03	3.77120937e+02
4.18            	bottom	2.62517889e+01	1.47224629e+03	9.96690311e+02
4.18            	front	3.28457096e+01	2.71025886e+03	3.71392405e+02
4.2             	left	3.14874348e+01	7.74818711e+02	1.77805356e+02
4.2             	right	6.78117925e+01	1.97355561e+03	5.60402291e+02
4.2             	stlSurface	2.63374380e+01	7.67671373e+02	2.80693950e+02
4.2             	back	3.14874348e+01	2.64335142e+03	3.77640613e+02
4.2             	bottom	2.63374380e+01	1.46480932e+03	9.90686555e+02
4.2             	front	3.26083230e+01	2.75754147e+03	3.73008572e+02
4.22            	left	3.12442663e+01	7.66732834e+02	1.76519916e+02
4.22            	right	6.74130313e+01	1.94858839e+03	5.52431805e+02
4.22            	stlSurface	2.64513970e+01	7.74891664e+02	2.80243334e+02
4.22            	back	3.12442663e+01	2.62377444e+03	3.78140892e+02
4.22            	bottom	2.64513970e+01	1.45733816e+03	9.84775254e+02
4.22            	front	3.23774299e+01	2.79956124e+03	3.74646927e+02
4.24            	left	3.10040641e+01	7.58759319e+02	1.75247350e+02
4.24            	right	6.63862876e+01	1.96072704e+03	5.46396419e+02
4.24            	stlSurface	2.65958472e+01	7.81277979e+02	2.79874437e+02
4.24            	back	3.10040641e+01	2.61686625e+03	3.78526048e+02
4.24            	bottom	2.65958472e+01	1.44968993e+03	9.78962606e+02
4.24            	front	3.21575011e+01	2.83489430e+03	3.76073743e+02
4.26            	left	3.07666935e+01	7.50888789e+02	1.73985815e+02
4.26            	right	6.54353687e+01	1.95020569e+03	5.40512873e+02
4.26            	stlSurface	2.67731208e+01	7.83458324e+02	2.79536855e+02
4.26            	back	3.07666935e+01	2.61186216e+03	3.79053295e+02
4.26            	bottom	2.67731208e+01	1.44163223e+03	9.73256048e+02
4.26            	front	3.19506078e+01	2.86076895e+03	3.77359195e+02
4.28            	left	3.05320070e+01	7.43112279e+02	1.72732367e+02
4.28            	right	6.45589605e+01	1.92987248e+03	5.34353946e+02
4.28            	stlSurface	2.69853088e+01	7.83046949e+02	2.79167853e+02
4.28            	back	3.05320070e+01	2.60725447e+03	3.78963489e+02
4.28            	bottom	2.69853088e+01	1.43322242e+03	9.67661924e+02
4.28            	front	3.17465495e+01	2.87655235e+03	3.78427521e+02
4.3             	left	3.02998616e+01	7.38465466e+02	1.71482619e+02
4.3             	right	6.37387228e+01	1.91784185e+03	5.27450549e+02
4.3             	stlSurface	2.72344633e+01	7.77353704e+02	2.78735878e+02
4.3             	back	3.02998616e+01	2.60378026e+03	3.77020874e+02
4.3             	bottom	2.72344633e+01	1.42479783e+03	9.62191162e+02
4.3             	front	3.15450601e+01	2.88389275e+03	3.78068247e+02
4.32            	left	3.00701057e+01	7.34150879e+02	1.70230572e+02
4.32            	right	6.29658974e+01	1.86004779e+03	5.19242494e+02
4.32            	stlSurface	2.75219407e+01	7.72550503e+02	2.78180292e+02
4.32            	back	3.00701057e+01	2.60215275e+03	3.76431639e+02
4.32            	bottom	2.75219407e+01	1.41593853e+03	9.56852415e+02
4.32            	front	3.13458670e+01	2.89929661e+03	3.77850849e+02
4.34            	left	2.98425767e+01	7.28410318e+02	1.68967226e+02
4.34            	right	6.22325168e+01	1.68568007e+03	5.10431772e+02
4.34            	stlSurface	2.78489701e+01	7.67509654e+02	2.77479809e+02
4.34            	back	2.98425767e+01	2.60238801e+03	3.75928422e+02
4.34            	bottom	2.78489701e+01	1.40664112e+03	9.51654447e+02
4.34            	front	3.11487668e+01	2.90662098e+03	3.77694769e+02
4.36            	left	2.96171016e+01	7.20500739e+02	1.67677688e+02
4.36            	right	6.15487795e+01	1.62186852e+03	5.02552276e+02
4.36            	stlSurface	2.82166926e+01	7.59338204e+02	2.76683025e+02
4.36            	back	2.96171016e+01	2.60230772e+03	3.75117320e+02
4.36            	bottom	2.82166926e+01	1.39699050e+03	9.46608434e+02
4.36            	front	3.09535206e+01	2.90633903e+03	3.76935438e+02
4.38            	left	2.93935137e+01	7.10105065e+02	1.66337330e+02
4.38            	right	6.08968556e+01	1.60121894e+03	4.94257068e+02
4.38            	stlSurface	2.86256387e+01	7.51734560e+02	2.75820292e+02
4.38            	back	2.93935137e+01	2.59888865e+03	3.74291689e+02
4.38            	bottom	2.86256387e+01	1.38692016e+03	9.41721914e+02
4.38            	front	3.07598717e+01	2.90032718e+03	3.75928547e+02
4.4             	left	2.91716431e+01	6.98081937e+02	1.64912411e+02
4.4             	right	6.02578505e+01	1.57885270e+03	4.86489652e+02
4.4             	stlSurface	2.90764818e+01	7.44984983e+02	2.74909948e+02
4.4             	back	2.91716431e+01	2.61419342e+03	3.73238727e+02
4.4             	bottom	2.90764818e+01	1.37639272e+03	9.36997548e+02
4.4             	front	3.05676053e+01	2.89155795e+03	3.74088232e+02
4.42            	left	2.89513243e+01	6.90822563e+02	1.63353721e+02
4.42            	right	5.96198658e+01	1.55407914e+03	4.78939491e+02
4.42            	stlSurface	2.95693682e+01	7.40369618e+02	2.74007544e+02
4.42            	back	2.89513243e+01	2.62890139e+03	3.71815536e+02
4.42            	bottom	2.95693682e+01	1.36538378e+03	9.32440030e+02
4.42            	front	3.03764992e+01	2.88164611e+03	3.71711153e+02
4.44            	left	2.87323912e+01	6.83787182e+02	1.61577973e+02
4.44            	right	5.89760609e+01	1.52683599e+03	4.71580055e+02
4.44            	stlSurface	3.01038072e+01	7.32913192e+02	2.73127801e+02
4.44            	back	2.87323912e+01	2.64167064e+03	3.69791593e+02
4.44            	bottom	3.01038072e+01	1.35388144e+03	9.28053270e+02
4.44            	front	3.01863592e+01	2.87087168e+03	3.69080071e+02
4.46            	left	2.85146560e+01	6.77267214e+02	1.59435698e+02
4.46            	right	5.83220076e+01	1.49793649e+03	4.65061110e+02
4.46            	stlSurface	3.06785285e+01	7.22849863e+02	2.72258883e+02
4.46            	back	2.85146560e+01	2.64863637e+03	3.67142199e+02
4.46            	bottom	3.06785285e+01	1.36250455e+03	9.23838392e+02
4.46            	front	2.99969579e+01	2.86018983e+03	3.66233882e+02
4.48            	left	2.82979377e+01	6.70810683e+02	1.56621465e+02
4.48            	right	5.76545486e+01	1.47080795e+03	4.58859643e+02
4.48            	stlSurface	3.12914054e+01	7.11752451e+02	2.71294453e+02
4.48            	back	2.82979377e+01	2.64549157e+03	3.65278684e+02
4.48            	bottom	3.12914054e+01	1.37276555e+03	9.19796048e+02
4.48            	front	2.98080716e+01	2.85654112e+03	3.63730062e+02
4.5             	left	2.80820671e+01	6.64415750e+02	1.52355241e+02
4.5             	right	5.69704622e+01	1.44677011e+03	4.52188146e+02
4.5             	stlSurface	3.19401809e+01	7.02903190e+02	2.70185663e+02
4.5             	back	2.80820671e+01	2.64068512e+03	3.63640623e+02
4.5             	bottom	3.19401809e+01	1.38357047e+03	9.15925648e+02
4.5             	front	2.96198027e+01	2.85437206e+03	3.61902202e+02
4.52            	left	2.78668851e+01	6.58080480e+02	1.47243917e+02
4.52            	right	5.62751423e+01	1.42413292e+03	4.44999104e+02
4.52            	stlSurface	3.25845593e+01	7.01994502e+02	2.68834721e+02
4.52            	back	2.78668851e+01	2.65393862e+03	3.61394878e+02
4.52            	bottom	3.25845593e+01	1.39361629e+03	9.12222961e+02
4.52            	front	2.94333430e+01	2.84871052e+03	3.59880435e+02
4.54            	left	2.76522651e+01	6.51804696e+02	1.43338687e+02
4.54            	right	5.55819183e+01	1.40231377e+03	4.35200758e+02
4.54            	stlSurface	3.32281730e+01	6.99172443e+02	2.67371452e+02
4.54            	back	2.76522651e+01	2.65652179e+03	3.58669113e+02
4.54            	bottom	3.32281730e+01	1.40374864e+03	9.08686174e+02
4.54            	front	2.92484168e+01	2.83128104e+03	3.56758965e+02
4.56            	left	2.74381157e+01	6.48444265e+02	1.40828153e+02
4.56            	right	5.48963013e+01	1.38115395e+03	4.22836165e+02
4.56            	stlSurface	3.38948413e+01	7.01758406e+02	2.65747417e+02
4.56            	back	2.74381157e+01	2.67088998e+03	3.56176692e+02
4.56            	bottom	3.38948413e+01	1.41297148e+03	9.05315603e+02
4.56            	front	2.90645687e+01	2.81365807e+03	3.53329903e+02
4.58            	left	2.72244349e+01	6.46868428e+02	1.39631645e+02
4.58            	right	5.42200249e+01	1.36044150e+03	4.14807931e+02
4.58            	stlSurface	3.45791839e+01	7.03850720e+02	2.64026815e+02
4.58            	back	2.72244349e+01	2.68291026e+03	3.53216359e+02
4.58            	bottom	3.45791839e+01	1.42195674e+03	9.02111781e+02
4.58            	front	2.88813923e+01	2.76777493e+03	3.49336692e+02
4.6             	left	2.70113392e+01	6.45323722e+02	1.38723599e+02
4.6             	right	5.33068098e+01	1.34008917e+03	4.07060525e+02
4.6             	stlSurface	3.52758815e+01	6.97047089e+02	2.62303452e+02
4.6             	back	2.70113392e+01	2.69092877e+03	3.51167732e+02
4.6             	bottom	3.52758815e+01	1.42996091e+03	8.99076040e+02
4.6             	front	2.86986167e+01	2.72695428e+03	3.47819480e+02
4.62            	left	2.67991210e+01	6.43759988e+02	1.37826161e+02
4.62            	right	5.24301855e+01	1.32018347e+03	3.99119755e+02
4.62            	stlSurface	3.59804087e+01	6.86285569e+02	2.60504222e+02
4.62            	back	2.67991210e+01	2.69306237e+03	3.50576020e+02
4.62            	bottom	3.59804087e+01	1.43765895e+03	8.96210882e+02
4.62            	front	2.85159462e+01	2.73458305e+03	3.47022645e+02
4.64            	left	2.65884443e+01	6.42296110e+02	1.36936285e+02
4.64            	right	5.15882660e+01	1.30023996e+03	3.92312847e+02
4.64            	stlSurface	3.66890217e+01	6.75257903e+02	2.58534462e+02
4.64            	back	2.65884443e+01	2.68304183e+03	3.50420309e+02
4.64            	bottom	3.66890217e+01	1.44449672e+03	8.93516557e+02
4.64            	front	2.83331237e+01	2.74358788e+03	3.47034799e+02
4.66            	left	2.63811570e+01	6.40761799e+02	1.36057139e+02
4.66            	right	5.07832353e+01	1.28084993e+03	3.86220785e+02
4.66            	stlSurface	3.73991893e+01	6.73179020e+02	2.56525405e+02
4.66            	back	2.63811570e+01	2.65990092e+03	3.50170074e+02
4.66            	bottom	3.73991893e+01	1.45083638e+03	8.90989861e+02
4.66            	front	2.81499960e+01	2.74769048e+03	3.47403656e+02
4.68            	left	2.61788625e+01	6.39121731e+02	1.35188328e+02
4.68            	right	5.00131220e+01	1.26194686e+03	3.80450211e+02
4.68            	stlSurface	3.81122921e+01	6.68131056e+02	2.54453849e+02
4.68            	back	2.61788625e+01	2.66639948e+03	3.49854283e+02
4.68            	bottom	3.81122921e+01	1.45702291e+03	8.88627841e+02
4.68            	front	2.79664425e+01	2.74246046e+03	3.47867589e+02
4.7             	left	2.59824695e+01	6.37358421e+02	1.34329235e+02
4.7             	right	4.92742137e+01	1.24310390e+03	3.76158839e+02
4.7             	stlSurface	3.88260880e+01	6.60706949e+02	2.52162583e+02
4.7             	back	2.59824695e+01	2.66745614e+03	3.49832513e+02
4.7             	bottom	3.88260880e+01	1.46495616e+03	8.86427886e+02
4.7             	front	2.77823884e+01	2.71111663e+03	3.48302329e+02
4.72            	left	2.57925356e+01	6.35456454e+02	1.33477175e+02
4.72            	right	4.85635004e+01	1.22600694e+03	3.71827951e+02
4.72            	stlSurface	3.95381700e+01	6.41517022e+02	2.49507662e+02
4.72            	back	2.57925356e+01	2.66390794e+03	3.49655332e+02
4.72            	bottom	3.95381700e+01	1.47475508e+03	8.84385511e+02
4.72            	front	2.75978547e+01	2.62709483e+03	3.48972882e+02
4.74            	left	2.56093980e+01	6.33402888e+02	1.32622374e+02
4.74            	right	4.78782282e+01	1.21395770e+03	3.67186909e+02
4.74            	stlSurface	4.02450579e+01	6.38242784e+02	2.46478147e+02
4.74            	back	2.56093980e+01	2.65697569e+03	3.49562775e+02
4.74            	bottom	4.02450579e+01	1.48419558e+03	8.82496299e+02
4.74            	front	2.74129243e+01	2.59183587e+03	3.49351385e+02
4.76            	left	2.54333130e+01	6.31187081e+02	1.31772019e+02
4.76            	right	4.72155296e+01	1.20184501e+03	3.61332327e+02
4.76            	stlSurface	4.09427099e+01	6.46806498e+02	2.43516199e+02
4.76            	back	2.54333130e+01	2.65039966e+03	3.49323744e+02
4.76            	bottom	4.09427099e+01	1.49392499e+03	8.80755025e+02
4.76            	front	2.72278046e+01	2.60073187e+03	3.49084408e+02
4.78            	left	2.52645041e+01	6.28799782e+02	1.30911879e+02
4.78            	right	4.65724041e+01	1.18969289e+03	3.56005186e+02
4.78            	stlSurface	4.16250964e+01	6.43393365e+02	2.40712638e+02
4.78            	back	2.52645041e+01	2.65439948e+03	3.48291412e+02
4.78            	bottom	4.16250964e+01	1.50295388e+03	8.79157098e+02
4.78            	front	2.70429616e+01	2.61515981e+03	3.47816789e+02
4.8             	left	2.51031797e+01	6.26232582e+02	1.29974735e+02
4.8             	right	4.59461374e+01	1.17752556e+03	3.50270217e+02
4.8             	stlSurface	4.22848780e+01	6.31363918e+02	2.37903117e+02
4.8             	back	2.51031797e+01	2.67695843e+03	3.46858853e+02
4.8             	bottom	4.22848780e+01	1.51116169e+03	8.77698303e+02
4.8             	front	2.68595558e+01	2.62535378e+03	3.47765485e+02
4.82            	left	2.49495611e+01	6.23476556e+02	1.28982716e+02
4.82            	right	4.53329229e+01	1.16536349e+03	3.42659338e+02
4.82            	stlSurface	4.29191926e+01	6.29418460e+02	2.35154676e+02
4.82            	back	2.49495611e+01	2.68303442e+03	3.45509511e+02
4.82            	bottom	4.29191926e+01	1.51956581e+03	8.76372220e+02
4.82            	front	2.66803052e+01	2.63411091e+03	3.49141414e+02
4.84            	left	2.48038851e+01	6.20521929e+02	1.28006299e+02
4.84            	right	4.47292711e+01	1.15321925e+03	3.32867460e+02
4.84            	stlSurface	4.35287551e+01	6.25045082e+02	2.32473108e+02
4.84            	back	2.48038851e+01	2.68265944e+03	3.45095051e+02
4.84            	bottom	4.35287551e+01	1.52708716e+03	8.75175296e+02
4.84            	front	2.65074380e+01	2.64193575e+03	3.50629201e+02
4.86            	left	2.46664079e+01	6.17356384e+02	1.27057479e+02
4.86            	right	4.41349996e+01	1.14109588e+03	3.25775672e+02
4.86            	stlSurface	4.41136965e+01	5.96287585e+02	2.29650399e+02
4.86            	back	2.46664079e+01	2.67777709e+03	3.44651940e+02
4.86            	bottom	4.41136965e+01	1.53390649e+03	8.74103216e+02
4.86            	front	2.63428949e+01	2.64849029e+03	3.52392065e+02
4.88            	left	2.45374559e+01	6.13963903e+02	1.26131751e+02
4.88            	right	4.35512893e+01	1.12900479e+03	3.20420668e+02
4.88            	stlSurface	4.46730761e+01	5.55819572e+02	2.26727618e+02
4.88            	back	2.45374559e+01	2.68301168e+03	3.44494491e+02
4.88            	bottom	4.46730761e+01	1.54082752e+03	8.73149742e+02
4.88            	front	2.61876584e+01	2.67237652e+03	3.54167154e+02
4.9             	left	2.44174699e+01	6.10318649e+02	1.25224939e+02
4.9             	right	4.29778496e+01	1.11697108e+03	3.15626259e+02
4.9             	stlSurface	4.52057710e+01	5.56730203e+02	2.23760352e+02
4.9             	back	2.44174699e+01	2.69672577e+03	3.44361416e+02
4.9             	bottom	4.52057710e+01	1.54683017e+03	8.72307670e+02
4.9             	front	2.60423143e+01	2.69425718e+03	3.55883039e+02
4.92            	left	2.43068250e+01	6.06395768e+02	1.24333017e+02
4.92            	right	4.24164411e+01	1.10500717e+03	3.12649559e+02
4.92            	stlSurface	4.57103410e+01	5.65563188e+02	2.20945909e+02
4.92            	back	2.43068250e+01	2.69728351e+03	3.44198533e+02
4.92            	bottom	4.57103410e+01	1.55205262e+03	8.71571278e+02
4.92            	front	2.59072298e+01	2.71193539e+03	3.57380114e+02
4.94            	left	2.42059852e+01	6.02164855e+02	1.23452844e+02
4.94            	right	4.18671292e+01	1.09312009e+03	3.09792300e+02
4.94            	stlSurface	4.61665070e+01	5.65982066e+02	2.18372104e+02
4.94            	back	2.42059852e+01	2.69051944e+03	3.44444336e+02
4.94            	bottom	4.61665070e+01	1.55720555e+03	8.70934729e+02
4.94            	front	2.57827169e+01	2.72873936e+03	3.58806184e+02
4.96            	left	2.41154231e+01	5.97798102e+02	1.22580845e+02
4.96            	right	4.13301212e+01	1.08132005e+03	3.06962724e+02
4.96            	stlSurface	4.65788937e+01	5.68222834e+02	2.15876159e+02
4.96            	back	2.41154231e+01	2.69004692e+03	3.44395304e+02
4.96            	bottom	4.65788937e+01	1.56157580e+03	8.70393007e+02
4.96            	front	2.56690218e+01	2.74522957e+03	3.60144260e+02
4.98            	left	2.40356695e+01	5.93272093e+02	1.21713277e+02
4.98            	right	4.08054363e+01	1.06961676e+03	3.04160722e+02
4.98            	stlSurface	4.69663537e+01	5.70981553e+02	2.13751179e+02
4.98            	back	2.40356695e+01	2.70190570e+03	3.43785340e+02
4.98            	bottom	4.69663537e+01	1.56520698e+03	8.69939359e+02
4.98            	front	2.54892617e+01	2.77061323e+03	3.60910469e+02
5               	left	2.39672710e+01	5.88286421e+02	1.20846643e+02
5               	right	4.02932638e+01	1.06012421e+03	3.01424276e+02
5               	stlSurface	4.73277244e+01	5.74507468e+02	2.11795151e+02
5               	back	2.39672710e+01	2.69352129e+03	3.43261041e+02
5               	bottom	4.73277244e+01	1.56872757e+03	8.69566477e+02
5               	front	2.52703039e+01	2.79434888e+03	3.61302378e+02
5.02            	left	2.39108073e+01	5.82704525e+02	1.19978943e+02
5.02            	right	3.97938258e+01	1.05949237e+03	2.98706522e+02
5.02            	stlSurface	4.76620136e+01	5.75000235e+02	2.09977723e+02
5.02            	back	2.39108073e+01	2.67665157e+03	3.42182074e+02
5.02            	bottom	4.76620136e+01	1.57195541e+03	8.69267352e+02
5.02            	front	2.50607966e+01	2.81294638e+03	3.60984579e+02
5.04            	left	2.38584790e+01	5.76330303e+02	1.19108160e+02
5.04            	right	3.93073072e+01	1.05437095e+03	2.96003609e+02
5.04            	stlSurface	4.79681719e+01	5.73431974e+02	2.08245313e+02
5.04            	back	2.38584790e+01	2.66579732e+03	3.40444938e+02
5.04            	bottom	4.79681719e+01	1.57484609e+03	8.69035498e+02
5.04            	front	2.48630011e+01	2.83483118e+03	3.60265283e+02
5.06            	left	2.37949313e+01	5.68876477e+02	1.18231433e+02
5.06            	right	3.88336769e+01	1.03949882e+03	2.93244914e+02
5.06            	stlSurface	4.82445576e+01	5.73799111e+02	2.06559195e+02
5.06            	back	2.37949313e+01	2.67235387e+03	3.39371462e+02
5.06            	bottom	4.82445576e+01	1.57714128e+03	8.68867948e+02
5.06            	front	2.46784833e+01	2.85037556e+03	3.59995652e+02
5.08            	left	2.37443556e+01	5.60649490e+02	1.17345259e+02
5.08            	right	3.83422502e+01	1.01396951e+03	2.90366043e+02
5.08            	stlSurface	4.84890826e+01	5.78290311e+02	2.05087520e+02
5.08            	back	2.37443556e+01	2.64413512e+03	3.39185900e+02
5.08            	bottom	4.84890826e+01	1.57889062e+03	8.68763920e+02
5.08            	front	2.45083445e+01	2.88679911e+03	3.59674940e+02
5.1             	left	2.37077037e+01	5.50789689e+02	1.16445036e+02
5.1             	right	3.78358368e+01	1.00376816e+03	2.87315080e+02
5.1             	stlSurface	4.87002406e+01	5.85429806e+02	2.03742038e+02
5.1             	back	2.37077037e+01	2.65393538e+03	3.38805969e+02
5.1             	bottom	4.87002406e+01	1.58041383e+03	8.68723471e+02
5.1             	front	2.43536440e+01	2.93495376e+03	3.58969864e+02
5.12            	left	2.36860266e+01	5.39183229e+02	1.15522441e+02
5.12            	right	3.73461184e+01	9.93846515e+02	2.83951312e+02
5.12            	stlSurface	4.88772078e+01	6.13670095e+02	2.02533701e+02
5.12            	back	2.36860266e+01	2.63325693e+03	3.38878914e+02
5.12            	bottom	4.88772078e+01	1.58117465e+03	8.68748054e+02
5.12            	front	2.42154819e+01	2.96065601e+03	3.58460373e+02
5.14            	left	2.36804694e+01	5.37881169e+02	1.14563552e+02
5.14            	right	3.68722765e+01	9.84556219e+02	2.79958198e+02
5.14            	stlSurface	4.90199436e+01	7.18963741e+02	2.01698267e+02
5.14            	back	2.36804694e+01	2.66634045e+03	3.39405411e+02
5.14            	bottom	4.90199436e+01	1.58147530e+03	8.68841206e+02
5.14            	front	2.40951336e+01	2.96693103e+03	3.57548171e+02
5.16            	left	2.36922466e+01	5.36680601e+02	1.13545718e+02
5.16            	right	3.64136155e+01	9.75661855e+02	2.75599290e+02
5.16            	stlSurface	4.91290787e+01	8.93463947e+02	2.01748283e+02
5.16            	back	2.36922466e+01	2.68496881e+03	3.40426911e+02
5.16            	bottom	4.91290787e+01	1.58175990e+03	8.69008051e+02
5.16            	front	2.39940148e+01	2.95953387e+03	3.57244902e+02
5.18            	left	2.37225964e+01	5.35585937e+02	1.12433578e+02
5.18            	right	3.59694963e+01	9.66766027e+02	2.71552812e+02
5.18            	stlSurface	4.92118857e+01	1.05209081e+03	2.03220239e+02
5.18            	back	2.37225964e+01	2.68657055e+03	3.41596928e+02
5.18            	bottom	4.92118857e+01	1.58252539e+03	8.69253374e+02
5.18            	front	2.39127713e+01	3.02393439e+03	3.56859284e+02
5.2             	left	2.37726997e+01	5.34598636e+02	1.11170056e+02
5.2             	right	3.55391993e+01	9.57528884e+02	2.66949476e+02
5.2             	stlSurface	4.93189070e+01	1.13973734e+03	2.06374888e+02
5.2             	back	2.37726997e+01	2.67515795e+03	3.42359490e+02
5.2             	bottom	4.93189070e+01	1.58411835e+03	8.69583197e+02
5.2             	front	2.38388885e+01	3.01346438e+03	3.56324044e+02
5.22            	left	2.37518928e+01	5.33714306e+02	1.09662994e+02
5.22            	right	3.51216442e+01	9.47979948e+02	2.62255061e+02
5.22            	stlSurface	4.94766915e+01	1.15794670e+03	2.11341080e+02
5.22            	back	2.38418401e+01	2.70755363e+03	3.43152884e+02
5.22            	bottom	4.94766915e+01	1.58609697e+03	8.69993120e+02
5.22            	front	2.37518928e+01	3.05621869e+03	3.55533187e+02
5.24            	left	2.36782403e+01	5.32926327e+02	1.07745249e+02
5.24            	right	3.47149837e+01	9.38504895e+02	2.57292346e+02
5.24            	stlSurface	4.96966078e+01	1.10998734e+03	2.18211901e+02
5.24            	back	2.39295570e+01	2.86333633e+03	3.42819339e+02
5.24            	bottom	4.96966078e+01	1.58789027e+03	8.70478338e+02
5.24            	front	2.36782403e+01	3.00225708e+03	3.54094405e+02
5.26            	left	2.36163036e+01	5.32226251e+02	1.05087796e+02
5.26            	right	3.43165889e+01	9.29633369e+02	2.52061051e+02
5.26            	stlSurface	5.00498234e+01	1.06154100e+03	2.26225699e+02
5.26            	back	2.40365630e+01	3.03966512e+03	3.42952219e+02
5.26            	bottom	5.00498234e+01	1.58974683e+03	8.71028116e+02
5.26            	front	2.36163036e+01	3.02468744e+03	3.52675921e+02
5.28            	left	2.35785002e+01	5.31608446e+02	1.01565284e+02
5.28            	right	3.39252913e+01	9.21425555e+02	2.48746353e+02
5.28            	stlSurface	5.05767996e+01	1.07922012e+03	2.34429579e+02
5.28            	back	2.41226790e+01	3.21080813e+03	3.43400858e+02
5.28            	bottom	5.05767996e+01	1.59120452e+03	8.71626925e+02
5.28            	front	2.35785002e+01	3.04078789e+03	3.51981488e+02
5.3             	left	2.35726308e+01	5.31004338e+02	9.95891849e+01
5.3             	right	3.35478223e+01	9.13407830e+02	2.46616924e+02
5.3             	stlSurface	5.13016577e+01	1.11389730e+03	2.42490493e+02
5.3             	back	2.42265540e+01	3.35965262e+03	3.43589674e+02
5.3             	bottom	5.13016577e+01	1.59215974e+03	8.72257612e+02
5.3             	front	2.35726308e+01	3.11027392e+03	3.51355642e+02
5.32            	left	2.36047478e+01	5.30399094e+02	9.88469542e+01
5.32            	right	3.31860633e+01	9.05565562e+02	2.44679964e+02
5.32            	stlSurface	5.22339775e+01	1.10706615e+03	2.51109148e+02
5.32            	back	2.43551829e+01	3.46713112e+03	3.43706982e+02
5.32            	bottom	5.22339775e+01	1.59288117e+03	8.72898198e+02
5.32            	front	2.36047478e+01	3.17207405e+03	3.50858768e+02
5.34            	left	2.36805805e+01	5.29777698e+02	9.85775838e+01
5.34            	right	3.28378355e+01	8.97882657e+02	2.42793849e+02
5.34            	stlSurface	5.33667859e+01	9.93100351e+02	2.60974579e+02
5.34            	back	2.45060346e+01	3.53784185e+03	3.44211129e+02
5.34            	bottom	5.33667859e+01	1.59305378e+03	8.73529177e+02
5.34            	front	2.36805805e+01	3.22439442e+03	3.50193773e+02
5.36            	left	2.38061638e+01	5.29131360e+02	9.83449683e+01
5.36            	right	3.25012801e+01	8.90349648e+02	2.40929011e+02
5.36            	stlSurface	5.46843324e+01	9.55929762e+02	2.72110262e+02
5.36            	back	2.46773745e+01	3.56262293e+03	3.45385980e+02
5.36            	bottom	5.46843324e+01	1.59289352e+03	8.74134625e+02
5.36            	front	2.38061638e+01	3.26257125e+03	3.49782547e+02
5.38            	left	2.39139811e+01	5.28447646e+02	9.81522541e+01
5.38            	right	3.21748043e+01	8.82963706e+02	2.39096213e+02
5.38            	stlSurface	5.61701127e+01	9.26467062e+02	2.83181363e+02
5.38            	back	2.48721006e+01	3.54932976e+03	3.46254530e+02
5.38            	bottom	5.61701127e+01	1.59277582e+03	8.74703295e+02
5.38            	front	2.39139811e+01	3.27899036e+03	3.50271559e+02
5.4             	left	2.39837599e+01	5.27716698e+02	9.80017353e+01
5.4             	right	3.18569817e+01	8.75725884e+02	2.37252675e+02
5.4             	stlSurface	5.78802223e+01	9.06830171e+02	2.94179052e+02
5.4             	back	2.50849375e+01	3.51417480e+03	3.47058535e+02
5.4             	bottom	5.78802223e+01	1.59283956e+03	8.75227998e+02
5.4             	front	2.39837599e+01	3.27263412e+03	3.51153157e+02
5.42            	left	2.41248610e+01	5.26934380e+02	9.78990617e+01
5.42            	right	3.15459999e+01	8.68633896e+02	2.35352925e+02
5.42            	stlSurface	5.98892415e+01	9.52161526e+02	3.04686238e+02
5.42            	back	2.52786612e+01	3.46966917e+03	3.47762185e+02
5.42            	bottom	5.98892415e+01	1.59283119e+03	8.75708754e+02
5.42            	front	2.41248610e+01	3.24894035e+03	3.51869603e+02
5.44            	left	2.43485176e+01	5.26098336e+02	9.78530908e+01
5.44            	right	3.12403899e+01	8.61778496e+02	2.33348755e+02
5.44            	stlSurface	6.21356309e+01	9.81100160e+02	3.14599222e+02
5.44            	back	2.54963791e+01	3.42827140e+03	3.48656201e+02
5.44            	bottom	6.21356309e+01	1.59223587e+03	8.76147085e+02
5.44            	front	2.43485176e+01	3.21446187e+03	3.52493190e+02
5.46            	left	2.46282952e+01	5.25208435e+02	9.78766575e+01
5.46            	right	3.09392854e+01	8.55349811e+02	2.31261735e+02
5.46            	stlSurface	6.32245582e+01	9.97015324e+02	3.26036730e+02
5.46            	back	2.57544971e+01	3.39334047e+03	3.49012670e+02
5.46            	bottom	6.32245582e+01	1.59080709e+03	8.76545215e+02
5.46            	front	2.46282952e+01	3.17119758e+03	3.52265127e+02
5.48            	left	2.48007615e+01	5.24269957e+02	9.79889244e+01
5.48            	right	3.06452403e+01	8.49413434e+02	2.29040615e+02
5.48            	stlSurface	6.23858663e+01	1.00287271e+03	3.34446219e+02
5.48            	back	2.60565037e+01	3.36091864e+03	3.49313456e+02
5.48            	bottom	6.23858663e+01	1.58883522e+03	8.76929531e+02
5.48            	front	2.48007615e+01	3.12665217e+03	3.51802868e+02
5.5             	left	2.50827725e+01	5.23291940e+02	9.82283129e+01
5.5             	right	3.03602918e+01	8.44024319e+02	2.26733865e+02
5.5             	stlSurface	6.15199268e+01	1.00137760e+03	3.38204004e+02
5.5             	back	2.62929214e+01	3.32767031e+03	3.49574391e+02
5.5             	bottom	6.15199268e+01	1.58522039e+03	8.77341599e+02
5.5             	front	2.50827725e+01	3.08792074e+03	3.50716978e+02
5.52            	left	2.54704319e+01	5.22285423e+02	9.86830814e+01
5.52            	right	3.00844118e+01	8.39201319e+02	2.24271852e+02
5.52            	stlSurface	6.04636133e+01	9.95109004e+02	3.41538832e+02
5.52            	back	2.65766794e+01	3.29065060e+03	3.49417766e+02
5.52            	bottom	6.04636133e+01	1.58129543e+03	8.77802018e+02
5.52            	front	2.54704319e+01	3.05730252e+03	3.50185686e+02
5.54            	left	2.57081349e+01	5.21260005e+02	9.96038810e+01
5.54            	right	2.98177329e+01	8.34492144e+02	2.22505898e+02
5.54            	stlSurface	5.93801436e+01	9.85393422e+02	3.44784648e+02
5.54            	back	2.69167745e+01	3.24710152e+03	3.49093248e+02
5.54            	bottom	5.93801436e+01	1.57570149e+03	8.78301774e+02
5.54            	front	2.57081349e+01	3.03299139e+03	3.50128208e+02
5.56            	left	2.60905621e+01	5.20428904e+02	1.01815752e+02
5.56            	right	2.95603522e+01	8.29813693e+02	2.20791337e+02
5.56            	stlSurface	5.83928959e+01	9.74706555e+02	3.47879590e+02
5.56            	back	2.72094775e+01	3.20865876e+03	3.48630443e+02
5.56            	bottom	5.83928959e+01	1.57513415e+03	8.78822134e+02
5.56            	front	2.60905621e+01	3.02413551e+03	3.50248657e+02
5.58            	left	2.64544280e+01	6.92290080e+02	1.08402306e+02
5.58            	right	2.93123325e+01	8.25036060e+02	2.19058251e+02
5.58            	stlSurface	5.74254823e+01	9.65666898e+02	3.50808459e+02
5.58            	back	2.75140441e+01	3.16211828e+03	3.47772371e+02
5.58            	bottom	5.74254823e+01	1.57341287e+03	8.79357814e+02
5.58            	front	2.64544280e+01	3.01933575e+03	3.50449343e+02
5.6             	left	2.67871521e+01	1.68867736e+03	1.26700834e+02
5.6             	right	2.90740214e+01	8.19910498e+02	2.17280442e+02
5.6             	stlSurface	5.64202747e+01	9.55969195e+02	3.53432587e+02
5.6             	back	2.78774722e+01	3.10619536e+03	3.46623082e+02
5.6             	bottom	5.64202747e+01	1.57097285e+03	8.79915829e+02
5.6             	front	2.67871521e+01	3.00571981e+03	3.50377257e+02
5.62            	left	2.72590593e+01	2.60130867e+03	1.63912429e+02
5.62            	right	2.88457573e+01	8.14056755e+02	2.15418819e+02
5.62            	stlSurface	5.53583742e+01	9.45964789e+02	3.55584063e+02
5.62            	back	2.82148159e+01	3.04053656e+03	3.44237301e+02
5.62            	bottom	5.53583742e+01	1.56703622e+03	8.80498768e+02
5.62            	front	2.72590593e+01	2.97932969e+03	3.49463603e+02
5.64            	left	2.75513839e+01	3.06430510e+03	2.30944392e+02
5.64            	right	2.86275127e+01	8.06897214e+02	2.13415131e+02
5.64            	stlSurface	5.43007358e+01	9.35941416e+02	3.57179540e+02
5.64            	back	2.85327396e+01	2.96626350e+03	3.41362348e+02
5.64            	bottom	5.43007358e+01	1.56211179e+03	8.81121306e+02
5.64            	front	2.75513839e+01	2.95251427e+03	3.47053612e+02
5.66            	left	2.80122345e+01	3.22620366e+03	3.16360173e+02
5.66            	right	2.84193057e+01	7.97487986e+02	2.11159957e+02
5.66            	stlSurface	5.32286332e+01	9.26630254e+02	3.58212291e+02
5.66            	back	2.84193057e+01	2.88726425e+03	3.38334845e+02
5.66            	bottom	5.32286332e+01	1.55658589e+03	8.81797106e+02
5.66            	front	2.80122345e+01	2.94818663e+03	3.43879206e+02
5.68            	left	2.83251330e+01	3.62677600e+03	4.03396410e+02
5.68            	right	2.82210795e+01	7.93425351e+02	2.08409166e+02
5.68            	stlSurface	5.22049238e+01	9.17955722e+02	3.58754751e+02
5.68            	back	2.82210795e+01	2.80921135e+03	3.35937590e+02
5.68            	bottom	5.22049238e+01	1.55056650e+03	8.82555219e+02
5.68            	front	2.83251330e+01	2.92501704e+03	3.40349320e+02
5.7             	left	2.87360414e+01	3.85730624e+03	4.90135748e+02
5.7             	right	2.80325440e+01	7.90174527e+02	2.05570871e+02
5.7             	stlSurface	5.13151641e+01	9.09467392e+02	3.58913404e+02
5.7             	back	2.80325440e+01	2.75751067e+03	3.34034273e+02
5.7             	bottom	5.13151641e+01	1.54363522e+03	8.83423636e+02
5.7             	front	2.87360414e+01	2.88126644e+03	3.36867128e+02
5.72            	left	2.90900457e+01	3.98721845e+03	5.80103923e+02
5.72            	right	2.78526143e+01	7.87119452e+02	2.02756670e+02
5.72            	stlSurface	5.05503248e+01	9.01317535e+02	3.58821626e+02
5.72            	back	2.78526143e+01	2.71684959e+03	3.31609451e+02
5.72            	bottom	5.05503248e+01	1.53654605e+03	8.84426998e+02
5.72            	front	2.90900457e+01	2.85302939e+03	3.34762022e+02
5.74            	left	2.94547130e+01	4.15707613e+03	6.70641321e+02
5.74            	right	2.76789158e+01	7.84236151e+02	1.99306008e+02
5.74            	stlSurface	4.98666320e+01	8.93626807e+02	3.58513697e+02
5.74            	back	2.76789158e+01	2.67624751e+03	3.28782405e+02
5.74            	bottom	4.98666320e+01	1.52851981e+03	8.85579218e+02
5.74            	front	2.94547130e+01	2.83289473e+03	3.33001344e+02
5.76            	left	2.98329237e+01	4.25998522e+03	7.64295793e+02
5.76            	right	2.75094408e+01	7.81554165e+02	1.95315000e+02
5.76            	stlSurface	4.90629033e+01	8.86361087e+02	3.57966938e+02
5.76            	back	2.75094408e+01	2.66967413e+03	3.26296116e+02
5.76            	bottom	4.90629033e+01	1.52024386e+03	8.86874197e+02
5.76            	front	2.97537964e+01	2.78746644e+03	3.31165142e+02
5.78            	left	3.01407145e+01	4.33373761e+03	8.72001410e+02
5.78            	right	2.73431561e+01	7.79083952e+02	1.91449169e+02
5.78            	stlSurface	4.82440530e+01	8.79350917e+02	3.57159042e+02
5.78            	back	2.73431561e+01	2.64831541e+03	3.23654735e+02
5.78            	bottom	4.82440530e+01	1.51144955e+03	8.88294656e+02
5.78            	front	2.95043396e+01	2.72651605e+03	3.29031738e+02
5.8             	left	3.03158167e+01	4.39365882e+03	1.00337791e+03
5.8             	right	2.71794479e+01	7.76800906e+02	1.87499597e+02
5.8             	stlSurface	4.74816435e+01	8.72540022e+02	3.56054948e+02
5.8             	back	2.71794479e+01	2.60900508e+03	3.20678140e+02
5.8             	bottom	4.74816435e+01	1.50200810e+03	8.89785558e+02
5.8             	front	2.92611279e+01	2.67455387e+03	3.26576564e+02
5.82            	left	3.04954614e+01	4.29443040e+03	1.15672424e+03
5.82            	right	2.69954228e+01	7.74557394e+02	1.84648206e+02
5.82            	stlSurface	4.67667445e+01	8.65749056e+02	3.54626301e+02
5.82            	back	2.69954228e+01	2.55325785e+03	3.17681932e+02
5.82            	bottom	4.67667445e+01	1.49269784e+03	8.91254921e+02
5.82            	front	2.90241979e+01	2.64086667e+03	3.22867704e+02
5.84            	left	3.06420153e+01	4.46364882e+03	1.32604450e+03
5.84            	right	2.68065454e+01	7.72049242e+02	1.83456233e+02
5.84            	stlSurface	4.60934779e+01	8.58506444e+02	3.52849121e+02
5.84            	back	2.68065454e+01	2.59100366e+03	3.11609916e+02
5.84            	bottom	4.60934779e+01	1.48287843e+03	8.92596555e+02
5.84            	front	2.87936212e+01	2.73935725e+03	3.17521500e+02
5.86            	left	3.07433412e+01	6.08586972e+03	1.51552460e+03
5.86            	right	2.66223062e+01	7.69338320e+02	1.82282643e+02
5.86            	stlSurface	4.54589999e+01	8.51397315e+02	3.50802674e+02
5.86            	back	2.66223062e+01	2.73482538e+03	3.10101796e+02
5.86            	bottom	4.54589999e+01	1.47268878e+03	8.93677705e+02
5.86            	front	2.85690687e+01	2.74194461e+03	3.11697438e+02
5.88            	left	3.08397411e+01	6.40948229e+03	1.65870817e+03
5.88            	right	2.64424156e+01	7.66421310e+02	1.81130107e+02
5.88            	stlSurface	4.48640269e+01	8.44040236e+02	3.48553863e+02
5.88            	back	2.64424156e+01	2.71074363e+03	3.09216551e+02
5.88            	bottom	4.48640269e+01	1.46682824e+03	8.94416647e+02
5.88            	front	2.83500229e+01	2.69647146e+03	3.09782171e+02
5.9             	left	3.09605160e+01	6.37060619e+03	1.75968088e+03
5.9             	right	2.62665425e+01	7.63271982e+02	1.79995328e+02
5.9             	stlSurface	4.43090367e+01	8.36850633e+02	3.46223123e+02
5.9             	back	2.62665425e+01	2.66234446e+03	3.07497266e+02
5.9             	bottom	4.43090367e+01	1.49042692e+03	8.94803481e+02
5.9             	front	2.81360891e+01	2.70811984e+03	3.08489544e+02
5.92            	left	3.10842781e+01	6.16841190e+03	1.82795720e+03
5.92            	right	2.60943800e+01	7.59865970e+02	1.78876121e+02
5.92            	stlSurface	4.37973884e+01	8.30074655e+02	3.43905241e+02
5.92            	back	2.60943800e+01	2.63393015e+03	3.07024362e+02
5.92            	bottom	4.37973884e+01	1.49892000e+03	8.94870621e+02
5.92            	front	2.79268717e+01	2.67418776e+03	3.08171855e+02
5.94            	left	3.11985171e+01	5.81554799e+03	1.85548357e+03
5.94            	right	2.59256771e+01	7.56209458e+02	1.77771622e+02
5.94            	stlSurface	4.33338365e+01	8.23657483e+02	3.41617957e+02
5.94            	back	2.59256771e+01	2.58983525e+03	3.06956502e+02
5.94            	bottom	4.33338365e+01	1.49953696e+03	8.94651788e+02
5.94            	front	2.77221623e+01	2.60068626e+03	3.07605393e+02
5.96            	left	3.13074627e+01	5.46942772e+03	1.85225731e+03
5.96            	right	2.57602088e+01	7.52313055e+02	1.76681206e+02
5.96            	stlSurface	4.29240977e+01	8.17747314e+02	3.39380281e+02
5.96            	back	2.57602088e+01	2.53620974e+03	3.06498256e+02
5.96            	bottom	4.29240977e+01	1.50087767e+03	8.94168312e+02
5.96            	front	2.75182023e+01	2.51374138e+03	3.06812070e+02
5.98            	left	3.14075065e+01	5.15775758e+03	1.84032229e+03
5.98            	right	2.55977395e+01	7.48195467e+02	1.75604779e+02
5.98            	stlSurface	4.25257624e+01	8.12329572e+02	3.37197388e+02
5.98            	back	2.55977395e+01	2.45139039e+03	3.05494006e+02
5.98            	bottom	4.25257624e+01	1.50114768e+03	8.93434370e+02
5.98            	front	2.73114335e+01	2.41662249e+03	3.05567630e+02
6               	left	3.15030752e+01	4.87379407e+03	1.82480977e+03
6               	right	2.54380553e+01	7.43892471e+02	1.74542776e+02
6               	stlSurface	4.21788004e+01	8.07361478e+02	3.35074147e+02
6               	back	2.54380553e+01	2.37002325e+03	3.04042031e+02
6               	bottom	4.21788004e+01	1.49922657e+03	8.92459467e+02
6               	front	2.71098039e+01	2.31916479e+03	3.04032404e+02
6.02            	left	3.16047904e+01	4.63124087e+03	1.80118336e+03
6.02            	right	2.52809780e+01	7.39453613e+02	1.73495003e+02
6.02            	stlSurface	4.18968349e+01	8.03247776e+02	3.33012986e+02
6.02            	back	2.52809780e+01	2.29227127e+03	3.01724125e+02
6.02            	bottom	4.18968349e+01	1.49495274e+03	8.91252262e+02
6.02            	front	2.69131235e+01	2.22403127e+03	3.01502841e+02
6.04            	left	3.17234820e+01	4.40351510e+03	1.76668807e+03
6.04            	right	2.51263578e+01	7.34932799e+02	1.72460957e+02
6.04            	stlSurface	4.16845702e+01	7.99555295e+02	3.31002695e+02
6.04            	back	2.51263578e+01	2.21900765e+03	2.99692442e+02
6.04            	bottom	4.16845702e+01	1.48832030e+03	8.89816869e+02
6.04            	front	2.67212183e+01	2.13239445e+03	2.99096062e+02
6.06            	left	3.18474398e+01	4.20394644e+03	1.72643603e+03
6.06            	right	2.49740531e+01	7.30366610e+02	1.71439618e+02
6.06            	stlSurface	4.15498668e+01	7.96161851e+02	3.29075325e+02
6.06            	back	2.49740531e+01	2.15417754e+03	2.98299592e+02
6.06            	bottom	4.15498668e+01	1.47949082e+03	8.88158687e+02
6.06            	front	2.65338887e+01	2.03735991e+03	2.97443503e+02
6.08            	left	3.19334062e+01	4.05375379e+03	1.67816111e+03
6.08            	right	2.48239419e+01	7.25794693e+02	1.70430593e+02
6.08            	stlSurface	4.15016548e+01	7.92833309e+02	3.27210517e+02
6.08            	back	2.48239419e+01	2.08545246e+03	2.96886112e+02
6.08            	bottom	4.15016548e+01	1.46865037e+03	8.86289635e+02
6.08            	front	2.63509701e+01	1.95840331e+03	2.96023983e+02
6.1             	left	3.19988760e+01	3.88200877e+03	1.62355566e+03
6.1             	right	2.46759038e+01	7.21241580e+02	1.69432949e+02
6.1             	stlSurface	4.15508432e+01	7.89561085e+02	3.25393931e+02
6.1             	back	2.46759038e+01	2.01557275e+03	2.95564822e+02
6.1             	bottom	4.15508432e+01	1.46583603e+03	8.84223858e+02
6.1             	front	2.61723152e+01	1.87287335e+03	2.94736620e+02
6.12            	left	3.20337678e+01	3.77783537e+03	1.56619804e+03
6.12            	right	2.45298879e+01	7.16734683e+02	1.68453785e+02
6.12            	stlSurface	4.17309851e+01	7.86286829e+02	3.23622330e+02
6.12            	back	2.45298879e+01	1.94868433e+03	2.94529952e+02
6.12            	bottom	4.17309851e+01	1.46775108e+03	8.81978206e+02
6.12            	front	2.59977811e+01	1.82293788e+03	2.93558210e+02
6.14            	left	3.21127326e+01	3.60653093e+03	1.50724352e+03
6.14            	right	2.43858809e+01	7.12291998e+02	1.67502307e+02
6.14            	stlSurface	4.20648863e+01	7.82991535e+02	3.21909562e+02
6.14            	back	2.43858809e+01	1.87503842e+03	2.93591347e+02
6.14            	bottom	4.20648863e+01	1.46691375e+03	8.79572395e+02
6.14            	front	2.58272146e+01	1.78660586e+03	2.92623643e+02
6.16            	left	3.20312319e+01	3.50519218e+03	1.44291882e+03
6.16            	right	2.42438740e+01	7.07917258e+02	1.66570821e+02
6.16            	stlSurface	4.25684540e+01	7.79693865e+02	3.20269174e+02
6.16            	back	2.42438740e+01	1.80752557e+03	2.92866032e+02
6.16            	bottom	4.25684540e+01	1.46354207e+03	8.77024451e+02
6.16            	front	2.56604782e+01	1.77290657e+03	2.91723080e+02
6.18            	left	3.22235289e+01	3.44233834e+03	1.38632824e+03
6.18            	right	2.41039128e+01	7.03598801e+02	1.65643664e+02
6.18            	stlSurface	4.32612201e+01	7.76394467e+02	3.18694494e+02
6.18            	back	2.41039128e+01	1.74182975e+03	2.92197867e+02
6.18            	bottom	4.32612201e+01	1.45781382e+03	8.74352204e+02
6.18            	front	2.54974303e+01	1.76236504e+03	2.91305737e+02
6.2             	left	3.28837696e+01	3.37710561e+03	1.33116038e+03
6.2             	right	2.39660669e+01	6.99307765e+02	1.64707046e+02
6.2             	stlSurface	4.41614510e+01	7.73000909e+02	3.17158272e+02
6.2             	back	2.39660669e+01	1.73147072e+03	2.91801247e+02
6.2             	bottom	4.41614510e+01	1.44982377e+03	8.71574825e+02
6.2             	front	2.53379314e+01	1.75614524e+03	2.91153543e+02
6.22            	left	3.29664115e+01	3.27147766e+03	1.26860659e+03
6.22            	right	2.38304187e+01	6.95005926e+02	1.63756709e+02
6.22            	stlSurface	4.52919115e+01	7.69383864e+02	3.15624874e+02
6.22            	back	2.38304187e+01	1.72765832e+03	2.91511777e+02
6.22            	bottom	4.52919115e+01	1.43960463e+03	8.68710038e+02
6.22            	front	2.51818382e+01	1.75273407e+03	2.90902223e+02
6.24            	left	3.40794058e+01	3.14951915e+03	1.21674147e+03
6.24            	right	2.36970579e+01	6.90645763e+02	1.62773398e+02
6.24            	stlSurface	4.66731451e+01	7.65638837e+02	3.14066920e+02
6.24            	back	2.36970579e+01	1.72644230e+03	2.91087995e+02
6.24            	bottom	4.66731451e+01	1.42716439e+03	8.65773622e+02
6.24            	front	2.50290173e+01	1.75756801e+03	2.90931533e+02
6.26            	left	3.65965513e+01	3.11874625e+03	1.16836648e+03
6.26            	right	2.35660872e+01	6.86179343e+02	1.61743071e+02
6.26            	stlSurface	4.83205676e+01	7.61821863e+02	3.12453609e+02
6.26            	back	2.35660872e+01	1.72963976e+03	2.90364767e+02
6.26            	bottom	4.83205676e+01	1.41255551e+03	8.62783477e+02
6.26            	front	2.48793149e+01	1.76432760e+03	2.90639319e+02
6.28            	left	3.76643203e+01	3.04993484e+03	1.11987079e+03
6.28            	right	2.34376345e+01	6.81541260e+02	1.60648633e+02
6.28            	stlSurface	5.02393846e+01	7.57665968e+02	3.10787685e+02
6.28            	back	2.34376345e+01	1.73582827e+03	2.89815708e+02
6.28            	bottom	5.02393846e+01	1.39582442e+03	8.59757088e+02
6.28            	front	2.47326014e+01	1.77174309e+03	2.90383582e+02
6.3             	left	4.06384618e+01	3.01029294e+03	1.06868403e+03
6.3             	right	2.33118283e+01	6.76653218e+02	1.59466013e+02
6.3             	stlSurface	5.24248312e+01	7.53366678e+02	3.09090416e+02
6.3             	back	2.33118283e+01	1.73718258e+03	2.89408689e+02
6.3             	bottom	5.24248312e+01	1.37696308e+03	8.56708770e+02
6.3             	front	2.45887543e+01	1.77388791e+03	2.90007839e+02
6.32            	left	4.35689262e+01	2.98048787e+03	1.02822271e+03
6.32            	right	2.31888043e+01	6.73103915e+02	1.58149128e+02
6.32            	stlSurface	5.48676977e+01	7.49300838e+02	3.07410707e+02
6.32            	back	2.31888043e+01	1.72980631e+03	2.89162938e+02
6.32            	bottom	5.48676977e+01	1.37293124e+03	8.53654689e+02
6.32            	front	2.44476211e+01	1.76765395e+03	2.89700339e+02
6.34            	left	4.55018318e+01	2.96437251e+03	9.90347813e+02
6.34            	right	2.30686617e+01	6.70528905e+02	1.56636178e+02
6.34            	stlSurface	5.75353314e+01	7.45442052e+02	3.05771166e+02
6.34            	back	2.30686617e+01	1.71819907e+03	2.88333207e+02
6.34            	bottom	5.75353314e+01	1.36938582e+03	8.50607532e+02
6.34            	front	2.43090705e+01	1.76183546e+03	2.89404436e+02
6.36            	left	4.92159845e+01	2.95063266e+03	9.47525788e+02
6.36            	right	2.29514832e+01	6.68004598e+02	1.54738956e+02
6.36            	stlSurface	6.03809850e+01	7.42006577e+02	3.04165669e+02
6.36            	back	2.29514832e+01	1.71122938e+03	2.87991240e+02
6.36            	bottom	6.03809850e+01	1.36510827e+03	8.47576621e+02
6.36            	front	2.41730021e+01	1.75431320e+03	2.88139844e+02
6.38            	left	5.11716892e+01	2.96488196e+03	9.21802203e+02
6.38            	right	2.28373458e+01	6.65535849e+02	1.52570641e+02
6.38            	stlSurface	6.33563543e+01	7.38827030e+02	3.02605382e+02
6.38            	back	2.28373458e+01	1.71782674e+03	2.86753265e+02
6.38            	bottom	6.33563543e+01	1.36005505e+03	8.44568321e+02
6.38            	front	2.40393361e+01	1.73759833e+03	2.87223420e+02
6.4             	left	5.37620168e+01	3.00636727e+03	8.96925569e+02
6.4             	right	2.27234211e+01	6.63130125e+02	1.50744491e+02
6.4             	stlSurface	6.64182871e+01	7.35531637e+02	3.01095031e+02
6.4             	back	2.27234211e+01	1.71775411e+03	2.85815377e+02
6.4             	bottom	6.64182871e+01	1.35420364e+03	8.41589613e+02
6.4             	front	2.39080206e+01	1.72731666e+03	2.86489662e+02
6.42            	left	5.71733356e+01	3.08912735e+03	8.74379612e+02
6.42            	right	2.26009322e+01	6.60793158e+02	1.49178436e+02
6.42            	stlSurface	6.95117361e+01	7.31539306e+02	2.99618009e+02
6.42            	back	2.26009322e+01	1.72100609e+03	2.85428222e+02
6.42            	bottom	6.95117361e+01	1.34751249e+03	8.38639841e+02
6.42            	front	2.37790374e+01	1.71087998e+03	2.85557902e+02
6.44            	left	5.92086135e+01	3.19362600e+03	8.53612993e+02
6.44            	right	2.24809988e+01	6.58533083e+02	1.47537816e+02
6.44            	stlSurface	7.25893376e+01	7.26514485e+02	2.98181865e+02
6.44            	back	2.24809988e+01	1.70900597e+03	2.84676757e+02
6.44            	bottom	7.25893376e+01	1.33994926e+03	8.35718215e+02
6.44            	front	2.36524715e+01	1.70206233e+03	2.84684802e+02
6.46            	left	6.14476810e+01	3.30620249e+03	8.34567424e+02
6.46            	right	2.23634742e+01	6.56357129e+02	1.46018574e+02
6.46            	stlSurface	7.56117940e+01	7.20240679e+02	2.96805171e+02
6.46            	back	2.23634742e+01	1.69129455e+03	2.84224031e+02
6.46            	bottom	7.56117940e+01	1.33149147e+03	8.32819562e+02
6.46            	front	2.35283443e+01	1.68814809e+03	2.83573246e+02
6.48            	left	6.38226563e+01	3.47444354e+03	8.15716190e+02
6.48            	right	2.22483238e+01	6.54272888e+02	1.44477561e+02
6.48            	stlSurface	7.85466607e+01	7.12619937e+02	2.95533209e+02
6.48            	back	2.22483238e+01	1.69659810e+03	2.83674771e+02
6.48            	bottom	7.85466607e+01	1.32267880e+03	8.29935766e+02
6.48            	front	2.34066152e+01	1.67529782e+03	2.82845835e+02
6.5             	left	6.61581103e+01	3.64016013e+03	7.97451409e+02
6.5             	right	2.21355482e+01	6.52286858e+02	1.42950579e+02
6.5             	stlSurface	8.13640095e+01	7.03556112e+02	2.94421029e+02
6.5             	back	2.21355482e+01	1.70229210e+03	2.83706665e+02
6.5             	bottom	8.13640095e+01	1.31376025e+03	8.27057261e+02
6.5             	front	2.32872596e+01	1.66346816e+03	2.82539397e+02
6.52            	left	6.83057156e+01	3.70686034e+03	7.84160899e+02
6.52            	right	2.20251481e+01	6.50409565e+02	1.41314650e+02
6.52            	stlSurface	8.10697929e+01	6.93946933e+02	2.93485000e+02
6.52            	back	2.20251481e+01	1.73520685e+03	2.83511639e+02
6.52            	bottom	8.10697929e+01	1.30410085e+03	8.24179499e+02
6.52            	front	2.31701988e+01	1.66256976e+03	2.82479175e+02
6.54            	left	7.01621332e+01	3.43391892e+03	7.65359084e+02
6.54            	right	2.19170492e+01	6.48643411e+02	1.39461100e+02
6.54            	stlSurface	8.04388253e+01	6.83817350e+02	2.92686633e+02
6.54            	back	2.19170492e+01	1.80052706e+03	2.83243139e+02
6.54            	bottom	8.04388253e+01	1.29371290e+03	8.21290766e+02
6.54            	front	2.30553856e+01	1.67090069e+03	2.82829285e+02
6.56            	left	7.09687757e+01	3.59150457e+03	7.41179137e+02
6.56            	right	2.18112013e+01	6.47224095e+02	1.37401817e+02
6.56            	stlSurface	7.97858915e+01	6.73107035e+02	2.91949461e+02
6.56            	back	2.18112013e+01	1.86226818e+03	2.82917935e+02
6.56            	bottom	7.97858915e+01	1.28261334e+03	8.18373777e+02
6.56            	front	2.29428728e+01	1.70158158e+03	2.83216923e+02
6.58            	left	7.11985277e+01	3.82324387e+03	7.11831385e+02
6.58            	right	2.17076026e+01	6.46097588e+02	1.35854428e+02
6.58            	stlSurface	7.91100397e+01	6.62108107e+02	2.91179879e+02
6.58            	back	2.17076026e+01	1.90217197e+03	2.82806619e+02
6.58            	bottom	7.91100397e+01	1.27082953e+03	8.15407447e+02
6.58            	front	2.28326008e+01	1.77254489e+03	2.84013869e+02
6.6             	left	7.13582715e+01	3.72812086e+03	6.78755206e+02
6.6             	right	2.16062551e+01	6.44912755e+02	1.35148332e+02
6.6             	stlSurface	7.84096068e+01	6.50849183e+02	2.90249256e+02
6.6             	back	2.16062551e+01	1.90484288e+03	2.82797369e+02
6.6             	bottom	7.84096068e+01	1.25842417e+03	8.12377189e+02
6.6             	front	2.27207771e+01	1.86249105e+03	2.84769678e+02
6.62            	left	7.14589434e+01	3.69025789e+03	6.50612700e+02
6.62            	right	2.15071419e+01	6.43657497e+02	1.34559959e+02
6.62            	stlSurface	7.76805571e+01	6.39280124e+02	2.89034982e+02
6.62            	back	2.15071419e+01	1.88453316e+03	2.82563007e+02
6.62            	bottom	7.76805571e+01	1.24544000e+03	8.09265218e+02
6.62            	front	2.25863915e+01	2.03021613e+03	2.85598921e+02
6.64            	left	7.14894112e+01	3.79936771e+03	6.19611606e+02
6.64            	right	2.14102158e+01	6.42317961e+02	1.33978030e+02
6.64            	stlSurface	7.69150930e+01	6.27385086e+02	2.87422720e+02
6.64            	back	2.14102158e+01	2.04119018e+03	2.81998849e+02
6.64            	bottom	7.69150930e+01	1.23166579e+03	8.06061476e+02
6.64            	front	2.24547730e+01	2.20735558e+03	2.86580868e+02
6.66            	left	7.14454340e+01	3.71254918e+03	6.02689253e+02
6.66            	right	2.13153969e+01	6.40865615e+02	1.33402039e+02
6.66            	stlSurface	7.60344607e+01	6.15418621e+02	2.85406223e+02
6.66            	back	2.13153969e+01	2.11639293e+03	2.81377187e+02
6.66            	bottom	7.60344607e+01	1.21645589e+03	8.02775796e+02
6.66            	front	2.23258611e+01	2.39803513e+03	2.87787815e+02
6.68            	left	7.13169189e+01	3.43135229e+03	5.97465639e+02
6.68            	right	2.12226154e+01	6.39282434e+02	1.32832092e+02
6.68            	stlSurface	7.51232645e+01	6.03820471e+02	2.83041050e+02
6.68            	back	2.12226154e+01	2.07479050e+03	2.81113201e+02
6.68            	bottom	7.51232645e+01	1.20016647e+03	7.99439223e+02
6.68            	front	2.21996162e+01	2.61810634e+03	2.89026557e+02
6.7             	left	7.11103401e+01	3.10224163e+03	5.96331651e+02
6.7             	right	2.11317966e+01	6.37555121e+02	1.32268036e+02
6.7             	stlSurface	7.41839596e+01	5.92881282e+02	2.80483504e+02
6.7             	back	2.11317966e+01	1.91236647e+03	2.80782852e+02
6.7             	bottom	7.41839596e+01	1.18692872e+03	7.96073946e+02
6.7             	front	2.20760053e+01	2.69546759e+03	2.90364463e+02
6.72            	left	7.08349500e+01	3.05108759e+03	5.99953355e+02
6.72            	right	2.10428646e+01	6.35676249e+02	1.31709498e+02
6.72            	stlSurface	7.32197025e+01	5.82517230e+02	2.77932190e+02
6.72            	back	2.10428646e+01	1.92856003e+03	2.80358323e+02
6.72            	bottom	7.32197025e+01	1.18232522e+03	7.92686372e+02
6.72            	front	2.19549988e+01	2.68562802e+03	2.91299434e+02
6.74            	left	6.99664536e+01	3.14437796e+03	6.06666933e+02
6.74            	right	2.09557471e+01	6.33638050e+02	1.31156119e+02
6.74            	stlSurface	7.22356565e+01	5.74103223e+02	2.75472329e+02
6.74            	back	2.09557471e+01	1.91701233e+03	2.80215307e+02
6.74            	bottom	7.22356565e+01	1.17924439e+03	7.89274694e+02
6.74            	front	2.18365624e+01	2.80497479e+03	2.91881778e+02
6.76            	left	6.91339768e+01	3.26812227e+03	6.13941486e+02
6.76            	right	2.08703647e+01	6.31433266e+02	1.30607634e+02
6.76            	stlSurface	7.12374161e+01	5.74103789e+02	2.73076703e+02
6.76            	back	2.08703647e+01	1.75224428e+03	2.80143107e+02
6.76            	bottom	7.12374161e+01	1.17888518e+03	7.85838468e+02
6.76            	front	2.17206719e+01	2.82200241e+03	2.92493016e+02
6.78            	left	6.83552007e+01	3.33577658e+03	6.23373717e+02
6.78            	right	2.07866433e+01	6.29060674e+02	1.30063784e+02
6.78            	stlSurface	7.02317852e+01	5.74902288e+02	2.70685121e+02
6.78            	back	2.07866433e+01	1.73958555e+03	2.79757718e+02
6.78            	bottom	7.02317852e+01	1.17724997e+03	7.82382363e+02
6.78            	front	2.16073086e+01	2.80616432e+03	2.92679621e+02
6.8             	left	6.76531725e+01	3.33462032e+03	6.33697384e+02
6.8             	right	2.07045118e+01	6.26514667e+02	1.29522020e+02
6.8             	stlSurface	6.92292353e+01	5.75459418e+02	2.68291364e+02
6.8             	back	2.07045118e+01	1.74881141e+03	2.79399971e+02
6.8             	bottom	6.92292353e+01	1.17443205e+03	7.78911445e+02
6.8             	front	2.14964451e+01	2.75952195e+03	2.92341940e+02
6.82            	left	6.70525877e+01	3.32394763e+03	6.42067139e+02
6.82            	right	2.06238920e+01	6.23800960e+02	1.28979571e+02
6.82            	stlSurface	6.82399175e+01	5.77628680e+02	2.65846330e+02
6.82            	back	2.06238920e+01	1.75051278e+03	2.79078679e+02
6.82            	bottom	6.82399175e+01	1.17118434e+03	7.75431425e+02
6.82            	front	2.13880568e+01	2.75144395e+03	2.91928749e+02
6.84            	left	6.64953041e+01	3.28457001e+03	6.47253303e+02
6.84            	right	2.05366062e+01	6.21144311e+02	1.28440841e+02
6.84            	stlSurface	6.72590475e+01	5.83429427e+02	2.63387906e+02
6.84            	back	2.05366062e+01	1.75591100e+03	2.78685444e+02
6.84            	bottom	6.72590475e+01	1.16963342e+03	7.71951726e+02
6.84            	front	2.12821265e+01	2.66547566e+03	2.91139977e+02
6.86            	left	6.59820911e+01	3.17894610e+03	6.49203972e+02
6.86            	right	2.04466958e+01	6.18368268e+02	1.27900216e+02
6.86            	stlSurface	6.62750280e+01	5.89243196e+02	2.61011852e+02
6.86            	back	2.04466958e+01	1.75282656e+03	2.78365980e+02
6.86            	bottom	6.62750280e+01	1.16699536e+03	7.68481809e+02
6.86            	front	2.11786284e+01	2.54459813e+03	2.90175667e+02
6.88            	left	6.55208237e+01	3.08862934e+03	6.47246358e+02
6.88            	right	2.03584450e+01	6.15418508e+02	1.27364689e+02
6.88            	stlSurface	6.52758420e+01	5.96294764e+02	2.58785324e+02
6.88            	back	2.03584450e+01	1.72774156e+03	2.77949621e+02
6.88            	bottom	6.52758420e+01	1.16341757e+03	7.65027267e+02
6.88            	front	2.10775365e+01	2.42084730e+03	2.89132088e+02
6.9             	left	6.46232977e+01	2.96889015e+03	6.41580081e+02
6.9             	right	2.02718241e+01	6.12300480e+02	1.26833934e+02
6.9             	stlSurface	6.42477741e+01	6.03906711e+02	2.56778660e+02
6.9             	back	2.02718241e+01	1.71566642e+03	2.77565076e+02
6.9             	bottom	6.42477741e+01	1.15902339e+03	7.61593922e+02
6.9             	front	2.09788409e+01	2.30014408e+03	2.87822054e+02
6.92            	left	6.38119078e+01	2.85668807e+03	6.33046791e+02
6.92            	right	2.01868039e+01	6.09023490e+02	1.26307720e+02
6.92            	stlSurface	6.32185711e+01	6.11279997e+02	2.55037310e+02
6.92            	back	2.01868039e+01	1.68475599e+03	2.77098807e+02
6.92            	bottom	6.32185711e+01	1.15395905e+03	7.58185635e+02
6.92            	front	2.08825264e+01	2.19209666e+03	2.85944010e+02
6.94            	left	6.31287917e+01	2.75521107e+03	6.20640031e+02
6.94            	right	2.01033634e+01	6.05594367e+02	1.25785815e+02
6.94            	stlSurface	6.22542533e+01	6.18133565e+02	2.53567153e+02
6.94            	back	2.01033634e+01	1.69191472e+03	2.76166191e+02
6.94            	bottom	6.22542533e+01	1.14901804e+03	7.54805645e+02
6.94            	front	2.07885759e+01	2.10565447e+03	2.83939672e+02
6.96            	left	6.25508472e+01	2.66070154e+03	6.06556177e+02
6.96            	right	2.00214896e+01	6.02028101e+02	1.25268068e+02
6.96            	stlSurface	6.13439511e+01	6.24427627e+02	2.52345604e+02
6.96            	back	2.00214896e+01	1.69447243e+03	2.75508453e+02
6.96            	bottom	6.13439511e+01	1.14522967e+03	7.51457021e+02
6.96            	front	2.06969742e+01	2.01140819e+03	2.81481689e+02
6.98            	left	6.20564695e+01	2.56570347e+03	5.90565307e+02
6.98            	right	1.99411825e+01	5.98351503e+02	1.24754513e+02
6.98            	stlSurface	6.04768884e+01	6.29611611e+02	2.51347040e+02
6.98            	back	1.99411825e+01	1.69701777e+03	2.74630491e+02
6.98            	bottom	6.04768884e+01	1.14220400e+03	7.48148580e+02
6.98            	front	2.06077080e+01	1.93358083e+03	2.79266200e+02
7               	left	6.16266134e+01	2.45768947e+03	5.74313822e+02
7               	right	1.98624581e+01	5.94594398e+02	1.24245167e+02
7               	stlSurface	5.97108748e+01	6.33084541e+02	2.50540304e+02
7               	back	1.98624581e+01	1.70383414e+03	2.73881624e+02
7               	bottom	5.97108748e+01	1.14011520e+03	7.44890372e+02
7               	front	2.05207641e+01	1.81781834e+03	2.77040105e+02
7.02            	left	6.11548750e+01	2.35918380e+03	5.60942532e+02
7.02            	right	1.97853467e+01	5.90796055e+02	1.23740041e+02
7.02            	stlSurface	5.91314096e+01	6.35278622e+02	2.49905640e+02
7.02            	back	1.97853467e+01	1.72920127e+03	2.72860662e+02
7.02            	bottom	5.91314096e+01	1.13765275e+03	7.41691726e+02
7.02            	front	2.04361323e+01	1.78748439e+03	2.75213427e+02
7.04            	left	6.04300539e+01	2.28979045e+03	5.44235731e+02
7.04            	right	1.97098876e+01	5.87000487e+02	1.23238094e+02
7.04            	stlSurface	5.86390525e+01	6.36426062e+02	2.49406747e+02
7.04            	back	1.97098876e+01	1.72542235e+03	2.71541779e+02
7.04            	bottom	5.86390525e+01	1.13776545e+03	7.38563588e+02
7.04            	front	2.03538041e+01	1.78225720e+03	2.73126761e+02
7.06            	left	5.98209353e+01	2.22262677e+03	5.29546555e+02
7.06            	right	1.96361370e+01	5.83246586e+02	1.22731407e+02
7.06            	stlSurface	5.82617489e+01	6.36771602e+02	2.48996555e+02
7.06            	back	1.96361370e+01	1.72267632e+03	2.70274555e+02
7.06            	bottom	5.82617489e+01	1.13900767e+03	7.35518586e+02
7.06            	front	2.02737806e+01	1.77419639e+03	2.71460562e+02
7.08            	left	5.93047390e+01	2.16402721e+03	5.14339071e+02
7.08            	right	1.95641237e+01	5.79595754e+02	1.22226723e+02
7.08            	stlSurface	5.79723270e+01	6.36536358e+02	2.48658394e+02
7.08            	back	1.95641237e+01	1.71798224e+03	2.69164520e+02
7.08            	bottom	5.79723270e+01	1.14029527e+03	7.32563690e+02
7.08            	front	2.01960343e+01	1.74669211e+03	2.69818442e+02
7.1             	left	5.88653745e+01	2.13903985e+03	4.99827555e+02
7.1             	right	1.94939343e+01	5.76088076e+02	1.21732523e+02
7.1             	stlSurface	5.77426593e+01	6.35889016e+02	2.48362604e+02
7.1             	back	1.94939343e+01	1.69579368e+03	2.68009408e+02
7.1             	bottom	5.77426593e+01	1.14128099e+03	7.29708280e+02
7.1             	front	2.01175459e+01	1.70195315e+03	2.68361237e+02
7.12            	left	5.84935150e+01	2.09198406e+03	4.83491244e+02
7.12            	right	1.94256674e+01	5.72755226e+02	1.21249644e+02
7.12            	stlSurface	5.75456775e+01	6.34901747e+02	2.48077263e+02
7.12            	back	1.94256674e+01	1.66946809e+03	2.66880745e+02
7.12            	bottom	5.75456775e+01	1.14542689e+03	7.26963116e+02
7.12            	front	2.00331996e+01	1.64157572e+03	2.67011330e+02
7.14            	left	5.80157654e+01	2.05783817e+03	4.69481221e+02
7.14            	right	1.93594213e+01	5.69618776e+02	1.20771777e+02
7.14            	stlSurface	5.73609201e+01	6.33630581e+02	2.47771868e+02
7.14            	back	1.93594213e+01	1.65203780e+03	2.65563930e+02
7.14            	bottom	5.73609201e+01	1.15842029e+03	7.24334880e+02
7.14            	front	1.99511135e+01	1.57581981e+03	2.65953604e+02
7.16            	left	5.74504167e+01	2.01908908e+03	4.52972413e+02
7.16            	right	1.92952982e+01	5.66720632e+02	1.20297035e+02
7.16            	stlSurface	5.71792438e+01	6.32132013e+02	2.47420955e+02
7.16            	back	1.92952982e+01	1.62758205e+03	2.64411512e+02
7.16            	bottom	5.71792438e+01	1.17069106e+03	7.21827704e+02
7.16            	front	1.98712986e+01	1.55039300e+03	2.64961919e+02
7.18            	left	5.69791995e+01	1.94666445e+03	4.39328207e+02
7.18            	right	1.92312836e+01	5.64054150e+02	1.19819830e+02
7.18            	stlSurface	5.69905121e+01	6.30459834e+02	2.47000942e+02
7.18            	back	1.92312836e+01	1.60062520e+03	2.63350126e+02
7.18            	bottom	5.69905121e+01	1.18192287e+03	7.19444760e+02
7.18            	front	1.97937655e+01	1.54456363e+03	2.63949690e+02
7.2             	left	5.65873247e+01	1.91345869e+03	4.23693083e+02
7.2             	right	1.91615136e+01	5.61582969e+02	1.19327286e+02
7.2             	stlSurface	5.67788882e+01	6.28618762e+02	2.46486983e+02
7.2             	back	1.91615136e+01	1.57666327e+03	2.62257947e+02
7.2             	bottom	5.67788882e+01	1.19188079e+03	7.17185091e+02
7.2             	front	1.97185300e+01	1.53859630e+03	2.62805543e+02
7.22            	left	5.62705160e+01	1.76562410e+03	4.11593885e+02
7.22            	right	1.90938395e+01	5.59265434e+02	1.18809590e+02
7.22            	stlSurface	5.65348800e+01	6.26561477e+02	2.45857207e+02
7.22            	back	1.90938395e+01	1.55396705e+03	2.60924153e+02
7.22            	bottom	5.65348800e+01	1.20102332e+03	7.15047778e+02
7.22            	front	1.96456070e+01	1.52983531e+03	2.61930796e+02
7.24            	left	5.58739184e+01	1.74020307e+03	4.01224590e+02
7.24            	right	1.90283248e+01	5.57059874e+02	1.18248465e+02
7.24            	stlSurface	5.62745201e+01	6.24241858e+02	2.45096524e+02
7.24            	back	1.90283248e+01	1.53026537e+03	2.59501292e+02
7.24            	bottom	5.62745201e+01	1.21182916e+03	7.13030649e+02
7.24            	front	1.95750121e+01	1.51724205e+03	2.61339078e+02
7.26            	left	5.54200799e+01	1.70672711e+03	3.91407667e+02
7.26            	right	1.89650822e+01	5.54900417e+02	1.17690218e+02
7.26            	stlSurface	5.59981464e+01	6.21720228e+02	2.44200269e+02
7.26            	back	1.89650822e+01	1.50840098e+03	2.58544894e+02
7.26            	bottom	5.59981464e+01	1.22106665e+03	7.11133020e+02
7.26            	front	1.95068145e+01	1.50267496e+03	2.61026938e+02
7.28            	left	5.50471547e+01	1.68025799e+03	3.83813889e+02
7.28            	right	1.89041067e+01	5.52763096e+02	1.17153255e+02
7.28            	stlSurface	5.57083941e+01	6.18878276e+02	2.43174948e+02
7.28            	back	1.89041067e+01	1.49069880e+03	2.57975548e+02
7.28            	bottom	5.57083941e+01	1.22868898e+03	7.09350517e+02
7.28            	front	1.94409781e+01	1.49084780e+03	2.60813068e+02
7.3             	left	5.47458227e+01	1.66512308e+03	3.76588897e+02
7.3             	right	1.88454723e+01	5.50638905e+02	1.16646487e+02
7.3             	stlSurface	5.54099767e+01	6.15737955e+02	2.42030083e+02
7.3             	back	1.88454723e+01	1.48687737e+03	2.57651192e+02
7.3             	bottom	5.54099767e+01	1.23469133e+03	7.07682483e+02
7.3             	front	1.93775438e+01	1.48795418e+03	2.60656552e+02
7.32            	left	5.45008635e+01	1.67834405e+03	3.71892835e+02
7.32            	right	1.87892375e+01	5.48522046e+02	1.16174115e+02
7.32            	stlSurface	5.51024656e+01	6.12306504e+02	2.40778414e+02
7.32            	back	1.87892375e+01	1.48444330e+03	2.57452574e+02
7.32            	bottom	5.51024656e+01	1.23911950e+03	7.06123194e+02
7.32            	front	1.93165330e+01	1.48485295e+03	2.60462593e+02
7.34            	left	5.40971386e+01	1.68979991e+03	3.67164199e+02
7.34            	right	1.87354577e+01	5.46409504e+02	1.15727028e+02
7.34            	stlSurface	5.47851896e+01	6.08476590e+02	2.39430484e+02
7.34            	back	1.87354577e+01	1.48420631e+03	2.57304303e+02
7.34            	bottom	5.47851896e+01	1.24437524e+03	7.04666773e+02
7.34            	front	1.92579683e+01	1.48087639e+03	2.60217038e+02
7.36            	left	5.37472860e+01	1.67265675e+03	3.63669859e+02
7.36            	right	1.86841836e+01	5.44300786e+02	1.15298757e+02
7.36            	stlSurface	5.44573610e+01	6.03832888e+02	2.37995695e+02
7.36            	back	1.86841836e+01	1.48216184e+03	2.57221348e+02
7.36            	bottom	5.44573610e+01	1.24873514e+03	7.03307630e+02
7.36            	front	1.92018713e+01	1.47839242e+03	2.59885741e+02
7.38            	left	5.34542231e+01	1.63877742e+03	3.59929474e+02
7.38            	right	1.86354587e+01	5.42187440e+02	1.14881755e+02
7.38            	stlSurface	5.41177936e+01	5.98449786e+02	2.36485167e+02
7.38            	back	1.86354587e+01	1.47689872e+03	2.57097118e+02
7.38            	bottom	5.41177936e+01	1.25165484e+03	7.02039928e+02
7.38            	front	1.91482600e+01	1.47431600e+03	2.59434011e+02
7.4             	left	5.32051510e+01	1.60405891e+03	3.54017256e+02
7.4             	right	1.85893255e+01	5.40049816e+02	1.14470238e+02
7.4             	stlSurface	5.37651417e+01	5.93076260e+02	2.34917773e+02
7.4             	back	1.85893255e+01	1.47320875e+03	2.56887007e+02
7.4             	bottom	5.37651417e+01	1.25324092e+03	7.00857502e+02
7.4             	front	1.90971558e+01	1.46968170e+03	2.58899464e+02
7.42            	left	5.28787260e+01	1.56730783e+03	3.46751043e+02
7.42            	right	1.85458305e+01	5.37908549e+02	1.14060015e+02
7.42            	stlSurface	5.33973640e+01	5.88586487e+02	2.33313859e+02
7.42            	back	1.85458305e+01	1.46710325e+03	2.56594367e+02
7.42            	bottom	5.33973640e+01	1.25361388e+03	6.99752529e+02
7.42            	front	1.90485864e+01	1.46313585e+03	2.58069492e+02
7.44            	left	5.23720906e+01	1.52923113e+03	3.40775692e+02
7.44            	right	1.85050167e+01	5.35768819e+02	1.13668771e+02
7.44            	stlSurface	5.30122618e+01	5.84200081e+02	2.31694700e+02
7.44            	back	1.85050167e+01	1.45940532e+03	2.56472757e+02
7.44            	bottom	5.30122618e+01	1.25420536e+03	6.98716411e+02
7.44            	front	1.90025734e+01	1.45480960e+03	2.57200720e+02
7.46            	left	5.18182012e+01	1.49085845e+03	3.35152195e+02
7.46            	right	1.84645068e+01	5.33634081e+02	1.13294154e+02
7.46            	stlSurface	5.26073244e+01	5.79949791e+02	2.30086051e+02
7.46            	back	1.84645068e+01	1.44934431e+03	2.56214840e+02
7.46            	bottom	5.26073244e+01	1.25448296e+03	6.97740735e+02
7.46            	front	1.89591423e+01	1.44505774e+03	2.56347424e+02
7.48            	left	5.13068814e+01	1.45356327e+03	3.28239413e+02
7.48            	right	1.84182936e+01	5.31507606e+02	1.12941989e+02
7.48            	stlSurface	5.21799270e+01	5.75926578e+02	2.28514787e+02
7.48            	back	1.84182936e+01	1.43499452e+03	2.55629055e+02
7.48            	bottom	5.21799270e+01	1.25372223e+03	6.96817594e+02
7.48            	front	1.89183224e+01	1.43236034e+03	2.55508022e+02
7.5             	left	5.08333906e+01	1.42213265e+03	3.22575127e+02
7.5             	right	1.83745266e+01	5.29391174e+02	1.12616161e+02
7.5             	stlSurface	5.17268965e+01	5.72172040e+02	2.27006913e+02
7.5             	back	1.83745266e+01	1.41700172e+03	2.55115237e+02
7.5             	bottom	5.17268965e+01	1.25203569e+03	6.95937651e+02
7.5             	front	1.88801500e+01	1.42178307e+03	2.55045602e+02
7.52            	left	5.03971631e+01	1.39822084e+03	3.16515529e+02
7.52            	right	1.83332555e+01	5.27281741e+02	1.12309285e+02
7.52            	stlSurface	5.12469064e+01	5.68765099e+02	2.25587119e+02
7.52            	back	1.83332555e+01	1.39828630e+03	2.54642769e+02
7.52            	bottom	5.12469064e+01	1.24952451e+03	6.95091061e+02
7.52            	front	1.88446538e+01	1.41017447e+03	2.54578925e+02
7.54            	left	4.99949754e+01	1.37626389e+03	3.11915282e+02
7.54            	right	1.82945448e+01	5.25177572e+02	1.12026758e+02
7.54            	stlSurface	5.07380332e+01	5.65802189e+02	2.24285065e+02
7.54            	back	1.82945448e+01	1.39382515e+03	2.54136415e+02
7.54            	bottom	5.07380332e+01	1.24719104e+03	6.94267957e+02
7.54            	front	1.88118608e+01	1.39897056e+03	2.54126493e+02
7.56            	left	4.94648865e+01	1.33909009e+03	3.07894743e+02
7.56            	right	1.82584323e+01	5.23081623e+02	1.11777109e+02
7.56            	stlSurface	5.01983671e+01	5.63376255e+02	2.23111574e+02
7.56            	back	1.82584323e+01	1.38876167e+03	2.54048279e+02
7.56            	bottom	5.01983671e+01	1.24461704e+03	6.93459610e+02
7.56            	front	1.87818189e+01	1.38673200e+03	2.53901967e+02
7.58            	left	4.88523271e+01	1.29865743e+03	3.02832829e+02
7.58            	right	1.82249209e+01	5.21000813e+02	1.11558709e+02
7.58            	stlSurface	4.96286099e+01	5.61394574e+02	2.22032985e+02
7.58            	back	1.82249209e+01	1.38011403e+03	2.53952196e+02
7.58            	bottom	4.96286099e+01	1.24133368e+03	6.92658039e+02
7.58            	front	1.87544879e+01	1.37582560e+03	2.53571125e+02
7.6             	left	4.83103625e+01	1.28888974e+03	2.94752706e+02
7.6             	right	1.81941417e+01	5.18943780e+02	1.11369959e+02
7.6             	stlSurface	4.90256101e+01	5.59982183e+02	2.21053864e+02
7.6             	back	1.81941417e+01	1.37068466e+03	2.53560280e+02
7.6             	bottom	4.90256101e+01	1.23741402e+03	6.91856539e+02
7.6             	front	1.87299735e+01	1.36335328e+03	2.52952149e+02
7.62            	left	4.78246919e+01	1.27531640e+03	2.87651513e+02
7.62            	right	1.81661751e+01	5.16924121e+02	1.11210279e+02
7.62            	stlSurface	4.83881977e+01	5.59037301e+02	2.20167288e+02
7.62            	back	1.81661751e+01	1.36103826e+03	2.53021467e+02
7.62            	bottom	4.83881977e+01	1.23292144e+03	6.91049834e+02
7.62            	front	1.87085689e+01	1.35019061e+03	2.51972320e+02
7.64            	left	4.73860074e+01	1.25780658e+03	2.82687705e+02
7.64            	right	1.81411145e+01	5.14958359e+02	1.11076093e+02
7.64            	stlSurface	4.77163802e+01	5.58488392e+02	2.19360195e+02
7.64            	back	1.81411145e+01	1.35132819e+03	2.52291733e+02
7.64            	bottom	4.77163802e+01	1.22847306e+03	6.90233696e+02
7.64            	front	1.86905638e+01	1.33819948e+03	2.51160169e+02
7.66            	left	4.69877564e+01	1.23611817e+03	2.79564979e+02
7.66            	right	1.81190605e+01	5.13097425e+02	1.10967461e+02
7.66            	stlSurface	4.70115446e+01	5.58272473e+02	2.18617138e+02
7.66            	back	1.81190605e+01	1.34084656e+03	2.51183827e+02
7.66            	bottom	4.70115446e+01	1.22387001e+03	6.89405293e+02
7.66            	front	1.86759815e+01	1.32716826e+03	2.50419678e+02
7.68            	left	4.66228255e+01	1.21020466e+03	2.76169399e+02
7.68            	right	1.81001425e+01	5.11378163e+02	1.10884693e+02
7.68            	stlSurface	4.62807519e+01	5.58312694e+02	2.17924458e+02
7.68            	back	1.81001425e+01	1.32990024e+03	2.50188298e+02
7.68            	bottom	4.62807519e+01	1.21875023e+03	6.88562847e+02
7.68            	front	1.86648505e+01	1.31856259e+03	2.49662700e+02
7.7             	left	4.62834117e+01	1.18819799e+03	2.73501696e+02
7.7             	right	1.80828709e+01	5.09751888e+02	1.10830586e+02
7.7             	stlSurface	4.55749463e+01	5.58518297e+02	2.17271328e+02
7.7             	back	1.80828709e+01	1.32137648e+03	2.49291942e+02
7.7             	bottom	4.55749463e+01	1.21315628e+03	6.87705619e+02
7.7             	front	1.86572060e+01	1.31280107e+03	2.48748833e+02
7.72            	left	4.59634314e+01	1.16943399e+03	2.71161920e+02
7.72            	right	1.80593697e+01	5.08189519e+02	1.10808845e+02
7.72            	stlSurface	4.49115052e+01	5.58805238e+02	2.16647677e+02
7.72            	back	1.80593697e+01	1.31536406e+03	2.48381185e+02
7.72            	bottom	4.49115052e+01	1.20712460e+03	6.86833794e+02
7.72            	front	1.86530838e+01	1.30615524e+03	2.47874907e+02
7.74            	left	4.56568926e+01	1.14846724e+03	2.69000712e+02
7.74            	right	1.80391804e+01	5.06691491e+02	1.10826421e+02
7.74            	stlSurface	4.42983961e+01	5.59101128e+02	2.16046725e+02
7.74            	back	1.80391804e+01	1.31050841e+03	2.47535073e+02
7.74            	bottom	4.42983961e+01	1.20097968e+03	6.85948368e+02
7.74            	front	1.86525128e+01	1.29884268e+03	2.46979131e+02
7.76            	left	4.51108447e+01	1.12403054e+03	2.66992726e+02
7.76            	right	1.80224992e+01	5.05261157e+02	1.10879998e+02
7.76            	stlSurface	4.37560866e+01	5.59337488e+02	2.15468382e+02
7.76            	back	1.80224992e+01	1.30315738e+03	2.46586957e+02
7.76            	bottom	4.37560866e+01	1.19480161e+03	6.85051243e+02
7.76            	front	1.86412043e+01	1.28943186e+03	2.46142510e+02
7.78            	left	4.46174259e+01	1.10338379e+03	2.65016726e+02
7.78            	right	1.80095207e+01	5.03952503e+02	1.10968214e+02
7.78            	stlSurface	4.32723160e+01	5.59423000e+02	2.14914849e+02
7.78            	back	1.80095207e+01	1.29174209e+03	2.45668449e+02
7.78            	bottom	4.32723160e+01	1.18823232e+03	6.84145033e+02
7.78            	front	1.86276698e+01	1.27663369e+03	2.45276806e+02
7.8             	left	4.41554469e+01	1.07633833e+03	2.62888893e+02
7.8             	right	1.80004590e+01	5.03007572e+02	1.11086544e+02
7.8             	stlSurface	4.28320078e+01	5.59358827e+02	2.14391251e+02
7.8             	back	1.80004590e+01	1.27404529e+03	2.44725975e+02
7.8             	bottom	4.28320078e+01	1.18130694e+03	6.83232913e+02
7.8             	front	1.86180997e+01	1.25945259e+03	2.44476464e+02
7.82            	left	4.37184868e+01	1.05851245e+03	2.60480101e+02
7.82            	right	1.79955519e+01	5.02153959e+02	1.11229337e+02
7.82            	stlSurface	4.23624113e+01	5.59207181e+02	2.13905111e+02
7.82            	back	1.79955519e+01	1.25399887e+03	2.43825018e+02
7.82            	bottom	4.23624113e+01	1.17406181e+03	6.82318337e+02
7.82            	front	1.86126130e+01	1.23542017e+03	2.43583583e+02
7.84            	left	4.33087235e+01	1.04621131e+03	2.57692322e+02
7.84            	right	1.79950683e+01	5.01609053e+02	1.11391901e+02
7.84            	stlSurface	4.19326344e+01	5.59091125e+02	2.13465263e+02
7.84            	back	1.79950683e+01	1.25403607e+03	2.42898250e+02
7.84            	bottom	4.19326344e+01	1.16673670e+03	6.81404206e+02
7.84            	front	1.86113223e+01	1.22642963e+03	2.42592515e+02
7.86            	left	4.29235847e+01	1.03589729e+03	2.54415569e+02
7.86            	right	1.79992948e+01	5.01379920e+02	1.11571655e+02
7.86            	stlSurface	4.15341617e+01	5.58965414e+02	2.13073292e+02
7.86            	back	1.79992948e+01	1.25345683e+03	2.41861910e+02
7.86            	bottom	4.15341617e+01	1.15947710e+03	6.80494619e+02
7.86            	front	1.86143539e+01	1.22286387e+03	2.41609769e+02
7.88            	left	4.25532351e+01	1.02545904e+03	2.50670668e+02
7.88            	right	1.80085396e+01	5.01208661e+02	1.11765965e+02
7.88            	stlSurface	4.11601186e+01	5.58771981e+02	2.12721384e+02
7.88            	back	1.80085396e+01	1.25196200e+03	2.40820555e+02
7.88            	bottom	4.11601186e+01	1.15199325e+03	6.79593452e+02
7.88            	front	1.86218239e+01	1.21905918e+03	2.40448361e+02
7.9             	left	4.21916851e+01	1.01467453e+03	2.46153216e+02
7.9             	right	1.80146793e+01	5.01305205e+02	1.11973197e+02
7.9             	stlSurface	4.08041830e+01	5.58896053e+02	2.12397491e+02
7.9             	back	1.80146793e+01	1.24946995e+03	2.39745084e+02
7.9             	bottom	4.08041830e+01	1.14434129e+03	6.78706222e+02
7.9             	front	1.86343716e+01	1.21404253e+03	2.39001656e+02
7.92            	left	4.18262031e+01	1.00544954e+03	2.41484900e+02
7.92            	right	1.80207998e+01	5.01515286e+02	1.12193771e+02
7.92            	stlSurface	4.04615754e+01	5.59030386e+02	2.12087971e+02
7.92            	back	1.80207998e+01	1.24542197e+03	2.38681370e+02
7.92            	bottom	4.04615754e+01	1.13658413e+03	6.77839588e+02
7.92            	front	1.86524240e+01	1.20697758e+03	2.37078341e+02
7.94            	left	4.12534228e+01	9.95673017e+02	2.38477629e+02
7.94            	right	1.80319658e+01	5.01814928e+02	1.12430398e+02
7.94            	stlSurface	4.01278058e+01	5.58795937e+02	2.11778555e+02
7.94            	back	1.80319658e+01	1.24039663e+03	2.37592912e+02
7.94            	bottom	4.01278058e+01	1.12881862e+03	6.77001535e+02
7.94            	front	1.86759809e+01	1.19823828e+03	2.35663856e+02
7.96            	left	4.06421668e+01	9.84966270e+02	2.36138201e+02
7.96            	right	1.80485519e+01	5.02204832e+02	1.12686722e+02
7.96            	stlSurface	3.97986491e+01	5.58178418e+02	2.11453867e+02
7.96            	back	1.80485519e+01	1.23224545e+03	2.36299728e+02
7.96            	bottom	3.97986491e+01	1.12165203e+03	6.76197568e+02
7.96            	front	1.87050333e+01	1.18709107e+03	2.34566793e+02
7.98            	left	4.00374519e+01	9.74150716e+02	2.33862996e+02
7.98            	right	1.80709670e+01	5.02685021e+02	1.12967208e+02
7.98            	stlSurface	3.94706558e+01	5.57225528e+02	2.11095646e+02
7.98            	back	1.80709670e+01	1.22004252e+03	2.35004494e+02
7.98            	bottom	3.94706558e+01	1.11480684e+03	6.75430076e+02
7.98            	front	1.87395655e+01	1.17418676e+03	2.33537468e+02
8               	left	3.94399166e+01	9.63575118e+02	2.32047590e+02
8               	right	1.80996554e+01	5.03255882e+02	1.13277982e+02
8               	stlSurface	3.91409839e+01	5.56004882e+02	2.10688532e+02
8               	back	1.80996554e+01	1.20341831e+03	2.33798440e+02
8               	bottom	3.91409839e+01	1.10819075e+03	6.74699671e+02
8               	front	1.87795534e+01	1.16016622e+03	2.32519286e+02
