time,P1,P2,P3,P4,P5,P6,P7,P8
1.197604799999999983e-04,1.313282300000000014e+00,9.019570900000000169e-01,4.721675799999999756e-01,1.839570499999999831e-02,-5.495950499999999739e-01,-6.423676200000000280e-01,-7.203719699999999726e-01,-7.903534100000000340e-01
2.638201900000000048e-04,1.540078000000000058e+00,1.125033399999999961e+00,6.873152599999999834e-01,2.204682699999999940e-01,-3.972691400000000206e-01,-5.092573400000000028e-01,-6.029619499999999688e-01,-6.861533199999999555e-01
4.369445699999999818e-04,2.149240699999999948e-01,-1.832713300000000101e-01,-5.848710000000000298e-01,-9.891055500000000000e-01,-1.397433300000000100e+00,-1.414130499999999957e+00,-1.429151499999999908e+00,-1.442118400000000022e+00
6.450621799999999972e-04,9.646191600000000310e-01,5.561069100000000098e-01,1.321517399999999898e-01,-3.092694300000000118e-01,-8.514687600000000467e-01,-9.270187300000000130e-01,-9.922499399999999969e-01,-1.049891499999999978e+00
8.932024100000000464e-04,9.387376200000000503e-01,5.320705599999999702e-01,1.124353099999999966e-01,-3.219772399999999979e-01,-8.381907400000000452e-01,-9.008322699999999905e-01,-9.544887699999999864e-01,-1.001583499999999960e+00
1.191746100000000072e-03,7.181266699999999670e-01,3.130990499999999899e-01,-1.035546700000000014e-01,-5.327663400000000049e-01,-1.030972199999999894e+00,-1.085503700000000071e+00,-1.132701399999999969e+00,-1.174114099999999938e+00
1.546618800000000094e-03,6.938929700000000533e-01,2.890258700000000180e-01,-1.271056700000000039e-01,-5.552521000000000262e-01,-1.051220499999999891e+00,-1.104570000000000052e+00,-1.150846000000000036e+00,-1.191395100000000040e+00
1.975767199999999869e-03,7.689023600000000069e-01,3.632372500000000115e-01,-5.473520400000000258e-02,-4.858499700000000199e-01,-9.923414400000000191e-01,-1.050421400000000061e+00,-1.100845700000000038e+00,-1.145190099999999989e+00
2.490745300000000041e-03,7.744172499999999459e-01,3.687818800000000063e-01,-4.915730299999999942e-02,-4.801618400000000064e-01,-9.871608699999999681e-01,-1.045055800000000090e+00,-1.095264000000000015e+00,-1.139299300000000015e+00
3.116075800000000107e-03,7.740902499999999797e-01,3.686719999999999997e-01,-4.889965000000000284e-02,-4.791854700000000022e-01,-9.836476400000000453e-01,-1.040086899999999925e+00,-1.089069400000000076e+00,-1.131930700000000067e+00
3.850159499999999870e-03,7.678469700000000175e-01,3.625237399999999832e-01,-5.485739500000000324e-02,-4.846749300000000038e-01,-9.885666199999999515e-01,-1.044177499999999981e+00,-1.092439600000000066e+00,-1.134499499999999994e+00
4.747372899999999576e-03,7.845173899999999811e-01,3.786534899999999815e-01,-3.987654100000000146e-02,-4.716418099999999947e-01,-9.833702600000000515e-01,-1.042153799999999908e+00,-1.093007400000000073e+00,-1.137305500000000080e+00
5.836846199999999769e-03,7.997574200000000522e-01,3.941047200000000195e-01,-2.421013600000000016e-02,-4.556370699999999774e-01,-9.673365200000000330e-01,-1.026456899999999894e+00,-1.078118700000000096e+00,-1.123631499999999894e+00
7.124405700000000126e-03,8.045435899999999751e-01,3.988307999999999853e-01,-1.953618000000000021e-02,-4.508815700000000093e-01,-9.630895400000000217e-01,-1.020888400000000029e+00,-1.070914099999999980e+00,-1.114354000000000067e+00
8.733855000000000438e-03,8.197423400000000138e-01,4.141551199999999877e-01,-4.212563699999999703e-03,-4.356715600000000133e-01,-9.493309100000000278e-01,-1.008334099999999900e+00,-1.059902099999999958e+00,-1.105258700000000038e+00
1.061154599999999948e-02,8.356743800000000499e-01,4.296357000000000093e-01,1.029106200000000013e-02,-4.226925699999999897e-01,-9.440571800000000513e-01,-1.005107999999999890e+00,-1.058141400000000010e+00,-1.104449900000000095e+00
1.295865900000000084e-02,8.439676799999999979e-01,4.382088399999999884e-01,1.928809100000000026e-02,-4.130473800000000195e-01,-9.329882699999999529e-01,-9.929153299999999849e-01,-1.045098700000000047e+00,-1.090797900000000098e+00
1.530577299999999995e-02,8.625698299999999819e-01,4.566181300000000109e-01,3.709545399999999993e-02,-3.956289000000000056e-01,-9.230512199999999501e-01,-9.840704099999999510e-01,-1.037622000000000044e+00,-1.084373800000000054e+00
1.765288599999999958e-02,8.733778300000000216e-01,4.675306499999999921e-01,4.799754099999999774e-02,-3.839975800000000050e-01,-9.147799800000000481e-01,-9.749407300000000332e-01,-1.028298099999999993e+00,-1.074699899999999930e+00
2.000000000000000042e-02,8.811947300000000372e-01,4.753383600000000153e-01,5.554126200000000096e-02,-3.761221699999999779e-01,-9.114970000000000017e-01,-9.715117599999999465e-01,-1.025310299999999897e+00,-1.071916799999999892e+00
2.285714299999999990e-02,9.028438399999999531e-01,4.967636500000000011e-01,7.631430799999999737e-02,-3.567210399999999892e-01,-8.962571999999999761e-01,-9.581513400000000180e-01,-1.013446599999999975e+00,-1.061516799999999927e+00
2.628571400000000169e-02,9.250571600000000450e-01,5.188703700000000252e-01,9.797709000000000279e-02,-3.360820199999999813e-01,-8.792527199999999876e-01,-9.422200499999999757e-01,-9.982431400000000288e-01,-1.046968799999999922e+00
3.085714300000000007e-02,9.425421499999999675e-01,5.362505300000000030e-01,1.149693499999999979e-01,-3.204789699999999741e-01,-8.672548100000000426e-01,-9.316220899999999583e-01,-9.884266400000000230e-01,-1.038076599999999905e+00
3.542857099999999898e-02,9.523414000000000046e-01,5.462403300000000517e-01,1.249852500000000061e-01,-3.098209699999999733e-01,-8.614753400000000338e-01,-9.247841700000000165e-01,-9.812343500000000329e-01,-1.030445599999999962e+00
4.000000000000000083e-02,9.540498400000000379e-01,5.481160099999999868e-01,1.268483499999999986e-01,-3.071857000000000060e-01,-8.638270599999999799e-01,-9.258995399999999654e-01,-9.820190800000000442e-01,-1.030820899999999929e+00
4.499999999999999833e-02,9.643876599999999799e-01,5.584875700000000442e-01,1.369135400000000002e-01,-2.974036700000000089e-01,-8.591561399999999571e-01,-9.212982800000000250e-01,-9.778794200000000547e-01,-1.027177100000000065e+00
5.000000000000000278e-02,9.689397400000000493e-01,5.632182199999999916e-01,1.415534400000000026e-01,-2.921493399999999796e-01,-8.586615100000000167e-01,-9.194343099999999769e-01,-9.755869700000000533e-01,-1.024374200000000013e+00
5.500000000000000028e-02,9.741365100000000110e-01,5.685445199999999977e-01,1.466507499999999964e-01,-2.866093000000000113e-01,-8.585549799999999676e-01,-9.182293799999999839e-01,-9.743338900000000358e-01,-1.023012000000000032e+00
5.999999999999999778e-02,9.822754399999999997e-01,5.767945599999999562e-01,1.545781999999999989e-01,-2.783995899999999746e-01,-8.560447599999999602e-01,-9.147324000000000011e-01,-9.709313000000000526e-01,-1.019635300000000022e+00
6.666666699999999890e-02,1.002529599999999910e+00,5.968316200000000071e-01,1.740351900000000063e-01,-2.616133299999999773e-01,-8.419668300000000549e-01,-9.025697099999999695e-01,-9.595418599999999687e-01,-1.009562300000000024e+00
7.333333300000000055e-02,1.014797600000000077e+00,6.091231299999999571e-01,1.859457700000000102e-01,-2.498048300000000055e-01,-8.369827300000000081e-01,-8.958611800000000347e-01,-9.521309100000000525e-01,-1.001594499999999943e+00
8.000000000000000167e-02,1.019926499999999958e+00,6.144657100000000538e-01,1.909420599999999968e-01,-2.446937399999999929e-01,-8.394444899999999876e-01,-8.967706399999999523e-01,-9.528521800000000486e-01,-1.002207199999999965e+00
8.666666700000000279e-02,1.023897599999999963e+00,6.185190699999999486e-01,1.945713900000000107e-01,-2.410039499999999946e-01,-8.432415399999999561e-01,-8.984282000000000101e-01,-9.539123400000000252e-01,-1.002877199999999913e+00
9.333333300000000443e-02,1.031918600000000019e+00,6.267503599999999508e-01,2.023745100000000074e-01,-2.331397199999999947e-01,-8.423228099999999774e-01,-8.957070200000000204e-01,-9.512108799999999809e-01,-1.000409199999999998e+00
1.000000000000000056e-01,1.040010600000000007e+00,6.347266299999999584e-01,2.096069499999999863e-01,-2.263798300000000041e-01,-8.442085999999999757e-01,-8.950793999999999695e-01,-9.496551300000000140e-01,-9.981698700000000146e-01
1.066666700000000051e-01,1.035362399999999905e+00,6.304187100000000488e-01,2.050555300000000136e-01,-2.305734200000000012e-01,-8.535407900000000492e-01,-9.015340299999999862e-01,-9.554566599999999577e-01,-1.003654700000000011e+00
1.133333299999999960e-01,1.029463400000000028e+00,6.247110500000000455e-01,1.989671399999999868e-01,-2.365505999999999998e-01,-8.651349900000000481e-01,-9.096933099999999772e-01,-9.623344299999999629e-01,-1.009641800000000034e+00
1.199999999999999956e-01,1.032399700000000031e+00,6.277106300000000472e-01,2.012666599999999861e-01,-2.347311900000000062e-01,-8.708746200000000437e-01,-9.125869899999999868e-01,-9.644007300000000393e-01,-1.011212500000000070e+00
1.266666700000000090e-01,1.024159599999999948e+00,6.195918999999999732e-01,1.926396400000000009e-01,-2.435002400000000067e-01,-8.856446799999999620e-01,-9.236046500000000270e-01,-9.740054200000000106e-01,-1.019909900000000036e+00
1.333333299999999999e-01,1.020491500000000107e+00,6.160611900000000363e-01,1.884448400000000023e-01,-2.481601400000000013e-01,-8.973031900000000283e-01,-9.319086800000000448e-01,-9.812779099999999755e-01,-1.026557500000000012e+00
1.400000000000000133e-01,1.019568000000000030e+00,6.151412299999999833e-01,1.867332499999999895e-01,-2.505605300000000035e-01,-9.073929099999999970e-01,-9.384627100000000333e-01,-9.867315800000000525e-01,-1.031444699999999992e+00
1.466666699999999990e-01,1.013753700000000091e+00,6.093860300000000230e-01,1.801955799999999941e-01,-2.577910999999999953e-01,-9.219994200000000140e-01,-9.492423199999999728e-01,-9.962337900000000079e-01,-1.040197599999999944e+00
1.533333299999999899e-01,1.000094400000000050e+00,5.957274999999999654e-01,1.657236900000000068e-01,-2.730091800000000180e-01,-9.445679999999999632e-01,-9.674198999999999993e-01,-1.012609400000000104e+00,-1.055337799999999993e+00
1.600000000000000033e-01,9.983317400000000230e-01,5.940195700000000523e-01,1.631831800000000110e-01,-2.763221699999999781e-01,-9.547817499999999846e-01,-9.732526999999999706e-01,-1.016948200000000080e+00,-1.058826700000000010e+00
1.666666699999999890e-01,9.974252399999999907e-01,5.929432900000000117e-01,1.608940600000000054e-01,-2.800657599999999969e-01,-9.680036199999999535e-01,-9.825604300000000402e-01,-1.025068899999999950e+00,-1.066341299999999936e+00
1.733333300000000077e-01,1.031921799999999889e+00,6.268437700000000223e-01,1.926121000000000083e-01,-2.514412999999999787e-01,-9.544204299999999863e-01,-9.671605199999999680e-01,-1.010304700000000055e+00,-1.052593300000000065e+00
1.799999999999999933e-01,1.033416700000000077e+00,6.280543899999999624e-01,1.923746500000000081e-01,-2.535480999999999985e-01,-9.674783999999999606e-01,-9.762001000000000150e-01,-1.018316100000000057e+00,-1.060338699999999967e+00
1.866666700000000068e-01,1.045351399999999931e+00,6.395436799999999478e-01,2.020133600000000029e-01,-2.463977699999999882e-01,-9.727652100000000468e-01,-9.773886400000000307e-01,-1.018336600000000036e+00,-1.059778200000000004e+00
1.933333299999999977e-01,1.049306000000000072e+00,6.430672200000000505e-01,2.037794099999999942e-01,-2.469372099999999903e-01,-9.847773899999999747e-01,-9.844103400000000503e-01,-1.023672700000000102e+00,-1.064256599999999997e+00
2.000000000000000111e-01,1.093109099999999945e+00,6.858477099999999993e-01,2.435106900000000019e-01,-2.117016100000000123e-01,-9.690530499999999714e-01,-9.666997299999999793e-01,-1.006850100000000081e+00,-1.048842700000000017e+00
2.066666699999999968e-01,1.142051799999999950e+00,7.336033100000000085e-01,2.878733199999999881e-01,-1.723356799999999911e-01,-9.504104500000000177e-01,-9.456847299999999734e-01,-9.865234600000000187e-01,-1.029849500000000084e+00
2.133333299999999877e-01,1.134096400000000004e+00,7.248742500000000533e-01,2.766316600000000014e-01,-1.870645099999999894e-01,-9.807786699999999636e-01,-9.706693400000000471e-01,-1.009813800000000095e+00,-1.052378999999999953e+00
2.200000000000000011e-01,1.198983300000000085e+00,7.881428999999999796e-01,3.356315400000000060e-01,-1.343251500000000043e-01,-9.520674500000000373e-01,-9.389324999999999477e-01,-9.784415699999999827e-01,-1.022068900000000058e+00
2.266666699999999868e-01,1.239952399999999955e+00,8.275680600000000497e-01,3.708710100000000010e-01,-1.051677599999999990e-01,-9.464188799999999624e-01,-9.291653100000000221e-01,-9.683940500000000062e-01,-1.012673200000000051e+00
2.333333300000000055e-01,1.306759299999999957e+00,8.921726199999999718e-01,4.299948499999999840e-01,-5.413049699999999964e-02,-9.255027900000000196e-01,-9.054955700000000274e-01,-9.457185299999999462e-01,-9.917829299999999515e-01
2.399999999999999911e-01,1.378262400000000110e+00,9.612160699999999780e-01,4.929508699999999854e-01,-1.171417000000000037e-04,-9.039844000000000213e-01,-8.806990799999999675e-01,-9.217754700000000412e-01,-9.696716800000000358e-01
2.466666700000000045e-01,1.442046200000000056e+00,1.022208699999999970e+00,5.472157300000000113e-01,4.442263899999999988e-02,-8.936359400000000175e-01,-8.658212600000000370e-01,-9.069470600000000271e-01,-9.560108499999999676e-01
2.533333300000000232e-01,1.540965900000000000e+00,1.117591999999999919e+00,6.342805799999999827e-01,1.194126900000000019e-01,-8.597156200000000137e-01,-8.281520599999999677e-01,-8.703373399999999593e-01,-9.216039400000000104e-01
2.600000000000000089e-01,1.634886199999999956e+00,1.207533200000000084e+00,7.149938999999999600e-01,1.869000799999999962e-01,-8.361931099999999617e-01,-7.996989700000000090e-01,-8.423843300000000145e-01,-8.955228800000000211e-01
2.666666699999999945e-01,1.748007599999999995e+00,1.315680399999999972e+00,8.118744799999999540e-01,2.677576199999999740e-01,-8.063315399999999578e-01,-7.647560700000000100e-01,-8.082188799999999729e-01,-8.636113600000000501e-01
2.733333299999999855e-01,1.861614899999999961e+00,1.423670599999999897e+00,9.072938499999999573e-01,3.455698700000000012e-01,-7.832068699999999994e-01,-7.349361100000000313e-01,-7.784439399999999454e-01,-8.356804399999999688e-01
2.800000000000000266e-01,2.016791599999999907e+00,1.571485900000000102e+00,1.038991699999999963e+00,4.547649899999999801e-01,-7.414301399999999598e-01,-6.876203899999999702e-01,-7.327485999999999722e-01,-7.934731699999999499e-01
2.866666700000000123e-01,2.159380399999999867e+00,1.705901700000000076e+00,1.155669599999999964e+00,5.473502799999999668e-01,-7.177174200000000504e-01,-6.543258100000000077e-01,-6.985072100000000450e-01,-7.607042099999999918e-01
2.933333300000000032e-01,2.346894100000000094e+00,1.882716899999999915e+00,1.309774400000000005e+00,6.709597699999999554e-01,-6.775765500000000552e-01,-6.046991900000000530e-01,-6.488572900000000310e-01,-7.136191899999999588e-01
2.999999999999999889e-01,2.542069500000000204e+00,2.065249399999999902e+00,1.465754699999999966e+00,7.920434400000000430e-01,-6.490471899999999961e-01,-5.644496100000000460e-01,-6.080935499999999827e-01,-6.755666900000000252e-01
3.066666699999999746e-01,2.781484299999999799e+00,2.288255400000000161e+00,1.654983899999999952e+00,9.378955900000000012e-01,-6.111033099999999552e-01,-5.123863499999999904e-01,-5.546469099999999930e-01,-6.243276899999999907e-01
3.133333300000000210e-01,3.023150400000000015e+00,2.510104000000000113e+00,1.836560900000000052e+00,1.069345400000000001e+00,-5.978039499999999729e-01,-4.802231499999999875e-01,-5.190473500000000184e-01,-5.898130999999999791e-01
3.200000000000000067e-01,3.330896099999999915e+00,2.791427200000000219e+00,2.065270700000000126e+00,1.234244099999999955e+00,-5.743109600000000370e-01,-4.354165799999999975e-01,-4.707238100000000203e-01,-5.430619399999999652e-01
3.266666699999999923e-01,3.685671300000000095e+00,3.112722199999999884e+00,2.321062599999999865e+00,1.413524299999999956e+00,-5.547203699999999627e-01,-3.888043600000000155e-01,-4.187157699999999871e-01,-4.918363000000000040e-01
3.333333299999999833e-01,4.103679600000000427e+00,3.484965499999999938e+00,2.606397299999999806e+00,1.601579800000000109e+00,-5.537790200000000107e-01,-3.541915900000000006e-01,-3.764749499999999749e-01,-4.492037400000000180e-01
3.400000000000000244e-01,4.600781500000000079e+00,3.920030300000000079e+00,2.927522300000000133e+00,1.801501500000000089e+00,-5.686183700000000396e-01,-3.261348099999999972e-01,-3.375794100000000242e-01,-4.083028499999999950e-01
3.466666700000000101e-01,5.226709099999999886e+00,4.458222100000000410e+00,3.310533899999999807e+00,2.028623000000000065e+00,-5.943867400000000245e-01,-2.990702900000000164e-01,-2.970041500000000223e-01,-3.645978999999999748e-01
3.533333300000000010e-01,6.022946600000000039e+00,5.127032200000000373e+00,3.763132099999999980e+00,2.277873899999999896e+00,-6.426903899999999448e-01,-2.809720499999999732e-01,-2.611453699999999878e-01,-3.233605700000000138e-01
3.599999999999999867e-01,7.029005399999999959e+00,5.949314199999999886e+00,4.284448900000000116e+00,2.535619399999999857e+00,-7.319951099999999489e-01,-2.851461599999999819e-01,-2.414300900000000139e-01,-2.944731999999999905e-01
3.666666699999999723e-01,8.444699500000000469e+00,7.070223699999999667e+00,4.957860600000000062e+00,2.844114999999999949e+00,-8.520768300000000073e-01,-2.987199799999999961e-01,-2.255306499999999992e-01,-2.660383000000000053e-01
3.733333300000000188e-01,1.033827100000000065e+01,8.524295499999999137e+00,5.760170399999999802e+00,3.155496199999999973e+00,-1.040882199999999980e+00,-3.476675000000000182e-01,-2.354633299999999985e-01,-2.573728599999999811e-01
3.800000000000000044e-01,1.331937300000000057e+01,1.071277199999999930e+01,6.885372699999999568e+00,3.556069700000000111e+00,-1.278437999999999963e+00,-4.089790200000000264e-01,-2.510884800000000028e-01,-2.497817099999999901e-01
3.866666699999999901e-01,1.787333399999999983e+01,1.385568999999999917e+01,8.303360800000000097e+00,3.955211300000000207e+00,-1.634899000000000102e+00,-5.290063600000000088e-01,-3.124324600000000229e-01,-2.784526600000000185e-01
3.933333299999999810e-01,2.621952800000000039e+01,1.919807600000000036e+01,1.044608200000000053e+01,4.522067200000000398e+00,-2.057832599999999790e+00,-6.483763000000000165e-01,-3.697661400000000209e-01,-2.979032699999999978e-01
4.000000000000000222e-01,4.175471300000000241e+01,2.821648400000000123e+01,1.336227200000000082e+01,5.009297199999999783e+00,-2.714625700000000030e+00,-8.621522200000000247e-01,-5.018860600000000227e-01,-3.715718499999999813e-01
4.066666700000000079e-01,7.229030600000000106e+01,4.537359699999999663e+01,1.826961299999999966e+01,5.559100800000000397e+00,-3.635596399999999839e+00,-1.122946599999999906e+00,-6.798433299999999679e-01,-4.680325699999999811e-01
4.133333299999999988e-01,1.268146100000000018e+02,7.607571000000000083e+01,2.669728800000000035e+01,6.092346499999999665e+00,-5.104758200000000024e+00,-1.503198000000000034e+00,-9.969691400000000314e-01,-6.486851399999999934e-01
4.199999999999999845e-01,2.212627599999999859e+02,1.290908200000000079e+02,4.202220200000000006e+01,7.197464100000000364e+00,-7.162846199999999719e+00,-1.984493199999999957e+00,-1.478169300000000019e+00,-9.120494399999999890e-01
4.239999999999999880e-01,2.474484600000000114e+02,1.547960500000000081e+02,5.070601500000000073e+01,8.052493999999999374e+00,-9.943572200000000194e+00,-1.903504099999999921e+00,-2.249776400000000010e+00,-1.359307299999999996e+00
4.272000000000000242e-01,3.368714299999999753e+02,2.047771899999999903e+02,6.547504100000000449e+01,1.045317799999999941e+01,-1.175400400000000012e+01,-1.949762400000000007e+00,-2.633452000000000126e+00,-1.467966000000000104e+00
4.304000000000000048e-01,4.172479099999999903e+02,2.527934799999999882e+02,8.015033300000000338e+01,1.304410400000000081e+01,-1.292460699999999996e+01,-2.874891299999999816e+00,-2.963143000000000082e+00,-1.249454199999999959e+00
4.335999999999999854e-01,5.365016500000000406e+02,3.169643599999999992e+02,9.911706700000000581e+01,1.685805999999999827e+01,-1.347519300000000086e+01,-3.705150199999999838e+00,-3.402499099999999999e+00,-1.599024500000000071e+00
4.368000000000000216e-01,6.925913299999999708e+02,3.960205500000000143e+02,1.211808699999999988e+02,2.146633299999999878e+01,-1.504854800000000026e+01,-4.556248400000000309e+00,-3.681141499999999844e+00,-1.800733099999999975e+00
4.400000000000000022e-01,8.925108800000000429e+02,4.899748900000000162e+02,1.462694799999999873e+02,2.712824799999999925e+01,-1.717619399999999885e+01,-5.128836999999999868e+00,-3.825467499999999799e+00,-1.846192999999999973e+00
4.428571399999999825e-01,1.100333499999999958e+03,5.854427200000000084e+02,1.714878099999999961e+02,3.343332500000000351e+01,-1.978695499999999896e+01,-5.539875200000000000e+00,-4.179639800000000349e+00,-2.079683600000000077e+00
4.457142900000000130e-01,1.390963899999999967e+03,7.032084099999999580e+02,2.022463700000000131e+02,4.136992599999999953e+01,-2.256253200000000092e+01,-6.221875200000000383e+00,-4.573634199999999872e+00,-2.284010199999999990e+00
4.485714299999999932e-01,1.743302400000000034e+03,8.265632600000000139e+02,2.334441799999999887e+02,4.952166499999999871e+01,-2.564337199999999939e+01,-6.941855799999999910e+00,-4.961433900000000286e+00,-2.464716600000000035e+00
4.514285699999999735e-01,2.127594500000000153e+03,9.575076199999999744e+02,2.663099799999999959e+02,5.797028900000000107e+01,-2.930126200000000125e+01,-7.778408599999999673e+00,-5.394170100000000190e+00,-2.666239099999999862e+00
4.542857100000000092e-01,2.559159799999999905e+03,1.108086800000000039e+03,3.047334200000000237e+02,6.770892999999999518e+01,-3.323985600000000318e+01,-8.655081100000000305e+00,-5.851673800000000369e+00,-2.897369299999999814e+00
4.561904800000000093e-01,3.146943000000000211e+03,1.254365000000000009e+03,3.312059300000000235e+02,7.744653099999999313e+01,-3.807709700000000197e+01,-8.065857499999999902e+00,-6.358937000000000062e+00,-3.012014300000000144e+00
4.580952400000000146e-01,3.703264599999999973e+03,1.406029600000000073e+03,3.670927699999999732e+02,8.695268799999999487e+01,-4.071867900000000162e+01,-8.580230900000000105e+00,-6.696088999999999736e+00,-3.127908399999999922e+00
4.600000000000000200e-01,4.334324200000000019e+03,1.558073900000000094e+03,4.016791299999999865e+02,9.587628200000000334e+01,-4.214780600000000277e+01,-8.841155000000000541e+00,-6.823333100000000151e+00,-3.189675900000000119e+00
4.622222200000000170e-01,4.706377900000000409e+03,1.691448599999999942e+03,4.408318699999999808e+02,1.038917299999999955e+02,-4.457081600000000066e+01,-1.019116900000000037e+01,-7.086666600000000038e+00,-3.379266799999999904e+00
4.644444400000000139e-01,5.048474799999999959e+03,1.826164899999999989e+03,4.790248799999999960e+02,1.131179900000000060e+02,-4.786439899999999881e+01,-1.099089599999999933e+01,-7.359743800000000391e+00,-3.511912800000000168e+00
4.666666700000000056e-01,5.468990099999999984e+03,2.001117400000000089e+03,5.242892699999999877e+02,1.236520600000000059e+02,-5.211507300000000242e+01,-1.209029600000000038e+01,-7.777261000000000202e+00,-3.708449700000000071e+00
4.688888900000000026e-01,5.857960399999999936e+03,2.193267100000000028e+03,5.696585800000000290e+02,1.333056300000000078e+02,-5.577599299999999971e+01,-1.298113000000000028e+01,-8.217519599999999258e+00,-3.929370099999999866e+00
4.711111099999999996e-01,6.275110700000000179e+03,2.414199399999999969e+03,6.188642800000000079e+02,1.425700099999999964e+02,-5.948308000000000106e+01,-1.397561800000000076e+01,-8.717342900000000228e+00,-4.199340799999999874e+00
4.733333299999999966e-01,6.674064000000000306e+03,2.657657700000000204e+03,6.712920900000000302e+02,1.511132499999999936e+02,-6.287284700000000015e+01,-1.487069400000000030e+01,-9.236310200000000137e+00,-4.475075900000000217e+00
4.755555599999999883e-01,7.057737699999999677e+03,2.928555899999999838e+03,7.285315500000000384e+02,1.598594799999999907e+02,-6.625253200000000220e+01,-1.583653400000000033e+01,-9.720759400000000383e+00,-4.712985299999999711e+00
4.777777799999999853e-01,7.388757200000000012e+03,3.221479800000000068e+03,7.914037100000000464e+02,1.688519599999999912e+02,-6.943387699999999541e+01,-1.681862500000000082e+01,-1.018198399999999992e+01,-4.923152700000000159e+00
4.799999999999999822e-01,7.668605999999999767e+03,3.552569100000000162e+03,8.638301599999999780e+02,1.765326300000000117e+02,-7.237562800000000607e+01,-1.784677999999999898e+01,-1.070303999999999967e+01,-5.175429499999999905e+00
4.822222199999999792e-01,7.886442500000000109e+03,3.909361600000000180e+03,9.453693899999999530e+02,1.843125499999999874e+02,-7.485404300000000433e+01,-1.883023400000000080e+01,-1.124055000000000071e+01,-5.447146799999999622e+00
4.844444399999999762e-01,8.010724900000000162e+03,4.243846300000000156e+03,1.031452399999999898e+03,1.942186199999999872e+02,-7.679660499999999956e+01,-1.972547700000000148e+01,-1.175115100000000012e+01,-5.730447500000000360e+00
4.866666700000000234e-01,8.057393500000000131e+03,4.541040100000000166e+03,1.121172800000000052e+03,2.062172199999999975e+02,-7.801555000000000462e+01,-2.054499300000000162e+01,-1.226560899999999954e+01,-6.016990400000000072e+00
4.888888900000000204e-01,8.052561099999999897e+03,4.802179000000000087e+03,1.213532300000000077e+03,2.185652499999999918e+02,-7.844933399999999324e+01,-2.138841599999999943e+01,-1.285434599999999961e+01,-6.345349099999999964e+00
4.911111100000000174e-01,8.040447299999999814e+03,5.055067100000000210e+03,1.316774200000000064e+03,2.297504700000000071e+02,-7.756192099999999812e+01,-2.198468899999999948e+01,-1.345574300000000001e+01,-6.683796799999999649e+00
4.933333300000000143e-01,8.027184199999999691e+03,5.303409700000000157e+03,1.434735599999999977e+03,2.396442700000000059e+02,-7.752240999999999360e+01,-2.276619099999999918e+01,-1.392248500000000000e+01,-6.940877500000000033e+00
4.955555600000000060e-01,8.007896700000000237e+03,5.534107600000000275e+03,1.562297000000000025e+03,2.554732099999999946e+02,-7.832588400000000206e+01,-2.386145399999999839e+01,-1.434419399999999989e+01,-7.182641499999999901e+00
4.977777800000000030e-01,8.011942200000000412e+03,5.768116899999999987e+03,1.719473400000000083e+03,2.770181299999999851e+02,-7.949189400000000205e+01,-2.513135899999999978e+01,-1.483015200000000000e+01,-7.501389800000000108e+00
5.000000000000000000e-01,7.999274199999999837e+03,5.963742199999999684e+03,1.864775300000000016e+03,2.970614100000000235e+02,-8.115096699999999430e+01,-2.677983899999999906e+01,-1.552624699999999969e+01,-7.990745200000000104e+00
5.022222200000000525e-01,8.029234199999999873e+03,6.184460699999999633e+03,2.052807299999999941e+03,3.333956600000000208e+02,-8.380809299999999951e+01,-2.887854600000000005e+01,-1.646791999999999945e+01,-8.653624000000000649e+00
5.044444399999999940e-01,8.020491299999999683e+03,6.335288899999999558e+03,2.205349000000000160e+03,3.809635499999999979e+02,-8.690935100000000091e+01,-3.099785800000000080e+01,-1.737811699999999959e+01,-9.328564300000000031e+00
5.066666699999999857e-01,7.956426000000000386e+03,6.403490200000000186e+03,2.304118899999999940e+03,4.134782400000000280e+02,-9.053825500000000659e+01,-3.328752099999999814e+01,-1.836371000000000109e+01,-1.005768699999999960e+01
5.088888900000000381e-01,7.972140599999999722e+03,6.569274500000000444e+03,2.521720600000000104e+03,4.718557799999999816e+02,-9.422756800000000510e+01,-3.539114299999999957e+01,-1.914803699999999864e+01,-1.067224700000000048e+01
5.111111099999999796e-01,8.038681899999999587e+03,6.785497099999999591e+03,2.773448499999999967e+03,5.287193399999999883e+02,-9.705586099999999306e+01,-3.702416999999999803e+01,-1.980282199999999904e+01,-1.124343900000000041e+01
5.133333300000000321e-01,8.074520300000000134e+03,6.961717400000000453e+03,3.005985499999999774e+03,6.022377500000000055e+02,-1.016635100000000023e+02,-3.858362799999999737e+01,-2.044653399999999976e+01,-1.187698100000000068e+01
5.155555600000000238e-01,8.132651600000000144e+03,7.152923399999999674e+03,3.258822200000000066e+03,7.046722200000000385e+02,-1.057517299999999949e+02,-4.008669900000000297e+01,-2.108953999999999951e+01,-1.253336599999999912e+01
5.177777799999999653e-01,8.171078900000000431e+03,7.307225199999999859e+03,3.470286399999999958e+03,8.115697400000000243e+02,-1.065924700000000058e+02,-4.090109300000000303e+01,-2.176023400000000052e+01,-1.321990500000000068e+01
5.200000000000000178e-01,8.039124700000000303e+03,7.272226099999999860e+03,3.550748999999999796e+03,9.054712500000000546e+02,-1.054206300000000027e+02,-4.084431800000000123e+01,-2.227684400000000053e+01,-1.388617400000000046e+01
5.224999999999999645e-01,7.877069499999999607e+03,7.164856300000000374e+03,3.608305299999999988e+03,9.835172900000000027e+02,-1.022774399999999986e+02,-4.045779499999999729e+01,-2.280614500000000078e+01,-1.462563199999999952e+01
5.250000000000000222e-01,7.725633300000000418e+03,7.087298999999999978e+03,3.641527399999999943e+03,1.031820600000000013e+03,-9.885751999999999384e+01,-3.913097799999999893e+01,-2.277723800000000054e+01,-1.516687399999999997e+01
5.274999999999999689e-01,7.616346499999999651e+03,7.044090900000000147e+03,3.691340700000000197e+03,1.077708499999999958e+03,-9.548549199999999360e+01,-3.817390600000000234e+01,-2.336974599999999924e+01,-1.592424800000000040e+01
5.300000000000000266e-01,7.504219199999999546e+03,6.988857600000000275e+03,3.726243300000000090e+03,1.111751099999999951e+03,-9.154693899999999473e+01,-3.685919100000000270e+01,-2.369622800000000140e+01,-1.649531500000000150e+01
5.324999999999999734e-01,7.413222200000000157e+03,6.943134600000000319e+03,3.771864700000000084e+03,1.147253799999999956e+03,-8.746128199999999708e+01,-3.539176299999999742e+01,-2.387301199999999923e+01,-1.702875600000000134e+01
5.350000000000000311e-01,7.311751000000000204e+03,6.881230999999999767e+03,3.811702400000000125e+03,1.180895099999999957e+03,-8.360625500000000443e+01,-3.380538899999999813e+01,-2.392070199999999858e+01,-1.754069199999999995e+01
5.374999999999999778e-01,7.225767700000000332e+03,6.827055800000000090e+03,3.853026100000000042e+03,1.228050799999999981e+03,-7.995720400000000438e+01,-3.187565299999999979e+01,-2.351893899999999960e+01,-1.785676000000000130e+01
5.400000000000000355e-01,7.148883399999999710e+03,6.778017399999999725e+03,3.906123900000000049e+03,1.299226200000000063e+03,-7.674290499999999327e+01,-2.989577200000000090e+01,-2.283568100000000101e+01,-1.798759099999999833e+01
5.428571399999999603e-01,7.074830100000000130e+03,6.692602399999999761e+03,3.978879199999999855e+03,1.413776399999999967e+03,-7.356116099999999847e+01,-2.825523300000000049e+01,-2.185477200000000053e+01,-1.787441899999999961e+01
5.457142900000000463e-01,7.007103699999999662e+03,6.643290899999999965e+03,4.032215000000000146e+03,1.488895899999999983e+03,-7.145090199999999925e+01,-2.626645500000000055e+01,-2.046894700000000000e+01,-1.751256800000000169e+01
5.485714299999999710e-01,6.957472999999999956e+03,6.609700700000000325e+03,4.085096599999999853e+03,1.557082699999999932e+03,-7.044722199999999646e+01,-2.469797600000000060e+01,-1.912572499999999920e+01,-1.716469100000000125e+01
5.514285700000000068e-01,6.902463600000000042e+03,6.563546099999999569e+03,4.116191600000000108e+03,1.605459900000000061e+03,-7.043384299999999598e+01,-2.394392200000000059e+01,-1.797270400000000024e+01,-1.678566299999999956e+01
5.542857100000000425e-01,6.853192900000000009e+03,6.519651399999999740e+03,4.144781799999999748e+03,1.653568299999999908e+03,-7.189614600000000166e+01,-2.473413800000000151e+01,-1.788572800000000029e+01,-1.685018300000000124e+01
5.571428600000000175e-01,6.806258100000000013e+03,6.476488400000000183e+03,4.171106799999999566e+03,1.701164600000000064e+03,-7.349873100000000647e+01,-2.598227599999999882e+01,-1.824849800000000144e+01,-1.716734200000000143e+01
5.600000000000000533e-01,6.764316799999999603e+03,6.437070200000000114e+03,4.197828900000000431e+03,1.749065499999999929e+03,-7.408529799999999454e+01,-2.622273399999999910e+01,-1.782493600000000100e+01,-1.710954999999999870e+01
5.628571399999999780e-01,6.724422300000000178e+03,6.399671800000000076e+03,4.223972700000000259e+03,1.795791300000000092e+03,-7.478729400000000282e+01,-2.677408799999999900e+01,-1.778357099999999846e+01,-1.721753500000000159e+01
5.657142899999999530e-01,6.684977700000000368e+03,6.363068900000000212e+03,4.248711900000000242e+03,1.840234300000000076e+03,-7.525036699999999712e+01,-2.715234900000000096e+01,-1.765564399999999878e+01,-1.721292199999999895e+01
5.685714299999999888e-01,6.641475800000000163e+03,6.323169600000000173e+03,4.269070999999999913e+03,1.880248100000000022e+03,-7.559007400000000132e+01,-2.748002400000000023e+01,-1.751499700000000104e+01,-1.717677300000000074e+01
5.714285700000000245e-01,6.599242400000000089e+03,6.284956799999999930e+03,4.289945999999999913e+03,1.920443299999999908e+03,-7.538726499999999930e+01,-2.744487399999999866e+01,-1.714328599999999980e+01,-1.698844400000000121e+01
5.742857099999999493e-01,6.554715400000000045e+03,6.244548999999999978e+03,4.307571600000000217e+03,1.957686599999999999e+03,-7.546419500000000369e+01,-2.777386399999999966e+01,-1.710843200000000053e+01,-1.694359599999999944e+01
5.771428600000000353e-01,6.509778599999999642e+03,6.203540299999999661e+03,4.323488000000000284e+03,1.993697100000000091e+03,-7.508543299999999476e+01,-2.767339300000000080e+01,-1.677419300000000035e+01,-1.665151399999999882e+01
5.799999999999999600e-01,6.469504899999999907e+03,6.167867299999999886e+03,4.345281899999999951e+03,2.037471299999999928e+03,-7.506834999999999525e+01,-2.789649800000000113e+01,-1.675822199999999995e+01,-1.658743700000000132e+01
5.833333299999999833e-01,6.407698500000000422e+03,6.080076699999999619e+03,4.341505100000000311e+03,2.072037100000000009e+03,-7.386058400000000290e+01,-2.787825300000000084e+01,-1.644791999999999987e+01,-1.605658800000000141e+01
5.866666699999999457e-01,6.343817900000000009e+03,6.021296199999999772e+03,4.344405499999999847e+03,2.108755099999999857e+03,-7.418072100000000546e+01,-2.796959999999999980e+01,-1.630667299999999997e+01,-1.591610700000000023e+01
5.899999999999999689e-01,6.286853600000000370e+03,5.971739899999999579e+03,4.349898799999999937e+03,2.149193600000000060e+03,-7.462389100000000042e+01,-2.818860700000000108e+01,-1.635973399999999955e+01,-1.595806499999999950e+01
5.933333299999999921e-01,6.215639400000000023e+03,5.906310400000000300e+03,4.337753999999999905e+03,2.178465200000000095e+03,-7.464434400000000380e+01,-2.813530300000000040e+01,-1.625823000000000107e+01,-1.582980500000000035e+01
5.966666699999999546e-01,6.140545199999999568e+03,5.835470900000000256e+03,4.317732899999999972e+03,2.202284900000000107e+03,-7.473966299999999308e+01,-2.826483199999999840e+01,-1.645259000000000071e+01,-1.590762100000000068e+01
5.999999999999999778e-01,6.057576500000000124e+03,5.754893799999999828e+03,4.285036500000000160e+03,2.216663599999999860e+03,-7.450170099999999707e+01,-2.806138100000000080e+01,-1.638434700000000177e+01,-1.575631899999999952e+01
6.033333300000000010e-01,5.964982399999999870e+03,5.662918800000000374e+03,4.238730899999999565e+03,2.220024800000000141e+03,-7.435333500000000129e+01,-2.787197300000000055e+01,-1.638384500000000088e+01,-1.569233000000000011e+01
6.066666699999999635e-01,5.869772100000000137e+03,5.566934299999999894e+03,4.185820600000000013e+03,2.217531500000000051e+03,-7.407197800000000143e+01,-2.750144099999999980e+01,-1.625741400000000070e+01,-1.555383299999999913e+01
6.099999999999999867e-01,5.771693800000000010e+03,5.466623599999999897e+03,4.125523799999999937e+03,2.207897699999999986e+03,-7.422538199999999620e+01,-2.746603299999999948e+01,-1.641502799999999951e+01,-1.561852000000000018e+01
6.133333300000000099e-01,5.674186700000000201e+03,5.365553899999999885e+03,4.060857599999999820e+03,2.192641200000000026e+03,-7.467556700000000092e+01,-2.716994199999999893e+01,-1.631235099999999960e+01,-1.557819199999999960e+01
6.166666699999999723e-01,5.577180800000000090e+03,5.264171900000000278e+03,3.993412699999999859e+03,2.174269699999999830e+03,-7.529515100000000416e+01,-2.682899499999999904e+01,-1.612390500000000060e+01,-1.553964900000000071e+01
6.199999999999999956e-01,5.484236799999999675e+03,5.165905800000000454e+03,3.925705199999999877e+03,2.153719599999999900e+03,-7.589429199999999298e+01,-2.622462099999999907e+01,-1.565742200000000039e+01,-1.529852499999999971e+01
6.233333300000000188e-01,5.396273600000000442e+03,5.071858299999999872e+03,3.858885999999999967e+03,2.131898900000000140e+03,-7.716794899999999302e+01,-2.605014299999999849e+01,-1.556867899999999949e+01,-1.539759800000000034e+01
6.266666699999999812e-01,5.313735999999999876e+03,4.982657699999999750e+03,3.793603999999999814e+03,2.108575400000000172e+03,-7.823174000000000206e+01,-2.565767699999999962e+01,-1.521241799999999955e+01,-1.524290799999999990e+01
6.300000000000000044e-01,5.236627800000000207e+03,4.898447500000000218e+03,3.730109899999999925e+03,2.084098800000000210e+03,-7.921543200000000695e+01,-2.535594499999999840e+01,-1.488785299999999978e+01,-1.506988100000000053e+01
6.333333300000000277e-01,5.165011400000000322e+03,4.819490399999999681e+03,3.668926100000000133e+03,2.058697000000000116e+03,-8.023362199999999689e+01,-2.513955800000000096e+01,-1.456764199999999931e+01,-1.489041199999999954e+01
6.366666699999999901e-01,5.099818599999999606e+03,4.746891800000000330e+03,3.611591899999999896e+03,2.033988200000000006e+03,-8.124079399999999396e+01,-2.495760800000000046e+01,-1.418870300000000029e+01,-1.462656600000000040e+01
6.400000000000000133e-01,5.040848899999999958e+03,4.680595299999999952e+03,3.558244200000000092e+03,2.010238000000000056e+03,-8.237267400000000350e+01,-2.495954300000000003e+01,-1.392885700000000071e+01,-1.445710799999999985e+01
6.433333300000000365e-01,4.989297199999999975e+03,4.621783900000000358e+03,3.510070900000000165e+03,1.988537499999999909e+03,-8.314822599999999397e+01,-2.487859299999999863e+01,-1.357255600000000051e+01,-1.418752399999999980e+01
6.466666699999999990e-01,4.944726499999999760e+03,4.570204600000000028e+03,3.467114500000000135e+03,1.968975200000000086e+03,-8.355479300000000364e+01,-2.489060500000000076e+01,-1.333164000000000016e+01,-1.396849800000000030e+01
6.500000000000000222e-01,4.906173499999999876e+03,4.525083700000000135e+03,3.428972400000000107e+03,1.951448599999999942e+03,-8.387032899999999813e+01,-2.513732999999999862e+01,-1.338819600000000065e+01,-1.398246800000000079e+01
6.533333300000000454e-01,4.873684199999999691e+03,4.486582800000000134e+03,3.396051899999999932e+03,1.936436599999999999e+03,-8.356258099999999445e+01,-2.495197800000000043e+01,-1.312818399999999919e+01,-1.375274199999999958e+01
6.566666700000000079e-01,4.846473200000000361e+03,4.454073300000000017e+03,3.368067900000000009e+03,1.923696200000000090e+03,-8.336879199999999912e+01,-2.504196599999999862e+01,-1.316983399999999982e+01,-1.373916999999999966e+01
6.600000000000000311e-01,4.824219000000000051e+03,4.427303100000000086e+03,3.345039699999999812e+03,1.913565299999999979e+03,-8.255173700000000281e+01,-2.476303000000000054e+01,-1.292637099999999961e+01,-1.347362200000000065e+01
6.633333300000000543e-01,4.805597999999999956e+03,4.405114800000000287e+03,3.326252500000000055e+03,1.905636999999999944e+03,-8.160740099999999586e+01,-2.464312500000000128e+01,-1.289224699999999935e+01,-1.335581700000000005e+01
6.666666700000000167e-01,4.789782199999999648e+03,4.386654099999999744e+03,3.311144400000000132e+03,1.899885099999999966e+03,-8.009545599999999865e+01,-2.425209200000000109e+01,-1.268412299999999959e+01,-1.306120899999999985e+01
6.700000000000000400e-01,4.776442100000000210e+03,4.371461699999999837e+03,3.299315999999999804e+03,1.896022500000000036e+03,-7.832102600000000336e+01,-2.385953100000000049e+01,-1.254415099999999939e+01,-1.280317800000000084e+01
6.733333299999999522e-01,4.765305199999999786e+03,4.359139400000000023e+03,3.290414499999999862e+03,1.893799400000000105e+03,-7.635152600000000689e+01,-2.345621600000000129e+01,-1.245600499999999933e+01,-1.257966799999999985e+01
6.766666700000000256e-01,4.754970299999999952e+03,4.348306800000000294e+03,3.283297000000000025e+03,1.892647200000000112e+03,-7.419392600000000471e+01,-2.296444699999999983e+01,-1.236581200000000003e+01,-1.233591400000000071e+01
6.800000000000000488e-01,4.745038599999999860e+03,4.338440200000000004e+03,3.277372100000000046e+03,1.892067900000000009e+03,-7.210729299999999853e+01,-2.251313599999999937e+01,-1.236739299999999986e+01,-1.216928799999999988e+01
6.828571399999999736e-01,4.748752499999999600e+03,4.357721199999999953e+03,3.292497800000000097e+03,1.913130100000000084e+03,-7.208289499999999350e+01,-2.198386199999999846e+01,-1.226511400000000052e+01,-1.209623299999999979e+01
6.850000000000000533e-01,4.771829499999999825e+03,4.416069700000000012e+03,3.334823300000000017e+03,1.963773699999999963e+03,-7.446570099999999570e+01,-2.157542300000000068e+01,-1.228002500000000019e+01,-1.238618400000000008e+01
6.871428600000000220e-01,4.758355899999999565e+03,4.400657900000000154e+03,3.320310100000000148e+03,1.957259700000000066e+03,-7.321436799999999323e+01,-2.136124699999999876e+01,-1.231418799999999969e+01,-1.223329700000000031e+01
6.892857100000000514e-01,4.738948000000000320e+03,4.375807700000000295e+03,3.298619400000000041e+03,1.943632000000000062e+03,-7.165573999999999444e+01,-2.095066500000000076e+01,-1.214480900000000041e+01,-1.188668499999999995e+01
6.914285700000000201e-01,4.723337900000000445e+03,4.355553700000000390e+03,3.281761899999999969e+03,1.933508299999999963e+03,-7.056291600000000130e+01,-2.064806400000000153e+01,-1.205304100000000034e+01,-1.165678600000000031e+01
6.935714299999999888e-01,4.709024699999999939e+03,4.337862500000000182e+03,3.267903299999999945e+03,1.925557299999999941e+03,-6.953556100000000129e+01,-2.023851200000000006e+01,-1.186169199999999968e+01,-1.136881699999999995e+01
6.957142899999999575e-01,4.696091800000000148e+03,4.322511700000000019e+03,3.256748500000000149e+03,1.919711800000000039e+03,-6.883774499999999819e+01,-2.011352499999999921e+01,-1.194044000000000061e+01,-1.131537499999999952e+01
6.978571399999999869e-01,4.683541699999999764e+03,4.308344399999999951e+03,3.247130900000000111e+03,1.915093000000000075e+03,-6.815466700000000344e+01,-1.998547399999999996e+01,-1.203709300000000049e+01,-1.130732599999999977e+01
6.999999999999999556e-01,4.670952900000000227e+03,4.294779999999999745e+03,3.238501600000000053e+03,1.911433199999999943e+03,-6.723277699999999868e+01,-1.961157800000000151e+01,-1.191355800000000009e+01,-1.111889099999999964e+01
7.022222200000000081e-01,4.653981999999999971e+03,4.273245100000000093e+03,3.224484399999999823e+03,1.901489199999999983e+03,-6.631058199999999658e+01,-1.960470099999999860e+01,-1.207468300000000028e+01,-1.111979200000000034e+01
7.044444399999999495e-01,4.640698400000000220e+03,4.259960799999999836e+03,3.216975600000000213e+03,1.898864100000000008e+03,-6.526861599999999441e+01,-1.909738000000000113e+01,-1.181919599999999981e+01,-1.083163599999999960e+01
7.066666700000000523e-01,4.627920600000000377e+03,4.247913599999999860e+03,3.210572900000000118e+03,1.897346999999999980e+03,-6.475717000000000212e+01,-1.907288099999999886e+01,-1.198196800000000017e+01,-1.086879799999999996e+01
7.088888899999999937e-01,4.614026499999999942e+03,4.234974400000000060e+03,3.203561099999999897e+03,1.895682399999999916e+03,-6.394939800000000218e+01,-1.878715700000000055e+01,-1.193038999999999916e+01,-1.078448799999999963e+01
7.111111100000000462e-01,4.599192100000000210e+03,4.221179600000000391e+03,3.195875199999999950e+03,1.893716200000000072e+03,-6.319337199999999655e+01,-1.856262900000000116e+01,-1.191813400000000023e+01,-1.071351199999999970e+01
7.133333299999999877e-01,4.583310199999999895e+03,4.206381599999999708e+03,3.187344200000000001e+03,1.891233199999999897e+03,-6.269458900000000057e+01,-1.860506799999999927e+01,-1.213116300000000081e+01,-1.081006799999999934e+01
7.155555599999999794e-01,4.566971700000000055e+03,4.191130000000000109e+03,3.178454200000000128e+03,1.888735400000000027e+03,-6.173854999999999649e+01,-1.819663600000000159e+01,-1.196139800000000086e+01,-1.064790299999999945e+01
7.177777800000000319e-01,4.550021600000000035e+03,4.175230199999999968e+03,3.168946800000000167e+03,1.885810899999999947e+03,-6.108665400000000290e+01,-1.808594199999999930e+01,-1.201763099999999973e+01,-1.061111799999999938e+01
7.199999999999999734e-01,4.532524500000000444e+03,4.158759699999999611e+03,3.158937300000000050e+03,1.882665899999999965e+03,-6.028327600000000075e+01,-1.782944499999999977e+01,-1.196151500000000034e+01,-1.052866099999999960e+01
7.222222200000000258e-01,4.514787199999999757e+03,4.141962999999999738e+03,3.148569100000000162e+03,1.879351100000000088e+03,-5.960646100000000303e+01,-1.768728700000000131e+01,-1.199263700000000021e+01,-1.051210700000000031e+01
7.244444399999999673e-01,4.496869899999999689e+03,4.124924799999999777e+03,3.137913100000000213e+03,1.875898200000000088e+03,-5.881145300000000020e+01,-1.740603899999999982e+01,-1.188986000000000054e+01,-1.039295699999999911e+01
7.266666699999999590e-01,4.478725699999999961e+03,4.107596099999999751e+03,3.126905400000000100e+03,1.872160000000000082e+03,-5.815134900000000329e+01,-1.723256699999999952e+01,-1.187572199999999967e+01,-1.035812199999999983e+01
7.288888900000000115e-01,4.460588399999999638e+03,4.090174799999999777e+03,3.115699500000000171e+03,1.868277399999999943e+03,-5.758071300000000292e+01,-1.711470299999999867e+01,-1.190613300000000052e+01,-1.037971499999999914e+01
7.311111099999999530e-01,4.442458599999999933e+03,4.072674799999999777e+03,3.104319199999999910e+03,1.864286800000000085e+03,-5.694007500000000022e+01,-1.687952699999999950e+01,-1.180686700000000044e+01,-1.028505099999999928e+01
7.333333300000000055e-01,4.424498999999999796e+03,4.055238299999999981e+03,3.092858000000000175e+03,1.860218699999999899e+03,-5.634823699999999747e+01,-1.663492300000000057e+01,-1.168246599999999980e+01,-1.017800899999999942e+01
7.355555599999999972e-01,4.406944999999999709e+03,4.038081599999999980e+03,3.081449399999999969e+03,1.856067500000000109e+03,-5.594437899999999786e+01,-1.650798899999999847e+01,-1.165473000000000070e+01,-1.017130399999999923e+01
7.377777800000000497e-01,4.389698000000000320e+03,4.021140899999999874e+03,3.070088499999999840e+03,1.851897799999999961e+03,-5.558561799999999664e+01,-1.634784700000000157e+01,-1.158031399999999955e+01,-1.013436899999999952e+01
7.399999999999999911e-01,4.372918599999999969e+03,4.004563400000000001e+03,3.058873099999999795e+03,1.847727200000000039e+03,-5.527474999999999739e+01,-1.614944200000000052e+01,-1.144454099999999919e+01,-1.004107499999999931e+01
7.425000000000000488e-01,4.345269599999999627e+03,3.966020300000000134e+03,3.031223300000000108e+03,1.823544799999999896e+03,-5.434599099999999794e+01,-1.608909099999999981e+01,-1.125788499999999992e+01,-9.864852900000000702e+00
7.449999999999999956e-01,4.328487799999999879e+03,3.949486399999999776e+03,3.021080100000000130e+03,1.819914899999999989e+03,-5.413505500000000126e+01,-1.585457300000000025e+01,-1.105474399999999946e+01,-9.733014999999999972e+00
7.475000000000000533e-01,4.315119200000000092e+03,3.937462500000000091e+03,3.014521099999999933e+03,1.819578400000000101e+03,-5.415672599999999903e+01,-1.561040200000000056e+01,-1.082154799999999994e+01,-9.583853899999999371e+00
7.500000000000000000e-01,4.301570899999999710e+03,3.925058199999999943e+03,3.007165500000000065e+03,1.818400599999999940e+03,-5.434734699999999918e+01,-1.544403800000000082e+01,-1.063377299999999970e+01,-9.480687299999999595e+00
7.524999999999999467e-01,4.289012099999999919e+03,3.913328599999999824e+03,3.000020199999999932e+03,1.817066700000000083e+03,-5.458098900000000242e+01,-1.521666199999999947e+01,-1.034833800000000004e+01,-9.287195099999999925e+00
7.550000000000000044e-01,4.276709499999999935e+03,3.901618500000000040e+03,2.992588299999999890e+03,1.815248599999999897e+03,-5.498769800000000174e+01,-1.508177799999999991e+01,-1.012119000000000035e+01,-9.157675700000000418e+00
7.574999999999999512e-01,4.265463800000000447e+03,3.890763699999999972e+03,2.985689800000000105e+03,1.813580899999999929e+03,-5.542405899999999974e+01,-1.492315199999999997e+01,-9.835072500000000773e+00,-8.957388299999999859e+00
7.600000000000000089e-01,4.255019699999999830e+03,3.880566600000000108e+03,2.979232800000000225e+03,1.812067900000000009e+03,-5.590086900000000014e+01,-1.480153100000000066e+01,-9.573537200000000524e+00,-8.783731599999999418e+00
7.628571400000000446e-01,4.235382999999999811e+03,3.850090599999999995e+03,2.957463299999999890e+03,1.791262699999999995e+03,-5.572458900000000170e+01,-1.485147800000000018e+01,-9.264967099999999789e+00,-8.512203799999999987e+00
7.657142900000000196e-01,4.226997000000000298e+03,3.842006499999999960e+03,2.953967799999999897e+03,1.791647400000000061e+03,-5.626262599999999736e+01,-1.480502300000000027e+01,-9.052618000000000720e+00,-8.397104099999999960e+00
7.685714300000000554e-01,4.222422300000000178e+03,3.838860200000000077e+03,2.954516700000000128e+03,1.795613000000000056e+03,-5.709167500000000217e+01,-1.489271800000000034e+01,-8.965277499999999122e+00,-8.406857000000000468e+00
7.714285699999999801e-01,4.217730499999999665e+03,3.835476299999999810e+03,2.954648400000000038e+03,1.799221800000000030e+03,-5.764555500000000166e+01,-1.471285499999999935e+01,-8.619897999999999172e+00,-8.175816299999999259e+00
7.742857100000000159e-01,4.214011499999999614e+03,3.832787100000000009e+03,2.955166600000000017e+03,1.802971600000000080e+03,-5.837158399999999858e+01,-1.469113399999999992e+01,-8.415847499999999926e+00,-8.062996699999999350e+00
7.771428599999999909e-01,4.211153800000000047e+03,3.830792699999999968e+03,2.956216100000000097e+03,1.807110300000000052e+03,-5.897049400000000219e+01,-1.452810900000000061e+01,-8.081626599999999883e+00,-7.838877199999999767e+00
7.800000000000000266e-01,4.209404499999999643e+03,3.829806500000000142e+03,2.958128099999999904e+03,1.811891900000000078e+03,-5.966915500000000350e+01,-1.445442800000000005e+01,-7.831548299999999685e+00,-7.685247399999999729e+00
7.828571399999999514e-01,4.207870100000000093e+03,3.828965400000000045e+03,2.960115400000000136e+03,1.816752700000000004e+03,-6.032052300000000145e+01,-1.433151999999999937e+01,-7.541361700000000390e+00,-7.487421699999999625e+00
7.857142900000000374e-01,4.206528299999999945e+03,3.828268099999999777e+03,2.962184000000000196e+03,1.821663500000000113e+03,-6.104966799999999694e+01,-1.429350999999999949e+01,-7.339550100000000299e+00,-7.363736300000000234e+00
7.885714299999999621e-01,4.206073599999999715e+03,3.828433599999999842e+03,2.965033199999999852e+03,1.827165400000000091e+03,-6.168566100000000318e+01,-1.417735099999999981e+01,-7.067535099999999737e+00,-7.156045400000000001e+00
7.914285699999999979e-01,4.205787699999999859e+03,3.828788199999999961e+03,2.968076100000000224e+03,1.832883199999999988e+03,-6.235816599999999710e+01,-1.412511100000000042e+01,-6.864644499999999816e+00,-6.996843900000000005e+00
7.942857100000000337e-01,4.205639900000000125e+03,3.829406100000000151e+03,2.971613400000000183e+03,1.839320600000000013e+03,-6.292998099999999795e+01,-1.400616800000000062e+01,-6.606893099999999741e+00,-6.767709100000000255e+00
7.971428600000000086e-01,4.205419499999999971e+03,3.829969700000000103e+03,2.975076599999999871e+03,1.845660100000000057e+03,-6.355100999999999800e+01,-1.396792300000000075e+01,-6.438978500000000160e+00,-6.603236500000000397e+00
8.000000000000000444e-01,4.205260900000000220e+03,3.830647100000000137e+03,2.978722900000000209e+03,1.852244500000000016e+03,-6.409088199999999347e+01,-1.388955999999999946e+01,-6.246921799999999969e+00,-6.400691799999999709e+00
8.028571399999999691e-01,4.204731600000000071e+03,3.831081799999999930e+03,2.982342000000000098e+03,1.859048500000000104e+03,-6.459233199999999897e+01,-1.380904999999999916e+01,-6.069091300000000189e+00,-6.198597600000000263e+00
8.057142900000000552e-01,4.203757599999999911e+03,3.831096900000000005e+03,2.985582699999999932e+03,1.865583399999999983e+03,-6.514879600000000437e+01,-1.381895600000000002e+01,-5.996396599999999744e+00,-6.091510399999999770e+00
8.085714299999999799e-01,4.201938199999999597e+03,3.830309999999999945e+03,2.988114599999999882e+03,1.871628400000000056e+03,-6.559790800000000388e+01,-1.375197000000000003e+01,-5.854692000000000007e+00,-5.903235200000000127e+00
8.114285700000000157e-01,4.199817600000000311e+03,3.829236100000000079e+03,2.990384399999999914e+03,1.877496000000000095e+03,-6.597375900000000115e+01,-1.364475599999999922e+01,-5.677565900000000276e+00,-5.667389799999999589e+00
8.142857100000000514e-01,4.196885500000000320e+03,3.827356999999999971e+03,2.991867099999999937e+03,1.882672700000000077e+03,-6.630134499999999775e+01,-1.352149999999999963e+01,-5.494698399999999872e+00,-5.424327299999999852e+00
8.171428600000000264e-01,4.193350000000000364e+03,3.824918000000000120e+03,2.992885699999999815e+03,1.887537900000000036e+03,-6.662479999999999336e+01,-1.343267499999999970e+01,-5.354564500000000393e+00,-5.216796800000000012e+00
8.199999999999999512e-01,4.189361100000000079e+03,3.822026899999999841e+03,2.993467599999999948e+03,1.892011400000000094e+03,-6.697107599999999650e+01,-1.340446999999999989e+01,-5.287113399999999963e+00,-5.082858899999999736e+00
8.228571399999999869e-01,4.185118199999999888e+03,3.818932899999999790e+03,2.993956200000000081e+03,1.896497499999999945e+03,-6.723473400000000311e+01,-1.333232300000000059e+01,-5.187946400000000402e+00,-4.920155000000000278e+00
8.257142899999999619e-01,4.180461599999999635e+03,3.815419400000000223e+03,2.994054799999999886e+03,1.900688599999999951e+03,-6.746221599999999796e+01,-1.326049500000000059e+01,-5.099918999999999869e+00,-4.770924599999999849e+00
8.285714299999999977e-01,4.175550400000000081e+03,3.811633400000000165e+03,2.993886300000000119e+03,1.904636400000000094e+03,-6.764249200000000428e+01,-1.317492400000000075e+01,-5.005067399999999722e+00,-4.614916100000000299e+00
8.314285700000000334e-01,4.170052099999999882e+03,3.807270500000000084e+03,2.993219700000000103e+03,1.908246399999999994e+03,-6.769597000000000264e+01,-1.299635999999999925e+01,-4.831373100000000420e+00,-4.393209299999999651e+00
8.342857099999999582e-01,4.164108199999999670e+03,3.802440799999999854e+03,2.992105900000000020e+03,1.911479499999999916e+03,-6.771544199999999591e+01,-1.281425400000000003e+01,-4.657532899999999643e+00,-4.169371499999999564e+00
8.371428600000000442e-01,4.157910299999999552e+03,3.797333099999999831e+03,2.990730799999999817e+03,1.914505699999999933e+03,-6.771748499999999638e+01,-1.264482699999999937e+01,-4.504323799999999878e+00,-3.977207599999999843e+00
8.399999999999999689e-01,4.151318000000000211e+03,3.791797399999999925e+03,2.988923600000000079e+03,1.917151499999999942e+03,-6.770256500000000699e+01,-1.248557399999999973e+01,-4.363085700000000067e+00,-3.799505599999999816e+00
8.433333299999999921e-01,4.135396899999999732e+03,3.766186299999999846e+03,2.971162899999999809e+03,1.897899400000000014e+03,-6.612575099999999395e+01,-1.242289700000000074e+01,-4.202060099999999743e+00,-3.514224000000000014e+00
8.466666699999999546e-01,4.128307899999999790e+03,3.760658199999999852e+03,2.970971799999999803e+03,1.901977900000000091e+03,-6.600750700000000393e+01,-1.221339500000000022e+01,-4.032856899999999634e+00,-3.314497900000000108e+00
8.499999999999999778e-01,4.122884500000000116e+03,3.757888600000000224e+03,2.972965400000000045e+03,1.908473500000000058e+03,-6.598253400000000113e+01,-1.202753799999999984e+01,-3.900186300000000106e+00,-3.165150999999999826e+00
8.533333300000000010e-01,4.116013299999999617e+03,3.753432699999999841e+03,2.973119999999999891e+03,1.913473999999999933e+03,-6.575507500000000505e+01,-1.178251500000000007e+01,-3.713651599999999942e+00,-2.963853499999999919e+00
8.566666699999999635e-01,4.108965900000000147e+03,3.748381400000000212e+03,2.972339599999999791e+03,1.917500399999999900e+03,-6.553401200000000415e+01,-1.158605200000000046e+01,-3.562263100000000016e+00,-2.789353900000000053e+00
8.599999999999999867e-01,4.101429699999999684e+03,3.742540199999999913e+03,2.970614799999999832e+03,1.920669000000000096e+03,-6.529682699999999329e+01,-1.138974699999999984e+01,-3.399962700000000115e+00,-2.599985499999999838e+00
8.633333300000000099e-01,4.093794699999999921e+03,3.736328500000000076e+03,2.968320799999999963e+03,1.923257100000000037e+03,-6.513125399999999843e+01,-1.128287699999999916e+01,-3.329126800000000053e+00,-2.513971999999999873e+00
8.666666699999999723e-01,4.086328100000000177e+03,3.730097000000000207e+03,2.965875799999999799e+03,1.925663800000000037e+03,-6.466426199999999369e+01,-1.088795799999999936e+01,-2.988682700000000025e+00,-2.178740599999999805e+00
8.699999999999999956e-01,4.079063099999999849e+03,3.723878400000000056e+03,2.963242099999999937e+03,1.927741500000000087e+03,-6.440884699999999441e+01,-1.071971899999999955e+01,-2.883856600000000103e+00,-2.058959100000000042e+00
8.733333300000000188e-01,4.071804000000000087e+03,3.717554799999999886e+03,2.960425900000000183e+03,1.929578500000000076e+03,-6.402580199999999877e+01,-1.046973099999999945e+01,-2.660185699999999986e+00,-1.763364200000000048e+00
8.766666699999999812e-01,4.064921600000000126e+03,3.711490299999999934e+03,2.957705100000000130e+03,1.931290600000000040e+03,-6.368113999999999919e+01,-1.035022799999999954e+01,-2.590057700000000018e+00,-1.622086700000000103e+00
8.800000000000000044e-01,4.057979899999999816e+03,3.705307200000000194e+03,2.954827900000000227e+03,1.932869899999999916e+03,-6.323687400000000025e+01,-1.019016399999999933e+01,-2.457582400000000167e+00,-1.409856900000000079e+00
8.833333300000000277e-01,4.051353700000000117e+03,3.699358600000000024e+03,2.952081000000000131e+03,1.934461999999999989e+03,-6.272340899999999664e+01,-1.002966699999999989e+01,-2.341043299999999938e+00,-1.226549300000000065e+00
8.866666699999999901e-01,4.044878999999999905e+03,3.693510999999999967e+03,2.949364799999999832e+03,1.936037499999999909e+03,-6.205913100000000071e+01,-9.782365399999999767e+00,-2.151980099999999840e+00,-9.788139900000000226e-01
8.900000000000000133e-01,4.038629899999999907e+03,3.687829900000000180e+03,2.946709800000000087e+03,1.937545800000000099e+03,-6.137956400000000201e+01,-9.573337799999999120e+00,-2.020577700000000032e+00,-8.092681800000000036e-01
8.933333300000000365e-01,4.032726900000000114e+03,3.682457300000000032e+03,2.944289900000000216e+03,1.939211199999999963e+03,-6.053914199999999823e+01,-9.241056600000000287e+00,-1.786622699999999897e+00,-5.564292299999999969e-01
8.966666699999999990e-01,4.026940099999999802e+03,3.677183199999999943e+03,2.941924199999999928e+03,1.940868899999999940e+03,-5.967959400000000159e+01,-8.916073199999999588e+00,-1.564926400000000051e+00,-3.167766100000000140e-01
9.000000000000000222e-01,4.021467799999999897e+03,3.672190200000000004e+03,2.939758200000000215e+03,1.942634499999999889e+03,-5.876700699999999955e+01,-8.560656200000000382e+00,-1.323833800000000060e+00,-6.654503200000000396e-02
9.040000000000000258e-01,4.008292699999999968e+03,3.648429200000000037e+03,2.922120600000000195e+03,1.920780299999999897e+03,-5.575791100000000000e+01,-8.208904699999999721e+00,-9.741940000000000044e-01,3.957183499999999965e-01
9.080000000000000293e-01,4.003415800000000218e+03,3.644771200000000135e+03,2.923014599999999973e+03,1.925412100000000009e+03,-5.440086600000000061e+01,-7.519517900000000310e+00,-4.481478300000000248e-01,9.228611199999999792e-01
9.120000000000000329e-01,4.000728900000000067e+03,3.644427200000000084e+03,2.926635099999999966e+03,1.932992199999999912e+03,-5.319315900000000141e+01,-6.900566600000000328e+00,-5.440672600000000117e-04,1.370485699999999918e+00
9.160000000000000364e-01,3.996487399999999980e+03,3.642306300000000192e+03,2.928302900000000136e+03,1.938987900000000081e+03,-5.182340099999999694e+01,-6.286435299999999948e+00,4.470281400000000183e-01,1.851825599999999961e+00
9.200000000000000400e-01,3.992121700000000146e+03,3.639668500000000222e+03,2.929153999999999996e+03,1.944096099999999979e+03,-5.040652299999999997e+01,-5.666955299999999696e+00,9.387699000000000460e-01,2.408240800000000181e+00
9.240000000000000435e-01,3.987365899999999783e+03,3.636373099999999795e+03,2.929209699999999884e+03,1.948484999999999900e+03,-4.889169100000000157e+01,-4.960290399999999877e+00,1.533455999999999930e+00,3.063702699999999890e+00
9.280000000000000471e-01,3.982828700000000026e+03,3.633102100000000064e+03,2.929199700000000121e+03,1.952776399999999967e+03,-4.727539500000000317e+01,-4.158273399999999675e+00,2.235990699999999887e+00,3.824900400000000200e+00
9.320000000000000506e-01,3.978577400000000125e+03,3.629978900000000067e+03,2.929268300000000181e+03,1.957086000000000013e+03,-4.567553699999999850e+01,-3.368086200000000030e+00,2.926893499999999815e+00,4.558073900000000123e+00
9.360000000000000542e-01,3.974864799999999832e+03,3.627300000000000182e+03,2.929740600000000086e+03,1.961695099999999911e+03,-4.411353600000000341e+01,-2.601380799999999827e+00,3.607419300000000106e+00,5.272099200000000430e+00
9.399999999999999467e-01,3.971112999999999829e+03,3.624568499999999858e+03,2.930236899999999878e+03,1.966387099999999919e+03,-4.260562999999999789e+01,-1.860898699999999906e+00,4.280419799999999775e+00,5.993815999999999811e+00
9.439999999999999503e-01,3.967061700000000201e+03,3.621571500000000015e+03,2.930629800000000159e+03,1.971150000000000091e+03,-4.100308100000000167e+01,-9.903179300000000129e-01,5.084272799999999926e+00,6.840207600000000276e+00
9.479999999999999538e-01,3.962575800000000072e+03,3.618174599999999828e+03,2.930786300000000210e+03,1.975862699999999904e+03,-3.943333400000000211e+01,-9.020909500000000303e-02,5.925115400000000143e+00,7.718587900000000168e+00
9.519999999999999574e-01,3.957641000000000076e+03,3.614371700000000146e+03,2.930716399999999794e+03,1.980587800000000016e+03,-3.780643200000000093e+01,9.138763199999999642e-01,6.864735900000000335e+00,8.686410300000000362e+00
9.559999999999999609e-01,3.952223599999999806e+03,3.610094900000000052e+03,2.930317500000000109e+03,1.985200399999999945e+03,-3.617879099999999681e+01,1.981735100000000083e+00,7.869701199999999730e+00,9.714531400000000261e+00
9.599999999999999645e-01,3.946344599999999900e+03,3.605340499999999793e+03,2.929543299999999817e+03,1.989643700000000081e+03,-3.449212599999999895e+01,3.167727699999999924e+00,8.995473600000000403e+00,1.085797299999999943e+01
9.639999999999999680e-01,3.940155000000000200e+03,3.600239799999999832e+03,2.928487500000000182e+03,1.993941900000000032e+03,-3.280010800000000160e+01,4.424342900000000078e+00,1.019395899999999955e+01,1.206828199999999995e+01
9.679999999999999716e-01,3.933525599999999940e+03,3.594656399999999849e+03,2.927002899999999954e+03,1.997949200000000019e+03,-3.118722500000000153e+01,5.666359899999999783e+00,1.138622999999999941e+01,1.326850600000000036e+01
9.719999999999999751e-01,3.926416700000000219e+03,3.588561299999999846e+03,2.925070299999999861e+03,2.001660699999999906e+03,-2.959004200000000040e+01,6.956267200000000095e+00,1.263242200000000004e+01,1.451735900000000079e+01
9.759999999999999787e-01,3.918779199999999946e+03,3.581915700000000015e+03,2.922671200000000226e+03,2.005086999999999989e+03,-2.797196200000000132e+01,8.328768500000000685e+00,1.397387499999999960e+01,1.585457599999999978e+01
9.799999999999999822e-01,3.911019800000000032e+03,3.575105199999999968e+03,2.920141700000000128e+03,2.008492099999999937e+03,-2.634584100000000007e+01,9.765894199999999969e+00,1.538902500000000018e+01,1.726406300000000016e+01
9.839999999999999858e-01,3.903173800000000028e+03,3.568124099999999999e+03,2.917411799999999857e+03,2.011784200000000055e+03,-2.473514000000000124e+01,1.124379599999999968e+01,1.685453800000000157e+01,1.873030699999999982e+01
9.879999999999999893e-01,3.895366599999999835e+03,3.561144200000000183e+03,2.914720200000000204e+03,2.015275699999999915e+03,-2.300821399999999883e+01,1.289639700000000033e+01,1.851116400000000084e+01,2.039149099999999848e+01
9.919999999999999929e-01,3.887017800000000079e+03,3.553520700000000033e+03,2.911323400000000220e+03,2.018211499999999887e+03,-2.126840599999999881e+01,1.460979200000000056e+01,2.023848399999999970e+01,2.212024600000000163e+01
9.959999999999999964e-01,3.878656800000000203e+03,3.545752399999999852e+03,2.907623599999999897e+03,2.020813799999999901e+03,-1.959439000000000064e+01,1.630816099999999835e+01,2.196942299999999904e+01,2.385420200000000079e+01
1.000000000000000000e+00,3.870045500000000175e+03,3.537592399999999998e+03,2.903342599999999948e+03,2.022784400000000005e+03,-1.793408099999999905e+01,1.803693300000000121e+01,2.375026799999999838e+01,2.564501800000000031e+01
1.004000000000000004e+00,3.860636899999999969e+03,3.528563900000000103e+03,2.898114599999999882e+03,2.023877999999999929e+03,-1.635916100000000029e+01,1.971292700000000053e+01,2.549248199999999898e+01,2.739996400000000065e+01
1.008000000000000007e+00,3.850628000000000156e+03,3.518903600000000097e+03,2.892234399999999823e+03,2.024454500000000053e+03,-1.459530600000000078e+01,2.159660300000000177e+01,2.745538300000000120e+01,2.938276799999999866e+01
1.012000000000000011e+00,3.839948300000000017e+03,3.508476900000000114e+03,2.885429099999999835e+03,2.024034200000000055e+03,-1.273390900000000059e+01,2.358411600000000163e+01,2.953079699999999974e+01,3.148099900000000062e+01
1.016000000000000014e+00,3.829010499999999865e+03,3.497694100000000162e+03,2.878096700000000055e+03,2.022974600000000009e+03,-1.075828699999999927e+01,2.568027899999999875e+01,3.172056500000000057e+01,3.369748599999999783e+01
1.020000000000000018e+00,3.817958299999999781e+03,3.486689400000000205e+03,2.870418099999999868e+03,2.021447499999999991e+03,-8.739844899999999583e+00,2.780870200000000025e+01,3.394355999999999796e+01,3.594880200000000059e+01
1.024000000000000021e+00,3.806894099999999980e+03,3.475587599999999838e+03,2.862332800000000134e+03,2.019243699999999990e+03,-6.924874899999999833e+00,2.972684999999999889e+01,3.595712199999999825e+01,3.799289399999999972e+01
1.028000000000000025e+00,3.795905099999999948e+03,3.464437899999999900e+03,2.854035499999999956e+03,2.016668599999999969e+03,-4.738242699999999807e+00,3.199477399999999960e+01,3.831890800000000041e+01,4.038617500000000149e+01
1.032000000000000028e+00,3.785000000000000000e+03,3.453317000000000007e+03,2.845548999999999978e+03,2.013711399999999912e+03,-2.498768699999999843e+00,3.430003500000000116e+01,4.071190599999999904e+01,4.281690600000000302e+01
1.036000000000000032e+00,3.774620399999999790e+03,3.442665199999999913e+03,2.837317300000000159e+03,2.010787800000000061e+03,1.233642100000000019e-01,3.696564200000000255e+01,4.345973099999999789e+01,4.561195399999999722e+01
1.040000000000000036e+00,3.764704499999999825e+03,3.432446600000000217e+03,2.829336800000000039e+03,2.007880799999999908e+03,2.913855700000000049e+00,3.976004499999999808e+01,4.631897000000000020e+01,4.851720399999999955e+01
1.044000000000000039e+00,3.754967299999999796e+03,3.422412600000000111e+03,2.821429900000000089e+03,2.004903999999999996e+03,5.683675299999999986e+00,4.248406800000000061e+01,4.908899799999999658e+01,5.133267200000000230e+01
1.048000000000000043e+00,3.745813099999999849e+03,3.412971300000000156e+03,2.813994400000000041e+03,2.002225400000000036e+03,8.805848799999999699e+00,4.551001500000000277e+01,5.214201700000000272e+01,5.443413699999999977e+01
1.052000000000000046e+00,3.736830699999999979e+03,3.403732300000000123e+03,2.806688700000000154e+03,1.999575199999999995e+03,1.210283599999999993e+01,4.866450799999999788e+01,5.530371499999999685e+01,5.764522399999999891e+01
1.056000000000000050e+00,3.728193499999999858e+03,3.394861800000000130e+03,2.799657700000000204e+03,1.997032699999999977e+03,1.550746900000000039e+01,5.188237099999999913e+01,5.851201100000000110e+01,6.090612099999999884e+01
1.060000000000000053e+00,3.720068999999999960e+03,3.386532799999999952e+03,2.793098700000000008e+03,1.994840300000000070e+03,1.947964699999999993e+01,5.562881000000000142e+01,6.222703299999999871e+01,6.466834400000000471e+01
1.064000000000000057e+00,3.712721100000000206e+03,3.378995800000000145e+03,2.787223500000000058e+03,1.993097500000000082e+03,2.368034499999999909e+01,5.956919099999999645e+01,6.611822200000000294e+01,6.860681300000000249e+01
1.068000000000000060e+00,3.705779100000000199e+03,3.371926399999999830e+03,2.781816800000000057e+03,1.991755000000000109e+03,2.846026000000000167e+01,6.405593600000000265e+01,7.054001999999999839e+01,7.307463799999999310e+01
1.072000000000000064e+00,3.699277300000000196e+03,3.365326799999999821e+03,2.776813799999999901e+03,1.990622499999999945e+03,3.314189700000000016e+01,6.841268100000000629e+01,7.481347499999999684e+01,7.738507900000000461e+01
1.076000000000000068e+00,3.693102699999999913e+03,3.359119700000000194e+03,2.772216499999999996e+03,1.989813799999999901e+03,3.814913200000000160e+01,7.307826599999999928e+01,7.938178999999999519e+01,8.199392400000000691e+01
1.080000000000000071e+00,3.687300299999999879e+03,3.353326599999999871e+03,2.768020199999999932e+03,1.989283899999999903e+03,4.327286099999999891e+01,7.784736100000000647e+01,8.403643599999999481e+01,8.668441799999999375e+01
1.084000000000000075e+00,3.681748500000000149e+03,3.347860900000000129e+03,2.764213000000000193e+03,1.989117899999999963e+03,4.880884100000000103e+01,8.302300599999999520e+01,8.908420700000000636e+01,9.176661699999999655e+01
1.088000000000000078e+00,3.676139799999999923e+03,3.342394299999999930e+03,2.760488699999999881e+03,1.989051099999999906e+03,5.463614499999999907e+01,8.848677399999999693e+01,9.441186299999999676e+01,9.713653200000000254e+01
1.092000000000000082e+00,3.670725300000000061e+03,3.337193000000000211e+03,2.757038100000000213e+03,1.989226400000000012e+03,6.084839300000000151e+01,9.433271899999999732e+01,1.001157000000000039e+02,1.028936800000000034e+02
1.096000000000000085e+00,3.665500199999999950e+03,3.332186999999999898e+03,2.753802599999999984e+03,1.989505799999999908e+03,6.724419100000000071e+01,1.004070099999999996e+02,1.060502000000000038e+02,1.088927099999999939e+02
1.100000000000000089e+00,3.660202400000000125e+03,3.327155699999999797e+03,2.750605500000000120e+03,1.989816900000000032e+03,7.354481099999999572e+01,1.065158600000000035e+02,1.120215900000000033e+02,1.149312000000000040e+02
1.104000000000000092e+00,3.654937399999999798e+03,3.322181799999999839e+03,2.747538500000000113e+03,1.990317700000000059e+03,7.993772699999999531e+01,1.127499700000000047e+02,1.181220900000000000e+02,1.211092600000000061e+02
1.108000000000000096e+00,3.649451000000000022e+03,3.317010699999999815e+03,2.744323100000000068e+03,1.990654399999999896e+03,8.606177099999999314e+01,1.187345100000000002e+02,1.239698400000000049e+02,1.270335699999999974e+02
1.112000000000000099e+00,3.643683700000000044e+03,3.311591199999999844e+03,2.740958599999999933e+03,1.990949200000000019e+03,9.252151700000000289e+01,1.251192400000000049e+02,1.302619400000000098e+02,1.334181900000000098e+02
1.116000000000000103e+00,3.637623700000000099e+03,3.305858000000000175e+03,2.737275900000000092e+03,1.990835800000000063e+03,9.841288000000000125e+01,1.309545200000000023e+02,1.359900900000000092e+02,1.392345400000000097e+02
1.120000000000000107e+00,3.631375199999999950e+03,3.299952699999999822e+03,2.733515199999999822e+03,1.990756800000000112e+03,1.048927199999999971e+02,1.374212899999999991e+02,1.423623900000000049e+02,1.457055599999999913e+02
1.124000000000000110e+00,3.625032299999999850e+03,3.293936999999999898e+03,2.729667699999999968e+03,1.990605000000000018e+03,1.115479200000000048e+02,1.440639999999999930e+02,1.489152100000000019e+02,1.524227700000000141e+02
1.127999999999999892e+00,3.618495399999999790e+03,3.287692199999999957e+03,2.725587599999999838e+03,1.990173099999999977e+03,1.180475899999999996e+02,1.505458299999999952e+02,1.552967500000000030e+02,1.589575900000000104e+02
1.131999999999999895e+00,3.611864999999999782e+03,3.281324200000000019e+03,2.721382799999999861e+03,1.989599500000000035e+03,1.246128300000000024e+02,1.570992799999999932e+02,1.617410399999999981e+02,1.655739599999999996e+02
1.135999999999999899e+00,3.605053699999999935e+03,3.274749499999999898e+03,2.716980300000000170e+03,1.988830300000000079e+03,1.312383000000000095e+02,1.637223600000000090e+02,1.682529000000000110e+02,1.722529999999999859e+02
1.139999999999999902e+00,3.598038399999999911e+03,3.267931199999999990e+03,2.712307299999999941e+03,1.987737200000000030e+03,1.375503999999999962e+02,1.700413800000000037e+02,1.744547399999999868e+02,1.786107399999999927e+02
1.143333300000000108e+00,3.597831200000000081e+03,3.277284799999999905e+03,2.721603700000000117e+03,2.014883199999999988e+03,1.391019200000000069e+02,1.729213399999999865e+02,1.771132599999999968e+02,1.812652600000000120e+02
1.147499999999999964e+00,3.582691100000000006e+03,3.250584100000000035e+03,2.698144400000000132e+03,1.978014899999999898e+03,1.508243899999999940e+02,1.830077200000000062e+02,1.872287000000000035e+02,1.918186200000000099e+02
1.151666700000000043e+00,3.574407299999999850e+03,3.241502500000000055e+03,2.691597400000000107e+03,1.973583100000000059e+03,1.552167300000000125e+02,1.875473499999999945e+02,1.917839099999999917e+02,1.964995299999999929e+02
1.155833300000000063e+00,3.568019899999999780e+03,3.235763699999999972e+03,2.688442700000000059e+03,1.974050500000000056e+03,1.610713299999999890e+02,1.935804699999999912e+02,1.976560599999999965e+02,2.025048600000000079e+02
1.159999999999999920e+00,3.561196899999999914e+03,3.229603599999999915e+03,2.684834499999999935e+03,1.974438699999999926e+03,1.677387200000000007e+02,2.005445699999999931e+02,2.046085300000000018e+02,2.096569900000000075e+02
1.163333299999999904e+00,3.562197599999999966e+03,3.242114799999999832e+03,2.697115999999999985e+03,2.007594399999999951e+03,1.683774200000000008e+02,2.031014900000000125e+02,2.070579899999999895e+02,2.120718200000000024e+02
1.167499999999999982e+00,3.547883699999999862e+03,3.216518999999999778e+03,2.674542300000000068e+03,1.972264100000000099e+03,1.831239300000000014e+02,2.163796900000000107e+02,2.203466200000000015e+02,2.257862599999999986e+02
1.171666700000000061e+00,3.539956700000000183e+03,3.207582899999999881e+03,2.667902900000000045e+03,1.968005400000000009e+03,1.903860599999999863e+02,2.242292500000000075e+02,2.283282700000000034e+02,2.338739999999999952e+02
1.175833300000000081e+00,3.534398799999999937e+03,3.202514799999999923e+03,2.665339800000000196e+03,1.969509700000000066e+03,2.010777300000000025e+02,2.355748499999999979e+02,2.395894999999999868e+02,2.452614199999999869e+02
1.179999999999999938e+00,3.528712399999999889e+03,3.197386300000000119e+03,2.662707800000000134e+03,1.971270700000000033e+03,2.130893900000000087e+02,2.484081500000000062e+02,2.525113299999999867e+02,2.583611500000000092e+02
1.183999999999999941e+00,3.524239399999999932e+03,3.195072400000000016e+03,2.662227400000000216e+03,1.977768000000000029e+03,2.244209899999999891e+02,2.608485099999999761e+02,2.649879300000000057e+02,2.709083299999999781e+02
1.187999999999999945e+00,3.518881600000000162e+03,3.189868399999999838e+03,2.658946800000000167e+03,1.978827900000000000e+03,2.388174999999999955e+02,2.761999999999999886e+02,2.803530799999999772e+02,2.863757899999999950e+02
1.191999999999999948e+00,3.513268700000000081e+03,3.184127899999999954e+03,2.655063299999999799e+03,1.978909000000000106e+03,2.531281099999999924e+02,2.916075399999999718e+02,2.957961500000000115e+02,3.018969500000000039e+02
1.195999999999999952e+00,3.508048899999999776e+03,3.178804799999999886e+03,2.651622699999999895e+03,1.979382399999999961e+03,2.681282400000000052e+02,3.078881000000000085e+02,3.120915499999999838e+02,3.182117000000000075e+02
1.199999999999999956e+00,3.502926800000000185e+03,3.173619900000000143e+03,2.648339100000000144e+03,1.979971700000000055e+03,2.833939799999999991e+02,3.246503700000000094e+02,3.288204799999999750e+02,3.350154400000000123e+02
1.203333299999999939e+00,3.502925600000000031e+03,3.182145199999999932e+03,2.656478300000000218e+03,2.005154899999999998e+03,2.891327800000000252e+02,3.330762799999999970e+02,3.371381499999999960e+02,3.432472500000000082e+02
1.206666699999999981e+00,3.498471900000000005e+03,3.177196899999999914e+03,2.652172500000000127e+03,2.004950100000000020e+03,3.050924400000000105e+02,3.500194599999999809e+02,3.539827300000000037e+02,3.604109100000000012e+02
1.209999999999999964e+00,3.492366599999999835e+03,3.169572999999999865e+03,2.645063099999999849e+03,2.000092699999999923e+03,3.164776400000000081e+02,3.623289300000000139e+02,3.661979200000000105e+02,3.728071699999999851e+02
1.212499999999999911e+00,3.497823800000000119e+03,3.189981400000000122e+03,2.661939800000000105e+03,2.046502500000000055e+03,3.170720999999999776e+02,3.665839799999999968e+02,3.694386000000000081e+02,3.762939799999999764e+02
1.215000000000000080e+00,3.493500000000000000e+03,3.184164900000000216e+03,2.655064600000000155e+03,2.043101000000000113e+03,3.299028700000000072e+02,3.792905900000000088e+02,3.820890499999999861e+02,3.897344400000000064e+02
1.217500000000000027e+00,3.486582100000000082e+03,3.174121000000000095e+03,2.644015800000000127e+03,2.032374499999999898e+03,3.370532699999999977e+02,3.863076300000000174e+02,3.889103400000000192e+02,3.968961600000000089e+02
1.219999999999999973e+00,3.481230900000000020e+03,3.166307699999999841e+03,2.635841399999999794e+03,2.024474899999999934e+03,3.449336500000000001e+02,3.948570399999999836e+02,3.973602300000000014e+02,4.057942400000000021e+02
1.222857099999999919e+00,3.471485999999999876e+03,3.147818400000000111e+03,2.620231400000000122e+03,1.996215799999999945e+03,3.571001200000000040e+02,4.066878300000000195e+02,4.095732699999999795e+02,4.182348700000000008e+02
1.225714299999999923e+00,3.467147100000000137e+03,3.142363100000000031e+03,2.616313200000000052e+03,1.992159100000000080e+03,3.634235899999999901e+02,4.142279899999999770e+02,4.168249299999999948e+02,4.254807099999999878e+02
1.228571400000000091e+00,3.463719300000000203e+03,3.138936000000000149e+03,2.614605700000000070e+03,1.991801699999999983e+03,3.699049999999999727e+02,4.219506600000000276e+02,4.243323800000000006e+02,4.332779899999999884e+02
1.231428600000000095e+00,3.460176800000000185e+03,3.135453899999999976e+03,2.612800000000000182e+03,1.991599300000000085e+03,3.766198099999999727e+02,4.296380399999999895e+02,4.317896999999999821e+02,4.407960800000000177e+02
1.234285700000000041e+00,3.456146400000000085e+03,3.131381400000000212e+03,2.610253099999999904e+03,1.990576299999999947e+03,3.819554499999999848e+02,4.359239600000000223e+02,4.379059100000000058e+02,4.467935699999999883e+02
1.237142900000000045e+00,3.452085599999999886e+03,3.127224499999999807e+03,2.607579200000000128e+03,1.989557999999999993e+03,3.877062599999999861e+02,4.425803599999999847e+02,4.445162199999999757e+02,4.534626700000000028e+02
1.239999999999999991e+00,3.447540100000000166e+03,3.122506499999999960e+03,2.604209199999999782e+03,1.987712199999999939e+03,3.917150500000000193e+02,4.474087900000000104e+02,4.492754699999999843e+02,4.580641100000000279e+02
1.242857099999999937e+00,3.443087500000000091e+03,3.117857700000000023e+03,2.600872699999999895e+03,1.985990600000000086e+03,3.961143500000000017e+02,4.525568099999999845e+02,4.543914100000000076e+02,4.631476099999999860e+02
1.245714299999999941e+00,3.438434400000000096e+03,3.112994299999999839e+03,2.597279899999999998e+03,1.983999700000000075e+03,3.997699499999999944e+02,4.568974000000000046e+02,4.586542299999999841e+02,4.671551099999999792e+02
1.248571400000000109e+00,3.433626999999999953e+03,3.107953300000000127e+03,2.593434900000000198e+03,1.981701600000000099e+03,4.026707799999999793e+02,4.604248400000000174e+02,4.621612000000000080e+02,4.705190000000000055e+02
1.251428599999999891e+00,3.428689899999999852e+03,3.102770599999999831e+03,2.589388699999999972e+03,1.979176600000000008e+03,4.049927099999999882e+02,4.632981199999999831e+02,4.650445199999999772e+02,4.733779900000000112e+02
1.254285700000000059e+00,3.423593100000000049e+03,3.097437800000000152e+03,2.585174500000000080e+03,1.976495300000000043e+03,4.067511099999999828e+02,4.655231499999999869e+02,4.672734699999999748e+02,4.754980499999999779e+02
1.257142900000000063e+00,3.419038599999999860e+03,3.092685899999999947e+03,2.581602400000000216e+03,1.974705200000000104e+03,4.105514499999999884e+02,4.697471899999999891e+02,4.714931000000000267e+02,4.797236300000000142e+02
1.260000000000000009e+00,3.413726900000000114e+03,3.087122600000000148e+03,2.577034500000000207e+03,1.971585700000000088e+03,4.112305700000000002e+02,4.707819999999999823e+02,4.724817199999999957e+02,4.804751200000000040e+02
1.263333299999999992e+00,3.403948100000000068e+03,3.070521299999999883e+03,2.563517299999999977e+03,1.947287800000000061e+03,4.164173499999999990e+02,4.746000999999999976e+02,4.774307800000000270e+02,4.849042900000000031e+02
1.266666700000000034e+00,3.397582199999999830e+03,3.064106900000000223e+03,2.558951199999999972e+03,1.943545299999999997e+03,4.134375099999999748e+02,4.720502799999999866e+02,4.746528999999999883e+02,4.820147999999999797e+02
1.270000000000000018e+00,3.392951500000000124e+03,3.060176800000000185e+03,2.556748300000000199e+03,1.943475699999999961e+03,4.130996499999999969e+02,4.720623400000000061e+02,4.749197700000000282e+02,4.824794400000000110e+02
1.273333300000000001e+00,3.386480599999999868e+03,3.054210900000000038e+03,2.552172900000000027e+03,1.940872499999999945e+03,4.089934700000000021e+02,4.678830699999999752e+02,4.709788699999999722e+02,4.789543499999999767e+02
1.276666700000000043e+00,3.380489999999999782e+03,3.048472600000000057e+03,2.547476500000000215e+03,1.937975100000000111e+03,4.051153499999999781e+02,4.639153900000000021e+02,4.674420299999999884e+02,4.760055600000000027e+02
1.280000000000000027e+00,3.373577999999999975e+03,3.041688700000000154e+03,2.541643500000000131e+03,1.933960399999999936e+03,3.999673599999999851e+02,4.586024899999999889e+02,4.624311999999999898e+02,4.715680199999999900e+02
1.283333300000000010e+00,3.367371399999999994e+03,3.035516500000000178e+03,2.536304500000000189e+03,1.930484500000000025e+03,3.962148099999999999e+02,4.547175599999999918e+02,4.588939899999999739e+02,4.684129800000000046e+02
1.286666700000000052e+00,3.360965000000000146e+03,3.029115299999999934e+03,2.530733200000000124e+03,1.926876099999999951e+03,3.925606799999999907e+02,4.511690300000000207e+02,4.556963799999999765e+02,4.667357900000000086e+02
1.290000000000000036e+00,3.354436999999999898e+03,3.022536399999999958e+03,2.524879399999999805e+03,1.922917999999999893e+03,3.873717899999999759e+02,4.471654899999999770e+02,4.520709600000000137e+02,4.631208300000000122e+02
1.293333300000000019e+00,3.348597699999999804e+03,3.016679399999999987e+03,2.519836999999999989e+03,1.920024300000000039e+03,3.854563400000000115e+02,4.459038400000000024e+02,4.513520199999999818e+02,4.627714100000000030e+02
1.296666700000000061e+00,3.343444100000000162e+03,3.011556199999999990e+03,2.515633800000000065e+03,1.918209900000000061e+03,3.865516400000000203e+02,4.476457300000000146e+02,4.536626299999999787e+02,4.655930599999999799e+02
1.300000000000000044e+00,3.337355900000000020e+03,3.005405499999999847e+03,2.510173800000000028e+03,1.914697200000000066e+03,3.841737400000000093e+02,4.457619900000000257e+02,4.522824800000000209e+02,4.656988799999999742e+02
1.303333300000000028e+00,3.331444500000000062e+03,2.999458299999999781e+03,2.504962799999999788e+03,1.911506200000000035e+03,3.828549300000000244e+02,4.449273099999999772e+02,4.515547599999999875e+02,4.647107399999999870e+02
1.306666700000000070e+00,3.325535300000000007e+03,2.993494799999999941e+03,2.499671200000000226e+03,1.908063000000000102e+03,3.811096800000000258e+02,4.435018600000000220e+02,4.503806599999999776e+02,4.630417400000000043e+02
1.310000000000000053e+00,3.319921499999999924e+03,2.987902000000000044e+03,2.494912200000000212e+03,1.905455899999999929e+03,3.812681200000000104e+02,4.441822399999999789e+02,4.512103999999999928e+02,4.639228899999999953e+02
1.313333300000000037e+00,3.314675400000000081e+03,2.982653600000000097e+03,2.490448600000000170e+03,1.903084499999999935e+03,3.817916700000000105e+02,4.451442900000000122e+02,4.522432699999999954e+02,4.649752599999999916e+02
1.316666700000000079e+00,3.309577200000000175e+03,2.977567799999999806e+03,2.486182400000000143e+03,1.900961999999999989e+03,3.834265800000000013e+02,4.470545299999999997e+02,4.544399599999999850e+02,4.675746899999999755e+02
1.320000000000000062e+00,3.304513300000000072e+03,2.972526800000000094e+03,2.481981999999999971e+03,1.898917899999999918e+03,3.856089299999999866e+02,4.494301600000000008e+02,4.570965299999999729e+02,4.708143800000000283e+02
1.323333300000000046e+00,3.299566400000000158e+03,2.967618100000000140e+03,2.477953599999999824e+03,1.897088600000000042e+03,3.887951400000000035e+02,4.527310499999999820e+02,4.607182900000000245e+02,4.749526500000000055e+02
1.326666700000000088e+00,3.294568200000000161e+03,2.962618800000000192e+03,2.473750799999999799e+03,1.894898699999999963e+03,3.913068200000000161e+02,4.553154400000000237e+02,4.636054599999999937e+02,4.782582100000000196e+02
1.329333300000000051e+00,3.297200600000000122e+03,2.975275000000000091e+03,2.484893000000000029e+03,1.927506499999999960e+03,3.893509599999999864e+02,4.574138399999999933e+02,4.643385099999999852e+02,4.795756000000000085e+02
1.332000000000000073e+00,3.291907799999999952e+03,2.969539000000000215e+03,2.478397800000000188e+03,1.923405099999999948e+03,3.903766499999999837e+02,4.582067000000000121e+02,4.656999799999999823e+02,4.814158600000000092e+02
1.334666700000000095e+00,3.285933599999999842e+03,2.962135099999999966e+03,2.470577400000000125e+03,1.916660200000000032e+03,3.940987299999999891e+02,4.616623599999999783e+02,4.692819600000000264e+02,4.852659400000000005e+02
1.337333300000000058e+00,3.280627100000000155e+03,2.955563500000000204e+03,2.463650599999999940e+03,1.910204999999999927e+03,3.960461999999999989e+02,4.633355099999999993e+02,4.713210100000000011e+02,4.874417000000000257e+02
1.340000000000000080e+00,3.275233499999999822e+03,2.949300400000000081e+03,2.457457399999999780e+03,1.904732700000000023e+03,3.978114100000000235e+02,4.649786199999999781e+02,4.731653600000000210e+02,4.893956000000000017e+02
1.342500000000000027e+00,3.272795900000000074e+03,2.949228799999999865e+03,2.456603200000000015e+03,1.910799500000000080e+03,3.975502700000000118e+02,4.658349000000000046e+02,4.737842499999999859e+02,4.901543899999999780e+02
1.344999999999999973e+00,3.268048200000000179e+03,2.943942700000000059e+03,2.451283800000000156e+03,1.906543200000000070e+03,3.989231899999999769e+02,4.669894499999999766e+02,4.752286799999999971e+02,4.916573599999999828e+02
1.347499999999999920e+00,3.263565200000000004e+03,2.938745600000000195e+03,2.446305499999999938e+03,1.902317399999999907e+03,4.022831300000000283e+02,4.700408300000000281e+02,4.784707199999999716e+02,4.948203599999999938e+02
1.350000000000000089e+00,3.259263100000000122e+03,2.933851000000000113e+03,2.441753299999999854e+03,1.898433999999999969e+03,4.052295899999999733e+02,4.726570800000000077e+02,4.812698800000000006e+02,4.972916900000000169e+02
1.352500000000000036e+00,3.254936499999999796e+03,2.929115400000000136e+03,2.437603099999999813e+03,1.895200700000000097e+03,4.090393300000000067e+02,4.761345999999999776e+02,4.848319099999999935e+02,5.002833699999999908e+02
1.354999999999999982e+00,3.250769899999999780e+03,2.924630799999999908e+03,2.433775799999999890e+03,1.892284000000000106e+03,4.126430300000000102e+02,4.793652000000000157e+02,4.881555200000000241e+02,5.029097600000000057e+02
1.357499999999999929e+00,3.246599200000000110e+03,2.920249299999999948e+03,2.430224200000000110e+03,1.889887099999999919e+03,4.175217200000000162e+02,4.837455299999999738e+02,4.926039200000000164e+02,5.069241700000000037e+02
1.360000000000000098e+00,3.242938700000000154e+03,2.916389200000000073e+03,2.427178300000000036e+03,1.887960399999999936e+03,4.226222900000000209e+02,4.884085900000000038e+02,4.972526700000000233e+02,5.110645700000000033e+02
1.362857100000000043e+00,3.235056500000000142e+03,2.902740800000000036e+03,2.416544899999999870e+03,1.866563599999999951e+03,4.312660099999999943e+02,4.941600399999999809e+02,5.037736499999999751e+02,5.169987300000000232e+02
1.365714300000000048e+00,3.231687100000000100e+03,2.899309000000000196e+03,2.414812699999999950e+03,1.865448900000000094e+03,4.368869500000000130e+02,4.993940699999999993e+02,5.087434200000000146e+02,5.213567699999999832e+02
1.368571399999999993e+00,3.229087799999999788e+03,2.897267600000000130e+03,2.414364000000000033e+03,1.866811999999999898e+03,4.430245199999999954e+02,5.053958099999999831e+02,5.144985100000000102e+02,5.265792800000000398e+02
1.371428599999999998e+00,3.226035600000000159e+03,2.894672700000000077e+03,2.413205199999999877e+03,1.867597899999999981e+03,4.489029199999999946e+02,5.111052999999999997e+02,5.198794599999999946e+02,5.314386600000000271e+02
1.374285699999999943e+00,3.222677700000000186e+03,2.891627100000000155e+03,2.411479299999999967e+03,1.867885700000000043e+03,4.553442600000000198e+02,5.173310500000000047e+02,5.258804400000000214e+02,5.370863100000000259e+02
1.377142899999999948e+00,3.219244299999999839e+03,2.888368599999999788e+03,2.409379199999999855e+03,1.867725300000000061e+03,4.615652999999999793e+02,5.233639500000000453e+02,5.315903499999999440e+02,5.424628699999999526e+02
1.379999999999999893e+00,3.215936099999999897e+03,2.885181300000000192e+03,2.407351799999999912e+03,1.867794499999999971e+03,4.696320799999999736e+02,5.312396700000000465e+02,5.391659200000000283e+02,5.496947199999999611e+02
1.383333300000000099e+00,3.208637799999999970e+03,2.872188599999999951e+03,2.397258800000000065e+03,1.847959700000000112e+03,4.807999599999999987e+02,5.396766300000000456e+02,5.479284599999999728e+02,5.583943400000000565e+02
1.387499999999999956e+00,3.200011199999999917e+03,2.856953700000000026e+03,2.386431599999999889e+03,1.825290500000000065e+03,4.955083799999999883e+02,5.514331200000000308e+02,5.597922600000000557e+02,5.703693799999999783e+02
1.391666700000000034e+00,3.196340999999999894e+03,2.854384300000000167e+03,2.386865299999999934e+03,1.828168599999999969e+03,5.043913200000000074e+02,5.607315099999999575e+02,5.682916199999999662e+02,5.788559299999999439e+02
1.395833300000000055e+00,3.192631300000000010e+03,2.852363299999999981e+03,2.387436099999999897e+03,1.832464600000000019e+03,5.125915999999999713e+02,5.695785700000000134e+02,5.763142800000000534e+02,5.871985499999999547e+02
1.399999999999999911e+00,3.188606699999999819e+03,2.849649300000000039e+03,2.386889400000000023e+03,1.835778499999999894e+03,5.225412099999999782e+02,5.800097500000000537e+02,5.860657099999999673e+02,5.977801100000000361e+02
1.403999999999999915e+00,3.184690099999999802e+03,2.847920300000000225e+03,2.386619099999999889e+03,1.841388300000000072e+03,5.305386999999999489e+02,5.890701099999999997e+02,5.943615700000000288e+02,6.070249800000000278e+02
1.407999999999999918e+00,3.179932999999999993e+03,2.843706799999999930e+03,2.383717000000000098e+03,1.842011799999999994e+03,5.402895300000000134e+02,5.993898699999999735e+02,6.042669799999999896e+02,6.184765800000000127e+02
1.411999999999999922e+00,3.174847800000000007e+03,2.838898000000000138e+03,2.380204200000000128e+03,1.841893499999999904e+03,5.514551500000000033e+02,6.111182499999999891e+02,6.157073699999999690e+02,6.318373199999999770e+02
1.415999999999999925e+00,3.169773099999999886e+03,2.834002899999999954e+03,2.376503700000000208e+03,1.841352799999999888e+03,5.622611299999999801e+02,6.225237100000000510e+02,6.268685000000000400e+02,6.451220100000000457e+02
1.419999999999999929e+00,3.164576799999999821e+03,2.828974299999999857e+03,2.372678499999999985e+03,1.840618099999999913e+03,5.730420500000000175e+02,6.339327700000000050e+02,6.380503999999999678e+02,6.584302099999999882e+02
1.425000000000000044e+00,3.156084499999999935e+03,2.814321199999999862e+03,2.360984699999999975e+03,1.821230499999999893e+03,5.934391699999999901e+02,6.525478900000000522e+02,6.574047900000000482e+02,6.806889300000000276e+02
1.429999999999999938e+00,3.150142899999999827e+03,2.808969900000000052e+03,2.358032400000000052e+03,1.821458900000000085e+03,6.073351300000000492e+02,6.672110900000000129e+02,6.719673500000000104e+02,6.981343900000000531e+02
1.435000000000000053e+00,3.145528600000000097e+03,2.805687199999999848e+03,2.357205199999999877e+03,1.825097700000000032e+03,6.242287000000000035e+02,6.853515599999999495e+02,6.899930000000000518e+02,7.195395499999999629e+02
1.439999999999999947e+00,3.140200699999999870e+03,2.801456099999999878e+03,2.355227100000000064e+03,1.827646099999999933e+03,6.417721400000000358e+02,7.038835900000000265e+02,7.086213299999999435e+02,7.415728900000000294e+02
1.445000000000000062e+00,3.134829699999999775e+03,2.796885400000000118e+03,2.352690599999999904e+03,1.829496300000000019e+03,6.599143100000000004e+02,7.230379699999999730e+02,7.278610700000000406e+02,7.647501800000000003e+02
1.449999999999999956e+00,3.129414299999999912e+03,2.792036300000000210e+03,2.349702600000000075e+03,1.830695799999999963e+03,6.782781700000000455e+02,7.422012799999999970e+02,7.472221600000000308e+02,7.888273500000000240e+02
1.455000000000000071e+00,3.123994999999999891e+03,2.787035300000000007e+03,2.346479299999999967e+03,1.831530899999999974e+03,6.967175799999999981e+02,7.613949699999999439e+02,7.666031699999999773e+02,8.131379100000000335e+02
1.459999999999999964e+00,3.118314899999999852e+03,2.781705500000000029e+03,2.342947099999999864e+03,1.832058199999999943e+03,7.155023499999999785e+02,7.808540500000000293e+02,7.863561899999999696e+02,8.382842799999999670e+02
1.463999999999999968e+00,3.115705699999999979e+03,2.786289200000000164e+03,2.347872400000000198e+03,1.851298600000000079e+03,7.250466900000000123e+02,7.941746200000000044e+02,7.985711900000000014e+02,8.569616300000000138e+02
1.467999999999999972e+00,3.111258600000000115e+03,2.781523000000000138e+03,2.343628200000000106e+03,1.850443199999999933e+03,7.409772299999999632e+02,8.098541099999999915e+02,8.150002899999999499e+02,8.804306900000000269e+02
1.471999999999999975e+00,3.105495499999999993e+03,2.774716800000000148e+03,2.337544800000000123e+03,1.847077600000000075e+03,7.559822199999999839e+02,8.250699200000000246e+02,8.304000499999999647e+02,9.028740599999999858e+02
1.475999999999999979e+00,3.100539800000000014e+03,2.768971599999999853e+03,2.332740299999999934e+03,1.844831899999999905e+03,7.721144699999999830e+02,8.414012800000000425e+02,8.472900499999999511e+02,9.281383499999999458e+02
1.479999999999999982e+00,3.095813299999999799e+03,2.763758400000000165e+03,2.328742900000000191e+03,1.843575700000000097e+03,7.884794000000000551e+02,8.581351300000000037e+02,8.645012699999999768e+02,9.547925699999999551e+02
1.483999999999999986e+00,3.091717399999999998e+03,2.759387600000000020e+03,2.325781899999999951e+03,1.843457300000000032e+03,8.066449900000000071e+02,8.764766499999999496e+02,8.835203199999999697e+02,9.842076700000000073e+02
1.487999999999999989e+00,3.087416900000000169e+03,2.754930899999999838e+03,2.322835099999999784e+03,1.843346700000000055e+03,8.245167800000000398e+02,8.943605599999999640e+02,9.021700299999999970e+02,1.013608500000000049e+03
1.491999999999999993e+00,3.083374400000000151e+03,2.750833500000000186e+03,2.320386899999999969e+03,1.843851100000000088e+03,8.440372999999999593e+02,9.136985700000000179e+02,9.222440400000000409e+02,1.045415299999999888e+03
1.495999999999999996e+00,3.079596300000000156e+03,2.747026299999999992e+03,2.318262999999999920e+03,1.844716599999999971e+03,8.632121799999999894e+02,9.330315900000000511e+02,9.420334400000000414e+02,1.078251299999999901e+03
1.500000000000000000e+00,3.075331700000000183e+03,2.742805800000000090e+03,2.315862200000000030e+03,1.845446300000000065e+03,8.825850000000000364e+02,9.526011399999999867e+02,9.620967500000000427e+02,1.112346000000000004e+03
1.504000000000000004e+00,3.071774100000000089e+03,2.739224400000000060e+03,2.313981200000000172e+03,1.846502500000000055e+03,9.021554599999999482e+02,9.722529100000000426e+02,9.822496200000000499e+02,1.147576999999999998e+03
1.508000000000000007e+00,3.067753900000000158e+03,2.735213600000000042e+03,2.311750700000000052e+03,1.847278000000000020e+03,9.210333000000000538e+02,9.912371200000000044e+02,1.001651200000000017e+03,1.182314200000000028e+03
1.512000000000000011e+00,3.064696199999999862e+03,2.732196600000000217e+03,2.310628600000000006e+03,1.849404199999999946e+03,9.425457599999999729e+02,1.013000800000000027e+03,1.023798599999999965e+03,1.220375299999999925e+03
1.516000000000000014e+00,3.061137600000000020e+03,2.728667399999999816e+03,2.308983499999999822e+03,1.850951299999999947e+03,9.624120699999999715e+02,1.033099600000000009e+03,1.044267900000000054e+03,1.258345600000000104e+03
1.520000000000000018e+00,3.057696199999999862e+03,2.725293700000000172e+03,2.307616399999999885e+03,1.853017900000000054e+03,9.828621100000000297e+02,1.053757800000000088e+03,1.065331200000000081e+03,1.298891399999999976e+03
1.523333300000000001e+00,3.057352899999999863e+03,2.730723399999999856e+03,2.313757300000000214e+03,1.871189900000000080e+03,9.972812199999999621e+02,1.071159900000000107e+03,1.080121799999999894e+03,1.339657799999999952e+03
1.526666700000000043e+00,3.054717700000000150e+03,2.727759599999999864e+03,2.311687399999999798e+03,1.871823900000000094e+03,1.015975800000000049e+03,1.089742899999999963e+03,1.100312699999999950e+03,1.379260899999999992e+03
1.530000000000000027e+00,3.051444199999999910e+03,2.723692199999999957e+03,2.309005299999999806e+03,1.872030999999999949e+03,1.034023899999999912e+03,1.107517499999999927e+03,1.118051600000000008e+03,1.414600799999999936e+03
1.533333300000000010e+00,3.048760699999999815e+03,2.720324000000000069e+03,2.307045900000000074e+03,1.872564800000000105e+03,1.052500700000000052e+03,1.126147600000000011e+03,1.137030999999999949e+03,1.455322799999999916e+03
1.536666700000000052e+00,3.046526400000000194e+03,2.717653200000000197e+03,2.306057499999999891e+03,1.874386600000000044e+03,1.071303300000000036e+03,1.145303499999999985e+03,1.156207000000000107e+03,1.498143000000000029e+03
1.540000000000000036e+00,3.044472400000000107e+03,2.715305899999999838e+03,2.305505400000000009e+03,1.876655700000000024e+03,1.090264699999999948e+03,1.164854299999999967e+03,1.176077399999999898e+03,1.541452299999999923e+03
1.543333300000000019e+00,3.042349700000000212e+03,2.713023400000000038e+03,2.305177299999999832e+03,1.879301999999999907e+03,1.108980299999999943e+03,1.184141900000000078e+03,1.195857899999999972e+03,1.585434400000000096e+03
1.546666700000000061e+00,3.040291799999999967e+03,2.710843400000000202e+03,2.304950299999999970e+03,1.881875000000000000e+03,1.127427400000000034e+03,1.203658500000000004e+03,1.216429699999999912e+03,1.629913299999999936e+03
1.550000000000000044e+00,3.038870399999999790e+03,2.709379600000000210e+03,2.305605300000000170e+03,1.885660300000000007e+03,1.147729399999999941e+03,1.225166699999999992e+03,1.238738000000000056e+03,1.675665600000000040e+03
1.553333300000000028e+00,3.037335300000000188e+03,2.707819899999999961e+03,2.306176500000000033e+03,1.889279099999999971e+03,1.167220600000000104e+03,1.246017000000000053e+03,1.260537199999999984e+03,1.719548199999999952e+03
1.556666700000000070e+00,3.036156599999999798e+03,2.706654799999999796e+03,2.307239199999999983e+03,1.893523799999999937e+03,1.187713799999999992e+03,1.267787800000000061e+03,1.283180599999999913e+03,1.763677799999999934e+03
1.560000000000000053e+00,3.035110900000000129e+03,2.705630999999999858e+03,2.308465200000000095e+03,1.897903199999999970e+03,1.207955400000000054e+03,1.288999800000000050e+03,1.305933999999999969e+03,1.806970600000000104e+03
1.563333300000000037e+00,3.034034400000000005e+03,2.704597400000000107e+03,2.309754600000000210e+03,1.902451000000000022e+03,1.228285599999999931e+03,1.309605800000000045e+03,1.327863900000000058e+03,1.849488599999999906e+03
1.566666700000000079e+00,3.033059600000000046e+03,2.703692199999999957e+03,2.311251699999999801e+03,1.907310199999999895e+03,1.249306299999999965e+03,1.330104000000000042e+03,1.350625800000000027e+03,1.891372100000000046e+03
1.570000000000000062e+00,3.032404599999999846e+03,2.703135000000000218e+03,2.313195000000000164e+03,1.912771600000000035e+03,1.271624299999999948e+03,1.351345000000000027e+03,1.374170800000000099e+03,1.932698300000000017e+03
1.573333300000000046e+00,3.031393199999999979e+03,2.702185899999999947e+03,2.314688299999999799e+03,1.917591200000000072e+03,1.292663900000000012e+03,1.370679499999999962e+03,1.396435300000000097e+03,1.972607400000000098e+03
1.576666700000000088e+00,3.030755599999999959e+03,2.701634199999999964e+03,2.316653299999999945e+03,1.922931700000000092e+03,1.315320500000000038e+03,1.391634700000000066e+03,1.420532899999999927e+03,2.011907799999999952e+03
1.580000000000000071e+00,3.030290899999999965e+03,2.701246399999999994e+03,2.318787699999999859e+03,1.928370799999999917e+03,1.337470800000000054e+03,1.411499600000000100e+03,1.443686200000000099e+03,2.050023200000000088e+03
1.583333300000000055e+00,3.030089300000000094e+03,2.701123099999999795e+03,2.321222499999999854e+03,1.934141300000000001e+03,1.359857500000000073e+03,1.430843900000000076e+03,1.466993999999999915e+03,2.087411500000000160e+03
1.586666700000000096e+00,3.029927099999999882e+03,2.701022300000000087e+03,2.323682099999999991e+03,1.939904600000000073e+03,1.382367299999999886e+03,1.449446699999999964e+03,1.489923099999999977e+03,2.122956599999999980e+03
1.590000000000000080e+00,3.029621000000000095e+03,2.700786099999999806e+03,2.326054299999999785e+03,1.945507599999999911e+03,1.404881399999999985e+03,1.467302899999999909e+03,1.512821799999999939e+03,2.158286700000000110e+03
1.593333300000000063e+00,3.030369700000000194e+03,2.701756899999999860e+03,2.330087399999999889e+03,1.953863200000000006e+03,1.428965500000000020e+03,1.482058999999999969e+03,1.531680599999999913e+03,2.190298099999999977e+03
1.596666700000000105e+00,3.029946399999999812e+03,2.701339599999999791e+03,2.332164400000000114e+03,1.958602000000000089e+03,1.450851200000000063e+03,1.498389100000000099e+03,1.554355099999999993e+03,2.224415399999999863e+03
1.600000000000000089e+00,3.029707399999999780e+03,2.701161200000000008e+03,2.334643300000000181e+03,1.964020899999999983e+03,1.473208300000000008e+03,1.513955899999999929e+03,1.576291400000000067e+03,2.256345699999999852e+03
1.603333300000000072e+00,3.029288399999999911e+03,2.700750000000000000e+03,2.336778800000000047e+03,1.968788600000000088e+03,1.495036499999999933e+03,1.530254200000000083e+03,1.598507000000000062e+03,2.286473899999999958e+03
1.606666699999999892e+00,3.029337700000000041e+03,2.700867900000000191e+03,2.339628999999999905e+03,1.974719100000000026e+03,1.519891200000000026e+03,1.549130000000000109e+03,1.625297600000000102e+03,2.316559200000000146e+03
1.610000000000000098e+00,3.029449900000000071e+03,2.700990600000000086e+03,2.342368800000000192e+03,1.980330899999999929e+03,1.543523200000000088e+03,1.565443400000000111e+03,1.649652900000000045e+03,2.342976599999999962e+03
1.613333300000000081e+00,3.029764099999999871e+03,2.701329299999999876e+03,2.345384100000000217e+03,1.986364700000000084e+03,1.567608799999999974e+03,1.581508499999999913e+03,1.675864900000000034e+03,2.369985499999999774e+03
1.616666699999999901e+00,3.030168500000000222e+03,2.701740499999999884e+03,2.348443900000000212e+03,1.992390100000000075e+03,1.592508900000000040e+03,1.594463099999999940e+03,1.699552200000000084e+03,2.395392100000000028e+03
1.620000000000000107e+00,3.030034500000000207e+03,2.701446899999999914e+03,2.350361199999999826e+03,1.996224500000000035e+03,1.610843900000000076e+03,1.609150100000000066e+03,1.725185400000000072e+03,2.420804399999999987e+03
1.624000000000000110e+00,3.028362900000000081e+03,2.696056900000000041e+03,2.347312899999999900e+03,1.994332200000000057e+03,1.622010199999999941e+03,1.620302400000000034e+03,1.763650399999999991e+03,2.434747400000000198e+03
1.627999999999999892e+00,3.028887200000000121e+03,2.697052099999999882e+03,2.352216899999999896e+03,2.005564000000000078e+03,1.643026900000000069e+03,1.635560999999999922e+03,1.789643100000000004e+03,2.457549700000000030e+03
1.631999999999999895e+00,3.031260400000000118e+03,2.700498300000000199e+03,2.360133400000000165e+03,2.021479800000000068e+03,1.658347099999999955e+03,1.653650699999999915e+03,1.819023400000000038e+03,2.484819599999999809e+03
1.635999999999999899e+00,3.030343699999999899e+03,2.699688900000000103e+03,2.361254300000000057e+03,2.023259700000000066e+03,1.680654099999999971e+03,1.672742899999999963e+03,1.846478200000000015e+03,2.509027199999999993e+03
1.639999999999999902e+00,3.034310599999999795e+03,2.704503700000000208e+03,2.370104200000000219e+03,2.037300400000000081e+03,1.713881699999999910e+03,1.685153600000000097e+03,1.869247699999999895e+03,2.528895100000000184e+03
1.643999999999999906e+00,3.033690599999999904e+03,2.703773099999999886e+03,2.371335900000000038e+03,2.040370499999999993e+03,1.732773699999999963e+03,1.698125700000000052e+03,1.891324699999999893e+03,2.546628900000000158e+03
1.647999999999999909e+00,3.034935300000000097e+03,2.705268700000000081e+03,2.375838000000000193e+03,2.048957100000000082e+03,1.750680499999999938e+03,1.707634700000000066e+03,1.910618099999999913e+03,2.560339899999999943e+03
1.651999999999999913e+00,3.036635999999999967e+03,2.707173899999999776e+03,2.380607899999999972e+03,2.056958599999999933e+03,1.765078500000000076e+03,1.714987200000000030e+03,1.927547299999999950e+03,2.571480100000000220e+03
1.655999999999999917e+00,3.036403999999999996e+03,2.706921100000000024e+03,2.382817700000000059e+03,2.062048200000000179e+03,1.776287499999999909e+03,1.718390900000000101e+03,1.939721800000000030e+03,2.577909200000000055e+03
1.659999999999999920e+00,3.034907299999999850e+03,2.705171299999999974e+03,2.383102899999999863e+03,2.064860599999999977e+03,1.788727499999999964e+03,1.722403700000000072e+03,1.952212500000000091e+03,2.583822999999999865e+03
1.665000000000000036e+00,3.035651699999999892e+03,2.702636300000000119e+03,2.382206700000000183e+03,2.069102400000000216e+03,1.798170800000000099e+03,1.724392000000000053e+03,1.964671100000000024e+03,2.568206599999999980e+03
1.669999999999999929e+00,3.034130099999999857e+03,2.701160199999999804e+03,2.383226799999999912e+03,2.073960399999999936e+03,1.807584399999999960e+03,1.718777000000000044e+03,1.973345499999999902e+03,2.567870600000000195e+03
1.675000000000000044e+00,3.036273400000000038e+03,2.703664000000000215e+03,2.388010699999999815e+03,2.082223700000000008e+03,1.823576900000000023e+03,1.727621399999999994e+03,1.989532799999999952e+03,2.572638600000000224e+03
1.679999999999999938e+00,3.036643399999999929e+03,2.704387900000000172e+03,2.391082600000000184e+03,2.089630599999999959e+03,1.832337500000000091e+03,1.735347600000000057e+03,2.000279899999999998e+03,2.569747899999999845e+03
1.685000000000000053e+00,3.037577800000000025e+03,2.705533500000000004e+03,2.394338499999999840e+03,2.097411300000000210e+03,1.841185300000000097e+03,1.736997699999999895e+03,2.007150000000000091e+03,2.564414099999999962e+03
1.689999999999999947e+00,3.038052799999999934e+03,2.706168799999999919e+03,2.397028499999999894e+03,2.104864799999999832e+03,1.846845399999999927e+03,1.737421700000000101e+03,2.010694199999999910e+03,2.554340499999999793e+03
1.695000000000000062e+00,3.039058899999999994e+03,2.707169899999999870e+03,2.399607800000000225e+03,2.111394200000000183e+03,1.856101599999999962e+03,1.749369699999999966e+03,2.018044399999999996e+03,2.543478000000000065e+03
1.699999999999999956e+00,3.038693800000000010e+03,2.706481099999999969e+03,2.399299100000000180e+03,2.112028200000000197e+03,1.846866400000000112e+03,1.741392399999999952e+03,2.018202700000000050e+03,2.530297599999999875e+03
1.705000000000000071e+00,3.037918299999999817e+03,2.705483299999999872e+03,2.398367799999999988e+03,2.111473300000000108e+03,1.843999700000000075e+03,1.744171399999999949e+03,2.017415099999999939e+03,2.514335000000000036e+03
1.709999999999999964e+00,3.036217200000000048e+03,2.704134199999999964e+03,2.397124899999999798e+03,2.111539600000000064e+03,1.845705099999999902e+03,1.746440200000000004e+03,2.015013500000000022e+03,2.496831999999999880e+03
1.715000000000000080e+00,3.032754699999999957e+03,2.703507599999999911e+03,2.395874200000000201e+03,2.111369200000000092e+03,1.839072699999999941e+03,1.747316700000000083e+03,2.011426899999999932e+03,2.478456700000000183e+03
1.719999999999999973e+00,3.036341800000000148e+03,2.701588200000000143e+03,2.395116899999999987e+03,2.109495399999999790e+03,1.834195200000000114e+03,1.745054599999999937e+03,2.002387199999999893e+03,2.456096700000000055e+03
1.725000000000000089e+00,3.038651699999999892e+03,2.699475800000000163e+03,2.393055699999999888e+03,2.106157200000000103e+03,1.844055900000000065e+03,1.749356899999999996e+03,1.993924099999999953e+03,2.431976299999999810e+03
1.729999999999999982e+00,3.037928600000000188e+03,2.696975600000000213e+03,2.389632799999999861e+03,2.100947700000000168e+03,1.845094000000000051e+03,1.751428699999999935e+03,1.986558600000000069e+03,2.408773999999999887e+03
1.735000000000000098e+00,3.035904300000000148e+03,2.693767699999999877e+03,2.385627300000000105e+03,2.095867000000000189e+03,1.846108199999999897e+03,1.752615000000000009e+03,1.978501600000000053e+03,2.384768599999999878e+03
1.739999999999999991e+00,3.032786200000000008e+03,2.689749600000000100e+03,2.380626200000000154e+03,2.089075899999999820e+03,1.841449599999999919e+03,1.750049199999999928e+03,1.967952900000000000e+03,2.358983200000000124e+03
1.745000000000000107e+00,3.030172700000000077e+03,2.686407499999999800e+03,2.376578799999999774e+03,2.083364000000000033e+03,1.837692600000000084e+03,1.748782200000000103e+03,1.957966499999999996e+03,2.333155600000000049e+03
1.750000000000000000e+00,3.028014999999999873e+03,2.683344599999999900e+03,2.372567799999999806e+03,2.077131300000000010e+03,1.830370200000000068e+03,1.745700399999999945e+03,1.946894299999999930e+03,2.306365099999999984e+03
1.754999999999999893e+00,3.026790599999999813e+03,2.681173400000000129e+03,2.369600699999999961e+03,2.071928600000000188e+03,1.821003600000000006e+03,1.741967200000000048e+03,1.935631000000000085e+03,2.279200299999999970e+03
1.760000000000000009e+00,3.025179700000000139e+03,2.678583999999999833e+03,2.366021400000000085e+03,2.065242699999999786e+03,1.808717100000000073e+03,1.737905799999999999e+03,1.924303499999999985e+03,2.252097800000000007e+03
1.764999999999999902e+00,3.024159799999999905e+03,2.676606699999999819e+03,2.363193900000000212e+03,2.059135000000000218e+03,1.798251800000000003e+03,1.734271199999999908e+03,1.912785200000000032e+03,2.224802000000000135e+03
1.770000000000000018e+00,3.023233200000000124e+03,2.674735000000000127e+03,2.360634500000000116e+03,2.053027199999999993e+03,1.792788199999999961e+03,1.732640599999999949e+03,1.901174600000000055e+03,2.197492200000000139e+03
1.774999999999999911e+00,3.021820900000000165e+03,2.672340799999999945e+03,2.357676599999999780e+03,2.046067399999999907e+03,1.782750700000000052e+03,1.728388400000000047e+03,1.888469599999999900e+03,2.169441100000000006e+03
1.780000000000000027e+00,3.022482700000000023e+03,2.672021400000000085e+03,2.357086899999999787e+03,2.041365000000000009e+03,1.777369899999999916e+03,1.727457900000000109e+03,1.877771099999999933e+03,2.143036399999999958e+03
1.784999999999999920e+00,3.022263600000000224e+03,2.670792500000000018e+03,2.355916299999999865e+03,2.035765599999999949e+03,1.773196500000000015e+03,1.727145299999999907e+03,1.867198599999999942e+03,2.116949099999999817e+03
1.790000000000000036e+00,3.021518000000000029e+03,2.668923600000000079e+03,2.354509500000000116e+03,2.029516900000000078e+03,1.768267700000000104e+03,1.725696500000000015e+03,1.855540999999999940e+03,2.090224400000000060e+03
1.794999999999999929e+00,3.021018300000000181e+03,2.667222999999999956e+03,2.354033300000000054e+03,2.023880799999999908e+03,1.767990900000000011e+03,1.725947100000000091e+03,1.844065299999999979e+03,2.063514700000000175e+03
1.800000000000000044e+00,3.020633299999999963e+03,2.665321199999999862e+03,2.354159000000000106e+03,2.017397300000000087e+03,1.761902000000000044e+03,1.722897500000000036e+03,1.831925400000000081e+03,2.036429200000000037e+03
1.804999999999999938e+00,3.019851000000000113e+03,2.662467299999999796e+03,2.355502899999999954e+03,2.010507700000000114e+03,1.758724099999999908e+03,1.720697300000000041e+03,1.819636799999999994e+03,2.009376899999999978e+03
1.810000000000000053e+00,3.018554999999999836e+03,2.658996599999999944e+03,2.356315300000000207e+03,2.001417899999999918e+03,1.752692600000000084e+03,1.716774799999999914e+03,1.807207100000000082e+03,1.982897899999999936e+03
1.814999999999999947e+00,3.019047199999999975e+03,2.659554900000000089e+03,2.354376600000000053e+03,1.991539399999999887e+03,1.745627700000000004e+03,1.711605900000000020e+03,1.794206799999999930e+03,1.956620300000000043e+03
1.820000000000000062e+00,3.021138699999999972e+03,2.662368800000000192e+03,2.350527700000000095e+03,1.980735699999999952e+03,1.738792200000000093e+03,1.706550600000000031e+03,1.781136999999999944e+03,1.930160399999999981e+03
1.824999999999999956e+00,3.019540500000000065e+03,2.660439100000000053e+03,2.348157999999999902e+03,1.969690299999999979e+03,1.729931299999999965e+03,1.700135500000000093e+03,1.767630300000000034e+03,1.904521500000000060e+03
1.830000000000000071e+00,3.023377800000000207e+03,2.661021499999999833e+03,2.349887299999999868e+03,1.963065900000000056e+03,1.727509999999999991e+03,1.697002199999999903e+03,1.756168300000000045e+03,1.880761500000000069e+03
1.834999999999999964e+00,3.022306900000000041e+03,2.658393500000000131e+03,2.348701100000000224e+03,1.949904600000000073e+03,1.720509499999999889e+03,1.692573100000000068e+03,1.744736499999999978e+03,1.857663800000000037e+03
1.840000000000000080e+00,3.024903099999999995e+03,2.659476099999999860e+03,2.352287499999999909e+03,1.941653399999999920e+03,1.718556900000000041e+03,1.690216300000000047e+03,1.734478100000000040e+03,1.836163700000000063e+03
1.844999999999999973e+00,3.025771299999999883e+03,2.658996000000000095e+03,2.354944599999999809e+03,1.927821200000000090e+03,1.714627400000000080e+03,1.687335900000000038e+03,1.724822499999999991e+03,1.816670100000000048e+03
1.850000000000000089e+00,3.025127599999999802e+03,2.656277999999999793e+03,2.353992799999999988e+03,1.920183399999999892e+03,1.709191399999999931e+03,1.682463999999999942e+03,1.712125900000000001e+03,1.793890300000000025e+03
1.854999999999999982e+00,3.025169600000000173e+03,2.653964800000000196e+03,2.351895500000000084e+03,1.920604900000000043e+03,1.702624900000000025e+03,1.677796100000000024e+03,1.700599099999999908e+03,1.773404099999999971e+03
1.860000000000000098e+00,3.024908199999999852e+03,2.651866899999999987e+03,2.349656199999999899e+03,1.918938300000000027e+03,1.695895899999999983e+03,1.671479499999999916e+03,1.685867099999999937e+03,1.749258000000000038e+03
1.864999999999999991e+00,3.024186599999999999e+03,2.649598599999999806e+03,2.346548999999999978e+03,1.914460100000000011e+03,1.690525599999999940e+03,1.667438900000000103e+03,1.674621100000000069e+03,1.729437300000000050e+03
1.870000000000000107e+00,3.022625000000000000e+03,2.645291799999999967e+03,2.336836499999999887e+03,1.915883700000000090e+03,1.687580200000000104e+03,1.665451399999999921e+03,1.665818700000000035e+03,1.713791799999999967e+03
1.875000000000000000e+00,3.025732399999999870e+03,2.647963400000000092e+03,2.340268799999999828e+03,1.919910399999999981e+03,1.681282300000000077e+03,1.661954300000000103e+03,1.656695200000000114e+03,1.698489800000000059e+03
1.879999999999999893e+00,3.028007399999999961e+03,2.649026899999999841e+03,2.338035800000000108e+03,1.918669000000000096e+03,1.676697100000000091e+03,1.659137300000000096e+03,1.648249099999999999e+03,1.682425999999999931e+03
1.885000000000000009e+00,3.027037400000000162e+03,2.646687300000000050e+03,2.332961899999999787e+03,1.912684099999999944e+03,1.672681199999999990e+03,1.655396400000000085e+03,1.638277900000000045e+03,1.665796599999999899e+03
1.889999999999999902e+00,3.028828399999999874e+03,2.647420300000000225e+03,2.331438799999999901e+03,1.906206300000000056e+03,1.670136099999999942e+03,1.654546800000000076e+03,1.633853900000000067e+03,1.653150499999999965e+03
1.895000000000000018e+00,3.029270599999999831e+03,2.646727199999999812e+03,2.328734500000000025e+03,1.898317399999999907e+03,1.667364600000000110e+03,1.652432600000000093e+03,1.625997499999999945e+03,1.638390599999999949e+03
1.899999999999999911e+00,3.028996000000000095e+03,2.645393000000000029e+03,2.325851700000000164e+03,1.890073300000000017e+03,1.663946099999999888e+03,1.649030999999999949e+03,1.615914600000000064e+03,1.619609600000000000e+03
1.905000000000000027e+00,3.030389900000000125e+03,2.645699200000000019e+03,2.324775299999999788e+03,1.882940299999999979e+03,1.662015799999999899e+03,1.647954799999999977e+03,1.609923099999999977e+03,1.610030400000000100e+03
1.909999999999999920e+00,3.030837100000000191e+03,2.645068499999999858e+03,2.323120100000000093e+03,1.875380900000000111e+03,1.660984600000000000e+03,1.647768100000000004e+03,1.604120799999999917e+03,1.598760099999999966e+03
1.915000000000000036e+00,3.031290100000000166e+03,2.644376000000000204e+03,2.321400200000000041e+03,1.867453199999999924e+03,1.660927200000000084e+03,1.649861000000000104e+03,1.601161900000000060e+03,1.591962500000000091e+03
1.919999999999999929e+00,3.032323300000000017e+03,2.644128299999999854e+03,2.319920799999999872e+03,1.858693999999999960e+03,1.659394000000000005e+03,1.648189200000000028e+03,1.595799099999999953e+03,1.583561599999999999e+03
1.925000000000000044e+00,3.033335700000000088e+03,2.643909099999999853e+03,2.318907799999999952e+03,1.850808899999999994e+03,1.658794300000000021e+03,1.647015100000000075e+03,1.591054799999999886e+03,1.574785699999999906e+03
1.929999999999999938e+00,3.034631100000000060e+03,2.644174100000000180e+03,2.319456499999999778e+03,1.848502600000000029e+03,1.660185199999999895e+03,1.649261199999999917e+03,1.588613100000000031e+03,1.568833200000000033e+03
1.935000000000000053e+00,3.035049199999999928e+03,2.643251699999999801e+03,2.317662299999999959e+03,1.842324000000000069e+03,1.659131100000000060e+03,1.645614199999999983e+03,1.583298700000000053e+03,1.558828700000000026e+03
1.939999999999999947e+00,3.036356800000000021e+03,2.643465700000000197e+03,2.317855199999999968e+03,1.840941600000000108e+03,1.659645400000000109e+03,1.646080699999999979e+03,1.581665400000000091e+03,1.552738700000000108e+03
1.945000000000000062e+00,3.037033199999999852e+03,2.642781300000000101e+03,2.316079400000000078e+03,1.835962099999999964e+03,1.659030400000000100e+03,1.645474799999999959e+03,1.577581899999999905e+03,1.548140900000000101e+03
1.949999999999999956e+00,3.037764999999999873e+03,2.642292399999999816e+03,2.314717200000000048e+03,1.830657999999999902e+03,1.658533200000000079e+03,1.644866500000000087e+03,1.574167099999999891e+03,1.541495599999999968e+03
1.955000000000000071e+00,3.039338699999999790e+03,2.642676100000000133e+03,2.314479400000000169e+03,1.826507700000000114e+03,1.657600799999999936e+03,1.644037299999999959e+03,1.571166199999999890e+03,1.535615600000000086e+03
1.959999999999999964e+00,3.040757799999999861e+03,2.642953100000000177e+03,2.314222400000000107e+03,1.821806900000000041e+03,1.655478000000000065e+03,1.641365900000000011e+03,1.567397200000000112e+03,1.529152199999999993e+03
1.965000000000000080e+00,3.041815000000000055e+03,2.642804799999999886e+03,2.313595499999999902e+03,1.816779700000000048e+03,1.654277399999999943e+03,1.639694300000000112e+03,1.565366500000000087e+03,1.523781600000000026e+03
1.969999999999999973e+00,3.042957499999999982e+03,2.642697000000000116e+03,2.312968899999999849e+03,1.810751199999999926e+03,1.650705799999999954e+03,1.635377999999999929e+03,1.560623000000000047e+03,1.517483500000000049e+03
1.975000000000000089e+00,3.044058300000000145e+03,2.642569199999999910e+03,2.312661999999999807e+03,1.806725699999999961e+03,1.649383399999999938e+03,1.632708900000000085e+03,1.557918400000000020e+03,1.512576800000000048e+03
1.979999999999999982e+00,3.044161599999999908e+03,2.640847600000000057e+03,2.310038100000000213e+03,1.801669100000000071e+03,1.648150599999999940e+03,1.631342599999999948e+03,1.555795299999999997e+03,1.508412800000000061e+03
1.985000000000000098e+00,3.044633200000000215e+03,2.639284099999999853e+03,2.307077099999999973e+03,1.797551200000000108e+03,1.647040099999999939e+03,1.629332499999999982e+03,1.553267000000000053e+03,1.504319700000000012e+03
1.989999999999999991e+00,3.045582899999999881e+03,2.638578100000000177e+03,2.305177900000000136e+03,1.793463700000000017e+03,1.645845499999999902e+03,1.627003400000000056e+03,1.550939900000000080e+03,1.499612000000000080e+03
1.995000000000000107e+00,3.047215299999999843e+03,2.638932999999999993e+03,2.304417600000000220e+03,1.789637600000000020e+03,1.645718000000000075e+03,1.626414600000000064e+03,1.550494999999999891e+03,1.496681700000000092e+03
2.000000000000000000e+00,3.048150700000000143e+03,2.638747299999999996e+03,2.303499200000000201e+03,1.785327600000000075e+03,1.644458800000000110e+03,1.624763599999999997e+03,1.549122699999999895e+03,1.493288199999999961e+03
2.004999999999999893e+00,3.046871200000000044e+03,2.636394499999999880e+03,2.301120100000000093e+03,1.779979499999999916e+03,1.642990099999999984e+03,1.623393100000000004e+03,1.547772999999999911e+03,1.489769099999999980e+03
2.009999999999999787e+00,3.046337199999999939e+03,2.634742099999999937e+03,2.299393599999999878e+03,1.775059999999999945e+03,1.641153700000000072e+03,1.621632599999999911e+03,1.546233899999999949e+03,1.486235599999999977e+03
2.015000000000000124e+00,3.047822400000000016e+03,2.634953300000000127e+03,2.298133100000000013e+03,1.769821899999999914e+03,1.639785200000000032e+03,1.620936200000000099e+03,1.545711000000000013e+03,1.483484500000000025e+03
2.020000000000000018e+00,3.050087700000000041e+03,2.636018799999999828e+03,2.297117200000000139e+03,1.765578800000000001e+03,1.638576700000000073e+03,1.620202900000000000e+03,1.545138799999999947e+03,1.480826499999999896e+03
2.024999999999999911e+00,3.051760299999999916e+03,2.636845400000000154e+03,2.297042500000000018e+03,1.762594200000000001e+03,1.637782200000000103e+03,1.619780700000000024e+03,1.544744500000000016e+03,1.478436300000000074e+03
2.029999999999999805e+00,3.052636100000000170e+03,2.636890199999999822e+03,2.296695400000000063e+03,1.759629699999999957e+03,1.637288600000000088e+03,1.619950100000000020e+03,1.545023400000000038e+03,1.476565900000000056e+03
2.035000000000000142e+00,3.053669600000000173e+03,2.636916400000000067e+03,2.296441600000000108e+03,1.756497599999999920e+03,1.635548199999999952e+03,1.619160399999999981e+03,1.544642200000000003e+03,1.474505599999999959e+03
2.040000000000000036e+00,3.055175400000000081e+03,2.637037899999999809e+03,2.296239500000000135e+03,1.753243099999999913e+03,1.634687100000000100e+03,1.618401499999999942e+03,1.544039500000000089e+03,1.472356600000000071e+03
2.044999999999999929e+00,3.054090499999999793e+03,2.635778499999999894e+03,2.295107800000000225e+03,1.749523100000000113e+03,1.632416300000000092e+03,1.616348899999999958e+03,1.542329999999999927e+03,1.469596500000000106e+03
2.049999999999999822e+00,3.053201300000000174e+03,2.634804399999999987e+03,2.294144200000000183e+03,1.745804399999999987e+03,1.631051999999999907e+03,1.615684500000000071e+03,1.542170299999999997e+03,1.468353299999999990e+03
2.055000000000000160e+00,3.052423499999999876e+03,2.633336600000000089e+03,2.292665599999999813e+03,1.741661399999999958e+03,1.629589400000000069e+03,1.614723099999999931e+03,1.541587999999999965e+03,1.466854399999999941e+03
2.060000000000000053e+00,3.052697700000000168e+03,2.632650200000000041e+03,2.291941299999999956e+03,1.738047900000000027e+03,1.627498700000000099e+03,1.612663199999999961e+03,1.540317399999999907e+03,1.464942800000000034e+03
2.064999999999999947e+00,3.052761500000000069e+03,2.631838299999999890e+03,2.291286999999999807e+03,1.734439800000000105e+03,1.625516900000000078e+03,1.611064699999999903e+03,1.539326999999999998e+03,1.463489299999999957e+03
2.069999999999999840e+00,3.052540700000000015e+03,2.630717399999999998e+03,2.290502300000000105e+03,1.730806700000000092e+03,1.622619899999999916e+03,1.608348099999999931e+03,1.537498900000000049e+03,1.461537000000000035e+03
2.075000000000000178e+00,3.053012400000000071e+03,2.630113699999999881e+03,2.290307899999999790e+03,1.728028600000000097e+03,1.620896199999999908e+03,1.606766100000000051e+03,1.536482799999999997e+03,1.460214699999999993e+03
2.080000000000000071e+00,3.053331000000000131e+03,2.629290100000000166e+03,2.289965999999999894e+03,1.725280299999999897e+03,1.618975699999999961e+03,1.605095399999999927e+03,1.535610799999999927e+03,1.459290600000000040e+03
2.084999999999999964e+00,3.052153099999999995e+03,2.626972299999999905e+03,2.288283800000000156e+03,1.721572499999999991e+03,1.616636799999999994e+03,1.602968599999999924e+03,1.534126500000000078e+03,1.457712800000000016e+03
2.089999999999999858e+00,3.051936000000000149e+03,2.625572299999999814e+03,2.287522199999999884e+03,1.719026599999999917e+03,1.614959100000000035e+03,1.601488900000000058e+03,1.533619200000000092e+03,1.457762600000000020e+03
2.095000000000000195e+00,3.049297000000000025e+03,2.621848500000000058e+03,2.284644600000000082e+03,1.715121499999999969e+03,1.612327600000000075e+03,1.598922100000000000e+03,1.531856199999999944e+03,1.456709800000000087e+03
2.100000000000000089e+00,3.047670300000000225e+03,2.618880400000000009e+03,2.281948400000000220e+03,1.711249199999999973e+03,1.609840999999999894e+03,1.596476699999999937e+03,1.530052300000000059e+03,1.455743199999999888e+03
2.104999999999999982e+00,3.046555400000000191e+03,2.616585199999999986e+03,2.280087300000000141e+03,1.707926500000000033e+03,1.607159900000000107e+03,1.593843900000000076e+03,1.528238499999999931e+03,1.455385399999999890e+03
2.109999999999999876e+00,3.045999200000000201e+03,2.614882200000000012e+03,2.278937199999999848e+03,1.705200599999999895e+03,1.604683700000000044e+03,1.591358699999999999e+03,1.526497699999999895e+03,1.454794200000000046e+03
2.115000000000000213e+00,3.044882200000000012e+03,2.612593699999999899e+03,2.277252800000000207e+03,1.701886099999999942e+03,1.601432299999999941e+03,1.588091699999999946e+03,1.524059400000000096e+03,1.453865700000000061e+03
2.120000000000000107e+00,3.043860499999999774e+03,2.610343699999999899e+03,2.275717200000000048e+03,1.698796399999999949e+03,1.598627199999999903e+03,1.585187400000000025e+03,1.521770500000000084e+03,1.452857199999999921e+03
2.125000000000000000e+00,3.041566400000000158e+03,2.606818299999999908e+03,2.273017199999999775e+03,1.694179100000000062e+03,1.595360699999999952e+03,1.582015599999999949e+03,1.519267299999999977e+03,1.451883599999999888e+03
2.129999999999999893e+00,3.039383600000000115e+03,2.603470100000000002e+03,2.271094700000000103e+03,1.690768399999999929e+03,1.591490099999999984e+03,1.577892000000000053e+03,1.515716200000000072e+03,1.449855499999999893e+03
2.134999999999999787e+00,3.036469099999999798e+03,2.599236800000000130e+03,2.268353999999999814e+03,1.686733899999999949e+03,1.587681599999999889e+03,1.573993400000000065e+03,1.512643100000000004e+03,1.448889899999999898e+03
2.140000000000000124e+00,3.034551800000000185e+03,2.595819399999999860e+03,2.266374099999999999e+03,1.682659699999999930e+03,1.583683399999999892e+03,1.569932099999999991e+03,1.509634600000000091e+03,1.448389200000000073e+03
2.145000000000000018e+00,3.031646299999999883e+03,2.591375900000000001e+03,2.264048899999999776e+03,1.678153000000000020e+03,1.579702399999999898e+03,1.565748900000000049e+03,1.505869599999999991e+03,1.445542799999999943e+03
2.149999999999999911e+00,3.029125500000000102e+03,2.587052499999999782e+03,2.262558300000000145e+03,1.674968900000000076e+03,1.576399699999999939e+03,1.562256699999999910e+03,1.503042599999999993e+03,1.444302500000000009e+03
2.154999999999999805e+00,3.026180699999999888e+03,2.581960199999999986e+03,2.260976200000000063e+03,1.672205699999999979e+03,1.573359200000000101e+03,1.559193600000000060e+03,1.500891800000000103e+03,1.444567000000000007e+03
2.160000000000000142e+00,3.026503400000000056e+03,2.581045000000000073e+03,2.253169199999999819e+03,1.669981199999999944e+03,1.569648899999999912e+03,1.555480600000000095e+03,1.498124900000000025e+03,1.443719100000000026e+03
2.165000000000000036e+00,3.025759100000000217e+03,2.580405299999999897e+03,2.246071300000000065e+03,1.666956100000000106e+03,1.565543300000000045e+03,1.551277000000000044e+03,1.495690499999999929e+03,1.445261400000000094e+03
2.169999999999999929e+00,3.023409299999999803e+03,2.578514099999999871e+03,2.241191499999999905e+03,1.665155700000000024e+03,1.561982099999999946e+03,1.547816199999999981e+03,1.494075800000000072e+03,1.448743199999999888e+03
2.174999999999999822e+00,3.019419899999999870e+03,2.575409400000000005e+03,2.236063299999999799e+03,1.662245599999999968e+03,1.558617999999999938e+03,1.544555900000000065e+03,1.492726100000000088e+03,1.452392900000000054e+03
2.180000000000000160e+00,3.014565999999999804e+03,2.571245899999999892e+03,2.230009799999999814e+03,1.657956799999999930e+03,1.553429300000000012e+03,1.538977699999999913e+03,1.488380599999999959e+03,1.452460600000000113e+03
2.185000000000000053e+00,3.012214800000000196e+03,2.570202299999999923e+03,2.222941100000000006e+03,1.653508299999999963e+03,1.548561699999999973e+03,1.533887699999999995e+03,1.484409300000000030e+03,1.451360899999999901e+03
2.189999999999999947e+00,3.008823100000000068e+03,2.569486199999999826e+03,2.213652500000000146e+03,1.648986699999999928e+03,1.543774699999999939e+03,1.529010700000000043e+03,1.479450000000000045e+03,1.446649699999999939e+03
2.194999999999999840e+00,3.002425400000000081e+03,2.564094700000000103e+03,2.208356900000000223e+03,1.646519399999999905e+03,1.538216799999999921e+03,1.522610799999999927e+03,1.474370899999999892e+03,1.444483500000000049e+03
2.200000000000000178e+00,2.997396200000000135e+03,2.560304700000000139e+03,2.203117499999999836e+03,1.642799999999999955e+03,1.533271999999999935e+03,1.517410300000000007e+03,1.469795399999999972e+03,1.442837999999999965e+03
2.205000000000000071e+00,2.993091399999999794e+03,2.557074200000000019e+03,2.197407400000000052e+03,1.638912499999999909e+03,1.528497599999999920e+03,1.512410200000000032e+03,1.464942900000000009e+03,1.440335700000000088e+03
2.209999999999999964e+00,2.987929799999999886e+03,2.552717000000000098e+03,2.191546400000000176e+03,1.635308500000000095e+03,1.524362499999999955e+03,1.508859099999999899e+03,1.465947499999999991e+03,1.438846800000000030e+03
2.214999999999999858e+00,2.982219900000000052e+03,2.547328500000000076e+03,2.183482599999999820e+03,1.633863800000000083e+03,1.519697200000000066e+03,1.503927599999999984e+03,1.462788099999999986e+03,1.436302500000000009e+03
2.220000000000000195e+00,2.977615999999999985e+03,2.543304299999999785e+03,2.175355799999999817e+03,1.632590599999999995e+03,1.515236599999999953e+03,1.500078700000000026e+03,1.460909900000000107e+03,1.436686099999999897e+03
2.225000000000000089e+00,2.973193800000000010e+03,2.540132300000000214e+03,2.169646499999999833e+03,1.628195200000000114e+03,1.509655799999999999e+03,1.494879799999999932e+03,1.457447599999999966e+03,1.434297800000000052e+03
2.229999999999999982e+00,2.968327499999999873e+03,2.536366700000000037e+03,2.164618699999999990e+03,1.624014499999999998e+03,1.504276299999999992e+03,1.489006699999999910e+03,1.451239399999999932e+03,1.431033899999999903e+03
2.234999999999999876e+00,2.963408500000000004e+03,2.532304999999999836e+03,2.159653200000000197e+03,1.619866899999999987e+03,1.499324399999999969e+03,1.484179000000000087e+03,1.447196099999999888e+03,1.429201700000000073e+03
2.240000000000000213e+00,2.958921899999999823e+03,2.528518099999999777e+03,2.154917899999999918e+03,1.615763099999999895e+03,1.494593599999999924e+03,1.479416799999999967e+03,1.443534100000000080e+03,1.427652900000000045e+03
2.245000000000000107e+00,2.954176500000000033e+03,2.524376800000000003e+03,2.149847299999999905e+03,1.611291799999999967e+03,1.489727200000000039e+03,1.474143900000000031e+03,1.440077700000000050e+03,1.426603699999999890e+03
2.250000000000000000e+00,2.949152399999999943e+03,2.519971300000000156e+03,2.144526100000000042e+03,1.606450100000000020e+03,1.485325299999999970e+03,1.471843699999999899e+03,1.436915400000000091e+03,1.425363800000000083e+03
2.254999999999999893e+00,2.944005900000000111e+03,2.515433399999999892e+03,2.139205599999999777e+03,1.601742299999999886e+03,1.480255400000000009e+03,1.467193500000000085e+03,1.432634900000000016e+03,1.422985599999999977e+03
2.259999999999999787e+00,2.938892299999999977e+03,2.510831999999999880e+03,2.133856600000000071e+03,1.597061799999999948e+03,1.475254799999999932e+03,1.463252199999999903e+03,1.429475799999999936e+03,1.421351499999999987e+03
2.265000000000000124e+00,2.933296600000000126e+03,2.505846900000000005e+03,2.128234399999999823e+03,1.592219299999999976e+03,1.470079099999999926e+03,1.459325800000000072e+03,1.426069999999999936e+03,1.419560400000000072e+03
2.270000000000000018e+00,2.928090099999999893e+03,2.501215400000000045e+03,2.122973399999999856e+03,1.587765900000000101e+03,1.464971399999999903e+03,1.454946099999999888e+03,1.422645800000000008e+03,1.417298500000000104e+03
2.274999999999999911e+00,2.922511800000000221e+03,2.496129699999999957e+03,2.117186000000000149e+03,1.582615199999999959e+03,1.458584700000000112e+03,1.450789700000000039e+03,1.419507599999999911e+03,1.415074900000000071e+03
2.279999999999999805e+00,2.917347000000000207e+03,2.491440599999999904e+03,2.111844900000000052e+03,1.577978000000000065e+03,1.456131499999999960e+03,1.447656099999999924e+03,1.416644800000000032e+03,1.412740299999999934e+03
2.285000000000000142e+00,2.912329900000000180e+03,2.486863800000000083e+03,2.106592900000000100e+03,1.573263999999999896e+03,1.454502799999999979e+03,1.444937500000000000e+03,1.414308899999999994e+03,1.410599600000000009e+03
2.290000000000000036e+00,2.906575600000000122e+03,2.481519899999999780e+03,2.100562699999999950e+03,1.567518600000000106e+03,1.450001199999999926e+03,1.440962600000000066e+03,1.410887999999999920e+03,1.406762899999999945e+03
2.294999999999999929e+00,2.901120699999999943e+03,2.476473899999999958e+03,2.094911500000000160e+03,1.562178300000000036e+03,1.446242299999999886e+03,1.438691000000000031e+03,1.408874000000000024e+03,1.403387400000000071e+03
2.299999999999999822e+00,2.895614000000000033e+03,2.471300799999999981e+03,2.089065200000000004e+03,1.556513999999999896e+03,1.441907799999999952e+03,1.435639100000000099e+03,1.406168300000000045e+03,1.399257399999999961e+03
2.305000000000000160e+00,2.889862500000000182e+03,2.465899899999999889e+03,2.083065099999999802e+03,1.550749800000000050e+03,1.437809099999999944e+03,1.432438799999999901e+03,1.403060699999999997e+03,1.394763599999999997e+03
2.310000000000000053e+00,2.884199000000000069e+03,2.460612299999999777e+03,2.077253600000000006e+03,1.545207100000000082e+03,1.434053799999999910e+03,1.429332400000000007e+03,1.399916600000000017e+03,1.390093100000000049e+03
2.314999999999999947e+00,2.878496299999999792e+03,2.455269499999999880e+03,2.071388199999999870e+03,1.539501999999999953e+03,1.429765000000000100e+03,1.425981199999999944e+03,1.396729000000000042e+03,1.385461499999999887e+03
2.319999999999999840e+00,2.872752899999999954e+03,2.449827600000000075e+03,2.065419300000000021e+03,1.533673399999999901e+03,1.425853299999999990e+03,1.422908899999999903e+03,1.393685799999999972e+03,1.380728000000000065e+03
2.325000000000000178e+00,2.867013500000000022e+03,2.444403299999999945e+03,2.059491300000000138e+03,1.527883599999999888e+03,1.421733899999999949e+03,1.419545900000000074e+03,1.390056700000000092e+03,1.375411499999999933e+03
2.330000000000000071e+00,2.861096500000000106e+03,2.438743199999999888e+03,2.053257099999999809e+03,1.521846800000000030e+03,1.417587899999999991e+03,1.416233999999999924e+03,1.386433299999999917e+03,1.370031300000000101e+03
2.334999999999999964e+00,2.855246099999999842e+03,2.433175900000000183e+03,2.047314599999999928e+03,1.515945400000000063e+03,1.413530299999999897e+03,1.413074599999999919e+03,1.383296599999999899e+03,1.365430900000000065e+03
2.339999999999999858e+00,2.849634500000000116e+03,2.427897699999999986e+03,2.041860400000000027e+03,1.510228599999999915e+03,1.409315800000000081e+03,1.409615299999999934e+03,1.379883100000000013e+03,1.360347600000000057e+03
2.345000000000000195e+00,2.843966300000000047e+03,2.422451900000000023e+03,2.036124399999999923e+03,1.504422600000000102e+03,1.405212099999999964e+03,1.406157300000000077e+03,1.376552300000000059e+03,1.355101699999999937e+03
2.350000000000000089e+00,2.838259100000000217e+03,2.416900099999999838e+03,2.030244400000000041e+03,1.498545800000000099e+03,1.401508000000000038e+03,1.403328700000000026e+03,1.373722600000000057e+03,1.350046000000000049e+03
2.354999999999999982e+00,2.832876200000000154e+03,2.411613699999999881e+03,2.024592300000000023e+03,1.492795399999999972e+03,1.397503600000000006e+03,1.399862300000000005e+03,1.370061599999999999e+03,1.344064900000000080e+03
2.359999999999999876e+00,2.827128999999999905e+03,2.405940500000000156e+03,2.018612300000000005e+03,1.486791799999999967e+03,1.393562899999999900e+03,1.396698499999999967e+03,1.366839300000000094e+03,1.338697599999999966e+03
2.365000000000000213e+00,2.821349299999999857e+03,2.400207899999999881e+03,2.012628999999999905e+03,1.480791300000000092e+03,1.389593900000000076e+03,1.393416899999999941e+03,1.363311699999999973e+03,1.332906199999999899e+03
2.370000000000000107e+00,2.815133200000000215e+03,2.393939300000000003e+03,2.006077900000000000e+03,1.474106600000000071e+03,1.384721800000000030e+03,1.389213899999999967e+03,1.358935600000000022e+03,1.326370100000000093e+03
2.375000000000000000e+00,2.809324200000000019e+03,2.387996999999999844e+03,1.999939200000000028e+03,1.467823699999999917e+03,1.380388200000000097e+03,1.385586700000000064e+03,1.354696599999999989e+03,1.319861000000000104e+03
2.379999999999999893e+00,2.803826700000000073e+03,2.382195000000000164e+03,1.994024300000000039e+03,1.461650300000000016e+03,1.375937300000000050e+03,1.381759000000000015e+03,1.350066000000000031e+03,1.313014699999999948e+03
2.384999999999999787e+00,2.798400700000000143e+03,2.376061499999999796e+03,1.987868400000000065e+03,1.455398400000000038e+03,1.371723600000000033e+03,1.378260800000000017e+03,1.345768100000000004e+03,1.306349999999999909e+03
2.390000000000000124e+00,2.791950100000000020e+03,2.370796600000000126e+03,1.982193099999999959e+03,1.449459900000000061e+03,1.367935899999999947e+03,1.375235599999999977e+03,1.341966100000000097e+03,1.300126899999999978e+03
2.395000000000000018e+00,2.785370800000000145e+03,2.365698499999999967e+03,1.976601899999999887e+03,1.443518700000000081e+03,1.364124800000000050e+03,1.372255200000000059e+03,1.338174999999999955e+03,1.293765499999999975e+03
2.399999999999999911e+00,2.778048299999999927e+03,2.361128700000000208e+03,1.971166699999999992e+03,1.437651399999999967e+03,1.360038800000000037e+03,1.368750299999999925e+03,1.333708000000000084e+03,1.286625900000000001e+03
2.404999999999999805e+00,2.771373399999999947e+03,2.355904199999999946e+03,1.965236300000000028e+03,1.431434199999999919e+03,1.355729000000000042e+03,1.365061699999999973e+03,1.329152599999999893e+03,1.279202099999999973e+03
2.410000000000000142e+00,2.765400599999999940e+03,2.350534000000000106e+03,1.959460399999999936e+03,1.425515200000000050e+03,1.351662800000000061e+03,1.361435799999999972e+03,1.324531799999999976e+03,1.271446999999999889e+03
2.415000000000000036e+00,2.758984800000000178e+03,2.344393500000000131e+03,1.952968299999999999e+03,1.418945799999999963e+03,1.347034900000000107e+03,1.357288999999999987e+03,1.319371499999999969e+03,1.263234799999999950e+03
2.419999999999999929e+00,2.753034500000000207e+03,2.338514900000000125e+03,1.946719200000000001e+03,1.412478000000000065e+03,1.342155799999999999e+03,1.352867999999999938e+03,1.313966400000000021e+03,1.255025499999999965e+03
2.424999999999999822e+00,2.748156899999999951e+03,2.332980199999999968e+03,1.940709599999999909e+03,1.406188599999999951e+03,1.337553200000000061e+03,1.348503899999999931e+03,1.308372499999999945e+03,1.246343399999999974e+03
2.430000000000000160e+00,2.742137299999999868e+03,2.326826500000000124e+03,1.934243199999999888e+03,1.399454899999999952e+03,1.332164199999999937e+03,1.343408599999999979e+03,1.302033400000000029e+03,1.236981399999999894e+03
2.435000000000000053e+00,2.736508100000000013e+03,2.321008200000000215e+03,1.928152100000000019e+03,1.393166099999999915e+03,1.327325700000000097e+03,1.338814900000000080e+03,1.296152599999999893e+03,1.228196200000000090e+03
2.439999999999999947e+00,2.730804599999999937e+03,2.315257599999999911e+03,1.922222299999999905e+03,1.387003799999999956e+03,1.322406199999999899e+03,1.334083399999999983e+03,1.290094100000000026e+03,1.219297900000000027e+03
2.444999999999999840e+00,2.725248399999999947e+03,2.309702699999999822e+03,1.916510500000000093e+03,1.381174999999999955e+03,1.317839600000000019e+03,1.329402700000000095e+03,1.283791999999999916e+03,1.209956400000000031e+03
2.450000000000000178e+00,2.719081599999999980e+03,2.303624099999999999e+03,1.910315000000000055e+03,1.374817000000000007e+03,1.312951299999999947e+03,1.324541999999999916e+03,1.277393600000000106e+03,1.200446099999999888e+03
2.455000000000000071e+00,2.713434400000000096e+03,2.297821399999999812e+03,1.904240399999999909e+03,1.368472099999999955e+03,1.307757100000000037e+03,1.319243699999999990e+03,1.270529600000000073e+03,1.190385899999999992e+03
2.459999999999999964e+00,2.707728200000000015e+03,2.292034500000000207e+03,1.898296100000000024e+03,1.362380000000000109e+03,1.302761999999999944e+03,1.314039899999999989e+03,1.263729900000000043e+03,1.180388200000000097e+03
2.464999999999999858e+00,2.701921299999999974e+03,2.286127300000000105e+03,1.892198499999999967e+03,1.356138500000000022e+03,1.297475599999999986e+03,1.308328600000000051e+03,1.256465699999999970e+03,1.169868799999999965e+03
2.470000000000000195e+00,2.695762499999999818e+03,2.279886700000000019e+03,1.885764699999999948e+03,1.349549500000000080e+03,1.291788900000000012e+03,1.302167200000000093e+03,1.248804799999999886e+03,1.159164099999999962e+03
2.475000000000000089e+00,2.689916099999999915e+03,2.274038199999999961e+03,1.879781600000000026e+03,1.343477900000000091e+03,1.286435199999999895e+03,1.296252400000000080e+03,1.241357299999999896e+03,1.148891699999999901e+03
2.479999999999999982e+00,2.683637400000000071e+03,2.267740200000000186e+03,1.873339099999999917e+03,1.336998000000000047e+03,1.280890200000000050e+03,1.290271700000000010e+03,1.233975899999999911e+03,1.138319600000000037e+03
2.484999999999999876e+00,2.677370899999999892e+03,2.261442100000000210e+03,1.866880000000000109e+03,1.330473899999999958e+03,1.275019099999999980e+03,1.283982999999999947e+03,1.226281400000000076e+03,1.127293400000000020e+03
2.490000000000000213e+00,2.671349099999999908e+03,2.255345200000000204e+03,1.860598799999999983e+03,1.324116500000000087e+03,1.269023200000000088e+03,1.277993799999999965e+03,1.218690299999999979e+03,1.116233600000000024e+03
2.495000000000000107e+00,2.665277399999999943e+03,2.249207199999999830e+03,1.854310199999999895e+03,1.317833900000000085e+03,1.262911900000000060e+03,1.271945099999999911e+03,1.211004500000000007e+03,1.105178300000000036e+03
2.500000000000000000e+00,2.659843699999999899e+03,2.243742200000000139e+03,1.848776100000000042e+03,1.312440599999999904e+03,1.257554300000000012e+03,1.266167500000000018e+03,1.203543599999999969e+03,1.094692099999999982e+03
2.504999999999999893e+00,2.653622100000000046e+03,2.237432400000000143e+03,1.842323300000000017e+03,1.306078299999999899e+03,1.251353000000000065e+03,1.259716100000000097e+03,1.195425300000000107e+03,1.082670399999999972e+03
2.509999999999999787e+00,2.647994999999999891e+03,2.231791499999999814e+03,1.836601200000000063e+03,1.300510700000000043e+03,1.245384600000000091e+03,1.253119300000000067e+03,1.186924099999999953e+03,1.070660499999999956e+03
2.515000000000000124e+00,2.641890400000000227e+03,2.225725500000000011e+03,1.830449499999999944e+03,1.294517599999999902e+03,1.239107299999999896e+03,1.246458699999999908e+03,1.178473899999999958e+03,1.058750099999999975e+03
2.520000000000000018e+00,2.635759199999999964e+03,2.219656500000000051e+03,1.824319700000000012e+03,1.288651100000000042e+03,1.232725500000000011e+03,1.239682099999999991e+03,1.169763599999999997e+03,1.046405999999999949e+03
2.524999999999999911e+00,2.630101900000000114e+03,2.213934999999999945e+03,1.818511299999999892e+03,1.283158300000000054e+03,1.226618999999999915e+03,1.233203600000000051e+03,1.161288700000000063e+03,1.034369999999999891e+03
2.529999999999999805e+00,2.623879300000000057e+03,2.207974600000000009e+03,1.812454300000000103e+03,1.277425300000000107e+03,1.220269700000000057e+03,1.226599799999999959e+03,1.152759299999999939e+03,1.022400200000000041e+03
2.535000000000000142e+00,2.617873300000000199e+03,2.202083200000000033e+03,1.806464500000000044e+03,1.271794699999999921e+03,1.213858500000000049e+03,1.219946599999999989e+03,1.144226000000000113e+03,1.010486099999999965e+03
2.540000000000000036e+00,2.611619000000000142e+03,2.196122199999999793e+03,1.800390699999999924e+03,1.266075399999999945e+03,1.207203800000000001e+03,1.213144299999999930e+03,1.135395199999999932e+03,9.985472999999999502e+02
2.544999999999999929e+00,2.605630400000000009e+03,2.190155999999999949e+03,1.794305499999999938e+03,1.260380799999999908e+03,1.200519299999999930e+03,1.206346500000000106e+03,1.126626400000000103e+03,9.868398200000000315e+02
2.549999999999999822e+00,2.599574200000000019e+03,2.184092000000000098e+03,1.788157400000000052e+03,1.254693600000000060e+03,1.193904399999999896e+03,1.199499900000000025e+03,1.117686300000000074e+03,9.749627400000000534e+02
2.555000000000000160e+00,2.593893000000000029e+03,2.178415500000000065e+03,1.782427200000000084e+03,1.249492799999999988e+03,1.187975599999999986e+03,1.193342599999999948e+03,1.109414399999999887e+03,9.636474699999999984e+02
2.560000000000000053e+00,2.588420099999999820e+03,2.172973399999999856e+03,1.776949100000000044e+03,1.244496900000000096e+03,1.181670699999999897e+03,1.186597500000000082e+03,1.100693899999999985e+03,9.520260100000000421e+02
2.564999999999999947e+00,2.582683899999999994e+03,2.167277900000000045e+03,1.771239900000000034e+03,1.239313699999999926e+03,1.175298900000000003e+03,1.179783200000000079e+03,1.091934700000000021e+03,9.401285500000000184e+02
2.569999999999999840e+00,2.576964100000000144e+03,2.161620699999999943e+03,1.765596600000000080e+03,1.234187200000000075e+03,1.168996900000000096e+03,1.173106700000000046e+03,1.083359200000000101e+03,9.279766700000000128e+02
2.575000000000000178e+00,2.570968499999999949e+03,2.155684999999999945e+03,1.759665899999999965e+03,1.228708000000000084e+03,1.162384299999999939e+03,1.166117899999999963e+03,1.074399699999999939e+03,9.141897199999999657e+02
2.580000000000000071e+00,2.564755900000000111e+03,2.149540800000000218e+03,1.753541600000000017e+03,1.223025799999999890e+03,1.155679100000000062e+03,1.159392700000000104e+03,1.067390799999999899e+03,9.092958099999999604e+02
2.584999999999999964e+00,2.558905200000000150e+03,2.143769899999999780e+03,1.747823300000000017e+03,1.217771500000000060e+03,1.149358600000000024e+03,1.152734999999999900e+03,1.059604800000000068e+03,8.999966100000000324e+02
2.589999999999999858e+00,2.553016700000000128e+03,2.137968800000000101e+03,1.742094100000000026e+03,1.212497599999999920e+03,1.142917699999999968e+03,1.146095199999999977e+03,1.052122499999999945e+03,8.905706000000000131e+02
2.595000000000000195e+00,2.547155600000000049e+03,2.132186200000000099e+03,1.736380699999999933e+03,1.207218900000000076e+03,1.136235100000000102e+03,1.139244599999999991e+03,1.044698799999999892e+03,8.811798499999999876e+02
2.600000000000000089e+00,2.541296899999999823e+03,2.126427700000000186e+03,1.730734999999999900e+03,1.202062799999999925e+03,1.129760700000000043e+03,1.132553799999999910e+03,1.037619799999999941e+03,8.719818299999999454e+02
2.604999999999999982e+00,2.535564699999999903e+03,2.120803899999999885e+03,1.725250299999999925e+03,1.197103699999999890e+03,1.123593800000000101e+03,1.126137699999999995e+03,1.030967200000000048e+03,8.630901800000000321e+02
2.609999999999999876e+00,2.529813900000000103e+03,2.115155099999999948e+03,1.719721999999999980e+03,1.192041500000000042e+03,1.116841599999999971e+03,1.119144700000000057e+03,1.024508199999999988e+03,8.563052500000000009e+02
2.615000000000000213e+00,2.524108700000000226e+03,2.109569599999999809e+03,1.714277399999999943e+03,1.187044599999999946e+03,1.110140300000000025e+03,1.111984600000000000e+03,1.017381999999999948e+03,8.473139800000000150e+02
2.620000000000000107e+00,2.518418900000000122e+03,2.104004600000000210e+03,1.708876800000000003e+03,1.182116800000000012e+03,1.103175700000000006e+03,1.104409200000000055e+03,1.009856499999999983e+03,8.372121899999999641e+02
2.625000000000000000e+00,2.512863800000000083e+03,2.098576500000000124e+03,1.703620799999999917e+03,1.177406099999999924e+03,1.096971500000000106e+03,1.097963999999999942e+03,1.004154899999999998e+03,8.307201800000000276e+02
2.629999999999999893e+00,2.507391900000000078e+03,2.093185899999999947e+03,1.698406199999999899e+03,1.172759900000000016e+03,1.090512099999999919e+03,1.090996599999999944e+03,9.975813600000000179e+02,8.227185299999999870e+02
2.634999999999999787e+00,2.501924300000000130e+03,2.087801399999999830e+03,1.693227300000000014e+03,1.168206300000000056e+03,1.084221700000000055e+03,1.084279399999999896e+03,9.914500500000000329e+02,8.153847200000000157e+02
2.640000000000000124e+00,2.496324099999999817e+03,2.082277999999999793e+03,1.687904700000000048e+03,1.163507900000000063e+03,1.077677699999999959e+03,1.077298600000000079e+03,9.851921099999999569e+02,8.081634699999999611e+02
2.645000000000000018e+00,2.490751000000000204e+03,2.076784700000000157e+03,1.682629699999999957e+03,1.158865299999999934e+03,1.071213299999999890e+03,1.070519500000000107e+03,9.794037499999999454e+02,8.019666300000000092e+02
2.649999999999999911e+00,2.485432499999999891e+03,2.071540300000000116e+03,1.677582300000000032e+03,1.154462999999999965e+03,1.065018499999999904e+03,1.063938200000000052e+03,9.733786400000000185e+02,7.943124900000000252e+02
2.654999999999999805e+00,2.480390600000000177e+03,2.066568499999999858e+03,1.672802599999999984e+03,1.150363800000000083e+03,1.059552300000000059e+03,1.058529999999999973e+03,9.692661200000000008e+02,7.895439300000000458e+02
2.660000000000000142e+00,2.474651400000000194e+03,2.060917399999999816e+03,1.667439300000000003e+03,1.145634000000000015e+03,1.053116700000000037e+03,1.052101300000000037e+03,9.640054999999999836e+02,7.831018199999999752e+02
2.665000000000000036e+00,2.469203899999999976e+03,2.055568800000000010e+03,1.662361100000000079e+03,1.141181100000000015e+03,1.046961700000000064e+03,1.046007000000000062e+03,9.589381499999999505e+02,7.763227100000000291e+02
2.669999999999999929e+00,2.463987299999999777e+03,2.050445900000000165e+03,1.657505100000000084e+03,1.136943999999999960e+03,1.041103900000000067e+03,1.040338899999999967e+03,9.544240099999999529e+02,7.711368400000000065e+02
2.674999999999999822e+00,2.458941299999999956e+03,2.045504100000000108e+03,1.652842799999999897e+03,1.132892800000000079e+03,1.035691499999999905e+03,1.035371300000000019e+03,9.505198900000000322e+02,7.663137199999999893e+02
2.680000000000000160e+00,2.454044899999999870e+03,2.040711900000000014e+03,1.648328700000000026e+03,1.128951999999999998e+03,1.030106899999999996e+03,1.030307499999999891e+03,9.466050999999999931e+02,7.612740099999999757e+02
2.685000000000000053e+00,2.448813200000000052e+03,2.035579099999999926e+03,1.643504500000000007e+03,1.124731800000000021e+03,1.024360400000000027e+03,1.025173000000000002e+03,9.426513400000000047e+02,7.563691300000000410e+02
2.689999999999999947e+00,2.443502800000000207e+03,2.030347299999999905e+03,1.638658699999999953e+03,1.120564900000000080e+03,1.018807400000000030e+03,1.020463899999999967e+03,9.389774999999999636e+02,7.515986699999999701e+02
2.694999999999999840e+00,2.438633800000000065e+03,2.025673600000000079e+03,1.634110799999999927e+03,1.116496499999999969e+03,1.013362399999999980e+03,1.016005499999999984e+03,9.355859500000000253e+02,7.469672100000000228e+02
2.700000000000000178e+00,2.433621900000000096e+03,2.020805599999999913e+03,1.629528000000000020e+03,1.112517900000000054e+03,1.008149199999999951e+03,1.011754699999999957e+03,9.322080200000000332e+02,7.424456699999999501e+02
2.705000000000000071e+00,2.428700499999999920e+03,2.016015300000000025e+03,1.625035499999999956e+03,1.108654500000000098e+03,1.003162400000000048e+03,1.007889400000000023e+03,9.293134800000000268e+02,7.380643000000000029e+02
2.709999999999999964e+00,2.423873799999999846e+03,2.011316900000000032e+03,1.620625299999999925e+03,1.104857799999999997e+03,9.982881800000000112e+02,1.004228100000000040e+03,9.266527899999999818e+02,7.338248599999999442e+02
2.714999999999999858e+00,2.419248099999999795e+03,2.006815100000000029e+03,1.616386999999999944e+03,1.101186599999999999e+03,9.935061299999999846e+02,1.000595299999999952e+03,9.242352200000000266e+02,7.300701999999999998e+02
2.720000000000000195e+00,2.414605900000000020e+03,2.002306900000000041e+03,1.612144099999999980e+03,1.097529399999999896e+03,9.889631799999999657e+02,9.972289200000000164e+02,9.219965799999999945e+02,7.263473800000000438e+02
2.725000000000000089e+00,2.410153899999999794e+03,1.997977499999999964e+03,1.608044499999999971e+03,1.093958900000000085e+03,9.849080800000000409e+02,9.941818200000000161e+02,9.200128300000000081e+02,7.229228200000000015e+02
2.729999999999999982e+00,2.405449300000000221e+03,1.993390799999999899e+03,1.603648400000000038e+03,1.089974500000000035e+03,9.807112499999999500e+02,9.910769500000000107e+02,9.184325999999999794e+02,7.194857200000000148e+02
2.734999999999999876e+00,2.400834800000000087e+03,1.988916199999999890e+03,1.599399499999999989e+03,1.086171900000000051e+03,9.770080600000000004e+02,9.883510300000000370e+02,9.166932299999999714e+02,7.162603900000000294e+02
2.740000000000000213e+00,2.396123099999999795e+03,1.984357999999999947e+03,1.595089300000000094e+03,1.082335700000000088e+03,9.734188799999999446e+02,9.853484799999999950e+02,9.143510199999999486e+02,7.126634400000000369e+02
2.745000000000000107e+00,2.391691100000000006e+03,1.980092699999999923e+03,1.591071699999999964e+03,1.078774699999999939e+03,9.703586800000000494e+02,9.830588000000000193e+02,9.131209599999999682e+02,7.097968100000000504e+02
2.750000000000000000e+00,2.387126499999999851e+03,1.975716300000000047e+03,1.586937100000000100e+03,1.075081300000000056e+03,9.670794700000000148e+02,9.804611700000000383e+02,9.113040999999999485e+02,7.068128199999999879e+02
2.754999999999999893e+00,2.383085000000000036e+03,1.971893600000000106e+03,1.583407600000000002e+03,1.072115299999999934e+03,9.646013100000000122e+02,9.784604399999999487e+02,9.103575799999999845e+02,7.042851600000000190e+02
2.759999999999999787e+00,2.378935100000000148e+03,1.967974200000000110e+03,1.579800700000000006e+03,1.069158100000000104e+03,9.623135399999999890e+02,9.764794000000000551e+02,9.091132900000000063e+02,7.020535399999999981e+02
2.765000000000000124e+00,2.374913100000000213e+03,1.964185699999999997e+03,1.576312400000000025e+03,1.066324399999999969e+03,9.599730200000000195e+02,9.741699999999999591e+02,9.075703899999999749e+02,6.996397799999999734e+02
2.770000000000000018e+00,2.370822700000000168e+03,1.960345000000000027e+03,1.572789500000000089e+03,1.063527700000000095e+03,9.578793600000000197e+02,9.720302199999999857e+02,9.060785200000000259e+02,6.973637599999999566e+02
2.774999999999999911e+00,2.366845600000000104e+03,1.956624800000000050e+03,1.569393199999999979e+03,1.060914399999999887e+03,9.559905400000000100e+02,9.700774300000000494e+02,9.046778299999999717e+02,6.951476099999999860e+02
2.779999999999999805e+00,2.362972400000000107e+03,1.953038000000000011e+03,1.566170299999999997e+03,1.058520999999999958e+03,9.530618399999999610e+02,9.678068600000000288e+02,9.031636899999999741e+02,6.929102199999999812e+02
2.785000000000000142e+00,2.359333700000000135e+03,1.949686999999999898e+03,1.563179699999999912e+03,1.056416500000000042e+03,9.509229100000000017e+02,9.657490599999999858e+02,9.018272699999999986e+02,6.908854099999999789e+02
2.790000000000000036e+00,2.356004399999999805e+03,1.946659400000000005e+03,1.560517900000000054e+03,1.054669300000000021e+03,9.491651900000000524e+02,9.639606499999999869e+02,9.006794300000000248e+02,6.890780099999999493e+02
2.794999999999999929e+00,2.352522399999999834e+03,1.943480499999999893e+03,1.557701600000000099e+03,1.052810600000000022e+03,9.476805399999999509e+02,9.626422400000000152e+02,8.998151800000000549e+02,6.874971399999999448e+02
2.799999999999999822e+00,2.349244900000000143e+03,1.940482299999999896e+03,1.555036800000000085e+03,1.051084800000000087e+03,9.458088699999999562e+02,9.608776900000000296e+02,8.985551400000000513e+02,6.857263699999999744e+02
2.805000000000000160e+00,2.346128000000000156e+03,1.937673299999999927e+03,1.552605000000000018e+03,1.049657300000000077e+03,9.441401600000000371e+02,9.592785900000000083e+02,8.973723300000000336e+02,6.840947700000000395e+02
2.810000000000000053e+00,2.342970499999999902e+03,1.934823799999999892e+03,1.550108400000000074e+03,1.048107400000000098e+03,9.422033099999999877e+02,9.575210399999999709e+02,8.960949799999999641e+02,6.824317300000000159e+02
2.814999999999999947e+00,2.339899699999999939e+03,1.932097500000000082e+03,1.547787700000000086e+03,1.046867600000000039e+03,9.404500799999999572e+02,9.558600599999999758e+02,8.948664599999999609e+02,6.808564900000000080e+02
2.819999999999999840e+00,2.336803100000000086e+03,1.929319600000000037e+03,1.545400599999999940e+03,1.045596800000000030e+03,9.386897500000000036e+02,9.541300800000000208e+02,8.935302900000000363e+02,6.792560799999999972e+02
2.825000000000000178e+00,2.333896699999999782e+03,1.926708499999999958e+03,1.543148200000000088e+03,1.044440299999999979e+03,9.370133899999999585e+02,9.525401100000000270e+02,8.924076499999999896e+02,6.778924899999999525e+02
2.830000000000000071e+00,2.330778499999999894e+03,1.923933299999999917e+03,1.540788999999999987e+03,1.043240900000000011e+03,9.353331299999999828e+02,9.508253700000000208e+02,8.911285299999999552e+02,6.765091300000000274e+02
2.834999999999999964e+00,2.328105100000000220e+03,1.921584700000000112e+03,1.538806000000000040e+03,1.042339199999999892e+03,9.337430399999999509e+02,9.491827799999999797e+02,8.899313600000000406e+02,6.752674799999999777e+02
2.839999999999999858e+00,2.325384700000000066e+03,1.919237399999999980e+03,1.536888500000000022e+03,1.041525699999999915e+03,9.322281299999999646e+02,9.475945299999999634e+02,8.885912200000000212e+02,6.739684200000000374e+02
2.845000000000000195e+00,2.322660100000000057e+03,1.916840500000000020e+03,1.534890499999999975e+03,1.041113800000000083e+03,9.309866200000000163e+02,9.461794099999999617e+02,8.872462500000000318e+02,6.727478200000000470e+02
2.850000000000000089e+00,2.319860700000000179e+03,1.914346800000000030e+03,1.532711600000000089e+03,1.040535200000000032e+03,9.293311099999999669e+02,9.443706799999999930e+02,8.855590200000000323e+02,6.713772800000000416e+02
2.854999999999999982e+00,2.317349400000000060e+03,1.912197799999999916e+03,1.530881800000000112e+03,1.040105499999999893e+03,9.277869500000000471e+02,9.426032000000000153e+02,8.838830900000000383e+02,6.700662700000000314e+02
2.859999999999999876e+00,2.314542800000000170e+03,1.909696099999999888e+03,1.528627799999999979e+03,1.039892100000000028e+03,9.263537999999999784e+02,9.409670700000000352e+02,8.823546599999999671e+02,6.688947399999999561e+02
2.865000000000000213e+00,2.312160499999999956e+03,1.907667899999999918e+03,1.526815499999999929e+03,1.039676899999999932e+03,9.248267499999999472e+02,9.392213299999999663e+02,8.809261699999999564e+02,6.678120999999999867e+02
2.870000000000000107e+00,2.309934699999999793e+03,1.905831400000000031e+03,1.525177400000000034e+03,1.039293599999999969e+03,9.231705699999999979e+02,9.373815499999999474e+02,8.794768299999999499e+02,6.667399199999999837e+02
2.875000000000000000e+00,2.307746200000000044e+03,1.904023500000000013e+03,1.523562400000000025e+03,1.038882599999999911e+03,9.215647000000000162e+02,9.357210999999999785e+02,8.781244500000000244e+02,6.660012799999999515e+02
2.879999999999999893e+00,2.305388199999999870e+03,1.902036399999999958e+03,1.521771600000000035e+03,1.038288099999999986e+03,9.198387800000000425e+02,9.339186399999999821e+02,8.765130400000000463e+02,6.651370299999999816e+02
2.884999999999999787e+00,2.303176399999999830e+03,1.900173600000000079e+03,1.520099899999999934e+03,1.037777199999999993e+03,9.181458400000000211e+02,9.322174199999999473e+02,8.750701900000000251e+02,6.646515699999999924e+02
2.890000000000000124e+00,2.300568299999999908e+03,1.897905500000000075e+03,1.518036499999999933e+03,1.036856500000000096e+03,9.161153500000000349e+02,9.301831700000000183e+02,8.733134000000000015e+02,6.639485399999999800e+02
2.895000000000000018e+00,2.297890800000000127e+03,1.895590099999999893e+03,1.515966100000000097e+03,1.036115399999999909e+03,9.141675300000000561e+02,9.281238600000000361e+02,8.715085199999999759e+02,6.631443900000000440e+02
2.899999999999999911e+00,2.295520700000000033e+03,1.893546199999999999e+03,1.514104199999999992e+03,1.035438000000000102e+03,9.123750900000000001e+02,9.263206800000000385e+02,8.700486799999999903e+02,6.628032699999999977e+02
2.904999999999999805e+00,2.293141700000000128e+03,1.891525399999999991e+03,1.512268499999999904e+03,1.034745400000000018e+03,9.105264300000000048e+02,9.243985500000000002e+02,8.684635700000000043e+02,6.624079299999999648e+02
2.910000000000000142e+00,2.290802700000000186e+03,1.889493899999999940e+03,1.510383599999999888e+03,1.033956300000000056e+03,9.085787900000000263e+02,9.224275999999999840e+02,8.668073699999999917e+02,6.620296499999999469e+02
2.915000000000000036e+00,2.288259500000000116e+03,1.887244099999999889e+03,1.508288000000000011e+03,1.033062400000000025e+03,9.065947099999999637e+02,9.204725399999999809e+02,8.650953700000000026e+02,6.616393299999999726e+02
2.919999999999999929e+00,2.286027399999999943e+03,1.885346399999999903e+03,1.506483099999999922e+03,1.032106999999999971e+03,9.043934900000000425e+02,9.181863399999999729e+02,8.632316600000000335e+02,6.613262499999999591e+02
2.924999999999999822e+00,2.283828700000000026e+03,1.883423000000000002e+03,1.504621200000000044e+03,1.030975100000000111e+03,9.018995800000000145e+02,9.153251699999999573e+02,8.609361099999999851e+02,6.607124099999999771e+02
2.930000000000000160e+00,2.281482599999999820e+03,1.881420599999999922e+03,1.502719499999999925e+03,1.029768600000000106e+03,8.998462600000000293e+02,9.131147499999999582e+02,8.591324499999999489e+02,6.606315100000000484e+02
2.935000000000000053e+00,2.279086099999999988e+03,1.879268900000000031e+03,1.500616700000000037e+03,1.028267700000000104e+03,8.978283800000000383e+02,9.116401299999999992e+02,8.572787499999999454e+02,6.604470800000000281e+02
2.939999999999999947e+00,2.276648200000000088e+03,1.877071099999999888e+03,1.498466100000000097e+03,1.026626999999999953e+03,8.956462099999999964e+02,9.095650900000000547e+02,8.552867999999999711e+02,6.602947000000000344e+02
2.944999999999999840e+00,2.274121700000000146e+03,1.874778499999999894e+03,1.496225599999999986e+03,1.024838400000000092e+03,8.934004700000000412e+02,9.072820000000000391e+02,8.532227500000000191e+02,6.601650799999999890e+02
2.950000000000000178e+00,2.271546899999999823e+03,1.872414600000000064e+03,1.493889799999999923e+03,1.022862200000000030e+03,8.909522200000000112e+02,9.048170199999999568e+02,8.510361900000000333e+02,6.600218200000000479e+02
2.955000000000000071e+00,2.268880200000000059e+03,1.869941499999999905e+03,1.491459399999999960e+03,1.020739199999999983e+03,8.885406199999999899e+02,9.023595199999999750e+02,8.488279199999999491e+02,6.598804900000000089e+02
2.959999999999999964e+00,2.266047799999999825e+03,1.867273699999999963e+03,1.488844700000000103e+03,1.018370599999999968e+03,8.860320400000000518e+02,8.998158300000000054e+02,8.466219099999999571e+02,6.598567199999999957e+02
2.964999999999999858e+00,2.263110999999999876e+03,1.864476699999999937e+03,1.486121499999999969e+03,1.015837099999999964e+03,8.832712299999999459e+02,8.971794800000000123e+02,8.444809800000000450e+02,6.600079899999999498e+02
2.970000000000000195e+00,2.260126600000000053e+03,1.861599799999999959e+03,1.483317000000000007e+03,1.013164200000000051e+03,8.804766200000000254e+02,8.945055200000000468e+02,8.422833000000000538e+02,6.601281800000000430e+02
2.975000000000000089e+00,2.257157799999999952e+03,1.858720399999999927e+03,1.480518299999999954e+03,1.010441400000000044e+03,8.778542400000000043e+02,8.918020699999999579e+02,8.400656500000000051e+02,6.602818099999999504e+02
2.979999999999999982e+00,2.254086099999999988e+03,1.855728499999999940e+03,1.477615800000000036e+03,1.007560500000000047e+03,8.752195400000000518e+02,8.891505899999999656e+02,8.379876199999999926e+02,6.605816899999999805e+02
2.984999999999999876e+00,2.251018000000000029e+03,1.852732099999999946e+03,1.474704400000000078e+03,1.004619000000000028e+03,8.725362499999999955e+02,8.865645600000000286e+02,8.361983699999999544e+02,6.613117799999999988e+02
2.990000000000000213e+00,2.247928499999999985e+03,1.849692399999999907e+03,1.471699299999999994e+03,1.001438700000000040e+03,8.690955999999999904e+02,8.836455200000000332e+02,8.342681199999999535e+02,6.619816200000000208e+02
2.995000000000000107e+00,2.244715099999999893e+03,1.846539399999999887e+03,1.468602599999999939e+03,9.981717099999999618e+02,8.669715099999999666e+02,8.807017700000000104e+02,8.320866399999999885e+02,6.622763800000000174e+02
3.000000000000000000e+00,2.241457199999999830e+03,1.843347099999999955e+03,1.465468000000000075e+03,9.948270899999999983e+02,8.640636600000000271e+02,8.776003899999999476e+02,8.301528700000000072e+02,6.629965899999999692e+02
3.004999999999999893e+00,2.238150599999999940e+03,1.840060799999999972e+03,1.462140200000000050e+03,9.910136099999999715e+02,8.610032300000000305e+02,8.742271799999999757e+02,8.275412900000000036e+02,6.624675600000000486e+02
3.009999999999999787e+00,2.234871799999999894e+03,1.836827399999999898e+03,1.458930499999999938e+03,9.874731299999999692e+02,8.582216499999999542e+02,8.712465600000000450e+02,8.257450300000000425e+02,6.630976799999999685e+02
3.015000000000000124e+00,2.231528499999999894e+03,1.833528800000000047e+03,1.455666500000000042e+03,9.838528499999999894e+02,8.551308299999999463e+02,8.680458999999999605e+02,8.237374499999999671e+02,6.634338699999999562e+02
3.020000000000000018e+00,2.228066800000000057e+03,1.830095600000000104e+03,1.452233999999999924e+03,9.799827699999999595e+02,8.518006599999999935e+02,8.648260199999999713e+02,8.219165199999999913e+02,6.640761599999999589e+02
3.024999999999999911e+00,2.224563700000000154e+03,1.826610100000000102e+03,1.448755100000000084e+03,9.760503899999999931e+02,8.485184299999999666e+02,8.617080499999999574e+02,8.202268400000000383e+02,6.648610700000000406e+02
3.029999999999999805e+00,2.220897599999999784e+03,1.822963400000000092e+03,1.445127899999999954e+03,9.719176499999999805e+02,8.450601100000000088e+02,8.584268399999999701e+02,8.184294300000000248e+02,6.656111600000000408e+02
3.035000000000000142e+00,2.217211400000000140e+03,1.819285300000000007e+03,1.441483199999999897e+03,9.677161099999999578e+02,8.416325600000000122e+02,8.551804499999999507e+02,8.167045500000000402e+02,6.665386399999999867e+02
3.040000000000000036e+00,2.213601299999999810e+03,1.815631200000000035e+03,1.437752300000000105e+03,9.633655300000000352e+02,8.380604299999999967e+02,8.517122000000000526e+02,8.144599600000000237e+02,6.661457599999999957e+02
3.044999999999999929e+00,2.209791700000000219e+03,1.811798099999999977e+03,1.433862599999999929e+03,9.587846899999999550e+02,8.343352300000000241e+02,8.481727600000000393e+02,8.122146400000000313e+02,6.658470800000000054e+02
3.049999999999999822e+00,2.205948400000000220e+03,1.807942600000000084e+03,1.429983199999999897e+03,9.542472199999999702e+02,8.307171899999999596e+02,8.448670399999999745e+02,8.104812200000000075e+02,6.665516800000000330e+02
3.055000000000000160e+00,2.202002700000000004e+03,1.803972600000000057e+03,1.426020700000000033e+03,9.496134100000000444e+02,8.268971099999999979e+02,8.412143499999999676e+02,8.079081899999999905e+02,6.652474399999999832e+02
3.060000000000000053e+00,2.198010900000000220e+03,1.799935799999999972e+03,1.421994599999999991e+03,9.449311699999999519e+02,8.233352099999999609e+02,8.383010900000000447e+02,8.069460400000000391e+02,6.672743400000000520e+02
3.064999999999999947e+00,2.193864799999999832e+03,1.795759900000000016e+03,1.417886099999999942e+03,9.402446800000000167e+02,8.196515299999999797e+02,8.351689499999999953e+02,8.054627000000000407e+02,6.679758699999999862e+02
3.069999999999999840e+00,2.189540199999999913e+03,1.791416099999999915e+03,1.413631000000000085e+03,9.355740500000000566e+02,8.158465999999999667e+02,8.319462899999999763e+02,8.037445000000000164e+02,6.680560600000000022e+02
3.075000000000000178e+00,2.185260099999999966e+03,1.787030799999999999e+03,1.409087399999999889e+03,9.297210700000000543e+02,8.118953599999999824e+02,8.286724799999999505e+02,8.020275799999999435e+02,6.683250799999999572e+02
3.080000000000000071e+00,2.181020599999999831e+03,1.782711199999999963e+03,1.404761500000000069e+03,9.246034100000000535e+02,8.078899499999999989e+02,8.253581500000000233e+02,8.002931499999999687e+02,6.685247799999999643e+02
3.084999999999999964e+00,2.176711600000000089e+03,1.778328199999999924e+03,1.400410599999999931e+03,9.195770999999999731e+02,8.038326700000000073e+02,8.220295399999999972e+02,7.985253599999999778e+02,6.685802099999999655e+02
3.089999999999999858e+00,2.172219900000000052e+03,1.773779099999999971e+03,1.395960499999999911e+03,9.146841299999999819e+02,7.997928699999999935e+02,8.187885599999999613e+02,7.968972899999999981e+02,6.689423399999999447e+02
3.095000000000000195e+00,2.167599999999999909e+03,1.769025799999999890e+03,1.391075599999999895e+03,9.090118999999999687e+02,7.955821999999999434e+02,8.154738700000000335e+02,7.951519799999999805e+02,6.690968500000000176e+02
3.100000000000000089e+00,2.163081000000000131e+03,1.764423399999999901e+03,1.386439900000000080e+03,9.036258800000000520e+02,7.913804699999999457e+02,8.121583900000000540e+02,7.933522699999999759e+02,6.689339099999999689e+02
3.104999999999999982e+00,2.158334499999999935e+03,1.759639400000000023e+03,1.381689200000000028e+03,8.982490199999999732e+02,7.871583799999999655e+02,8.088015799999999444e+02,7.915850000000000364e+02,6.694414500000000317e+02
3.109999999999999876e+00,2.153658300000000054e+03,1.754863000000000056e+03,1.376911100000000033e+03,8.928406599999999571e+02,7.829525599999999486e+02,8.055193500000000313e+02,7.900216799999999466e+02,6.711223400000000083e+02
3.115000000000000213e+00,2.148924500000000080e+03,1.750052599999999984e+03,1.372132200000000012e+03,8.874677599999999984e+02,7.787107999999999493e+02,8.021243200000000115e+02,7.880100099999999657e+02,6.712838199999999915e+02
3.120000000000000107e+00,2.143963999999999942e+03,1.744975400000000036e+03,1.366995499999999993e+03,8.816786600000000362e+02,7.743427900000000363e+02,7.986681200000000445e+02,7.859378600000000006e+02,6.714252000000000180e+02
3.125000000000000000e+00,2.138846599999999853e+03,1.739709100000000035e+03,1.361591300000000047e+03,8.755172300000000405e+02,7.699535399999999754e+02,7.953166499999999814e+02,7.841275900000000547e+02,6.721488100000000259e+02
3.129999999999999893e+00,2.133757799999999861e+03,1.734490999999999985e+03,1.356290700000000015e+03,8.694500799999999572e+02,7.655466000000000122e+02,7.918568900000000212e+02,7.819458100000000513e+02,6.721973699999999781e+02
3.134999999999999787e+00,2.128909299999999803e+03,1.729576700000000073e+03,1.351406099999999924e+03,8.638257599999999456e+02,7.613221399999999903e+02,7.886079899999999725e+02,7.801865699999999606e+02,6.742563099999999849e+02
3.140000000000000124e+00,2.123975399999999809e+03,1.724554499999999962e+03,1.346400100000000066e+03,8.580867600000000266e+02,7.570491799999999785e+02,7.852734199999999873e+02,7.781116799999999785e+02,6.753468900000000303e+02
3.145000000000000018e+00,2.118729200000000219e+03,1.719175400000000081e+03,1.340978000000000065e+03,8.519146299999999883e+02,7.525924499999999853e+02,7.817422199999999748e+02,7.754623000000000275e+02,6.745303699999999480e+02
3.148750000000000160e+00,2.114367400000000089e+03,1.712866500000000087e+03,1.342310099999999920e+03,8.287737100000000510e+02,7.530059400000000096e+02,7.803522799999999506e+02,7.757171399999999721e+02,6.583889699999999721e+02
3.152499999999999858e+00,2.109859699999999975e+03,1.707865600000000086e+03,1.338368300000000090e+03,8.242376900000000433e+02,7.499719000000000051e+02,7.780065899999999601e+02,7.749789299999999912e+02,6.592857500000000073e+02
3.156250000000000000e+00,2.105782700000000204e+03,1.703363499999999931e+03,1.334175199999999904e+03,8.218999499999999898e+02,7.464566999999999553e+02,7.753089999999999691e+02,7.737044399999999769e+02,6.612214999999999918e+02
3.160000000000000142e+00,2.101818600000000060e+03,1.699027800000000070e+03,1.329892000000000053e+03,8.191761400000000322e+02,7.428347599999999602e+02,7.724069299999999885e+02,7.718834799999999632e+02,6.620960800000000290e+02
3.164000000000000146e+00,2.097735700000000179e+03,1.695158599999999979e+03,1.323959200000000010e+03,8.198688200000000279e+02,7.381572499999999764e+02,7.691158500000000231e+02,7.692317399999999452e+02,6.658210900000000265e+02
3.168000000000000149e+00,2.093708099999999831e+03,1.690967399999999998e+03,1.319326000000000022e+03,8.159640699999999924e+02,7.343563400000000456e+02,7.660856599999999617e+02,7.668435600000000250e+02,6.657489699999999857e+02
3.172000000000000153e+00,2.089385499999999865e+03,1.686479599999999891e+03,1.314502199999999903e+03,8.109756700000000365e+02,7.306599800000000187e+02,7.631259400000000142e+02,7.644491000000000440e+02,6.650806599999999662e+02
3.176000000000000156e+00,2.085175499999999829e+03,1.682147699999999986e+03,1.309905700000000024e+03,8.060525999999999840e+02,7.270613799999999856e+02,7.602500000000000000e+02,7.621034100000000535e+02,6.643701999999999543e+02
3.180000000000000160e+00,2.080909700000000157e+03,1.677782999999999902e+03,1.305319500000000062e+03,8.011055400000000191e+02,7.234951300000000174e+02,7.573845099999999775e+02,7.597323699999999462e+02,6.635818900000000440e+02
3.183333300000000143e+00,2.077064100000000053e+03,1.672223700000000008e+03,1.305428900000000112e+03,7.842396800000000212e+02,7.232129200000000537e+02,7.558522900000000391e+02,7.594916100000000370e+02,6.539650199999999813e+02
3.186666699999999963e+00,2.072958799999999883e+03,1.667788299999999936e+03,1.301631599999999935e+03,7.800833099999999831e+02,7.203886400000000094e+02,7.534891099999999824e+02,7.579100700000000188e+02,6.532981499999999642e+02
3.189999999999999947e+00,2.069339500000000044e+03,1.663918400000000020e+03,1.297781899999999951e+03,7.774997799999999870e+02,7.173277500000000373e+02,7.510117299999999432e+02,7.562229099999999562e+02,6.537922600000000557e+02
3.193333299999999930e+00,2.065664099999999962e+03,1.660061999999999898e+03,1.293831500000000005e+03,7.746309499999999844e+02,7.141735300000000279e+02,7.484426600000000462e+02,7.542771699999999555e+02,6.538933899999999539e+02
3.196666700000000194e+00,2.062036599999999908e+03,1.656292899999999918e+03,1.289880400000000009e+03,7.714011000000000422e+02,7.110465599999999995e+02,7.458544799999999668e+02,7.522236799999999448e+02,6.537379499999999553e+02
3.200000000000000178e+00,2.058551699999999983e+03,1.652694099999999935e+03,1.286027599999999893e+03,7.679503499999999576e+02,7.079553600000000415e+02,7.432816599999999880e+02,7.500993399999999838e+02,6.533700499999999920e+02
3.203333300000000161e+00,2.054828500000000076e+03,1.648868999999999915e+03,1.281902000000000044e+03,7.639501000000000204e+02,7.048038500000000113e+02,7.406471000000000231e+02,7.478514300000000503e+02,6.527536099999999806e+02
3.206666699999999981e+00,2.051051300000000083e+03,1.645010199999999941e+03,1.277754500000000007e+03,7.599396900000000414e+02,7.016942999999999984e+02,7.379778800000000274e+02,7.454538900000000012e+02,6.518092900000000327e+02
3.209999999999999964e+00,2.047089500000000044e+03,1.640966400000000021e+03,1.273430800000000090e+03,7.560808799999999792e+02,6.986473200000000361e+02,7.352900899999999638e+02,7.429695000000000391e+02,6.506151999999999589e+02
3.213333299999999948e+00,2.043379899999999907e+03,1.637214400000000069e+03,1.269380599999999959e+03,7.520401900000000524e+02,6.956327199999999493e+02,7.326880099999999629e+02,7.406354400000000169e+02,6.496917799999999943e+02
3.216666700000000212e+00,2.039563799999999901e+03,1.633384000000000015e+03,1.265299400000000105e+03,7.481334699999999884e+02,6.926396099999999478e+02,7.300527399999999716e+02,7.382591800000000148e+02,6.486909500000000435e+02
3.220000000000000195e+00,2.035768000000000029e+03,1.629573599999999942e+03,1.261225500000000011e+03,7.442618199999999433e+02,6.896779999999999973e+02,7.274059700000000248e+02,7.358404399999999441e+02,6.475963699999999790e+02
3.223333300000000179e+00,2.032008700000000090e+03,1.625846099999999979e+03,1.257270999999999958e+03,7.400436899999999696e+02,6.866147099999999455e+02,7.246902700000000550e+02,7.333784000000000560e+02,6.464123700000000099e+02
3.226666699999999999e+00,2.028183899999999994e+03,1.622022200000000112e+03,1.253207900000000109e+03,7.358025000000000091e+02,6.835623900000000503e+02,7.219598600000000488e+02,7.308938100000000304e+02,6.451822399999999789e+02
3.229999999999999982e+00,2.024309700000000021e+03,1.618150100000000066e+03,1.249126500000000078e+03,7.315557199999999511e+02,6.803949800000000323e+02,7.191227699999999459e+02,7.283070099999999911e+02,6.437751700000000028e+02
3.233333299999999966e+00,2.020385999999999967e+03,1.614221600000000080e+03,1.244996100000000069e+03,7.272021899999999732e+02,6.772151199999999562e+02,7.162440599999999904e+02,7.256605100000000448e+02,6.422393200000000206e+02
3.236666699999999786e+00,2.016487599999999929e+03,1.610314800000000105e+03,1.240897699999999986e+03,7.228374400000000151e+02,6.739987599999999475e+02,7.133426600000000235e+02,7.230349999999999682e+02,6.408001400000000558e+02
3.240000000000000213e+00,2.012626400000000103e+03,1.606453400000000101e+03,1.236864600000000110e+03,7.185209300000000212e+02,6.707508400000000393e+02,7.103405699999999570e+02,7.202055400000000418e+02,6.389514799999999468e+02
3.243333300000000197e+00,2.008749199999999973e+03,1.602575800000000072e+03,1.232835700000000088e+03,7.142104299999999739e+02,6.674804199999999810e+02,7.073023500000000467e+02,7.173387699999999541e+02,6.370400300000000016e+02
3.246666700000000017e+00,2.004875199999999950e+03,1.598697400000000016e+03,1.228818700000000035e+03,7.099131099999999606e+02,6.642235899999999447e+02,7.043081499999999551e+02,7.146249800000000505e+02,6.353968800000000101e+02
3.250000000000000000e+00,2.000878999999999905e+03,1.594680499999999938e+03,1.224662100000000009e+03,7.054862399999999525e+02,6.609068200000000388e+02,7.012895800000000008e+02,7.120102699999999913e+02,6.339948299999999790e+02
3.253333299999999983e+00,1.996982299999999896e+03,1.590754200000000083e+03,1.220594499999999925e+03,7.011233700000000226e+02,6.575729900000000043e+02,6.982136199999999917e+02,7.092802599999999984e+02,6.323180999999999585e+02
3.256666699999999803e+00,1.993085299999999961e+03,1.586856199999999944e+03,1.216598999999999933e+03,6.968432599999999866e+02,6.542328400000000101e+02,6.951022400000000516e+02,7.064903500000000349e+02,6.305250499999999647e+02
3.259999999999999787e+00,1.989193899999999985e+03,1.582961900000000014e+03,1.212621200000000044e+03,6.925894399999999678e+02,6.508826900000000251e+02,6.919882800000000316e+02,7.037272400000000516e+02,6.288206199999999626e+02
3.263333300000000214e+00,1.985295200000000023e+03,1.579058099999999968e+03,1.208633299999999963e+03,6.883253300000000081e+02,6.474888799999999947e+02,6.888259799999999586e+02,7.009039599999999837e+02,6.270108199999999670e+02
3.266666700000000034e+00,1.981306000000000040e+03,1.575026499999999942e+03,1.204489299999999957e+03,6.839097100000000182e+02,6.440145899999999983e+02,6.855954100000000153e+02,6.980325400000000400e+02,6.251865199999999732e+02
3.270000000000000018e+00,1.977430499999999938e+03,1.571115999999999985e+03,1.200478399999999965e+03,6.796153799999999592e+02,6.405320199999999886e+02,6.823255799999999454e+02,6.951020499999999629e+02,6.232499699999999621e+02
3.273333300000000001e+00,1.973518800000000056e+03,1.567174299999999903e+03,1.196450199999999995e+03,6.753147800000000416e+02,6.370129600000000210e+02,6.790107600000000048e+02,6.921175399999999627e+02,6.212405800000000227e+02
3.276666699999999821e+00,1.969602799999999888e+03,1.563218000000000075e+03,1.192403900000000021e+03,6.710038899999999558e+02,6.334580999999999449e+02,6.756512199999999666e+02,6.890924099999999726e+02,6.191855000000000473e+02
3.279999999999999805e+00,1.965690700000000106e+03,1.559267700000000104e+03,1.188369799999999941e+03,6.667005299999999579e+02,6.298639699999999948e+02,6.722588700000000017e+02,6.860375599999999849e+02,6.170979300000000194e+02
3.283333299999999788e+00,1.961769900000000007e+03,1.555300700000000006e+03,1.184314000000000078e+03,6.623898400000000493e+02,6.262267399999999498e+02,6.688121200000000499e+02,6.829319500000000289e+02,6.149683099999999740e+02
3.286666700000000052e+00,1.957844299999999976e+03,1.551328500000000076e+03,1.180253300000000081e+03,6.580820099999999684e+02,6.225420900000000302e+02,6.653104600000000346e+02,6.797960799999999608e+02,6.128199600000000373e+02
3.290000000000000036e+00,1.953995499999999993e+03,1.547432999999999993e+03,1.176270500000000084e+03,6.538453799999999774e+02,6.188075499999999920e+02,6.616972399999999652e+02,6.765800000000000409e+02,6.106029300000000148e+02
3.293333300000000019e+00,1.950071200000000090e+03,1.543452099999999973e+03,1.172199399999999969e+03,6.495262500000000045e+02,6.150185699999999542e+02,6.580328100000000404e+02,6.733213600000000270e+02,6.083399600000000191e+02
3.296666699999999839e+00,1.946129300000000057e+03,1.539458399999999983e+03,1.168118500000000040e+03,6.452007200000000466e+02,6.111995699999999943e+02,6.543245699999999943e+02,6.700324699999999893e+02,6.060400100000000521e+02
3.299999999999999822e+00,1.942216100000000097e+03,1.535485400000000027e+03,1.164053900000000112e+03,6.408868800000000192e+02,6.073657100000000355e+02,6.505889100000000553e+02,6.667187999999999874e+02,6.036934300000000349e+02
3.303333299999999806e+00,1.938252199999999903e+03,1.531468200000000024e+03,1.159953600000000051e+03,6.365463300000000118e+02,6.035047600000000330e+02,6.468184199999999464e+02,6.633775100000000293e+02,6.013021300000000338e+02
3.306666700000000070e+00,1.934315399999999954e+03,1.527466799999999921e+03,1.155861100000000079e+03,6.322081799999999703e+02,5.996326999999999998e+02,6.430327800000000025e+02,6.600263099999999667e+02,5.989061199999999872e+02
3.310000000000000053e+00,1.930418599999999969e+03,1.523498399999999947e+03,1.151792799999999943e+03,6.278824799999999868e+02,5.957263500000000249e+02,6.391971200000000408e+02,6.566282800000000179e+02,5.964714400000000296e+02
3.313333300000000037e+00,1.926497399999999971e+03,1.519510199999999941e+03,1.147714300000000094e+03,6.235522999999999456e+02,5.918129300000000512e+02,6.353548600000000306e+02,6.532374399999999923e+02,5.940347799999999552e+02
3.316666699999999857e+00,1.922586800000000039e+03,1.515529999999999973e+03,1.143640200000000050e+03,6.192206599999999526e+02,5.878650300000000470e+02,6.314594899999999598e+02,6.497702399999999443e+02,5.915214700000000221e+02
3.319999999999999840e+00,1.918696999999999889e+03,1.511569600000000037e+03,1.139586299999999937e+03,6.149083600000000160e+02,5.839167099999999664e+02,6.275574000000000296e+02,6.463171200000000454e+02,5.890158199999999624e+02
3.323333299999999824e+00,1.914693099999999959e+03,1.507499299999999948e+03,1.135431100000000015e+03,6.105120100000000321e+02,5.799233600000000024e+02,6.236072000000000344e+02,6.428065599999999904e+02,5.864750999999999976e+02
3.326666700000000088e+00,1.910730000000000018e+03,1.503469299999999976e+03,1.131315200000000004e+03,6.061484299999999621e+02,5.759163300000000163e+02,6.196182599999999638e+02,6.392429899999999634e+02,5.838984900000000380e+02
3.330000000000000071e+00,1.906787499999999909e+03,1.499461299999999937e+03,1.127221999999999980e+03,6.018002199999999675e+02,5.718841300000000274e+02,6.155760500000000093e+02,6.355903499999999440e+02,5.812409800000000359e+02
3.333333300000000055e+00,1.902860300000000052e+03,1.495459399999999960e+03,1.123129500000000007e+03,5.974518399999999474e+02,5.678382400000000416e+02,6.115082999999999629e+02,6.319214899999999489e+02,5.785747300000000450e+02
3.336666699999999874e+00,1.898897899999999936e+03,1.491425799999999981e+03,1.119010399999999890e+03,5.930913600000000088e+02,5.637822300000000268e+02,6.074349300000000085e+02,6.282566600000000108e+02,5.759244999999999663e+02
3.339999999999999858e+00,1.894910200000000032e+03,1.487361699999999928e+03,1.114853599999999915e+03,5.887147300000000314e+02,5.597083099999999831e+02,6.033569899999999961e+02,6.246000699999999597e+02,5.732901799999999639e+02
3.342857099999999804e+00,1.891884600000000091e+03,1.482552400000000034e+03,1.115711600000000089e+03,5.732449100000000044e+02,5.596236099999999851e+02,6.014248099999999795e+02,6.235186099999999669e+02,5.669149200000000519e+02
3.345714300000000030e+00,1.888171800000000076e+03,1.478506599999999935e+03,1.112304200000000037e+03,5.696898300000000290e+02,5.562316299999999956e+02,5.977792200000000093e+02,6.204856300000000147e+02,5.644449700000000121e+02
3.348571399999999976e+00,1.884965200000000095e+03,1.475070899999999938e+03,1.108895999999999958e+03,5.676499800000000278e+02,5.524561499999999796e+02,5.939769400000000132e+02,6.172854899999999816e+02,5.624448200000000497e+02
3.351428600000000202e+00,1.881727200000000039e+03,1.471659900000000107e+03,1.105405600000000049e+03,5.654044499999999971e+02,5.486005199999999604e+02,5.901186199999999644e+02,6.139708799999999655e+02,5.603196799999999484e+02
3.354285700000000148e+00,1.878290600000000040e+03,1.468072100000000091e+03,1.101649699999999939e+03,5.626522599999999557e+02,5.447293499999999540e+02,5.863490799999999581e+02,6.107057600000000548e+02,5.581697900000000345e+02
3.357142899999999930e+00,1.875111300000000028e+03,1.464773400000000038e+03,1.098111900000000105e+03,5.598230800000000045e+02,5.409276399999999967e+02,5.826406200000000126e+02,6.074516800000000103e+02,5.559456699999999501e+02
3.359999999999999876e+00,1.871796199999999999e+03,1.461384700000000066e+03,1.094494200000000092e+03,5.567804399999999987e+02,5.371031699999999773e+02,5.789375199999999495e+02,6.041879300000000512e+02,5.536552599999999984e+02
3.362857099999999821e+00,1.868544599999999946e+03,1.458077099999999973e+03,1.090933899999999994e+03,5.536619600000000219e+02,5.333308399999999665e+02,5.753059399999999641e+02,6.009805199999999559e+02,5.513740000000000236e+02
3.365714300000000048e+00,1.865278700000000072e+03,1.454772500000000036e+03,1.087376500000000078e+03,5.504580200000000332e+02,5.295675199999999450e+02,5.716963200000000143e+02,5.977798699999999599e+02,5.490604399999999714e+02
3.368571399999999993e+00,1.861949000000000069e+03,1.451437100000000100e+03,1.083810999999999922e+03,5.471889700000000403e+02,5.258203700000000254e+02,5.681159900000000107e+02,5.945848499999999603e+02,5.467068199999999933e+02
3.371428600000000220e+00,1.858684999999999945e+03,1.448167899999999918e+03,1.080300600000000031e+03,5.438945099999999684e+02,5.221052799999999934e+02,5.645605500000000347e+02,5.913930699999999661e+02,5.443177100000000337e+02
3.374285700000000165e+00,1.855326800000000048e+03,1.444829400000000078e+03,1.076748700000000099e+03,5.405324799999999641e+02,5.184113499999999704e+02,5.610388100000000122e+02,5.882438300000000027e+02,5.419826100000000224e+02
3.377142899999999948e+00,1.852025399999999991e+03,1.441543499999999995e+03,1.073250700000000052e+03,5.371701699999999846e+02,5.147385299999999688e+02,5.575457499999999982e+02,5.851089799999999741e+02,5.396240699999999606e+02
3.379999999999999893e+00,1.848651299999999992e+03,1.438182700000000068e+03,1.069683299999999917e+03,5.337312699999999950e+02,5.110438899999999762e+02,5.540328899999999521e+02,5.819549700000000030e+02,5.372332099999999855e+02
3.382857099999999839e+00,1.845312699999999950e+03,1.434868999999999915e+03,1.066184700000000021e+03,5.303320999999999685e+02,5.073821199999999862e+02,5.505721099999999524e+02,5.788679300000000012e+02,5.349307099999999764e+02
3.385714300000000065e+00,1.841958200000000033e+03,1.431538500000000113e+03,1.062674500000000080e+03,5.269025299999999561e+02,5.037281800000000089e+02,5.471118000000000166e+02,5.757693799999999555e+02,5.325811300000000301e+02
3.388571400000000011e+00,1.838676099999999906e+03,1.428278700000000072e+03,1.059234799999999950e+03,5.235028399999999920e+02,5.000910000000000082e+02,5.436631399999999985e+02,5.726734699999999521e+02,5.302103799999999865e+02
3.391428599999999793e+00,1.835317900000000009e+03,1.424946899999999914e+03,1.055740000000000009e+03,5.200525099999999838e+02,4.964662200000000212e+02,5.402255099999999857e+02,5.695872399999999516e+02,5.278404100000000199e+02
3.394285700000000183e+00,1.831950299999999970e+03,1.421610300000000052e+03,1.052252500000000055e+03,5.166000500000000102e+02,4.928607400000000212e+02,5.368011900000000196e+02,5.665109300000000303e+02,5.254677100000000110e+02
3.397142899999999965e+00,1.828594000000000051e+03,1.418288199999999961e+03,1.048789299999999912e+03,5.131558300000000372e+02,4.892695400000000063e+02,5.333809300000000349e+02,5.634368200000000115e+02,5.230912399999999707e+02
3.399999999999999911e+00,1.825229700000000093e+03,1.414972099999999955e+03,1.045359899999999925e+03,5.097389800000000264e+02,4.857236100000000079e+02,5.299973999999999705e+02,5.603986800000000130e+02,5.207505200000000514e+02
3.403333299999999895e+00,1.820978299999999990e+03,1.412490800000000036e+03,1.037201000000000022e+03,5.161056099999999560e+02,4.786163500000000113e+02,5.247507399999999507e+02,5.549320999999999913e+02,5.210129500000000462e+02
3.406666700000000159e+00,1.817483400000000074e+03,1.409240199999999959e+03,1.033136799999999994e+03,5.120810599999999795e+02,4.743983000000000061e+02,5.208789600000000064e+02,5.512299400000000560e+02,5.183208200000000261e+02
3.410000000000000142e+00,1.813641900000000078e+03,1.405529700000000048e+03,1.029183399999999892e+03,5.067457499999999868e+02,4.705160399999999754e+02,5.171886899999999514e+02,5.477239600000000337e+02,5.152668599999999515e+02
3.413333300000000126e+00,1.809703500000000076e+03,1.401711800000000039e+03,1.025275699999999915e+03,5.015888800000000174e+02,4.667089100000000030e+02,5.135163199999999506e+02,5.442690199999999550e+02,5.122473099999999704e+02
3.416666699999999945e+00,1.805835199999999986e+03,1.397954999999999927e+03,1.021526799999999980e+03,4.968126500000000192e+02,4.629178800000000251e+02,5.098256299999999896e+02,5.408215699999999515e+02,5.092613000000000056e+02
3.419999999999999929e+00,1.801640499999999975e+03,1.393794599999999946e+03,1.017487100000000055e+03,4.920790700000000015e+02,4.591027300000000082e+02,5.061039400000000228e+02,5.373825199999999995e+02,5.063360200000000191e+02
3.423999999999999932e+00,1.796520099999999957e+03,1.390368699999999990e+03,1.008590799999999945e+03,4.978464599999999791e+02,4.514789299999999912e+02,5.001598000000000184e+02,5.312506300000000010e+02,5.057912699999999973e+02
3.427999999999999936e+00,1.792143399999999929e+03,1.386217200000000048e+03,1.003753400000000056e+03,4.924898800000000278e+02,4.467326499999999783e+02,4.957042099999999891e+02,5.269333199999999806e+02,5.023785599999999931e+02
3.431999999999999940e+00,1.787698799999999892e+03,1.381991099999999960e+03,9.996556199999999990e+02,4.861571599999999762e+02,4.424378800000000069e+02,4.914709399999999846e+02,5.228387199999999666e+02,4.986492999999999824e+02
3.435999999999999943e+00,1.783046900000000051e+03,1.377571500000000015e+03,9.956098399999999629e+02,4.801179000000000201e+02,4.382422100000000000e+02,4.872314600000000269e+02,5.187876800000000230e+02,4.949654199999999946e+02
3.439999999999999947e+00,1.778568400000000111e+03,1.373047399999999925e+03,9.912085700000000088e+02,4.742953200000000038e+02,4.341130800000000249e+02,4.829994599999999991e+02,5.147666900000000396e+02,4.913638100000000009e+02
3.443999999999999950e+00,1.773866899999999987e+03,1.368318199999999933e+03,9.866644000000000005e+02,4.686878300000000195e+02,4.300077900000000000e+02,4.787409700000000043e+02,5.107755000000000223e+02,4.878953900000000203e+02
3.447999999999999954e+00,1.769092599999999948e+03,1.363514200000000073e+03,9.820704200000000128e+02,4.632582199999999943e+02,4.259091599999999858e+02,4.744266900000000078e+02,5.067613000000000056e+02,4.844130200000000173e+02
3.451999999999999957e+00,1.764478399999999965e+03,1.358864199999999983e+03,9.776200999999999794e+02,4.580776999999999930e+02,4.218295499999999834e+02,4.700827600000000075e+02,5.027363500000000158e+02,4.809410799999999995e+02
3.455999999999999961e+00,1.759658200000000079e+03,1.353898300000000063e+03,9.730168400000000020e+02,4.529546900000000278e+02,4.177795199999999909e+02,4.657431300000000078e+02,4.987467199999999821e+02,4.775751799999999889e+02
3.459999999999999964e+00,1.755071899999999914e+03,1.349224600000000009e+03,9.685623900000000503e+02,4.479848200000000134e+02,4.137770499999999743e+02,4.614080400000000282e+02,4.947381199999999808e+02,4.741482599999999934e+02
3.464999999999999858e+00,1.748920499999999947e+03,1.344609699999999975e+03,9.582108699999999999e+02,4.543986199999999940e+02,4.059427000000000021e+02,4.545321299999999951e+02,4.876206700000000183e+02,4.725812999999999988e+02
3.470000000000000195e+00,1.743758599999999888e+03,1.339662700000000086e+03,9.527843199999999797e+02,4.482591499999999769e+02,4.009246600000000171e+02,4.491558400000000120e+02,4.824058999999999742e+02,4.682982999999999834e+02
3.475000000000000089e+00,1.738357999999999947e+03,1.334386199999999917e+03,9.476368599999999560e+02,4.406913599999999747e+02,3.963282699999999750e+02,4.440656700000000114e+02,4.774652300000000196e+02,4.636932400000000030e+02
3.479999999999999982e+00,1.732821899999999914e+03,1.328912499999999909e+03,9.424505000000000337e+02,4.334834900000000175e+02,3.921309099999999717e+02,4.391744800000000168e+02,4.727040200000000141e+02,4.592089899999999716e+02
3.484999999999999876e+00,1.727255499999999984e+03,1.323340500000000020e+03,9.372217000000000553e+02,4.266309699999999907e+02,3.875176299999999969e+02,4.341267199999999775e+02,4.678816199999999981e+02,4.547468400000000202e+02
3.490000000000000213e+00,1.721657899999999927e+03,1.317670100000000048e+03,9.320742900000000191e+02,4.201796299999999746e+02,3.828539499999999975e+02,4.290534499999999980e+02,4.630853000000000179e+02,4.503429800000000114e+02
3.495000000000000107e+00,1.716319500000000062e+03,1.312346600000000080e+03,9.269886500000000069e+02,4.140319499999999948e+02,3.780996900000000096e+02,4.239493200000000002e+02,4.582898200000000202e+02,4.459572699999999941e+02
3.500000000000000000e+00,1.710951199999999972e+03,1.306865399999999909e+03,9.216458999999999833e+02,4.080581399999999803e+02,3.733690799999999967e+02,4.188680100000000266e+02,4.534831199999999853e+02,4.416039299999999912e+02
3.504999999999999893e+00,1.705691800000000057e+03,1.301511099999999942e+03,9.165789300000000139e+02,4.023453600000000279e+02,3.686772000000000276e+02,4.138369299999999953e+02,4.487128299999999967e+02,4.372867400000000089e+02
3.509999999999999787e+00,1.700298700000000053e+03,1.296003799999999956e+03,9.114210399999999481e+02,3.967102499999999736e+02,3.640161100000000260e+02,4.088693499999999972e+02,4.439834599999999796e+02,4.329897799999999961e+02
3.515000000000000124e+00,1.695099300000000085e+03,1.290692900000000009e+03,9.064010200000000168e+02,3.912531999999999925e+02,3.593784099999999739e+02,4.039449500000000057e+02,4.392935400000000072e+02,4.287079499999999825e+02
3.520000000000000018e+00,1.690027100000000019e+03,1.285522200000000112e+03,9.015067599999999857e+02,3.859451799999999935e+02,3.547757599999999911e+02,3.990993100000000027e+02,4.346601099999999747e+02,4.244513799999999719e+02
3.526666699999999821e+00,1.682670599999999922e+03,1.279740900000000011e+03,8.892822599999999511e+02,3.934752100000000041e+02,3.460442899999999895e+02,3.913888000000000034e+02,4.264068199999999820e+02,4.212604799999999727e+02
3.533333299999999788e+00,1.676608799999999974e+03,1.273910900000000083e+03,8.829532400000000507e+02,3.861960000000000264e+02,3.399872899999999731e+02,3.851390999999999849e+02,4.197640799999999786e+02,4.152932999999999879e+02
3.540000000000000036e+00,1.670562899999999900e+03,1.268005300000000034e+03,8.771938900000000103e+02,3.775348999999999933e+02,3.340251799999999776e+02,3.788643799999999828e+02,4.136414100000000076e+02,4.093194700000000239e+02
3.544999999999999929e+00,1.667039199999999937e+03,1.262980399999999918e+03,8.794238400000000411e+02,3.550066299999999728e+02,3.323120299999999929e+02,3.754268700000000081e+02,4.112900399999999763e+02,4.023410000000000082e+02
3.549999999999999822e+00,1.661711700000000064e+03,1.257298099999999977e+03,8.748981300000000374e+02,3.498901200000000244e+02,3.280062599999999975e+02,3.705083799999999883e+02,4.075074700000000121e+02,3.982901200000000017e+02
3.555000000000000160e+00,1.656372499999999945e+03,1.251654999999999973e+03,8.697699000000000069e+02,3.467785900000000083e+02,3.235554500000000075e+02,3.654293200000000184e+02,4.032013000000000034e+02,3.943251500000000078e+02
3.560000000000000053e+00,1.651569500000000062e+03,1.246634499999999889e+03,8.650546100000000251e+02,3.435850199999999859e+02,3.190584499999999935e+02,3.602808099999999740e+02,3.986766700000000014e+02,3.902412100000000237e+02
3.564999999999999947e+00,1.647254799999999932e+03,1.242009999999999991e+03,8.605653899999999794e+02,3.400802800000000161e+02,3.146228600000000029e+02,3.552153900000000135e+02,3.942004999999999768e+02,3.861470100000000230e+02
3.569999999999999840e+00,1.642870400000000018e+03,1.237440299999999979e+03,8.560669299999999566e+02,3.363164800000000128e+02,3.102109100000000126e+02,3.502108799999999746e+02,3.897768300000000181e+02,3.820189899999999739e+02
3.575000000000000178e+00,1.638534599999999955e+03,1.232966799999999921e+03,8.516165099999999484e+02,3.324350900000000024e+02,3.058328500000000076e+02,3.452598100000000159e+02,3.854559800000000109e+02,3.779236000000000217e+02
3.580000000000000071e+00,1.634240500000000111e+03,1.228579999999999927e+03,8.472308000000000447e+02,3.285188200000000052e+02,3.014675599999999918e+02,3.403157499999999800e+02,3.812116500000000201e+02,3.738591599999999744e+02
3.584999999999999964e+00,1.629937599999999975e+03,1.224232899999999972e+03,8.428816600000000108e+02,3.245871000000000208e+02,2.971066099999999892e+02,3.353215900000000147e+02,3.768042500000000246e+02,3.697883199999999988e+02
3.589999999999999858e+00,1.625740600000000086e+03,1.219983099999999922e+03,8.386038399999999911e+02,3.206900600000000168e+02,2.927690999999999804e+02,3.303414399999999773e+02,3.722581999999999880e+02,3.656823299999999790e+02
3.595000000000000195e+00,1.621596500000000106e+03,1.215800700000000006e+03,8.343829399999999623e+02,3.168425199999999791e+02,2.884643100000000118e+02,3.254248999999999796e+02,3.677311900000000264e+02,3.616230300000000284e+02
3.600000000000000089e+00,1.617507299999999987e+03,1.211695400000000063e+03,8.302424700000000257e+02,3.130667100000000005e+02,2.841700500000000034e+02,3.205725299999999720e+02,3.632457800000000248e+02,3.576236400000000231e+02
3.604999999999999982e+00,1.613475400000000036e+03,1.207650000000000091e+03,8.261602599999999939e+02,3.093614400000000160e+02,2.798802600000000211e+02,3.157866099999999960e+02,3.588154700000000048e+02,3.537028799999999933e+02
3.609999999999999876e+00,1.609634900000000016e+03,1.203828199999999924e+03,8.223269800000000487e+02,3.058809800000000223e+02,2.755735300000000052e+02,3.110550600000000259e+02,3.544313500000000090e+02,3.498449899999999957e+02
3.615000000000000213e+00,1.605717300000000023e+03,1.199933199999999943e+03,8.184254200000000310e+02,3.023844199999999773e+02,2.712659899999999880e+02,3.063945600000000127e+02,3.500887500000000045e+02,3.460279300000000262e+02
3.620000000000000107e+00,1.601983899999999949e+03,1.196222400000000107e+03,8.146935999999999467e+02,2.990618600000000242e+02,2.669507600000000025e+02,3.017876999999999725e+02,3.457709199999999896e+02,3.422567599999999857e+02
3.625000000000000000e+00,1.598180699999999888e+03,1.192451800000000048e+03,8.109447099999999864e+02,2.958033899999999790e+02,2.626691900000000146e+02,2.972510899999999765e+02,3.414758699999999862e+02,3.385257100000000037e+02
3.629999999999999893e+00,1.594430699999999888e+03,1.188761999999999944e+03,8.072992600000000039e+02,2.926630999999999858e+02,2.583762199999999893e+02,2.927681600000000230e+02,3.371918099999999754e+02,3.349064399999999750e+02
3.634999999999999787e+00,1.590688400000000001e+03,1.185108600000000024e+03,8.037240500000000338e+02,2.896019900000000007e+02,2.541010200000000054e+02,2.883735699999999724e+02,3.328594600000000128e+02,3.311694499999999834e+02
3.640000000000000124e+00,1.587066800000000057e+03,1.181566900000000032e+03,8.002529600000000300e+02,2.866553499999999985e+02,2.497842300000000080e+02,2.839971699999999828e+02,3.284871600000000171e+02,3.272289999999999850e+02
3.646666699999999928e+00,1.581518600000000106e+03,1.178239299999999957e+03,7.902122299999999768e+02,2.975119900000000257e+02,2.420816499999999962e+02,2.781411800000000198e+02,3.216268400000000156e+02,3.248850699999999847e+02
3.653333299999999895e+00,1.577035300000000007e+03,1.174218100000000049e+03,7.855833099999999831e+02,2.930969099999999798e+02,2.361206500000000119e+02,2.727008999999999901e+02,3.159704899999999839e+02,3.197564300000000230e+02
3.660000000000000142e+00,1.572829400000000078e+03,1.170324200000000019e+03,7.817668999999999642e+02,2.873916899999999828e+02,2.304268299999999954e+02,2.674286900000000173e+02,3.104748700000000099e+02,3.145825899999999820e+02
3.666666699999999945e+00,1.568215099999999893e+03,1.165958499999999958e+03,7.776659399999999778e+02,2.819976800000000026e+02,2.249514100000000099e+02,2.623736799999999789e+02,3.051736700000000155e+02,3.096462900000000218e+02
3.673333299999999912e+00,1.563533400000000029e+03,1.161473899999999958e+03,7.735469600000000128e+02,2.771791099999999801e+02,2.195396399999999915e+02,2.574340799999999945e+02,2.999706300000000283e+02,3.048039600000000178e+02
3.680000000000000160e+00,1.558933700000000044e+03,1.157016699999999901e+03,7.694717100000000300e+02,2.727801499999999919e+02,2.142173099999999977e+02,2.526380499999999927e+02,2.948778500000000236e+02,3.001282800000000179e+02
3.686666699999999963e+00,1.554335600000000113e+03,1.152541799999999967e+03,7.654173600000000306e+02,2.687011499999999842e+02,2.089792700000000139e+02,2.479438700000000040e+02,2.898703499999999735e+02,2.955898599999999874e+02
3.693333299999999930e+00,1.549767200000000003e+03,1.148094100000000026e+03,7.614135999999999740e+02,2.648687199999999962e+02,2.038537100000000066e+02,2.433704400000000021e+02,2.849408199999999738e+02,2.911492000000000075e+02
3.700000000000000178e+00,1.545320600000000013e+03,1.143735300000000052e+03,7.574761899999999741e+02,2.612438500000000090e+02,1.988386099999999885e+02,2.388920799999999929e+02,2.800877699999999777e+02,2.868277800000000184e+02
3.706666699999999981e+00,1.540934199999999919e+03,1.139434099999999944e+03,7.535855400000000373e+02,2.577617300000000000e+02,1.939822100000000091e+02,2.345205100000000016e+02,2.752927099999999996e+02,2.825684200000000033e+02
3.713333299999999948e+00,1.536645199999999932e+03,1.135210299999999961e+03,7.497452200000000175e+02,2.543951399999999978e+02,1.892874600000000100e+02,2.302415799999999990e+02,2.706200499999999920e+02,2.786031699999999773e+02
3.720000000000000195e+00,1.532408599999999979e+03,1.131039800000000014e+03,7.459500000000000455e+02,2.511223599999999863e+02,1.847779600000000073e+02,2.260453500000000133e+02,2.660310900000000061e+02,2.747524199999999723e+02
3.726666699999999999e+00,1.528228699999999890e+03,1.126922199999999975e+03,7.421960900000000265e+02,2.479241600000000005e+02,1.804622400000000084e+02,2.219179499999999905e+02,2.615255199999999718e+02,2.711302499999999895e+02
3.733333299999999966e+00,1.524102000000000089e+03,1.122858300000000099e+03,7.384901200000000472e+02,2.447879100000000108e+02,1.763454199999999901e+02,2.178437099999999873e+02,2.570664600000000064e+02,2.675507900000000063e+02
3.740000000000000213e+00,1.520073599999999942e+03,1.118891800000000103e+03,7.348807699999999841e+02,2.417961999999999989e+02,1.724685000000000059e+02,2.138281299999999874e+02,2.526694099999999992e+02,2.640867900000000077e+02
3.746666700000000017e+00,1.516069400000000087e+03,1.114940499999999929e+03,7.312488499999999476e+02,2.386762999999999977e+02,1.686722800000000007e+02,2.098323800000000006e+02,2.483187399999999911e+02,2.606986699999999928e+02
3.753333299999999983e+00,1.512198300000000017e+03,1.111128200000000106e+03,7.277725799999999481e+02,2.357500499999999874e+02,1.652854100000000130e+02,2.059135699999999929e+02,2.440466999999999871e+02,2.573771800000000098e+02
3.759999999999999787e+00,1.508281199999999899e+03,1.107273899999999912e+03,7.242554300000000467e+02,2.327576300000000060e+02,1.621136600000000101e+02,2.020435699999999883e+02,2.398522800000000075e+02,2.541213199999999972e+02
3.766666700000000034e+00,1.504392900000000054e+03,1.103454199999999901e+03,7.207900499999999511e+02,2.299214599999999962e+02,1.592299600000000055e+02,1.982333099999999888e+02,2.357234799999999950e+02,2.509490700000000061e+02
3.773333300000000001e+00,1.500556499999999915e+03,1.099680100000000039e+03,7.173533599999999524e+02,2.271310300000000097e+02,1.565638999999999896e+02,1.944766199999999969e+02,2.316540799999999933e+02,2.478465600000000109e+02
3.779999999999999805e+00,1.497015599999999949e+03,1.096172700000000077e+03,7.141087800000000243e+02,2.244921999999999969e+02,1.541126500000000021e+02,1.907695899999999938e+02,2.276499499999999898e+02,2.449423800000000142e+02
3.786666700000000052e+00,1.493460499999999911e+03,1.092665500000000065e+03,7.108732400000000098e+02,2.219034800000000018e+02,1.518488499999999988e+02,1.871173300000000097e+02,2.236949799999999868e+02,2.420699099999999930e+02
3.793333300000000019e+00,1.489836800000000039e+03,1.089113700000000108e+03,7.076177800000000389e+02,2.193602500000000077e+02,1.497478000000000122e+02,1.835129200000000083e+02,2.197570900000000051e+02,2.390610900000000072e+02
3.799999999999999822e+00,1.486451499999999896e+03,1.085787900000000036e+03,7.045368300000000090e+02,2.169280300000000068e+02,1.477938200000000109e+02,1.799817899999999895e+02,2.158804299999999898e+02,2.360981199999999944e+02
3.806666700000000070e+00,1.482837500000000091e+03,1.082252799999999979e+03,7.012888699999999744e+02,2.144368499999999926e+02,1.459630300000000034e+02,1.765837099999999964e+02,2.120654199999999889e+02,2.331807699999999954e+02
3.813333300000000037e+00,1.479372599999999920e+03,1.078858400000000074e+03,6.981432300000000168e+02,2.119693100000000072e+02,1.443101299999999867e+02,1.733351399999999956e+02,2.083149600000000135e+02,2.302909300000000030e+02
3.819999999999999840e+00,1.475999800000000050e+03,1.075560400000000072e+03,6.950902499999999691e+02,2.095954600000000028e+02,1.427140499999999861e+02,1.702018899999999917e+02,2.046257500000000107e+02,2.274208500000000015e+02
3.826666700000000088e+00,1.472834599999999909e+03,1.072465400000000045e+03,6.922124999999999773e+02,2.073069600000000037e+02,1.411727600000000109e+02,1.671878900000000101e+02,2.010024899999999946e+02,2.245867700000000013e+02
3.833333300000000055e+00,1.469800400000000081e+03,1.069508299999999963e+03,6.894740100000000211e+02,2.051276599999999917e+02,1.396845700000000079e+02,1.642813199999999938e+02,1.974430000000000121e+02,2.217635099999999966e+02
3.839999999999999858e+00,1.466782300000000077e+03,1.066577299999999923e+03,6.867831200000000536e+02,2.030040600000000097e+02,1.382426900000000103e+02,1.614842800000000125e+02,1.939517099999999914e+02,2.189506499999999960e+02
3.846666700000000105e+00,1.463855800000000045e+03,1.063735599999999977e+03,6.841818500000000540e+02,2.009584199999999896e+02,1.368458799999999940e+02,1.587879800000000046e+02,1.905278399999999976e+02,2.161351099999999974e+02
3.853333300000000072e+00,1.461034699999999930e+03,1.060997000000000071e+03,6.816730300000000398e+02,1.989864000000000033e+02,1.354911400000000015e+02,1.561898999999999944e+02,1.871774200000000121e+02,2.133205100000000130e+02
3.859999999999999876e+00,1.458241299999999910e+03,1.058283699999999953e+03,6.791904299999999921e+02,1.970822400000000130e+02,1.341646299999999883e+02,1.536783399999999915e+02,1.839013300000000015e+02,2.105059899999999971e+02
3.866666700000000123e+00,1.455654399999999896e+03,1.055774799999999914e+03,6.768714899999999943e+02,1.953309500000000014e+02,1.328307599999999979e+02,1.512438300000000027e+02,1.807017099999999914e+02,2.076898899999999912e+02
3.873333300000000090e+00,1.452974600000000009e+03,1.053178300000000036e+03,6.744856499999999642e+02,1.936205199999999991e+02,1.315307300000000055e+02,1.488891500000000008e+02,1.776154099999999971e+02,2.048693600000000004e+02
3.879999999999999893e+00,1.450384800000000041e+03,1.050666099999999915e+03,6.721585999999999785e+02,1.919749400000000037e+02,1.302740599999999915e+02,1.466154999999999973e+02,1.746961300000000108e+02,2.020566499999999905e+02
3.886666700000000141e+00,1.447941900000000032e+03,1.048291899999999941e+03,6.699282899999999472e+02,1.904047999999999945e+02,1.290663199999999904e+02,1.444193400000000054e+02,1.719247000000000014e+02,1.992433299999999861e+02
3.893333300000000108e+00,1.445488900000000058e+03,1.045916999999999916e+03,6.676970900000000029e+02,1.888852699999999913e+02,1.279145999999999930e+02,1.422969999999999970e+02,1.692533999999999992e+02,1.964305799999999920e+02
3.899999999999999911e+00,1.443122399999999971e+03,1.043627199999999903e+03,6.655171299999999519e+02,1.874315699999999936e+02,1.268344600000000071e+02,1.402082299999999861e+02,1.666445699999999874e+02,1.936165100000000052e+02
3.906666700000000159e+00,1.440870100000000093e+03,1.041439599999999928e+03,6.633918300000000272e+02,1.860378499999999917e+02,1.258215200000000067e+02,1.381519000000000119e+02,1.640519700000000114e+02,1.907977600000000109e+02
3.913333300000000126e+00,1.438675799999999981e+03,1.039269299999999930e+03,6.612683200000000170e+02,1.847084099999999864e+02,1.249830599999999947e+02,1.361017699999999877e+02,1.615008799999999951e+02,1.879659000000000049e+02
3.919999999999999929e+00,1.436462500000000091e+03,1.037144999999999982e+03,6.591938199999999597e+02,1.835865100000000041e+02,1.241804999999999950e+02,1.340972500000000025e+02,1.589989300000000014e+02,1.851463999999999999e+02
3.926666700000000176e+00,1.434199699999999893e+03,1.034918499999999995e+03,6.569456999999999880e+02,1.823965100000000064e+02,1.234041200000000060e+02,1.321506300000000067e+02,1.565449999999999875e+02,1.823401499999999942e+02
3.933333300000000143e+00,1.432327299999999923e+03,1.033234300000000076e+03,6.554048699999999599e+02,1.811237800000000107e+02,1.225641300000000058e+02,1.302850400000000093e+02,1.541445799999999906e+02,1.795560399999999959e+02
3.939999999999999947e+00,1.429951499999999896e+03,1.030923999999999978e+03,6.530429400000000442e+02,1.797364100000000064e+02,1.217902799999999957e+02,1.286475299999999891e+02,1.518053899999999885e+02,1.767919200000000046e+02
3.946666700000000194e+00,1.428098999999999933e+03,1.029185699999999997e+03,6.512258399999999483e+02,1.785370599999999968e+02,1.210080800000000067e+02,1.271087399999999974e+02,1.495121599999999944e+02,1.740624300000000062e+02
3.953333300000000161e+00,1.425870100000000093e+03,1.026996499999999969e+03,6.488309699999999793e+02,1.773189500000000010e+02,1.202323999999999984e+02,1.256373499999999979e+02,1.472593699999999899e+02,1.713744599999999991e+02
3.959999999999999964e+00,1.423727000000000089e+03,1.024922000000000025e+03,6.465272700000000441e+02,1.761703400000000101e+02,1.194514599999999973e+02,1.242254800000000046e+02,1.450425400000000025e+02,1.687242799999999932e+02
3.966666700000000212e+00,1.421923500000000104e+03,1.023213300000000004e+03,6.445420299999999543e+02,1.751849899999999991e+02,1.186738900000000001e+02,1.228685200000000037e+02,1.428610400000000027e+02,1.661311499999999910e+02
3.973333300000000179e+00,1.420024100000000089e+03,1.021392200000000003e+03,6.423906100000000379e+02,1.741317899999999952e+02,1.179308599999999956e+02,1.221179199999999980e+02,1.407411899999999889e+02,1.635964700000000107e+02
3.979999999999999982e+00,1.417950900000000047e+03,1.019396600000000035e+03,6.400668500000000449e+02,1.731187700000000120e+02,1.170913299999999992e+02,1.210803899999999942e+02,1.384727300000000128e+02,1.610832900000000052e+02
3.986666699999999786e+00,1.416151000000000067e+03,1.017687300000000050e+03,6.379721799999999803e+02,1.723429600000000050e+02,1.161662199999999956e+02,1.200467399999999998e+02,1.363031699999999944e+02,1.587154099999999914e+02
3.993333300000000197e+00,1.414290099999999939e+03,1.015939899999999966e+03,6.358611300000000028e+02,1.716613299999999924e+02,1.151815100000000029e+02,1.189089199999999948e+02,1.341741299999999910e+02,1.564947699999999884e+02
4.000000000000000000e+00,1.412427200000000084e+03,1.014204200000000014e+03,6.337615100000000439e+02,1.710827099999999916e+02,1.141657600000000059e+02,1.177549199999999985e+02,1.321630800000000079e+02,1.543956799999999987e+02
4.006666700000000247e+00,1.410636299999999892e+03,1.012544499999999971e+03,6.317104399999999487e+02,1.706025799999999890e+02,1.131279200000000031e+02,1.165741199999999935e+02,1.302282700000000091e+02,1.523821100000000115e+02
4.013333300000000214e+00,1.408871699999999919e+03,1.010920100000000048e+03,6.296896100000000160e+02,1.702151599999999974e+02,1.120700499999999948e+02,1.153851999999999975e+02,1.283974800000000016e+02,1.504540800000000047e+02
4.019999999999999574e+00,1.407110599999999977e+03,1.009314399999999978e+03,6.276827200000000175e+02,1.699050699999999949e+02,1.109911100000000062e+02,1.141781600000000054e+02,1.266960700000000060e+02,1.485951499999999896e+02
4.026666699999999821e+00,1.405364399999999932e+03,1.007733699999999999e+03,6.256941299999999728e+02,1.696656800000000089e+02,1.099040200000000027e+02,1.129771199999999993e+02,1.251058799999999991e+02,1.468046799999999905e+02
4.033333299999999788e+00,1.403607600000000048e+03,1.006157400000000052e+03,6.237119900000000143e+02,1.694836500000000115e+02,1.088059800000000052e+02,1.117785700000000020e+02,1.236024699999999967e+02,1.450640699999999867e+02
4.040000000000000036e+00,1.401858500000000049e+03,1.004596599999999967e+03,6.217329700000000230e+02,1.693534699999999873e+02,1.077050100000000015e+02,1.105918099999999953e+02,1.221865399999999937e+02,1.433697400000000073e+02
4.046666700000000283e+00,1.400292999999999893e+03,1.003230199999999968e+03,6.199145300000000134e+02,1.693106699999999876e+02,1.065997200000000049e+02,1.094185099999999977e+02,1.208801200000000051e+02,1.417060099999999920e+02
4.053333300000000250e+00,1.398576900000000023e+03,1.001725800000000049e+03,6.179880000000000564e+02,1.692751299999999901e+02,1.054997199999999964e+02,1.082795799999999957e+02,1.202496500000000026e+02,1.400543499999999995e+02
4.059999999999999609e+00,1.396878300000000081e+03,1.000243600000000015e+03,6.160590700000000197e+02,1.692289900000000102e+02,1.044156299999999931e+02,1.071855300000000000e+02,1.192099400000000031e+02,1.382496800000000121e+02
4.066666699999999857e+00,1.395158599999999979e+03,9.987546399999999949e+02,6.141431700000000546e+02,1.692273199999999918e+02,1.033201399999999950e+02,1.060785599999999960e+02,1.182250599999999991e+02,1.365513300000000072e+02
4.073333299999999824e+00,1.393548099999999977e+03,9.973777700000000550e+02,6.123174400000000333e+02,1.692527300000000139e+02,1.022431799999999953e+02,1.049953200000000066e+02,1.170571800000000025e+02,1.349003399999999999e+02
4.080000000000000071e+00,1.391683299999999917e+03,9.957595199999999522e+02,6.103128699999999753e+02,1.692389599999999916e+02,1.011784300000000059e+02,1.039156499999999994e+02,1.158836500000000029e+02,1.333087600000000066e+02
4.086666700000000318e+00,1.390000500000000102e+03,9.943160699999999679e+02,6.084393199999999524e+02,1.692707599999999957e+02,1.001313300000000055e+02,1.028541900000000027e+02,1.146701900000000052e+02,1.317143100000000118e+02
4.093333300000000285e+00,1.388332699999999932e+03,9.928922199999999521e+02,6.065980100000000448e+02,1.693370899999999892e+02,9.909569000000000472e+01,1.018011400000000037e+02,1.134775900000000064e+02,1.301470099999999945e+02
4.099999999999999645e+00,1.386619400000000041e+03,9.914302999999999884e+02,6.047433099999999513e+02,1.694089500000000044e+02,9.807002699999999606e+01,1.007567999999999984e+02,1.122745400000000018e+02,1.285963099999999883e+02
4.106666699999999892e+00,1.384963500000000067e+03,9.900288500000000340e+02,6.029576600000000326e+02,1.695132700000000057e+02,9.705528800000000444e+01,9.972007999999999583e+01,1.110417199999999980e+02,1.270749299999999948e+02
4.113333299999999859e+00,1.383209100000000035e+03,9.885477399999999761e+02,6.011575699999999642e+02,1.696198500000000138e+02,9.604828100000000290e+01,9.868969599999999787e+01,1.097865100000000069e+02,1.255761099999999999e+02
4.120000000000000107e+00,1.381485300000000052e+03,9.871041999999999916e+02,5.994408300000000054e+02,1.697537199999999871e+02,9.504726499999999589e+01,9.766316899999999634e+01,1.085081100000000021e+02,1.241134399999999971e+02
4.126666700000000354e+00,1.379735400000000027e+03,9.856588699999999790e+02,5.978497599999999466e+02,1.699155399999999929e+02,9.404897499999999866e+01,9.663718799999999476e+01,1.072093299999999942e+02,1.226833199999999948e+02
4.133333300000000321e+00,1.378097199999999930e+03,9.844294999999999618e+02,5.968591099999999869e+02,1.701639800000000093e+02,9.305705199999999877e+01,9.561607399999999757e+01,1.058997499999999974e+02,1.212983399999999961e+02
4.139999999999999680e+00,1.376169100000000071e+03,9.825642100000000028e+02,5.937393899999999576e+02,1.700285000000000082e+02,9.206688499999999920e+01,9.459556200000000104e+01,1.045805699999999945e+02,1.199686599999999999e+02
4.146666699999999928e+00,1.374331599999999980e+03,9.808952000000000453e+02,5.912945799999999963e+02,1.700755800000000022e+02,9.107546000000000674e+01,9.357221800000000655e+01,1.032559899999999971e+02,1.187740600000000057e+02
4.153333299999999895e+00,1.372707599999999957e+03,9.795757099999999582e+02,5.897033099999999877e+02,1.702978500000000111e+02,9.009249699999999450e+01,9.256575300000000084e+01,1.019767700000000019e+02,1.179207700000000045e+02
4.160000000000000142e+00,1.371014899999999898e+03,9.782063500000000431e+02,5.881048600000000306e+02,1.705408700000000124e+02,8.910543199999999331e+01,9.156052300000000344e+01,1.007637399999999985e+02,1.166462899999999934e+02
4.166666700000000390e+00,1.369230700000000070e+03,9.767389500000000453e+02,5.864006000000000540e+02,1.707432900000000018e+02,8.811435000000000173e+01,9.054319800000000384e+01,9.950450399999999718e+01,1.153914999999999935e+02
4.173333300000000357e+00,1.367509000000000015e+03,9.753239099999999553e+02,5.847505700000000388e+02,1.709406500000000051e+02,8.712694100000000219e+01,8.953125799999999401e+01,9.826300299999999766e+01,1.141378799999999956e+02
4.179999999999999716e+00,1.365763699999999972e+03,9.738893399999999474e+02,5.831245400000000245e+02,1.711213999999999942e+02,8.614139500000000282e+01,8.851800599999999974e+01,9.700470400000000382e+01,1.128535899999999970e+02
4.186666699999999963e+00,1.363998499999999922e+03,9.724400600000000168e+02,5.815405899999999519e+02,1.712859400000000107e+02,8.515871599999999830e+01,8.750790100000000393e+01,9.575028299999999604e+01,1.115700300000000027e+02
4.193333299999999930e+00,1.362308700000000044e+03,9.710208199999999579e+02,5.799517799999999852e+02,1.714243199999999945e+02,8.417930900000000349e+01,8.650039599999999496e+01,9.449134499999999548e+01,1.102796400000000006e+02
4.200000000000000178e+00,1.360734899999999925e+03,9.696178400000000011e+02,5.782176799999999730e+02,1.715047399999999982e+02,8.320279600000000642e+01,8.549583199999999295e+01,9.323292600000000618e+01,1.089899400000000043e+02
4.206666700000000425e+00,1.358333100000000059e+03,9.677268100000000004e+02,5.762675400000000536e+02,1.715207499999999925e+02,8.222921300000000144e+01,8.449433299999999747e+01,9.197330200000000389e+01,1.077016200000000055e+02
4.213333300000000392e+00,1.356324900000000071e+03,9.660925399999999854e+02,5.746052100000000564e+02,1.715673099999999920e+02,8.125811199999999701e+01,8.349572999999999467e+01,9.071467099999999562e+01,1.064142400000000066e+02
4.219999999999999751e+00,1.354316499999999905e+03,9.643959200000000465e+02,5.728827499999999873e+02,1.715555600000000140e+02,8.028992800000000329e+01,8.250159600000000637e+01,8.945977000000000601e+01,1.051357900000000001e+02
4.226666699999999999e+00,1.352546599999999899e+03,9.628669700000000375e+02,5.712439500000000407e+02,1.715132900000000120e+02,7.932510700000000270e+01,8.151118200000000513e+01,8.820798499999999365e+01,1.038648500000000041e+02
4.233333299999999966e+00,1.350704799999999977e+03,9.612948900000000094e+02,5.696214099999999689e+02,1.714224900000000105e+02,7.836287900000000661e+01,8.052385700000000668e+01,8.695925400000000138e+01,1.026085499999999939e+02
4.240000000000000213e+00,1.348907999999999902e+03,9.597685199999999668e+02,5.680806300000000419e+02,1.713289000000000044e+02,7.740675600000000145e+01,7.954526400000000308e+01,8.572467899999999474e+01,1.013807099999999934e+02
4.246666699999999572e+00,1.347013999999999896e+03,9.581370399999999563e+02,5.664588999999999714e+02,1.711753799999999899e+02,7.645047900000000141e+01,7.856786400000000015e+01,8.449121399999999937e+01,1.000993299999999948e+02
4.253333300000000428e+00,1.345132299999999987e+03,9.565057100000000219e+02,5.648387500000000045e+02,1.709936199999999928e+02,7.549697000000000457e+01,7.759345299999999668e+01,8.326327700000000220e+01,9.882105799999999363e+01
4.259999999999999787e+00,1.343166400000000067e+03,9.547503100000000131e+02,5.630546699999999873e+02,1.707044500000000085e+02,7.454881600000000219e+01,7.662541000000000224e+01,8.205049200000000553e+01,9.754621099999999956e+01
4.266666700000000034e+00,1.341338400000000092e+03,9.532324800000000096e+02,5.617121499999999514e+02,1.704458799999999883e+02,7.360606300000000601e+01,7.566360899999999390e+01,8.084976399999999330e+01,9.627762800000000709e+01
4.273333300000000001e+00,1.339337299999999914e+03,9.515184199999999919e+02,5.601642699999999877e+02,1.700788900000000012e+02,7.266927699999999390e+01,7.470968700000000240e+01,7.966518999999999551e+01,9.502576500000000692e+01
4.280000000000000249e+00,1.337126299999999901e+03,9.495508300000000190e+02,5.583111499999999978e+02,1.695736899999999991e+02,7.173734299999999564e+01,7.376187699999999836e+01,7.849234400000000278e+01,9.378005899999999428e+01
4.286666699999999608e+00,1.334838899999999967e+03,9.474812600000000202e+02,5.563480799999999817e+02,1.689786900000000003e+02,7.081201500000000237e+01,7.282174700000000200e+01,7.733237800000000561e+01,9.253850699999999563e+01
4.293333299999999575e+00,1.332594499999999925e+03,9.454289400000000114e+02,5.543910100000000511e+02,1.683211300000000108e+02,6.989373100000000250e+01,7.189081699999999842e+01,7.618860300000000052e+01,9.130772000000000332e+01
4.299999999999999822e+00,1.330578800000000001e+03,9.436006300000000238e+02,5.526232899999999972e+02,1.676408700000000067e+02,6.898219000000000278e+01,7.096895100000000411e+01,7.506018299999999499e+01,9.008512399999999332e+01
4.306666700000000070e+00,1.328457900000000109e+03,9.416452199999999948e+02,5.507438899999999649e+02,1.668860999999999990e+02,6.807937599999999634e+01,7.005843099999999879e+01,7.394966100000000608e+01,8.887285099999999716e+01
4.313333300000000037e+00,1.326216100000000097e+03,9.395596100000000206e+02,5.487595499999999902e+02,1.660423700000000053e+02,6.718416499999999303e+01,6.915837000000000501e+01,7.285565699999999367e+01,8.766854499999999462e+01
4.320000000000000284e+00,1.323923299999999927e+03,9.374298499999999876e+02,5.467519499999999653e+02,1.651403400000000090e+02,6.629728000000000065e+01,6.826946300000000178e+01,7.177835000000000321e+01,8.647168600000000538e+01
4.326666699999999643e+00,1.321522699999999986e+03,9.351888599999999769e+02,5.446514300000000048e+02,1.641606099999999913e+02,6.541881200000000263e+01,6.739165400000000261e+01,7.071696400000000438e+01,8.528015000000000612e+01
4.333333299999999610e+00,1.318996399999999994e+03,9.328048000000000002e+02,5.424175099999999929e+02,1.630879999999999939e+02,6.455129300000000114e+01,6.652710899999999583e+01,6.967291899999999316e+01,8.409433400000000347e+01
4.339999999999999858e+00,1.316707599999999957e+03,9.306447299999999814e+02,5.403447300000000268e+02,1.619684399999999869e+02,6.369389600000000229e+01,6.567552700000000243e+01,6.864573599999999942e+01,8.291295599999999411e+01
4.346666700000000105e+00,1.314302300000000059e+03,9.283529399999999896e+02,5.381849899999999707e+02,1.607988499999999874e+02,6.284696699999999936e+01,6.483631300000000408e+01,6.763404599999999789e+01,8.173375400000000468e+01
4.353333300000000072e+00,1.311695600000000013e+03,9.258151800000000549e+02,5.358359900000000380e+02,1.595222400000000107e+02,6.201115599999999972e+01,6.401095800000000224e+01,6.663851900000000228e+01,8.055653399999999920e+01
4.360000000000000320e+00,1.308604900000000043e+03,9.228122399999999743e+02,5.332070400000000063e+02,1.581265400000000056e+02,6.118432200000000165e+01,6.319830900000000184e+01,6.565769500000000392e+01,7.937946200000000374e+01
4.366666699999999679e+00,1.305817600000000084e+03,9.201077699999999595e+02,5.307078000000000202e+02,1.567067600000000027e+02,6.036874199999999746e+01,6.240010300000000143e+01,6.469235600000000375e+01,7.820255699999999877e+01
4.373333299999999646e+00,1.303093000000000075e+03,9.174374500000000126e+02,5.281912300000000187e+02,1.552508100000000013e+02,5.956390499999999832e+01,6.161041300000000120e+01,6.374150300000000158e+01,7.702442899999999781e+01
4.379999999999999893e+00,1.300266399999999976e+03,9.146407900000000382e+02,5.255585899999999810e+02,1.537434499999999957e+02,5.876788100000000270e+01,6.083183400000000063e+01,6.280296899999999738e+01,7.584247799999999984e+01
4.386666700000000141e+00,1.297788900000000012e+03,9.121285400000000436e+02,5.231266000000000531e+02,1.521958500000000072e+02,5.798112100000000169e+01,6.006787400000000332e+01,6.187788799999999867e+01,7.465735999999999706e+01
4.393333300000000108e+00,1.294753200000000106e+03,9.092396899999999960e+02,5.204804900000000316e+02,1.506120999999999981e+02,5.720355899999999849e+01,5.931775300000000328e+01,6.096400599999999770e+01,7.346658399999999745e+01
4.400000000000000355e+00,1.291931599999999889e+03,9.064825100000000475e+02,5.179078200000000152e+02,1.490087800000000016e+02,5.643577599999999705e+01,5.858267500000000183e+01,6.006229400000000140e+01,7.227478000000000691e+01
4.406666699999999715e+00,1.289079999999999927e+03,9.036451100000000451e+02,5.152270499999999629e+02,1.473537699999999973e+02,5.567659900000000306e+01,5.786178900000000169e+01,5.917108400000000046e+01,7.108163899999999558e+01
4.413333299999999682e+00,1.285852900000000091e+03,9.003958699999999453e+02,5.121820400000000291e+02,1.455984300000000076e+02,5.492709200000000180e+01,5.715597799999999751e+01,5.829038700000000262e+01,6.988636099999999374e+01
4.419999999999999929e+00,1.282592100000000073e+03,8.970967600000000175e+02,5.090558199999999829e+02,1.437942199999999957e+02,5.418721699999999686e+01,5.646427200000000113e+01,5.741846799999999718e+01,6.868439200000000255e+01
4.426666700000000176e+00,1.279307499999999891e+03,8.937343700000000126e+02,5.057998099999999795e+02,1.419077100000000087e+02,5.344810100000000119e+01,5.579020299999999821e+01,5.656044299999999936e+01,6.747426199999999596e+01
4.433333300000000143e+00,1.276300400000000081e+03,8.907564499999999725e+02,5.030305700000000115e+02,1.399052499999999952e+02,5.272301499999999663e+01,5.509662600000000054e+01,5.571529799999999710e+01,6.625605299999999431e+01
4.440000000000000391e+00,1.273063900000000103e+03,8.874956499999999551e+02,4.999267100000000141e+02,1.377653599999999869e+02,5.204704799999999665e+01,5.430344500000000352e+01,5.488130000000000308e+01,6.503190899999999885e+01
4.446666699999999750e+00,1.270034100000000080e+03,8.844986499999999978e+02,4.972153900000000135e+02,1.357315399999999954e+02,5.130293700000000001e+01,5.347155699999999712e+01,5.405635500000000349e+01,6.379767700000000019e+01
4.453333299999999717e+00,1.266755499999999984e+03,8.811638400000000502e+02,4.941075299999999970e+02,1.337644200000000012e+02,5.049460799999999949e+01,5.264081399999999888e+01,5.324476400000000353e+01,6.255414199999999880e+01
4.459999999999999964e+00,1.263276900000000069e+03,8.776161799999999857e+02,4.908224299999999971e+02,1.318490099999999927e+02,4.967069299999999998e+01,5.181419700000000006e+01,5.239464799999999656e+01,6.136000400000000354e+01
4.466666700000000212e+00,1.259824299999999994e+03,8.740972600000000057e+02,4.876140199999999822e+02,1.301719099999999969e+02,4.881586000000000070e+01,5.102988599999999764e+01,5.182226599999999905e+01,5.987274899999999889e+01
4.473333300000000179e+00,1.256367500000000064e+03,8.705468100000000504e+02,4.843134900000000016e+02,1.283469599999999957e+02,4.794226499999999902e+01,5.038752000000000209e+01,5.140853200000000101e+01,5.815270100000000042e+01
4.480000000000000426e+00,1.252972800000000007e+03,8.670367800000000216e+02,4.809845799999999940e+02,1.264351699999999994e+02,4.710293300000000016e+01,4.983701700000000301e+01,5.091709800000000286e+01,5.652342999999999762e+01
4.486666699999999786e+00,1.249324599999999919e+03,8.632532400000000052e+02,4.773287500000000136e+02,1.240513899999999978e+02,4.635706199999999910e+01,4.930836399999999742e+01,5.034384699999999668e+01,5.496652900000000130e+01
4.493333299999999753e+00,1.245617600000000039e+03,8.594139599999999746e+02,4.736435299999999984e+02,1.217108400000000046e+02,4.562369100000000088e+01,4.875469600000000270e+01,4.970944399999999774e+01,5.343866200000000077e+01
4.500000000000000000e+00,1.241910100000000057e+03,8.555519600000000082e+02,4.698896199999999794e+02,1.192768899999999945e+02,4.491271400000000114e+01,4.814529100000000028e+01,4.901981200000000172e+01,5.194335600000000142e+01
4.506666700000000247e+00,1.237995799999999917e+03,8.515138500000000477e+02,4.660753100000000018e+02,1.168560499999999962e+02,4.423872500000000230e+01,4.747308000000000305e+01,4.827922999999999831e+01,5.048026899999999983e+01
4.513333300000000214e+00,1.234322400000000016e+03,8.476519299999999930e+02,4.622960899999999924e+02,1.144251699999999943e+02,4.359344899999999967e+01,4.674631500000000273e+01,4.749173700000000053e+01,4.904731100000000055e+01
4.519999999999999574e+00,1.230693800000000010e+03,8.439176099999999678e+02,4.588253300000000081e+02,1.119877100000000070e+02,4.296865700000000032e+01,4.597293400000000219e+01,4.666377399999999653e+01,4.764065099999999831e+01
4.526666699999999821e+00,1.226630799999999908e+03,8.397168500000000222e+02,4.548724100000000021e+02,1.092832999999999970e+02,4.237368099999999771e+01,4.516447099999999892e+01,4.580176399999999859e+01,4.626482899999999887e+01
4.533333299999999788e+00,1.222918300000000045e+03,8.357796200000000226e+02,4.510771199999999794e+02,1.067574199999999962e+02,4.170238899999999660e+01,4.432808699999999646e+01,4.494896299999999911e+01,4.494364399999999904e+01
4.540000000000000036e+00,1.219183899999999994e+03,8.318272299999999859e+02,4.473065300000000093e+02,1.041786400000000015e+02,4.100126099999999951e+01,4.348390599999999750e+01,4.404575700000000182e+01,4.354059399999999869e+01
4.546666700000000283e+00,1.215343599999999924e+03,8.277946200000000090e+02,4.435066299999999728e+02,1.014696899999999999e+02,4.030883399999999739e+01,4.259405999999999892e+01,4.305679700000000310e+01,4.231922399999999840e+01
4.553333300000000250e+00,1.211371200000000044e+03,8.236640700000000379e+02,4.397524700000000166e+02,9.892879600000000551e+01,3.955203499999999650e+01,4.164909999999999712e+01,4.207971400000000273e+01,4.117442599999999686e+01
4.559999999999999609e+00,1.207621100000000069e+03,8.197541499999999814e+02,4.362443799999999783e+02,9.659971899999999323e+01,3.870060800000000256e+01,4.070183699999999760e+01,4.112036799999999914e+01,4.006110499999999774e+01
4.566666699999999857e+00,1.204096199999999953e+03,8.160602400000000216e+02,4.329311299999999960e+02,9.412783600000000206e+01,3.778995100000000207e+01,3.975562899999999900e+01,4.016192000000000206e+01,3.893981500000000295e+01
4.573333299999999824e+00,1.200463099999999940e+03,8.122941399999999703e+02,4.297456300000000056e+02,9.223398199999999747e+01,3.690205799999999670e+01,3.883778800000000331e+01,3.922292000000000201e+01,3.784347700000000003e+01
4.580000000000000071e+00,1.196233999999999924e+03,8.078731000000000222e+02,4.259418400000000133e+02,9.011706599999999412e+01,3.600260099999999852e+01,3.791781100000000038e+01,3.828506800000000254e+01,3.675529399999999924e+01
4.586666700000000318e+00,1.192342599999999948e+03,8.037919399999999541e+02,4.223803700000000276e+02,8.808216600000000085e+01,3.511907099999999815e+01,3.701306699999999950e+01,3.736068300000000164e+01,3.568377000000000265e+01
4.593333300000000285e+00,1.188482700000000023e+03,7.996680599999999686e+02,4.186429800000000228e+02,8.597123399999999549e+01,3.424240700000000004e+01,3.611683299999999974e+01,3.644357500000000272e+01,3.462136300000000233e+01
4.599999999999999645e+00,1.184525300000000016e+03,7.954448499999999740e+02,4.148477100000000064e+02,8.391491100000000358e+01,3.337817199999999929e+01,3.523171800000000076e+01,3.553054800000000313e+01,3.356918199999999786e+01
4.606666699999999892e+00,1.180770600000000059e+03,7.915055499999999711e+02,4.114632700000000227e+02,8.190461899999999673e+01,3.251413600000000059e+01,3.436303500000000355e+01,3.464750000000000085e+01,3.251543600000000112e+01
4.613333299999999859e+00,1.176517599999999902e+03,7.868626400000000558e+02,4.071428999999999974e+02,7.988726599999999678e+01,3.166271300000000011e+01,3.351685799999999915e+01,3.375827900000000170e+01,3.146567200000000142e+01
4.620000000000000107e+00,1.172775100000000066e+03,7.828463699999999790e+02,4.034682199999999739e+02,7.791051400000000626e+01,3.082783699999999882e+01,3.268869399999999814e+01,3.289731700000000103e+01,3.041686299999999932e+01
4.626666700000000354e+00,1.168699900000000071e+03,7.785793099999999640e+02,3.999811900000000264e+02,7.591141399999999351e+01,3.000888799999999890e+01,3.187753700000000023e+01,3.204878899999999931e+01,2.937522900000000092e+01
4.633333300000000321e+00,1.164729000000000042e+03,7.743921100000000024e+02,3.966779399999999782e+02,7.383746200000000215e+01,2.920229199999999992e+01,3.108131099999999947e+01,3.121983200000000025e+01,2.834157700000000091e+01
4.639999999999999680e+00,1.160358699999999999e+03,7.693823700000000372e+02,3.909058099999999740e+02,7.201819999999999311e+01,2.840869800000000112e+01,3.030032999999999888e+01,3.040462700000000140e+01,2.732007600000000025e+01
4.646666699999999928e+00,1.156303100000000086e+03,7.648954999999999700e+02,3.860823899999999753e+02,7.018724400000000685e+01,2.762707599999999886e+01,2.953476600000000118e+01,2.960444800000000143e+01,2.631579500000000138e+01
4.653333299999999895e+00,1.152330400000000054e+03,7.605767299999999977e+02,3.815755700000000274e+02,6.834096499999999708e+01,2.685725700000000060e+01,2.878306500000000057e+01,2.881596000000000046e+01,2.533329900000000023e+01
4.660000000000000142e+00,1.147903900000000021e+03,7.554867900000000418e+02,3.748093700000000013e+02,6.663217000000000212e+01,2.610034299999999874e+01,2.804645999999999972e+01,2.804087000000000174e+01,2.438674200000000170e+01
4.666666700000000390e+00,1.144005499999999984e+03,7.512832799999999907e+02,3.699370999999999867e+02,6.487203300000000183e+01,2.535515600000000092e+01,2.732093300000000013e+01,2.727253599999999878e+01,2.340674800000000033e+01
4.673333300000000357e+00,1.140245499999999993e+03,7.473990700000000516e+02,3.659299300000000130e+02,6.373814099999999883e+01,2.462689800000000062e+01,2.661045800000000128e+01,2.651910499999999971e+01,2.246436299999999875e+01
4.679999999999999716e+00,1.136362399999999980e+03,7.433147800000000416e+02,3.614622699999999895e+02,6.166006000000000142e+01,2.390541199999999833e+01,2.591006900000000002e+01,2.577311699999999917e+01,2.147160799999999981e+01
4.686666699999999963e+00,1.132584800000000087e+03,7.394254600000000437e+02,3.575129800000000273e+02,6.017582800000000276e+01,2.321619799999999856e+01,2.522427700000000073e+01,2.504180799999999962e+01,2.054189900000000080e+01
4.693333299999999930e+00,1.128759000000000015e+03,7.354472799999999779e+02,3.533874999999999886e+02,5.848488499999999846e+01,2.253393499999999960e+01,2.454883399999999938e+01,2.431839199999999934e+01,1.962205799999999911e+01
4.700000000000000178e+00,1.124921599999999899e+03,7.314292199999999866e+02,3.491461400000000026e+02,5.647185900000000203e+01,2.185903300000000016e+01,2.388427099999999825e+01,2.360314100000000082e+01,1.870309100000000058e+01
4.706666700000000425e+00,1.121177300000000059e+03,7.275435400000000072e+02,3.452011600000000158e+02,5.527875399999999928e+01,2.121851500000000001e+01,2.323185399999999845e+01,2.289468700000000112e+01,1.778892799999999852e+01
4.713333300000000392e+00,1.117361900000000105e+03,7.235314399999999750e+02,3.409371499999999742e+02,5.333183199999999857e+01,2.057372499999999960e+01,2.258783400000000086e+01,2.219269500000000050e+01,1.689064099999999868e+01
4.719999999999999751e+00,1.113608999999999924e+03,7.196148600000000215e+02,3.368563700000000267e+02,5.167046899999999710e+01,1.995424799999999976e+01,2.195563500000000090e+01,2.149631400000000170e+01,1.601012800000000169e+01
4.726666699999999999e+00,1.109904899999999998e+03,7.157591700000000401e+02,3.328901000000000181e+02,5.034379700000000213e+01,1.933990400000000065e+01,2.133330499999999930e+01,2.080601400000000112e+01,1.515511000000000053e+01
4.733333299999999966e+00,1.106214300000000094e+03,7.118786400000000185e+02,3.287449799999999982e+02,4.834791700000000247e+01,1.871938000000000102e+01,2.072098499999999888e+01,2.013071499999999858e+01,1.433830999999999989e+01
4.740000000000000213e+00,1.102640799999999899e+03,7.081625599999999849e+02,3.249299300000000130e+02,4.721871999999999758e+01,1.813010799999999989e+01,2.011921200000000098e+01,1.945919400000000010e+01,1.357259400000000049e+01
4.746666699999999572e+00,1.099045900000000074e+03,7.043854800000000296e+02,3.208765399999999772e+02,4.536550900000000297e+01,1.753123400000000132e+01,1.952277899999999988e+01,1.878556999999999988e+01,1.284471399999999974e+01
4.753333300000000428e+00,1.095557700000000068e+03,7.007477699999999459e+02,3.170529599999999846e+02,4.396020500000000197e+01,1.696712600000000037e+01,1.893936800000000176e+01,1.811792900000000017e+01,1.216548500000000033e+01
4.759999999999999787e+00,1.092145400000000109e+03,6.971862800000000107e+02,3.132958499999999731e+02,4.247730800000000073e+01,1.640352400000000088e+01,1.836376399999999975e+01,1.745360200000000006e+01,1.152957199999999993e+01
4.766666700000000034e+00,1.088789399999999887e+03,6.936823900000000549e+02,3.095992200000000025e+02,4.105770900000000267e+01,1.585044599999999981e+01,1.779331000000000174e+01,1.679139100000000084e+01,1.093422900000000020e+01
4.773333300000000001e+00,1.085506300000000010e+03,6.902608999999999924e+02,3.059922500000000127e+02,3.970983300000000327e+01,1.531112399999999951e+01,1.723228399999999993e+01,1.612260399999999905e+01,1.039344299999999954e+01
4.780000000000000249e+00,1.082317500000000109e+03,6.869321599999999535e+02,3.024655599999999822e+02,3.840567300000000017e+01,1.478673799999999972e+01,1.668323799999999935e+01,1.549929299999999976e+01,9.860240599999999134e+00
4.786666699999999608e+00,1.079223199999999906e+03,6.836984899999999925e+02,2.990183799999999792e+02,3.714303100000000057e+01,1.427583699999999922e+01,1.614179999999999993e+01,1.488908200000000015e+01,9.361909100000000095e+00
4.793333299999999575e+00,1.076223400000000083e+03,6.805595700000000079e+02,2.956601200000000063e+02,3.592657100000000270e+01,1.378334100000000007e+01,1.561317700000000031e+01,1.430634399999999928e+01,8.890375300000000536e+00
4.799999999999999822e+00,1.073354499999999916e+03,6.775513499999999567e+02,2.924067699999999945e+02,3.475105400000000344e+01,1.330171499999999973e+01,1.509286900000000031e+01,1.374598100000000045e+01,8.433092500000000769e+00
4.806666700000000070e+00,1.070599300000000085e+03,6.746586099999999533e+02,2.892564899999999852e+02,3.361709100000000205e+01,1.282974300000000056e+01,1.458052799999999927e+01,1.320664599999999922e+01,7.992866300000000201e+00
4.813333300000000037e+00,1.067938599999999951e+03,6.718692099999999527e+02,2.862114599999999882e+02,3.253407399999999683e+01,1.237460199999999944e+01,1.408341599999999971e+01,1.269275999999999982e+01,7.575172300000000192e+00
4.820000000000000284e+00,1.065406600000000026e+03,6.692097099999999728e+02,2.832744700000000080e+02,3.150477899999999920e+01,1.193694499999999969e+01,1.360070100000000082e+01,1.220126400000000011e+01,7.175840899999999856e+00
4.826666699999999643e+00,1.063063799999999901e+03,6.667161200000000463e+02,2.804641500000000178e+02,3.052490299999999834e+01,1.151152800000000020e+01,1.312944300000000020e+01,1.173218100000000064e+01,6.829480300000000170e+00
4.833333299999999610e+00,1.060823300000000017e+03,6.643454199999999901e+02,2.777620400000000132e+02,2.959216299999999933e+01,1.109327099999999966e+01,1.266496099999999991e+01,1.127716799999999964e+01,6.504348300000000194e+00
4.839999999999999858e+00,1.058669300000000021e+03,6.620823599999999942e+02,2.751705000000000041e+02,2.870388700000000171e+01,1.068794699999999942e+01,1.221353799999999978e+01,1.083997399999999978e+01,6.179462799999999589e+00
4.846666700000000105e+00,1.056708599999999933e+03,6.599899000000000342e+02,2.727223399999999742e+02,2.789205099999999860e+01,1.030447900000000061e+01,1.177942600000000084e+01,1.042464900000000050e+01,5.878336199999999678e+00
4.853333300000000072e+00,1.054821999999999889e+03,6.579936000000000149e+02,2.703760599999999954e+02,2.714057800000000142e+01,9.935539099999999735e+00,1.136123399999999961e+01,1.003045499999999990e+01,5.595897400000000133e+00
4.860000000000000320e+00,1.053133000000000038e+03,6.561860500000000229e+02,2.681761000000000195e+02,2.645594300000000132e+01,9.570753599999999750e+00,1.094811799999999913e+01,9.647028499999999340e+00,5.324869800000000097e+00
4.866666699999999679e+00,1.051646500000000060e+03,6.545675999999999704e+02,2.661300699999999892e+02,2.583239999999999981e+01,9.232143900000000514e+00,1.055294999999999916e+01,9.282867500000000049e+00,5.087789599999999801e+00
4.873333299999999646e+00,1.050298199999999952e+03,6.530927400000000489e+02,2.642031799999999748e+02,2.519622899999999888e+01,8.898678500000000824e+00,1.016444899999999940e+01,8.928741600000000389e+00,4.850892199999999654e+00
4.879999999999999893e+00,1.049130799999999908e+03,6.518074299999999539e+02,2.624835499999999797e+02,2.463979499999999945e+01,8.584893799999999686e+00,9.796208000000000027e+00,8.597217199999999337e+00,4.620493699999999926e+00
4.886666700000000141e+00,1.048245899999999892e+03,6.507796700000000101e+02,2.609509199999999964e+02,2.416427900000000051e+01,8.280244899999999575e+00,9.436394999999999200e+00,8.276095299999999710e+00,4.402469400000000199e+00
4.893333300000000108e+00,1.047421000000000049e+03,6.498501899999999978e+02,2.595692599999999857e+02,2.376862099999999955e+01,7.989118999999999637e+00,9.089993200000000328e+00,7.970893399999999573e+00,4.200603799999999666e+00
4.900000000000000355e+00,1.046746699999999919e+03,6.490789499999999634e+02,2.583624500000000239e+02,2.345423399999999958e+01,7.708249099999999743e+00,8.752087400000000628e+00,7.675655800000000362e+00,4.008167000000000257e+00
4.906666699999999715e+00,1.046413500000000113e+03,6.486266200000000026e+02,2.574348400000000083e+02,2.323179299999999969e+01,7.446911100000000339e+00,8.430862499999999926e+00,7.397750600000000176e+00,3.831566800000000050e+00
4.913333299999999682e+00,1.046214799999999968e+03,6.483165800000000445e+02,2.566723299999999881e+02,2.308277899999999860e+01,7.196657700000000268e+00,8.120720300000000336e+00,7.131909300000000229e+00,3.664883699999999855e+00
4.919999999999999929e+00,1.045463400000000092e+03,6.471548400000000356e+02,2.540404599999999959e+02,2.305524799999999885e+01,6.964578200000000052e+00,7.827737299999999898e+00,6.881576299999999868e+00,3.514095300000000144e+00
4.926666700000000176e+00,1.045433999999999969e+03,6.469032399999999825e+02,2.527138400000000047e+02,2.313796500000000123e+01,6.734626500000000071e+00,7.541108200000000039e+00,6.634778999999999982e+00,3.367171299999999867e+00
4.933333300000000143e+00,1.045564399999999978e+03,6.467517400000000407e+02,2.511276200000000074e+02,2.327525599999999883e+01,6.511269099999999810e+00,7.255533699999999975e+00,6.403887400000000341e+00,3.233060299999999998e+00
4.940000000000000391e+00,1.045898599999999988e+03,6.466461900000000469e+02,2.489192899999999895e+02,2.357084400000000102e+01,6.305260699999999829e+00,6.988361000000000267e+00,6.180890599999999679e+00,3.108316799999999880e+00
4.946666699999999750e+00,1.046705300000000079e+03,6.473885999999999967e+02,2.485861299999999972e+02,2.395960699999999832e+01,6.117081699999999955e+00,6.737868299999999699e+00,5.971456700000000062e+00,2.992268000000000150e+00
4.953333299999999717e+00,1.047099099999999908e+03,6.478557799999999816e+02,2.483942600000000027e+02,2.444676600000000022e+01,5.937276500000000290e+00,6.505251600000000245e+00,5.782843599999999640e+00,2.895805699999999927e+00
4.959999999999999964e+00,1.048436400000000049e+03,6.491731899999999769e+02,2.486592499999999859e+02,2.504391999999999996e+01,5.766394199999999692e+00,6.263362200000000435e+00,5.589336799999999883e+00,2.792917200000000211e+00
4.966666700000000212e+00,1.050318899999999985e+03,6.509955400000000054e+02,2.492775900000000036e+02,2.569010400000000161e+01,5.588511399999999796e+00,6.035389000000000337e+00,5.407599499999999892e+00,2.697348499999999927e+00
4.973333300000000179e+00,1.052684899999999971e+03,6.533739799999999605e+02,2.505583100000000059e+02,2.651786600000000149e+01,5.423984299999999870e+00,5.817210300000000167e+00,5.232754100000000186e+00,2.605191399999999824e+00
4.980000000000000426e+00,1.055237100000000055e+03,6.558174099999999953e+02,2.513249199999999917e+02,2.742997899999999944e+01,5.271506099999999861e+00,5.609606000000000314e+00,5.067900200000000410e+00,2.520419099999999801e+00
4.986666699999999786e+00,1.058138200000000097e+03,6.587106199999999490e+02,2.528234300000000019e+02,2.847325700000000026e+01,5.134157700000000268e+00,5.417187799999999775e+00,4.918602800000000386e+00,2.450845499999999788e+00
4.993333299999999753e+00,1.061287800000000061e+03,6.618597099999999500e+02,2.545957200000000000e+02,2.961558099999999882e+01,5.001888600000000018e+00,5.233429799999999688e+00,4.782940100000000250e+00,2.381189299999999953e+00
5.000000000000000000e+00,1.064807299999999941e+03,6.653770399999999654e+02,2.567009100000000217e+02,3.086251400000000089e+01,4.875260800000000394e+00,5.054506199999999616e+00,4.643904700000000219e+00,2.322068300000000196e+00
5.006666700000000247e+00,1.068774599999999964e+03,6.693478699999999435e+02,2.592113200000000006e+02,3.224589100000000030e+01,4.763179300000000005e+00,4.887474499999999722e+00,4.506543100000000024e+00,2.278403200000000073e+00
5.013333300000000214e+00,1.073134499999999889e+03,6.737003999999999451e+02,2.620791100000000142e+02,3.376105100000000192e+01,4.656236700000000006e+00,4.730257499999999560e+00,4.371998600000000401e+00,2.246361799999999853e+00
5.019999999999999574e+00,1.077913999999999987e+03,6.784542500000000018e+02,2.653057400000000143e+02,3.541840400000000244e+01,4.579827599999999777e+00,4.573052299999999626e+00,4.243245599999999840e+00,2.223677100000000184e+00
5.026666699999999821e+00,1.083229100000000017e+03,6.837302100000000564e+02,2.689540600000000268e+02,3.718774400000000213e+01,4.471834799999999888e+00,4.444977699999999921e+00,4.125048399999999837e+00,2.205847799999999914e+00
5.033333299999999788e+00,1.089126400000000103e+03,6.896113500000000158e+02,2.733496200000000158e+02,3.970927199999999857e+01,4.391961900000000085e+00,4.314418400000000098e+00,4.013204499999999619e+00,2.189729400000000048e+00
5.040000000000000036e+00,1.095143000000000029e+03,6.954593499999999722e+02,2.773117700000000241e+02,4.132012300000000238e+01,4.338337199999999783e+00,4.234643600000000063e+00,3.896204399999999790e+00,2.179445199999999971e+00
5.046666700000000283e+00,1.101788399999999911e+03,7.019410199999999804e+02,2.818780100000000175e+02,4.325016500000000264e+01,4.304454699999999967e+00,4.152943600000000401e+00,3.804269399999999912e+00,2.172862600000000199e+00
5.053333300000000250e+00,1.108982799999999997e+03,7.088712100000000191e+02,2.870511200000000258e+02,4.563402800000000070e+01,4.292828499999999714e+00,4.075403500000000179e+00,3.723507699999999865e+00,2.163437800000000077e+00
5.059999999999999609e+00,1.116911900000000060e+03,7.165625199999999495e+02,2.933744199999999864e+02,4.860139499999999657e+01,4.294312599999999591e+00,3.994092600000000104e+00,3.642510300000000090e+00,2.146267899999999784e+00
5.066666699999999857e+00,1.125545900000000074e+03,7.249349499999999580e+02,3.002115099999999757e+02,5.200901199999999847e+01,4.329284900000000214e+00,3.931051599999999979e+00,3.580714599999999859e+00,2.139021099999999898e+00
5.073333299999999824e+00,1.134961399999999912e+03,7.340097200000000157e+02,3.076315799999999854e+02,5.560104700000000122e+01,4.390921299999999583e+00,3.876356599999999819e+00,3.527875199999999989e+00,2.137310799999999844e+00
5.080000000000000071e+00,1.145217300000000023e+03,7.438403899999999567e+02,3.156214699999999880e+02,5.937668699999999689e+01,4.478659399999999735e+00,3.837222899999999992e+00,3.486640500000000031e+00,2.144538199999999950e+00
5.086666700000000318e+00,1.156210700000000088e+03,7.543436799999999494e+02,3.241613800000000083e+02,6.328519099999999753e+01,4.523951099999999670e+00,3.830350699999999886e+00,3.456964399999999937e+00,2.157221700000000020e+00
5.093333300000000285e+00,1.168202700000000050e+03,7.658124400000000378e+02,3.336261700000000019e+02,6.785008999999999446e+01,4.667799300000000429e+00,3.779555499999999846e+00,3.411915800000000054e+00,2.165027799999999836e+00
5.099999999999999645e+00,1.181115099999999984e+03,7.781404400000000123e+02,3.438174500000000080e+02,7.267083599999999421e+01,4.853753300000000159e+00,3.765218899999999813e+00,3.388033800000000095e+00,2.186120199999999958e+00
5.106666699999999892e+00,1.195142299999999977e+03,7.915132899999999836e+02,3.548834800000000200e+02,7.783776699999999948e+01,5.068230599999999697e+00,3.768057400000000001e+00,3.382786499999999918e+00,2.223028199999999899e+00
5.113333299999999859e+00,1.210258399999999938e+03,8.059317099999999527e+02,3.669033699999999953e+02,8.344376200000000665e+01,5.354042599999999652e+00,3.778755600000000214e+00,3.375040300000000215e+00,2.252031800000000139e+00
5.120000000000000107e+00,1.226746100000000069e+03,8.216500700000000279e+02,3.801075099999999907e+02,8.970262800000000425e+01,5.652800199999999720e+00,3.799078999999999873e+00,3.373362499999999820e+00,2.281376299999999802e+00
5.126666700000000354e+00,1.244712899999999991e+03,8.387714999999999463e+02,3.946134900000000130e+02,9.669272100000000592e+01,5.688356100000000026e+00,3.848302299999999843e+00,3.391398800000000158e+00,2.318192199999999925e+00
5.133333300000000321e+00,1.263694300000000112e+03,8.568107499999999845e+02,4.098802099999999768e+02,1.035703800000000001e+02,6.084742000000000317e+00,4.029922100000000285e+00,3.453673199999999888e+00,2.377717099999999917e+00
5.139999999999999680e+00,1.284355600000000095e+03,8.764980699999999842e+02,4.268440600000000131e+02,1.113972399999999965e+02,6.480915200000000098e+00,4.296621799999999602e+00,3.499133399999999838e+00,2.430249900000000185e+00
5.146666699999999928e+00,1.306796800000000076e+03,8.979433999999999969e+02,4.456009399999999800e+02,1.204731199999999944e+02,7.189285700000000112e+00,4.427522999999999875e+00,3.518226400000000087e+00,2.473214500000000093e+00
5.153333299999999895e+00,1.330211299999999937e+03,9.205215699999999970e+02,4.658125200000000063e+02,1.304124999999999943e+02,7.771744700000000172e+00,4.666449799999999648e+00,3.568933100000000191e+00,2.536222899999999836e+00
5.160000000000000142e+00,1.356249499999999898e+03,9.454017000000000053e+02,4.880887999999999920e+02,1.414228500000000111e+02,8.285423899999999620e+00,4.995100599999999780e+00,3.656860899999999859e+00,2.623031199999999785e+00
5.166666700000000390e+00,1.384154800000000023e+03,9.721281800000000430e+02,5.122868200000000343e+02,1.536745200000000011e+02,8.825509600000000177e+00,5.414834299999999878e+00,3.780254900000000085e+00,2.733056899999999789e+00
5.173333300000000357e+00,1.413425300000000107e+03,1.000416699999999992e+03,5.383034199999999601e+02,1.672110800000000097e+02,9.351785100000000739e+00,5.920029999999999681e+00,3.911289700000000202e+00,2.837598799999999866e+00
5.179999999999999716e+00,1.445075000000000045e+03,1.030949699999999893e+03,5.665409700000000157e+02,1.822552799999999991e+02,9.870355299999999943e+00,6.510098499999999788e+00,4.078815500000000149e+00,2.953624899999999887e+00
5.186666699999999963e+00,1.479352200000000039e+03,1.063997100000000046e+03,5.972883299999999736e+02,1.990706000000000131e+02,1.036262900000000009e+01,7.075066900000000381e+00,4.320054899999999698e+00,3.120405499999999943e+00
5.193333299999999930e+00,1.515742999999999938e+03,1.099270299999999907e+03,6.304904699999999593e+02,2.177645799999999952e+02,1.076345399999999941e+01,7.584965099999999794e+00,4.589277799999999630e+00,3.281530099999999894e+00
5.200000000000000178e+00,1.554505100000000084e+03,1.136927200000000084e+03,6.662898800000000392e+02,2.385360300000000109e+02,1.109087099999999992e+01,8.156564700000000556e+00,4.949576200000000092e+00,3.479582100000000011e+00
5.206666700000000425e+00,1.596086999999999989e+03,1.177383299999999963e+03,7.050080500000000256e+02,2.616791699999999992e+02,1.130307900000000032e+01,8.735236900000000304e+00,5.375651000000000401e+00,3.703685999999999812e+00
5.213333300000000392e+00,1.640094100000000026e+03,1.220427100000000110e+03,7.467077199999999948e+02,2.875511200000000258e+02,1.142510700000000057e+01,9.331029600000000812e+00,5.877989600000000259e+00,3.989454299999999787e+00
5.219999999999999751e+00,1.687283100000000104e+03,1.266718699999999899e+03,7.918842300000000023e+02,3.165861300000000256e+02,1.131026400000000010e+01,9.868578799999999873e+00,6.445431100000000413e+00,4.338354400000000055e+00
5.226666699999999999e+00,1.737457300000000032e+03,1.316282899999999927e+03,8.408120499999999993e+02,3.496410799999999881e+02,1.079991599999999963e+01,1.041896799999999956e+01,7.078924899999999631e+00,4.756281000000000425e+00
5.233333299999999966e+00,1.791456599999999980e+03,1.370054699999999912e+03,8.947198399999999765e+02,3.892803299999999922e+02,9.653161100000000161e+00,1.088762900000000045e+01,7.746829700000000152e+00,5.247948300000000010e+00
5.240000000000000213e+00,1.849360599999999977e+03,1.428088199999999915e+03,9.534963400000000320e+02,4.362754600000000096e+02,8.121667600000000320e+00,1.132968400000000031e+01,8.429859099999999827e+00,5.815603499999999926e+00
5.246666699999999572e+00,1.910860899999999901e+03,1.490136199999999917e+03,1.016977099999999950e+03,4.911505799999999908e+02,6.179576400000000191e+00,1.174236299999999922e+01,9.096746800000000022e+00,6.335018999999999956e+00
5.253333300000000428e+00,1.975162000000000035e+03,1.555391499999999951e+03,1.084192700000000059e+03,5.535018700000000536e+02,3.943655699999999875e+00,1.216446700000000014e+01,9.756473800000000196e+00,6.950903499999999902e+00
5.259999999999999787e+00,2.041755100000000084e+03,1.623287299999999959e+03,1.154216400000000021e+03,6.218430899999999610e+02,1.309603000000000073e+00,1.260699800000000081e+01,1.042476300000000045e+01,7.578509300000000337e+00
5.266666700000000034e+00,2.111105199999999968e+03,1.694456699999999955e+03,1.228043200000000070e+03,6.999932000000000016e+02,-2.370902099999999901e+00,1.297560299999999955e+01,1.113509999999999955e+01,8.251795599999999453e+00
5.273333300000000001e+00,2.180797300000000178e+03,1.766019999999999982e+03,1.301153700000000072e+03,7.794164200000000164e+02,-6.046217399999999742e+00,1.349216000000000015e+01,1.191320900000000016e+01,8.967351799999999429e+00
5.280000000000000249e+00,2.247150599999999940e+03,1.834404099999999971e+03,1.370830500000000029e+03,8.582145199999999932e+02,-1.027773499999999984e+01,1.419744400000000084e+01,1.279710000000000036e+01,9.745676800000000028e+00
5.286666699999999608e+00,2.312992099999999937e+03,1.902710399999999936e+03,1.439986300000000028e+03,9.373510599999999613e+02,-1.866534400000000105e+01,1.436748599999999954e+01,1.363537400000000055e+01,1.055780700000000039e+01
5.293333299999999575e+00,2.378231299999999919e+03,1.970886999999999944e+03,1.508751899999999978e+03,1.016842200000000048e+03,-3.455817700000000059e+01,1.362696599999999947e+01,1.444990999999999914e+01,1.144310499999999919e+01
5.299999999999999822e+00,2.440085799999999836e+03,2.035704799999999977e+03,1.574178900000000112e+03,1.090935500000000047e+03,-5.264094300000000004e+01,1.329145699999999941e+01,1.547280600000000028e+01,1.238987900000000053e+01
5.306666700000000070e+00,2.497727699999999913e+03,2.096406300000000101e+03,1.635612399999999980e+03,1.159288800000000037e+03,-7.362657400000000507e+01,1.325105499999999914e+01,1.670498699999999914e+01,1.348189600000000077e+01
5.313333300000000037e+00,2.551207800000000134e+03,2.152873000000000047e+03,1.692267700000000104e+03,1.219151900000000069e+03,-8.665278999999999598e+01,1.534514599999999973e+01,1.850309199999999876e+01,1.481085000000000029e+01
5.320000000000000284e+00,2.598825899999999820e+03,2.203937800000000152e+03,1.744809600000000046e+03,1.275950199999999995e+03,-9.957815600000000700e+01,1.782910599999999945e+01,2.062732899999999958e+01,1.640468200000000110e+01
5.326666699999999643e+00,2.641813299999999799e+03,2.250559900000000198e+03,1.793433800000000019e+03,1.327704799999999977e+03,-1.180608699999999942e+02,1.957184000000000168e+01,2.281080000000000041e+01,1.812659400000000076e+01
5.333333299999999610e+00,2.680333299999999781e+03,2.292724400000000060e+03,1.837898400000000038e+03,1.374747299999999996e+03,-1.431992099999999937e+02,2.032122100000000131e+01,2.508382200000000140e+01,2.000752599999999859e+01
5.339999999999999858e+00,2.715523700000000190e+03,2.331588400000000092e+03,1.879535200000000032e+03,1.419481399999999894e+03,-1.629258499999999970e+02,2.232424299999999917e+01,2.811625799999999842e+01,2.226084099999999921e+01
5.346666700000000105e+00,2.745344500000000153e+03,2.364894099999999980e+03,1.915585800000000063e+03,1.458412000000000035e+03,-1.900733799999999860e+02,2.264133800000000107e+01,3.214268799999999970e+01,2.502398900000000026e+01
5.353333300000000072e+00,2.770630400000000009e+03,2.393624499999999898e+03,1.947521600000000035e+03,1.494856399999999894e+03,-2.086767199999999889e+02,2.518437399999999826e+01,3.698716499999999741e+01,2.817490300000000047e+01
5.360000000000000320e+00,2.791236699999999928e+03,2.417460300000000188e+03,1.974511700000000019e+03,1.526639100000000099e+03,-2.356717999999999904e+02,2.514552300000000074e+01,4.218905500000000330e+01,3.183520499999999842e+01
5.366666699999999679e+00,2.807078300000000127e+03,2.436100100000000111e+03,1.995682999999999993e+03,1.551609899999999925e+03,-2.695532200000000103e+02,2.523171400000000020e+01,4.868097399999999908e+01,3.617706100000000191e+01
5.373333299999999646e+00,2.818350199999999859e+03,2.449939100000000053e+03,2.011911700000000110e+03,1.571713600000000042e+03,-2.981768900000000144e+02,2.791313600000000150e+01,5.661911200000000122e+01,4.124746499999999827e+01
5.379999999999999893e+00,2.829169400000000223e+03,2.463507700000000114e+03,2.028682199999999966e+03,1.594366899999999987e+03,-2.963322499999999877e+02,4.306047099999999972e+01,6.662107799999999713e+01,4.724175100000000072e+01
5.386666700000000141e+00,2.837210000000000036e+03,2.474130000000000109e+03,2.042401900000000069e+03,1.613569099999999935e+03,-2.951840300000000070e+02,5.989469199999999915e+01,7.828409000000000617e+01,5.401709300000000269e+01
5.393333300000000108e+00,2.843809299999999894e+03,2.483150999999999840e+03,2.054491399999999885e+03,1.630497499999999945e+03,-2.875103300000000104e+02,7.806283100000000275e+01,9.071593300000000681e+01,6.160799200000000297e+01
5.400000000000000355e+00,2.847275000000000091e+03,2.488852100000000064e+03,2.063217299999999796e+03,1.643871799999999894e+03,-2.798052900000000136e+02,9.628748699999999872e+01,1.056961900000000014e+02,7.065414800000000639e+01
5.406666699999999715e+00,2.848269999999999982e+03,2.491932499999999891e+03,2.069381699999999910e+03,1.654773899999999912e+03,-2.701530200000000264e+02,1.184068699999999978e+02,1.246525100000000066e+02,8.227043999999999357e+01
5.413333299999999682e+00,2.846961400000000140e+03,2.492579900000000180e+03,2.073184000000000196e+03,1.663550799999999981e+03,-2.577032699999999750e+02,1.436057999999999879e+02,1.465515800000000013e+02,9.524722800000000689e+01
5.419999999999999929e+00,2.844249400000000151e+03,2.491638800000000174e+03,2.075321399999999812e+03,1.670650399999999991e+03,-2.444370199999999897e+02,1.690085400000000107e+02,1.732499200000000030e+02,1.099849600000000009e+02
5.426666700000000176e+00,2.839027199999999993e+03,2.488021699999999782e+03,2.074733099999999922e+03,1.675088600000000042e+03,-2.305446399999999869e+02,1.923873900000000106e+02,2.042100599999999986e+02,1.266969600000000042e+02
5.433333300000000143e+00,2.832187399999999798e+03,2.482603399999999965e+03,2.072216800000000148e+03,1.677611499999999978e+03,-2.166643300000000067e+02,2.164183400000000006e+02,2.374053499999999985e+02,1.454000399999999900e+02
5.440000000000000391e+00,2.824148599999999988e+03,2.475910100000000057e+03,2.068545700000000124e+03,1.679450900000000047e+03,-1.975095499999999902e+02,2.346876300000000128e+02,2.801872999999999934e+02,1.691161899999999889e+02
5.446666699999999750e+00,2.815420999999999822e+03,2.468441800000000057e+03,2.064170200000000023e+03,1.681046000000000049e+03,-1.706350300000000004e+02,2.620376499999999851e+02,3.356357800000000111e+02,1.999722199999999930e+02
5.453333299999999717e+00,2.806614999999999782e+03,2.460897500000000036e+03,2.059922900000000027e+03,1.683437599999999975e+03,-1.336861000000000104e+02,3.052891599999999812e+02,4.073539499999999975e+02,2.326307799999999872e+02
5.459999999999999964e+00,2.795461299999999937e+03,2.450744000000000142e+03,2.052675000000000182e+03,1.682284100000000080e+03,-1.002931200000000018e+02,3.378625900000000115e+02,4.670387699999999995e+02,2.737810600000000250e+02
5.466666700000000212e+00,2.782213400000000092e+03,2.438309600000000046e+03,2.042892599999999902e+03,1.678313300000000027e+03,-6.733685699999999485e+01,3.673774199999999723e+02,5.171064000000000078e+02,3.240769700000000171e+02
5.473333300000000179e+00,2.768095299999999952e+03,2.424828799999999774e+03,2.031811300000000074e+03,1.672702099999999973e+03,-3.465051199999999909e+01,3.938932599999999979e+02,5.562854999999999563e+02,3.769672600000000102e+02
5.480000000000000426e+00,2.752571100000000115e+03,2.409800200000000132e+03,2.018955300000000079e+03,1.664970800000000054e+03,-3.878923700000000085e+00,4.156181700000000205e+02,5.803491900000000214e+02,4.404460500000000138e+02
5.486666699999999786e+00,2.737107599999999820e+03,2.394866100000000188e+03,2.006399100000000089e+03,1.658169200000000046e+03,3.527669399999999911e+01,4.523560400000000072e+02,6.266183999999999514e+02,5.376941100000000233e+02
5.493333299999999753e+00,2.720353000000000065e+03,2.378340700000000197e+03,1.991640400000000000e+03,1.648195799999999963e+03,6.824553799999999626e+01,4.762554999999999836e+02,6.466474899999999479e+02,5.895215100000000348e+02
5.500000000000000000e+00,2.701673400000000129e+03,2.359693900000000212e+03,1.974353399999999965e+03,1.634989199999999983e+03,9.636174400000000162e+01,4.952569700000000239e+02,6.623229199999999537e+02,6.250117999999999938e+02
5.506666700000000247e+00,2.681991899999999987e+03,2.339945799999999963e+03,1.955741999999999962e+03,1.620050199999999904e+03,1.196317499999999967e+02,5.047547999999999888e+02,6.577862199999999575e+02,6.149902399999999716e+02
5.513333300000000214e+00,2.662089399999999841e+03,2.319915300000000116e+03,1.936777199999999993e+03,1.604807499999999891e+03,1.455585000000000093e+02,5.224120599999999968e+02,6.681332200000000512e+02,6.266997900000000072e+02
5.519999999999999574e+00,2.641505700000000161e+03,2.299064600000000155e+03,1.916679200000000037e+03,1.587949599999999919e+03,1.679069299999999885e+02,5.336512999999999920e+02,6.677368300000000545e+02,6.152931999999999562e+02
5.526666699999999821e+00,2.620851200000000063e+03,2.278101700000000164e+03,1.896440900000000056e+03,1.570983500000000049e+03,1.913438299999999970e+02,5.462297099999999546e+02,6.714393800000000283e+02,6.104160799999999654e+02
5.533333299999999788e+00,2.600348399999999856e+03,2.257127700000000004e+03,1.876318800000000010e+03,1.553624399999999923e+03,2.126094300000000032e+02,5.569437400000000480e+02,6.749254899999999679e+02,6.051614299999999957e+02
5.540000000000000036e+00,2.579990299999999934e+03,2.236173200000000179e+03,1.856180299999999988e+03,1.536129899999999907e+03,2.354661099999999863e+02,5.702229999999999563e+02,6.847299900000000434e+02,6.128490000000000464e+02
5.546666700000000283e+00,2.558731999999999971e+03,2.214241100000000188e+03,1.834891699999999901e+03,1.517137300000000096e+03,2.569345500000000015e+02,5.856808999999999514e+02,6.934225999999999885e+02,6.184941900000000032e+02
5.553333300000000250e+00,2.538329200000000128e+03,2.193061099999999897e+03,1.814076199999999972e+03,1.498281899999999951e+03,2.724668899999999780e+02,5.950016799999999648e+02,6.983219000000000278e+02,6.205095599999999649e+02
5.559999999999999609e+00,2.517790800000000218e+03,2.171780299999999897e+03,1.792939800000000105e+03,1.478811099999999897e+03,2.907264400000000251e+02,6.028514199999999619e+02,7.031312900000000354e+02,6.239802799999999934e+02
5.566666699999999857e+00,2.497584499999999935e+03,2.150768300000000181e+03,1.771665600000000040e+03,1.458626299999999901e+03,3.041679399999999873e+02,6.101281500000000051e+02,7.099799799999999550e+02,6.338051900000000387e+02
5.573333299999999824e+00,2.478217900000000100e+03,2.130827600000000075e+03,1.751504899999999907e+03,1.439868799999999965e+03,3.239505500000000211e+02,6.194971600000000080e+02,7.158012499999999818e+02,6.410057500000000346e+02
5.580000000000000071e+00,2.459144800000000032e+03,2.110922999999999774e+03,1.730916099999999915e+03,1.420123299999999972e+03,3.384810800000000199e+02,6.253822999999999865e+02,7.187055400000000418e+02,6.449793300000000045e+02
5.584999999999999964e+00,2.445006199999999808e+03,2.102039200000000164e+03,1.714061799999999948e+03,1.429235400000000027e+03,3.117988500000000158e+02,6.293922099999999773e+02,7.210787900000000263e+02,6.504828099999999722e+02
5.589999999999999858e+00,2.433818600000000060e+03,2.089173999999999978e+03,1.698960399999999936e+03,1.414901599999999917e+03,3.302339299999999866e+02,6.376245199999999613e+02,7.242190799999999626e+02,6.558913400000000138e+02
5.594999999999999751e+00,2.419406700000000001e+03,2.074374899999999798e+03,1.682366800000000012e+03,1.396004899999999907e+03,3.445533599999999979e+02,6.418326299999999947e+02,7.243832400000000007e+02,6.575662700000000314e+02
5.599999999999999645e+00,2.404818000000000211e+03,2.060402900000000045e+03,1.666750199999999950e+03,1.378076600000000099e+03,3.537508799999999951e+02,6.436606799999999566e+02,7.234246200000000044e+02,6.581823799999999665e+02
5.605000000000000426e+00,2.394324999999999818e+03,2.044360100000000102e+03,1.651231299999999919e+03,1.361449000000000069e+03,3.643848100000000159e+02,6.459033500000000458e+02,7.227979500000000144e+02,6.591792000000000371e+02
5.610000000000000320e+00,2.381889599999999973e+03,2.029884700000000066e+03,1.637062400000000025e+03,1.346055599999999913e+03,3.754874899999999798e+02,6.476969100000000026e+02,7.214338099999999940e+02,6.586415399999999636e+02
5.615000000000000213e+00,2.371285899999999856e+03,2.013871699999999919e+03,1.622860200000000077e+03,1.331044300000000021e+03,3.878587699999999927e+02,6.493701300000000174e+02,7.200821200000000317e+02,6.587241800000000467e+02
5.620000000000000107e+00,2.358021799999999985e+03,2.000106399999999894e+03,1.609788099999999986e+03,1.316419200000000046e+03,3.960448099999999840e+02,6.495016000000000531e+02,7.179964800000000196e+02,6.581672200000000430e+02
5.623999999999999666e+00,2.349650599999999940e+03,1.994863499999999931e+03,1.597556499999999915e+03,1.323894999999999982e+03,3.796866400000000112e+02,6.517172100000000228e+02,7.177412399999999479e+02,6.624666099999999460e+02
5.628000000000000114e+00,2.341344900000000052e+03,1.986884099999999989e+03,1.587501299999999901e+03,1.312717799999999897e+03,3.900916100000000029e+02,6.543632400000000189e+02,7.172548500000000331e+02,6.641381099999999833e+02
5.631999999999999673e+00,2.331126600000000053e+03,1.976916799999999967e+03,1.576644800000000032e+03,1.298808099999999968e+03,3.992999599999999987e+02,6.544426099999999451e+02,7.139794100000000299e+02,6.612477599999999711e+02
5.636000000000000121e+00,2.321261100000000170e+03,1.967090699999999970e+03,1.566602799999999888e+03,1.286224699999999984e+03,4.148603100000000268e+02,6.554094900000000052e+02,7.111296099999999569e+02,6.589438999999999851e+02
5.639999999999999680e+00,2.311016299999999774e+03,1.956678900000000112e+03,1.556110500000000002e+03,1.273095900000000029e+03,4.193146100000000160e+02,6.526691700000000083e+02,7.068984900000000380e+02,6.558130800000000136e+02
5.643333300000000108e+00,2.305512299999999868e+03,1.954294699999999921e+03,1.545478100000000040e+03,1.278663199999999961e+03,4.061591599999999858e+02,6.526663600000000542e+02,7.046031699999999773e+02,6.583575299999999970e+02
5.646666699999999928e+00,2.298751699999999801e+03,1.947920699999999897e+03,1.536734200000000101e+03,1.268447400000000016e+03,4.108043200000000184e+02,6.517360800000000154e+02,7.018106999999999971e+02,6.573887799999999970e+02
5.650000000000000355e+00,2.290318999999999960e+03,1.939773899999999912e+03,1.528192700000000059e+03,1.256897500000000036e+03,4.163490600000000086e+02,6.500042899999999690e+02,6.979478000000000293e+02,6.546003799999999728e+02
5.653333299999999895e+00,2.281913199999999961e+03,1.930629799999999932e+03,1.521076199999999972e+03,1.246117799999999988e+03,4.204244400000000041e+02,6.475681799999999839e+02,6.938073699999999917e+02,6.516638400000000502e+02
5.656666699999999715e+00,2.272318900000000212e+03,1.918974300000000085e+03,1.516183600000000069e+03,1.236636899999999969e+03,4.236548199999999724e+02,6.446893599999999651e+02,6.893736599999999726e+02,6.482923299999999927e+02
5.660000000000000142e+00,2.265393000000000029e+03,1.910391800000000103e+03,1.509718699999999899e+03,1.226526599999999917e+03,4.259390700000000152e+02,6.413602300000000014e+02,6.845873100000000022e+02,6.443958599999999706e+02
5.663333299999999682e+00,2.257368300000000090e+03,1.899258000000000038e+03,1.505616099999999960e+03,1.217434700000000021e+03,4.276849500000000148e+02,6.377152499999999691e+02,6.798245899999999438e+02,6.407969600000000128e+02
5.666666700000000390e+00,2.251614599999999882e+03,1.892229100000000017e+03,1.498262199999999893e+03,1.206972099999999955e+03,4.280309899999999743e+02,6.331244199999999864e+02,6.739934299999999894e+02,6.353825799999999617e+02
5.669999999999999929e+00,2.245832699999999932e+03,1.885373800000000074e+03,1.491201000000000022e+03,1.197296000000000049e+03,4.284766099999999938e+02,6.284950000000000045e+02,6.681091599999999744e+02,6.299467200000000275e+02
5.673333300000000357e+00,2.239703500000000076e+03,1.878178200000000061e+03,1.484894000000000005e+03,1.188682199999999966e+03,4.291948399999999992e+02,6.238946399999999812e+02,6.621218499999999949e+02,6.244005700000000161e+02
5.676666700000000176e+00,2.233728799999999865e+03,1.871338999999999942e+03,1.478526499999999942e+03,1.180271300000000110e+03,4.295083000000000197e+02,6.190950000000000273e+02,6.561189500000000407e+02,6.191511900000000423e+02
5.679999999999999716e+00,2.228019899999999780e+03,1.864892900000000054e+03,1.472221700000000055e+03,1.172036200000000008e+03,4.292781800000000203e+02,6.138906399999999621e+02,6.496567099999999755e+02,6.132633200000000215e+02
5.683333300000000143e+00,2.222496799999999894e+03,1.858695500000000038e+03,1.466096000000000004e+03,1.164097500000000082e+03,4.287862999999999829e+02,6.085856800000000248e+02,6.430337500000000546e+02,6.071215399999999818e+02
5.686666699999999963e+00,2.217069899999999961e+03,1.852643100000000004e+03,1.460068500000000085e+03,1.156338500000000067e+03,4.277113400000000070e+02,6.029068800000000010e+02,6.361032599999999775e+02,6.006582200000000284e+02
5.690000000000000391e+00,2.211834499999999935e+03,1.846828700000000026e+03,1.454248000000000047e+03,1.148910100000000057e+03,4.263935000000000173e+02,5.970400300000000016e+02,6.287693600000000060e+02,5.936732899999999518e+02
5.693333299999999930e+00,2.206716399999999794e+03,1.841170399999999972e+03,1.448544200000000046e+03,1.141695899999999938e+03,4.249465400000000272e+02,5.907401300000000219e+02,6.208366099999999506e+02,5.864102000000000317e+02
5.696666699999999750e+00,2.201696399999999812e+03,1.835642700000000104e+03,1.442952999999999975e+03,1.134708399999999983e+03,4.236372700000000009e+02,5.850230000000000246e+02,6.134773099999999886e+02,5.793422199999999975e+02
5.700000000000000178e+00,2.196819500000000062e+03,1.830283899999999903e+03,1.437508800000000065e+03,1.127951299999999947e+03,4.222018899999999917e+02,5.790440099999999575e+02,6.057428899999999885e+02,5.723490500000000338e+02
5.702857100000000123e+00,2.193781399999999849e+03,1.828662600000000111e+03,1.432316100000000006e+03,1.133377500000000055e+03,4.131982100000000173e+02,5.769638200000000552e+02,6.011497000000000526e+02,5.719364600000000110e+02
5.705714300000000350e+00,2.190446600000000217e+03,1.825195400000000063e+03,1.428043799999999919e+03,1.128105199999999968e+03,4.124043399999999906e+02,5.729391600000000153e+02,5.952089300000000094e+02,5.671077599999999848e+02
5.708571400000000295e+00,2.186742099999999937e+03,1.821196099999999888e+03,1.423607600000000048e+03,1.121496000000000095e+03,4.126227299999999900e+02,5.689433699999999590e+02,5.893122399999999743e+02,5.617984599999999773e+02
5.711428599999999633e+00,2.182757799999999861e+03,1.816883399999999938e+03,1.419159499999999980e+03,1.115023500000000013e+03,4.126798400000000129e+02,5.649285700000000361e+02,5.834075100000000020e+02,5.561118599999999788e+02
5.714285699999999579e+00,2.178791999999999916e+03,1.812582000000000107e+03,1.414890300000000025e+03,1.108986900000000105e+03,4.126461600000000089e+02,5.610377300000000105e+02,5.777256499999999733e+02,5.505427799999999934e+02
5.717142899999999806e+00,2.174935199999999895e+03,1.808385099999999966e+03,1.410793200000000070e+03,1.103320099999999911e+03,4.125118299999999749e+02,5.572387700000000450e+02,5.722205999999999904e+02,5.450751000000000204e+02
5.719999999999999751e+00,2.171226500000000215e+03,1.804329099999999926e+03,1.406845900000000029e+03,1.097953700000000026e+03,4.123058199999999829e+02,5.535246200000000272e+02,5.668895099999999729e+02,5.396760199999999941e+02
5.723333300000000179e+00,2.166336200000000190e+03,1.797329099999999926e+03,1.403227599999999939e+03,1.082733899999999949e+03,4.183814499999999725e+02,5.465814000000000306e+02,5.592363400000000411e+02,5.283688100000000532e+02
5.726666699999999999e+00,2.162048299999999927e+03,1.792447100000000091e+03,1.398981299999999919e+03,1.077143900000000031e+03,4.178585299999999734e+02,5.419834200000000237e+02,5.532882899999999609e+02,5.217697600000000193e+02
5.730000000000000426e+00,2.158362200000000030e+03,1.788328099999999949e+03,1.395149799999999914e+03,1.073126700000000028e+03,4.166438299999999799e+02,5.377624499999999443e+02,5.477172699999999850e+02,5.158876099999999951e+02
5.733333299999999966e+00,2.155065900000000056e+03,1.784651100000000042e+03,1.391566100000000006e+03,1.069378699999999981e+03,4.156303399999999897e+02,5.337783500000000458e+02,5.422769899999999552e+02,5.101445899999999938e+02
5.736666699999999786e+00,2.151957800000000134e+03,1.781188499999999976e+03,1.388075599999999895e+03,1.065634099999999989e+03,4.147150599999999940e+02,5.298525100000000521e+02,5.368129300000000512e+02,5.043592499999999745e+02
5.740000000000000213e+00,2.148883499999999913e+03,1.777767499999999927e+03,1.384516200000000026e+03,1.061656600000000026e+03,4.137768399999999929e+02,5.260079200000000128e+02,5.314225199999999631e+02,4.986102799999999888e+02
5.743999999999999773e+00,2.144497400000000198e+03,1.771453600000000051e+03,1.380976200000000063e+03,1.047505300000000034e+03,4.184159300000000030e+02,5.187088499999999840e+02,5.232493699999999990e+02,4.865476499999999760e+02
5.748000000000000220e+00,2.140478500000000167e+03,1.766897300000000087e+03,1.376729199999999992e+03,1.042631000000000085e+03,4.170847200000000043e+02,5.137384299999999939e+02,5.167862999999999829e+02,4.788928000000000225e+02
5.751999999999999780e+00,2.137004100000000108e+03,1.763044499999999971e+03,1.372889799999999923e+03,1.039200499999999920e+03,4.152282700000000091e+02,5.092228200000000129e+02,5.107847499999999741e+02,4.720957599999999843e+02
5.756000000000000227e+00,2.133832199999999830e+03,1.759542899999999918e+03,1.369227000000000089e+03,1.035776499999999942e+03,4.135381899999999860e+02,5.049211199999999735e+02,5.048875400000000013e+02,4.654431599999999776e+02
5.759999999999999787e+00,2.130854800000000068e+03,1.756264100000000099e+03,1.365671900000000051e+03,1.032220900000000029e+03,4.119579499999999825e+02,5.007251299999999787e+02,4.990392200000000003e+02,4.588930799999999977e+02
5.764000000000000234e+00,2.127964500000000044e+03,1.753099799999999959e+03,1.362182999999999993e+03,1.028572699999999941e+03,4.104566399999999931e+02,4.966036500000000160e+02,4.932281800000000089e+02,4.524354299999999967e+02
5.767999999999999794e+00,2.125172799999999825e+03,1.750058899999999994e+03,1.358804799999999886e+03,1.024922700000000077e+03,4.089939499999999839e+02,4.925346900000000119e+02,4.874622100000000273e+02,4.460740000000000123e+02
5.772000000000000242e+00,2.122464399999999841e+03,1.747123800000000074e+03,1.355540700000000015e+03,1.021309600000000046e+03,4.075202600000000075e+02,4.884058699999999931e+02,4.814209000000000174e+02,4.388400300000000129e+02
5.775999999999999801e+00,2.119860499999999774e+03,1.744309500000000071e+03,1.352412600000000111e+03,1.017781799999999976e+03,4.060921000000000163e+02,4.844121799999999780e+02,4.756881000000000199e+02,4.321734999999999900e+02
5.780000000000000249e+00,2.117358499999999822e+03,1.741612800000000107e+03,1.349422299999999950e+03,1.014352499999999964e+03,4.046468600000000038e+02,4.804067000000000007e+02,4.698623600000000238e+02,4.250858099999999808e+02
5.783999999999999808e+00,2.114952400000000125e+03,1.739025000000000091e+03,1.346563499999999976e+03,1.011034700000000043e+03,4.032060900000000174e+02,4.764637599999999793e+02,4.641479299999999739e+02,4.184601099999999860e+02
5.788000000000000256e+00,2.112659099999999853e+03,1.736562699999999950e+03,1.343851899999999887e+03,1.007842800000000011e+03,4.017560399999999845e+02,4.725809300000000235e+02,4.584968999999999824e+02,4.119786700000000224e+02
5.791999999999999815e+00,2.110476500000000215e+03,1.734211999999999989e+03,1.341268600000000106e+03,1.004790799999999990e+03,4.003144800000000032e+02,4.687230599999999754e+02,4.529097399999999993e+02,4.057008599999999774e+02
5.796000000000000263e+00,2.108376900000000205e+03,1.731958000000000084e+03,1.338804000000000087e+03,1.001849600000000009e+03,3.988415400000000091e+02,4.649157000000000153e+02,4.474192899999999895e+02,3.995304800000000114e+02
5.799999999999999822e+00,2.106388100000000122e+03,1.729817000000000007e+03,1.336466400000000021e+03,9.990467300000000250e+02,3.973616400000000226e+02,4.611392000000000166e+02,4.420170899999999961e+02,3.935393199999999752e+02
5.804000000000000270e+00,2.104488100000000031e+03,1.727773599999999988e+03,1.334246000000000095e+03,9.963722900000000209e+02,3.958626399999999990e+02,4.574052899999999795e+02,4.366690699999999765e+02,3.876114699999999971e+02
5.807999999999999829e+00,2.102684900000000198e+03,1.725830400000000054e+03,1.332140200000000050e+03,9.938307999999999538e+02,3.943600799999999822e+02,4.537421299999999746e+02,4.314196499999999901e+02,3.817833999999999719e+02
5.812000000000000277e+00,2.100965799999999945e+03,1.723975899999999911e+03,1.330135099999999966e+03,9.914072899999999890e+02,3.928199299999999994e+02,4.500982500000000073e+02,4.262116100000000074e+02,3.758322299999999814e+02
5.815999999999999837e+00,2.099336299999999937e+03,1.722214699999999993e+03,1.328234600000000000e+03,9.891087700000000495e+02,3.912554099999999835e+02,4.464670800000000099e+02,4.210621899999999869e+02,3.699686100000000124e+02
5.820000000000000284e+00,2.097802499999999782e+03,1.720554000000000087e+03,1.326442999999999984e+03,9.869375400000000127e+02,3.896644299999999816e+02,4.428435999999999808e+02,4.160646399999999971e+02,3.645329800000000091e+02
5.823333299999999824e+00,2.097251099999999951e+03,1.721243400000000065e+03,1.324233199999999897e+03,9.940322700000000395e+02,3.837740400000000136e+02,4.419801800000000185e+02,4.131226899999999773e+02,3.632424500000000194e+02
5.826666699999999643e+00,2.096543500000000222e+03,1.720623100000000022e+03,1.323038000000000011e+03,9.923020699999999579e+02,3.825137700000000223e+02,4.394028999999999883e+02,4.090984900000000266e+02,3.592898799999999824e+02
5.830000000000000071e+00,2.095467299999999796e+03,1.719513500000000022e+03,1.321633399999999938e+03,9.895031000000000176e+02,3.816813099999999963e+02,4.365603699999999776e+02,4.049448100000000181e+02,3.551132200000000125e+02
5.833333299999999610e+00,2.094290800000000218e+03,1.718284900000000107e+03,1.320254200000000083e+03,9.869781500000000278e+02,3.807513500000000022e+02,4.337103999999999928e+02,4.009204899999999725e+02,3.510856800000000248e+02
5.836666700000000318e+00,2.093112799999999879e+03,1.717028399999999920e+03,1.318938499999999976e+03,9.847899400000000014e+02,3.797365399999999909e+02,4.308882199999999898e+02,3.970520099999999957e+02,3.472772499999999809e+02
5.839999999999999858e+00,2.091966899999999896e+03,1.715801500000000033e+03,1.317718000000000075e+03,9.828752899999999499e+02,3.786704799999999977e+02,4.281326900000000251e+02,3.933364900000000262e+02,3.436631199999999922e+02
5.842857099999999804e+00,2.091664099999999962e+03,1.716771700000000010e+03,1.315922700000000077e+03,9.892495699999999488e+02,3.735158400000000256e+02,4.276435099999999920e+02,3.911362799999999993e+02,3.434732399999999757e+02
5.845714300000000030e+00,2.091185599999999795e+03,1.716379300000000057e+03,1.315144199999999955e+03,9.878842200000000275e+02,3.726019499999999880e+02,4.256051499999999805e+02,3.878161999999999807e+02,3.406700299999999970e+02
5.848571399999999976e+00,2.090408600000000206e+03,1.715575299999999970e+03,1.314242799999999988e+03,9.856270100000000411e+02,3.720398799999999824e+02,4.232921900000000051e+02,3.842887999999999806e+02,3.376406600000000253e+02
5.851428600000000202e+00,2.089587899999999991e+03,1.714684899999999971e+03,1.313350200000000086e+03,9.836059500000000071e+02,3.713798899999999890e+02,4.209774400000000014e+02,3.809270599999999831e+02,3.346629899999999793e+02
5.854285700000000148e+00,2.088726000000000113e+03,1.713737900000000081e+03,1.312480800000000045e+03,9.818609500000000025e+02,3.706186999999999898e+02,4.186965999999999894e+02,3.776805699999999888e+02,3.318302199999999971e+02
5.857142900000000374e+00,2.087897899999999936e+03,1.712813400000000001e+03,1.311673700000000053e+03,9.803632700000000568e+02,3.698292200000000207e+02,4.164990700000000174e+02,3.745738000000000056e+02,3.290909199999999828e+02
5.860000000000000320e+00,2.087157999999999902e+03,1.711968599999999924e+03,1.310958699999999908e+03,9.790646299999999655e+02,3.689811399999999821e+02,4.143619600000000105e+02,3.715740799999999808e+02,3.264810400000000072e+02
5.862857100000000266e+00,2.086472299999999905e+03,1.711174299999999903e+03,1.310296399999999949e+03,9.779213300000000118e+02,3.681266299999999774e+02,4.123079200000000242e+02,3.686673599999999738e+02,3.239246299999999792e+02
5.865714299999999604e+00,2.085844999999999800e+03,1.710427899999999909e+03,1.309676300000000083e+03,9.768942399999999679e+02,3.672466600000000199e+02,4.103266699999999787e+02,3.658459799999999973e+02,3.214434999999999718e+02
5.868571400000000438e+00,2.085271699999999782e+03,1.709734400000000051e+03,1.309099999999999909e+03,9.759785100000000284e+02,3.663634299999999939e+02,4.084042099999999778e+02,3.630658000000000243e+02,3.189836700000000178e+02
5.871428599999999776e+00,2.084737399999999980e+03,1.709081500000000005e+03,1.308555399999999963e+03,9.751467000000000098e+02,3.654764000000000124e+02,4.065358100000000263e+02,3.603484000000000265e+02,3.165590599999999881e+02
5.874285699999999721e+00,2.084249400000000151e+03,1.708475300000000061e+03,1.308045800000000099e+03,9.743949599999999691e+02,3.645940800000000195e+02,4.047246799999999780e+02,3.576789800000000241e+02,3.141875200000000063e+02
5.877142899999999948e+00,2.083787499999999909e+03,1.707898400000000038e+03,1.307555900000000065e+03,9.737028999999999996e+02,3.637149800000000255e+02,4.029649000000000001e+02,3.550474199999999882e+02,3.118105400000000031e+02
5.879999999999999893e+00,2.083359500000000025e+03,1.707358600000000024e+03,1.307090200000000095e+03,9.730699200000000246e+02,3.628428700000000049e+02,4.012557699999999841e+02,3.524562500000000114e+02,3.094513299999999845e+02
5.882857099999999839e+00,2.082967599999999948e+03,1.706858899999999949e+03,1.306658300000000054e+03,9.724913800000000492e+02,3.619631200000000035e+02,3.995889700000000175e+02,3.498993500000000267e+02,3.070901900000000069e+02
5.885714300000000065e+00,2.082596599999999853e+03,1.706384499999999889e+03,1.306242600000000039e+03,9.719595100000000230e+02,3.610985000000000014e+02,3.979805099999999811e+02,3.473890999999999849e+02,3.047285299999999779e+02
5.888571400000000011e+00,2.082228599999999915e+03,1.705921100000000024e+03,1.305834900000000061e+03,9.714619800000000396e+02,3.602335199999999986e+02,3.964027300000000196e+02,3.448931099999999788e+02,3.023350300000000175e+02
5.891428600000000237e+00,2.081910499999999956e+03,1.705507499999999936e+03,1.305459900000000061e+03,9.710098900000000413e+02,3.593815999999999917e+02,3.948785300000000120e+02,3.424608900000000062e+02,2.999508700000000090e+02
5.894285700000000183e+00,2.081594300000000203e+03,1.705105600000000095e+03,1.305098600000000033e+03,9.705970800000000054e+02,3.585479900000000271e+02,3.934010900000000106e+02,3.400715500000000020e+02,2.975877100000000155e+02
5.897142900000000409e+00,2.081315700000000106e+03,1.704743699999999990e+03,1.304765900000000101e+03,9.702251899999999978e+02,3.577321200000000090e+02,3.919715699999999856e+02,3.377393400000000270e+02,2.952233499999999822e+02
5.900000000000000355e+00,2.081050299999999879e+03,1.704401000000000067e+03,1.304449800000000096e+03,9.698892100000000482e+02,3.569436900000000037e+02,3.905961399999999912e+02,3.354674800000000232e+02,2.928855500000000234e+02
5.902857100000000301e+00,2.080790199999999913e+03,1.704068299999999908e+03,1.304141300000000001e+03,9.695813000000000557e+02,3.561795200000000250e+02,3.892663600000000201e+02,3.332525299999999788e+02,2.906169600000000059e+02
5.905714299999999639e+00,2.080583000000000084e+03,1.703792400000000043e+03,1.303877199999999903e+03,9.693173100000000204e+02,3.554273600000000215e+02,3.880148199999999861e+02,3.310962000000000103e+02,2.883895999999999731e+02
5.908571399999999585e+00,2.080376400000000103e+03,1.703522400000000061e+03,1.303621300000000019e+03,9.690847199999999475e+02,3.547127300000000218e+02,3.867889999999999873e+02,3.289239200000000096e+02,2.861383299999999963e+02
5.911428599999999811e+00,2.080185899999999947e+03,1.703272999999999911e+03,1.303380799999999908e+03,9.688764800000000150e+02,3.539905699999999911e+02,3.855000999999999749e+02,3.267475499999999897e+02,2.838800600000000145e+02
5.914285699999999757e+00,2.080001000000000204e+03,1.703032200000000103e+03,1.303143199999999979e+03,9.686765000000000327e+02,3.532542199999999752e+02,3.841340700000000083e+02,3.247036400000000071e+02,2.816566300000000069e+02
5.917142899999999983e+00,2.079829799999999977e+03,1.702808600000000069e+03,1.302918799999999919e+03,9.685010200000000395e+02,3.525654999999999859e+02,3.828774099999999976e+02,3.227499000000000251e+02,2.794429900000000089e+02
5.919999999999999929e+00,2.079686999999999898e+03,1.702617799999999988e+03,1.302724500000000035e+03,9.683600699999999506e+02,3.519004100000000221e+02,3.816443600000000060e+02,3.208661799999999857e+02,2.772349699999999757e+02
5.922857099999999875e+00,2.079542600000000220e+03,1.702428000000000111e+03,1.302527900000000045e+03,9.682309000000000196e+02,3.512946800000000280e+02,3.804976100000000088e+02,3.190884899999999789e+02,2.750582499999999868e+02
5.925714300000000101e+00,2.079421200000000226e+03,1.702265000000000100e+03,1.302356099999999969e+03,9.681331099999999878e+02,3.507302399999999807e+02,3.794005000000000223e+02,3.173828599999999938e+02,2.728870800000000258e+02
5.928571400000000047e+00,2.079304399999999987e+03,1.702109699999999975e+03,1.302189599999999928e+03,9.680495200000000295e+02,3.502107599999999934e+02,3.783651100000000156e+02,3.157616300000000251e+02,2.707373099999999795e+02
5.931428600000000273e+00,2.079197299999999814e+03,1.701967000000000098e+03,1.302032999999999902e+03,9.679819800000000214e+02,3.497212999999999852e+02,3.773683399999999892e+02,3.142021700000000237e+02,2.685896399999999744e+02
5.934285700000000219e+00,2.079107500000000073e+03,1.701843699999999899e+03,1.301892000000000053e+03,9.679346799999999575e+02,3.492724699999999984e+02,3.764225200000000200e+02,3.127191000000000258e+02,2.664640499999999861e+02
5.937142899999999557e+00,2.079013600000000224e+03,1.701720800000000054e+03,1.301752799999999979e+03,9.678988299999999754e+02,3.488580299999999852e+02,3.755182599999999979e+02,3.113011000000000195e+02,2.643474699999999871e+02
5.940000000000000391e+00,2.078945900000000165e+03,1.701625000000000000e+03,1.301636400000000094e+03,9.678882599999999456e+02,3.484851899999999887e+02,3.746641500000000065e+02,3.099605700000000184e+02,2.622635700000000156e+02
5.943333299999999930e+00,2.078555699999999888e+03,1.700060699999999997e+03,1.302616099999999960e+03,9.612889400000000251e+02,3.522103000000000179e+02,3.723329100000000267e+02,3.083225100000000225e+02,2.579842300000000250e+02
5.946666699999999750e+00,2.078198699999999917e+03,1.699503999999999905e+03,1.302364900000000034e+03,9.612046400000000403e+02,3.518288999999999760e+02,3.712391200000000140e+02,3.070376400000000103e+02,2.555383300000000020e+02
5.950000000000000178e+00,2.077983700000000226e+03,1.699203099999999949e+03,1.302159699999999930e+03,9.619913199999999733e+02,3.510891899999999737e+02,3.703141299999999774e+02,3.058130899999999883e+02,2.532609999999999957e+02
5.953333299999999717e+00,2.078043900000000122e+03,1.699207100000000082e+03,1.302174999999999955e+03,9.628182100000000219e+02,3.504752899999999727e+02,3.694880800000000249e+02,3.046976399999999785e+02,2.511138400000000104e+02
5.956666700000000425e+00,2.078139500000000226e+03,1.699263999999999896e+03,1.302185699999999997e+03,9.634599799999999732e+02,3.499521500000000174e+02,3.687201099999999769e+02,3.035862900000000195e+02,2.489383200000000045e+02
5.959999999999999964e+00,2.078213900000000194e+03,1.699311899999999923e+03,1.302153700000000072e+03,9.639454200000000128e+02,3.494904999999999973e+02,3.679874399999999923e+02,3.025258699999999976e+02,2.467979699999999923e+02
5.964000000000000412e+00,2.078067700000000059e+03,1.698036299999999983e+03,1.303371300000000019e+03,9.572818999999999505e+02,3.534910699999999792e+02,3.658383000000000038e+02,3.011075900000000161e+02,2.426483299999999872e+02
5.967999999999999972e+00,2.077668200000000070e+03,1.697447799999999916e+03,1.303022999999999911e+03,9.575279299999999694e+02,3.530679499999999962e+02,3.648451200000000085e+02,3.000772000000000048e+02,2.400707299999999975e+02
5.972000000000000419e+00,2.077627199999999903e+03,1.697316199999999981e+03,1.302902100000000019e+03,9.587803499999999985e+02,3.523190200000000232e+02,3.640519400000000019e+02,2.991687299999999823e+02,2.377345500000000129e+02
5.975999999999999979e+00,2.077781100000000151e+03,1.697430000000000064e+03,1.302948799999999892e+03,9.599295600000000377e+02,3.517022799999999734e+02,3.633504100000000108e+02,2.983156500000000051e+02,2.355035699999999963e+02
5.980000000000000426e+00,2.077994700000000194e+03,1.697625199999999950e+03,1.303018000000000029e+03,9.608356899999999996e+02,3.511954299999999876e+02,3.626931599999999776e+02,2.974998699999999872e+02,2.333168799999999976e+02
5.983999999999999986e+00,2.078181999999999789e+03,1.697810099999999920e+03,1.303041999999999916e+03,9.615491299999999910e+02,3.507756600000000162e+02,3.620773300000000177e+02,2.967312200000000075e+02,2.311942500000000109e+02
5.988000000000000433e+00,2.078344399999999951e+03,1.697978499999999940e+03,1.303027599999999893e+03,9.621290800000000445e+02,3.504252599999999802e+02,3.614918499999999995e+02,2.960051300000000083e+02,2.291294399999999882e+02
5.991999999999999993e+00,2.078484300000000076e+03,1.698133800000000065e+03,1.302991700000000037e+03,9.626206899999999678e+02,3.501398199999999861e+02,3.609425699999999892e+02,2.953331200000000081e+02,2.271358500000000049e+02
5.996000000000000441e+00,2.078593100000000049e+03,1.698267000000000053e+03,1.302936300000000074e+03,9.630444199999999455e+02,3.499075500000000147e+02,3.604207200000000171e+02,2.946992200000000253e+02,2.251698199999999872e+02
6.000000000000000000e+00,2.078714500000000044e+03,1.698417999999999893e+03,1.302900699999999915e+03,9.634438699999999471e+02,3.497263100000000122e+02,3.599304700000000139e+02,2.941172900000000254e+02,2.232789099999999962e+02
6.003999999999999559e+00,2.078828100000000177e+03,1.698566600000000108e+03,1.302870100000000093e+03,9.638183099999999968e+02,3.495923000000000229e+02,3.594728099999999813e+02,2.935878999999999905e+02,2.214729199999999878e+02
6.008000000000000007e+00,2.078903699999999844e+03,1.698680699999999888e+03,1.302812799999999925e+03,9.641461600000000089e+02,3.494849100000000135e+02,3.590351200000000063e+02,2.931022600000000011e+02,2.197558899999999937e+02
6.011999999999999567e+00,2.078948300000000017e+03,1.698765799999999899e+03,1.302733999999999924e+03,9.644356199999999717e+02,3.494058099999999740e+02,3.586236200000000167e+02,2.926656399999999962e+02,2.181417299999999955e+02
6.016000000000000014e+00,2.078990899999999783e+03,1.698848300000000108e+03,1.302655099999999948e+03,9.647038499999999885e+02,3.493428099999999858e+02,3.582248399999999720e+02,2.922598600000000033e+02,2.166062200000000075e+02
6.019999999999999574e+00,2.079029599999999846e+03,1.698927599999999984e+03,1.302578400000000101e+03,9.649654000000000451e+02,3.493147700000000100e+02,3.578576499999999783e+02,2.919048399999999788e+02,2.151884900000000016e+02
6.024000000000000021e+00,2.079087799999999788e+03,1.699027199999999993e+03,1.302525799999999890e+03,9.652317900000000463e+02,3.493046499999999810e+02,3.575063799999999787e+02,2.915817499999999995e+02,2.138650700000000029e+02
6.027999999999999581e+00,2.079104699999999866e+03,1.699084499999999935e+03,1.302438699999999926e+03,9.654612899999999627e+02,3.493067599999999970e+02,3.571751800000000117e+02,2.912931600000000003e+02,2.126436500000000080e+02
6.032000000000000028e+00,2.079131400000000212e+03,1.699149599999999964e+03,1.302359500000000025e+03,9.656841899999999441e+02,3.493168400000000133e+02,3.568560100000000261e+02,2.910405499999999961e+02,2.115500900000000115e+02
6.035999999999999588e+00,2.079144800000000032e+03,1.699199100000000044e+03,1.302267599999999902e+03,9.658871100000000069e+02,3.493353599999999801e+02,3.565516400000000203e+02,2.908110300000000166e+02,2.105511300000000006e+02
6.040000000000000036e+00,2.079144200000000183e+03,1.699232400000000098e+03,1.302160800000000108e+03,9.660678100000000086e+02,3.493611000000000217e+02,3.562619500000000130e+02,2.906033300000000281e+02,2.096442600000000027e+02
6.044999999999999929e+00,2.078961899999999787e+03,1.697914800000000014e+03,1.303876400000000103e+03,9.579127200000000357e+02,3.544481099999999856e+02,3.548612200000000030e+02,2.897056900000000041e+02,2.078192300000000046e+02
6.049999999999999822e+00,2.078221799999999803e+03,1.696955400000000054e+03,1.303162700000000086e+03,9.581279799999999796e+02,3.544401100000000042e+02,3.543271100000000047e+02,2.895507799999999747e+02,2.068846200000000124e+02
6.054999999999999716e+00,2.077961600000000089e+03,1.696580699999999979e+03,1.302744999999999891e+03,9.594676399999999603e+02,3.539302700000000073e+02,3.539053799999999796e+02,2.894887699999999882e+02,2.061364599999999996e+02
6.059999999999999609e+00,2.078138399999999820e+03,1.696721900000000005e+03,1.302780199999999923e+03,9.607004100000000335e+02,3.535190299999999866e+02,3.535509400000000255e+02,2.894389800000000150e+02,2.055703399999999874e+02
6.066666699999999857e+00,2.078173400000000129e+03,1.695642499999999927e+03,1.304845700000000079e+03,9.522439399999999523e+02,3.585111600000000180e+02,3.520531799999999976e+02,2.884260800000000131e+02,2.041566500000000133e+02
6.073333299999999824e+00,2.077245800000000145e+03,1.694417699999999968e+03,1.303792799999999943e+03,9.531307699999999841e+02,3.581540899999999965e+02,3.514213199999999802e+02,2.883470500000000243e+02,2.035834700000000055e+02
6.080000000000000071e+00,2.077054399999999987e+03,1.694044499999999971e+03,1.303240800000000036e+03,9.551764899999999443e+02,3.572977599999999825e+02,3.508807800000000157e+02,2.883364700000000198e+02,2.032153999999999883e+02
6.086666700000000318e+00,2.077259700000000066e+03,1.694206100000000106e+03,1.303210000000000036e+03,9.567731499999999869e+02,3.565961199999999849e+02,3.504295000000000186e+02,2.883235700000000179e+02,2.030937999999999874e+02
6.093333300000000285e+00,2.077359100000000126e+03,1.694304699999999912e+03,1.303053599999999960e+03,9.577879699999999730e+02,3.560072900000000118e+02,3.499879000000000246e+02,2.882502900000000068e+02,2.030792199999999923e+02
6.099999999999999645e+00,2.077282099999999900e+03,1.694211099999999988e+03,1.302591200000000072e+03,9.583081899999999678e+02,3.554633699999999976e+02,3.495547700000000191e+02,2.881341899999999896e+02,2.031820400000000006e+02
6.106666699999999892e+00,2.077488199999999779e+03,1.694409200000000055e+03,1.302375399999999900e+03,9.589108300000000327e+02,3.550352300000000128e+02,3.491340799999999831e+02,2.879710200000000100e+02,2.033522499999999980e+02
6.113333299999999859e+00,2.077443699999999808e+03,1.694375500000000102e+03,1.301937599999999975e+03,9.592012099999999464e+02,3.546328599999999938e+02,3.487142999999999802e+02,2.877765999999999735e+02,2.035963199999999915e+02
6.120000000000000107e+00,2.076968299999999999e+03,1.693926899999999932e+03,1.301115199999999959e+03,9.590899500000000444e+02,3.542048599999999965e+02,3.482662199999999757e+02,2.875329199999999901e+02,2.038856499999999983e+02
6.126666700000000354e+00,2.076465400000000045e+03,1.693452199999999948e+03,1.300265599999999949e+03,9.588921699999999646e+02,3.537984299999999962e+02,3.478201399999999808e+02,2.872695499999999811e+02,2.042321499999999901e+02
6.133333300000000321e+00,2.075883699999999862e+03,1.692901900000000069e+03,1.299351799999999912e+03,9.585858600000000251e+02,3.533816600000000108e+02,3.473462700000000041e+02,2.869610099999999875e+02,2.045960499999999911e+02
6.139999999999999680e+00,2.075340099999999893e+03,1.692383199999999988e+03,1.298464400000000069e+03,9.582448500000000422e+02,3.529614100000000008e+02,3.468607000000000085e+02,2.866277799999999729e+02,2.049909000000000106e+02
6.146666699999999928e+00,2.074664099999999962e+03,1.691731700000000046e+03,1.297457200000000057e+03,9.577628799999999956e+02,3.525129000000000019e+02,3.463496599999999717e+02,2.862659899999999880e+02,2.054335499999999968e+02
6.153333299999999895e+00,2.074059999999999945e+03,1.691140100000000075e+03,1.296500999999999976e+03,9.572786499999999705e+02,3.520475000000000136e+02,3.458157299999999736e+02,2.858810100000000034e+02,2.059189499999999953e+02
6.160000000000000142e+00,2.073184200000000146e+03,1.690274499999999989e+03,1.295298500000000104e+03,9.565675099999999702e+02,3.515356899999999882e+02,3.452535799999999995e+02,2.854760200000000054e+02,2.064491999999999905e+02
6.166666700000000390e+00,2.072360400000000027e+03,1.689437400000000025e+03,1.294107199999999921e+03,9.558235899999999674e+02,3.509935600000000022e+02,3.446612900000000081e+02,2.850554000000000201e+02,2.070419100000000014e+02
6.173333300000000357e+00,2.071386700000000019e+03,1.688438599999999951e+03,1.292775200000000041e+03,9.549450199999999995e+02,3.504145700000000261e+02,3.440429500000000189e+02,2.846316299999999728e+02,2.077138500000000079e+02
6.179999999999999716e+00,2.070392699999999877e+03,1.687367500000000064e+03,1.291349200000000110e+03,9.539487699999999677e+02,3.497935499999999820e+02,3.433940799999999740e+02,2.842029400000000123e+02,2.084504200000000083e+02
6.186666699999999963e+00,2.069036200000000008e+03,1.686192999999999984e+03,1.289884000000000015e+03,9.528997699999999895e+02,3.491426900000000160e+02,3.427161100000000147e+02,2.837689500000000180e+02,2.092496299999999962e+02
6.193333299999999930e+00,2.067786799999999857e+03,1.685064499999999953e+03,1.288431399999999940e+03,9.517925099999999929e+02,3.484549799999999777e+02,3.420113900000000058e+02,2.833433299999999804e+02,2.101451000000000136e+02
6.200000000000000178e+00,2.066075400000000172e+03,1.683554200000000037e+03,1.286659100000000080e+03,9.504096500000000560e+02,3.477155900000000202e+02,3.412773399999999810e+02,2.829307800000000270e+02,2.111603200000000129e+02
6.206666700000000425e+00,2.064424100000000180e+03,1.682106899999999996e+03,1.284921399999999949e+03,9.490325299999999515e+02,3.469519999999999982e+02,3.405161499999999819e+02,2.825299800000000232e+02,2.122877499999999884e+02
6.213333300000000392e+00,2.062950600000000122e+03,1.680668599999999969e+03,1.283155600000000049e+03,9.475975600000000441e+02,3.461563699999999812e+02,3.397357299999999896e+02,2.821612299999999891e+02,2.135990299999999991e+02
6.219999999999999751e+00,2.061487099999999828e+03,1.679172600000000102e+03,1.281302400000000034e+03,9.460411100000000033e+02,3.453191800000000171e+02,3.389386700000000019e+02,2.818293400000000020e+02,2.151165100000000052e+02
6.226666699999999999e+00,2.059734300000000076e+03,1.677480199999999968e+03,1.279300400000000081e+03,9.443497499999999718e+02,3.444477899999999977e+02,3.381337399999999889e+02,2.815689800000000105e+02,2.169247300000000109e+02
6.233333299999999966e+00,2.057997199999999793e+03,1.675765400000000000e+03,1.277246799999999894e+03,9.425846299999999474e+02,3.435433499999999754e+02,3.373109799999999723e+02,2.813905300000000125e+02,2.191096400000000131e+02
6.240000000000000213e+00,2.056315700000000106e+03,1.674069500000000062e+03,1.275196400000000040e+03,9.407887699999999995e+02,3.426078600000000165e+02,3.364273600000000215e+02,2.811354400000000169e+02,2.209516700000000071e+02
6.246666699999999572e+00,2.054221300000000156e+03,1.671961700000000064e+03,1.272755599999999959e+03,9.386534500000000207e+02,3.415714100000000144e+02,3.354685600000000250e+02,2.808339500000000157e+02,2.229157399999999996e+02
6.253333300000000428e+00,2.052240499999999884e+03,1.669964300000000094e+03,1.270388999999999896e+03,9.364834200000000237e+02,3.404775399999999763e+02,3.344428800000000024e+02,2.804958300000000122e+02,2.251758000000000095e+02
6.259999999999999787e+00,2.050289999999999964e+03,1.668000800000000027e+03,1.268084399999999960e+03,9.342403799999999592e+02,3.392857599999999820e+02,3.333403099999999881e+02,2.801028499999999894e+02,2.274437700000000007e+02
6.266666700000000034e+00,2.048332399999999780e+03,1.666028499999999894e+03,1.265798399999999901e+03,9.320802999999999656e+02,3.380506300000000124e+02,3.322037199999999757e+02,2.797472999999999956e+02,2.296701700000000130e+02
6.273333300000000001e+00,2.046229299999999967e+03,1.663909499999999980e+03,1.263373599999999897e+03,9.298839000000000397e+02,3.368418100000000095e+02,3.310816500000000246e+02,2.795292099999999778e+02,2.324901099999999872e+02
6.280000000000000249e+00,2.044014899999999898e+03,1.661677599999999984e+03,1.260848999999999933e+03,9.275276900000000069e+02,3.356080499999999915e+02,3.299642600000000243e+02,2.794478899999999726e+02,2.357876799999999946e+02
6.286666699999999608e+00,2.041697100000000091e+03,1.659321599999999989e+03,1.258164600000000064e+03,9.249269600000000082e+02,3.343249200000000201e+02,3.288377399999999966e+02,2.794613800000000197e+02,2.393968399999999974e+02
6.293333299999999575e+00,2.039407500000000027e+03,1.657011299999999892e+03,1.255561400000000049e+03,9.221810100000000148e+02,3.330011200000000144e+02,3.276999400000000264e+02,2.795716100000000210e+02,2.433274499999999989e+02
6.299999999999999822e+00,2.036992700000000013e+03,1.654576299999999947e+03,1.252911000000000058e+03,9.193034699999999475e+02,3.316653800000000274e+02,3.265729099999999789e+02,2.797970799999999940e+02,2.476413200000000074e+02
6.306666700000000070e+00,2.034549099999999953e+03,1.652101799999999912e+03,1.250279500000000098e+03,9.163149399999999787e+02,3.303149199999999723e+02,3.254511400000000094e+02,2.801045300000000111e+02,2.523612799999999936e+02
6.313333300000000037e+00,2.032104499999999916e+03,1.649632000000000062e+03,1.247765100000000075e+03,9.131344500000000153e+02,3.289579299999999762e+02,3.243475399999999809e+02,2.804397000000000162e+02,2.574322000000000230e+02
6.320000000000000284e+00,2.029460399999999936e+03,1.646911100000000033e+03,1.244911200000000008e+03,9.100147799999999734e+02,3.275957300000000032e+02,3.232435300000000211e+02,2.808816299999999728e+02,2.629455600000000004e+02
6.326666699999999643e+00,2.026797000000000025e+03,1.644153099999999995e+03,1.242017299999999977e+03,9.068682199999999511e+02,3.262302700000000186e+02,3.221618000000000279e+02,2.814848999999999819e+02,2.691131799999999998e+02
6.333333299999999610e+00,2.024136899999999969e+03,1.641385500000000093e+03,1.239100200000000086e+03,9.037033400000000256e+02,3.248735599999999977e+02,3.211301500000000146e+02,2.824947099999999978e+02,2.762203700000000026e+02
6.339999999999999858e+00,2.021435600000000022e+03,1.638570799999999963e+03,1.236130100000000084e+03,9.004825799999999845e+02,3.234552299999999718e+02,3.199165899999999851e+02,2.827283100000000218e+02,2.782396200000000022e+02
6.346666700000000105e+00,2.018661000000000058e+03,1.635679599999999937e+03,1.233087700000000041e+03,8.971935899999999720e+02,3.220244900000000143e+02,3.187201299999999833e+02,2.835101599999999848e+02,2.826915000000000191e+02
6.353333300000000072e+00,2.015799400000000105e+03,1.632700199999999995e+03,1.229964600000000019e+03,8.938258499999999458e+02,3.205686400000000162e+02,3.174797100000000114e+02,2.845132699999999772e+02,2.880074900000000184e+02
6.360000000000000320e+00,2.013004500000000007e+03,1.629771999999999935e+03,1.226877600000000029e+03,8.904589799999999968e+02,3.191227299999999900e+02,3.162272899999999822e+02,2.849637900000000172e+02,2.914350900000000024e+02
6.366666699999999679e+00,2.010141100000000051e+03,1.626776900000000069e+03,1.223734400000000051e+03,8.870282300000000077e+02,3.176641999999999939e+02,3.149412800000000061e+02,2.852675600000000031e+02,2.930339500000000044e+02
6.373333299999999646e+00,2.007172100000000000e+03,1.623702199999999948e+03,1.220541799999999967e+03,8.835555699999999888e+02,3.162733400000000188e+02,3.139011199999999917e+02,2.867065099999999802e+02,2.993164400000000001e+02
6.379999999999999893e+00,2.004163900000000012e+03,1.620575299999999970e+03,1.217306000000000040e+03,8.800398500000000013e+02,3.149345999999999890e+02,3.129834000000000174e+02,2.885711499999999887e+02,3.061117899999999850e+02
6.386666700000000141e+00,2.001129500000000007e+03,1.617427799999999934e+03,1.214056599999999889e+03,8.764909699999999475e+02,3.136587799999999788e+02,3.121195799999999849e+02,2.905870300000000270e+02,3.128220800000000281e+02
6.393333300000000108e+00,1.998172000000000025e+03,1.614325299999999970e+03,1.210831200000000081e+03,8.729190899999999829e+02,3.124089999999999918e+02,3.112985600000000090e+02,2.927399500000000216e+02,3.197470099999999888e+02
6.400000000000000355e+00,1.995179100000000062e+03,1.611191399999999931e+03,1.207587399999999889e+03,8.693093199999999570e+02,3.111453399999999760e+02,3.104784900000000221e+02,2.949246499999999855e+02,3.268732099999999718e+02
6.406666699999999715e+00,1.992099400000000060e+03,1.607962800000000016e+03,1.204254500000000007e+03,8.655777399999999489e+02,3.097848700000000122e+02,3.096395200000000045e+02,2.972224400000000060e+02,3.342683599999999728e+02
6.413333299999999682e+00,1.989030500000000075e+03,1.604748900000000049e+03,1.200981199999999944e+03,8.619985400000000482e+02,3.085022299999999973e+02,3.089133899999999926e+02,2.997280099999999834e+02,3.421487599999999816e+02
6.419999999999999929e+00,1.985968599999999924e+03,1.601532600000000002e+03,1.197699399999999969e+03,8.583632900000000063e+02,3.073324600000000260e+02,3.083155699999999797e+02,3.026480900000000247e+02,3.505462200000000053e+02
6.426666700000000176e+00,1.982918400000000020e+03,1.598320899999999938e+03,1.194420699999999897e+03,8.546568899999999758e+02,3.062514600000000087e+02,3.078610199999999963e+02,3.060011200000000144e+02,3.594422299999999950e+02
6.433333300000000143e+00,1.979886899999999969e+03,1.595125399999999900e+03,1.191171100000000024e+03,8.509413399999999683e+02,3.052726499999999987e+02,3.075460600000000113e+02,3.097563400000000229e+02,3.688116299999999796e+02
6.440000000000000391e+00,1.976861900000000105e+03,1.591939200000000028e+03,1.187958699999999908e+03,8.472806000000000495e+02,3.045076799999999935e+02,3.076286200000000122e+02,3.140466799999999807e+02,3.789236500000000092e+02
6.446666699999999750e+00,1.973879599999999982e+03,1.588794699999999921e+03,1.184798500000000104e+03,8.436569600000000264e+02,3.038316699999999742e+02,3.079324199999999792e+02,3.190293899999999780e+02,3.896053999999999746e+02
6.453333299999999717e+00,1.970974200000000110e+03,1.585723700000000008e+03,1.181720399999999927e+03,8.400740899999999556e+02,3.032730700000000184e+02,3.083387000000000171e+02,3.249302700000000073e+02,4.015113799999999742e+02
6.459999999999999964e+00,1.968096900000000005e+03,1.582683299999999917e+03,1.178693899999999985e+03,8.365209700000000339e+02,3.028903999999999996e+02,3.086885599999999954e+02,3.296263099999999895e+02,4.141787299999999732e+02
6.466666700000000212e+00,1.965314499999999953e+03,1.579729700000000093e+03,1.175757599999999911e+03,8.330175000000000409e+02,3.025315800000000195e+02,3.088512000000000057e+02,3.318111900000000105e+02,4.268954899999999952e+02
6.473333300000000179e+00,1.962474500000000035e+03,1.576727900000000091e+03,1.172805800000000090e+03,8.295114300000000185e+02,3.024486999999999739e+02,3.099727899999999750e+02,3.366187100000000214e+02,4.371728699999999890e+02
6.480000000000000426e+00,1.959692399999999907e+03,1.573782099999999900e+03,1.169914899999999989e+03,8.260385400000000118e+02,3.021955800000000067e+02,3.101456699999999955e+02,3.363413400000000024e+02,4.439677300000000173e+02
6.486666699999999786e+00,1.956909300000000030e+03,1.570845100000000002e+03,1.167058600000000069e+03,8.225967399999999543e+02,3.022355200000000082e+02,3.115016400000000090e+02,3.417201699999999960e+02,4.563658199999999852e+02
6.493333299999999753e+00,1.954378999999999905e+03,1.568143100000000004e+03,1.164425600000000031e+03,8.193456700000000410e+02,3.026441500000000246e+02,3.137674900000000093e+02,3.495613999999999919e+02,4.670732100000000173e+02
6.500000000000000000e+00,1.951858300000000099e+03,1.565463799999999992e+03,1.161854499999999916e+03,8.161872100000000501e+02,3.032283499999999776e+02,3.161163000000000238e+02,3.564123000000000161e+02,4.706030900000000088e+02
6.506666700000000247e+00,1.949596199999999953e+03,1.563038700000000063e+03,1.159541099999999915e+03,8.132849499999999807e+02,3.041627399999999852e+02,3.192877599999999916e+02,3.668836000000000013e+02,4.922799699999999916e+02
6.513333300000000214e+00,1.947422399999999925e+03,1.560705300000000079e+03,1.157337399999999889e+03,8.104999400000000378e+02,3.056091400000000249e+02,3.228900300000000243e+02,3.781132999999999811e+02,5.093573799999999778e+02
6.519999999999999574e+00,1.945067900000000009e+03,1.558200900000000047e+03,1.154995899999999892e+03,8.075758100000000468e+02,3.071010099999999738e+02,3.268525000000000205e+02,3.902656400000000190e+02,5.287321500000000469e+02
6.526666699999999821e+00,1.942988499999999931e+03,1.555945799999999963e+03,1.152867600000000039e+03,8.047551499999999578e+02,3.085647599999999784e+02,3.308203100000000063e+02,4.007047000000000025e+02,5.394889600000000200e+02
6.533333299999999788e+00,1.940953999999999951e+03,1.553740700000000061e+03,1.150804699999999912e+03,8.019376200000000381e+02,3.105900800000000004e+02,3.358619800000000168e+02,4.122566600000000108e+02,5.498536900000000287e+02
6.540000000000000036e+00,1.938824000000000069e+03,1.551466400000000021e+03,1.148749700000000075e+03,7.991938199999999597e+02,3.129267199999999889e+02,3.412739300000000071e+02,4.253837300000000141e+02,5.616571300000000520e+02
6.546666700000000283e+00,1.937004200000000083e+03,1.549485200000000077e+03,1.146980199999999968e+03,7.967181299999999737e+02,3.159347799999999893e+02,3.480740000000000123e+02,4.400933099999999740e+02,5.737797299999999723e+02
6.553333300000000250e+00,1.935435400000000072e+03,1.547834299999999985e+03,1.145867799999999988e+03,7.938845999999999776e+02,3.194021799999999871e+02,3.559267800000000079e+02,4.561512399999999730e+02,5.864893499999999449e+02
6.559999999999999609e+00,1.933816000000000031e+03,1.546056499999999915e+03,1.144476799999999912e+03,7.914113300000000208e+02,3.234385199999999827e+02,3.650049500000000080e+02,4.729802099999999996e+02,5.975854900000000498e+02
6.566666699999999857e+00,1.932513599999999997e+03,1.544561200000000099e+03,1.143327299999999923e+03,7.892318699999999581e+02,3.279934499999999957e+02,3.749865399999999909e+02,4.907943500000000085e+02,6.075396600000000262e+02
6.573333299999999824e+00,1.931333599999999933e+03,1.543205400000000054e+03,1.142357400000000098e+03,7.869247199999999793e+02,3.315619500000000244e+02,3.804817499999999768e+02,5.083434300000000121e+02,6.155959199999999782e+02
6.580000000000000071e+00,1.930314900000000080e+03,1.541974600000000009e+03,1.141501899999999978e+03,7.848582199999999602e+02,3.354418999999999755e+02,3.860781099999999810e+02,5.270317999999999756e+02,6.207208100000000286e+02
6.586666700000000318e+00,1.929495799999999917e+03,1.540965999999999894e+03,1.140943199999999933e+03,7.833099899999999707e+02,3.415485400000000027e+02,3.976714900000000057e+02,5.511174099999999498e+02,6.222380500000000438e+02
6.593333300000000285e+00,1.928984799999999950e+03,1.540317099999999982e+03,1.140850500000000011e+03,7.822908499999999776e+02,3.491822300000000041e+02,4.122651299999999992e+02,5.843506200000000490e+02,6.148468500000000176e+02
6.599999999999999645e+00,1.928615299999999934e+03,1.539816499999999905e+03,1.140924600000000055e+03,7.812158399999999574e+02,3.561326999999999998e+02,4.214999799999999937e+02,5.975289500000000089e+02,6.418416600000000471e+02
6.605000000000000426e+00,1.929168799999999919e+03,1.541577999999999975e+03,1.140315599999999904e+03,7.882652399999999489e+02,3.608288699999999949e+02,4.276113100000000031e+02,6.083675700000000006e+02,6.411988400000000183e+02
6.610000000000000320e+00,1.929765799999999899e+03,1.542243400000000065e+03,1.141305499999999938e+03,7.872182299999999486e+02,3.678845200000000091e+02,4.387394600000000082e+02,6.287550499999999829e+02,6.463812100000000100e+02
6.615000000000000213e+00,1.930728599999999915e+03,1.542706200000000081e+03,1.142122399999999971e+03,7.856496499999999514e+02,3.759803699999999935e+02,4.516784400000000232e+02,6.482944300000000339e+02,6.518210100000000011e+02
6.620000000000000107e+00,1.930949800000000096e+03,1.542740099999999984e+03,1.142811300000000074e+03,7.846058799999999565e+02,3.843593399999999747e+02,4.645896700000000124e+02,6.669457700000000386e+02,6.580255700000000161e+02
6.625000000000000000e+00,1.931317600000000084e+03,1.542893100000000004e+03,1.143690000000000055e+03,7.840925999999999476e+02,3.935965499999999793e+02,4.777791399999999840e+02,6.850656800000000430e+02,6.626573600000000397e+02
6.629999999999999893e+00,1.932130499999999984e+03,1.543437799999999925e+03,1.144935199999999895e+03,7.839911299999999983e+02,4.025484099999999899e+02,4.904977799999999775e+02,7.029226300000000265e+02,6.679512600000000475e+02
6.634999999999999787e+00,1.932790500000000065e+03,1.543917899999999918e+03,1.146219900000000052e+03,7.841476999999999862e+02,4.116538699999999835e+02,5.033247799999999756e+02,7.207062300000000050e+02,6.721298100000000204e+02
6.639999999999999680e+00,1.933692299999999932e+03,1.544645999999999958e+03,1.147725899999999911e+03,7.844699699999999893e+02,4.182849199999999996e+02,5.153679899999999634e+02,7.384210799999999608e+02,6.762701399999999694e+02
6.644999999999999574e+00,1.935192999999999984e+03,1.546008299999999963e+03,1.150004899999999907e+03,7.861429000000000542e+02,4.312584200000000010e+02,5.277820699999999761e+02,7.558738799999999856e+02,6.797714700000000221e+02
6.650000000000000355e+00,1.936966200000000072e+03,1.547651399999999967e+03,1.152545699999999897e+03,7.881459999999999582e+02,4.468971500000000106e+02,5.446653099999999768e+02,7.769805300000000443e+02,6.850466000000000122e+02
6.655000000000000249e+00,1.938972500000000082e+03,1.549486699999999928e+03,1.155138099999999895e+03,7.898676600000000008e+02,4.579872199999999793e+02,5.580838300000000345e+02,7.980497400000000425e+02,6.903568599999999833e+02
6.660000000000000142e+00,1.941209900000000061e+03,1.551482600000000048e+03,1.157864800000000059e+03,7.917550199999999450e+02,4.683067800000000034e+02,5.684808699999999817e+02,8.225617600000000493e+02,6.965498900000000049e+02
6.666666700000000390e+00,1.943762999999999920e+03,1.553185400000000072e+03,1.162091699999999946e+03,7.924584499999999707e+02,4.906361400000000117e+02,6.054313499999999522e+02,8.223612500000000409e+02,7.202067700000000059e+02
6.673333300000000357e+00,1.947753099999999904e+03,1.557027399999999943e+03,1.167094900000000052e+03,7.974039500000000089e+02,5.139305299999999761e+02,6.414399499999999534e+02,8.269671299999999974e+02,7.179160699999999906e+02
6.679999999999999716e+00,1.952662100000000009e+03,1.561860799999999927e+03,1.172898300000000063e+03,8.033689900000000534e+02,5.369682400000000371e+02,6.744224100000000135e+02,8.386107600000000275e+02,7.186741399999999658e+02
6.686666699999999963e+00,1.957974600000000009e+03,1.567047499999999900e+03,1.178919599999999946e+03,8.093706200000000308e+02,5.570510199999999941e+02,7.003547600000000557e+02,8.534904900000000225e+02,7.221595800000000054e+02
6.693333299999999930e+00,1.963667500000000018e+03,1.572616999999999962e+03,1.185216899999999896e+03,8.155000300000000379e+02,5.788164799999999559e+02,7.262375700000000052e+02,8.681596600000000308e+02,7.269079400000000533e+02
6.700000000000000178e+00,1.969257200000000012e+03,1.578152800000000070e+03,1.191539199999999937e+03,8.218289999999999509e+02,6.001034499999999525e+02,7.506513200000000552e+02,8.799632800000000543e+02,7.306625800000000481e+02
6.706666700000000425e+00,1.975186200000000099e+03,1.583953600000000051e+03,1.197990399999999909e+03,8.281316000000000486e+02,6.176847400000000334e+02,7.834967799999999443e+02,8.974507499999999709e+02,7.407831999999999653e+02
6.713333300000000392e+00,1.982190000000000055e+03,1.590945699999999988e+03,1.205916500000000042e+03,8.367353299999999763e+02,6.456218499999999949e+02,8.027954099999999471e+02,9.078428499999999985e+02,7.485352299999999559e+02
6.719999999999999751e+00,1.989498299999999972e+03,1.598185099999999920e+03,1.213878600000000006e+03,8.450997899999999845e+02,6.714420000000000073e+02,8.257854099999999562e+02,9.178491099999999960e+02,7.549476399999999785e+02
6.726666699999999999e+00,1.997325700000000097e+03,1.605853100000000040e+03,1.221999900000000025e+03,8.533167700000000195e+02,6.973533899999999903e+02,8.484016299999999546e+02,9.281622599999999466e+02,7.620107100000000173e+02
6.733333299999999966e+00,2.005200100000000020e+03,1.613545900000000074e+03,1.230077800000000025e+03,8.610816099999999551e+02,7.232020199999999477e+02,8.698631699999999682e+02,9.379724800000000187e+02,7.695512199999999439e+02
6.740000000000000213e+00,2.013618600000000015e+03,1.621915299999999888e+03,1.238824399999999969e+03,8.687504199999999628e+02,7.502879000000000360e+02,8.907913999999999533e+02,9.478699000000000296e+02,7.778289700000000266e+02
6.746666699999999572e+00,2.022558700000000044e+03,1.630663700000000063e+03,1.247645400000000109e+03,8.745986799999999448e+02,7.740226000000000113e+02,9.075835700000000088e+02,9.551878600000000006e+02,7.845783999999999878e+02
6.753333300000000428e+00,2.031834700000000112e+03,1.640014699999999948e+03,1.257438699999999926e+03,8.809896599999999580e+02,7.967524600000000419e+02,9.220512300000000323e+02,9.613629100000000562e+02,7.911847400000000334e+02
6.759999999999999787e+00,2.042804499999999962e+03,1.651731700000000046e+03,1.271449200000000019e+03,8.944525300000000243e+02,8.174956799999999930e+02,9.349520800000000236e+02,9.674625999999999522e+02,7.974910300000000234e+02
6.766666700000000034e+00,2.055086099999999988e+03,1.664897799999999961e+03,1.286894299999999930e+03,9.106567999999999756e+02,8.358098099999999704e+02,9.451175299999999879e+02,9.714451199999999744e+02,8.023202700000000505e+02
6.773333300000000001e+00,2.067715000000000146e+03,1.678112499999999955e+03,1.300672900000000027e+03,9.236429900000000544e+02,8.550054800000000341e+02,9.542149899999999434e+02,9.749097299999999677e+02,8.066700399999999718e+02
6.780000000000000249e+00,2.079726999999999862e+03,1.689723999999999933e+03,1.313723999999999933e+03,9.362092199999999593e+02,8.739504100000000335e+02,9.643620499999999538e+02,9.801647900000000391e+02,8.124320599999999786e+02
6.786666699999999608e+00,2.091397899999999936e+03,1.700460000000000036e+03,1.326920800000000099e+03,9.486246700000000374e+02,8.901235400000000482e+02,9.718594399999999496e+02,9.841544599999999718e+02,8.175562300000000278e+02
6.793333299999999575e+00,2.103918299999999817e+03,1.712168899999999894e+03,1.340268000000000029e+03,9.602471900000000460e+02,9.037358699999999772e+02,9.779732299999999441e+02,9.873498700000000099e+02,8.215758700000000090e+02
6.799999999999999822e+00,2.116401400000000194e+03,1.724340200000000095e+03,1.353063000000000102e+03,9.715503499999999804e+02,9.156266399999999521e+02,9.828277900000000500e+02,9.901223499999999831e+02,8.253749800000000505e+02
6.806666700000000070e+00,2.128710900000000038e+03,1.736433700000000044e+03,1.365567999999999984e+03,9.830407300000000532e+02,9.252932100000000446e+02,9.874741000000000213e+02,9.931208699999999681e+02,8.289690500000000384e+02
6.813333300000000037e+00,2.142696600000000217e+03,1.750374099999999999e+03,1.379898200000000088e+03,9.958026899999999841e+02,9.304599100000000362e+02,9.869506000000000085e+02,9.920016200000000026e+02,8.299421599999999444e+02
6.820000000000000284e+00,2.157181000000000040e+03,1.764218599999999924e+03,1.393765699999999924e+03,1.005100099999999998e+03,9.335977900000000318e+02,9.834615900000000011e+02,9.867844199999999546e+02,8.287274899999999889e+02
6.826666699999999643e+00,2.173135499999999865e+03,1.779968499999999949e+03,1.410177500000000009e+03,1.019782299999999964e+03,9.392787899999999581e+02,9.860525499999999965e+02,9.874781699999999773e+02,8.307105900000000247e+02
6.833333299999999610e+00,2.184597299999999905e+03,1.791360699999999952e+03,1.422510999999999967e+03,1.030580099999999902e+03,9.463354199999999992e+02,9.902235500000000457e+02,9.887704099999999698e+02,8.328803000000000338e+02
6.839999999999999858e+00,2.197759900000000016e+03,1.803782699999999977e+03,1.434642399999999952e+03,1.039838899999999967e+03,9.545680099999999584e+02,9.938186899999999468e+02,9.885560900000000402e+02,8.336306600000000344e+02
6.846666700000000105e+00,2.212561099999999897e+03,1.818221299999999928e+03,1.449552599999999984e+03,1.048542500000000018e+03,9.585607700000000477e+02,9.953734799999999723e+02,9.872377800000000434e+02,8.345080900000000383e+02
6.853333300000000072e+00,2.224012499999999818e+03,1.828147099999999909e+03,1.456667200000000093e+03,1.053305499999999938e+03,9.611556600000000117e+02,9.941410499999999502e+02,9.841554899999999861e+02,8.329874099999999544e+02
6.860000000000000320e+00,2.235134000000000015e+03,1.838729000000000042e+03,1.466377999999999929e+03,1.058787800000000061e+03,9.621751500000000306e+02,9.923698399999999538e+02,9.809684099999999489e+02,8.321453199999999697e+02
6.866666699999999679e+00,2.246665899999999965e+03,1.848932000000000016e+03,1.475285499999999956e+03,1.062281999999999925e+03,9.613202400000000125e+02,9.901210099999999557e+02,9.779420099999999820e+02,8.320229399999999487e+02
6.873333299999999646e+00,2.257714100000000144e+03,1.859162800000000061e+03,1.484510700000000043e+03,1.066147999999999911e+03,9.599561800000000176e+02,9.872159100000000080e+02,9.736694899999999961e+02,8.302651200000000244e+02
6.879999999999999893e+00,2.269116700000000037e+03,1.869759399999999914e+03,1.494177899999999909e+03,1.070566600000000108e+03,9.595105099999999538e+02,9.847293300000000045e+02,9.696388100000000350e+02,8.289843200000000252e+02
6.886666700000000141e+00,2.279591699999999946e+03,1.879322200000000066e+03,1.502597800000000007e+03,1.073511099999999942e+03,9.585237899999999627e+02,9.818649799999999459e+02,9.657780500000000075e+02,8.279029600000000073e+02
6.893333300000000108e+00,2.290030699999999797e+03,1.888645600000000059e+03,1.510488399999999956e+03,1.075730399999999918e+03,9.570923599999999851e+02,9.785010200000000395e+02,9.613060100000000148e+02,8.259523000000000366e+02
6.900000000000000355e+00,2.298920399999999972e+03,1.896711000000000013e+03,1.517592699999999923e+03,1.077901699999999892e+03,9.550191099999999551e+02,9.748410900000000083e+02,9.574788700000000290e+02,8.242258399999999483e+02
6.906666699999999715e+00,2.308172199999999975e+03,1.904938100000000077e+03,1.524663299999999936e+03,1.079860500000000002e+03,9.521369099999999435e+02,9.703074500000000171e+02,9.523712600000000066e+02,8.218913700000000517e+02
6.913333299999999682e+00,2.316946800000000167e+03,1.912617600000000039e+03,1.530990800000000036e+03,1.081327099999999973e+03,9.488567699999999832e+02,9.651396499999999605e+02,9.466824100000000044e+02,8.191921599999999444e+02
6.919999999999999929e+00,2.324342000000000098e+03,1.918996499999999969e+03,1.536126299999999901e+03,1.081915500000000065e+03,9.450917899999999463e+02,9.599079500000000280e+02,9.421094000000000506e+02,8.166281300000000556e+02
6.926666700000000176e+00,2.331498000000000047e+03,1.925135199999999941e+03,1.541050799999999981e+03,1.082420800000000099e+03,9.407633200000000215e+02,9.537504900000000134e+02,9.354673800000000483e+02,8.135011700000000019e+02
6.933333300000000143e+00,2.337824399999999969e+03,1.930385800000000017e+03,1.545120499999999993e+03,1.082354000000000042e+03,9.360365699999999833e+02,9.472541999999999689e+02,9.285034000000000560e+02,8.101099299999999630e+02
6.940000000000000391e+00,2.344190099999999802e+03,1.935946999999999889e+03,1.549684799999999996e+03,1.082962500000000091e+03,9.310003699999999753e+02,9.404283100000000104e+02,9.214092699999999923e+02,8.064613500000000386e+02
6.946666699999999750e+00,2.349638199999999870e+03,1.940486400000000003e+03,1.553228399999999965e+03,1.082848199999999906e+03,9.255407199999999648e+02,9.333065800000000536e+02,9.141932600000000093e+02,8.027430799999999635e+02
6.953333299999999717e+00,2.354174199999999928e+03,1.944139799999999923e+03,1.555946899999999914e+03,1.082183999999999969e+03,9.197427800000000389e+02,9.260606099999999969e+02,9.069075400000000400e+02,7.988568900000000212e+02
6.959999999999999964e+00,2.358121399999999994e+03,1.947141800000000103e+03,1.557953500000000076e+03,1.080881599999999935e+03,9.139782099999999900e+02,9.188380100000000539e+02,8.995816099999999551e+02,7.948331899999999450e+02
6.966666700000000212e+00,2.361340299999999843e+03,1.949519700000000057e+03,1.559540199999999913e+03,1.079547800000000052e+03,9.084040999999999713e+02,9.118218200000000024e+02,8.925544399999999996e+02,7.909279400000000351e+02
6.973333300000000179e+00,2.364184699999999793e+03,1.951538299999999936e+03,1.560826900000000023e+03,1.078071099999999888e+03,9.026954200000000128e+02,9.047997199999999793e+02,8.855154800000000250e+02,7.870730700000000297e+02
6.980000000000000426e+00,2.366745899999999892e+03,1.953275000000000091e+03,1.561838999999999942e+03,1.076419799999999896e+03,8.968259199999999964e+02,8.977246499999999969e+02,8.785617899999999736e+02,7.830429199999999810e+02
6.986666699999999786e+00,2.368214899999999943e+03,1.953975799999999936e+03,1.561952600000000075e+03,1.074180200000000013e+03,8.907032299999999623e+02,8.906428700000000163e+02,8.717914799999999786e+02,7.791644999999999754e+02
6.993333299999999753e+00,2.369304200000000037e+03,1.954309899999999971e+03,1.561750500000000102e+03,1.071813000000000102e+03,8.844297900000000254e+02,8.834602599999999484e+02,8.649380899999999883e+02,7.751834199999999555e+02
7.000000000000000000e+00,2.370196600000000217e+03,1.954464899999999943e+03,1.561428499999999985e+03,1.069495499999999993e+03,8.780738700000000563e+02,8.761600600000000441e+02,8.579407800000000179e+02,7.709098599999999806e+02
7.006666700000000247e+00,2.370483000000000175e+03,1.954064599999999928e+03,1.560665999999999940e+03,1.066955200000000104e+03,8.716062500000000455e+02,8.688685500000000275e+02,8.509944799999999532e+02,7.666421299999999519e+02
7.013333300000000214e+00,2.369854899999999816e+03,1.952763699999999972e+03,1.559108300000000099e+03,1.063913199999999961e+03,8.650412099999999782e+02,8.618712500000000318e+02,8.435942800000000261e+02,7.625175299999999652e+02
7.019999999999999574e+00,2.369210900000000038e+03,1.951482600000000048e+03,1.557653600000000097e+03,1.061157699999999977e+03,8.583887899999999718e+02,8.545221500000000106e+02,8.366375000000000455e+02,7.583152400000000171e+02
7.026666699999999821e+00,2.367967399999999998e+03,1.949618400000000065e+03,1.555682499999999891e+03,1.058147999999999911e+03,8.516853399999999965e+02,8.470116000000000440e+02,8.294502099999999700e+02,7.537124700000000530e+02
7.033333299999999788e+00,2.366205199999999877e+03,1.947251199999999926e+03,1.553302200000000084e+03,1.054962500000000091e+03,8.448920299999999770e+02,8.394794900000000553e+02,8.223237699999999677e+02,7.492060900000000174e+02
7.040000000000000036e+00,2.363856400000000122e+03,1.944312400000000025e+03,1.550419399999999996e+03,1.051500099999999975e+03,8.380549300000000130e+02,8.318788299999999936e+02,8.151144699999999830e+02,7.445226199999999608e+02
7.046666700000000283e+00,2.361273799999999937e+03,1.941156600000000026e+03,1.547369799999999941e+03,1.048061099999999897e+03,8.311690200000000459e+02,8.242239799999999832e+02,8.078800400000000081e+02,7.396072100000000091e+02
7.053333300000000250e+00,2.358123500000000149e+03,1.937485799999999927e+03,1.543903900000000021e+03,1.044468699999999899e+03,8.242783899999999448e+02,8.166027100000000019e+02,8.006807900000000018e+02,7.348211999999999762e+02
7.059999999999999609e+00,2.354713400000000092e+03,1.933599099999999908e+03,1.540275499999999965e+03,1.040874800000000050e+03,8.173718599999999697e+02,8.090491899999999532e+02,7.937262699999999995e+02,7.305434900000000198e+02
7.066666699999999857e+00,2.350860099999999875e+03,1.929298199999999952e+03,1.536287499999999909e+03,1.037107799999999997e+03,8.104439700000000357e+02,8.014534800000000132e+02,7.866657400000000280e+02,7.258562699999999950e+02
7.073333299999999824e+00,2.347194800000000214e+03,1.925224300000000085e+03,1.532575100000000020e+03,1.033722500000000082e+03,8.037022100000000364e+02,7.940904900000000453e+02,7.801506699999999910e+02,7.231624600000000100e+02
7.080000000000000071e+00,2.342985599999999977e+03,1.920640799999999899e+03,1.528424999999999955e+03,1.030074900000000071e+03,7.967828200000000152e+02,7.865049699999999575e+02,7.730493599999999788e+02,7.187271399999999630e+02
7.086666700000000318e+00,2.338431700000000092e+03,1.915753899999999931e+03,1.524041999999999916e+03,1.026321300000000065e+03,7.898124800000000505e+02,7.789735299999999825e+02,7.661169700000000375e+02,7.150779499999999871e+02
7.093333300000000285e+00,2.333615699999999833e+03,1.910636899999999969e+03,1.519437200000000075e+03,1.022434700000000021e+03,7.827858099999999695e+02,7.714302400000000262e+02,7.591415200000000141e+02,7.110153900000000249e+02
7.099999999999999645e+00,2.328395300000000134e+03,1.905116500000000087e+03,1.514465799999999945e+03,1.018287799999999947e+03,7.756089699999999993e+02,7.637241000000000213e+02,7.522048600000000533e+02,7.061722999999999502e+02
7.106666699999999892e+00,2.323134599999999864e+03,1.899572200000000066e+03,1.509526699999999892e+03,1.014222200000000043e+03,7.685137200000000348e+02,7.561983199999999670e+02,7.451789999999999736e+02,7.013457799999999907e+02
7.113333299999999859e+00,2.317254300000000057e+03,1.893421499999999924e+03,1.504107700000000023e+03,1.009819799999999987e+03,7.613098999999999705e+02,7.486562400000000252e+02,7.379593599999999469e+02,6.964494799999999941e+02
7.120000000000000107e+00,2.311894099999999980e+03,1.887764799999999923e+03,1.499201199999999972e+03,1.005852300000000014e+03,7.542214199999999664e+02,7.411812099999999646e+02,7.307697799999999688e+02,6.915165299999999888e+02
7.126666700000000354e+00,2.306181799999999839e+03,1.881748900000000049e+03,1.494044699999999921e+03,1.001707700000000045e+03,7.470782400000000507e+02,7.337051500000000033e+02,7.236307199999999966e+02,6.865580599999999549e+02
7.133333300000000321e+00,2.299916600000000017e+03,1.875163700000000063e+03,1.488479299999999967e+03,9.972858199999999442e+02,7.398597399999999880e+02,7.261576900000000023e+02,7.164826399999999467e+02,6.815487900000000536e+02
7.139999999999999680e+00,2.293747199999999793e+03,1.868621499999999969e+03,1.483044799999999896e+03,9.929504399999999578e+02,7.326840499999999565e+02,7.187267699999999877e+02,7.095341799999999921e+02,6.765786699999999882e+02
7.146666699999999928e+00,2.287250500000000102e+03,1.861689900000000080e+03,1.477415299999999888e+03,9.884223600000000260e+02,7.254313499999999522e+02,7.112136799999999539e+02,7.025697699999999486e+02,6.715319500000000517e+02
7.153333299999999895e+00,2.280544400000000223e+03,1.854433099999999968e+03,1.471731299999999919e+03,9.837436699999999519e+02,7.181233200000000352e+02,7.036441200000000435e+02,6.954589600000000473e+02,6.663763599999999769e+02
7.160000000000000142e+00,2.273846000000000004e+03,1.846973300000000108e+03,1.466339799999999968e+03,9.791625900000000229e+02,7.109796599999999671e+02,6.962902500000000146e+02,6.885242600000000266e+02,6.612006000000000085e+02
7.166666700000000390e+00,2.266764999999999873e+03,1.838681399999999940e+03,1.461189800000000105e+03,9.743994199999999637e+02,7.037359500000000025e+02,6.887090600000000222e+02,6.815094800000000532e+02,6.559642499999999927e+02
7.173333300000000357e+00,2.259999099999999999e+03,1.830869500000000016e+03,1.455262300000000096e+03,9.690688900000000103e+02,6.964885299999999688e+02,6.813601200000000517e+02,6.744760899999999992e+02,6.506804499999999507e+02
7.179999999999999716e+00,2.255545599999999922e+03,1.827653000000000020e+03,1.448067000000000007e+03,9.632003499999999576e+02,6.888967199999999593e+02,6.736229700000000093e+02,6.672426799999999503e+02,6.452804899999999861e+02
7.186666699999999963e+00,2.249608200000000124e+03,1.823352399999999989e+03,1.441064800000000105e+03,9.580332600000000411e+02,6.813132200000000012e+02,6.658494899999999461e+02,6.598576299999999719e+02,6.398186600000000226e+02
7.193333299999999930e+00,2.243715499999999793e+03,1.820015699999999924e+03,1.432324699999999893e+03,9.523019500000000335e+02,6.736953399999999874e+02,6.580985100000000330e+02,6.525726399999999785e+02,6.343784600000000182e+02
7.200000000000000178e+00,2.236545000000000073e+03,1.814782300000000077e+03,1.423913399999999911e+03,9.469808399999999438e+02,6.661782799999999725e+02,6.503685500000000275e+02,6.452078199999999697e+02,6.287264599999999746e+02
7.206666700000000425e+00,2.228132200000000012e+03,1.807724500000000035e+03,1.416714199999999892e+03,9.419897999999999456e+02,6.585029899999999543e+02,6.425887099999999919e+02,6.377086100000000215e+02,6.228385500000000548e+02
7.213333300000000392e+00,2.220413900000000012e+03,1.801004300000000057e+03,1.410220100000000002e+03,9.363398399999999810e+02,6.508963999999999714e+02,6.349385099999999511e+02,6.303618199999999661e+02,6.169774999999999636e+02
7.219999999999999751e+00,2.212705300000000079e+03,1.793930900000000065e+03,1.403586600000000089e+03,9.303669899999999870e+02,6.432436000000000149e+02,6.273471500000000560e+02,6.231569899999999507e+02,6.111590999999999667e+02
7.226666699999999999e+00,2.205311599999999999e+03,1.786663700000000063e+03,1.396095100000000002e+03,9.255855199999999741e+02,6.359364000000000487e+02,6.199800400000000309e+02,6.161762400000000071e+02,6.054608899999999494e+02
7.233333299999999966e+00,2.197235099999999875e+03,1.778757499999999936e+03,1.387678900000000112e+03,9.210707099999999627e+02,6.286945200000000114e+02,6.127163199999999961e+02,6.093353799999999865e+02,5.998319800000000441e+02
7.240000000000000213e+00,2.189558599999999842e+03,1.771398500000000013e+03,1.379906600000000026e+03,9.160841500000000224e+02,6.214421999999999571e+02,6.055284799999999450e+02,6.026216600000000199e+02,5.943017800000000079e+02
7.246666699999999572e+00,2.182238100000000031e+03,1.764468100000000049e+03,1.372534200000000055e+03,9.108472100000000182e+02,6.141617899999999963e+02,5.983770899999999529e+02,5.960063300000000481e+02,5.888155600000000049e+02
7.253333300000000428e+00,2.174305299999999988e+03,1.756988200000000006e+03,1.364914199999999937e+03,9.053800599999999577e+02,6.069612399999999752e+02,5.913051500000000260e+02,5.894423600000000079e+02,5.833867500000000064e+02
7.259999999999999787e+00,2.166231400000000122e+03,1.748802799999999934e+03,1.354903299999999945e+03,9.023631599999999935e+02,6.000441799999999830e+02,5.844021000000000186e+02,5.830003000000000384e+02,5.779614699999999630e+02
7.266666700000000034e+00,2.158508299999999963e+03,1.741368899999999940e+03,1.346721900000000005e+03,8.973713099999999940e+02,5.930294000000000096e+02,5.775402299999999514e+02,5.766472099999999728e+02,5.725226300000000492e+02
7.273333300000000001e+00,2.151320700000000215e+03,1.734611200000000053e+03,1.339560699999999997e+03,8.916319700000000239e+02,5.859232700000000023e+02,5.707296300000000429e+02,5.703490100000000211e+02,5.670891100000000051e+02
7.280000000000000249e+00,2.143708900000000085e+03,1.727720100000000002e+03,1.332430499999999938e+03,8.859298300000000381e+02,5.789379000000000133e+02,5.640181800000000294e+02,5.641172699999999622e+02,5.616730599999999640e+02
7.286666699999999608e+00,2.135084199999999782e+03,1.721287499999999909e+03,1.325492799999999988e+03,8.803872999999999820e+02,5.721106399999999894e+02,5.574335600000000568e+02,5.579849500000000262e+02,5.563280399999999872e+02
7.293333299999999575e+00,2.126840000000000146e+03,1.715124199999999973e+03,1.318817800000000034e+03,8.749020000000000437e+02,5.653748299999999745e+02,5.509389700000000403e+02,5.519308499999999640e+02,5.510241200000000390e+02
7.299999999999999822e+00,2.118058599999999842e+03,1.708984699999999975e+03,1.312137099999999919e+03,8.693582199999999602e+02,5.587171700000000101e+02,5.445443500000000085e+02,5.459508100000000468e+02,5.457447499999999536e+02
7.306666700000000070e+00,2.111123300000000199e+03,1.702661900000000060e+03,1.305335299999999961e+03,8.637597700000000032e+02,5.521653999999999769e+02,5.382689000000000306e+02,5.400699499999999489e+02,5.405385400000000118e+02
7.313333300000000037e+00,2.105124400000000151e+03,1.696239000000000033e+03,1.298419399999999996e+03,8.581382300000000214e+02,5.457352600000000393e+02,5.321210600000000568e+02,5.342932700000000068e+02,5.353996899999999641e+02
7.320000000000000284e+00,2.098691800000000057e+03,1.689700900000000047e+03,1.291594000000000051e+03,8.525634400000000142e+02,5.394026599999999689e+02,5.260848899999999730e+02,5.286060999999999694e+02,5.303062599999999520e+02
7.326666699999999643e+00,2.092057200000000194e+03,1.683285100000000057e+03,1.285002099999999928e+03,8.470923900000000231e+02,5.331809600000000273e+02,5.201760600000000068e+02,5.230259300000000167e+02,5.252780099999999948e+02
7.333333299999999610e+00,2.085289400000000114e+03,1.676871599999999944e+03,1.278493799999999965e+03,8.416514200000000301e+02,5.270737199999999802e+02,5.143860899999999674e+02,5.175589599999999564e+02,5.203434399999999869e+02
7.339999999999999858e+00,2.078470400000000154e+03,1.670410499999999956e+03,1.271998599999999897e+03,8.362216600000000426e+02,5.210733800000000429e+02,5.087389800000000264e+02,5.122163600000000088e+02,5.155038299999999936e+02
7.346666700000000105e+00,2.071623700000000099e+03,1.663917999999999893e+03,1.265516900000000078e+03,8.308210000000000264e+02,5.151851599999999962e+02,5.032193599999999947e+02,5.069554099999999721e+02,5.106247999999999934e+02
7.353333300000000072e+00,2.064888100000000122e+03,1.657700599999999895e+03,1.259295399999999972e+03,8.254628300000000536e+02,5.094578500000000076e+02,4.978539599999999723e+02,5.018274900000000116e+02,5.058477899999999750e+02
7.360000000000000320e+00,2.058651600000000144e+03,1.651788600000000088e+03,1.253352000000000089e+03,8.204496400000000449e+02,5.038881499999999960e+02,4.926439700000000244e+02,4.968452300000000150e+02,5.012298999999999864e+02
7.366666699999999679e+00,2.052324599999999919e+03,1.645673299999999927e+03,1.247154600000000073e+03,8.151422599999999647e+02,4.983458200000000033e+02,4.875602799999999775e+02,4.919873699999999985e+02,4.967006200000000149e+02
7.373333299999999646e+00,2.045680900000000065e+03,1.639486100000000079e+03,1.241088299999999890e+03,8.100749399999999696e+02,4.929890500000000202e+02,4.826571999999999889e+02,4.872944499999999834e+02,4.922797400000000039e+02
7.379999999999999893e+00,2.039483300000000099e+03,1.633581200000000081e+03,1.235148200000000088e+03,8.049408799999999928e+02,4.877686199999999985e+02,4.779196299999999837e+02,4.827704600000000141e+02,4.879976199999999835e+02
7.386666700000000141e+00,2.033517499999999927e+03,1.627872900000000072e+03,1.229406400000000076e+03,7.999837899999999991e+02,4.827286599999999908e+02,4.733727799999999775e+02,4.784268000000000143e+02,4.838452399999999898e+02
7.393333300000000108e+00,2.027764400000000023e+03,1.622421800000000076e+03,1.223940599999999904e+03,7.952515600000000404e+02,4.778653699999999844e+02,4.689887299999999755e+02,4.742644199999999728e+02,4.798074199999999792e+02
7.400000000000000355e+00,2.022210900000000038e+03,1.617124199999999973e+03,1.218627199999999903e+03,7.906429200000000037e+02,4.731475599999999986e+02,4.647627499999999827e+02,4.702726999999999862e+02,4.758844000000000278e+02
