time,P1,P2,P3,P4,P5,P6,P7,P8
1.199040800000000014e-04,5.133802100000000035e-01,1.533711899999999906e-01,-2.152605599999999897e-01,-5.963798500000000447e-01,-1.050338200000000111e+00,-1.096465500000000093e+00,-1.134351000000000109e+00,-1.168776199999999932e+00
2.636507500000000235e-04,5.828367599999999538e-01,2.213531800000000105e-01,-1.493907600000000113e-01,-5.320960700000000321e-01,-9.894941299999999718e-01,-1.036537800000000065e+00,-1.076588199999999995e+00,-1.112581000000000042e+00
4.363464099999999875e-04,5.411800100000000446e-01,1.817382300000000006e-01,-1.859879700000000025e-01,-5.653551100000000496e-01,-1.014217300000000099e+00,-1.059692499999999926e+00,-1.098000499999999935e+00,-1.132787200000000105e+00
6.437257100000000299e-04,6.041687000000000030e-01,2.424168399999999945e-01,-1.291172999999999904e-01,-5.138130100000000144e-01,-9.831343500000000457e-01,-1.033868999999999927e+00,-1.076140600000000003e+00,-1.114286300000000063e+00
8.929998199999999824e-04,6.339434299999999745e-01,2.730039200000000110e-01,-9.728152700000000652e-02,-4.804143499999999900e-01,-9.446227400000000163e-01,-9.939408299999999974e-01,-1.035300300000000062e+00,-1.072611699999999946e+00
1.192432800000000053e-03,5.645242700000000502e-01,2.039677000000000018e-01,-1.654213499999999948e-01,-5.467632199999999942e-01,-1.003882099999999999e+00,-1.049167299999999914e+00,-1.086700299999999952e+00,-1.120142500000000041e+00
1.551311899999999969e-03,5.585256299999999952e-01,1.982152399999999870e-01,-1.708213399999999882e-01,-5.517709100000000033e-01,-1.008480400000000055e+00,-1.054554800000000014e+00,-1.093325399999999892e+00,-1.128446899999999919e+00
1.980061400000000110e-03,5.574436200000000285e-01,1.968064599999999886e-01,-1.728298100000000004e-01,-5.547235200000000255e-01,-1.015646899999999908e+00,-1.062862900000000055e+00,-1.102394799999999897e+00,-1.138057000000000096e+00
2.496404800000000083e-03,5.596352300000000390e-01,1.990496700000000119e-01,-1.705351700000000137e-01,-5.523805699999999597e-01,-1.013823600000000047e+00,-1.061231500000000105e+00,-1.101010499999999892e+00,-1.136943199999999932e+00
3.113334599999999924e-03,5.638303300000000462e-01,2.032461799999999985e-01,-1.663540300000000138e-01,-5.482162800000000002e-01,-1.010502199999999906e+00,-1.058046999999999960e+00,-1.098003099999999899e+00,-1.134161500000000045e+00
3.857567399999999817e-03,5.777067500000000466e-01,2.170987400000000123e-01,-1.525833400000000117e-01,-5.345598999999999767e-01,-9.976745099999999589e-01,-1.045358199999999904e+00,-1.085507999999999917e+00,-1.121898999999999980e+00
4.744921899999999908e-03,5.761036000000000490e-01,2.155755000000000032e-01,-1.539880200000000032e-01,-5.357588500000000087e-01,-9.988408399999999521e-01,-1.046101900000000029e+00,-1.085843499999999962e+00,-1.121800600000000037e+00
5.797365500000000241e-03,5.773366399999999565e-01,2.167729700000000093e-01,-1.529043200000000102e-01,-5.348636700000000133e-01,-9.995582400000000423e-01,-1.046767599999999909e+00,-1.086222400000000032e+00,-1.121634900000000101e+00
7.060297999999999574e-03,5.810563100000000203e-01,2.206148699999999907e-01,-1.488895199999999974e-01,-5.305529399999999729e-01,-9.951372800000000129e-01,-1.042143899999999901e+00,-1.081633300000000020e+00,-1.117250999999999994e+00
8.593858700000000031e-03,6.110436599999999885e-01,2.499681199999999881e-01,-1.208221800000000012e-01,-5.046110000000000317e-01,-9.784803199999999590e-01,-1.027980099999999952e+00,-1.069122899999999987e+00,-1.105791399999999980e+00
1.039412600000000006e-02,6.321910299999999872e-01,2.713664700000000263e-01,-9.906186300000000000e-02,-4.823017499999999735e-01,-9.566452600000000528e-01,-1.006882300000000008e+00,-1.049508600000000014e+00,-1.088334499999999982e+00
1.259445200000000077e-02,6.235588800000000376e-01,2.629940499999999792e-01,-1.070086299999999935e-01,-4.894511200000000173e-01,-9.609638299999999633e-01,-1.008825899999999942e+00,-1.049126699999999968e+00,-1.085467200000000076e+00
1.526627699999999997e-02,6.066999499999999879e-01,2.462192699999999901e-01,-1.237633800000000062e-01,-5.062227799999999833e-01,-9.796674499999999952e-01,-1.026987700000000059e+00,-1.066414200000000090e+00,-1.101489200000000057e+00
1.842388799999999938e-02,6.412550200000000089e-01,2.804776700000000123e-01,-9.022181199999999845e-02,-4.739079600000000170e-01,-9.547940600000000000e-01,-1.004947800000000058e+00,-1.047382700000000000e+00,-1.085771299999999995e+00
2.237090200000000154e-02,6.727100799999999881e-01,3.116783200000000087e-01,-5.968037400000000131e-02,-4.444810200000000044e-01,-9.323802700000000110e-01,-9.838098499999999857e-01,-1.027167799999999964e+00,-1.066126099999999965e+00
2.697575199999999868e-02,6.648635200000000411e-01,3.040820799999999768e-01,-6.690973399999999849e-02,-4.510295100000000224e-01,-9.383282299999999854e-01,-9.879993700000000434e-01,-1.029852100000000048e+00,-1.067261199999999910e+00
3.273181399999999797e-02,6.701507700000000067e-01,3.096258199999999960e-01,-6.124476899999999752e-02,-4.453672799999999765e-01,-9.362463800000000447e-01,-9.864656600000000219e-01,-1.029372799999999977e+00,-1.068190100000000031e+00
3.848787599999999726e-02,6.766284000000000187e-01,3.163194400000000073e-01,-5.452565999999999663e-02,-4.388928899999999800e-01,-9.341434299999999968e-01,-9.839828600000000147e-01,-1.026428099999999954e+00,-1.064530200000000093e+00
4.424393799999999655e-02,6.882797299999999785e-01,3.281774299999999922e-01,-4.260609399999999714e-02,-4.271121600000000185e-01,-9.256425000000000347e-01,-9.752387999999999613e-01,-1.017769099999999982e+00,-1.056082100000000024e+00
5.000000000000000278e-02,6.932133499999999504e-01,3.332793700000000192e-01,-3.748666700000000129e-02,-4.222550700000000101e-01,-9.243491999999999820e-01,-9.735950700000000069e-01,-1.015925799999999990e+00,-1.054013499999999937e+00
5.625000000000000139e-02,6.937563300000000321e-01,3.341451200000000177e-01,-3.634974900000000064e-02,-4.209875599999999829e-01,-9.247474399999999761e-01,-9.729078199999999788e-01,-1.014469300000000018e+00,-1.051807299999999890e+00
6.250000000000000000e-02,6.977616800000000508e-01,3.382348199999999916e-01,-3.236009200000000002e-02,-4.174819200000000063e-01,-9.255634499999999543e-01,-9.735978699999999764e-01,-1.015401400000000010e+00,-1.053140900000000046e+00
6.875000000000000555e-02,6.905503800000000192e-01,3.312178700000000253e-01,-3.925051599999999918e-02,-4.244841100000000256e-01,-9.351579700000000051e-01,-9.822834799999999866e-01,-1.023515900000000034e+00,-1.060696300000000036e+00
7.395833300000000110e-02,6.814715000000000078e-01,3.221762499999999974e-01,-4.833928500000000267e-02,-4.339605699999999899e-01,-9.477669399999999467e-01,-9.941269900000000437e-01,-1.034791100000000075e+00,-1.071419399999999911e+00
7.916666699999999612e-02,6.674611499999999475e-01,3.084931399999999990e-01,-6.159635000000000110e-02,-4.468843900000000202e-01,-9.610959000000000030e-01,-1.006463099999999944e+00,-1.046717600000000026e+00,-1.083328999999999986e+00
8.437500000000000555e-02,6.868955599999999606e-01,3.279285100000000064e-01,-4.236772500000000191e-02,-4.283305700000000216e-01,-9.455960100000000423e-01,-9.903170500000000320e-01,-1.030047900000000016e+00,-1.066089999999999982e+00
8.958333300000000110e-02,6.730540999999999885e-01,3.143618599999999930e-01,-5.561694899999999886e-02,-4.414372200000000190e-01,-9.593642000000000003e-01,-1.002801400000000065e+00,-1.041701699999999953e+00,-1.077107800000000060e+00
9.479166699999999612e-02,6.650163999999999520e-01,3.064588599999999996e-01,-6.341778100000000640e-02,-4.494141199999999725e-01,-9.693810299999999769e-01,-1.011928799999999962e+00,-1.050259499999999901e+00,-1.085223499999999897e+00
1.000000000000000056e-01,6.523757100000000531e-01,2.941407899999999853e-01,-7.534295300000000417e-02,-4.611021000000000147e-01,-9.815301800000000298e-01,-1.022717600000000004e+00,-1.060183700000000062e+00,-1.094476000000000004e+00
1.045454499999999981e-01,6.365090799999999494e-01,2.785782099999999928e-01,-9.048928500000000263e-02,-4.759511599999999842e-01,-9.960752600000000179e-01,-1.035734200000000049e+00,-1.072255699999999923e+00,-1.106027000000000093e+00
1.090909099999999993e-01,6.364941800000000205e-01,2.787357300000000149e-01,-9.019550599999999474e-02,-4.758219899999999725e-01,-9.969385100000000000e-01,-1.035584999999999978e+00,-1.071245599999999909e+00,-1.104091799999999957e+00
1.136363600000000057e-01,6.198377499999999651e-01,2.623354099999999911e-01,-1.062708099999999933e-01,-4.917292400000000119e-01,-1.013086500000000001e+00,-1.050559100000000079e+00,-1.085396699999999992e+00,-1.117667699999999931e+00
1.176767700000000000e-01,6.164673600000000198e-01,2.591106899999999769e-01,-1.094380300000000056e-01,-4.952766399999999902e-01,-1.018747599999999975e+00,-1.055830499999999894e+00,-1.090212399999999970e+00,-1.122079300000000002e+00
1.217171699999999995e-01,6.064853199999999944e-01,2.493347900000000006e-01,-1.188910499999999981e-01,-5.044689900000000060e-01,-1.027296699999999952e+00,-1.063057700000000105e+00,-1.096608400000000039e+00,-1.128031699999999971e+00
1.257575800000000077e-01,5.929055800000000431e-01,2.358779500000000029e-01,-1.322467800000000082e-01,-5.179369299999999621e-01,-1.041357400000000100e+00,-1.076272799999999918e+00,-1.109191100000000096e+00,-1.140080999999999900e+00
1.297979800000000072e-01,5.827718899999999591e-01,2.260491599999999990e-01,-1.416591399999999890e-01,-5.269826300000000074e-01,-1.049356900000000037e+00,-1.082817399999999930e+00,-1.114647500000000013e+00,-1.144611599999999951e+00
1.338383800000000068e-01,5.693727499999999830e-01,2.127936300000000114e-01,-1.547547200000000123e-01,-5.400865700000000436e-01,-1.063130600000000037e+00,-1.095544999999999991e+00,-1.126602899999999963e+00,-1.155988699999999980e+00
1.378787900000000011e-01,5.707053600000000504e-01,2.141763600000000101e-01,-1.534101300000000057e-01,-5.390697599999999534e-01,-1.064023200000000058e+00,-1.095976099999999898e+00,-1.126783300000000043e+00,-1.156021100000000024e+00
1.419191900000000006e-01,5.610506299999999946e-01,2.046031799999999956e-01,-1.629153299999999971e-01,-5.486461400000000044e-01,-1.074376900000000079e+00,-1.105103200000000063e+00,-1.135040899999999908e+00,-1.163676099999999991e+00
1.459595999999999949e-01,5.474613000000000396e-01,1.912069999999999881e-01,-1.760629900000000025e-01,-5.616037299999999677e-01,-1.087095700000000109e+00,-1.116564799999999913e+00,-1.145642700000000014e+00,-1.173591700000000015e+00
1.499999999999999944e-01,5.382813800000000315e-01,1.821548799999999912e-01,-1.849981900000000068e-01,-5.705919200000000302e-01,-1.096972099999999894e+00,-1.125389999999999890e+00,-1.153698600000000019e+00,-1.181032000000000082e+00
1.538461499999999871e-01,5.332913500000000528e-01,1.772993399999999997e-01,-1.897210900000000089e-01,-5.753546800000000072e-01,-1.102175499999999975e+00,-1.129629400000000006e+00,-1.157206699999999922e+00,-1.184026000000000023e+00
1.576923100000000022e-01,5.327965099999999454e-01,1.768017400000000128e-01,-1.903466000000000047e-01,-5.764432400000000234e-01,-1.105660400000000099e+00,-1.132874900000000018e+00,-1.160328000000000026e+00,-1.187122299999999964e+00
1.612179499999999988e-01,5.141844399999999649e-01,1.584299200000000019e-01,-2.083767599999999942e-01,-5.942282599999999526e-01,-1.122945599999999988e+00,-1.149076900000000068e+00,-1.175480300000000033e+00,-1.201511500000000066e+00
1.647435899999999953e-01,5.186881700000000039e-01,1.629899700000000118e-01,-2.038195899999999949e-01,-5.898904900000000451e-01,-1.119110599999999955e+00,-1.144414800000000065e+00,-1.170089799999999958e+00,-1.195455300000000110e+00
1.682692299999999919e-01,5.045720099999999597e-01,1.489312000000000136e-01,-2.178692000000000129e-01,-6.041707899999999576e-01,-1.134822500000000067e+00,-1.159833899999999973e+00,-1.185331799999999935e+00,-1.210697099999999971e+00
1.717948699999999884e-01,5.145463500000000412e-01,1.588890099999999972e-01,-2.080335899999999905e-01,-5.947230300000000414e-01,-1.126776800000000023e+00,-1.151198600000000072e+00,-1.176231800000000050e+00,-1.201205000000000078e+00
1.753205100000000127e-01,4.933698400000000039e-01,1.378257699999999863e-01,-2.289803599999999939e-01,-6.157408300000000168e-01,-1.148812399999999956e+00,-1.172642299999999915e+00,-1.197289899999999907e+00,-1.222022600000000070e+00
1.788461500000000093e-01,5.037721299999999847e-01,1.482528499999999916e-01,-2.185910299999999917e-01,-6.055196400000000256e-01,-1.138857400000000020e+00,-1.161448500000000106e+00,-1.185135700000000014e+00,-1.209039999999999893e+00
1.823717900000000058e-01,4.945214800000000133e-01,1.389926099999999887e-01,-2.279814000000000007e-01,-6.153449899999999806e-01,-1.151086000000000054e+00,-1.173478500000000091e+00,-1.197116199999999964e+00,-1.221105600000000013e+00
1.858974399999999971e-01,5.005109899999999890e-01,1.449309199999999909e-01,-2.222345599999999977e-01,-6.101417000000000090e-01,-1.148441299999999998e+00,-1.170632600000000023e+00,-1.194207500000000088e+00,-1.218163799999999908e+00
1.894230799999999937e-01,4.874086200000000146e-01,1.318374099999999882e-01,-2.354230300000000053e-01,-6.236476399999999476e-01,-1.163661800000000079e+00,-1.185217100000000023e+00,-1.208445999999999909e+00,-1.232269899999999918e+00
1.929487199999999902e-01,5.040082399999999963e-01,1.483500700000000005e-01,-2.191685100000000108e-01,-6.079762600000000461e-01,-1.150193699999999986e+00,-1.171210000000000084e+00,-1.194083299999999959e+00,-1.217556400000000094e+00
1.964743599999999868e-01,4.970732800000000062e-01,1.414035899999999957e-01,-2.262329999999999897e-01,-6.154648499999999522e-01,-1.159883199999999892e+00,-1.180414800000000097e+00,-1.202993900000000060e+00,-1.226226400000000050e+00
2.000000000000000111e-01,5.031156399999999751e-01,1.473210500000000089e-01,-2.206556100000000020e-01,-6.106359300000000490e-01,-1.158241800000000099e+00,-1.178619599999999989e+00,-1.201219700000000001e+00,-1.224522600000000017e+00
2.031250000000000000e-01,4.948607600000000106e-01,1.392273199999999878e-01,-2.285837400000000075e-01,-6.185466200000000470e-01,-1.165943600000000080e+00,-1.185505000000000031e+00,-1.207114999999999938e+00,-1.229749100000000039e+00
2.062499999999999889e-01,5.100078399999999901e-01,1.540627099999999916e-01,-2.144607299999999883e-01,-6.058473500000000067e-01,-1.158810700000000082e+00,-1.179541900000000032e+00,-1.202015000000000056e+00,-1.225513999999999992e+00
2.093750000000000056e-01,5.118957299999999933e-01,1.559479800000000138e-01,-2.126436100000000107e-01,-6.042921199999999882e-01,-1.157704400000000078e+00,-1.177615199999999973e+00,-1.199425900000000045e+00,-1.222333099999999950e+00
2.124999999999999944e-01,5.196833100000000094e-01,1.634927499999999922e-01,-2.056649399999999905e-01,-5.984644300000000472e-01,-1.156384599999999985e+00,-1.176851099999999928e+00,-1.199151599999999984e+00,-1.222582700000000022e+00
2.156250000000000111e-01,5.231385100000000010e-01,1.668304700000000085e-01,-2.026336900000000052e-01,-5.961136000000000212e-01,-1.156670300000000040e+00,-1.176847299999999930e+00,-1.198994899999999975e+00,-1.222335600000000078e+00
2.187500000000000000e-01,5.379774099999999892e-01,1.813983899999999927e-01,-1.886653199999999975e-01,-5.832851500000000300e-01,-1.148097200000000040e+00,-1.168560499999999891e+00,-1.191108899999999915e+00,-1.214866500000000071e+00
2.218749999999999889e-01,5.462550299999999748e-01,1.894857400000000136e-01,-1.810534799999999889e-01,-5.766646399999999506e-01,-1.145557600000000065e+00,-1.166041000000000105e+00,-1.188685100000000050e+00,-1.212554799999999933e+00
2.250000000000000056e-01,5.562211000000000238e-01,1.992154700000000056e-01,-1.718536099999999900e-01,-5.684759499999999521e-01,-1.141156999999999977e+00,-1.161592600000000086e+00,-1.184403700000000059e+00,-1.208487499999999937e+00
2.281249999999999944e-01,5.676322099999999704e-01,2.103664799999999946e-01,-1.612983600000000017e-01,-5.590777399999999897e-01,-1.136305099999999957e+00,-1.156862499999999905e+00,-1.179931899999999922e+00,-1.204290899999999942e+00
2.312500000000000111e-01,5.839261100000000537e-01,2.263447899999999902e-01,-1.460311599999999932e-01,-5.451648599999999734e-01,-1.127638600000000046e+00,-1.148509599999999908e+00,-1.172004000000000046e+00,-1.196790800000000043e+00
2.343750000000000000e-01,5.952439800000000059e-01,2.373761299999999907e-01,-1.356491300000000066e-01,-5.360232000000000330e-01,-1.123236799999999924e+00,-1.144145900000000049e+00,-1.167834700000000003e+00,-1.192813799999999924e+00
2.374999999999999889e-01,6.063188699999999542e-01,2.481531899999999957e-01,-1.255506000000000122e-01,-5.272300899999999846e-01,-1.119516200000000072e+00,-1.140573400000000071e+00,-1.164592300000000025e+00,-1.189936399999999894e+00
2.406250000000000056e-01,6.284470500000000071e-01,2.698442899999999867e-01,-1.047945900000000069e-01,-5.081842500000000040e-01,-1.106892100000000045e+00,-1.128478000000000092e+00,-1.153119500000000075e+00,-1.179062000000000054e+00
2.437499999999999944e-01,6.370446100000000111e-01,2.781696399999999958e-01,-9.710683800000000088e-02,-5.017388499999999585e-01,-1.105100699999999936e+00,-1.126466799999999990e+00,-1.151117600000000074e+00,-1.177100000000000035e+00
2.468750000000000111e-01,6.649452700000000327e-01,3.055285200000000256e-01,-7.089580199999999388e-02,-4.776037699999999830e-01,-1.088679699999999917e+00,-1.110912799999999923e+00,-1.136495699999999998e+00,-1.163375199999999943e+00
2.500000000000000000e-01,6.767838299999999752e-01,3.169919900000000013e-01,-6.026586899999999969e-02,-4.685451099999999869e-01,-1.085515999999999925e+00,-1.107825899999999919e+00,-1.133682400000000090e+00,-1.160842600000000058e+00
2.529411799999999877e-01,6.901853500000000308e-01,3.301361300000000276e-01,-4.777056999999999831e-02,-4.573833999999999955e-01,-1.079233300000000062e+00,-1.101706099999999910e+00,-1.127548999999999912e+00,-1.154862000000000055e+00
2.558823499999999806e-01,7.222147599999999557e-01,3.615282499999999954e-01,-1.772368100000000155e-02,-4.297757799999999961e-01,-1.060325600000000090e+00,-1.084141699999999986e+00,-1.111177999999999999e+00,-1.139633099999999954e+00
2.588235300000000239e-01,7.394671400000000228e-01,3.783154799999999818e-01,-1.929006600000000024e-03,-4.158203500000000052e-01,-1.052768699999999891e+00,-1.076894299999999971e+00,-1.104294099999999945e+00,-1.133090300000000106e+00
2.617647100000000115e-01,7.636780600000000474e-01,4.019537300000000091e-01,2.049088300000000140e-02,-3.956196599999999841e-01,-1.040275499999999909e+00,-1.065027699999999911e+00,-1.093140500000000070e+00,-1.122667899999999941e+00
2.647058800000000045e-01,7.900765699999999780e-01,4.277507999999999866e-01,4.501561099999999704e-02,-3.734121100000000193e-01,-1.026348700000000003e+00,-1.051783700000000099e+00,-1.080677300000000063e+00,-1.110954900000000078e+00
2.676470599999999922e-01,8.100017699999999543e-01,4.470773100000000055e-01,6.307669899999999996e-02,-3.576406599999999991e-01,-1.018571399999999905e+00,-1.044389100000000070e+00,-1.073847999999999914e+00,-1.104702000000000073e+00
2.705882399999999799e-01,8.422100799999999721e-01,4.786179999999999879e-01,9.320386199999999843e-02,-3.300614399999999837e-01,-9.998938000000000548e-01,-1.026300200000000107e+00,-1.056520200000000020e+00,-1.088129700000000089e+00
2.735294099999999728e-01,8.733180499999999569e-01,5.089599599999999890e-01,1.219402500000000000e-01,-3.041977000000000153e-01,-9.842285600000000301e-01,-1.011573599999999962e+00,-1.042858300000000016e+00,-1.075507100000000049e+00
2.764705900000000161e-01,8.952889699999999618e-01,5.302316000000000251e-01,1.417343299999999917e-01,-2.870628599999999753e-01,-9.763807799999999482e-01,-1.004152799999999957e+00,-1.036088499999999968e+00,-1.069399500000000058e+00
2.794117600000000090e-01,9.235794000000000503e-01,5.577471400000000301e-01,1.676401899999999945e-01,-2.640052900000000036e-01,-9.629046100000000497e-01,-9.909778399999999987e-01,-1.023459600000000025e+00,-1.057334699999999961e+00
2.823529399999999967e-01,9.594184599999999730e-01,5.927239899999999784e-01,2.008176700000000037e-01,-2.340306799999999909e-01,-9.440163400000000093e-01,-9.728974099999999625e-01,-1.006377199999999972e+00,-1.041242100000000059e+00
2.852941199999999844e-01,9.990928999999999505e-01,6.314054599999999740e-01,2.374750099999999864e-01,-2.009040800000000127e-01,-9.230463599999999547e-01,-9.529124199999999822e-01,-9.875488100000000546e-01,-1.023537499999999989e+00
2.882352899999999774e-01,1.028378500000000084e+00,6.597676900000000177e-01,2.639368000000000269e-01,-1.777920199999999951e-01,-9.112274500000000499e-01,-9.415466200000000008e-01,-9.769296499999999828e-01,-1.013697000000000070e+00
2.911764700000000206e-01,1.061999200000000032e+00,6.923838100000000439e-01,2.944828600000000129e-01,-1.508772700000000078e-01,-8.963594099999999676e-01,-9.272216199999999686e-01,-9.634543399999999647e-01,-1.001087099999999896e+00
2.941176500000000082e-01,1.102572799999999908e+00,7.318680600000000425e-01,3.317341300000000159e-01,-1.175308300000000028e-01,-8.759464999999999613e-01,-9.074629400000000512e-01,-9.446521199999999840e-01,-9.832460100000000036e-01
2.970588200000000012e-01,1.138588399999999945e+00,7.667144999999999655e-01,3.642013599999999740e-01,-8.919858799999999532e-02,-8.612615099999999524e-01,-8.934764699999999671e-01,-9.316687099999999555e-01,-9.712981899999999502e-01
2.999999999999999889e-01,1.174941199999999908e+00,8.018794299999999486e-01,3.969246900000000244e-01,-6.073151599999999928e-02,-8.463982799999999473e-01,-8.789978699999999590e-01,-9.179557400000000200e-01,-9.583936800000000256e-01
3.029411799999999766e-01,1.216291199999999906e+00,8.419245699999999832e-01,4.343343399999999854e-01,-2.785756600000000027e-02,-8.279381799999999680e-01,-8.610028899999999652e-01,-9.008088499999999943e-01,-9.421261300000000061e-01
3.058823500000000251e-01,1.261663600000000107e+00,8.858553500000000414e-01,4.753773900000000108e-01,8.235703599999999805e-03,-8.077613500000000446e-01,-8.415774200000000205e-01,-8.825476500000000168e-01,-9.250616799999999973e-01
3.088235300000000128e-01,1.302012299999999900e+00,9.247581400000000063e-01,5.113554599999999839e-01,3.918148999999999937e-02,-7.925148199999999532e-01,-8.267044799999999638e-01,-8.685030099999999642e-01,-9.119196999999999997e-01
3.117647100000000004e-01,1.346957600000000088e+00,9.680800999999999989e-01,5.514545100000000089e-01,7.381740000000000523e-02,-7.747455100000000261e-01,-8.093567000000000400e-01,-8.520461299999999571e-01,-8.963919399999999982e-01
3.147058799999999934e-01,1.391094199999999947e+00,1.010566300000000028e+00,5.906506599999999940e-01,1.074299999999999977e-01,-7.581697800000000154e-01,-7.930135000000000378e-01,-8.365011900000000056e-01,-8.817444399999999627e-01
3.176470599999999811e-01,1.441658300000000059e+00,1.059222300000000061e+00,6.355450099999999658e-01,1.460400799999999888e-01,-7.383700399999999497e-01,-7.736657999999999591e-01,-8.181640500000000316e-01,-8.644919800000000487e-01
3.205882400000000243e-01,1.490705200000000064e+00,1.106344599999999900e+00,6.788887000000000116e-01,1.830424499999999954e-01,-7.203864599999999507e-01,-7.559261600000000136e-01,-8.013021500000000463e-01,-8.486167999999999489e-01
3.235294100000000173e-01,1.543376800000000104e+00,1.156812299999999905e+00,7.250587800000000138e-01,2.221208100000000019e-01,-7.019307099999999577e-01,-7.377677400000000052e-01,-7.840780400000000316e-01,-8.324223899999999565e-01
3.264705900000000049e-01,1.590979499999999991e+00,1.202260099999999943e+00,7.663191400000000097e-01,2.564156000000000213e-01,-6.876999200000000201e-01,-7.233282100000000270e-01,-7.702117299999999833e-01,-8.193184900000000104e-01
3.294117599999999979e-01,1.647584200000000054e+00,1.256190499999999988e+00,8.151951499999999795e-01,2.971943899999999750e-01,-6.698843700000000068e-01,-7.056727600000000100e-01,-7.534570000000000434e-01,-8.035322400000000087e-01
3.323529399999999856e-01,1.706024399999999996e+00,1.312094199999999988e+00,8.661522000000000387e-01,3.399982200000000176e-01,-6.497248799999999491e-01,-6.853125700000000098e-01,-7.338073000000000512e-01,-7.848111100000000340e-01
3.352941199999999733e-01,1.768067400000000067e+00,1.371114799999999967e+00,9.194296100000000083e-01,3.840367900000000168e-01,-6.311574199999999690e-01,-6.668346099999999943e-01,-7.163020599999999627e-01,-7.684245299999999945e-01
3.382352900000000218e-01,1.826730200000000082e+00,1.426649000000000056e+00,9.690942200000000062e-01,4.244066599999999911e-01,-6.156810600000000022e-01,-6.507889500000000327e-01,-7.007060200000000405e-01,-7.535297499999999982e-01
3.411764700000000095e-01,1.891246299999999936e+00,1.487600500000000103e+00,1.023415500000000034e+00,4.682873000000000174e-01,-5.994103100000000017e-01,-6.341853400000000418e-01,-6.847912900000000525e-01,-7.385399400000000059e-01
3.441176499999999971e-01,1.957642199999999999e+00,1.550281800000000043e+00,1.079210900000000084e+00,5.133127499999999843e-01,-5.822163599999999883e-01,-6.162051899999999582e-01,-6.672029699999999508e-01,-7.216589500000000212e-01
3.470588199999999901e-01,2.033694899999999972e+00,1.622032300000000093e+00,1.143013899999999916e+00,5.648266899999999646e-01,-5.619423599999999741e-01,-5.955585199999999801e-01,-6.473211100000000329e-01,-7.027972300000000505e-01
3.499999999999999778e-01,2.103846400000000116e+00,1.687733900000000009e+00,1.200596299999999950e+00,6.099664200000000092e-01,-5.476641500000000162e-01,-5.801304400000000250e-01,-6.321198900000000176e-01,-6.882267499999999982e-01
3.527777799999999853e-01,2.148848399999999881e+00,1.729189800000000110e+00,1.235535199999999945e+00,6.347951299999999852e-01,-5.469104799999999766e-01,-5.774671900000000191e-01,-6.281215799999999572e-01,-6.838291499999999967e-01
3.555555599999999927e-01,2.234446900000000014e+00,1.809128499999999917e+00,1.305367699999999909e+00,6.895542399999999850e-01,-5.273838699999999768e-01,-5.580794500000000324e-01,-6.094311500000000326e-01,-6.661671200000000015e-01
3.583333300000000055e-01,2.313908300000000029e+00,1.883036200000000049e+00,1.369423199999999952e+00,7.390015599999999463e-01,-5.112576899999999869e-01,-5.408318199999999631e-01,-5.921524000000000232e-01,-6.493825600000000531e-01
3.611111100000000129e-01,2.399723199999999945e+00,1.962460599999999999e+00,1.437634599999999985e+00,7.908689899999999939e-01,-4.961465099999999850e-01,-5.245939699999999650e-01,-5.758944799999999864e-01,-6.336787099999999784e-01
3.638888900000000204e-01,2.490240700000000196e+00,2.045925800000000017e+00,1.508860199999999985e+00,8.445061499999999555e-01,-4.812804600000000210e-01,-5.081128700000000498e-01,-5.594007100000000232e-01,-6.177081800000000511e-01
3.666666699999999723e-01,2.584475299999999809e+00,2.132357999999999976e+00,1.581904699999999941e+00,8.986201000000000327e-01,-4.678733099999999867e-01,-4.923531899999999961e-01,-5.437385099999999527e-01,-6.024426099999999895e-01
3.694444399999999851e-01,2.685106000000000215e+00,2.224231500000000139e+00,1.658920799999999973e+00,9.551267599999999636e-01,-4.547694899999999985e-01,-4.768382600000000138e-01,-5.279426600000000080e-01,-5.869372200000000372e-01
3.722222199999999925e-01,2.790944599999999998e+00,2.320253399999999910e+00,1.738526199999999911e+00,1.012537699999999985e+00,-4.431883600000000034e-01,-4.624946099999999727e-01,-5.130553799999999498e-01,-5.722147699999999837e-01
3.750000000000000000e-01,2.904314499999999910e+00,2.422602400000000156e+00,1.822715499999999933e+00,1.072690200000000038e+00,-4.314750199999999869e-01,-4.469997600000000237e-01,-4.974596000000000018e-01,-5.566679799999999512e-01
3.777777800000000075e-01,3.025504199999999866e+00,2.531190699999999794e+00,1.910843899999999929e+00,1.134273499999999935e+00,-4.217127299999999801e-01,-4.337767200000000045e-01,-4.833431699999999887e-01,-5.424707500000000016e-01
3.805555600000000149e-01,3.155197199999999924e+00,2.646885699999999897e+00,2.004119900000000065e+00,1.198981999999999992e+00,-4.110452600000000234e-01,-4.192401900000000126e-01,-4.675233400000000095e-01,-5.264723300000000439e-01
3.833333300000000277e-01,3.297491299999999903e+00,2.772716799999999981e+00,2.104114899999999899e+00,1.266897099999999998e+00,-4.019164700000000257e-01,-4.060138099999999750e-01,-4.528661999999999965e-01,-5.114713499999999913e-01
3.861111099999999796e-01,3.442778800000000139e+00,2.899790100000000148e+00,2.203135599999999972e+00,1.331906999999999952e+00,-3.967331299999999894e-01,-3.956176599999999821e-01,-4.403571099999999960e-01,-4.981221699999999752e-01
3.888888899999999871e-01,3.606408899999999917e+00,3.041488600000000098e+00,2.311750899999999831e+00,1.401471200000000028e+00,-3.932188200000000244e-01,-3.868153300000000128e-01,-4.293520699999999746e-01,-4.862430200000000258e-01
3.916666699999999945e-01,3.774480500000000127e+00,3.185305300000000006e+00,2.419835700000000145e+00,1.468535600000000052e+00,-3.926613800000000043e-01,-3.795531999999999795e-01,-4.191289400000000054e-01,-4.748321899999999873e-01
3.944444400000000073e-01,3.975288899999999792e+00,3.356203700000000012e+00,2.547673099999999913e+00,1.548378699999999997e+00,-3.879263700000000203e-01,-3.683682500000000082e-01,-4.051218400000000108e-01,-4.598232099999999822e-01
3.972222200000000147e-01,4.176597000000000115e+00,3.524321000000000037e+00,2.669338699999999953e+00,1.619976800000000106e+00,-3.904298500000000227e-01,-3.628205500000000194e-01,-3.955838400000000199e-01,-4.484258099999999803e-01
4.000000000000000222e-01,4.415836999999999790e+00,3.721836300000000097e+00,2.810006399999999793e+00,1.701413000000000064e+00,-3.930770000000000097e-01,-3.576986500000000069e-01,-3.864442900000000236e-01,-4.373855600000000066e-01
4.026315799999999889e-01,4.577333900000000177e+00,3.846904499999999949e+00,2.888080299999999934e+00,1.733283099999999965e+00,-4.178722500000000006e-01,-3.728663500000000131e-01,-3.940532700000000110e-01,-4.410703400000000052e-01
4.052631600000000112e-01,4.882394900000000426e+00,4.093477100000000313e+00,3.059249900000000189e+00,1.830632000000000037e+00,-4.166904799999999742e-01,-3.659442399999999762e-01,-3.830763300000000204e-01,-4.282812400000000075e-01
4.078947399999999779e-01,5.145881400000000383e+00,4.297577800000000003e+00,3.190767899999999990e+00,1.895143800000000045e+00,-4.310747899999999855e-01,-3.696722900000000145e-01,-3.797151200000000171e-01,-4.211307799999999824e-01
4.105263200000000001e-01,5.500336899999999751e+00,4.571605700000000105e+00,3.368966900000000209e+00,1.987343700000000046e+00,-4.386972299999999936e-01,-3.684483000000000064e-01,-3.728970400000000129e-01,-4.113847099999999868e-01
4.131578900000000276e-01,5.849540099999999576e+00,4.830242300000000100e+00,3.525626100000000207e+00,2.058044699999999949e+00,-4.592466800000000182e-01,-3.766589799999999766e-01,-3.731391199999999908e-01,-4.072147999999999879e-01
4.157894699999999943e-01,6.290703599999999618e+00,5.152798400000000001e+00,3.719820900000000208e+00,2.148312799999999800e+00,-4.761962599999999823e-01,-3.820505299999999993e-01,-3.706619700000000073e-01,-4.005808599999999831e-01
4.184210500000000166e-01,6.760074600000000267e+00,5.481379300000000399e+00,3.905389500000000069e+00,2.225670000000000037e+00,-5.010944999999999983e-01,-3.929430600000000107e-01,-3.718207099999999987e-01,-3.963472299999999948e-01
4.210526299999999833e-01,7.339635300000000306e+00,5.876546099999999662e+00,4.123249799999999965e+00,2.316171199999999875e+00,-5.252802500000000041e-01,-4.034814199999999795e-01,-3.727351999999999888e-01,-3.917955499999999924e-01
4.236842100000000055e-01,7.987163500000000305e+00,6.295538099999999915e+00,4.338750799999999685e+00,2.396393600000000124e+00,-5.569304699999999553e-01,-4.192439600000000266e-01,-3.776617899999999972e-01,-3.900703400000000154e-01
4.263157899999999723e-01,8.782926599999999695e+00,6.789775099999999952e+00,4.583266300000000015e+00,2.485221600000000031e+00,-5.916699600000000503e-01,-4.380526599999999826e-01,-3.842966800000000016e-01,-3.895336699999999985e-01
4.289473699999999945e-01,9.717991500000000116e+00,7.334777500000000394e+00,4.833388499999999866e+00,2.566715600000000208e+00,-6.328532700000000233e-01,-4.621146899999999946e-01,-3.930845099999999981e-01,-3.914204700000000203e-01
4.315789500000000167e-01,1.087097100000000083e+01,7.969092999999999982e+00,5.110431499999999794e+00,2.654630500000000115e+00,-6.752239300000000277e-01,-4.880715600000000154e-01,-4.037208500000000200e-01,-3.941967200000000005e-01
4.342105299999999835e-01,1.231256100000000053e+01,8.698186299999999704e+00,5.405592999999999648e+00,2.741578699999999813e+00,-7.200613200000000047e-01,-5.166010800000000458e-01,-4.160548199999999919e-01,-3.976647799999999955e-01
4.368421100000000057e-01,1.414179200000000058e+01,9.553649699999999356e+00,5.732787000000000077e+00,2.838391300000000061e+00,-7.652681199999999961e-01,-5.475899600000000422e-01,-4.306979400000000013e-01,-4.035733599999999921e-01
4.394736799999999777e-01,1.656821800000000167e+01,1.057019999999999982e+01,6.092938900000000046e+00,2.944771699999999992e+00,-8.101092600000000532e-01,-5.810989899999999819e-01,-4.473946300000000154e-01,-4.113975599999999955e-01
4.421052599999999999e-01,1.980408800000000014e+01,1.176878699999999967e+01,6.498650200000000154e+00,3.074419900000000094e+00,-8.464007399999999848e-01,-6.143299199999999738e-01,-4.639465899999999920e-01,-4.199372900000000186e-01
4.447368400000000221e-01,2.445654899999999898e+01,1.323471600000000059e+01,6.981389599999999973e+00,3.240832300000000110e+00,-8.705086899999999739e-01,-6.495657599999999920e-01,-4.816410500000000150e-01,-4.297888100000000211e-01
4.473684199999999889e-01,3.126064799999999977e+01,1.494224499999999978e+01,7.504748099999999589e+00,3.435915000000000052e+00,-8.764526799999999840e-01,-6.770547599999999777e-01,-4.952686600000000272e-01,-4.375679800000000230e-01
4.500000000000000111e-01,4.264428000000000196e+01,1.699566899999999947e+01,8.049505699999999209e+00,3.641848799999999997e+00,-9.453960399999999931e-01,-6.645909300000000242e-01,-4.952888400000000080e-01,-4.405250399999999789e-01
4.526315799999999778e-01,6.206881800000000027e+01,1.907903299999999902e+01,8.489503499999999647e+00,3.856563400000000197e+00,-1.015951199999999943e+00,-6.878756400000000104e-01,-5.114742500000000192e-01,-4.516758699999999793e-01
4.551246500000000195e-01,9.289927500000000293e+01,2.132132700000000014e+01,8.477930499999999370e+00,3.905949000000000115e+00,-1.130475200000000013e+00,-7.123592399999999492e-01,-5.393232999999999500e-01,-4.746627600000000169e-01
4.574865100000000129e-01,1.394236999999999966e+02,2.453672600000000159e+01,8.149473300000000364e+00,3.911014199999999885e+00,-1.280541200000000046e+00,-7.704213600000000550e-01,-5.797230799999999462e-01,-5.008486899999999853e-01
4.591216499999999923e-01,1.761456300000000113e+02,2.700496599999999958e+01,7.041782399999999775e+00,3.549855599999999889e+00,-1.303877299999999906e+00,-8.285508999999999791e-01,-6.501331399999999983e-01,-5.564958199999999744e-01
4.605312500000000031e-01,2.288377199999999903e+02,3.173945099999999897e+01,6.753351199999999999e+00,3.612687600000000110e+00,-1.319933199999999918e+00,-8.454835800000000123e-01,-6.793298199999999731e-01,-5.726045199999999502e-01
4.619408400000000192e-01,2.901659900000000221e+02,3.733510900000000277e+01,6.223546400000000034e+00,3.492370699999999939e+00,-1.421656299999999984e+00,-9.038925599999999561e-01,-7.169815499999999675e-01,-5.947792200000000529e-01
4.633000999999999925e-01,3.674099699999999871e+02,4.469599500000000347e+01,5.842111499999999680e+00,3.337621200000000066e+00,-1.508015000000000105e+00,-9.146117700000000461e-01,-7.358165899999999926e-01,-6.049380399999999547e-01
4.646108099999999852e-01,4.595946500000000015e+02,5.286024900000000315e+01,5.186764100000000433e+00,3.012688400000000044e+00,-1.635467699999999969e+00,-9.558726600000000406e-01,-7.717657500000000281e-01,-6.284690299999999841e-01
4.659215199999999779e-01,5.710845600000000104e+02,6.329989700000000141e+01,4.574288600000000038e+00,2.590041100000000096e+00,-1.763412900000000061e+00,-1.047029299999999941e+00,-8.136177199999999887e-01,-6.513051699999999888e-01
4.672322300000000261e-01,7.064413799999999810e+02,7.726951800000000503e+01,4.341095400000000382e+00,2.098786800000000063e+00,-2.059313099999999785e+00,-1.144046799999999919e+00,-8.612602400000000102e-01,-6.808121299999999598e-01
4.684025099999999942e-01,8.541828199999999924e+02,9.329772499999999980e+01,5.382183000000000384e+00,1.684296199999999910e+00,-2.336784600000000101e+00,-1.243986000000000036e+00,-9.324543600000000376e-01,-7.265968400000000216e-01
4.695309899999999814e-01,1.012444399999999973e+03,1.116728800000000064e+02,6.620488899999999788e+00,1.178837700000000099e+00,-2.574570099999999861e+00,-1.313218400000000008e+00,-9.822231000000000156e-01,-7.586826800000000537e-01
4.706594700000000242e-01,1.166851499999999987e+03,1.328409200000000112e+02,7.913185900000000217e+00,4.868902099999999900e-01,-2.811131500000000116e+00,-1.374873199999999906e+00,-1.043396699999999955e+00,-7.928648000000000362e-01
4.717879600000000062e-01,1.334165400000000091e+03,1.577812099999999873e+02,1.017664599999999986e+01,-2.022922100000000001e-01,-3.072852399999999928e+00,-1.501165599999999989e+00,-1.048292599999999908e+00,-8.057248200000000082e-01
4.728730300000000275e-01,1.524134099999999989e+03,1.856148699999999963e+02,1.286947400000000030e+01,-9.070139200000000290e-01,-3.366443900000000156e+00,-1.667955999999999994e+00,-1.085869799999999996e+00,-8.372992799999999791e-01
4.739581099999999880e-01,1.760411200000000008e+03,2.174569600000000094e+02,1.533824700000000085e+01,-1.673913800000000007e+00,-3.675624800000000025e+00,-1.790733499999999978e+00,-1.138958099999999973e+00,-8.664264499999999591e-01
4.750431900000000041e-01,2.026255900000000111e+03,2.529626499999999965e+02,1.799054200000000137e+01,-2.311711499999999919e+00,-4.079256400000000227e+00,-1.955330400000000024e+00,-1.232232699999999959e+00,-9.203694100000000544e-01
4.761282700000000201e-01,2.301519200000000183e+03,2.923959100000000149e+02,2.374684399999999940e+01,-2.500352100000000188e+00,-4.496660699999999622e+00,-2.120329900000000212e+00,-1.316330199999999895e+00,-9.704751999999999823e-01
4.772133499999999806e-01,2.593043299999999817e+03,3.357872800000000097e+02,3.077542199999999895e+01,-2.566906599999999816e+00,-4.927215799999999923e+00,-2.299285600000000152e+00,-1.415329300000000012e+00,-1.030372700000000030e+00
4.782491099999999773e-01,2.928773900000000140e+03,3.798938699999999926e+02,3.789029099999999772e+01,-2.537669499999999800e+00,-5.373494799999999572e+00,-2.481038600000000205e+00,-1.511582999999999899e+00,-1.091528300000000007e+00
4.792848599999999792e-01,3.323539499999999862e+03,4.303889100000000099e+02,4.611135900000000021e+01,-2.420975100000000158e+00,-5.865207100000000118e+00,-2.691568399999999972e+00,-1.626016200000000023e+00,-1.160493999999999915e+00
4.803206199999999759e-01,3.785314400000000205e+03,4.839182900000000132e+02,5.467904899999999913e+01,-2.393456899999999887e+00,-6.428504700000000405e+00,-2.946848000000000134e+00,-1.763262399999999896e+00,-1.249814600000000109e+00
4.813563799999999726e-01,4.342482699999999568e+03,5.442327900000000227e+02,6.420891199999999799e+01,-2.623404999999999987e+00,-7.031928999999999874e+00,-3.232420700000000036e+00,-1.912262499999999976e+00,-1.343420400000000070e+00
4.823921299999999746e-01,4.995761700000000019e+03,6.118019000000000460e+02,7.549068200000000672e+01,-1.224230200000000046e+00,-7.588685199999999575e+00,-3.494906600000000196e+00,-2.027569900000000036e+00,-1.429675699999999994e+00
4.834278900000000267e-01,5.792614800000000287e+03,6.884538000000000011e+02,8.815042200000000605e+01,4.582909099999999958e-01,-8.088981099999999813e+00,-3.811466699999999985e+00,-2.284491500000000119e+00,-1.565962700000000041e+00
4.844636500000000234e-01,6.677739599999999882e+03,7.790976799999999685e+02,1.013309200000000061e+02,1.903617899999999974e+00,-8.488855300000000881e+00,-3.947187599999999907e+00,-2.398549000000000042e+00,-1.648728100000000030e+00
4.854994000000000254e-01,7.590234599999999773e+03,8.916266799999999648e+02,1.157299100000000038e+02,4.032984599999999809e+00,-9.043512200000000334e+00,-4.270188000000000095e+00,-2.599840599999999835e+00,-1.768009799999999965e+00
4.865351600000000221e-01,8.503404399999999441e+03,1.033325100000000020e+03,1.310154300000000092e+02,4.342378599999999977e+00,-9.671521000000000257e+00,-4.716941000000000273e+00,-2.788280499999999940e+00,-1.899307499999999926e+00
4.875709200000000187e-01,9.348832599999999729e+03,1.212318600000000060e+03,1.466201199999999858e+02,5.532522499999999788e+00,-1.016528199999999948e+01,-5.062459800000000065e+00,-2.963652300000000128e+00,-2.036868899999999982e+00
4.886066700000000207e-01,9.901392599999999220e+03,1.430130900000000111e+03,1.654373899999999935e+02,8.189699100000000342e+00,-1.070156300000000016e+01,-5.476110099999999647e+00,-3.237143399999999893e+00,-2.190998000000000001e+00
4.896424300000000174e-01,1.034381799999999930e+04,1.681261099999999942e+03,1.891607600000000105e+02,1.069205099999999931e+01,-1.106309100000000001e+01,-5.772384500000000251e+00,-3.457437500000000163e+00,-2.306195900000000076e+00
4.906781900000000141e-01,1.078536000000000058e+04,1.977280799999999999e+03,2.141720699999999908e+02,1.254260999999999981e+01,-1.139044299999999943e+01,-6.049211999999999811e+00,-3.653941999999999801e+00,-2.435320799999999952e+00
4.917139400000000160e-01,1.093015899999999965e+04,2.289079400000000078e+03,2.455432999999999879e+02,1.347372000000000014e+01,-1.175099200000000010e+01,-6.320072299999999643e+00,-3.833349500000000187e+00,-2.555936700000000172e+00
4.927497000000000127e-01,1.097084000000000015e+04,2.554573100000000068e+03,2.866737600000000157e+02,1.500953900000000019e+01,-1.203100200000000086e+01,-6.594617399999999741e+00,-4.022690700000000064e+00,-2.691442700000000077e+00
4.936559899999999890e-01,1.113055199999999968e+04,2.801196600000000217e+03,3.196554600000000050e+02,1.678411399999999887e+01,-1.162504500000000007e+01,-6.541957700000000209e+00,-4.073692399999999658e+00,-2.727035599999999782e+00
4.945622800000000208e-01,1.119768900000000031e+04,3.105315599999999904e+03,3.595319299999999885e+02,1.953282099999999843e+01,-1.179553899999999977e+01,-6.866112499999999841e+00,-4.253402399999999695e+00,-2.814106900000000078e+00
4.954685600000000023e-01,1.113261399999999958e+04,3.331379699999999957e+03,4.074683299999999804e+02,2.098609199999999930e+01,-1.174760099999999952e+01,-7.021925000000000416e+00,-4.390879899999999836e+00,-2.969756199999999957e+00
4.963748499999999786e-01,1.123503000000000065e+04,3.713563599999999951e+03,4.415511599999999817e+02,2.940799499999999966e+01,-1.162991899999999923e+01,-7.129026800000000108e+00,-4.479183199999999587e+00,-3.019136500000000112e+00
4.972811400000000104e-01,1.145128199999999924e+04,4.211438799999999901e+03,5.028739699999999857e+02,3.306111400000000344e+01,-1.138033399999999951e+01,-7.224856899999999804e+00,-4.572691599999999745e+00,-3.083009699999999853e+00
4.981874299999999867e-01,1.154775799999999981e+04,4.618373400000000402e+03,5.736603699999999435e+02,4.024060200000000265e+01,-1.125263299999999944e+01,-7.350910899999999693e+00,-4.698432099999999778e+00,-3.173157199999999900e+00
4.990937100000000237e-01,1.169963700000000063e+04,5.090473600000000260e+03,6.597923299999999927e+02,5.352178599999999875e+01,-1.126747600000000027e+01,-7.468101100000000159e+00,-4.817024499999999598e+00,-3.270037900000000164e+00
5.000000000000000000e-01,1.152308699999999953e+04,5.298735499999999774e+03,7.528912800000000516e+02,5.726619600000000077e+01,-1.135398600000000080e+01,-7.548155600000000298e+00,-4.885930499999999732e+00,-3.312656399999999834e+00
5.009259299999999637e-01,1.139652399999999943e+04,5.536701100000000224e+03,8.260070399999999609e+02,7.140264000000000522e+01,-1.167745900000000070e+01,-7.725611899999999643e+00,-5.012085700000000088e+00,-3.406318600000000085e+00
5.018518499999999882e-01,1.125160200000000077e+04,5.743854800000000068e+03,9.408424800000000232e+02,8.253103900000000692e+01,-1.175188600000000072e+01,-7.681310299999999813e+00,-4.989136900000000097e+00,-3.410611999999999977e+00
5.027777799999999520e-01,1.117446800000000076e+04,5.981631400000000212e+03,1.050406500000000051e+03,1.219056700000000006e+02,-1.174499100000000062e+01,-7.639477600000000201e+00,-4.962261400000000044e+00,-3.396760099999999838e+00
5.037036999999999765e-01,1.122775599999999940e+04,6.409275200000000041e+03,1.194463799999999992e+03,1.706054399999999873e+02,-1.155927800000000083e+01,-7.316145399999999910e+00,-4.733445699999999867e+00,-3.233546800000000054e+00
5.046485299999999841e-01,1.120250499999999920e+04,6.758203700000000026e+03,1.388065800000000081e+03,1.959943700000000035e+02,-1.138984199999999980e+01,-6.644216600000000028e+00,-4.182565199999999983e+00,-2.847435500000000008e+00
5.055933500000000524e-01,1.118967499999999927e+04,7.088185099999999693e+03,1.602023300000000063e+03,2.023551199999999994e+02,-1.314925700000000042e+01,-6.627133399999999952e+00,-3.911021299999999812e+00,-2.609344199999999780e+00
5.065381700000000098e-01,1.114835200000000077e+04,7.354880000000000109e+03,1.793545299999999997e+03,1.996015700000000095e+02,-1.420972399999999958e+01,-6.672747700000000393e+00,-3.702909000000000006e+00,-2.431269900000000206e+00
5.074829899999999672e-01,1.103217400000000089e+04,7.490633600000000115e+03,1.964770199999999932e+03,2.227992199999999912e+02,-1.490920599999999929e+01,-6.928585700000000180e+00,-3.707068099999999866e+00,-2.404278800000000160e+00
5.084492900000000537e-01,1.092712000000000080e+04,7.649248099999999795e+03,2.119075600000000122e+03,2.406868100000000084e+02,-1.620812499999999901e+01,-6.568923999999999985e+00,-3.595524100000000001e+00,-2.380834999999999813e+00
5.094155799999999790e-01,1.085781999999999971e+04,7.831649400000000242e+03,2.337864999999999782e+03,2.592973900000000071e+02,-3.408698100000000153e+01,-8.779183899999999596e+00,-4.320243299999999564e+00,-2.681048600000000004e+00
5.103818799999999545e-01,1.078435599999999977e+04,8.015587800000000243e+03,2.644081999999999880e+03,2.930297299999999723e+02,-5.892686400000000191e+01,-1.302561099999999961e+01,-6.173961499999999880e+00,-3.636164400000000185e+00
5.113481800000000410e-01,1.069994299999999930e+04,8.139549799999999777e+03,2.867312500000000000e+03,3.209781399999999962e+02,-7.018148700000000417e+01,-1.573890100000000025e+01,-7.423501199999999578e+00,-4.320479500000000250e+00
5.123392500000000238e-01,1.057580600000000049e+04,8.203723299999999654e+03,3.066142899999999827e+03,3.505274299999999812e+02,-6.590609200000000101e+01,-1.730862700000000132e+01,-8.370453700000000552e+00,-4.932080199999999692e+00
5.133303200000000066e-01,1.044309200000000055e+04,8.235870800000000600e+03,3.231847999999999956e+03,3.799878800000000183e+02,-6.380192900000000122e+01,-1.759522000000000119e+01,-8.610865600000000342e+00,-5.151757700000000106e+00
5.143213899999999894e-01,1.031177499999999964e+04,8.250968899999999849e+03,3.393100399999999809e+03,4.058294999999999959e+02,-6.311650600000000111e+01,-1.817544399999999882e+01,-8.958195099999999300e+00,-5.399561399999999622e+00
5.153124700000000225e-01,1.018902700000000004e+04,8.269487999999999374e+03,3.584056500000000142e+03,4.384086599999999976e+02,-6.195747500000000230e+01,-1.905347799999999836e+01,-9.590891400000000289e+00,-5.829345100000000279e+00
5.163326900000000386e-01,1.008822999999999956e+04,8.308632900000000518e+03,3.819274899999999889e+03,4.918566900000000146e+02,-5.967625499999999761e+01,-1.976746500000000140e+01,-1.021087699999999998e+01,-6.277844299999999933e+00
5.173529100000000547e-01,9.977647399999999834e+03,8.314612600000000384e+03,4.009377300000000105e+03,5.551092800000000125e+02,-5.622301099999999963e+01,-2.016821699999999851e+01,-1.071378999999999948e+01,-6.652494299999999861e+00
5.183731299999999598e-01,9.876240400000000591e+03,8.314785700000000361e+03,4.174969199999999546e+03,6.208913700000000517e+02,-5.215175500000000142e+01,-2.023535400000000095e+01,-1.108405800000000063e+01,-6.978515100000000082e+00
5.193933499999999759e-01,9.771731799999999566e+03,8.297262500000000728e+03,4.310091199999999844e+03,6.816943099999999731e+02,-4.791682800000000242e+01,-2.006203500000000162e+01,-1.132738900000000015e+01,-7.222426900000000316e+00
5.204135699999999920e-01,9.677679099999999380e+03,8.283079700000000230e+03,4.440474199999999655e+03,7.455981199999999944e+02,-4.340946000000000282e+01,-1.958308999999999855e+01,-1.145127600000000001e+01,-7.423100200000000370e+00
5.214337900000000081e-01,9.590642299999999523e+03,8.269834199999999328e+03,4.572560800000000199e+03,8.332483499999999594e+02,-3.900556399999999968e+01,-1.886784700000000115e+01,-1.140953999999999979e+01,-7.523925300000000149e+00
5.224540199999999635e-01,9.530440500000000611e+03,8.281618800000000192e+03,4.726559299999999894e+03,9.487616600000000062e+02,-3.491606500000000324e+01,-1.814233799999999874e+01,-1.136296800000000040e+01,-7.630133899999999691e+00
5.234742399999999796e-01,9.466149400000000242e+03,8.276050400000000081e+03,4.844041000000000167e+03,1.047426899999999932e+03,-3.159084999999999965e+01,-1.741591700000000031e+01,-1.127732300000000087e+01,-7.717563099999999565e+00
5.244944599999999957e-01,9.405474200000000565e+03,8.270739999999999782e+03,4.953340199999999641e+03,1.135843900000000076e+03,-2.878584299999999985e+01,-1.671486799999999917e+01,-1.114724200000000032e+01,-7.770269800000000338e+00
5.255146800000000118e-01,9.352709500000000844e+03,8.268353100000000268e+03,5.059193100000000413e+03,1.220955500000000029e+03,-2.651716400000000107e+01,-1.621584299999999956e+01,-1.108525900000000064e+01,-7.857617000000000296e+00
5.265349000000000279e-01,9.295959600000000137e+03,8.259737199999999575e+03,5.168278900000000249e+03,1.316010999999999967e+03,-2.605616099999999946e+01,-1.598073600000000027e+01,-1.106939700000000038e+01,-7.954024399999999773e+00
5.275551200000000440e-01,9.243884400000000824e+03,8.256495000000000800e+03,5.286928499999999985e+03,1.439407099999999900e+03,-2.667661400000000071e+01,-1.595998900000000020e+01,-1.109247399999999928e+01,-8.051879500000000078e+00
5.285753499999999994e-01,9.180106700000000274e+03,8.236566899999999805e+03,5.386173200000000179e+03,1.563356199999999944e+03,-2.505460400000000121e+01,-1.560011800000000015e+01,-1.107276200000000088e+01,-8.157816199999999185e+00
5.296465799999999780e-01,9.105716300000000047e+03,8.200543200000000070e+03,5.465825700000000325e+03,1.680731600000000071e+03,-2.411659300000000172e+01,-1.530378600000000056e+01,-1.107582200000000050e+01,-8.293264300000000588e+00
5.307178099999999565e-01,9.027161200000000463e+03,8.157509299999999712e+03,5.530413400000000365e+03,1.782707799999999907e+03,-2.288422800000000024e+01,-1.488312299999999944e+01,-1.097172499999999928e+01,-8.345263100000000378e+00
5.317890400000000461e-01,8.952471100000000661e+03,8.115949700000000121e+03,5.592607699999999568e+03,1.886809899999999971e+03,-2.219856000000000051e+01,-1.472662300000000002e+01,-1.098408799999999985e+01,-8.458078099999999822e+00
5.328602799999999640e-01,8.873708399999999529e+03,8.067176199999999881e+03,5.642743800000000192e+03,1.986225599999999986e+03,-2.105910499999999885e+01,-1.432174499999999995e+01,-1.087888200000000083e+01,-8.502197300000000624e+00
5.339315100000000536e-01,8.792872799999999188e+03,8.013446100000000115e+03,5.683682300000000396e+03,2.076627100000000155e+03,-1.964566200000000151e+01,-1.376251199999999919e+01,-1.070796200000000020e+01,-8.518693400000000082e+00
5.350027400000000322e-01,8.719551999999999680e+03,7.967860099999999875e+03,5.729265199999999822e+03,2.162928300000000036e+03,-1.826654600000000173e+01,-1.312353099999999984e+01,-1.046493000000000073e+01,-8.487074800000000252e+00
5.360739799999999500e-01,8.649248600000000806e+03,7.922677999999999884e+03,5.769456799999999930e+03,2.241086400000000140e+03,-1.716478299999999990e+01,-1.259910099999999922e+01,-1.030077299999999951e+01,-8.498461400000000054e+00
5.371452100000000396e-01,8.580184800000000905e+03,7.877892799999999625e+03,5.810619399999999587e+03,2.332174300000000130e+03,-1.609726399999999913e+01,-1.198365199999999930e+01,-1.004085800000000006e+01,-8.431240799999999425e+00
5.382164400000000182e-01,8.512003199999999197e+03,7.832003099999999904e+03,5.844876400000000103e+03,2.415436299999999846e+03,-1.518168499999999987e+01,-1.144570299999999996e+01,-9.821517999999999304e+00,-8.387842600000000814e+00
5.392876699999999968e-01,8.441650900000000547e+03,7.781377900000000409e+03,5.867010900000000220e+03,2.488857300000000123e+03,-1.460620899999999978e+01,-1.105469899999999939e+01,-9.654416299999999396e+00,-8.362294300000000291e+00
5.403589100000000256e-01,8.372988999999999578e+03,7.729551699999999983e+03,5.879652799999999843e+03,2.548714399999999841e+03,-1.425836900000000007e+01,-1.058684099999999972e+01,-9.444623899999999850e+00,-8.320042199999999610e+00
5.414301400000000042e-01,8.302950999999999112e+03,7.673747800000000097e+03,5.882155999999999949e+03,2.599766399999999976e+03,-1.426971499999999970e+01,-1.015911099999999934e+01,-9.212717400000000723e+00,-8.241555399999999310e+00
5.425013699999999828e-01,8.235202600000000530e+03,7.618574300000000221e+03,5.880494700000000194e+03,2.646077200000000175e+03,-1.486141899999999971e+01,-9.877528099999999256e+00,-8.991936100000000209e+00,-8.151720100000000357e+00
5.435725999999999614e-01,8.167785799999999654e+03,7.562164499999999862e+03,5.872904199999999946e+03,2.687650500000000193e+03,-1.456535299999999999e+01,-9.424853399999999937e+00,-8.761759299999999584e+00,-8.070417799999999531e+00
5.446438399999999902e-01,8.101668200000000070e+03,7.506277399999999943e+03,5.862419600000000173e+03,2.728403499999999894e+03,-1.494345099999999960e+01,-9.179130999999999929e+00,-8.607621899999999826e+00,-8.022100299999999962e+00
5.457150699999999688e-01,8.038195899999999710e+03,7.452714399999999841e+03,5.852023000000000138e+03,2.770131899999999860e+03,-1.523682499999999962e+01,-8.879665599999999159e+00,-8.408120600000000167e+00,-7.945301899999999584e+00
5.467862999999999474e-01,7.979041699999999764e+03,7.403716699999999946e+03,5.844903500000000349e+03,2.817861499999999978e+03,-1.558570300000000053e+01,-8.643306499999999559e+00,-8.219803499999999374e+00,-7.852889600000000137e+00
5.478575300000000370e-01,7.924086299999999937e+03,7.358837099999999737e+03,5.840561499999999796e+03,2.871644400000000132e+03,-1.607685800000000143e+01,-8.512067399999999395e+00,-8.079760399999999620e+00,-7.785697599999999774e+00
5.489287699999999548e-01,7.871158699999999953e+03,7.314618400000000292e+03,5.831663400000000365e+03,2.916661599999999908e+03,-1.644552799999999948e+01,-8.358355800000000002e+00,-7.940558799999999806e+00,-7.728528700000000029e+00
5.500000000000000444e-01,7.827522700000000441e+03,7.280449800000000323e+03,5.831804500000000189e+03,2.964647399999999834e+03,-1.686175700000000077e+01,-8.257725999999999900e+00,-7.833309400000000089e+00,-7.691777100000000367e+00
5.511363599999999918e-01,7.780424699999999575e+03,7.241870700000000397e+03,5.823718700000000354e+03,3.003841199999999844e+03,-1.748309400000000124e+01,-8.196359400000000406e+00,-7.710059799999999797e+00,-7.628352699999999764e+00
5.522727299999999895e-01,7.739247500000000400e+03,7.210322100000000319e+03,5.823557099999999991e+03,3.046963099999999940e+03,-1.775473500000000016e+01,-8.113281799999999322e+00,-7.553745000000000154e+00,-7.525981699999999996e+00
5.534090900000000479e-01,7.701786799999999857e+03,7.182362799999999879e+03,5.825126000000000204e+03,3.088528200000000197e+03,-1.803753100000000131e+01,-8.143793000000000504e+00,-7.498652700000000060e+00,-7.500059700000000440e+00
5.545454499999999953e-01,7.664412800000000061e+03,7.154029700000000048e+03,5.824611700000000383e+03,3.126342500000000200e+03,-1.818774700000000166e+01,-8.151128599999999835e+00,-7.437393199999999815e+00,-7.472355900000000162e+00
5.556818199999999930e-01,7.621463200000000143e+03,7.119859699999999975e+03,5.817208099999999831e+03,3.158544600000000173e+03,-1.835509100000000160e+01,-8.183213399999999638e+00,-7.388745199999999791e+00,-7.434850899999999818e+00
5.568480900000000178e-01,7.574275499999999738e+03,7.081308600000000297e+03,5.805653199999999742e+03,3.189089699999999993e+03,-1.832114899999999835e+01,-8.026082300000000558e+00,-7.226148499999999864e+00,-7.332425899999999608e+00
5.580143499999999923e-01,7.526560999999999694e+03,7.043017399999999725e+03,5.795134799999999814e+03,3.221007999999999811e+03,-1.867807399999999873e+01,-8.004076700000000599e+00,-7.142682299999999707e+00,-7.261054399999999909e+00
5.591806200000000171e-01,7.479109099999999671e+03,7.004591300000000047e+03,5.783139000000000124e+03,3.249398900000000140e+03,-1.934044199999999947e+01,-7.960310800000000242e+00,-7.041318799999999989e+00,-7.203259499999999704e+00
5.603468900000000419e-01,7.427833300000000236e+03,6.961558899999999994e+03,5.764588300000000345e+03,3.269340700000000197e+03,-1.999251999999999896e+01,-7.861949400000000310e+00,-6.874329099999999748e+00,-7.062827399999999756e+00
5.615131599999999557e-01,7.376145400000000336e+03,6.917597399999999652e+03,5.743835500000000138e+03,3.285982300000000123e+03,-2.065798699999999855e+01,-7.883561799999999842e+00,-6.834201799999999771e+00,-7.044399600000000206e+00
5.626794299999999804e-01,7.325902500000000146e+03,6.875419899999999870e+03,5.724690499999999702e+03,3.301862700000000132e+03,-2.132818400000000025e+01,-7.782432799999999595e+00,-6.675349999999999895e+00,-6.908109900000000358e+00
5.638456899999999550e-01,7.276827199999999721e+03,6.833821600000000217e+03,5.704821799999999712e+03,3.315833099999999831e+03,-2.202681199999999961e+01,-7.869418900000000328e+00,-6.689896000000000065e+00,-6.922601099999999619e+00
5.650119599999999798e-01,7.226070600000000013e+03,6.790236799999999675e+03,5.682840400000000045e+03,3.327710999999999785e+03,-2.270627599999999902e+01,-7.823729600000000062e+00,-6.567342000000000013e+00,-6.808112099999999778e+00
5.661782300000000046e-01,7.175234900000000380e+03,6.746200799999999617e+03,5.659853299999999763e+03,3.339569100000000162e+03,-2.343357500000000115e+01,-7.892178699999999658e+00,-6.552031300000000336e+00,-6.793911500000000103e+00
5.673861500000000335e-01,7.121561300000000301e+03,6.698835200000000441e+03,5.632451900000000023e+03,3.347908399999999801e+03,-2.404294000000000153e+01,-7.900283499999999570e+00,-6.483924700000000207e+00,-6.729874699999999876e+00
5.685940699999999515e-01,7.069107200000000375e+03,6.652753700000000208e+03,5.606078099999999722e+03,3.355512700000000223e+03,-2.467058000000000106e+01,-7.977587100000000042e+00,-6.458144199999999557e+00,-6.694683600000000290e+00
5.698019899999999804e-01,7.017369899999999689e+03,6.606695200000000114e+03,5.578270000000000437e+03,3.359878000000000156e+03,-2.516995999999999967e+01,-8.031889400000000734e+00,-6.424407200000000095e+00,-6.652757099999999646e+00
5.710099100000000094e-01,6.964026300000000447e+03,6.558194599999999809e+03,5.546535799999999654e+03,3.359502800000000207e+03,-2.561287799999999848e+01,-8.105101700000000520e+00,-6.404661700000000124e+00,-6.621892199999999562e+00
5.722178300000000384e-01,6.911860999999999876e+03,6.510343399999999747e+03,5.514242299999999886e+03,3.357502800000000207e+03,-2.599529199999999918e+01,-8.190653199999999856e+00,-6.411378000000000021e+00,-6.616230599999999740e+00
5.734257499999999563e-01,6.859862299999999777e+03,6.462108900000000176e+03,5.480652900000000045e+03,3.353774600000000191e+03,-2.621030500000000174e+01,-8.185594999999999288e+00,-6.335274499999999698e+00,-6.532201399999999936e+00
5.746336699999999853e-01,6.808993400000000292e+03,6.414496900000000096e+03,5.446499700000000303e+03,3.349086200000000190e+03,-2.641830099999999959e+01,-8.240246000000000848e+00,-6.332962700000000389e+00,-6.524038899999999863e+00
5.758415900000000143e-01,6.759183299999999690e+03,6.367564699999999903e+03,5.412276399999999740e+03,3.342775299999999788e+03,-2.660643400000000014e+01,-8.324564699999999817e+00,-6.356791799999999881e+00,-6.523417199999999916e+00
5.770495100000000432e-01,6.709901600000000144e+03,6.320768100000000231e+03,5.377195300000000316e+03,3.334917399999999816e+03,-2.675948999999999955e+01,-8.404283599999999410e+00,-6.375442299999999562e+00,-6.520444699999999649e+00
5.782574299999999612e-01,6.662091099999999642e+03,6.275202500000000327e+03,5.342753399999999601e+03,3.326671299999999974e+03,-2.690073500000000095e+01,-8.505547800000000436e+00,-6.423854200000000070e+00,-6.540292100000000275e+00
5.794653499999999902e-01,6.615739899999999579e+03,6.230875600000000304e+03,5.308844900000000052e+03,3.318114900000000034e+03,-2.694696599999999975e+01,-8.528096700000000752e+00,-6.408608700000000269e+00,-6.505015399999999559e+00
5.806732700000000191e-01,6.570519400000000132e+03,6.187436599999999999e+03,5.275128899999999703e+03,3.308942900000000009e+03,-2.717343999999999937e+01,-8.706218500000000304e+00,-6.529678699999999836e+00,-6.584732999999999947e+00
5.818811900000000481e-01,6.526853699999999662e+03,6.145387099999999919e+03,5.242227100000000064e+03,3.299799799999999777e+03,-2.725578099999999893e+01,-8.744836100000000556e+00,-6.538757600000000281e+00,-6.573708299999999838e+00
5.830891099999999660e-01,6.484297099999999773e+03,6.104325700000000325e+03,5.209818299999999908e+03,3.290342299999999796e+03,-2.744666000000000139e+01,-8.872415500000000677e+00,-6.639135099999999845e+00,-6.645043199999999928e+00
5.842970400000000453e-01,6.443547599999999875e+03,6.064963899999999740e+03,5.178633399999999710e+03,3.281534500000000207e+03,-2.743790800000000019e+01,-8.797622799999999188e+00,-6.564968300000000312e+00,-6.572901899999999742e+00
5.855049599999999632e-01,6.404084499999999935e+03,6.026900499999999738e+03,5.148605199999999968e+03,3.273643900000000031e+03,-2.758758800000000022e+01,-8.848371099999999601e+00,-6.611294100000000284e+00,-6.608414100000000069e+00
5.867128799999999922e-01,6.365316799999999603e+03,5.989257899999999609e+03,5.118176800000000185e+03,3.263805400000000191e+03,-2.773413000000000039e+01,-8.883338699999999477e+00,-6.650259700000000329e+00,-6.645024399999999609e+00
5.879208000000000212e-01,6.328343899999999849e+03,5.953510800000000017e+03,5.089484999999999673e+03,3.254922000000000025e+03,-2.780744599999999878e+01,-8.858590400000000642e+00,-6.629273399999999761e+00,-6.630358600000000102e+00
5.891287200000000501e-01,6.292665799999999763e+03,5.918999200000000201e+03,5.061491399999999885e+03,3.245427299999999832e+03,-2.779706099999999935e+01,-8.796070500000000791e+00,-6.561490700000000231e+00,-6.571154599999999846e+00
5.903366399999999681e-01,6.257804600000000391e+03,5.885213600000000042e+03,5.033862000000000080e+03,3.235437600000000202e+03,-2.776407499999999828e+01,-8.745105900000000432e+00,-6.506457499999999783e+00,-6.521332000000000129e+00
5.915445599999999970e-01,6.223924699999999575e+03,5.852297800000000279e+03,5.006509200000000419e+03,3.224512000000000171e+03,-2.773451800000000134e+01,-8.756243100000000723e+00,-6.510147400000000140e+00,-6.525870099999999674e+00
5.927524800000000260e-01,6.190876199999999699e+03,5.820220599999999649e+03,4.979853399999999965e+03,3.213796600000000126e+03,-2.774114499999999950e+01,-8.858296199999999843e+00,-6.587386799999999987e+00,-6.581685000000000230e+00
5.939604000000000550e-01,6.158430000000000291e+03,5.788707900000000336e+03,4.953443299999999908e+03,3.202569300000000112e+03,-2.744377100000000169e+01,-8.736463399999999879e+00,-6.462228600000000434e+00,-6.464308299999999896e+00
5.951683199999999729e-01,6.127003499999999804e+03,5.758255600000000413e+03,4.927924200000000383e+03,3.191626200000000154e+03,-2.727332300000000131e+01,-8.800242199999999571e+00,-6.508650399999999614e+00,-6.493525400000000225e+00
5.963762400000000019e-01,6.096344600000000355e+03,5.728590500000000247e+03,4.903011800000000221e+03,3.180649600000000191e+03,-2.700038299999999936e+01,-8.808892399999999512e+00,-6.506667199999999873e+00,-6.478346000000000160e+00
5.975841600000000309e-01,6.066141899999999623e+03,5.699367599999999584e+03,4.878360499999999774e+03,3.169486100000000079e+03,-2.673104299999999967e+01,-8.866387200000000135e+00,-6.556882100000000158e+00,-6.504374999999999574e+00
5.987920799999999488e-01,6.036839200000000346e+03,5.671092800000000352e+03,4.854543300000000272e+03,3.158629399999999805e+03,-2.643026300000000006e+01,-8.900753299999999868e+00,-6.599991799999999742e+00,-6.530163800000000407e+00
5.999999999999999778e-01,6.007999499999999898e+03,5.643313500000000204e+03,4.831128600000000006e+03,3.147820299999999861e+03,-2.608256400000000141e+01,-8.855943999999999150e+00,-6.577433000000000085e+00,-6.499788800000000144e+00
6.013157900000000167e-01,5.974148400000000038e+03,5.609221099999999751e+03,4.800018500000000131e+03,3.129648299999999836e+03,-2.592220700000000022e+01,-8.892885599999999613e+00,-6.649185799999999702e+00,-6.570179900000000295e+00
6.026315799999999445e-01,5.943457500000000437e+03,5.579969299999999748e+03,4.775653500000000349e+03,3.118511399999999867e+03,-2.573443200000000175e+01,-8.862738500000000741e+00,-6.659665399999999735e+00,-6.584048100000000403e+00
6.039473699999999834e-01,5.914826500000000124e+03,5.552944000000000415e+03,4.753498999999999796e+03,3.108811900000000151e+03,-2.577601800000000054e+01,-8.912568699999999566e+00,-6.731880300000000261e+00,-6.646434900000000034e+00
6.053018599999999694e-01,5.883680000000000291e+03,5.522817000000000007e+03,4.727537800000000061e+03,3.095013300000000072e+03,-2.591245100000000079e+01,-8.886972200000000655e+00,-6.724511099999999963e+00,-6.649144599999999627e+00
6.066563499999999554e-01,5.853890000000000327e+03,5.494490899999999783e+03,4.703766899999999623e+03,3.082975399999999809e+03,-2.623983000000000132e+01,-8.927444899999999350e+00,-6.757674699999999923e+00,-6.681865600000000072e+00
6.080108400000000524e-01,5.824164300000000367e+03,5.466211299999999937e+03,4.679905800000000454e+03,3.070329900000000180e+03,-2.670847600000000099e+01,-9.028146500000000074e+00,-6.822173199999999937e+00,-6.744448600000000127e+00
6.093653300000000383e-01,5.794319000000000415e+03,5.437728500000000167e+03,4.655709399999999732e+03,3.057016999999999825e+03,-2.695154099999999886e+01,-9.010119899999999404e+00,-6.755718100000000170e+00,-6.684659800000000374e+00
6.107198099999999741e-01,5.764801599999999780e+03,5.409468499999999949e+03,4.631508899999999812e+03,3.043144999999999982e+03,-2.729244399999999970e+01,-9.220668699999999163e+00,-6.894157500000000383e+00,-6.798254599999999925e+00
6.120742999999999601e-01,5.734911399999999958e+03,5.380830899999999929e+03,4.606898199999999633e+03,3.028652099999999791e+03,-2.740818399999999855e+01,-9.344242700000000568e+00,-6.951468600000000109e+00,-6.828800000000000203e+00
6.134287899999999460e-01,5.705889500000000226e+03,5.352918999999999869e+03,4.582755000000000109e+03,3.014094700000000103e+03,-2.747666900000000112e+01,-9.490032700000000432e+00,-7.024130699999999727e+00,-6.887384400000000184e+00
6.147832800000000431e-01,5.676476099999999860e+03,5.324664700000000266e+03,4.558319900000000416e+03,2.999156100000000151e+03,-2.737572400000000172e+01,-9.586694299999999558e+00,-7.069113599999999664e+00,-6.917139500000000218e+00
6.161377700000000290e-01,5.647573999999999614e+03,5.296827199999999721e+03,4.534123199999999997e+03,2.984094399999999951e+03,-2.728884199999999893e+01,-9.744491399999999359e+00,-7.178011200000000258e+00,-7.010183800000000076e+00
6.175486999999999504e-01,5.616294600000000173e+03,5.265965000000000146e+03,4.506364999999999782e+03,2.965674899999999980e+03,-2.716057500000000147e+01,-9.830022700000000668e+00,-7.201906400000000374e+00,-7.029175900000000254e+00
6.189596200000000437e-01,5.586577599999999620e+03,5.237407699999999750e+03,4.481628499999999804e+03,2.950343800000000101e+03,-2.705785799999999952e+01,-9.988288600000000628e+00,-7.285220200000000368e+00,-7.100276000000000032e+00
6.203705499999999651e-01,5.557953499999999622e+03,5.209967599999999948e+03,4.457973600000000260e+03,2.935912200000000212e+03,-2.690131099999999975e+01,-1.015143300000000082e+01,-7.347309100000000370e+00,-7.145823599999999942e+00
6.217814799999999975e-01,5.529313199999999597e+03,5.182460200000000441e+03,4.434210500000000138e+03,2.921491100000000188e+03,-2.650445900000000066e+01,-1.020523200000000053e+01,-7.357869199999999665e+00,-7.153289700000000195e+00
6.231923999999999797e-01,5.501385900000000220e+03,5.155575300000000425e+03,4.411006099999999606e+03,2.907814199999999801e+03,-2.608665600000000140e+01,-1.029504999999999981e+01,-7.435613199999999701e+00,-7.229738399999999565e+00
6.246033300000000121e-01,5.474099500000000262e+03,5.129260000000000218e+03,4.388289600000000064e+03,2.894730799999999817e+03,-2.550036499999999862e+01,-1.023678699999999964e+01,-7.364484299999999983e+00,-7.170672299999999666e+00
6.260142499999999943e-01,5.447402600000000348e+03,5.103543300000000272e+03,4.366211000000000240e+03,2.882357500000000073e+03,-2.506365600000000171e+01,-1.033713700000000024e+01,-7.436917099999999614e+00,-7.234870500000000426e+00
6.274251800000000268e-01,5.421465699999999742e+03,5.078462199999999939e+03,4.344555800000000090e+03,2.870259799999999814e+03,-2.451156200000000140e+01,-1.034630499999999920e+01,-7.442471000000000281e+00,-7.247661100000000189e+00
6.288361099999999482e-01,5.396017399999999725e+03,5.053852700000000368e+03,4.323307600000000093e+03,2.858484699999999975e+03,-2.400764600000000115e+01,-1.039285899999999963e+01,-7.498678199999999627e+00,-7.308184999999999931e+00
6.302470300000000414e-01,5.371330399999999827e+03,5.029898400000000038e+03,4.302490300000000389e+03,2.846894400000000132e+03,-2.344365900000000025e+01,-1.035253299999999932e+01,-7.484344000000000108e+00,-7.305098700000000278e+00
6.316579599999999628e-01,5.347492500000000291e+03,5.006780399999999645e+03,4.282413899999999558e+03,2.835850300000000061e+03,-2.294216600000000028e+01,-1.031889100000000070e+01,-7.485347199999999646e+00,-7.314527199999999674e+00
6.330688899999999952e-01,5.324203099999999722e+03,4.984133100000000013e+03,4.262622999999999593e+03,2.824840200000000095e+03,-2.253249100000000027e+01,-1.031513499999999972e+01,-7.518470200000000325e+00,-7.354989100000000057e+00
6.344798099999999774e-01,5.301466900000000351e+03,4.961991100000000188e+03,4.243172400000000380e+03,2.813768399999999929e+03,-2.217829800000000162e+01,-1.029810900000000018e+01,-7.547628800000000027e+00,-7.394968900000000289e+00
6.358907400000000099e-01,5.279293300000000272e+03,4.940316300000000410e+03,4.223905800000000454e+03,2.802329600000000028e+03,-2.191577200000000047e+01,-1.025417000000000023e+01,-7.545026299999999964e+00,-7.395074900000000007e+00
6.373016599999999920e-01,5.257907599999999547e+03,4.919365300000000389e+03,4.205137600000000020e+03,2.790885699999999815e+03,-2.181661700000000081e+01,-1.020704699999999931e+01,-7.551884900000000123e+00,-7.418499800000000199e+00
6.387125900000000245e-01,5.236644100000000435e+03,4.898540799999999763e+03,4.186394500000000335e+03,2.779177900000000136e+03,-2.196017600000000058e+01,-1.019115099999999963e+01,-7.576977699999999594e+00,-7.447189599999999743e+00
6.401235199999999459e-01,5.216402900000000045e+03,4.878631900000000314e+03,4.168315800000000309e+03,2.767713099999999940e+03,-2.239191200000000137e+01,-1.019531699999999930e+01,-7.613798100000000346e+00,-7.498195499999999569e+00
6.415344400000000391e-01,5.196377300000000105e+03,4.858987799999999879e+03,4.150483799999999974e+03,2.756368399999999838e+03,-2.276753199999999921e+01,-1.021686900000000087e+01,-7.646060300000000254e+00,-7.519832000000000072e+00
6.429453699999999605e-01,5.177002900000000409e+03,4.839978600000000370e+03,4.133193000000000211e+03,2.745320200000000114e+03,-2.315094799999999964e+01,-1.020089300000000065e+01,-7.664141100000000151e+00,-7.561479399999999629e+00
6.443562999999999930e-01,5.158230599999999868e+03,4.821572600000000421e+03,4.116425100000000384e+03,2.734531300000000101e+03,-2.353423899999999946e+01,-1.023132099999999944e+01,-7.718704999999999927e+00,-7.615122900000000250e+00
6.457672199999999751e-01,5.140053299999999581e+03,4.803780300000000352e+03,4.100213099999999940e+03,2.724036999999999807e+03,-2.378312899999999885e+01,-1.016541400000000017e+01,-7.691982300000000272e+00,-7.607178700000000404e+00
6.471781500000000076e-01,5.122398000000000138e+03,4.786497500000000400e+03,4.084415199999999913e+03,2.713653099999999995e+03,-2.407479400000000069e+01,-1.019940500000000050e+01,-7.769395499999999899e+00,-7.701899599999999957e+00
6.485890699999999898e-01,5.104880199999999604e+03,4.769405899999999747e+03,4.068804299999999785e+03,2.703224600000000009e+03,-2.430583000000000027e+01,-1.020814099999999947e+01,-7.804474800000000378e+00,-7.745167000000000357e+00
6.500000000000000222e-01,5.088001199999999699e+03,4.752917800000000170e+03,4.053675400000000081e+03,2.692959299999999985e+03,-2.443906499999999937e+01,-1.019598000000000049e+01,-7.832197599999999760e+00,-7.803566899999999862e+00
6.515625000000000444e-01,5.066292499999999563e+03,4.730007599999999911e+03,4.030938900000000103e+03,2.675201700000000073e+03,-2.463846200000000053e+01,-1.026872599999999913e+01,-7.940949500000000327e+00,-7.931190100000000243e+00
6.531249999999999556e-01,5.048364300000000185e+03,4.712769100000000435e+03,4.015375599999999849e+03,2.664717500000000200e+03,-2.451557700000000040e+01,-1.016374899999999926e+01,-7.851264900000000324e+00,-7.877038899999999622e+00
6.546874999999999778e-01,5.031416900000000169e+03,4.696741100000000188e+03,4.001099900000000162e+03,2.655088900000000194e+03,-2.456592200000000048e+01,-1.030203799999999958e+01,-7.976629199999999642e+00,-8.025510300000000541e+00
6.563058000000000503e-01,5.012732799999999770e+03,4.678280999999999949e+03,3.983807400000000143e+03,2.642188999999999851e+03,-2.437291000000000096e+01,-1.024601599999999912e+01,-7.895141500000000256e+00,-7.961458300000000321e+00
6.579241099999999509e-01,4.994983299999999872e+03,4.661392200000000230e+03,3.968570200000000114e+03,2.631240200000000186e+03,-2.427648500000000098e+01,-1.035592199999999963e+01,-7.971628100000000217e+00,-8.052174600000000737e+00
6.595424100000000234e-01,4.977783699999999953e+03,4.645053700000000390e+03,3.953861300000000028e+03,2.620655499999999847e+03,-2.398582899999999896e+01,-1.030795400000000051e+01,-7.895662999999999876e+00,-7.997537799999999919e+00
6.611607099999999848e-01,4.960348100000000159e+03,4.628478100000000268e+03,3.938964199999999892e+03,2.609955500000000029e+03,-2.384619999999999962e+01,-1.042985400000000062e+01,-7.987283999999999828e+00,-8.095173700000000139e+00
6.628493800000000435e-01,4.941399099999999635e+03,4.609710699999999633e+03,3.921478900000000067e+03,2.596910600000000159e+03,-2.361894699999999858e+01,-1.045578000000000074e+01,-7.995961999999999570e+00,-8.125896499999999634e+00
6.645380400000000520e-01,4.923631800000000112e+03,4.592957599999999729e+03,3.906760699999999815e+03,2.587028800000000047e+03,-2.340051199999999909e+01,-1.051246500000000061e+01,-8.026503099999999336e+00,-8.171922399999999698e+00
6.662267099999999997e-01,4.906457800000000134e+03,4.576893900000000031e+03,3.892845699999999852e+03,2.578067700000000059e+03,-2.316541399999999840e+01,-1.056484599999999929e+01,-8.057067599999999885e+00,-8.218308800000000858e+00
6.679153700000000082e-01,4.889256300000000010e+03,4.560772500000000036e+03,3.878906300000000101e+03,2.569203899999999976e+03,-2.291740000000000066e+01,-1.061465500000000084e+01,-8.083049799999999507e+00,-8.255423900000000259e+00
6.696040399999999559e-01,4.872221599999999853e+03,4.544807300000000396e+03,3.865130599999999959e+03,2.560563900000000103e+03,-2.264394199999999913e+01,-1.065619099999999975e+01,-8.108509599999999651e+00,-8.291122200000000220e+00
6.713920399999999677e-01,4.852867599999999584e+03,4.525615300000000389e+03,3.847595699999999852e+03,2.548443900000000212e+03,-2.235454999999999970e+01,-1.067451800000000084e+01,-8.126906699999999262e+00,-8.326674499999999313e+00
6.731800300000000403e-01,4.835048399999999674e+03,4.509050000000000182e+03,3.833536599999999908e+03,2.540083799999999883e+03,-2.198698600000000170e+01,-1.062875000000000014e+01,-8.088448500000000152e+00,-8.306641199999999614e+00
6.749680300000000521e-01,4.817820099999999911e+03,4.493129700000000412e+03,3.820133899999999812e+03,2.532298600000000079e+03,-2.170095299999999838e+01,-1.061933699999999980e+01,-8.095887899999999249e+00,-8.329183600000000354e+00
6.767560299999999529e-01,4.800484800000000178e+03,4.477006000000000313e+03,3.806399499999999989e+03,2.524081000000000131e+03,-2.150001900000000177e+01,-1.063740300000000083e+01,-8.142796099999999981e+00,-8.386614700000000866e+00
6.785440299999999647e-01,4.783282799999999952e+03,4.460925699999999779e+03,3.792617299999999886e+03,2.515702600000000075e+03,-2.126752199999999959e+01,-1.054861799999999938e+01,-8.096198400000000461e+00,-8.353127600000000541e+00
6.803320200000000373e-01,4.766211400000000140e+03,4.444886000000000422e+03,3.778759000000000015e+03,2.507092200000000048e+03,-2.123087200000000152e+01,-1.056218999999999930e+01,-8.156164999999999665e+00,-8.428054599999999397e+00
6.821200200000000491e-01,4.749489099999999780e+03,4.429123300000000199e+03,3.765081200000000081e+03,2.498517100000000028e+03,-2.116176099999999849e+01,-1.045322700000000005e+01,-8.098332299999999151e+00,-8.390038099999999943e+00
6.839080199999999499e-01,4.732987199999999575e+03,4.413512800000000425e+03,3.751431399999999940e+03,2.489762400000000071e+03,-2.122953400000000101e+01,-1.038663000000000025e+01,-8.076169500000000667e+00,-8.385627100000000667e+00
6.856960199999999617e-01,4.716712599999999838e+03,4.398072000000000116e+03,3.737859100000000126e+03,2.480909500000000207e+03,-2.140975200000000100e+01,-1.033704400000000057e+01,-8.058660100000000881e+00,-8.376828299999999672e+00
6.874840199999999735e-01,4.700827400000000125e+03,4.382953400000000329e+03,3.724478599999999915e+03,2.472036700000000110e+03,-2.164757000000000176e+01,-1.029288299999999978e+01,-8.044836600000000004e+00,-8.384674199999999189e+00
6.890485100000000029e-01,4.690701200000000426e+03,4.375981600000000071e+03,3.720649199999999837e+03,2.472259300000000167e+03,-2.173669900000000155e+01,-1.019149499999999975e+01,-7.936729099999999981e+00,-8.279201600000000383e+00
6.904174499999999881e-01,4.683146899999999732e+03,4.371494200000000092e+03,3.718926500000000033e+03,2.473584899999999834e+03,-2.183884000000000114e+01,-1.014673900000000017e+01,-7.878698400000000213e+00,-8.211989100000000263e+00
6.916152700000000042e-01,4.676748199999999997e+03,4.367873199999999997e+03,3.717642699999999877e+03,2.474471300000000156e+03,-2.195461799999999997e+01,-1.017118699999999976e+01,-7.880691099999999949e+00,-8.183219899999999214e+00
6.928130900000000203e-01,4.664654099999999744e+03,4.354913800000000265e+03,3.704553800000000138e+03,2.463133699999999862e+03,-2.213752799999999965e+01,-1.013883599999999952e+01,-7.854553799999999697e+00,-8.129398200000000685e+00
6.940109100000000364e-01,4.652097899999999754e+03,4.341419399999999769e+03,3.691020599999999831e+03,2.451602800000000116e+03,-2.236809900000000084e+01,-1.017731599999999936e+01,-7.902515499999999804e+00,-8.159916600000000741e+00
6.952087200000000022e-01,4.640803299999999581e+03,4.329563299999999799e+03,3.679477400000000216e+03,2.442333599999999933e+03,-2.237684300000000093e+01,-1.004653500000000044e+01,-7.791055899999999923e+00,-8.053772300000000328e+00
6.964065400000000183e-01,4.630407299999999850e+03,4.318869499999999789e+03,3.669221900000000005e+03,2.434370899999999892e+03,-2.260444400000000087e+01,-1.018486900000000084e+01,-7.938559500000000213e+00,-8.197357800000000694e+00
6.976043600000000344e-01,4.620645700000000033e+03,4.309043200000000070e+03,3.660005500000000211e+03,2.427555899999999838e+03,-2.244863900000000001e+01,-9.985688500000000190e+00,-7.748731600000000164e+00,-8.009533899999999207e+00
6.988021800000000505e-01,4.611319099999999708e+03,4.299767700000000332e+03,3.651342500000000200e+03,2.421186299999999846e+03,-2.253530299999999897e+01,-1.007361399999999918e+01,-7.846106599999999709e+00,-8.108225300000000857e+00
6.999999999999999556e-01,4.602448999999999614e+03,4.291037900000000263e+03,3.643250399999999900e+03,2.415325100000000020e+03,-2.238545600000000135e+01,-9.956898300000000646e+00,-7.733035899999999963e+00,-7.990592699999999660e+00
7.010638300000000545e-01,4.599319000000000415e+03,4.290830100000000130e+03,3.645424500000000080e+03,2.419372499999999945e+03,-2.218948100000000068e+01,-9.947412099999999313e+00,-7.709918000000000049e+00,-7.960798399999999830e+00
7.021050199999999686e-01,4.592497400000000198e+03,4.284518299999999726e+03,3.639732300000000123e+03,2.415085099999999784e+03,-2.208893600000000035e+01,-9.945579600000000298e+00,-7.705978199999999667e+00,-7.940564000000000178e+00
7.031462200000000440e-01,4.583919499999999971e+03,4.275594699999999648e+03,3.630858600000000024e+03,2.407535800000000108e+03,-2.197157800000000094e+01,-9.902162399999999920e+00,-7.675137799999999899e+00,-7.911382699999999879e+00
7.041874200000000084e-01,4.575732299999999668e+03,4.267147399999999834e+03,3.622572500000000218e+03,2.400623999999999796e+03,-2.188119899999999873e+01,-9.895722900000000877e+00,-7.673694600000000143e+00,-7.902828399999999753e+00
7.052286100000000335e-01,4.567924600000000282e+03,4.259250900000000001e+03,3.614976299999999810e+03,2.394474799999999959e+03,-2.175558300000000145e+01,-9.869906500000000804e+00,-7.654176900000000394e+00,-7.884174599999999700e+00
7.062698099999999979e-01,4.560670299999999770e+03,4.252021499999999833e+03,3.608114700000000084e+03,2.389045900000000074e+03,-2.161046299999999931e+01,-9.836608099999999411e+00,-7.623467400000000005e+00,-7.852119799999999650e+00
7.073110000000000230e-01,4.553698999999999614e+03,4.245170000000000073e+03,3.601684900000000198e+03,2.384036799999999857e+03,-2.149901200000000046e+01,-9.843611700000000297e+00,-7.627077700000000071e+00,-7.847079400000000149e+00
7.083521999999999874e-01,4.547054100000000290e+03,4.238701500000000124e+03,3.595661399999999958e+03,2.379399300000000039e+03,-2.138128299999999982e+01,-9.850788500000000170e+00,-7.633650600000000175e+00,-7.851821900000000021e+00
7.093933900000000126e-01,4.540565700000000106e+03,4.232451399999999921e+03,3.589900799999999890e+03,2.375020399999999881e+03,-2.127063899999999919e+01,-9.862838599999999900e+00,-7.639182599999999823e+00,-7.846589200000000375e+00
7.104345899999999769e-01,4.534249700000000303e+03,4.226418099999999868e+03,3.584390100000000075e+03,2.370889299999999821e+03,-2.114876200000000139e+01,-9.860133799999999837e+00,-7.632524599999999992e+00,-7.834480100000000391e+00
7.114757800000000021e-01,4.528056499999999687e+03,4.220548899999999776e+03,3.579080699999999979e+03,2.366968100000000049e+03,-2.104491399999999857e+01,-9.868358399999999975e+00,-7.635834199999999683e+00,-7.830095700000000214e+00
7.125458999999999543e-01,4.520673300000000381e+03,4.212897200000000339e+03,3.571623399999999947e+03,2.360951599999999871e+03,-2.107158199999999937e+01,-9.971179199999999909e+00,-7.733806999999999654e+00,-7.919412799999999919e+00
7.136160200000000176e-01,4.514647899999999936e+03,4.207341400000000249e+03,3.566815099999999802e+03,2.357743399999999838e+03,-2.079475899999999911e+01,-9.797590100000000746e+00,-7.559986799999999896e+00,-7.745265899999999704e+00
7.146861300000000305e-01,4.508768200000000434e+03,4.202023100000000341e+03,3.562303800000000138e+03,2.354824300000000221e+03,-2.083357799999999926e+01,-9.929680400000000517e+00,-7.684089499999999795e+00,-7.860353700000000110e+00
7.157562499999999828e-01,4.503028199999999742e+03,4.196853799999999865e+03,3.557964199999999892e+03,2.352104400000000169e+03,-2.061046500000000137e+01,-9.797675999999999163e+00,-7.549520900000000090e+00,-7.721166799999999775e+00
7.168608899999999728e-01,4.495824599999999919e+03,4.189493599999999788e+03,3.550976500000000215e+03,2.346746299999999792e+03,-2.062456099999999992e+01,-9.866043799999999919e+00,-7.616998399999999947e+00,-7.786054000000000030e+00
7.179655200000000237e-01,4.490099900000000162e+03,4.184410100000000057e+03,3.546842900000000100e+03,2.344378900000000158e+03,-2.047256000000000142e+01,-9.797953899999999550e+00,-7.548245399999999883e+00,-7.716384099999999968e+00
7.190701600000000138e-01,4.484543399999999565e+03,4.179577900000000227e+03,3.543016399999999976e+03,2.342312199999999848e+03,-2.048193900000000056e+01,-9.886343699999999401e+00,-7.632878100000000110e+00,-7.795703200000000166e+00
7.199798600000000270e-01,4.488706000000000131e+03,4.189327900000000227e+03,3.556840099999999893e+03,2.357757399999999961e+03,-2.017194599999999838e+01,-9.866186600000000695e+00,-7.585552100000000131e+00,-7.717430099999999626e+00
7.208895600000000403e-01,4.483555099999999584e+03,4.184390900000000329e+03,3.552239099999999780e+03,2.353881100000000060e+03,-2.019249500000000097e+01,-9.948780499999999805e+00,-7.662612700000000387e+00,-7.771978299999999784e+00
7.217992600000000536e-01,4.476904300000000148e+03,4.177354800000000068e+03,3.545229800000000068e+03,2.347610299999999825e+03,-2.010389999999999944e+01,-9.899772300000000413e+00,-7.614346900000000140e+00,-7.707236299999999929e+00
7.227392900000000342e-01,4.469037400000000162e+03,4.168430500000000393e+03,3.536037899999999809e+03,2.339431300000000192e+03,-2.015962000000000032e+01,-9.946828800000000470e+00,-7.666268399999999872e+00,-7.752990800000000071e+00
7.236793099999999646e-01,4.463300799999999981e+03,4.162752400000000307e+03,3.530915500000000065e+03,2.335648799999999937e+03,-2.006451799999999963e+01,-9.887191899999999478e+00,-7.604777200000000015e+00,-7.682253000000000220e+00
7.246193399999999452e-01,4.458085000000000036e+03,4.157858100000000377e+03,3.526778600000000097e+03,2.332987299999999777e+03,-2.010160799999999881e+01,-9.970184100000000882e+00,-7.686027799999999743e+00,-7.756046900000000299e+00
7.255593599999999865e-01,4.453208499999999731e+03,4.153360599999999977e+03,3.523062699999999950e+03,2.330757200000000012e+03,-2.002659900000000093e+01,-9.943448800000000531e+00,-7.655091399999999879e+00,-7.714368099999999728e+00
7.264993899999999671e-01,4.448150499999999738e+03,4.148748400000000402e+03,3.519293900000000122e+03,2.328541499999999814e+03,-2.006313899999999961e+01,-1.002964500000000037e+01,-7.739743899999999677e+00,-7.792362599999999695e+00
7.274785799999999858e-01,4.441361600000000180e+03,4.141404000000000451e+03,3.512141200000000026e+03,2.322936799999999948e+03,-2.017073200000000099e+01,-1.013013399999999997e+01,-7.840289199999999958e+00,-7.885762599999999622e+00
7.284577700000000045e-01,4.436491600000000290e+03,4.137114300000000185e+03,3.508844099999999798e+03,2.321377100000000155e+03,-2.015796100000000024e+01,-1.016132799999999925e+01,-7.873120199999999791e+00,-7.917317500000000230e+00
7.294369600000000231e-01,4.432078300000000127e+03,4.133405300000000352e+03,3.506186200000000099e+03,2.320435300000000097e+03,-2.011318500000000142e+01,-1.015771100000000082e+01,-7.868085599999999680e+00,-7.906475900000000223e+00
7.304161599999999810e-01,4.427351800000000367e+03,4.129360300000000279e+03,3.503166600000000017e+03,2.319094099999999798e+03,-2.019933699999999988e+01,-1.027826400000000007e+01,-7.987641100000000272e+00,-8.021324399999999244e+00
7.313953499999999996e-01,4.422744999999999891e+03,4.125405600000000049e+03,3.500206099999999878e+03,2.317761700000000019e+03,-2.008484800000000092e+01,-1.019328100000000070e+01,-7.897314200000000284e+00,-7.921829599999999694e+00
7.324289400000000283e-01,4.415433500000000095e+03,4.117429299999999785e+03,3.492416400000000067e+03,2.311615899999999783e+03,-2.015609999999999857e+01,-1.022106600000000043e+01,-7.933762299999999712e+00,-7.961234600000000050e+00
7.334625299999999459e-01,4.410481999999999971e+03,4.113234499999999571e+03,3.489403800000000047e+03,2.310484100000000126e+03,-2.006756899999999888e+01,-1.014820699999999931e+01,-7.861011500000000041e+00,-7.883331899999999948e+00
7.344961199999999746e-01,4.405927700000000186e+03,4.109558899999999994e+03,3.486974400000000060e+03,2.309907499999999800e+03,-1.999535399999999896e+01,-1.008908399999999972e+01,-7.801550899999999622e+00,-7.820080599999999826e+00
7.355297200000000535e-01,4.401110800000000381e+03,4.105570200000000114e+03,3.484191699999999855e+03,2.308920900000000074e+03,-1.985248699999999999e+01,-9.954963400000000462e+00,-7.667006500000000280e+00,-7.680898700000000190e+00
7.364943999999999935e-01,4.399450399999999718e+03,4.106399999999999636e+03,3.487231000000000222e+03,2.313650500000000193e+03,-1.964993099999999870e+01,-9.841266299999999134e+00,-7.539706100000000077e+00,-7.541204399999999808e+00
7.374590899999999838e-01,4.394589500000000044e+03,4.102086299999999937e+03,3.483786399999999958e+03,2.311510600000000068e+03,-1.949633899999999898e+01,-9.682034399999999152e+00,-7.383130500000000040e+00,-7.374305999999999806e+00
7.384237700000000348e-01,4.389203000000000429e+03,4.096996000000000095e+03,3.479428199999999833e+03,2.308429200000000037e+03,-1.935470000000000113e+01,-9.521047400000000493e+00,-7.227041599999999733e+00,-7.212031600000000431e+00
7.393884600000000251e-01,4.384033999999999651e+03,4.092164900000000216e+03,3.475395300000000134e+03,2.305733099999999922e+03,-1.923280499999999904e+01,-9.376583899999999971e+00,-7.087015199999999737e+00,-7.068820099999999940e+00
7.403531399999999651e-01,4.379018699999999626e+03,4.087534999999999854e+03,3.471615800000000036e+03,2.303364700000000084e+03,-1.906592099999999945e+01,-9.184381300000000081e+00,-6.893538900000000247e+00,-6.863936299999999768e+00
7.413178299999999554e-01,4.374200300000000425e+03,4.083119599999999991e+03,3.468069100000000162e+03,2.301229600000000119e+03,-1.898132599999999925e+01,-9.078555899999999568e+00,-6.789692900000000364e+00,-6.756514400000000364e+00
7.422825100000000065e-01,4.369407500000000255e+03,4.078764299999999821e+03,3.464620300000000043e+03,2.299230300000000170e+03,-1.888688799999999901e+01,-8.962951099999999727e+00,-6.672826800000000169e+00,-6.631231900000000401e+00
7.432471999999999968e-01,4.364778100000000450e+03,4.074565799999999854e+03,3.461311599999999999e+03,2.297346599999999853e+03,-1.884146799999999899e+01,-8.896016700000000554e+00,-6.602690100000000228e+00,-6.552816400000000208e+00
7.442118899999999870e-01,4.360139299999999821e+03,4.070365800000000036e+03,3.458021200000000135e+03,2.295512299999999868e+03,-1.876202699999999979e+01,-8.799611300000000469e+00,-6.505359799999999915e+00,-6.449578200000000372e+00
7.451765700000000381e-01,4.355610399999999572e+03,4.066269699999999830e+03,3.454824500000000171e+03,2.293743500000000040e+03,-1.868957800000000091e+01,-8.708443300000000775e+00,-6.410240100000000218e+00,-6.347182899999999961e+00
7.461412600000000284e-01,4.351038899999999558e+03,4.062152700000000095e+03,3.451619900000000143e+03,2.291973800000000210e+03,-1.863683400000000034e+01,-8.640906299999999263e+00,-6.339232799999999557e+00,-6.269184100000000370e+00
7.471059399999999684e-01,4.346461000000000240e+03,4.058018199999999979e+03,3.448404899999999998e+03,2.290198499999999967e+03,-1.857849300000000170e+01,-8.568714399999999287e+00,-6.262875799999999771e+00,-6.186794299999999858e+00
7.480706299999999587e-01,4.341958200000000033e+03,4.053962199999999939e+03,3.445250700000000052e+03,2.288467799999999897e+03,-1.852946000000000026e+01,-8.509214699999999354e+00,-6.197666899999999757e+00,-6.112676699999999741e+00
7.490353100000000097e-01,4.337481300000000374e+03,4.049920500000000175e+03,3.442111399999999776e+03,2.286737000000000080e+03,-1.847066999999999837e+01,-8.441948200000000568e+00,-6.125100200000000328e+00,-6.033174299999999768e+00
7.500000000000000000e-01,4.333183699999999590e+03,4.046034099999999853e+03,3.439088900000000194e+03,2.285063500000000204e+03,-1.845253299999999896e+01,-8.419358199999999570e+00,-6.096266299999999916e+00,-5.995681300000000213e+00
7.510638299999999878e-01,4.324689400000000205e+03,4.035570200000000114e+03,3.428061000000000149e+03,2.275486600000000180e+03,-1.850563199999999853e+01,-8.350793599999999373e+00,-6.042028300000000129e+00,-5.948980800000000180e+00
7.521276599999999757e-01,4.320229900000000271e+03,4.031698400000000220e+03,3.425382599999999911e+03,2.274667300000000068e+03,-1.848838299999999890e+01,-8.338892799999999994e+00,-6.021715499999999999e+00,-5.924541200000000174e+00
7.531683599999999812e-01,4.317876599999999598e+03,4.030685300000000097e+03,3.425935599999999795e+03,2.276914900000000216e+03,-1.839472699999999961e+01,-8.292169799999999924e+00,-5.962270799999999760e+00,-5.858242299999999680e+00
7.542327199999999676e-01,4.312997999999999593e+03,4.025985999999999876e+03,3.422015199999999822e+03,2.274541099999999915e+03,-1.846185900000000046e+01,-8.354979399999999501e+00,-6.019216000000000122e+00,-5.907981900000000230e+00
7.552970700000000148e-01,4.309229000000000269e+03,4.022770899999999983e+03,3.419811299999999846e+03,2.273806500000000142e+03,-1.834165799999999891e+01,-8.258918400000000659e+00,-5.919543799999999578e+00,-5.805807599999999624e+00
7.563614300000000013e-01,4.305244700000000194e+03,4.019362900000000081e+03,3.417417100000000119e+03,2.272857700000000023e+03,-1.834031099999999981e+01,-8.275552700000000428e+00,-5.924229300000000364e+00,-5.799356999999999651e+00
7.574004399999999526e-01,4.302511199999999917e+03,4.017722099999999955e+03,3.417085599999999886e+03,2.273865899999999783e+03,-1.821552799999999905e+01,-8.203490999999999644e+00,-5.845840400000000159e+00,-5.715850900000000401e+00
7.585214799999999702e-01,4.295490099999999984e+03,4.009294600000000173e+03,3.408386599999999817e+03,2.266392299999999977e+03,-1.830366700000000080e+01,-8.227153899999999354e+00,-5.870135799999999904e+00,-5.730086599999999919e+00
7.596130199999999721e-01,4.292773900000000140e+03,4.007481900000000223e+03,3.407951100000000224e+03,2.267462700000000041e+03,-1.824545099999999920e+01,-8.222538200000000685e+00,-5.857293399999999650e+00,-5.713319699999999557e+00
7.606758399999999920e-01,4.290680500000000393e+03,4.006440799999999854e+03,3.408326300000000174e+03,2.269215200000000095e+03,-1.820087399999999889e+01,-8.236120899999999523e+00,-5.856570900000000357e+00,-5.697792100000000026e+00
7.617386499999999616e-01,4.286800299999999879e+03,4.003429299999999785e+03,3.406157799999999952e+03,2.268145799999999781e+03,-1.811354899999999901e+01,-8.174616500000000840e+00,-5.789779000000000231e+00,-5.624033100000000118e+00
7.628639900000000473e-01,4.280186700000000201e+03,3.996302900000000136e+03,3.399016200000000026e+03,2.262113199999999779e+03,-1.817667199999999994e+01,-8.199114099999999183e+00,-5.815536400000000050e+00,-5.643271699999999669e+00
7.639562199999999637e-01,4.277153699999999844e+03,3.995115600000000086e+03,3.399222200000000157e+03,2.263670300000000225e+03,-1.806302900000000022e+01,-8.141807899999999876e+00,-5.750940599999999847e+00,-5.574874799999999908e+00
7.650484600000000412e-01,4.273484699999999975e+03,3.992577099999999973e+03,3.397589399999999841e+03,2.263244999999999891e+03,-1.809843400000000102e+01,-8.203394899999999268e+00,-5.802440599999999726e+00,-5.613380300000000211e+00
7.661406899999999576e-01,4.270260599999999613e+03,3.989894299999999930e+03,3.395660699999999906e+03,2.262456299999999828e+03,-1.798550300000000135e+01,-8.118369299999999456e+00,-5.714990499999999862e+00,-5.522353500000000359e+00
7.673082599999999642e-01,4.264212900000000445e+03,3.982695400000000063e+03,3.388344700000000103e+03,2.256368500000000040e+03,-1.801332100000000125e+01,-8.104257399999999834e+00,-5.705108300000000021e+00,-5.509868199999999661e+00
7.684355600000000175e-01,4.262426099999999678e+03,3.982396099999999933e+03,3.389486399999999776e+03,2.258912200000000212e+03,-1.792510599999999954e+01,-8.076050999999999647e+00,-5.663369699999999618e+00,-5.457184999999999953e+00
7.695239900000000466e-01,4.260995600000000195e+03,3.982629399999999805e+03,3.391202000000000226e+03,2.261916900000000169e+03,-1.782783699999999882e+01,-8.043942200000000042e+00,-5.621987400000000079e+00,-5.408997099999999669e+00
7.705748799999999621e-01,4.259648400000000038e+03,3.982702000000000226e+03,3.392472699999999804e+03,2.264130400000000009e+03,-1.770840400000000159e+01,-7.982066699999999848e+00,-5.548413299999999992e+00,-5.324126900000000440e+00
7.716257800000000389e-01,4.256605700000000070e+03,3.979910199999999804e+03,3.390180800000000090e+03,2.262599299999999857e+03,-1.769788300000000092e+01,-7.982640499999999584e+00,-5.543765399999999843e+00,-5.310454700000000194e+00
7.726766800000000046e-01,4.253689300000000003e+03,3.977124800000000050e+03,3.387856699999999819e+03,2.261041999999999916e+03,-1.762861300000000142e+01,-7.921489499999999850e+00,-5.481424900000000378e+00,-5.242986400000000380e+00
7.736886499999999778e-01,4.252453199999999924e+03,3.977112900000000081e+03,3.388965400000000045e+03,2.263011300000000119e+03,-1.757793600000000112e+01,-7.918822900000000331e+00,-5.465465700000000204e+00,-5.212654399999999910e+00
7.747411100000000106e-01,4.248601999999999862e+03,3.972327699999999822e+03,3.384001999999999953e+03,2.258681000000000040e+03,-1.757067899999999838e+01,-7.877016399999999585e+00,-5.428559400000000146e+00,-5.171911800000000170e+00
7.757935599999999932e-01,4.246069000000000415e+03,3.969958200000000033e+03,3.382170300000000225e+03,2.257765600000000177e+03,-1.754747100000000160e+01,-7.864330400000000054e+00,-5.411832500000000046e+00,-5.147929500000000047e+00
7.768460099999999757e-01,4.244072600000000421e+03,3.968353700000000117e+03,3.381246999999999844e+03,2.257833799999999883e+03,-1.749313700000000082e+01,-7.826450900000000210e+00,-5.370332699999999626e+00,-5.100868900000000039e+00
7.777721699999999849e-01,4.247210500000000138e+03,3.975647399999999834e+03,3.391375199999999950e+03,2.269085799999999836e+03,-1.732511799999999980e+01,-7.827852899999999892e+00,-5.340716399999999808e+00,-5.049440899999999566e+00
7.786983299999999941e-01,4.245346300000000156e+03,3.973912600000000111e+03,3.389908100000000104e+03,2.267965599999999995e+03,-1.726583400000000168e+01,-7.778809700000000049e+00,-5.289571999999999719e+00,-4.989866799999999714e+00
7.796244900000000033e-01,4.242412699999999859e+03,3.970715200000000095e+03,3.386829999999999927e+03,2.265262400000000071e+03,-1.722101299999999924e+01,-7.727931899999999743e+00,-5.238188300000000019e+00,-4.928351700000000335e+00
7.805506500000000125e-01,4.239921000000000276e+03,3.968068699999999808e+03,3.384442000000000007e+03,2.263413900000000012e+03,-1.719255899999999926e+01,-7.690637200000000284e+00,-5.199504799999999705e+00,-4.881561999999999735e+00
7.814768100000000217e-01,4.237904599999999846e+03,3.966016900000000078e+03,3.382729200000000219e+03,2.262299100000000180e+03,-1.719254499999999908e+01,-7.689921799999999585e+00,-5.199004300000000356e+00,-4.874996900000000188e+00
7.823588700000000395e-01,4.238309799999999996e+03,3.967966399999999794e+03,3.385953300000000127e+03,2.266249099999999999e+03,-1.710262499999999974e+01,-7.669309199999999827e+00,-5.164996499999999990e+00,-4.827520400000000045e+00
7.832409200000000071e-01,4.236875900000000001e+03,3.966578899999999976e+03,3.384884199999999964e+03,2.265634799999999814e+03,-1.707351200000000091e+01,-7.648994300000000024e+00,-5.144264999999999866e+00,-4.798708900000000277e+00
7.841229800000000250e-01,4.234940300000000207e+03,3.964600199999999859e+03,3.383221300000000156e+03,2.264526499999999942e+03,-1.704886099999999871e+01,-7.626710700000000287e+00,-5.121055799999999714e+00,-4.769820099999999563e+00
7.850050400000000428e-01,4.233407400000000052e+03,3.963099200000000110e+03,3.382100800000000163e+03,2.264005299999999806e+03,-1.702380099999999885e+01,-7.605904500000000290e+00,-5.099409399999999870e+00,-4.742575200000000102e+00
7.858870900000000104e-01,4.231892499999999927e+03,3.961726900000000114e+03,3.381200499999999920e+03,2.263793900000000122e+03,-1.699847799999999864e+01,-7.585788499999999601e+00,-5.076386600000000193e+00,-4.713438100000000297e+00
7.867691500000000282e-01,4.230492799999999988e+03,3.960560199999999895e+03,3.380582300000000032e+03,2.263924700000000030e+03,-1.693709799999999888e+01,-7.534957000000000349e+00,-5.025966399999999723e+00,-4.660386800000000385e+00
7.876512100000000460e-01,4.229078599999999824e+03,3.959454200000000128e+03,3.380085199999999986e+03,2.264219799999999850e+03,-1.688678700000000177e+01,-7.495617000000000196e+00,-4.985617999999999661e+00,-4.616198400000000035e+00
7.885332600000000136e-01,4.227656500000000051e+03,3.958396799999999985e+03,3.379682899999999790e+03,2.264637200000000121e+03,-1.686014700000000133e+01,-7.481406200000000339e+00,-4.970753099999999591e+00,-4.597985200000000106e+00
7.894153200000000314e-01,4.226243599999999788e+03,3.957392299999999977e+03,3.379370600000000195e+03,2.265165500000000065e+03,-1.682644399999999862e+01,-7.459847899999999754e+00,-4.948011199999999832e+00,-4.570754599999999890e+00
7.902973800000000493e-01,4.224910200000000259e+03,3.956499299999999948e+03,3.379190999999999804e+03,2.265820799999999963e+03,-1.678584100000000134e+01,-7.431532100000000085e+00,-4.919133500000000048e+00,-4.538407099999999694e+00
7.911794300000000169e-01,4.223870600000000195e+03,3.955889799999999923e+03,3.379259000000000015e+03,2.266659000000000106e+03,-1.671926399999999902e+01,-7.376851499999999895e+00,-4.863936700000000002e+00,-4.479394100000000378e+00
7.920614900000000347e-01,4.222991200000000390e+03,3.955442799999999806e+03,3.379475800000000163e+03,2.267605100000000220e+03,-1.666665000000000063e+01,-7.335614099999999915e+00,-4.822335400000000050e+00,-4.434126199999999685e+00
7.929435500000000525e-01,4.222308200000000397e+03,3.955189400000000205e+03,3.379866500000000087e+03,2.268673899999999776e+03,-1.662365399999999838e+01,-7.302735000000000198e+00,-4.786311000000000426e+00,-4.391314900000000243e+00
7.938256000000000201e-01,4.221695899999999710e+03,3.955017199999999775e+03,3.380346300000000156e+03,2.269820299999999861e+03,-1.657281300000000002e+01,-7.262152000000000385e+00,-4.744600100000000431e+00,-4.344865099999999813e+00
7.947076600000000379e-01,4.220927399999999579e+03,3.954720200000000204e+03,3.380744900000000143e+03,2.270925999999999931e+03,-1.653314500000000109e+01,-7.231734399999999674e+00,-4.711174100000000031e+00,-4.305396700000000187e+00
7.955897199999999447e-01,4.220086100000000442e+03,3.954371099999999842e+03,3.381124099999999999e+03,2.272040100000000166e+03,-1.647085300000000174e+01,-7.179127199999999931e+00,-4.656378700000000315e+00,-4.244898700000000247e+00
7.964717700000000233e-01,4.219151700000000346e+03,3.953955800000000181e+03,3.381478399999999965e+03,2.273155000000000200e+03,-1.642593899999999962e+01,-7.141388199999999742e+00,-4.618169899999999828e+00,-4.203706500000000013e+00
7.973538300000000412e-01,4.218045699999999670e+03,3.953390800000000127e+03,3.381719000000000051e+03,2.274201900000000023e+03,-1.639774500000000046e+01,-7.123230900000000254e+00,-4.599791100000000021e+00,-4.180510700000000135e+00
7.982358899999999480e-01,4.216625600000000304e+03,3.952568000000000211e+03,3.381797500000000127e+03,2.275174599999999828e+03,-1.636445200000000000e+01,-7.095188699999999571e+00,-4.570357999999999699e+00,-4.145988899999999866e+00
7.991179400000000266e-01,4.215230300000000170e+03,3.951768300000000181e+03,3.381897399999999834e+03,2.276174399999999878e+03,-1.633186600000000155e+01,-7.071566500000000310e+00,-4.547544799999999832e+00,-4.120102400000000387e+00
8.000000000000000444e-01,4.213633600000000115e+03,3.950798099999999977e+03,3.381888300000000072e+03,2.277115699999999833e+03,-1.630766200000000055e+01,-7.050823000000000285e+00,-4.523242999999999903e+00,-4.088484600000000135e+00
8.009090899999999902e-01,4.211016999999999825e+03,3.947889999999999873e+03,3.379381699999999910e+03,2.275472299999999905e+03,-1.627616899999999944e+01,-6.984848600000000296e+00,-4.465577800000000153e+00,-4.030129500000000142e+00
8.018181800000000470e-01,4.209422599999999875e+03,3.946989900000000034e+03,3.379558199999999943e+03,2.276781700000000001e+03,-1.626130900000000068e+01,-6.974389099999999786e+00,-4.452263600000000210e+00,-4.011992000000000225e+00
8.027104400000000251e-01,4.208986399999999776e+03,3.947873999999999796e+03,3.381842200000000048e+03,2.280201300000000174e+03,-1.617928900000000070e+01,-6.930385000000000240e+00,-4.402942600000000262e+00,-3.957101699999999944e+00
8.036198500000000244e-01,4.206782599999999547e+03,3.945823100000000068e+03,3.380490699999999833e+03,2.279808799999999792e+03,-1.613871299999999920e+01,-6.872852800000000428e+00,-4.348967299999999980e+00,-3.901115400000000122e+00
8.045292699999999630e-01,4.205124399999999696e+03,3.944828599999999824e+03,3.380536700000000110e+03,2.280930400000000191e+03,-1.608153899999999936e+01,-6.821765300000000032e+00,-4.296848599999999685e+00,-3.844080400000000175e+00
8.054386799999999624e-01,4.203732299999999668e+03,3.944125700000000052e+03,3.380870100000000093e+03,2.282315999999999804e+03,-1.604588199999999887e+01,-6.791054700000000111e+00,-4.263829999999999565e+00,-3.805546300000000048e+00
8.063481000000000121e-01,4.201863599999999678e+03,3.942986100000000079e+03,3.380841800000000148e+03,2.283436400000000049e+03,-1.601293700000000086e+01,-6.765298300000000431e+00,-4.238038000000000416e+00,-3.775770699999999813e+00
8.072575100000000115e-01,4.199778699999999844e+03,3.941645100000000184e+03,3.380665300000000116e+03,2.284456799999999930e+03,-1.595880200000000038e+01,-6.712821599999999833e+00,-4.181576999999999877e+00,-3.713029199999999808e+00
8.081867000000000356e-01,4.196985899999999674e+03,3.938896200000000135e+03,3.378634500000000116e+03,2.283524100000000089e+03,-1.593818199999999941e+01,-6.667880799999999830e+00,-4.142793199999999842e+00,-3.673106799999999783e+00
8.090956799999999838e-01,4.195569199999999910e+03,3.938903800000000047e+03,3.380269200000000183e+03,2.286561999999999898e+03,-1.587152299999999983e+01,-6.634451699999999619e+00,-4.101137099999999869e+00,-3.623946800000000135e+00
8.100046699999999822e-01,4.193640400000000227e+03,3.937692500000000109e+03,3.380177700000000186e+03,2.287641700000000128e+03,-1.583769099999999952e+01,-6.607688300000000403e+00,-4.073538100000000384e+00,-3.592255399999999987e+00
8.109347900000000164e-01,4.190492900000000191e+03,3.934495100000000093e+03,3.377682800000000043e+03,2.286261100000000170e+03,-1.584048899999999982e+01,-6.578174100000000024e+00,-4.046484699999999712e+00,-3.561247900000000133e+00
8.118432799999999450e-01,4.189317399999999907e+03,3.934672199999999975e+03,3.379410699999999906e+03,2.289333500000000186e+03,-1.577009499999999953e+01,-6.543697200000000436e+00,-4.005900500000000086e+00,-3.514845999999999915e+00
8.127739299999999778e-01,4.186220000000000255e+03,3.931549199999999928e+03,3.377014200000000073e+03,2.288089500000000044e+03,-1.576997500000000052e+01,-6.513381800000000332e+00,-3.978582600000000191e+00,-3.483519499999999880e+00
8.137045899999999499e-01,4.183847200000000157e+03,3.929809699999999793e+03,3.376438700000000154e+03,2.288857599999999820e+03,-1.574864700000000006e+01,-6.494139500000000176e+00,-3.958345299999999956e+00,-3.459082700000000177e+00
8.146352399999999827e-01,4.181499200000000201e+03,3.928203599999999824e+03,3.376080599999999777e+03,2.289895899999999983e+03,-1.571417399999999986e+01,-6.463821099999999653e+00,-3.925162799999999841e+00,-3.420293899999999887e+00
8.155658900000000155e-01,4.179303499999999985e+03,3.926681700000000092e+03,3.375728300000000218e+03,2.290880599999999959e+03,-1.567208199999999962e+01,-6.427372400000000319e+00,-3.887184099999999809e+00,-3.377942500000000070e+00
8.164965400000000484e-01,4.176791100000000370e+03,3.924857300000000123e+03,3.375118399999999838e+03,2.291676599999999780e+03,-1.563333800000000018e+01,-6.391622599999999821e+00,-3.847878500000000201e+00,-3.332636500000000002e+00
8.174537800000000187e-01,4.172947100000000319e+03,3.920860900000000129e+03,3.371881300000000010e+03,2.289811900000000151e+03,-1.564802399999999949e+01,-6.372889599999999710e+00,-3.835217399999999888e+00,-3.318233100000000046e+00
8.183836700000000075e-01,4.171380000000000109e+03,3.920883499999999913e+03,3.373710099999999784e+03,2.293314800000000105e+03,-1.557602400000000031e+01,-6.341960799999999843e+00,-3.793328799999999834e+00,-3.268268700000000138e+00
8.193417400000000406e-01,4.167243599999999788e+03,3.916621399999999994e+03,3.370250799999999799e+03,2.291327999999999975e+03,-1.557266899999999943e+01,-6.307572999999999652e+00,-3.764939299999999989e+00,-3.237118600000000068e+00
8.202998200000000129e-01,4.164680000000000291e+03,3.914693099999999959e+03,3.369538000000000011e+03,2.292121799999999894e+03,-1.556217299999999959e+01,-6.296774899999999953e+00,-3.751103599999999982e+00,-3.220636900000000136e+00
8.212578900000000459e-01,4.161894699999999830e+03,3.912645500000000084e+03,3.368798999999999978e+03,2.293019299999999930e+03,-1.552576200000000028e+01,-6.269243699999999642e+00,-3.721080900000000025e+00,-3.183738099999999793e+00
8.222159599999999680e-01,4.159433100000000195e+03,3.910870399999999790e+03,3.368251000000000204e+03,2.293987999999999829e+03,-1.548905300000000018e+01,-6.237120899999999857e+00,-3.686795899999999904e+00,-3.147161200000000214e+00
8.231740300000000010e-01,4.156680699999999888e+03,3.908751000000000204e+03,3.367333000000000084e+03,2.294618399999999838e+03,-1.548320599999999914e+01,-6.238059899999999658e+00,-3.684897799999999890e+00,-3.138299299999999903e+00
8.241675800000000107e-01,4.152675799999999981e+03,3.904304799999999886e+03,3.363476799999999912e+03,2.292171899999999823e+03,-1.547605800000000009e+01,-6.185749500000000012e+00,-3.639858199999999933e+00,-3.093592300000000073e+00
8.251243400000000117e-01,4.151357799999999770e+03,3.904749200000000201e+03,3.365817399999999907e+03,2.296354699999999866e+03,-1.540844399999999936e+01,-6.174276100000000156e+00,-3.616557600000000150e+00,-3.061456999999999873e+00
8.261193599999999693e-01,4.147530600000000049e+03,3.900439499999999953e+03,3.362028699999999844e+03,2.293923200000000179e+03,-1.539766499999999994e+01,-6.118636900000000267e+00,-3.567651399999999917e+00,-3.011715099999999978e+00
8.271143899999999771e-01,4.144779400000000351e+03,3.898258899999999812e+03,3.361035800000000108e+03,2.294571100000000115e+03,-1.540075399999999917e+01,-6.125453300000000212e+00,-3.571559500000000220e+00,-3.010169299999999826e+00
8.281094199999999850e-01,4.142398299999999836e+03,3.896574500000000171e+03,3.360595499999999902e+03,2.295795399999999972e+03,-1.533602600000000038e+01,-6.071748000000000367e+00,-3.516868000000000105e+00,-2.951549700000000165e+00
8.291044400000000536e-01,4.139862100000000282e+03,3.894678300000000036e+03,3.359892199999999775e+03,2.296717299999999796e+03,-1.529659999999999975e+01,-6.038305300000000209e+00,-3.479527399999999826e+00,-2.908811699999999778e+00
8.300994699999999504e-01,4.137422499999999673e+03,3.892844000000000051e+03,3.359209199999999782e+03,2.297595699999999852e+03,-1.526571000000000033e+01,-6.014224500000000084e+00,-3.453922100000000217e+00,-2.879343299999999939e+00
8.310944999999999583e-01,4.134730400000000373e+03,3.890713799999999992e+03,3.358216199999999844e+03,2.298201700000000073e+03,-1.522441899999999926e+01,-5.978344100000000161e+00,-3.416074200000000172e+00,-2.836040500000000186e+00
8.320895200000000269e-01,4.132360800000000381e+03,3.888869499999999789e+03,3.357452800000000025e+03,2.298930299999999988e+03,-1.519776399999999938e+01,-5.954507099999999831e+00,-3.390346800000000105e+00,-2.806375099999999900e+00
8.331430800000000358e-01,4.127872699999999895e+03,3.883226900000000114e+03,3.351964899999999943e+03,2.294759199999999964e+03,-1.519875000000000043e+01,-5.889479200000000247e+00,-3.338135400000000086e+00,-2.753105000000000135e+00
8.341346600000000278e-01,4.127825100000000020e+03,3.885550400000000081e+03,3.356478799999999865e+03,2.301261199999999917e+03,-1.515163699999999913e+01,-5.924534799999999990e+00,-3.355882499999999879e+00,-2.760740399999999983e+00
8.351923500000000278e-01,4.123621100000000297e+03,3.880084299999999985e+03,3.351042500000000018e+03,2.297034000000000106e+03,-1.513046699999999944e+01,-5.835586799999999741e+00,-3.281683199999999800e+00,-2.688634599999999875e+00
8.362500400000000278e-01,4.121439999999999600e+03,3.878411999999999807e+03,3.350480300000000170e+03,2.298133100000000013e+03,-1.511507899999999971e+01,-5.826380999999999588e+00,-3.271425600000000156e+00,-2.673710300000000206e+00
8.373077300000000278e-01,4.119543200000000070e+03,3.877237000000000080e+03,3.350541400000000067e+03,2.299926599999999780e+03,-1.508699000000000012e+01,-5.810200000000000031e+00,-3.253110200000000063e+00,-2.651961899999999872e+00
8.383654200000000278e-01,4.117780999999999949e+03,3.876127300000000105e+03,3.350564499999999953e+03,2.301554599999999937e+03,-1.503398999999999930e+01,-5.767476699999999568e+00,-3.207671599999999845e+00,-2.601333200000000012e+00
8.394231100000000279e-01,4.115887399999999616e+03,3.874815500000000156e+03,3.350334100000000035e+03,2.302884500000000116e+03,-1.498909199999999942e+01,-5.732682999999999751e+00,-3.173285400000000145e+00,-2.564984100000000211e+00
8.404808000000000279e-01,4.114071799999999712e+03,3.873539999999999964e+03,3.350087100000000191e+03,2.304113899999999830e+03,-1.497494200000000042e+01,-5.723550699999999658e+00,-3.161867700000000170e+00,-2.548766099999999923e+00
8.415384900000000279e-01,4.112004100000000108e+03,3.871979699999999866e+03,3.349564100000000053e+03,2.305101500000000215e+03,-1.496687799999999946e+01,-5.719433600000000339e+00,-3.157412900000000189e+00,-2.540648800000000040e+00
8.425961800000000279e-01,4.109999799999999595e+03,3.870463600000000042e+03,3.349074900000000071e+03,2.306111100000000079e+03,-1.487220800000000054e+01,-5.627161700000000266e+00,-3.064621799999999840e+00,-2.444095499999999976e+00
8.436538700000000279e-01,4.107939199999999801e+03,3.868864500000000135e+03,3.348485900000000129e+03,2.307011700000000019e+03,-1.485367500000000085e+01,-5.610543200000000397e+00,-3.047653899999999805e+00,-2.423751400000000000e+00
8.447115499999999777e-01,4.105875200000000405e+03,3.867249699999999848e+03,3.347875500000000102e+03,2.307890600000000177e+03,-1.482258000000000031e+01,-5.580848099999999867e+00,-3.017816499999999902e+00,-2.390524600000000000e+00
8.457692399999999777e-01,4.103845699999999852e+03,3.865643099999999777e+03,3.347253299999999854e+03,2.308748599999999897e+03,-1.479725299999999955e+01,-5.557317099999999677e+00,-2.993936800000000176e+00,-2.362852999999999870e+00
8.468269299999999777e-01,4.101763399999999820e+03,3.863985499999999774e+03,3.346588000000000193e+03,2.309578599999999824e+03,-1.476811799999999941e+01,-5.528766599999999976e+00,-2.964285900000000140e+00,-2.328789500000000068e+00
8.478846199999999778e-01,4.099752400000000307e+03,3.862380099999999857e+03,3.345955300000000079e+03,2.310425099999999929e+03,-1.473114200000000018e+01,-5.493351800000000118e+00,-2.928174900000000136e+00,-2.288633900000000221e+00
8.489423099999999778e-01,4.097679100000000290e+03,3.860710599999999886e+03,3.345263800000000174e+03,2.311231499999999869e+03,-1.472225099999999998e+01,-5.485434899999999558e+00,-2.919874099999999917e+00,-2.277288700000000166e+00
8.499999999999999778e-01,4.095484699999999975e+03,3.858933399999999892e+03,3.344484699999999975e+03,2.311976099999999860e+03,-1.469204799999999977e+01,-5.456321800000000444e+00,-2.889963499999999907e+00,-2.242678300000000124e+00
8.511363600000000362e-01,4.091119299999999839e+03,3.852923600000000079e+03,3.338371299999999792e+03,2.307061000000000149e+03,-1.471256799999999920e+01,-5.394280099999999578e+00,-2.844498900000000052e+00,-2.199421000000000070e+00
8.522469000000000294e-01,4.089612900000000081e+03,3.852670399999999972e+03,3.339726500000000215e+03,2.310484500000000025e+03,-1.466366299999999967e+01,-5.377046799999999571e+00,-2.819800499999999932e+00,-2.168666099999999819e+00
8.533838799999999836e-01,4.087127599999999802e+03,3.850303300000000036e+03,3.338265400000000227e+03,2.310735599999999977e+03,-1.464676399999999923e+01,-5.347779599999999967e+00,-2.793622099999999886e+00,-2.141777300000000217e+00
8.545208600000000487e-01,4.085068400000000111e+03,3.848932999999999993e+03,3.338121999999999844e+03,2.312446800000000167e+03,-1.458583600000000047e+01,-5.297608300000000270e+00,-2.739709200000000067e+00,-2.083063699999999852e+00
8.556578400000000029e-01,4.083045999999999822e+03,3.847625300000000152e+03,3.338032499999999800e+03,2.314147599999999784e+03,-1.455532799999999938e+01,-5.277613900000000413e+00,-2.717075299999999860e+00,-2.057403600000000221e+00
8.567948199999999570e-01,4.080884000000000015e+03,3.846103099999999813e+03,3.337668400000000020e+03,2.315513100000000122e+03,-1.452469900000000003e+01,-5.252488600000000396e+00,-2.688248800000000216e+00,-2.024064200000000202e+00
8.579625199999999507e-01,4.077858700000000226e+03,3.842910100000000057e+03,3.335200100000000020e+03,2.314588299999999890e+03,-1.450790199999999963e+01,-5.209718999999999767e+00,-2.649291900000000144e+00,-1.983150500000000038e+00
8.591302299999999947e-01,4.075520399999999881e+03,3.841211099999999988e+03,3.334710599999999886e+03,2.315913100000000213e+03,-1.445745199999999997e+01,-5.161520600000000236e+00,-2.597810899999999812e+00,-1.927694999999999936e+00
8.603322799999999493e-01,4.072428499999999985e+03,3.838081799999999930e+03,3.332388199999999870e+03,2.315241399999999885e+03,-1.443939499999999931e+01,-5.118425099999999617e+00,-2.558477200000000007e+00,-1.886596200000000056e+00
8.615343300000000148e-01,4.070291999999999916e+03,3.836503000000000156e+03,3.332105799999999817e+03,2.316897100000000137e+03,-1.440290599999999976e+01,-5.087344599999999772e+00,-2.523305500000000201e+00,-1.847231400000000079e+00
8.627751599999999854e-01,4.067203300000000127e+03,3.833277999999999793e+03,3.329727400000000216e+03,2.316257500000000164e+03,-1.438157999999999959e+01,-5.041547999999999696e+00,-2.481583099999999931e+00,-1.804373900000000086e+00
8.639759599999999873e-01,4.065599799999999959e+03,3.833406100000000151e+03,3.331722400000000107e+03,2.320476099999999860e+03,-1.430072599999999916e+01,-4.999195099999999670e+00,-2.425985700000000023e+00,-1.741691600000000006e+00
8.651380300000000023e-01,4.064144800000000032e+03,3.833685500000000047e+03,3.333734100000000126e+03,2.324453799999999774e+03,-1.425045399999999951e+01,-4.989270499999999942e+00,-2.403458999999999790e+00,-1.713835299999999950e+00
8.663001000000000174e-01,4.061712199999999939e+03,3.831529100000000199e+03,3.332544899999999870e+03,2.324742200000000139e+03,-1.421958599999999961e+01,-4.953019000000000283e+00,-2.363486799999999999e+00,-1.669483599999999957e+00
8.674621599999999821e-01,4.058796600000000126e+03,3.828884500000000116e+03,3.330872299999999996e+03,2.324575600000000122e+03,-1.417617699999999914e+01,-4.897315599999999769e+00,-2.305181000000000147e+00,-1.606729599999999980e+00
8.687636699999999879e-01,4.053116199999999935e+03,3.820333299999999781e+03,3.321662800000000061e+03,2.316269899999999780e+03,-1.425740300000000005e+01,-4.851371900000000181e+00,-2.286189499999999875e+00,-1.591011299999999906e+00
8.700651900000000438e-01,4.050219300000000203e+03,3.818108799999999974e+03,3.320927700000000186e+03,2.317834899999999834e+03,-1.423546799999999912e+01,-4.828398700000000154e+00,-2.259545600000000043e+00,-1.559559200000000034e+00
8.713667000000000495e-01,4.048070600000000013e+03,3.816978000000000065e+03,3.321361399999999776e+03,2.320575200000000223e+03,-1.420641799999999932e+01,-4.813424499999999995e+00,-2.240218699999999785e+00,-1.538027299999999986e+00
8.726682199999999945e-01,4.045617999999999938e+03,3.815413100000000213e+03,3.321209199999999782e+03,2.322557999999999993e+03,-1.414816399999999952e+01,-4.764833000000000318e+00,-2.185706099999999985e+00,-1.478897600000000034e+00
8.739105700000000532e-01,4.044088000000000193e+03,3.815951199999999972e+03,3.323721100000000206e+03,2.327350699999999961e+03,-1.408551600000000015e+01,-4.749602499999999949e+00,-2.153870400000000185e+00,-1.440802399999999928e+00
8.751529200000000008e-01,4.041314199999999801e+03,3.813673499999999876e+03,3.322479600000000119e+03,2.327725199999999859e+03,-1.404554899999999940e+01,-4.701055400000000439e+00,-2.101501299999999794e+00,-1.384469200000000066e+00
8.764606600000000025e-01,4.036904799999999796e+03,3.808097200000000157e+03,3.317144999999999982e+03,2.323677999999999884e+03,-1.399182599999999965e+01,-4.578442299999999854e+00,-1.990979599999999961e+00,-1.273072100000000040e+00
8.776995800000000347e-01,4.035016299999999774e+03,3.808192900000000009e+03,3.319246500000000196e+03,2.328065200000000004e+03,-1.398244700000000051e+01,-4.607745000000000424e+00,-2.002924399999999938e+00,-1.277029299999999923e+00
8.789384900000000167e-01,4.032383800000000065e+03,3.805989300000000185e+03,3.318090799999999945e+03,2.328559999999999945e+03,-1.390410199999999996e+01,-4.518458299999999817e+00,-1.911676399999999942e+00,-1.182718900000000017e+00
8.801085699999999790e-01,4.030693999999999960e+03,3.806289699999999812e+03,3.320237000000000080e+03,2.332683199999999943e+03,-1.388958300000000001e+01,-4.553070199999999623e+00,-1.926927499999999904e+00,-1.188906599999999925e+00
8.812786599999999915e-01,4.027801699999999983e+03,3.803457199999999830e+03,3.318151600000000144e+03,2.331869799999999941e+03,-1.383931199999999961e+01,-4.482747899999999674e+00,-1.856102900000000000e+00,-1.115028899999999989e+00
8.824487399999999537e-01,4.024590299999999843e+03,3.800132900000000063e+03,3.315548600000000079e+03,2.330569500000000062e+03,-1.383290399999999920e+01,-4.450981200000000193e+00,-1.823608200000000013e+00,-1.077454700000000098e+00
8.836188200000000270e-01,4.021550200000000132e+03,3.797067799999999806e+03,3.313292600000000220e+03,2.329745699999999943e+03,-1.378165300000000038e+01,-4.376465399999999839e+00,-1.749189000000000105e+00,-9.993407600000000501e-01
8.847108999999999668e-01,4.020449599999999919e+03,3.798179000000000087e+03,3.316380099999999857e+03,2.334833399999999983e+03,-1.371790200000000048e+01,-4.384194800000000392e+00,-1.734324500000000047e+00,-9.755579300000000176e-01
8.858029800000000176e-01,4.017723500000000058e+03,3.795359199999999873e+03,3.314192100000000210e+03,2.333801500000000033e+03,-1.365605000000000047e+01,-4.305889399999999867e+00,-1.656348300000000107e+00,-8.945596700000000290e-01
8.868170499999999956e-01,4.016792899999999918e+03,3.796558300000000145e+03,3.317223100000000159e+03,2.338522599999999784e+03,-1.358281299999999980e+01,-4.317334299999999736e+00,-1.643021400000000076e+00,-8.706034400000000062e-01
8.878311300000000239e-01,4.013764700000000175e+03,3.793152599999999893e+03,3.314261300000000119e+03,2.336468600000000151e+03,-1.350183900000000037e+01,-4.209757399999999983e+00,-1.537538999999999989e+00,-7.621551199999999637e-01
8.888452000000000019e-01,4.010800799999999981e+03,3.789588499999999840e+03,3.311031599999999798e+03,2.334096700000000055e+03,-1.350839000000000034e+01,-4.182504400000000011e+00,-1.512783999999999907e+00,-7.325087700000000313e-01
8.898592699999999800e-01,4.007699700000000121e+03,3.786101099999999860e+03,3.308090799999999945e+03,2.332314499999999953e+03,-1.349761699999999998e+01,-4.143612000000000073e+00,-1.475519100000000083e+00,-6.904678600000000444e-01
8.909860200000000452e-01,4.002054500000000189e+03,3.777025700000000143e+03,3.297971900000000005e+03,2.322815099999999802e+03,-1.355953200000000081e+01,-4.037639600000000328e+00,-1.407708399999999971e+00,-6.288852700000000517e-01
8.921127699999999994e-01,3.999365200000000186e+03,3.774518199999999979e+03,3.296511599999999817e+03,2.323320099999999911e+03,-1.353794599999999981e+01,-4.017210200000000064e+00,-1.386859400000000075e+00,-6.042078600000000410e-01
8.932395100000000143e-01,3.997285100000000057e+03,3.773094999999999800e+03,3.296296499999999924e+03,2.325176800000000185e+03,-1.349305099999999946e+01,-3.993560599999999905e+00,-1.360405199999999981e+00,-5.756756600000000335e-01
8.943662599999999685e-01,3.995193000000000211e+03,3.771571600000000217e+03,3.295829600000000028e+03,2.326584600000000137e+03,-1.345337999999999923e+01,-3.976867400000000163e+00,-1.341417599999999988e+00,-5.546326700000000498e-01
8.954930100000000337e-01,3.992933199999999943e+03,3.769768599999999878e+03,3.294998599999999897e+03,2.327514500000000226e+03,-1.340277400000000085e+01,-3.941207499999999975e+00,-1.304230500000000070e+00,-5.141592400000000174e-01
8.966197599999999879e-01,3.990563000000000102e+03,3.767776600000000144e+03,3.293908600000000206e+03,2.328066800000000057e+03,-1.338059900000000013e+01,-3.926256400000000202e+00,-1.289800999999999975e+00,-4.978080200000000177e-01
8.977465000000000028e-01,3.988108600000000024e+03,3.765651600000000144e+03,3.292652999999999793e+03,2.328403800000000047e+03,-1.332799799999999912e+01,-3.875202700000000000e+00,-1.239826499999999943e+00,-4.461121699999999746e-01
8.988732499999999570e-01,3.985600199999999859e+03,3.763431599999999889e+03,3.291270199999999932e+03,2.328561099999999897e+03,-1.332493499999999997e+01,-3.872463900000000070e+00,-1.238757099999999944e+00,-4.436393000000000142e-01
9.000000000000000222e-01,3.983125300000000152e+03,3.761222999999999956e+03,3.289882500000000164e+03,2.328677499999999782e+03,-1.326245399999999997e+01,-3.808796200000000187e+00,-1.176590999999999942e+00,-3.791890600000000222e-01
9.011904800000000160e-01,3.979318600000000060e+03,3.756050200000000132e+03,3.284674899999999980e+03,2.324546800000000076e+03,-1.329219400000000029e+01,-3.770781500000000008e+00,-1.160419899999999949e+00,-3.657714799999999822e-01
9.023809499999999595e-01,3.976780600000000049e+03,3.753907499999999800e+03,3.283522599999999784e+03,2.325161900000000060e+03,-1.326190300000000022e+01,-3.746351799999999788e+00,-1.137391899999999900e+00,-3.400903299999999962e-01
9.035714299999999533e-01,3.974706000000000131e+03,3.752367999999999938e+03,3.282978599999999915e+03,2.326349099999999908e+03,-1.324365899999999918e+01,-3.743257499999999904e+00,-1.136293800000000020e+00,-3.394384400000000079e-01
9.047619000000000078e-01,3.972564800000000105e+03,3.750697700000000168e+03,3.282235599999999977e+03,2.327222299999999905e+03,-1.318057199999999973e+01,-3.693343699999999785e+00,-1.087004999999999999e+00,-2.880808200000000152e-01
9.059218599999999677e-01,3.970970899999999801e+03,3.750253299999999854e+03,3.283046699999999873e+03,2.329756300000000010e+03,-1.313554300000000019e+01,-3.689674199999999793e+00,-1.076269200000000037e+00,-2.754937299999999922e-01
9.070818099999999884e-01,3.968697299999999814e+03,3.748235000000000127e+03,3.281771299999999883e+03,2.329802400000000034e+03,-1.309146499999999946e+01,-3.647908800000000173e+00,-1.036762699999999926e+00,-2.346418399999999904e-01
9.082739800000000363e-01,3.965563299999999799e+03,3.744425900000000183e+03,3.278253400000000056e+03,2.327360200000000077e+03,-1.307720100000000052e+01,-3.597111400000000181e+00,-9.989102600000000498e-01,-1.969161899999999910e-01
9.094661499999999732e-01,3.963034099999999853e+03,3.742124200000000201e+03,3.276782600000000002e+03,2.327361699999999928e+03,-1.305838100000000068e+01,-3.577387499999999942e+00,-9.820777099999999926e-01,-1.793702899999999878e-01
9.106944500000000442e-01,3.960079499999999825e+03,3.738652900000000045e+03,3.273742600000000039e+03,2.325587199999999939e+03,-1.303728800000000021e+01,-3.527147900000000114e+00,-9.443691800000000303e-01,-1.427059499999999981e-01
9.118855300000000552e-01,3.958507500000000164e+03,3.738380700000000161e+03,3.274862200000000030e+03,2.328543299999999817e+03,-1.299590500000000048e+01,-3.532488799999999873e+00,-9.425708000000000419e-01,-1.376982700000000115e-01
9.130766000000000160e-01,3.956693400000000111e+03,3.736924799999999777e+03,3.274195400000000063e+03,2.329217200000000048e+03,-1.291637099999999982e+01,-3.463248300000000057e+00,-8.776170899999999886e-01,-7.326345200000000668e-02
9.142304599999999670e-01,3.955421400000000176e+03,3.736790899999999965e+03,3.275245199999999841e+03,2.331755400000000009e+03,-1.289957500000000046e+01,-3.488874500000000101e+00,-8.935023899999999797e-01,-8.525117499999999848e-02
9.153843200000000291e-01,3.953586299999999937e+03,3.735010200000000168e+03,3.274035400000000209e+03,2.331572900000000118e+03,-1.285906300000000080e+01,-3.445514699999999930e+00,-8.539188599999999463e-01,-4.507534700000000172e-02
9.165381700000000409e-01,3.951466699999999946e+03,3.732862399999999980e+03,3.272465400000000045e+03,2.331045599999999922e+03,-1.283637700000000059e+01,-3.414433900000000133e+00,-8.263414599999999721e-01,-1.557949100000000087e-02
9.176535700000000295e-01,3.950233900000000176e+03,3.732692900000000009e+03,3.273456200000000081e+03,2.333427599999999984e+03,-1.277339199999999941e+01,-3.389736599999999989e+00,-7.924762100000000142e-01,2.169194199999999878e-02
9.187689599999999679e-01,3.948323100000000068e+03,3.730746299999999792e+03,3.272053600000000188e+03,2.332980300000000170e+03,-1.274059199999999947e+01,-3.350031400000000215e+00,-7.562451799999999613e-01,5.952033699999999955e-02
9.198843599999999565e-01,3.946047199999999975e+03,3.728388600000000224e+03,3.270282999999999902e+03,2.332242200000000139e+03,-1.270032600000000045e+01,-3.300082699999999925e+00,-7.102888000000000535e-01,1.073868399999999973e-01
9.209997500000000059e-01,3.943974999999999909e+03,3.726292399999999816e+03,3.268805699999999888e+03,2.331836600000000089e+03,-1.270083799999999918e+01,-3.291967800000000111e+00,-7.057032399999999539e-01,1.134112300000000018e-01
9.221151400000000553e-01,3.942114000000000033e+03,3.724463200000000143e+03,3.267618599999999788e+03,2.331755099999999857e+03,-1.265672900000000034e+01,-3.246965599999999785e+00,-6.640328699999999973e-01,1.567206399999999944e-01
9.232305400000000439e-01,3.940477300000000014e+03,3.722893700000000081e+03,3.266691899999999805e+03,2.331932400000000143e+03,-1.261111900000000041e+01,-3.201418100000000155e+00,-6.211513499999999910e-01,2.010985000000000134e-01
9.245052700000000456e-01,3.936161000000000058e+03,3.714884300000000167e+03,3.257392800000000079e+03,2.322712300000000141e+03,-1.266536800000000085e+01,-3.096923499999999940e+00,-5.691053299999999648e-01,2.456155100000000091e-01
9.259216500000000405e-01,3.932873900000000049e+03,3.709458599999999933e+03,3.251725899999999911e+03,2.318161799999999857e+03,-1.269136699999999962e+01,-3.049545999999999868e+00,-5.601653699999999958e-01,2.500936000000000270e-01
9.273380199999999851e-01,3.932046800000000076e+03,3.709948199999999815e+03,3.253821199999999862e+03,2.322747899999999845e+03,-1.265920599999999929e+01,-3.071870200000000217e+00,-5.835726100000000471e-01,2.244415899999999964e-01
9.287543999999999800e-01,3.931436200000000099e+03,3.710771699999999782e+03,3.256146000000000186e+03,2.327345200000000204e+03,-1.260454499999999989e+01,-3.071507299999999940e+00,-5.822193500000000244e-01,2.240127100000000038e-01
9.301707700000000356e-01,3.930102300000000014e+03,3.710587700000000041e+03,3.257276899999999841e+03,2.330462700000000041e+03,-1.251488299999999931e+01,-3.015904200000000035e+00,-5.272833599999999787e-01,2.781849100000000075e-01
9.314927200000000518e-01,3.929710999999999785e+03,3.713006899999999860e+03,3.261795399999999972e+03,2.337291700000000219e+03,-1.242376999999999931e+01,-2.999833800000000217e+00,-4.884934499999999957e-01,3.202413399999999855e-01
9.328146699999999569e-01,3.928016200000000026e+03,3.711736100000000079e+03,3.261310100000000148e+03,2.337952299999999923e+03,-1.238907999999999987e+01,-2.953317999999999888e+00,-4.463581300000000196e-01,3.621066000000000007e-01
9.340421899999999944e-01,3.927510299999999916e+03,3.713528899999999794e+03,3.264854699999999866e+03,2.343183100000000195e+03,-1.229543400000000020e+01,-2.917011399999999810e+00,-3.872036200000000261e-01,4.273888399999999921e-01
9.352697100000000319e-01,3.925563700000000154e+03,3.711406700000000001e+03,3.263202000000000226e+03,2.342215900000000147e+03,-1.229582000000000086e+01,-2.882354799999999884e+00,-3.588576399999999778e-01,4.566666500000000073e-01
9.364972400000000086e-01,3.923899199999999837e+03,3.709274499999999989e+03,3.261384199999999964e+03,2.340960399999999936e+03,-1.225496399999999930e+01,-2.801925499999999847e+00,-2.865127599999999775e-01,5.312443500000000318e-01
9.377247600000000460e-01,3.921561799999999948e+03,3.706735700000000179e+03,3.259459199999999782e+03,2.339993199999999888e+03,-1.233190399999999975e+01,-2.844783599999999968e+00,-3.353924999999999823e-01,4.853900700000000068e-01
9.389522900000000227e-01,3.919278600000000097e+03,3.704391299999999774e+03,3.257831599999999980e+03,2.339510600000000068e+03,-1.225550199999999990e+01,-2.743174699999999966e+00,-2.419742599999999966e-01,5.790264400000000311e-01
9.401798099999999492e-01,3.916871200000000044e+03,3.702049599999999828e+03,3.256301399999999830e+03,2.339269999999999982e+03,-1.222979999999999912e+01,-2.700122299999999864e+00,-2.053129300000000046e-01,6.172266499999999878e-01
9.414073299999999866e-01,3.914624400000000151e+03,3.699896900000000187e+03,3.254949200000000019e+03,2.339230399999999918e+03,-1.221616099999999960e+01,-2.672704599999999875e+00,-1.843180799999999953e-01,6.373361899999999691e-01
9.426348599999999633e-01,3.912437600000000202e+03,3.697845600000000104e+03,3.253707100000000082e+03,2.339334100000000035e+03,-1.219395199999999946e+01,-2.637888699999999975e+00,-1.539933199999999891e-01,6.698675499999999783e-01
9.438623800000000008e-01,3.910437500000000000e+03,3.695977899999999863e+03,3.252617699999999786e+03,2.339563200000000052e+03,-1.212930700000000073e+01,-2.560090100000000035e+00,-8.231851699999999383e-02,7.413665600000000078e-01
9.450899000000000383e-01,3.908466499999999996e+03,3.694154599999999846e+03,3.251571899999999914e+03,2.339851999999999862e+03,-1.208180499999999924e+01,-2.498608200000000057e+00,-2.584597699999999915e-02,7.985901100000000197e-01
9.463174300000000150e-01,3.906542199999999866e+03,3.692375000000000000e+03,3.250554999999999836e+03,2.340162100000000009e+03,-1.205499499999999991e+01,-2.458176200000000033e+00,9.332478300000000490e-03,8.332131099999999790e-01
9.475449500000000524e-01,3.904593600000000151e+03,3.690581799999999930e+03,3.249530499999999847e+03,2.340476599999999962e+03,-1.204593400000000081e+01,-2.433539399999999908e+00,2.890377499999999961e-02,8.529301400000000033e-01
9.487724800000000291e-01,3.902748999999999796e+03,3.688889700000000175e+03,3.248592700000000150e+03,2.340866199999999935e+03,-1.197308499999999931e+01,-2.345705099999999987e+00,1.117989800000000061e-01,9.353378100000000472e-01
9.499999999999999556e-01,3.900724299999999857e+03,3.687036700000000110e+03,3.247524100000000089e+03,2.341167699999999968e+03,-1.193751400000000018e+01,-2.294416599999999917e+00,1.585161999999999960e-01,9.816190700000000380e-01
9.512820499999999901e-01,3.897534799999999905e+03,3.682798299999999927e+03,3.243505400000000009e+03,2.338221799999999803e+03,-1.191484799999999922e+01,-2.205900399999999983e+00,2.261344499999999869e-01,1.045897300000000030e+00
9.527149299999999599e-01,3.892780699999999797e+03,3.675474600000000009e+03,3.235790700000000015e+03,2.331424899999999980e+03,-1.190182800000000007e+01,-2.074116099999999907e+00,3.124911799999999795e-01,1.123726400000000014e+00
9.541925900000000071e-01,3.889748199999999997e+03,3.672592599999999948e+03,3.233953799999999774e+03,2.331747100000000046e+03,-1.187266800000000089e+01,-2.036273000000000000e+00,3.392807899999999988e-01,1.147797500000000026e+00
9.556702500000000544e-01,3.885474999999999909e+03,3.669889200000000073e+03,3.233228599999999915e+03,2.334092700000000150e+03,-1.178908700000000032e+01,-1.975226600000000055e+00,4.049084000000000017e-01,1.213611900000000077e+00
9.571479099999999907e-01,3.881975199999999859e+03,3.667666299999999865e+03,3.232629699999999957e+03,2.336069399999999860e+03,-1.165528199999999970e+01,-1.861600300000000097e+00,5.148995400000000444e-01,1.316961499999999896e+00
9.586255700000000379e-01,3.878807400000000143e+03,3.665419400000000223e+03,3.231739199999999983e+03,2.337362700000000132e+03,-1.153079499999999946e+01,-1.742029800000000073e+00,6.326298099999999591e-01,1.431615199999999977e+00
9.600522700000000409e-01,3.876816899999999805e+03,3.665017499999999927e+03,3.232886599999999817e+03,2.340635900000000220e+03,-1.147484099999999962e+01,-1.704858599999999891e+00,6.808474599999999599e-01,1.478442000000000034e+00
9.614789700000000439e-01,3.874329699999999775e+03,3.662856499999999869e+03,3.231641299999999774e+03,2.340912800000000061e+03,-1.136692599999999942e+01,-1.572959900000000077e+00,8.223044999999999938e-01,1.618661899999999987e+00
9.628547299999999920e-01,3.872621900000000096e+03,3.662306199999999990e+03,3.232368800000000192e+03,2.343329499999999825e+03,-1.131133900000000025e+01,-1.523762700000000025e+00,8.951089800000000540e-01,1.694088199999999933e+00
9.642304800000000009e-01,3.870209699999999884e+03,3.659891500000000178e+03,3.230683100000000195e+03,2.342875300000000152e+03,-1.125480600000000031e+01,-1.440595999999999988e+00,9.895401400000000125e-01,1.787907600000000041e+00
9.655552699999999655e-01,3.868513800000000174e+03,3.659205800000000181e+03,3.231199399999999969e+03,2.344945600000000013e+03,-1.123200199999999960e+01,-1.433149100000000065e+00,1.022848299999999933e+00,1.825470600000000054e+00
9.667854399999999959e-01,3.867973700000000008e+03,3.660775999999999840e+03,3.234421899999999823e+03,2.349943000000000211e+03,-1.108112900000000067e+01,-1.348721599999999965e+00,1.145356599999999947e+00,1.953053300000000103e+00
9.679716800000000010e-01,3.866438999999999851e+03,3.659867099999999937e+03,3.234463900000000194e+03,2.351086499999999887e+03,-1.102203699999999920e+01,-1.314380099999999940e+00,1.204363800000000095e+00,2.016262999999999916e+00
9.691155500000000478e-01,3.864732300000000123e+03,3.658518799999999828e+03,3.233949900000000071e+03,2.351528499999999894e+03,-1.090276000000000067e+01,-1.209537400000000096e+00,1.330527500000000085e+00,2.146828999999999876e+00
9.702185599999999521e-01,3.863119900000000143e+03,3.657236199999999826e+03,3.233469399999999951e+03,2.351956900000000132e+03,-1.082566600000000001e+01,-1.143792399999999931e+00,1.417970299999999906e+00,2.240096299999999818e+00
9.713215800000000177e-01,3.860403099999999995e+03,3.653683599999999842e+03,3.230169800000000123e+03,2.349233299999999872e+03,-1.081591799999999992e+01,-1.094666099999999975e+00,1.472373600000000060e+00,2.296088800000000152e+00
9.724687100000000139e-01,3.856632900000000063e+03,3.648023799999999937e+03,3.224286099999999806e+03,2.343788100000000213e+03,-1.078632200000000019e+01,-9.791372799999999987e-01,1.583550999999999931e+00,2.408037000000000205e+00
9.736158499999999494e-01,3.854219799999999850e+03,3.645352699999999913e+03,3.222132999999999811e+03,2.342780699999999797e+03,-1.071492300000000064e+01,-9.136572299999999869e-01,1.655973200000000034e+00,2.482907299999999928e+00
9.748151299999999742e-01,3.850815900000000056e+03,3.640738100000000031e+03,3.217618699999999990e+03,2.339313999999999851e+03,-1.065745899999999935e+01,-8.190935299999999586e-01,1.743918700000000044e+00,2.568107100000000198e+00
9.760743699999999690e-01,3.847340999999999894e+03,3.636221399999999903e+03,3.213299100000000180e+03,2.336288500000000113e+03,-1.058224200000000081e+01,-7.171111100000000516e-01,1.836986299999999961e+00,2.657859100000000030e+00
9.773336200000000140e-01,3.845257799999999861e+03,3.634835300000000188e+03,3.212912200000000212e+03,2.337838600000000042e+03,-1.051771800000000034e+01,-6.885907799999999579e-01,1.879812000000000038e+00,2.701159000000000088e+00
9.785928600000000088e-01,3.843215400000000045e+03,3.633495199999999841e+03,3.212575800000000072e+03,2.339441499999999905e+03,-1.039653999999999989e+01,-5.961614200000000530e-01,1.989741900000000063e+00,2.811842299999999906e+00
9.798521000000000036e-01,3.841005799999999908e+03,3.631802599999999984e+03,3.211811099999999897e+03,2.340458700000000135e+03,-1.029790599999999934e+01,-5.042205199999999499e-01,2.100252499999999856e+00,2.923426300000000033e+00
9.811952999999999925e-01,3.837021400000000085e+03,3.626394099999999980e+03,3.206488600000000133e+03,2.336308899999999994e+03,-1.024310599999999916e+01,-3.728965799999999775e-01,2.230045500000000125e+00,3.050165400000000027e+00
9.825384900000000421e-01,3.834421100000000024e+03,3.624448300000000017e+03,3.205526699999999892e+03,2.337249299999999948e+03,-1.017563499999999976e+01,-2.985822100000000145e-01,2.322754000000000207e+00,3.145234799999999886e+00
9.837857399999999641e-01,3.833872600000000148e+03,3.626808199999999943e+03,3.209806799999999839e+03,2.344043500000000222e+03,-1.003281600000000040e+01,-2.691631600000000124e-01,2.396535599999999988e+00,3.226135499999999823e+00
9.850329899999999972e-01,3.831478300000000218e+03,3.624493399999999838e+03,3.208237000000000080e+03,2.343855700000000070e+03,-9.933328200000000052e+00,-1.897927699999999995e-01,2.497616299999999789e+00,3.330866400000000116e+00
9.862802400000000302e-01,3.828635699999999815e+03,3.621422000000000025e+03,3.205777599999999893e+03,2.342579299999999876e+03,-9.854211100000000556e+00,-9.297397400000000089e-02,2.611587600000000009e+00,3.449582899999999785e+00
9.875274899999999523e-01,3.825583799999999883e+03,3.618335900000000038e+03,3.203327900000000227e+03,2.341377800000000207e+03,-9.788120599999999172e+00,-4.870792599999999861e-03,2.717300900000000130e+00,3.560176300000000182e+00
9.887747399999999853e-01,3.822466600000000199e+03,3.615351400000000012e+03,3.201005500000000211e+03,2.340356900000000223e+03,-9.743707499999999300e+00,4.662363499999999661e-02,2.787269100000000055e+00,3.636903999999999915e+00
9.900219900000000184e-01,3.819347499999999854e+03,3.612429999999999836e+03,3.198769200000000183e+03,2.339473399999999856e+03,-9.657087000000000643e+00,1.284296299999999891e-01,2.888216700000000081e+00,3.744720399999999838e+00
9.912692499999999907e-01,3.816272899999999936e+03,3.609540899999999965e+03,3.196557600000000093e+03,2.338614399999999932e+03,-9.640459699999999188e+00,1.292572399999999955e-01,2.908026599999999906e+00,3.773755700000000157e+00
9.925165000000000237e-01,3.813236300000000028e+03,3.606641099999999824e+03,3.194350899999999911e+03,2.337810100000000148e+03,-9.493842799999999471e+00,2.551047699999999807e-01,3.054850699999999808e+00,3.928631600000000113e+00
9.937637499999999458e-01,3.810200100000000020e+03,3.603802700000000186e+03,3.192185100000000148e+03,2.336987700000000132e+03,-9.462070300000000600e+00,2.574166900000000036e-01,3.079113399999999778e+00,3.964555100000000110e+00
9.950109999999999788e-01,3.807050900000000183e+03,3.600943099999999959e+03,3.190012700000000223e+03,2.336186400000000049e+03,-9.303015099999999649e+00,3.853976000000000068e-01,3.229082299999999961e+00,4.125750599999999935e+00
9.962582500000000119e-01,3.803904100000000199e+03,3.598113100000000031e+03,3.187828799999999774e+03,2.335339300000000094e+03,-9.200497000000000369e+00,4.362022300000000241e-01,3.301165899999999986e+00,4.210387299999999833e+00
9.975055000000000449e-01,3.800760999999999967e+03,3.595158300000000054e+03,3.185521999999999935e+03,2.334409299999999803e+03,-9.055185899999999677e+00,5.139229300000000000e-01,3.398831700000000122e+00,4.321445399999999992e+00
9.987527499999999669e-01,3.797607399999999870e+03,3.592197500000000218e+03,3.183236300000000028e+03,2.333470699999999852e+03,-8.926009799999999217e+00,5.750379899999999989e-01,3.480080300000000015e+00,4.416394799999999954e+00
1.000000000000000000e+00,3.795122800000000097e+03,3.588983099999999922e+03,3.180885600000000068e+03,2.332493699999999990e+03,-8.778680500000000109e+00,6.484395600000000259e-01,3.573665699999999834e+00,4.525245599999999868e+00
1.001315799999999978e+00,3.791831099999999878e+03,3.582660800000000108e+03,3.174884000000000015e+03,2.327403400000000147e+03,-8.683058700000000130e+00,7.352294799999999908e-01,3.668319299999999838e+00,4.633458799999999655e+00
1.002631599999999956e+00,3.788947700000000168e+03,3.579825899999999820e+03,3.172871299999999792e+03,2.327002100000000155e+03,-8.523345000000000837e+00,8.089291299999999962e-01,3.762716499999999797e+00,4.743571199999999877e+00
1.003947399999999934e+00,3.786472800000000007e+03,3.577485599999999977e+03,3.171384100000000217e+03,2.327109199999999873e+03,-8.335055799999999238e+00,9.015301500000000301e-01,3.880185899999999855e+00,4.877960999999999991e+00
1.005192000000000085e+00,3.786295399999999972e+03,3.577785800000000108e+03,3.173388399999999820e+03,2.331176199999999881e+03,-8.116011399999999654e+00,9.467316599999999749e-01,3.965056699999999879e+00,4.984713099999999564e+00
1.006436700000000073e+00,3.785606499999999869e+03,3.574530900000000202e+03,3.171083099999999831e+03,2.330001299999999901e+03,-7.936375599999999864e+00,1.044901999999999997e+00,4.091151499999999608e+00,5.129097599999999701e+00
1.007681400000000060e+00,3.782413199999999961e+03,3.571476400000000012e+03,3.168298099999999977e+03,2.328130999999999858e+03,-7.804856599999999922e+00,1.094798699999999902e+00,4.166174700000000009e+00,5.225019200000000197e+00
1.008925999999999989e+00,3.779035300000000007e+03,3.568592299999999796e+03,3.165659799999999905e+03,2.326470899999999801e+03,-7.650141399999999869e+00,1.178677900000000056e+00,4.275843300000000013e+00,5.355241999999999614e+00
1.010134099999999924e+00,3.777061700000000201e+03,3.567563799999999901e+03,3.165345899999999801e+03,2.327464199999999892e+03,-7.584791899999999920e+00,1.129178500000000085e+00,4.258835699999999669e+00,5.363672000000000217e+00
1.011342100000000022e+00,3.775951100000000224e+03,3.566170300000000225e+03,3.163934099999999944e+03,2.326560899999999947e+03,-7.380035699999999643e+00,1.255291300000000110e+00,4.411488199999999971e+00,5.536715400000000287e+00
1.012550199999999956e+00,3.773799399999999878e+03,3.563782099999999900e+03,3.161699500000000171e+03,2.325071399999999812e+03,-7.253777300000000317e+00,1.302584200000000081e+00,4.484795599999999993e+00,5.634170499999999748e+00
1.013798500000000047e+00,3.771023400000000038e+03,3.559961699999999837e+03,3.157554700000000139e+03,2.321325699999999870e+03,-7.249425399999999797e+00,1.282356599999999958e+00,4.482538800000000379e+00,5.655067400000000077e+00
1.015005200000000052e+00,3.770704200000000128e+03,3.560483799999999974e+03,3.158705300000000079e+03,2.323699099999999817e+03,-7.040102599999999988e+00,1.357774299999999990e+00,4.589475199999999866e+00,5.787919099999999872e+00
1.016211999999999893e+00,3.767412699999999859e+03,3.557362000000000080e+03,3.156161500000000160e+03,2.322470600000000104e+03,-6.927693800000000124e+00,1.394093000000000027e+00,4.654111399999999676e+00,5.879715599999999931e+00
1.017418699999999898e+00,3.761658500000000004e+03,3.551920599999999922e+03,3.151713699999999790e+03,2.319868399999999838e+03,-6.744454900000000031e+00,1.496072099999999905e+00,4.781944400000000428e+00,6.033530899999999697e+00
1.018671799999999905e+00,3.756208799999999883e+03,3.545631100000000060e+03,3.145621099999999842e+03,2.314865499999999884e+03,-6.722606700000000046e+00,1.493882399999999944e+00,4.797604699999999944e+00,6.076960800000000162e+00
1.019876699999999969e+00,3.754456900000000132e+03,3.545054799999999886e+03,3.146127700000000004e+03,2.317164000000000215e+03,-6.508593399999999640e+00,1.567013299999999942e+00,4.901513300000000406e+00,6.210385500000000114e+00
1.021081700000000092e+00,3.751552499999999782e+03,3.542286999999999807e+03,3.143898400000000038e+03,2.316186499999999796e+03,-6.391463400000000128e+00,1.611526400000000026e+00,4.972331800000000079e+00,6.311716500000000174e+00
1.022339000000000109e+00,3.747244999999999891e+03,3.536814699999999903e+03,3.138297900000000027e+03,2.311283800000000156e+03,-6.366163900000000098e+00,1.617817199999999955e+00,4.991045299999999685e+00,6.361547100000000121e+00
1.023596299999999903e+00,3.744489900000000034e+03,3.534176300000000083e+03,3.136203500000000076e+03,2.310547999999999774e+03,-6.188720299999999952e+00,1.714822099999999905e+00,5.107730400000000337e+00,6.510504199999999742e+00
1.024853599999999920e+00,3.742129699999999957e+03,3.532031399999999849e+03,3.134608400000000074e+03,2.310323699999999917e+03,-6.106546899999999667e+00,1.724778399999999934e+00,5.136451400000000334e+00,6.575753999999999877e+00
1.026110899999999937e+00,3.739526100000000042e+03,3.529612700000000132e+03,3.132755999999999858e+03,2.309844300000000203e+03,-5.964328300000000027e+00,1.795878000000000085e+00,5.224655300000000224e+00,6.700303100000000178e+00
1.027368300000000012e+00,3.736971399999999903e+03,3.527161799999999857e+03,3.130811099999999897e+03,2.309176399999999830e+03,-5.918888500000000441e+00,1.776565100000000008e+00,5.219070399999999665e+00,6.731700499999999643e+00
1.028625600000000029e+00,3.734380299999999806e+03,3.524644699999999830e+03,3.128795000000000073e+03,2.308424899999999980e+03,-5.745287700000000441e+00,1.892750600000000061e+00,5.348921899999999674e+00,6.897170400000000257e+00
1.029882900000000046e+00,3.731748399999999947e+03,3.522066400000000158e+03,3.126702600000000075e+03,2.307562199999999848e+03,-5.636221400000000159e+00,1.949677199999999999e+00,5.418264899999999606e+00,7.005293100000000273e+00
1.031140200000000062e+00,3.729201500000000124e+03,3.519527700000000095e+03,3.124604600000000119e+03,2.306642400000000180e+03,-5.617380100000000098e+00,1.916479899999999903e+00,5.395187400000000189e+00,7.022809699999999822e+00
1.032397500000000079e+00,3.726593600000000151e+03,3.516950200000000223e+03,3.122498099999999795e+03,2.305740699999999833e+03,-5.446533200000000186e+00,2.041366200000000131e+00,5.530545899999999904e+00,7.197365900000000316e+00
1.033654899999999932e+00,3.724106600000000071e+03,3.514458099999999831e+03,3.120437899999999900e+03,2.304832399999999780e+03,-5.368146000000000306e+00,2.074885999999999786e+00,5.574364499999999722e+00,7.281223400000000012e+00
1.034912199999999949e+00,3.721451300000000174e+03,3.511818200000000161e+03,3.118253600000000006e+03,2.303836800000000039e+03,-5.289354000000000333e+00,2.109041099999999780e+00,5.613949400000000090e+00,7.357440999999999676e+00
1.036169499999999966e+00,3.719034700000000157e+03,3.509385299999999916e+03,3.116248099999999795e+03,2.302965999999999894e+03,-5.162219999999999587e+00,2.196082699999999832e+00,5.709827200000000325e+00,7.494042799999999893e+00
1.037426799999999982e+00,3.716433899999999994e+03,3.506800799999999981e+03,3.114117699999999786e+03,2.302009799999999814e+03,-5.050430600000000325e+00,2.268289799999999801e+00,5.785394199999999820e+00,7.607426000000000244e+00
1.038684099999999999e+00,3.714069500000000062e+03,3.504387600000000020e+03,3.112092900000000100e+03,2.301086600000000089e+03,-5.076792700000000380e+00,2.202759100000000192e+00,5.725437000000000332e+00,7.589558499999999874e+00
1.039941400000000016e+00,3.711588400000000092e+03,3.501909299999999803e+03,3.110056000000000040e+03,2.300200100000000020e+03,-4.920278899999999567e+00,2.324413799999999863e+00,5.849811899999999731e+00,7.752062300000000405e+00
1.041198800000000091e+00,3.709195999999999913e+03,3.499481299999999919e+03,3.108024699999999939e+03,2.299269699999999830e+03,-4.901838399999999929e+00,2.307876300000000214e+00,5.836794699999999558e+00,7.779064700000000165e+00
1.042456100000000108e+00,3.706804000000000087e+03,3.497067399999999907e+03,3.106025099999999838e+03,2.298387799999999970e+03,-4.783919100000000313e+00,2.392180699999999938e+00,5.923280499999999726e+00,7.904717100000000052e+00
1.043713399999999902e+00,3.704442599999999857e+03,3.494672799999999825e+03,3.104023099999999886e+03,2.297480000000000018e+03,-4.733804600000000029e+00,2.410226100000000038e+00,5.943217999999999890e+00,7.965407599999999810e+00
1.044970699999999919e+00,3.702017100000000028e+03,3.492225699999999961e+03,3.101994599999999991e+03,2.296565799999999854e+03,-4.643793699999999802e+00,2.466583299999999923e+00,6.000339600000000218e+00,8.062964900000000767e+00
1.046227999999999936e+00,3.699698499999999967e+03,3.489871599999999944e+03,3.100029100000000199e+03,2.295678899999999885e+03,-4.577686400000000155e+00,2.501485000000000181e+00,6.035320600000000368e+00,8.141245400000000743e+00
1.047485400000000011e+00,3.697302400000000034e+03,3.487449500000000171e+03,3.098014500000000226e+03,2.294758299999999963e+03,-4.499646900000000116e+00,2.547383099999999789e+00,6.080276399999999803e+00,8.232614099999999269e+00
1.048742700000000028e+00,3.694896299999999883e+03,3.485016000000000076e+03,3.095984599999999773e+03,2.293816699999999855e+03,-4.429859300000000388e+00,2.585855000000000015e+00,6.116372100000000422e+00,8.315097299999999692e+00
1.050000000000000044e+00,3.692522699999999986e+03,3.482612599999999929e+03,3.093982100000000173e+03,2.292886599999999817e+03,-4.380078899999999997e+00,2.604740899999999915e+00,6.133938399999999902e+00,8.380535699999999366e+00
1.051351399999999936e+00,3.687740699999999833e+03,3.476087100000000191e+03,3.087052299999999832e+03,2.286311099999999897e+03,-4.323827299999999596e+00,2.728746500000000186e+00,6.237206800000000051e+00,8.523499199999999831e+00
1.052741300000000102e+00,3.684740899999999783e+03,3.472592799999999897e+03,3.083846199999999953e+03,2.284279799999999796e+03,-4.264059200000000160e+00,2.769029199999999857e+00,6.268198499999999562e+00,8.601199799999999840e+00
1.054131300000000104e+00,3.683099400000000060e+03,3.471359599999999773e+03,3.083302900000000136e+03,2.285359899999999925e+03,-4.133556999999999704e+00,2.849908099999999944e+00,6.349634400000000234e+00,8.728175399999999584e+00
1.055521200000000048e+00,3.681261700000000019e+03,3.469916000000000167e+03,3.082509799999999814e+03,2.286079499999999825e+03,-4.068665799999999777e+00,2.893803699999999868e+00,6.400418199999999835e+00,8.825477899999999210e+00
1.056911200000000051e+00,3.679217000000000098e+03,3.468135000000000218e+03,3.081283199999999852e+03,2.286184699999999793e+03,-3.999461499999999781e+00,2.968788299999999936e+00,6.484893699999999761e+00,8.954966699999999946e+00
1.058301200000000053e+00,3.676951199999999972e+03,3.466040300000000116e+03,3.079695000000000164e+03,2.285815799999999854e+03,-3.968876999999999988e+00,3.018113099999999882e+00,6.542945099999999847e+00,9.057300400000000806e+00
1.059691099999999997e+00,3.674641700000000128e+03,3.463831700000000183e+03,3.077949200000000019e+03,2.285199500000000171e+03,-3.946784399999999859e+00,3.068887500000000212e+00,6.603039100000000161e+00,9.159908500000000231e+00
1.061130700000000093e+00,3.671135499999999865e+03,3.459579799999999977e+03,3.073784999999999854e+03,2.281785100000000057e+03,-3.893426100000000112e+00,3.170578900000000200e+00,6.702361299999999744e+00,9.300101800000000196e+00
1.062570299999999968e+00,3.668877899999999954e+03,3.457439800000000105e+03,3.072164099999999962e+03,2.281385600000000068e+03,-3.931763399999999908e+00,3.172374500000000097e+00,6.716204699999999583e+00,9.356356500000000409e+00
1.064009900000000064e+00,3.666838799999999992e+03,3.455589199999999892e+03,3.070846399999999903e+03,2.281297599999999875e+03,-3.858579600000000109e+00,3.276314300000000124e+00,6.831320200000000398e+00,9.513605099999999481e+00
1.065449499999999938e+00,3.664693200000000161e+03,3.453568000000000211e+03,3.069301899999999932e+03,2.280887099999999919e+03,-3.871762400000000159e+00,3.303310699999999933e+00,6.872258900000000281e+00,9.597176199999999824e+00
1.066889100000000035e+00,3.662495600000000195e+03,3.451450699999999870e+03,3.067642199999999775e+03,2.280309499999999844e+03,-3.826168800000000036e+00,3.389599800000000052e+00,6.965740699999999563e+00,9.732109599999999361e+00
1.068328699999999909e+00,3.660264999999999873e+03,3.449254500000000007e+03,3.065869099999999889e+03,2.279568800000000010e+03,-3.812740999999999936e+00,3.447978599999999894e+00,7.035330000000000084e+00,9.847116700000000833e+00
1.069768300000000005e+00,3.657941899999999805e+03,3.446958399999999983e+03,3.064013399999999820e+03,2.278752300000000105e+03,-3.771619999999999973e+00,3.535137699999999938e+00,7.136174999999999713e+00,9.996096500000000162e+00
1.071207900000000102e+00,3.655605199999999968e+03,3.444629199999999855e+03,3.062110299999999825e+03,2.277876299999999901e+03,-3.725359300000000040e+00,3.628324099999999941e+00,7.243254600000000210e+00,1.015247199999999950e+01
1.072647499999999976e+00,3.653190700000000106e+03,3.442225399999999809e+03,3.060152399999999943e+03,2.276960500000000138e+03,-3.674730299999999783e+00,3.723487599999999897e+00,7.353916599999999804e+00,1.032006799999999913e+01
1.074167099999999930e+00,3.649023700000000190e+03,3.436849200000000110e+03,3.054695600000000013e+03,2.272051100000000133e+03,-3.581450300000000198e+00,3.872899299999999823e+00,7.503732600000000197e+00,1.052951200000000043e+01
1.075686700000000107e+00,3.646857300000000123e+03,3.434798299999999927e+03,3.053217299999999796e+03,2.271869099999999889e+03,-3.532924099999999790e+00,3.962007900000000138e+00,7.612074200000000346e+00,1.070147900000000085e+01
1.077206300000000061e+00,3.644833500000000186e+03,3.433027199999999993e+03,3.052053899999999885e+03,2.272056999999999789e+03,-3.458476699999999848e+00,4.057389299999999643e+00,7.728467300000000151e+00,1.088622400000000034e+01
1.078630900000000059e+00,3.644876299999999901e+03,3.434723199999999906e+03,3.054911599999999908e+03,2.276757900000000063e+03,-3.433245799999999903e+00,4.096999199999999952e+00,7.814716400000000007e+00,1.104126300000000072e+01
1.080055500000000057e+00,3.642426399999999830e+03,3.432242400000000089e+03,3.052757500000000164e+03,2.275419600000000173e+03,-3.368681500000000106e+00,4.188108899999999579e+00,7.931051100000000353e+00,1.122153499999999937e+01
1.081480100000000055e+00,3.639790500000000065e+03,3.429333999999999833e+03,3.050068200000000161e+03,2.273411099999999806e+03,-3.320326699999999853e+00,4.287256300000000131e+00,8.058262600000000830e+00,1.141068500000000085e+01
1.082904700000000053e+00,3.637123500000000149e+03,3.426473300000000108e+03,3.047534900000000107e+03,2.271698400000000220e+03,-3.276303500000000035e+00,4.369245399999999613e+00,8.168938799999999389e+00,1.158616199999999985e+01
1.084219700000000008e+00,3.637390899999999874e+03,3.428530600000000049e+03,3.050798099999999977e+03,2.276710500000000138e+03,-3.251617899999999839e+00,4.401022300000000165e+00,8.257244599999999934e+00,1.173742099999999944e+01
1.085534800000000022e+00,3.634724099999999908e+03,3.425579600000000028e+03,3.048017100000000028e+03,2.274449999999999818e+03,-3.176288599999999906e+00,4.508552899999999752e+00,8.397788500000000766e+00,1.193909599999999926e+01
1.086849799999999977e+00,3.631751099999999951e+03,3.422117600000000039e+03,3.044671499999999924e+03,2.271575100000000020e+03,-3.127428699999999839e+00,4.608382699999999943e+00,8.531355400000000699e+00,1.212985499999999917e+01
1.088045300000000104e+00,3.632738299999999981e+03,3.425140400000000227e+03,3.048977899999999863e+03,2.277590000000000146e+03,-3.102952999999999850e+00,4.611464699999999972e+00,8.597045400000000726e+00,1.225508199999999981e+01
1.089240699999999951e+00,3.630219500000000153e+03,3.422108999999999924e+03,3.045915199999999913e+03,2.274703899999999976e+03,-3.063556199999999841e+00,4.692100899999999797e+00,8.713962699999999728e+00,1.243025100000000016e+01
1.090436200000000078e+00,3.627273999999999887e+03,3.418449799999999868e+03,3.042202200000000175e+03,2.271166099999999915e+03,-3.038001899999999811e+00,4.771467799999999926e+00,8.829644800000000515e+00,1.260095199999999949e+01
1.091802500000000009e+00,3.619969399999999951e+03,3.407448600000000170e+03,3.029863199999999779e+03,2.257861499999999978e+03,-2.960647999999999946e+00,4.964070000000000427e+00,9.027490399999999582e+00,1.287399399999999972e+01
1.092973500000000042e+00,3.623802700000000186e+03,3.414805299999999988e+03,3.039387400000000071e+03,2.270320400000000063e+03,-2.946390399999999854e+00,4.917104799999999720e+00,9.069896699999999257e+00,1.298583700000000007e+01
1.094144599999999912e+00,3.622475600000000213e+03,3.413486899999999878e+03,3.038307699999999841e+03,2.269911700000000110e+03,-2.851051399999999791e+00,5.007034599999999891e+00,9.208624300000000318e+00,1.320402400000000043e+01
1.095315700000000003e+00,3.619784299999999803e+03,3.410325100000000020e+03,3.035199200000000019e+03,2.267223700000000008e+03,-2.783733400000000024e+00,5.110865000000000435e+00,9.358924099999999413e+00,1.341924599999999934e+01
1.096486800000000095e+00,3.617339100000000144e+03,3.407478000000000065e+03,3.032478900000000067e+03,2.265038500000000113e+03,-2.724408500000000011e+00,5.196271600000000213e+00,9.494649700000000081e+00,1.363616700000000037e+01
1.097657799999999906e+00,3.615022399999999834e+03,3.404854899999999816e+03,3.030058700000000044e+03,2.263296600000000126e+03,-2.653489599999999893e+00,5.298917399999999667e+00,9.650394600000000267e+00,1.387554300000000040e+01
1.098828899999999997e+00,3.612900299999999788e+03,3.402504199999999855e+03,3.027957499999999982e+03,2.261962100000000191e+03,-2.548615600000000203e+00,5.424407800000000002e+00,9.831624599999999603e+00,1.414756200000000064e+01
1.100000000000000089e+00,3.610817799999999806e+03,3.400245899999999892e+03,3.025978200000000015e+03,2.260807299999999941e+03,-2.472370999999999874e+00,5.518102800000000308e+00,9.985603199999999902e+00,1.440016299999999916e+01
1.101190499999999961e+00,3.608314699999999903e+03,3.397199700000000121e+03,3.023023299999999836e+03,2.258496200000000044e+03,-2.326328999999999869e+00,5.688596200000000103e+00,1.021567300000000067e+01,1.473660100000000028e+01
1.102352599999999905e+00,3.607772599999999784e+03,3.397103399999999965e+03,3.023459299999999985e+03,2.260055600000000140e+03,-2.232470399999999966e+00,5.776250700000000293e+00,1.037822700000000076e+01,1.500642599999999938e+01
1.103543799999999964e+00,3.605598800000000210e+03,3.394210799999999836e+03,3.020471500000000106e+03,2.257469099999999798e+03,-2.122369099999999786e+00,5.911368900000000259e+00,1.057200600000000001e+01,1.532287700000000008e+01
1.104871099999999995e+00,3.599783199999999852e+03,3.385894800000000032e+03,3.011379500000000007e+03,2.248171100000000024e+03,-2.006832199999999844e+00,6.100477399999999939e+00,1.081122200000000078e+01,1.571440199999999976e+01
1.106238700000000019e+00,3.598177799999999934e+03,3.383797999999999774e+03,3.009528899999999794e+03,2.247415100000000166e+03,-1.839197900000000052e+00,6.268529400000000251e+00,1.106481600000000043e+01,1.613733600000000123e+01
1.107606199999999985e+00,3.597592599999999948e+03,3.383739599999999882e+03,3.010238100000000031e+03,2.249869799999999941e+03,-1.741810599999999987e+00,6.333652299999999791e+00,1.122994399999999970e+01,1.647477299999999900e+01
1.108973699999999951e+00,3.595729800000000068e+03,3.382478700000000117e+03,3.009830800000000181e+03,2.251262600000000020e+03,-1.569110900000000086e+00,6.478016499999999844e+00,1.148413700000000048e+01,1.691552799999999834e+01
1.110341299999999976e+00,3.593872699999999895e+03,3.381028099999999995e+03,3.009020899999999983e+03,2.251888300000000072e+03,-1.388089600000000035e+00,6.642016100000000201e+00,1.176827600000000018e+01,1.740217799999999926e+01
1.111810100000000023e+00,3.589141299999999774e+03,3.375105399999999918e+03,3.003029500000000098e+03,2.246478099999999813e+03,-1.188211600000000034e+00,6.855693800000000060e+00,1.209113600000000055e+01,1.797731500000000082e+01
1.113278999999999908e+00,3.587298299999999927e+03,3.373596100000000206e+03,3.002191499999999905e+03,2.247117299999999886e+03,-1.014718400000000020e+00,7.026398799999999945e+00,1.240484000000000009e+01,1.850394400000000061e+01
1.114747799999999955e+00,3.585534999999999854e+03,3.372300600000000031e+03,3.001615099999999984e+03,2.248046699999999873e+03,-8.175564699999999796e-01,7.208683500000000244e+00,1.273970300000000044e+01,1.911525999999999925e+01
1.116157899999999925e+00,3.584930499999999938e+03,3.372926800000000185e+03,3.003230900000000020e+03,2.251401100000000042e+03,-6.739820399999999490e-01,7.343579599999999985e+00,1.304347199999999951e+01,1.965683900000000150e+01
1.117567999999999895e+00,3.582563299999999799e+03,3.370739500000000135e+03,3.001494999999999891e+03,2.250636899999999969e+03,-5.121190300000000306e-01,7.512586999999999904e+00,1.337846000000000046e+01,2.028757699999999886e+01
1.118978100000000087e+00,3.580028600000000097e+03,3.368199000000000069e+03,2.999308799999999792e+03,2.249268500000000131e+03,-3.418846300000000227e-01,7.714880299999999913e+00,1.376105599999999995e+01,2.096128300000000166e+01
1.120388200000000056e+00,3.577607800000000225e+03,3.365763600000000224e+03,2.997255400000000009e+03,2.248053800000000138e+03,-1.928856999999999933e-01,7.892599699999999885e+00,1.412916700000000070e+01,2.165138999999999925e+01
1.121734100000000067e+00,3.577014299999999821e+03,3.366197599999999966e+03,2.998523700000000190e+03,2.250691800000000057e+03,-4.716943099999999778e-02,8.053618399999999511e+00,1.450199699999999936e+01,2.232732899999999887e+01
1.123080099999999915e+00,3.574530699999999797e+03,3.363624400000000151e+03,2.996244099999999889e+03,2.249067000000000007e+03,6.894246900000000622e-02,8.205274100000000459e+00,1.485975700000000010e+01,2.303541699999999892e+01
1.124362000000000084e+00,3.573778400000000147e+03,3.363783899999999903e+03,2.997144699999999830e+03,2.251134300000000167e+03,1.770730399999999871e-01,8.339776300000000475e+00,1.522943500000000050e+01,2.372837699999999828e+01
1.125582899999999942e+00,3.573100699999999961e+03,3.364018799999999828e+03,2.998078700000000026e+03,2.253113299999999981e+03,2.714479300000000039e-01,8.461766900000000646e+00,1.559320999999999913e+01,2.445326100000000125e+01
1.126803800000000022e+00,3.570063400000000001e+03,3.360545000000000073e+03,2.994660499999999956e+03,2.249923499999999876e+03,3.509703000000000128e-01,8.613983400000000401e+00,1.595946200000000026e+01,2.516957999999999984e+01
1.128168199999999954e+00,3.562647699999999986e+03,3.350132399999999961e+03,2.983282099999999900e+03,2.237693600000000060e+03,4.882790000000000186e-01,8.864724199999999499e+00,1.646127500000000055e+01,2.615010699999999844e+01
1.129532699999999945e+00,3.560525900000000092e+03,3.347829200000000128e+03,2.981454699999999775e+03,2.236943999999999960e+03,6.167257800000000012e-01,9.059424500000000435e+00,1.698208800000000096e+01,2.710577500000000128e+01
1.130897199999999936e+00,3.558988299999999981e+03,3.346521000000000186e+03,2.980812800000000152e+03,2.237719000000000051e+03,7.205681299999999734e-01,9.176184400000000352e+00,1.747711400000000026e+01,2.823906099999999952e+01
1.132170700000000085e+00,3.559889099999999871e+03,3.349152700000000095e+03,2.984685800000000199e+03,2.243635999999999967e+03,8.193743599999999683e-01,9.283753499999999548e+00,1.796397699999999986e+01,2.919042100000000062e+01
1.133444200000000013e+00,3.557612099999999828e+03,3.346897599999999784e+03,2.982774499999999989e+03,2.242549100000000180e+03,8.758444399999999463e-01,9.353770100000000198e+00,1.843671000000000149e+01,3.023020500000000155e+01
1.134717799999999999e+00,3.554845600000000104e+03,3.343916900000000169e+03,2.980031199999999899e+03,2.240472999999999956e+03,9.459028299999999723e-01,9.479363799999999785e+00,1.899092699999999923e+01,3.122578299999999984e+01
1.135991299999999926e+00,3.552335199999999986e+03,3.341222900000000209e+03,2.977622800000000097e+03,2.238805800000000090e+03,1.044762900000000050e+00,9.624215899999999380e+00,1.962374900000000011e+01,3.242101199999999750e+01
1.137158700000000078e+00,3.553495600000000195e+03,3.344295300000000225e+03,2.981940599999999904e+03,2.245007599999999911e+03,1.142469399999999968e+00,9.729889999999999262e+00,2.024786299999999883e+01,3.360767899999999742e+01
1.138442799999999977e+00,3.546906399999999849e+03,3.335249400000000151e+03,2.972041900000000169e+03,2.234404599999999846e+03,1.183925499999999964e+00,9.824612200000000684e+00,2.086921900000000107e+01,3.489351599999999820e+01
1.139887499999999942e+00,3.539792600000000220e+03,3.325426599999999780e+03,2.961536900000000060e+03,2.223653600000000097e+03,1.435329700000000042e+00,1.013043300000000002e+01,2.181763300000000072e+01,3.660681000000000296e+01
1.141332100000000072e+00,3.538575400000000172e+03,3.324447999999999865e+03,2.961343199999999797e+03,2.225215499999999793e+03,1.640811800000000042e+00,1.034071100000000065e+01,2.280298799999999915e+01,3.854080400000000139e+01
1.142776800000000037e+00,3.537335700000000088e+03,3.323778899999999794e+03,2.961573199999999815e+03,2.227385299999999916e+03,1.822260200000000108e+00,1.048586899999999922e+01,2.381800799999999896e+01,4.068344100000000196e+01
1.144582599999999895e+00,3.528847699999999804e+03,3.311691400000000158e+03,2.948522399999999834e+03,2.214119599999999991e+03,2.159169299999999847e+00,1.066970199999999913e+01,2.520093699999999970e+01,4.343356699999999648e+01
1.146388399999999974e+00,3.527557400000000143e+03,3.311114599999999882e+03,2.949161799999999857e+03,2.217354800000000068e+03,2.494285099999999922e+00,1.100595700000000043e+01,2.689850799999999964e+01,4.671633800000000036e+01
1.148194200000000054e+00,3.526590999999999894e+03,3.311217999999999847e+03,2.950504500000000007e+03,2.221329699999999775e+03,2.797578699999999863e+00,1.120077000000000034e+01,2.872443300000000121e+01,5.046139500000000311e+01
1.149999999999999911e+00,3.524574700000000121e+03,3.310011500000000069e+03,2.950258400000000165e+03,2.223203100000000177e+03,3.109462900000000030e+00,1.150958299999999923e+01,3.084427099999999911e+01,5.445446599999999648e+01
1.151851900000000040e+00,3.521375700000000052e+03,3.306910100000000057e+03,2.947734300000000076e+03,2.222205699999999979e+03,3.494680600000000137e+00,1.184772000000000070e+01,3.322023599999999988e+01,5.874320300000000117e+01
1.153703700000000110e+00,3.518526299999999992e+03,3.304488800000000083e+03,2.946032799999999952e+03,2.222128099999999904e+03,3.717575599999999980e+00,1.211257499999999965e+01,3.588603200000000015e+01,6.352990599999999688e+01
1.155555600000000016e+00,3.515768500000000131e+03,3.302080300000000079e+03,2.944279100000000199e+03,2.221866599999999835e+03,4.001917699999999911e+00,1.241979500000000058e+01,3.872763799999999890e+01,6.903879200000000083e+01
1.157407400000000086e+00,3.512818800000000010e+03,3.299389700000000175e+03,2.942203300000000127e+03,2.221190099999999802e+03,4.374940200000000168e+00,1.282376400000000061e+01,4.196143599999999907e+01,7.518131700000000706e+01
1.159259299999999993e+00,3.509755000000000109e+03,3.296508400000000165e+03,2.939919100000000071e+03,2.220280999999999949e+03,4.859762899999999775e+00,1.333288100000000043e+01,4.554338899999999768e+01,8.151699399999999684e+01
1.161111100000000063e+00,3.506654899999999998e+03,3.293535600000000159e+03,2.937520899999999983e+03,2.219215099999999893e+03,5.321522400000000097e+00,1.382659899999999986e+01,4.945178099999999688e+01,8.858475400000000377e+01
1.162962999999999969e+00,3.503804999999999836e+03,3.290755000000000109e+03,2.935265100000000075e+03,2.218223899999999958e+03,5.831824300000000072e+00,1.437793300000000052e+01,5.381895800000000207e+01,9.640691599999999539e+01
1.164814800000000039e+00,3.500889900000000125e+03,3.287885099999999966e+03,2.932922000000000025e+03,2.217156300000000101e+03,6.297423199999999888e+00,1.489635900000000035e+01,5.870980600000000038e+01,1.051809700000000021e+02
1.166666699999999945e+00,3.498083700000000135e+03,3.285097299999999905e+03,2.930648299999999836e+03,2.216168299999999817e+03,6.936347699999999783e+00,1.561212300000000042e+01,6.431800800000000606e+01,1.147419799999999981e+02
1.168518500000000016e+00,3.495366100000000188e+03,3.282381199999999808e+03,2.928434400000000096e+03,2.215238600000000133e+03,7.641259299999999755e+00,1.638762900000000045e+01,7.071377200000000585e+01,1.255869000000000000e+02
1.170370399999999922e+00,3.492542100000000119e+03,3.279559699999999793e+03,2.926138800000000174e+03,2.214290100000000166e+03,8.482892700000000730e+00,1.729517999999999844e+01,7.815688099999999849e+01,1.386940199999999948e+02
1.172222199999999992e+00,3.489756199999999808e+03,3.276771400000000085e+03,2.923875399999999900e+03,2.213400200000000041e+03,9.460353200000000129e+00,1.830964499999999973e+01,8.697918699999999603e+01,1.551802199999999914e+02
1.174206300000000036e+00,3.484972800000000007e+03,3.270716899999999896e+03,2.917882399999999961e+03,2.208267699999999877e+03,1.054144600000000054e+01,1.943507500000000121e+01,9.770753999999999451e+01,1.732564900000000137e+02
1.176190499999999917e+00,3.482593400000000202e+03,3.268435800000000199e+03,2.916289299999999912e+03,2.208440700000000106e+03,1.192063600000000001e+01,2.073376899999999878e+01,1.098597599999999943e+02,1.928569300000000055e+02
1.178021999999999903e+00,3.482557400000000143e+03,3.270111300000000028e+03,2.919242999999999938e+03,2.213937600000000202e+03,1.303423100000000012e+01,2.171437200000000090e+01,1.225502699999999976e+02,2.130728799999999978e+02
1.180020000000000069e+00,3.477464199999999892e+03,3.263432600000000093e+03,2.912386500000000069e+03,2.207712100000000191e+03,1.481395900000000054e+01,2.364732000000000056e+01,1.369859700000000089e+02,2.340218900000000133e+02
1.182018000000000013e+00,3.473977199999999812e+03,3.259946399999999812e+03,2.909620600000000195e+03,2.206830399999999827e+03,1.644326900000000080e+01,2.506566899999999976e+01,1.523306499999999915e+02,2.578141200000000026e+02
1.184015999999999957e+00,3.471525700000000143e+03,3.257664499999999862e+03,2.908039699999999812e+03,2.207188900000000103e+03,1.864349199999999840e+01,2.739061099999999982e+01,1.706993600000000129e+02,2.873460099999999784e+02
1.186013999999999902e+00,3.468364700000000084e+03,3.254664400000000114e+03,2.905774300000000039e+03,2.206904599999999846e+03,2.038929999999999865e+01,2.896623999999999910e+01,1.909755800000000079e+02,3.156984499999999798e+02
1.187762200000000101e+00,3.469671800000000076e+03,3.258612399999999980e+03,2.911305199999999786e+03,2.215525799999999890e+03,2.217934699999999992e+01,3.078024800000000027e+01,2.123641299999999887e+02,3.514257999999999811e+02
1.189510499999999915e+00,3.466391399999999976e+03,3.255120699999999943e+03,2.908028299999999945e+03,2.213305100000000039e+03,2.395878499999999889e+01,3.299908500000000089e+01,2.326674099999999896e+02,3.868831500000000005e+02
1.191258699999999893e+00,3.462446800000000167e+03,3.250608700000000226e+03,2.903639900000000125e+03,2.209842700000000150e+03,2.539879799999999932e+01,3.466291799999999768e+01,2.518888200000000097e+02,4.269333399999999870e+02
1.193006999999999929e+00,3.459595899999999801e+03,3.247308399999999892e+03,2.900546800000000076e+03,2.207708299999999781e+03,2.742177099999999967e+01,3.718784899999999993e+01,2.734282900000000041e+02,4.743162199999999871e+02
1.194755199999999906e+00,3.456354800000000068e+03,3.243723500000000058e+03,2.897320499999999811e+03,2.205777799999999843e+03,2.873752500000000154e+01,3.918515299999999968e+01,2.953283999999999878e+02,5.195585200000000441e+02
1.196503499999999942e+00,3.453866700000000037e+03,3.241018000000000029e+03,2.895048099999999977e+03,2.204927999999999884e+03,3.069660899999999870e+01,4.223430599999999657e+01,3.198677799999999820e+02,5.650105700000000297e+02
1.198251699999999920e+00,3.450842000000000098e+03,3.237802499999999782e+03,2.892326799999999821e+03,2.203869400000000041e+03,3.275066999999999950e+01,4.446054600000000079e+01,3.447734399999999937e+02,5.965863900000000513e+02
1.199999999999999956e+00,3.448953899999999976e+03,3.235752599999999802e+03,2.890708500000000186e+03,2.203794699999999921e+03,3.564541799999999938e+01,4.779455800000000210e+01,3.737704299999999762e+02,6.360063400000000229e+02
1.201562500000000089e+00,3.450803100000000086e+03,3.239647699999999986e+03,2.895865600000000086e+03,2.211695799999999963e+03,3.754679500000000303e+01,4.986651599999999718e+01,4.081065800000000081e+02,6.860337799999999788e+02
1.203076199999999929e+00,3.448955800000000181e+03,3.238206900000000132e+03,2.894923200000000179e+03,2.212204000000000178e+03,4.023229599999999806e+01,5.317985900000000044e+01,4.396748900000000049e+02,7.297051599999999780e+02
1.204589799999999933e+00,3.444435500000000047e+03,3.233123199999999997e+03,2.889992600000000039e+03,2.208223800000000210e+03,4.230281099999999839e+01,5.546927999999999770e+01,4.676055600000000254e+02,7.620584999999999809e+02
1.206054699999999924e+00,3.442614999999999782e+03,3.231441800000000057e+03,2.888780000000000200e+03,2.208405099999999948e+03,4.553097999999999956e+01,5.912052400000000318e+01,4.949763800000000060e+02,7.987889599999999746e+02
1.207519500000000079e+00,3.439034700000000157e+03,3.227367600000000039e+03,2.884899399999999787e+03,2.205444300000000112e+03,4.768553299999999950e+01,6.246609800000000234e+01,5.245120399999999563e+02,8.282951199999999972e+02
1.208935499999999941e+00,3.437473100000000159e+03,3.226084299999999985e+03,2.884215700000000197e+03,2.206413900000000012e+03,5.069421200000000027e+01,6.672238099999999861e+01,5.284538700000000517e+02,8.477502700000000004e+02
1.210351600000000083e+00,3.434624400000000151e+03,3.222813599999999951e+03,2.881174799999999777e+03,2.204456200000000081e+03,5.367246800000000206e+01,7.124359699999999407e+01,5.217586300000000392e+02,8.632402700000000095e+02
1.211718800000000096e+00,3.433299700000000030e+03,3.221845100000000002e+03,2.880876800000000003e+03,2.206026899999999841e+03,5.682039600000000235e+01,7.519616999999999507e+01,5.066491399999999885e+02,8.813539799999999786e+02
1.213085900000000050e+00,3.430766099999999824e+03,3.218911900000000060e+03,2.878167399999999816e+03,2.204461200000000190e+03,6.048612700000000331e+01,7.937222099999999614e+01,4.908268499999999790e+02,8.982569700000000239e+02
1.214404299999999992e+00,3.429708500000000186e+03,3.218260600000000068e+03,2.878218899999999849e+03,2.206532799999999952e+03,6.448383099999999502e+01,8.319150899999999638e+01,4.727189500000000066e+02,9.021833199999999806e+02
1.215722699999999934e+00,3.427144600000000082e+03,3.215255400000000009e+03,2.875309799999999996e+03,2.204494400000000041e+03,6.763582800000000361e+01,8.688965000000000316e+01,4.489525399999999991e+02,8.999998699999999872e+02
1.217041000000000039e+00,3.424688000000000102e+03,3.212383100000000013e+03,2.872700400000000172e+03,2.203188000000000102e+03,7.164938700000000438e+01,9.094551800000000696e+01,4.240947499999999764e+02,8.938141200000000026e+02
1.218308699999999911e+00,3.424282000000000153e+03,3.212516799999999876e+03,2.873581799999999930e+03,2.206149699999999939e+03,7.607591999999999643e+01,9.537443299999999624e+01,4.035315699999999879e+02,8.932834299999999530e+02
1.219576299999999947e+00,3.422359100000000126e+03,3.210303600000000188e+03,2.871729699999999866e+03,2.205849700000000212e+03,8.396584099999999751e+01,1.012427799999999962e+02,3.764252999999999929e+02,8.832928200000000061e+02
1.220844000000000040e+00,3.419984199999999873e+03,3.207529500000000098e+03,2.869136399999999867e+03,2.204320600000000013e+03,8.659173599999999738e+01,1.017397699999999929e+02,3.509379000000000133e+02,8.702048999999999523e+02
1.222058799999999890e+00,3.419903200000000197e+03,3.208081099999999878e+03,2.870491199999999935e+03,2.207895100000000184e+03,9.150564500000000123e+01,1.069751100000000008e+02,3.406532900000000268e+02,8.624839100000000371e+02
1.223273599999999961e+00,3.417668599999999969e+03,3.205465299999999843e+03,2.867935699999999997e+03,2.206152799999999843e+03,9.505704799999999466e+01,1.090919300000000050e+02,3.258577799999999911e+02,8.450695500000000493e+02
1.224488500000000091e+00,3.415506699999999910e+03,3.202916000000000167e+03,2.865608799999999974e+03,2.205180299999999988e+03,1.020268800000000056e+02,1.215596699999999970e+02,3.100150699999999802e+02,8.310925600000000486e+02
1.225648099999999907e+00,3.415689600000000155e+03,3.203803300000000036e+03,2.867248599999999897e+03,2.208886700000000019e+03,1.056332699999999960e+02,1.281056800000000067e+02,2.981425600000000031e+02,8.192145900000000438e+02
1.226807699999999945e+00,3.413645700000000033e+03,3.201361699999999928e+03,2.864815399999999954e+03,2.207174300000000130e+03,1.095792799999999971e+02,1.352729799999999898e+02,2.878592899999999872e+02,8.035409499999999525e+02
1.227967299999999984e+00,3.411697700000000168e+03,3.199036799999999857e+03,2.862704799999999977e+03,2.206265199999999822e+03,1.154715800000000030e+02,1.419651200000000131e+02,2.773058399999999892e+02,7.834601699999999482e+02
1.229068999999999967e+00,3.412416000000000167e+03,3.200579499999999825e+03,2.865064899999999852e+03,2.210775999999999840e+03,1.214275599999999997e+02,1.480151400000000024e+02,2.693076599999999985e+02,7.717358400000000529e+02
1.230170599999999892e+00,3.410820799999999963e+03,3.198635200000000168e+03,2.863262000000000171e+03,2.210074200000000019e+03,1.279298900000000003e+02,1.551655199999999866e+02,2.615394900000000007e+02,7.577503199999999879e+02
1.231272200000000039e+00,3.409049300000000130e+03,3.196457800000000134e+03,2.861240800000000036e+03,2.209123399999999947e+03,1.338700599999999952e+02,1.622864600000000053e+02,2.551111799999999903e+02,7.420217599999999720e+02
1.232312700000000039e+00,3.410367999999999938e+03,3.198752399999999852e+03,2.864462199999999939e+03,2.214728399999999965e+03,1.408052999999999884e+02,1.691462400000000059e+02,2.509665400000000091e+02,7.349760700000000497e+02
1.233353099999999980e+00,3.409045500000000175e+03,3.197074799999999868e+03,2.862908899999999903e+03,2.214235200000000077e+03,1.480229799999999898e+02,1.766992600000000095e+02,2.484324300000000108e+02,7.212606899999999541e+02
1.234393499999999921e+00,3.407479899999999816e+03,3.195093899999999849e+03,2.861134599999999864e+03,2.213708399999999983e+03,1.561899999999999977e+02,1.846341299999999990e+02,2.473574500000000000e+02,7.080932299999999486e+02
1.235368900000000103e+00,3.409491500000000087e+03,3.198258299999999963e+03,2.865324900000000071e+03,2.220473700000000008e+03,1.635083199999999977e+02,1.919585199999999929e+02,2.470420900000000017e+02,7.027185500000000502e+02
1.236344300000000063e+00,3.408385299999999916e+03,3.196785499999999956e+03,2.863963999999999942e+03,2.220097900000000209e+03,1.713853000000000009e+02,2.003620300000000043e+02,2.479120699999999999e+02,6.908425200000000359e+02
1.237319700000000022e+00,3.406998599999999897e+03,3.194937500000000000e+03,2.862274699999999939e+03,2.219541999999999916e+03,1.792530600000000049e+02,2.088468900000000019e+02,2.479060800000000029e+02,6.776977299999999786e+02
1.238225499999999979e+00,3.409856800000000021e+03,3.199204900000000180e+03,2.867745600000000195e+03,2.227908899999999903e+03,1.875783399999999972e+02,2.167592300000000023e+02,2.457138600000000110e+02,6.706675099999999929e+02
1.239131200000000099e+00,3.408883100000000013e+03,3.197800900000000183e+03,2.866362799999999879e+03,2.227330899999999929e+03,1.957582800000000134e+02,2.255995699999999999e+02,2.526616899999999930e+02,6.545143500000000358e+02
1.240036899999999997e+00,3.407500000000000000e+03,3.195916000000000167e+03,2.864614900000000034e+03,2.226651100000000042e+03,2.041591799999999921e+02,2.344919999999999902e+02,2.586906099999999924e+02,6.421358999999999924e+02
1.240942699999999954e+00,3.406753000000000156e+03,3.194743899999999940e+03,2.863640199999999822e+03,2.226854499999999916e+03,2.133366599999999949e+02,2.442610400000000084e+02,2.663372899999999959e+02,6.311111300000000028e+02
1.241766099999999984e+00,3.411266200000000026e+03,3.201285199999999804e+03,2.871786399999999958e+03,2.238565799999999854e+03,2.222725199999999859e+02,2.521306299999999965e+02,2.716885899999999765e+02,6.270115600000000313e+02
1.242589500000000013e+00,3.410829099999999926e+03,3.200425099999999929e+03,2.870892899999999827e+03,2.238360099999999875e+03,2.321830500000000086e+02,2.625846099999999979e+02,2.803050799999999754e+02,6.175406900000000405e+02
1.243412799999999985e+00,3.409557600000000093e+03,3.198604499999999916e+03,2.869177200000000084e+03,2.237620600000000195e+03,2.418675800000000038e+02,2.726612799999999766e+02,2.886726300000000265e+02,6.105542799999999488e+02
1.244236200000000014e+00,3.409056599999999889e+03,3.197614199999999983e+03,2.868314699999999903e+03,2.237782099999999900e+03,2.525798499999999933e+02,2.837403699999999844e+02,2.982359500000000025e+02,6.044058499999999867e+02
1.245059600000000044e+00,3.408962100000000191e+03,3.197174500000000080e+03,2.868193800000000010e+03,2.239083599999999933e+03,2.638344700000000103e+02,2.951405599999999936e+02,3.082792099999999778e+02,5.990148599999999988e+02
1.245883000000000074e+00,3.409298999999999978e+03,3.197262799999999970e+03,2.868680499999999938e+03,2.241167500000000018e+03,2.758553499999999872e+02,3.071744400000000041e+02,3.191087200000000053e+02,5.945016900000000533e+02
1.246706400000000103e+00,3.409945000000000164e+03,3.197740099999999984e+03,2.869643199999999979e+03,2.243922500000000127e+03,2.887257099999999923e+02,3.199741500000000087e+02,3.308299600000000282e+02,5.915008699999999635e+02
1.247529799999999911e+00,3.410877700000000004e+03,3.198566800000000057e+03,2.871022699999999986e+03,2.247248300000000199e+03,3.023664600000000178e+02,3.334633499999999913e+02,3.433589600000000246e+02,5.897332999999999856e+02
1.248353199999999941e+00,3.412015499999999975e+03,3.199637999999999920e+03,2.872670200000000023e+03,2.250897699999999986e+03,3.166363099999999804e+02,3.483431600000000117e+02,3.567966599999999744e+02,5.890613399999999729e+02
1.249176599999999970e+00,3.413402199999999993e+03,3.201002300000000105e+03,2.874663700000000063e+03,2.255021400000000085e+03,3.321740599999999972e+02,3.635354600000000005e+02,3.713128100000000131e+02,5.898424499999999853e+02
1.250000000000000000e+00,3.415062300000000050e+03,3.202679500000000189e+03,2.877032200000000103e+03,2.259680299999999988e+03,3.490283900000000017e+02,3.784104300000000194e+02,3.869004600000000096e+02,5.920218399999999974e+02
1.250694399999999984e+00,3.425207800000000134e+03,3.216826199999999972e+03,2.893530299999999897e+03,2.280604499999999916e+03,3.653099199999999769e+02,3.884397500000000036e+02,3.975139500000000226e+02,5.972028400000000374e+02
1.251379199999999914e+00,3.427216499999999996e+03,3.219078199999999924e+03,2.896309600000000046e+03,2.285463600000000042e+03,3.829654600000000073e+02,4.031601900000000001e+02,4.129968299999999886e+02,6.004884899999999561e+02
1.252054500000000070e+00,3.427309900000000198e+03,3.218848700000000008e+03,2.896197099999999864e+03,2.286502500000000055e+03,3.985107899999999859e+02,4.166671200000000113e+02,4.272139399999999796e+02,6.025719599999999900e+02
1.252729800000000004e+00,3.427463999999999942e+03,3.218443999999999960e+03,2.896014700000000175e+03,2.287855500000000120e+03,4.156672699999999736e+02,4.320749999999999886e+02,4.435572300000000041e+02,6.049610099999999875e+02
1.253395599999999943e+00,3.428796499999999924e+03,3.219599200000000110e+03,2.897573100000000068e+03,2.291176300000000083e+03,4.323360500000000002e+02,4.467633299999999963e+02,4.592612599999999929e+02,6.071096599999999626e+02
1.254051999999999945e+00,3.430626299999999901e+03,3.221447299999999814e+03,2.900053199999999833e+03,2.295810599999999795e+03,4.501132400000000189e+02,4.625379899999999793e+02,4.753200499999999806e+02,6.146182199999999511e+02
1.254708399999999946e+00,3.431902900000000045e+03,3.222400900000000092e+03,2.901452999999999975e+03,2.299135400000000118e+03,4.677062099999999987e+02,4.787469500000000266e+02,4.922817800000000261e+02,6.207258299999999736e+02
1.255355400000000010e+00,3.434293900000000122e+03,3.224872899999999845e+03,2.904618300000000090e+03,2.304627800000000207e+03,4.864243599999999788e+02,4.953489200000000210e+02,5.093534900000000221e+02,6.289549799999999777e+02
1.256002400000000074e+00,3.436255099999999857e+03,3.226652700000000095e+03,2.907036300000000210e+03,2.309440999999999804e+03,5.057368999999999915e+02,5.128727199999999584e+02,5.275757499999999709e+02,6.377111999999999625e+02
1.256640100000000038e+00,3.439023299999999836e+03,3.229635400000000118e+03,2.910866100000000188e+03,2.315994299999999839e+03,5.254414100000000190e+02,5.304343099999999822e+02,5.456369300000000067e+02,6.472484600000000228e+02
1.257277699999999943e+00,3.441426699999999983e+03,3.231961899999999787e+03,2.913969000000000051e+03,2.321880999999999858e+03,5.457159199999999828e+02,5.492659300000000258e+02,5.648402099999999564e+02,6.584592199999999593e+02
1.257905999999999969e+00,3.444583500000000186e+03,3.235392800000000079e+03,2.918325699999999870e+03,2.329225800000000163e+03,5.661887199999999893e+02,5.679586799999999585e+02,5.838650099999999838e+02,6.693003099999999677e+02
1.258534299999999995e+00,3.447305100000000039e+03,3.238102499999999964e+03,2.921879300000000057e+03,2.335759599999999864e+03,5.873738499999999476e+02,5.879301500000000260e+02,6.041968299999999772e+02,6.813255199999999832e+02
1.259153200000000083e+00,3.450706299999999828e+03,3.241821399999999812e+03,2.926570999999999913e+03,2.343576199999999972e+03,6.085941400000000385e+02,6.075557499999999891e+02,6.241764500000000453e+02,6.933970600000000104e+02
1.259772099999999950e+00,3.453702000000000226e+03,3.244853200000000015e+03,2.930499400000000151e+03,2.350627199999999903e+03,6.307397399999999834e+02,6.287100900000000365e+02,6.456985799999999927e+02,7.071200800000000299e+02
1.260390899999999981e+00,3.456695799999999963e+03,3.247855300000000170e+03,2.934388399999999820e+03,2.357608999999999924e+03,6.528715200000000323e+02,6.500189599999999928e+02,6.673701800000000048e+02,7.219532000000000380e+02
1.261000300000000074e+00,3.460589100000000144e+03,3.252146900000000187e+03,2.939751600000000053e+03,2.366349600000000009e+03,6.754509699999999839e+02,6.712103600000000370e+02,6.889193699999999581e+02,7.370704500000000507e+02
1.261609699999999945e+00,3.463915899999999965e+03,3.255553399999999783e+03,2.944116599999999835e+03,2.373987399999999980e+03,6.984909499999999980e+02,6.935015300000000025e+02,7.115782900000000382e+02,7.529098400000000311e+02
1.262219100000000038e+00,3.467247600000000148e+03,3.258948800000000119e+03,2.948465200000000095e+03,2.381608299999999872e+03,7.217679200000000037e+02,7.161449800000000323e+02,7.345764199999999846e+02,7.694103199999999561e+02
1.262828400000000073e+00,3.470460900000000038e+03,3.262169699999999921e+03,2.952423999999999978e+03,2.387996200000000044e+03,7.465285499999999956e+02,7.395555299999999761e+02,7.581745499999999538e+02,7.866775499999999965e+02
1.263437799999999944e+00,3.474338200000000143e+03,3.266215999999999894e+03,2.957646799999999985e+03,2.397226599999999962e+03,7.730717499999999518e+02,7.630479699999999639e+02,7.820294199999999591e+02,8.046491099999999506e+02
1.264047200000000037e+00,3.478237099999999828e+03,3.270314699999999903e+03,2.962929099999999835e+03,2.406500199999999950e+03,7.994345700000000079e+02,7.871545200000000477e+02,8.063175800000000208e+02,8.232349100000000135e+02
1.264656500000000072e+00,3.482214399999999841e+03,3.274488600000000133e+03,2.968266799999999876e+03,2.415775799999999890e+03,8.250335900000000038e+02,8.118212600000000521e+02,8.310842699999999468e+02,8.395835899999999583e+02
1.265265899999999943e+00,3.486248300000000199e+03,3.278729499999999916e+03,2.973672999999999774e+03,2.425130900000000111e+03,8.507746700000000146e+02,8.371216899999999441e+02,8.569315599999999904e+02,8.602429899999999634e+02
1.265875300000000037e+00,3.490577800000000025e+03,3.283221900000000005e+03,2.979225399999999809e+03,2.434432699999999841e+03,8.758630399999999554e+02,8.618272399999999607e+02,8.808893399999999474e+02,8.811150599999999713e+02
1.266484600000000071e+00,3.494981200000000172e+03,3.287822200000000066e+03,2.984935300000000097e+03,2.443980399999999918e+03,9.018911500000000387e+02,8.878177600000000211e+02,9.073447700000000395e+02,9.033868400000000065e+02
1.267093999999999943e+00,3.499255799999999908e+03,3.292275299999999788e+03,2.990461099999999988e+03,2.453289499999999862e+03,9.273864099999999553e+02,9.132819899999999507e+02,9.325417800000000170e+02,9.296800299999999879e+02
1.267703400000000036e+00,3.502610000000000127e+03,3.295909200000000055e+03,2.995353700000000117e+03,2.462272300000000087e+03,9.532835700000000543e+02,9.393179599999999709e+02,9.588437699999999495e+02,9.532214800000000423e+02
1.268324500000000077e+00,3.506548800000000028e+03,3.299615400000000136e+03,2.999960799999999836e+03,2.470479800000000068e+03,9.792569600000000491e+02,9.662285900000000538e+02,9.857163399999999456e+02,9.800306299999999737e+02
1.268945599999999896e+00,3.509453399999999874e+03,3.302811000000000149e+03,3.004442399999999907e+03,2.479121999999999844e+03,1.004583999999999946e+03,9.917223800000000438e+02,1.011333799999999997e+03,1.004386300000000006e+03
1.269566699999999937e+00,3.513107500000000073e+03,3.306781300000000101e+03,3.009680600000000140e+03,2.488534700000000157e+03,1.030430100000000039e+03,1.017711900000000014e+03,1.037355099999999993e+03,1.030128300000000081e+03
1.270187699999999920e+00,3.516434200000000146e+03,3.310393000000000029e+03,3.014487700000000132e+03,2.497347900000000209e+03,1.055573599999999942e+03,1.043173900000000003e+03,1.062879500000000007e+03,1.054821899999999914e+03
1.270821999999999896e+00,3.519554799999999886e+03,3.313438599999999951e+03,3.018757500000000164e+03,2.506030000000000200e+03,1.081740000000000009e+03,1.070413900000000012e+03,1.090207200000000057e+03,1.081774100000000089e+03
1.271456300000000095e+00,3.522678300000000036e+03,3.316799899999999980e+03,3.023291600000000017e+03,2.514660499999999956e+03,1.105336900000000014e+03,1.094989700000000084e+03,1.114890799999999899e+03,1.105888200000000097e+03
1.272090699999999908e+00,3.526188999999999851e+03,3.320629500000000007e+03,3.028344999999999800e+03,2.523892299999999977e+03,1.129652499999999918e+03,1.120395800000000008e+03,1.140430699999999888e+03,1.130966499999999996e+03
1.272739700000000029e+00,3.528769099999999980e+03,3.322996900000000096e+03,3.031608999999999924e+03,2.530557200000000194e+03,1.154412600000000111e+03,1.146990500000000111e+03,1.167140499999999975e+03,1.157318800000000010e+03
1.273388799999999987e+00,3.531295999999999822e+03,3.325677400000000034e+03,3.035167899999999918e+03,2.537346300000000156e+03,1.177572100000000091e+03,1.170710100000000011e+03,1.190956400000000031e+03,1.180713899999999967e+03
1.274054000000000020e+00,3.534143599999999878e+03,3.328403600000000097e+03,3.039003200000000106e+03,2.545256300000000010e+03,1.203099400000000060e+03,1.197418899999999894e+03,1.217750500000000102e+03,1.207219200000000001e+03
1.274719300000000111e+00,3.536149800000000141e+03,3.330635200000000168e+03,3.042296699999999873e+03,2.552501099999999951e+03,1.224657699999999977e+03,1.218588500000000067e+03,1.238998100000000022e+03,1.228157200000000103e+03
1.275402600000000053e+00,3.538690900000000056e+03,3.333073600000000170e+03,3.045887099999999919e+03,2.560346100000000206e+03,1.249898999999999887e+03,1.244140200000000050e+03,1.264655600000000049e+03,1.253483199999999897e+03
1.276085799999999937e+00,3.540080100000000130e+03,3.334675699999999779e+03,3.048485900000000129e+03,2.566799700000000030e+03,1.269481600000000071e+03,1.263131000000000085e+03,1.283724500000000035e+03,1.272195699999999988e+03
1.276789200000000069e+00,3.541748099999999795e+03,3.336163399999999911e+03,3.050982500000000073e+03,2.573190300000000207e+03,1.291925700000000006e+03,1.286055100000000039e+03,1.307296800000000076e+03,1.295555599999999913e+03
1.277492599999999978e+00,3.541724400000000060e+03,3.336301399999999830e+03,3.051930699999999888e+03,2.577539299999999912e+03,1.306979399999999941e+03,1.300865399999999909e+03,1.322251600000000053e+03,1.310174299999999903e+03
1.278218599999999983e+00,3.543027700000000095e+03,3.337362999999999829e+03,3.053922000000000025e+03,2.583251400000000103e+03,1.328507200000000012e+03,1.323172000000000025e+03,1.344761600000000044e+03,1.332464500000000044e+03
1.278969699999999987e+00,3.541628099999999904e+03,3.335529700000000048e+03,3.052646099999999933e+03,2.584931300000000192e+03,1.341556599999999889e+03,1.337034100000000080e+03,1.358755100000000084e+03,1.346260299999999916e+03
1.279720799999999992e+00,3.540952600000000075e+03,3.335041400000000067e+03,3.052976999999999862e+03,2.588834199999999782e+03,1.353300500000000056e+03,1.348442600000000084e+03,1.370833699999999908e+03,1.357977000000000089e+03
1.280500699999999936e+00,3.540135400000000118e+03,3.333804599999999937e+03,3.052264900000000125e+03,2.590769800000000032e+03,1.368036299999999983e+03,1.364521600000000035e+03,1.387003999999999905e+03,1.373993999999999915e+03
1.281313200000000041e+00,3.536622199999999793e+03,3.329639999999999873e+03,3.048165800000000218e+03,2.588325100000000020e+03,1.374856999999999971e+03,1.372725799999999936e+03,1.395403199999999970e+03,1.382164600000000064e+03
1.282125699999999924e+00,3.532857300000000123e+03,3.325818499999999858e+03,3.044435699999999997e+03,2.586143399999999929e+03,1.377757000000000062e+03,1.375629100000000108e+03,1.398616700000000037e+03,1.384757299999999987e+03
1.282976799999999917e+00,3.528473199999999906e+03,3.320647100000000137e+03,3.038957399999999780e+03,2.581276100000000042e+03,1.383069899999999961e+03,1.381998700000000099e+03,1.405327700000000050e+03,1.391003500000000031e+03
1.283827999999999969e+00,3.523009700000000066e+03,3.315087399999999889e+03,3.033384500000000116e+03,2.577057899999999790e+03,1.380457100000000082e+03,1.378474500000000035e+03,1.402154500000000098e+03,1.387188599999999951e+03
1.284726400000000046e+00,3.517417300000000068e+03,3.308647199999999884e+03,3.026683199999999943e+03,2.571120699999999943e+03,1.381547800000000052e+03,1.379583499999999958e+03,1.403558199999999943e+03,1.388131399999999985e+03
1.285574999999999912e+00,3.509862999999999829e+03,3.301703599999999824e+03,3.019481400000000122e+03,2.564435100000000148e+03,1.369155899999999974e+03,1.364114100000000008e+03,1.388445999999999913e+03,1.372149100000000089e+03
1.286476500000000023e+00,3.503615899999999783e+03,3.294496399999999994e+03,3.011955199999999877e+03,2.557552299999999832e+03,1.368148999999999887e+03,1.362533200000000079e+03,1.387177300000000059e+03,1.370518499999999904e+03
1.287442500000000045e+00,3.492221900000000005e+03,3.281468600000000151e+03,2.997617499999999836e+03,2.541616899999999987e+03,1.352171100000000024e+03,1.346096500000000106e+03,1.371529399999999896e+03,1.354297199999999975e+03
1.288408500000000068e+00,3.480546600000000126e+03,3.269349600000000009e+03,2.984519200000000183e+03,2.527384599999999864e+03,1.330704199999999901e+03,1.322009900000000016e+03,1.347792500000000018e+03,1.329840300000000070e+03
1.289462200000000003e+00,3.468842700000000150e+03,3.256026800000000094e+03,2.969887400000000071e+03,2.511058799999999792e+03,1.312980299999999943e+03,1.303239100000000008e+03,1.328432999999999993e+03,1.311033400000000029e+03
1.290633099999999978e+00,3.451269499999999880e+03,3.236300699999999779e+03,2.947949900000000071e+03,2.485259399999999914e+03,1.279181499999999915e+03,1.268493999999999915e+03,1.293118600000000015e+03,1.276077600000000075e+03
1.291569799999999990e+00,3.437808700000000044e+03,3.225879300000000057e+03,2.937163000000000011e+03,2.473717599999999948e+03,1.237261099999999942e+03,1.218344499999999925e+03,1.242107099999999946e+03,1.224795299999999997e+03
1.292623599999999984e+00,3.427813400000000001e+03,3.213751099999999951e+03,2.923405400000000100e+03,2.457191100000000006e+03,1.223029899999999998e+03,1.205760700000000043e+03,1.229030899999999974e+03,1.212252600000000029e+03
1.293677299999999919e+00,3.407141999999999825e+03,3.191671400000000176e+03,2.898416700000000219e+03,2.426171899999999823e+03,1.173361400000000003e+03,1.154636299999999892e+03,1.177278999999999996e+03,1.160791600000000017e+03
1.294580599999999970e+00,3.398310899999999947e+03,3.184940500000000156e+03,2.891226000000000113e+03,2.417676399999999830e+03,1.145086800000000039e+03,1.121125600000000077e+03,1.143144000000000005e+03,1.126539099999999962e+03
1.295664499999999997e+00,3.379847900000000209e+03,3.162315900000000056e+03,2.865278800000000047e+03,2.385186299999999846e+03,1.110357600000000048e+03,1.089672100000000000e+03,1.111194500000000062e+03,1.095406400000000076e+03
1.296748299999999965e+00,3.360420500000000175e+03,3.141420200000000023e+03,2.841620399999999790e+03,2.355410400000000209e+03,1.062019999999999982e+03,1.039996699999999919e+03,1.060912199999999984e+03,1.045514599999999973e+03
1.297832199999999991e+00,3.346629600000000210e+03,3.127043999999999869e+03,2.825621799999999894e+03,2.335553100000000086e+03,1.025453099999999949e+03,1.001696100000000001e+03,1.021965500000000020e+03,1.006964799999999968e+03
1.298916100000000018e+00,3.332418700000000172e+03,3.112215700000000197e+03,2.808984399999999823e+03,2.314565599999999904e+03,9.871495700000000397e+02,9.622720900000000483e+02,9.818994599999999764e+02,9.671939200000000483e+02
1.300000000000000044e+00,3.319754399999999805e+03,3.098966699999999946e+03,2.794126299999999901e+03,2.295709100000000035e+03,9.526471599999999853e+02,9.272837100000000419e+02,9.462743400000000520e+02,9.316393900000000485e+02
1.301111099999999965e+00,3.305971700000000055e+03,3.084118800000000192e+03,2.777445900000000165e+03,2.274617200000000139e+03,9.163703400000000556e+02,8.910007900000000518e+02,9.094480700000000297e+02,8.958306499999999915e+02
1.302197499999999897e+00,3.294064300000000003e+03,3.072007500000000164e+03,2.763939699999999903e+03,2.257422700000000077e+03,8.812960000000000491e+02,8.549043799999999464e+02,8.726881899999999632e+02,8.599867100000000164e+02
1.303236700000000026e+00,3.284157400000000052e+03,3.062377500000000055e+03,2.753260000000000218e+03,2.243700899999999820e+03,8.496976100000000542e+02,8.220421199999999544e+02,8.391079300000000103e+02,8.261750399999999672e+02
1.304299499999999945e+00,3.272114999999999782e+03,3.049183599999999842e+03,2.738371700000000146e+03,2.224652399999999943e+03,8.169248700000000554e+02,7.895700399999999490e+02,8.060222800000000234e+02,7.930197600000000193e+02
1.305362300000000086e+00,3.261048899999999776e+03,3.037373900000000049e+03,2.725129800000000159e+03,2.207688599999999951e+03,7.856860100000000102e+02,7.581671400000000176e+02,7.739484499999999798e+02,7.608559900000000198e+02
1.306400400000000017e+00,3.251493399999999838e+03,3.027623700000000099e+03,2.714248399999999947e+03,2.193535199999999804e+03,7.551516800000000558e+02,7.270028700000000299e+02,7.421258299999999508e+02,7.290499300000000176e+02
1.307414300000000029e+00,3.242678100000000086e+03,3.018637700000000223e+03,2.704182800000000043e+03,2.180360400000000027e+03,7.264301799999999503e+02,6.978622699999999668e+02,7.124011699999999792e+02,6.993999999999999773e+02
1.308428300000000100e+00,3.233187300000000050e+03,3.008436799999999948e+03,2.692670099999999820e+03,2.165322900000000118e+03,6.981020999999999503e+02,6.695944200000000137e+02,6.837304900000000316e+02,6.708172600000000330e+02
1.309418100000000029e+00,3.225228900000000067e+03,3.000284400000000005e+03,2.683547000000000025e+03,2.153255900000000111e+03,6.718389899999999670e+02,6.432694500000000062e+02,6.567707299999999577e+02,6.439275000000000091e+02
1.310407899999999959e+00,3.217330399999999827e+03,2.991791299999999865e+03,2.674018700000000081e+03,2.140735200000000077e+03,6.475328700000000026e+02,6.197164999999999964e+02,6.322531300000000556e+02,6.195159499999999753e+02
1.311373600000000028e+00,3.211155200000000150e+03,2.985575200000000223e+03,2.667136800000000221e+03,2.131494999999999891e+03,6.259548999999999523e+02,5.984694600000000264e+02,6.101207600000000184e+02,5.976408699999999499e+02
1.312339200000000039e+00,3.204650900000000092e+03,2.978602100000000064e+03,2.659390800000000127e+03,2.121301500000000033e+03,6.058177200000000084e+02,5.790781600000000253e+02,5.898267600000000357e+02,5.777681099999999788e+02
1.313036599999999998e+00,3.217981900000000223e+03,2.999234100000000126e+03,2.683395399999999881e+03,2.149526800000000094e+03,6.053893100000000231e+02,5.715401500000000397e+02,5.810893499999999676e+02,5.686396399999999858e+02
1.313734100000000016e+00,3.211242000000000189e+03,2.991165800000000218e+03,2.674356200000000172e+03,2.137759000000000015e+03,5.892252700000000232e+02,5.560101899999999659e+02,5.650535999999999603e+02,5.528829600000000255e+02
1.314431499999999975e+00,3.206573600000000170e+03,2.984633499999999913e+03,2.666886399999999867e+03,2.127863400000000183e+03,5.826550700000000234e+02,5.512355400000000145e+02,5.598379499999999780e+02,5.480827600000000075e+02
1.315142899999999893e+00,3.199747699999999895e+03,2.976007900000000063e+03,2.657282700000000204e+03,2.115939400000000205e+03,5.724710800000000290e+02,5.427715399999999590e+02,5.508811200000000099e+02,5.395608399999999847e+02
1.315723799999999999e+00,3.207948699999999917e+03,2.988432499999999891e+03,2.671853099999999813e+03,2.132703300000000127e+03,5.733336799999999585e+02,5.389945300000000543e+02,5.463022799999999961e+02,5.349290799999999990e+02
1.316304799999999942e+00,3.203731400000000122e+03,2.983143300000000181e+03,2.665727699999999913e+03,2.124413199999999961e+03,5.637889900000000125e+02,5.301169300000000248e+02,5.372589900000000398e+02,5.258644699999999830e+02
1.316895900000000008e+00,3.197923200000000179e+03,2.975580899999999929e+03,2.657275500000000193e+03,2.113832499999999982e+03,5.577081200000000081e+02,5.260355499999999438e+02,5.329395399999999654e+02,5.217795999999999594e+02
1.317487000000000075e+00,3.195087700000000041e+03,2.971683300000000145e+03,2.652800400000000081e+03,2.107936900000000151e+03,5.530209800000000087e+02,5.224374000000000251e+02,5.291085299999999734e+02,5.181047399999999925e+02
1.318089099999999902e+00,3.190798699999999826e+03,2.966373700000000099e+03,2.646996500000000196e+03,2.100858099999999922e+03,5.475978599999999687e+02,5.185475099999999884e+02,5.249470099999999775e+02,5.141282400000000052e+02
1.318702800000000064e+00,3.188085000000000036e+03,2.962753999999999905e+03,2.642845299999999952e+03,2.095578300000000127e+03,5.424833200000000488e+02,5.150032599999999547e+02,5.211615600000000086e+02,5.105172099999999773e+02
1.319251900000000033e+00,3.192949000000000069e+03,2.970024499999999989e+03,2.651430499999999938e+03,2.105409500000000207e+03,5.430284199999999828e+02,5.135007699999999886e+02,5.192371299999999792e+02,5.085045600000000263e+02
1.319810900000000009e+00,3.190080199999999877e+03,2.966246399999999994e+03,2.647028099999999995e+03,2.099653200000000197e+03,5.363408399999999574e+02,5.081719499999999812e+02,5.136813600000000406e+02,5.030845100000000230e+02
1.320370000000000044e+00,3.187884599999999864e+03,2.963453300000000127e+03,2.643959600000000137e+03,2.095799700000000030e+03,5.325415299999999661e+02,5.057049200000000155e+02,5.109916400000000181e+02,5.005304399999999987e+02
1.320929100000000078e+00,3.185588000000000193e+03,2.960697900000000118e+03,2.640838999999999942e+03,2.091731200000000172e+03,5.264864099999999780e+02,5.008075099999999793e+02,5.058587899999999991e+02,4.955137599999999907e+02
1.321488100000000054e+00,3.183240400000000136e+03,2.958049100000000180e+03,2.637855000000000018e+03,2.087937699999999950e+03,5.201835399999999936e+02,4.956181300000000078e+02,5.004370499999999993e+02,4.902176099999999792e+02
1.322058299999999909e+00,3.179795200000000023e+03,2.953887400000000071e+03,2.633134599999999864e+03,2.082199399999999969e+03,5.127178499999999985e+02,4.897592599999999834e+02,4.943729299999999967e+02,4.843188799999999787e+02
1.322628600000000043e+00,3.178188799999999901e+03,2.952175999999999931e+03,2.631186999999999898e+03,2.079813599999999951e+03,5.076036399999999844e+02,4.857716199999999844e+02,4.901558499999999867e+02,4.802347800000000007e+02
1.323198799999999897e+00,3.176317399999999907e+03,2.950332399999999780e+03,2.629044100000000071e+03,2.077102899999999863e+03,5.010580299999999738e+02,4.802241200000000276e+02,4.843671699999999873e+02,4.745636799999999766e+02
1.323769100000000032e+00,3.174848399999999856e+03,2.948466100000000097e+03,2.627151100000000042e+03,2.074831900000000132e+03,4.953052599999999757e+02,4.754764499999999998e+02,4.793823699999999803e+02,4.696860899999999788e+02
1.324339300000000108e+00,3.173540100000000166e+03,2.946683199999999943e+03,2.625422000000000025e+03,2.072736499999999978e+03,4.898054099999999949e+02,4.709656899999999951e+02,4.746478900000000181e+02,4.650857100000000059e+02
1.324909499999999962e+00,3.171935300000000097e+03,2.944707600000000184e+03,2.623592200000000048e+03,2.070711499999999887e+03,4.849605900000000247e+02,4.670979899999999816e+02,4.705487800000000220e+02,4.610980900000000133e+02
1.325493000000000032e+00,3.169580899999999929e+03,2.941792100000000119e+03,2.620220600000000104e+03,2.066597000000000207e+03,4.791829799999999864e+02,4.629107799999999884e+02,4.661811500000000024e+02,4.568965200000000095e+02
1.326076500000000102e+00,3.168700499999999920e+03,2.940994499999999789e+03,2.619448300000000017e+03,2.065862299999999777e+03,4.761724399999999946e+02,4.609651000000000067e+02,4.640056400000000281e+02,4.548314899999999739e+02
1.326659999999999950e+00,3.168003099999999904e+03,2.940381699999999910e+03,2.618817000000000007e+03,2.065128999999999905e+03,4.723906099999999810e+02,4.581770700000000147e+02,4.609910100000000170e+02,4.519192699999999832e+02
1.327243500000000020e+00,3.168033399999999801e+03,2.940473199999999906e+03,2.618978799999999865e+03,2.065398599999999988e+03,4.707134399999999914e+02,4.575216500000000224e+02,4.601527300000000196e+02,4.512240300000000275e+02
1.327827000000000091e+00,3.167930100000000039e+03,2.940432400000000143e+03,2.619033800000000156e+03,2.065570499999999811e+03,4.692655399999999872e+02,4.570793400000000020e+02,4.594974300000000085e+02,4.506850699999999961e+02
1.328410499999999939e+00,3.167896900000000187e+03,2.940435599999999795e+03,2.619121099999999842e+03,2.065784299999999803e+03,4.680634400000000142e+02,4.568826300000000060e+02,4.590961800000000039e+02,4.503988699999999881e+02
1.329010199999999919e+00,3.166844799999999850e+03,2.938877399999999852e+03,2.617403299999999945e+03,2.063949200000000019e+03,4.675015000000000214e+02,4.579639700000000175e+02,4.600129499999999894e+02,4.514859900000000152e+02
1.329609899999999900e+00,3.168055899999999838e+03,2.940230100000000220e+03,2.619045500000000175e+03,2.066211600000000089e+03,4.702171900000000164e+02,4.618241699999999810e+02,4.636900699999999915e+02,4.552792499999999905e+02
1.330209699999999939e+00,3.168346100000000206e+03,2.940655600000000049e+03,2.619594000000000051e+03,2.066939100000000053e+03,4.693374099999999771e+02,4.619374799999999937e+02,4.635923700000000167e+02,4.552979300000000080e+02
1.330809399999999920e+00,3.169159299999999803e+03,2.941583399999999983e+03,2.620664900000000216e+03,2.068093299999999999e+03,4.711955399999999941e+02,4.650378699999999981e+02,4.663184499999999844e+02,4.581323800000000119e+02
1.331409099999999901e+00,3.168733600000000024e+03,2.941109100000000126e+03,2.619903099999999995e+03,2.065906800000000203e+03,4.694934400000000210e+02,4.646331900000000132e+02,4.659301199999999881e+02,4.578765500000000088e+02
1.332008800000000104e+00,3.169403999999999996e+03,2.941872499999999945e+03,2.620865999999999985e+03,2.067248500000000149e+03,4.718603699999999890e+02,4.667471400000000017e+02,4.681500300000000152e+02,4.601801399999999944e+02
1.332608500000000085e+00,3.169245499999999993e+03,2.941735900000000129e+03,2.620730900000000020e+03,2.066824399999999969e+03,4.715866599999999949e+02,4.665615799999999922e+02,4.679909099999999853e+02,4.601564099999999939e+02
1.333277400000000057e+00,3.164150900000000092e+03,2.934584800000000087e+03,2.612612799999999879e+03,2.057218299999999999e+03,4.709169899999999984e+02,4.686477100000000178e+02,4.701504899999999907e+02,4.625779899999999998e+02
1.333946300000000029e+00,3.166431500000000142e+03,2.937169300000000021e+03,2.615639400000000023e+03,2.060959499999999935e+03,4.765916199999999776e+02,4.746627899999999727e+02,4.762140999999999735e+02,4.687827700000000277e+02
1.334615200000000002e+00,3.168329600000000028e+03,2.939562800000000152e+03,2.618503000000000156e+03,2.064684799999999996e+03,4.793500999999999976e+02,4.772727199999999925e+02,4.788457599999999843e+02,4.714967100000000073e+02
1.335284099999999974e+00,3.170746200000000044e+03,2.942688799999999901e+03,2.622797599999999875e+03,2.072461299999999937e+03,4.840518200000000206e+02,4.807046100000000024e+02,4.823171300000000201e+02,4.750913600000000088e+02
1.335952999999999946e+00,3.171514200000000073e+03,2.943604600000000119e+03,2.623722699999999804e+03,2.072975800000000163e+03,4.835498600000000238e+02,4.820539600000000178e+02,4.836685600000000136e+02,4.765393900000000258e+02
1.336621899999999918e+00,3.172633499999999913e+03,2.945064300000000003e+03,2.625704000000000178e+03,2.076218199999999797e+03,4.858785399999999868e+02,4.851397900000000050e+02,4.867738400000000070e+02,4.797557600000000093e+02
1.337290799999999891e+00,3.173320900000000165e+03,2.945855900000000020e+03,2.626621900000000096e+03,2.077252899999999954e+03,4.866971399999999903e+02,4.870678300000000149e+02,4.887090000000000032e+02,4.817961000000000240e+02
1.337996900000000045e+00,3.172215900000000147e+03,2.943943600000000060e+03,2.624615899999999783e+03,2.075462700000000041e+03,4.899441100000000233e+02,4.922400200000000154e+02,4.939209500000000048e+02,4.871993499999999813e+02
1.338702899999999918e+00,3.173060599999999795e+03,2.944984599999999773e+03,2.625921600000000126e+03,2.077244099999999889e+03,4.917939999999999827e+02,4.952498699999999872e+02,4.969627500000000282e+02,4.903715599999999881e+02
1.339409000000000072e+00,3.171362500000000182e+03,2.943416099999999915e+03,2.624286700000000110e+03,2.075372899999999845e+03,4.852195199999999886e+02,4.894880099999999743e+02,4.912433899999999767e+02,4.848009599999999750e+02
1.340070899999999954e+00,3.173797700000000077e+03,2.947285699999999906e+03,2.628808899999999994e+03,2.080705399999999827e+03,4.833763799999999833e+02,4.872405499999999847e+02,4.889953800000000115e+02,4.825894200000000183e+02
1.340732899999999894e+00,3.173285300000000007e+03,2.946770899999999983e+03,2.628295900000000074e+03,2.080148599999999988e+03,4.818856000000000108e+02,4.862375599999999736e+02,4.880021300000000224e+02,4.817067000000000121e+02
1.341394799999999998e+00,3.171699099999999817e+03,2.945013100000000122e+03,2.626382300000000214e+03,2.077864099999999780e+03,4.788847999999999843e+02,4.838913699999999949e+02,4.856785600000000045e+02,4.795234899999999811e+02
1.342056799999999939e+00,3.170047500000000127e+03,2.943160600000000159e+03,2.624368699999999990e+03,2.075473599999999806e+03,4.754597899999999981e+02,4.811533600000000206e+02,4.829568100000000186e+02,4.769302200000000198e+02
1.342718700000000043e+00,3.168573800000000119e+03,2.941506600000000162e+03,2.622418299999999817e+03,2.072722800000000007e+03,4.722589699999999766e+02,4.788621800000000235e+02,4.806843600000000265e+02,4.748040799999999990e+02
1.343446799999999941e+00,3.161398299999999836e+03,2.932218699999999899e+03,2.611688700000000154e+03,2.059178699999999935e+03,4.653328700000000140e+02,4.745998299999999972e+02,4.764716900000000237e+02,4.708499899999999911e+02
1.344174999999999898e+00,3.159217999999999847e+03,2.929909099999999853e+03,2.608938099999999849e+03,2.055099900000000162e+03,4.589400800000000231e+02,4.690554200000000264e+02,4.709533000000000129e+02,4.654921699999999873e+02
1.344903100000000018e+00,3.160441899999999805e+03,2.931474700000000212e+03,2.610787699999999859e+03,2.057456499999999778e+03,4.612233800000000201e+02,4.715087100000000078e+02,4.734598799999999983e+02,4.681499900000000025e+02
1.345631199999999916e+00,3.160629800000000159e+03,2.931882900000000063e+03,2.611307200000000194e+03,2.058038199999999961e+03,4.609903299999999717e+02,4.714856599999999958e+02,4.734599499999999921e+02,4.682821200000000204e+02
1.346359300000000037e+00,3.160564199999999801e+03,2.931996299999999792e+03,2.611546499999999924e+03,2.058437899999999900e+03,4.608198499999999740e+02,4.714320599999999786e+02,4.734470600000000218e+02,4.684093300000000113e+02
1.347087499999999993e+00,3.160655000000000200e+03,2.932255700000000161e+03,2.611974400000000060e+03,2.059069399999999860e+03,4.618355599999999868e+02,4.726324299999999994e+02,4.746806500000000142e+02,4.697508599999999888e+02
1.347815599999999892e+00,3.161319500000000062e+03,2.933279300000000148e+03,2.613792800000000170e+03,2.063201900000000023e+03,4.630340199999999982e+02,4.728417400000000157e+02,4.749418999999999755e+02,4.701444000000000187e+02
1.348361700000000107e+00,3.182113800000000083e+03,2.960883699999999862e+03,2.645270100000000184e+03,2.100968400000000202e+03,4.808917599999999766e+02,4.865090099999999893e+02,4.885185799999999858e+02,4.834888199999999756e+02
1.348907800000000101e+00,3.178399300000000039e+03,2.956506600000000162e+03,2.640315099999999802e+03,2.094739099999999780e+03,4.740314399999999750e+02,4.796990099999999870e+02,4.817078399999999760e+02,4.767752800000000093e+02
1.349453900000000095e+00,3.174913700000000063e+03,2.951869000000000142e+03,2.634925600000000031e+03,2.087879899999999907e+03,4.729737200000000144e+02,4.792985100000000216e+02,4.813424099999999726e+02,4.765697799999999802e+02
1.350000000000000089e+00,3.170460599999999886e+03,2.946415100000000166e+03,2.628683399999999892e+03,2.079904599999999846e+03,4.696446799999999939e+02,4.769498399999999947e+02,4.790201999999999884e+02,4.743650400000000218e+02
1.350609799999999971e+00,3.161971199999999953e+03,2.934768999999999778e+03,2.615246799999999894e+03,2.063492600000000039e+03,4.682425400000000195e+02,4.786132999999999811e+02,4.807979799999999955e+02,4.764024299999999812e+02
1.351234899999999906e+00,3.160237900000000081e+03,2.932193900000000212e+03,2.612369400000000041e+03,2.060010200000000168e+03,4.714902599999999779e+02,4.835406300000000215e+02,4.857760400000000232e+02,4.815219799999999850e+02
1.351876599999999984e+00,3.159888100000000122e+03,2.931375300000000152e+03,2.611477800000000116e+03,2.059054299999999785e+03,4.739341200000000072e+02,4.872345599999999877e+02,4.895360000000000014e+02,4.854263100000000009e+02
1.352526899999999976e+00,3.160726999999999862e+03,2.932161000000000058e+03,2.612519099999999980e+03,2.060595100000000002e+03,4.785006300000000010e+02,4.927396899999999960e+02,4.950801099999999906e+02,4.910717200000000275e+02
1.353186299999999953e+00,3.160802900000000136e+03,2.932024100000000089e+03,2.612096100000000206e+03,2.059152099999999791e+03,4.803673699999999940e+02,4.964750599999999849e+02,4.988521600000000262e+02,4.949685699999999997e+02
1.353845600000000093e+00,3.162384399999999914e+03,2.933868599999999788e+03,2.614347299999999905e+03,2.062236699999999928e+03,4.857096300000000042e+02,5.016606800000000135e+02,5.040915200000000027e+02,5.003364199999999755e+02
1.354514500000000066e+00,3.163779300000000148e+03,2.935143199999999979e+03,2.615820900000000165e+03,2.064182400000000143e+03,4.926353899999999726e+02,5.089815899999999829e+02,5.114615400000000136e+02,5.078015399999999886e+02
1.355183400000000038e+00,3.164723899999999958e+03,2.936343499999999949e+03,2.617342999999999847e+03,2.066290500000000065e+03,4.971585499999999911e+02,5.134781699999999773e+02,5.160167099999999891e+02,5.124656099999999697e+02
1.355862499999999971e+00,3.164822299999999814e+03,2.936340700000000197e+03,2.617477499999999964e+03,2.066698400000000220e+03,5.013263099999999781e+02,5.179381499999999505e+02,5.205500200000000177e+02,5.171167799999999488e+02
1.356552100000000038e+00,3.164733000000000175e+03,2.936137900000000172e+03,2.617447799999999916e+03,2.067027000000000044e+03,5.054324300000000108e+02,5.221789400000000114e+02,5.248731800000000476e+02,5.215600899999999456e+02
1.357252899999999984e+00,3.164756400000000212e+03,2.936104899999999816e+03,2.617635499999999865e+03,2.067677299999999832e+03,5.099239099999999780e+02,5.268618099999999913e+02,5.296421199999999772e+02,5.264461999999999762e+02
1.357965300000000042e+00,3.164066499999999905e+03,2.935351599999999962e+03,2.617084100000000035e+03,2.067548200000000179e+03,5.125278600000000324e+02,5.295990600000000086e+02,5.324569900000000189e+02,5.293987600000000384e+02
1.358690100000000012e+00,3.164649100000000089e+03,2.935913500000000113e+03,2.617964199999999892e+03,2.069138500000000022e+03,5.179159899999999652e+02,5.351904799999999796e+02,5.381317599999999857e+02,5.351923799999999574e+02
1.359427699999999906e+00,3.165358000000000175e+03,2.936572099999999864e+03,2.618827099999999973e+03,2.070609199999999873e+03,5.258336900000000469e+02,5.436550799999999981e+02,5.466836200000000190e+02,5.438541199999999662e+02
1.360179100000000085e+00,3.165744400000000041e+03,2.936784900000000107e+03,2.619192399999999907e+03,2.071478700000000117e+03,5.318906600000000253e+02,5.501765000000000327e+02,5.532948900000000094e+02,5.505796500000000151e+02
1.360944900000000013e+00,3.166536900000000060e+03,2.937493300000000090e+03,2.620309200000000146e+03,2.073540700000000015e+03,5.385664799999999559e+02,5.570493699999999535e+02,5.602613800000000310e+02,5.576655500000000529e+02
1.361725999999999992e+00,3.166382799999999861e+03,2.937281700000000001e+03,2.620360799999999927e+03,2.074226500000000215e+03,5.428479999999999563e+02,5.615787500000000136e+02,5.648779100000000426e+02,5.624000300000000152e+02
1.362523300000000104e+00,3.166274899999999889e+03,2.937157900000000154e+03,2.620572299999999814e+03,2.075198899999999867e+03,5.471211200000000190e+02,5.660018000000000029e+02,5.693907900000000382e+02,5.670403000000000020e+02
1.363320700000000052e+00,3.167923299999999927e+03,2.939219200000000001e+03,2.623262400000000071e+03,2.079200499999999920e+03,5.540961700000000292e+02,5.729485399999999800e+02,5.764137600000000248e+02,5.741519500000000562e+02
1.364118100000000000e+00,3.169783600000000206e+03,2.941489399999999932e+03,2.626184699999999793e+03,2.083506199999999808e+03,5.620035100000000057e+02,5.808124000000000251e+02,5.843552399999999807e+02,5.821766300000000456e+02
1.364933600000000080e+00,3.170389200000000073e+03,2.942039499999999862e+03,2.627140899999999874e+03,2.085430199999999786e+03,5.694219600000000128e+02,5.884970600000000331e+02,5.921338200000000143e+02,5.900559899999999516e+02
1.365768499999999941e+00,3.170563400000000001e+03,2.941908199999999852e+03,2.627282499999999800e+03,2.086449999999999818e+03,5.760788999999999760e+02,5.955053599999999960e+02,5.992369899999999916e+02,5.972785300000000461e+02
1.366624300000000014e+00,3.170126999999999953e+03,2.941357899999999972e+03,2.626902300000000196e+03,2.086770799999999781e+03,5.829739499999999452e+02,6.029414199999999937e+02,6.067598400000000538e+02,6.049362899999999854e+02
1.367502599999999902e+00,3.170006300000000010e+03,2.941193600000000060e+03,2.627180600000000140e+03,2.088048899999999776e+03,5.885055599999999458e+02,6.087694500000000062e+02,6.126724199999999882e+02,6.109962900000000445e+02
1.368380900000000011e+00,3.171169899999999870e+03,2.942722800000000007e+03,2.629280200000000150e+03,2.091452800000000025e+03,5.952310700000000452e+02,6.156332800000000134e+02,6.196053299999999808e+02,6.180004900000000134e+02
1.369259199999999899e+00,3.171491700000000037e+03,2.943426500000000033e+03,2.630536799999999857e+03,2.093887700000000223e+03,5.995596799999999575e+02,6.199321099999999660e+02,6.239917599999999993e+02,6.224832000000000107e+02
1.370163400000000031e+00,3.170667300000000068e+03,2.942437199999999848e+03,2.629877500000000055e+03,2.094123399999999947e+03,6.047797399999999470e+02,6.254074299999999766e+02,6.295557599999999638e+02,6.281903700000000299e+02
1.371067500000000106e+00,3.170729600000000119e+03,2.942810500000000047e+03,2.630780600000000049e+03,2.096177900000000136e+03,6.094487699999999677e+02,6.301621800000000349e+02,6.344035400000000209e+02,6.331903700000000299e+02
1.372000799999999909e+00,3.170069100000000162e+03,2.941956099999999878e+03,2.630298099999999977e+03,2.096691600000000108e+03,6.155590099999999438e+02,6.365999100000000226e+02,6.409558500000000549e+02,6.399440399999999727e+02
1.372966300000000084e+00,3.169507399999999961e+03,2.941180699999999888e+03,2.629927099999999882e+03,2.097388500000000022e+03,6.223034699999999475e+02,6.437274899999999889e+02,6.482141400000000431e+02,6.473953500000000076e+02
1.373967500000000008e+00,3.168416000000000167e+03,2.939887999999999920e+03,2.629004699999999957e+03,2.097459299999999985e+03,6.274437400000000480e+02,6.492677099999999655e+02,6.538974699999999984e+02,6.532768600000000561e+02
1.374968799999999991e+00,3.168365600000000086e+03,2.940227199999999812e+03,2.629943800000000010e+03,2.099851700000000164e+03,6.327467699999999695e+02,6.547240600000000086e+02,6.594812799999999697e+02,6.590293799999999464e+02
1.376011799999999896e+00,3.166815900000000056e+03,2.938428100000000086e+03,2.628489799999999832e+03,2.099488199999999779e+03,6.378549900000000434e+02,6.601641300000000001e+02,6.650615400000000363e+02,6.647441000000000031e+02
1.377054699999999965e+00,3.167251299999999901e+03,2.939358099999999922e+03,2.630275700000000143e+03,2.103193800000000010e+03,6.433576399999999467e+02,6.655407500000000027e+02,6.705583699999999681e+02,6.703604800000000523e+02
1.378147400000000022e+00,3.165103999999999814e+03,2.936838400000000092e+03,2.627957499999999982e+03,2.101397800000000188e+03,6.469440299999999979e+02,6.703195299999999861e+02,6.754726500000000442e+02,6.754325400000000172e+02
1.379240000000000022e+00,3.164620600000000195e+03,2.936728999999999814e+03,2.628417699999999968e+03,2.103000599999999849e+03,6.508788799999999810e+02,6.746439199999999801e+02,6.799195200000000341e+02,6.800077999999999747e+02
1.380332600000000021e+00,3.163928899999999885e+03,2.936364300000000185e+03,2.628469799999999850e+03,2.103948800000000119e+03,6.547638799999999719e+02,6.785633699999999635e+02,6.839575899999999820e+02,6.841777600000000348e+02
1.381489500000000037e+00,3.160726700000000164e+03,2.932585300000000188e+03,2.624855199999999968e+03,2.100889200000000073e+03,6.594150799999999890e+02,6.833014699999999948e+02,6.888431699999999864e+02,6.892350300000000516e+02
1.382646400000000053e+00,3.159916299999999865e+03,2.932085300000000188e+03,2.624878600000000006e+03,2.102111800000000130e+03,6.644406099999999924e+02,6.879362399999999980e+02,6.936001700000000483e+02,6.941486599999999498e+02
1.383803300000000069e+00,3.159553199999999833e+03,2.932003200000000106e+03,2.625165100000000166e+03,2.103313900000000103e+03,6.685410500000000411e+02,6.917159599999999955e+02,6.975034399999999550e+02,6.982572599999999738e+02
1.384960200000000086e+00,3.158507799999999861e+03,2.931195799999999963e+03,2.624715299999999843e+03,2.103764400000000023e+03,6.721625900000000229e+02,6.949304399999999760e+02,7.008437900000000127e+02,7.018248300000000199e+02
1.386213600000000046e+00,3.155318800000000010e+03,2.926882000000000062e+03,2.620262299999999868e+03,2.099427499999999782e+03,6.769347699999999577e+02,7.000035299999999552e+02,7.060567300000000159e+02,7.073195699999999988e+02
1.387466899999999947e+00,3.155078700000000026e+03,2.926764799999999923e+03,2.620545099999999820e+03,2.100872100000000046e+03,6.816633299999999736e+02,7.041545899999999847e+02,7.103338700000000472e+02,7.118904999999999745e+02
1.388720200000000071e+00,3.154334600000000137e+03,2.926256100000000060e+03,2.620406399999999849e+03,2.101856200000000172e+03,6.862065999999999804e+02,7.083141900000000533e+02,7.146236900000000105e+02,7.164868500000000040e+02
1.389973499999999973e+00,3.153857800000000225e+03,2.925982399999999870e+03,2.620490600000000086e+03,2.102965200000000095e+03,6.904648499999999558e+02,7.119981400000000349e+02,7.184193099999999959e+02,7.206073000000000093e+02
1.391226800000000097e+00,3.152949599999999919e+03,2.925199000000000069e+03,2.620001299999999901e+03,2.103399699999999939e+03,6.947380799999999681e+02,7.157023400000000493e+02,7.222441400000000158e+02,7.248062099999999646e+02
1.392689000000000066e+00,3.148051800000000185e+03,2.918076199999999972e+03,2.612316699999999855e+03,2.095251800000000003e+03,7.002124999999999773e+02,7.216959799999999632e+02,7.283737200000000485e+02,7.314372100000000501e+02
1.394151200000000035e+00,3.146891200000000026e+03,2.917235400000000027e+03,2.612105300000000170e+03,2.096601299999999810e+03,7.046642299999999750e+02,7.251890899999999647e+02,7.320258300000000418e+02,7.356766300000000456e+02
1.395613400000000004e+00,3.146509100000000217e+03,2.917323300000000017e+03,2.612768099999999777e+03,2.098646400000000085e+03,7.094929600000000391e+02,7.294314299999999776e+02,7.363667199999999866e+02,7.406587100000000419e+02
1.397075599999999973e+00,3.145959400000000187e+03,2.917111600000000180e+03,2.613054900000000089e+03,2.100282200000000103e+03,7.145019399999999905e+02,7.337468499999999949e+02,7.407483600000000479e+02,7.457235699999999952e+02
1.398537799999999942e+00,3.144749699999999848e+03,2.916110299999999825e+03,2.612387900000000172e+03,2.100614599999999882e+03,7.184812100000000328e+02,7.371824000000000296e+02,7.442265200000000505e+02,7.496853200000000470e+02
1.399999999999999911e+00,3.142971199999999953e+03,2.914471599999999853e+03,2.611067100000000210e+03,2.100259599999999864e+03,7.221910299999999552e+02,7.403584100000000490e+02,7.474282399999999598e+02,7.533308299999999917e+02
1.401562500000000044e+00,3.139162600000000111e+03,2.909752500000000055e+03,2.606219300000000203e+03,2.095605199999999968e+03,7.252097099999999728e+02,7.433729100000000471e+02,7.504631500000000415e+02,7.571745700000000170e+02
1.403177099999999955e+00,3.136261599999999817e+03,2.906504300000000057e+03,2.603152700000000095e+03,2.093278600000000097e+03,7.280526599999999462e+02,7.459658799999999701e+02,7.530728500000000167e+02,7.609786500000000160e+02
1.404849299999999968e+00,3.133306300000000192e+03,2.903258499999999913e+03,2.600087300000000141e+03,2.090949399999999969e+03,7.304463700000000017e+02,7.481790700000000243e+02,7.552897400000000516e+02,7.645216500000000224e+02
1.406521600000000038e+00,3.130473700000000008e+03,2.900604299999999967e+03,2.597737900000000081e+03,2.089615600000000086e+03,7.316118699999999535e+02,7.488759099999999762e+02,7.559929200000000264e+02,7.666064300000000458e+02
1.408260700000000032e+00,3.127268099999999777e+03,2.897000399999999900e+03,2.594189899999999852e+03,2.086597600000000057e+03,7.331131800000000567e+02,7.502164400000000342e+02,7.573399200000000064e+02,7.693475899999999683e+02
1.409999900000000084e+00,3.124335700000000088e+03,2.894170900000000074e+03,2.591576700000000073e+03,2.084766900000000078e+03,7.332433200000000397e+02,7.499572200000000066e+02,7.570800100000000157e+02,7.706993300000000318e+02
1.411818000000000017e+00,3.120500599999999849e+03,2.889761500000000069e+03,2.587011700000000019e+03,2.080361399999999776e+03,7.330744499999999562e+02,7.497323099999999840e+02,7.568131799999999885e+02,7.722344900000000507e+02
1.413636200000000009e+00,3.117156800000000203e+03,2.886405999999999949e+03,2.583714699999999993e+03,2.077495199999999841e+03,7.328053099999999631e+02,7.492464099999999689e+02,7.562972099999999500e+02,7.739465599999999768e+02
1.415454400000000001e+00,3.114275399999999991e+03,2.883423600000000079e+03,2.580628299999999854e+03,2.074523799999999937e+03,7.316553300000000490e+02,7.480175000000000409e+02,7.550567600000000539e+02,7.751458000000000084e+02
1.417181699999999989e+00,3.112395799999999781e+03,2.882287800000000061e+03,2.579941699999999855e+03,2.074849999999999909e+03,7.322002599999999575e+02,7.481678299999999808e+02,7.552460399999999936e+02,7.777563000000000102e+02
1.418908999999999976e+00,3.109437199999999848e+03,2.879188200000000052e+03,2.576842799999999897e+03,2.072189899999999852e+03,7.316217299999999568e+02,7.470506599999999935e+02,7.541509800000000041e+02,7.790967900000000554e+02
1.420636299999999963e+00,3.106485900000000129e+03,2.876129100000000108e+03,2.574056900000000041e+03,2.070326500000000124e+03,7.330532500000000482e+02,7.480739200000000437e+02,7.552327800000000479e+02,7.831490599999999631e+02
1.422363499999999892e+00,3.103061299999999846e+03,2.872328500000000076e+03,2.570077900000000227e+03,2.066478099999999813e+03,7.304915499999999611e+02,7.449622100000000273e+02,7.522855799999999817e+02,7.833841999999999643e+02
1.424090800000000101e+00,3.100521099999999933e+03,2.869748399999999947e+03,2.567831499999999778e+03,2.065258200000000215e+03,7.327617000000000189e+02,7.467275499999999511e+02,7.543845199999999522e+02,7.871310499999999593e+02
1.425818100000000088e+00,3.096772300000000087e+03,2.865730700000000070e+03,2.563755900000000111e+03,2.061547700000000077e+03,7.297396899999999960e+02,7.432465700000000197e+02,7.514690399999999499e+02,7.876016600000000381e+02
1.427545400000000075e+00,3.094750700000000052e+03,2.863660400000000209e+03,2.562051500000000033e+03,2.060888500000000022e+03,7.315596500000000333e+02,7.447266899999999623e+02,7.535505399999999554e+02,7.932749199999999519e+02
1.429272700000000063e+00,3.091177000000000135e+03,2.859872600000000148e+03,2.558282900000000154e+03,2.057516200000000026e+03,7.283339499999999589e+02,7.411655799999999772e+02,7.506891699999999901e+02,7.941341499999999769e+02
1.430999899999999991e+00,3.088739900000000034e+03,2.857427200000000084e+03,2.556287600000000111e+03,2.056794400000000223e+03,7.306418099999999640e+02,7.432657000000000380e+02,7.539014899999999670e+02,8.007282199999999648e+02
1.432899900000000004e+00,3.082872199999999793e+03,2.850026499999999942e+03,2.548465499999999793e+03,2.048815300000000207e+03,7.279052000000000362e+02,7.409058499999999867e+02,7.529587900000000218e+02,8.040651400000000422e+02
1.434799900000000017e+00,3.080011700000000019e+03,2.847154500000000098e+03,2.545995899999999892e+03,2.047489199999999983e+03,7.285622299999999996e+02,7.414789899999999534e+02,7.550465799999999490e+02,8.114700100000000020e+02
1.436700000000000088e+00,3.077300499999999829e+03,2.844470499999999902e+03,2.543548600000000079e+03,2.045896700000000010e+03,7.280693899999999985e+02,7.405601100000000088e+02,7.556654200000000401e+02,8.189238599999999906e+02
1.438600000000000101e+00,3.074729800000000068e+03,2.841899800000000141e+03,2.541205100000000130e+03,2.044483600000000024e+03,7.286769900000000462e+02,7.410610100000000102e+02,7.574222099999999500e+02,8.294093800000000556e+02
1.440499999999999892e+00,3.072026400000000194e+03,2.839150799999999890e+03,2.538690200000000004e+03,2.042902199999999993e+03,7.293710300000000188e+02,7.419822400000000471e+02,7.594725300000000061e+02,8.420803700000000163e+02
1.442399999999999904e+00,3.069244700000000194e+03,2.836302599999999984e+03,2.536054299999999785e+03,2.041140900000000101e+03,7.302562100000000100e+02,7.431764699999999948e+02,7.614122200000000475e+02,8.568752899999999499e+02
1.444299999999999917e+00,3.066221700000000055e+03,2.833171200000000226e+03,2.533111499999999978e+03,2.039013200000000097e+03,7.307508400000000393e+02,7.439710000000000036e+02,7.628687999999999647e+02,8.737524300000000039e+02
1.446199999999999930e+00,3.063250399999999900e+03,2.830087399999999889e+03,2.530272100000000137e+03,2.037147799999999961e+03,7.317896200000000135e+02,7.451209800000000314e+02,7.644872699999999668e+02,8.910484099999999899e+02
1.448099999999999943e+00,3.060390100000000075e+03,2.827088900000000194e+03,2.527464199999999892e+03,2.035188499999999976e+03,7.327531199999999671e+02,7.461444000000000187e+02,7.661681599999999435e+02,9.103052199999999630e+02
1.449999999999999956e+00,3.057576799999999821e+03,2.824146600000000035e+03,2.524748599999999897e+03,2.033409499999999980e+03,7.340110899999999674e+02,7.472901299999999765e+02,7.678237100000000055e+02,9.329021500000000060e+02
1.451999999999999957e+00,3.053772800000000188e+03,2.819528600000000097e+03,2.520149699999999939e+03,2.029575000000000045e+03,7.356722399999999880e+02,7.490503999999999678e+02,7.707470600000000331e+02,9.613075499999999920e+02
1.453999999999999959e+00,3.051227199999999812e+03,2.816887099999999919e+03,2.517867799999999988e+03,2.028527299999999968e+03,7.375153800000000501e+02,7.507881499999999733e+02,7.744875500000000557e+02,9.947801100000000361e+02
1.455999999999999961e+00,3.048731600000000071e+03,2.814361199999999826e+03,2.515657600000000002e+03,2.027473600000000033e+03,7.391802800000000389e+02,7.526346200000000408e+02,7.787729399999999487e+02,1.035191000000000031e+03
1.457999999999999963e+00,3.046263699999999972e+03,2.811836899999999787e+03,2.513430800000000090e+03,2.026356399999999894e+03,7.412814799999999877e+02,7.552607799999999543e+02,7.839969399999999951e+02,1.083142599999999902e+03
1.459826099999999904e+00,3.045592799999999897e+03,2.812311599999999999e+03,2.514564300000000003e+03,2.028980399999999918e+03,7.428025699999999460e+02,7.570530400000000100e+02,7.893760700000000270e+02,1.135668799999999919e+03
1.461739099999999958e+00,3.041759700000000066e+03,2.807626699999999801e+03,2.509755900000000111e+03,2.024769500000000107e+03,7.451910699999999679e+02,7.609367399999999861e+02,7.955393299999999499e+02,1.200930599999999913e+03
1.463652200000000070e+00,3.038795000000000073e+03,2.804376800000000003e+03,2.506712700000000041e+03,2.022704300000000103e+03,7.479262300000000323e+02,7.643474300000000312e+02,7.994207300000000487e+02,1.276524100000000089e+03
1.465469600000000039e+00,3.037904899999999998e+03,2.803997699999999895e+03,2.506789999999999964e+03,2.024127899999999954e+03,7.508699900000000298e+02,7.681182599999999638e+02,8.046156499999999596e+02,1.366460299999999961e+03
1.467287000000000008e+00,3.035691200000000208e+03,2.801563400000000001e+03,2.504531500000000051e+03,2.022832200000000057e+03,7.544078399999999647e+02,7.724954400000000305e+02,8.094796099999999797e+02,1.465216899999999896e+03
1.469104299999999919e+00,3.033412100000000009e+03,2.798998000000000047e+03,2.502127800000000207e+03,2.021377099999999928e+03,7.582213100000000168e+02,7.766864699999999857e+02,8.185673100000000204e+02,1.566025100000000066e+03
1.470921700000000110e+00,3.031619499999999789e+03,2.796954799999999977e+03,2.500307800000000043e+03,2.020590200000000095e+03,7.630017100000000028e+02,7.814185199999999440e+02,8.303855899999999792e+02,1.667482799999999997e+03
1.472739100000000079e+00,3.029652300000000196e+03,2.794775900000000092e+03,2.498372699999999895e+03,2.019702999999999975e+03,7.674394600000000537e+02,7.850200399999999945e+02,8.419355900000000474e+02,1.766139300000000048e+03
1.474556500000000048e+00,3.028034700000000157e+03,2.793006100000000060e+03,2.496991399999999885e+03,2.019657500000000027e+03,7.733579899999999725e+02,7.897476799999999457e+02,8.561148299999999836e+02,1.860142299999999977e+03
1.476252799999999921e+00,3.027779799999999796e+03,2.793572900000000118e+03,2.498227800000000116e+03,2.022518499999999904e+03,7.777259199999999737e+02,7.926591200000000299e+02,8.695130000000000337e+02,1.944846999999999980e+03
1.477948999999999957e+00,3.026119200000000092e+03,2.791708399999999983e+03,2.496656700000000001e+03,2.022351400000000012e+03,7.833104299999999967e+02,7.971785499999999729e+02,8.849737800000000334e+02,2.026767800000000079e+03
1.479645199999999994e+00,3.024248700000000099e+03,2.789550799999999981e+03,2.494817799999999806e+03,2.021959800000000087e+03,7.896254500000000007e+02,8.022844999999999800e+02,9.027424899999999752e+02,2.101267400000000180e+03
1.481341400000000030e+00,3.022842799999999897e+03,2.787945299999999861e+03,2.493663799999999810e+03,2.022572400000000016e+03,7.974833499999999731e+02,8.085067500000000109e+02,9.256776599999999462e+02,2.164670999999999822e+03
1.483037699999999903e+00,3.021646999999999935e+03,2.786585999999999785e+03,2.492802700000000186e+03,2.023529999999999973e+03,8.063323500000000195e+02,8.152439600000000155e+02,9.527169599999999718e+02,2.231931099999999788e+03
1.484733899999999940e+00,3.020976900000000114e+03,2.785820600000000013e+03,2.492639000000000124e+03,2.025399100000000089e+03,8.166198000000000548e+02,8.234498399999999947e+02,9.827310400000000072e+02,2.297253700000000208e+03
1.486430099999999976e+00,3.020878600000000006e+03,2.785692500000000109e+03,2.493250100000000202e+03,2.028348700000000008e+03,8.289630100000000539e+02,8.332739800000000514e+02,1.016066500000000019e+03,2.362796600000000126e+03
1.488126400000000071e+00,3.021043599999999969e+03,2.785892800000000079e+03,2.494312199999999848e+03,2.032061099999999897e+03,8.426713499999999613e+02,8.453543700000000172e+02,1.052403199999999970e+03,2.431165599999999813e+03
1.489822600000000108e+00,3.021260499999999865e+03,2.786182999999999993e+03,2.495530499999999847e+03,2.036111499999999978e+03,8.576353699999999662e+02,8.591359599999999546e+02,1.089693500000000085e+03,2.493719200000000001e+03
1.491518799999999922e+00,3.021279799999999796e+03,2.786250500000000102e+03,2.496486600000000180e+03,2.039777800000000070e+03,8.733503500000000486e+02,8.742204600000000028e+02,1.128526699999999892e+03,2.551078500000000076e+03
1.493215100000000017e+00,3.021158399999999801e+03,2.786110099999999875e+03,2.497023099999999886e+03,2.042417699999999968e+03,8.888754599999999755e+02,8.908779700000000048e+02,1.171308999999999969e+03,2.606844500000000153e+03
1.494911300000000054e+00,3.021726299999999810e+03,2.786779899999999998e+03,2.498695200000000114e+03,2.047252300000000105e+03,9.083535500000000411e+02,9.105260799999999790e+02,1.214690200000000004e+03,2.655653600000000097e+03
1.496607500000000091e+00,3.021989700000000084e+03,2.787106200000000172e+03,2.499903299999999945e+03,2.051257799999999861e+03,9.274641800000000558e+02,9.305975799999999936e+02,1.258049299999999903e+03,2.706109800000000178e+03
1.498303799999999963e+00,3.022622600000000148e+03,2.787839899999999943e+03,2.501679599999999937e+03,2.056438500000000204e+03,9.482717999999999847e+02,9.518161800000000312e+02,1.301168300000000045e+03,2.755862299999999777e+03
1.500000000000000000e+00,3.023452400000000125e+03,2.788810899999999947e+03,2.503795999999999822e+03,2.062289499999999862e+03,9.707278300000000399e+02,9.738588499999999613e+02,1.346879100000000108e+03,2.807500399999999900e+03
1.501470599999999989e+00,3.026045799999999872e+03,2.793354400000000169e+03,2.509637700000000223e+03,2.071308899999999994e+03,9.813948599999999942e+02,9.865422200000000430e+02,1.379428400000000011e+03,2.853113199999999779e+03
1.502941199999999977e+00,3.026940399999999954e+03,2.794444899999999961e+03,2.511936599999999999e+03,2.077629699999999957e+03,1.008915600000000040e+03,1.011055600000000027e+03,1.426084800000000087e+03,2.891746799999999894e+03
1.504411799999999966e+00,3.026690599999999904e+03,2.794085799999999836e+03,2.512551399999999830e+03,2.081730900000000020e+03,1.029920299999999997e+03,1.030400300000000016e+03,1.480538500000000113e+03,2.929085300000000188e+03
1.505836399999999964e+00,3.027808599999999842e+03,2.795679700000000139e+03,2.515521799999999985e+03,2.088861100000000079e+03,1.054398599999999988e+03,1.054190599999999904e+03,1.528578500000000076e+03,2.966365299999999934e+03
1.507308499999999940e+00,3.029081400000000031e+03,2.796743800000000192e+03,2.518186200000000099e+03,2.096696300000000065e+03,1.087124800000000050e+03,1.085378200000000106e+03,1.593278600000000097e+03,3.006216800000000148e+03
1.508780599999999916e+00,3.030448100000000068e+03,2.798315099999999802e+03,2.521455399999999827e+03,2.105157299999999850e+03,1.113716899999999896e+03,1.116286000000000058e+03,1.669263799999999947e+03,3.048492999999999938e+03
1.510252799999999951e+00,3.032782000000000153e+03,2.801055600000000140e+03,2.526220400000000154e+03,2.115927000000000135e+03,1.145622299999999996e+03,1.145264400000000023e+03,1.730955899999999929e+03,3.085611800000000130e+03
1.511724899999999927e+00,3.035234599999999773e+03,2.803928699999999935e+03,2.531149800000000141e+03,2.127152500000000146e+03,1.177371200000000044e+03,1.166894099999999980e+03,1.772110899999999901e+03,3.112181900000000041e+03
1.513196999999999903e+00,3.038927499999999782e+03,2.808101500000000215e+03,2.537565799999999854e+03,2.140631300000000010e+03,1.207475200000000086e+03,1.192395299999999907e+03,1.818810799999999972e+03,3.138471500000000106e+03
1.514669100000000102e+00,3.041715099999999893e+03,2.811367200000000139e+03,2.542985099999999875e+03,2.152616100000000188e+03,1.237109999999999900e+03,1.215631699999999910e+03,1.859521600000000035e+03,3.161084499999999935e+03
1.516027999999999931e+00,3.044546200000000226e+03,2.815548200000000179e+03,2.549110799999999927e+03,2.164566600000000108e+03,1.258204899999999952e+03,1.233147799999999961e+03,1.890719399999999951e+03,3.179235400000000027e+03
1.517443499999999945e+00,3.047743599999999788e+03,2.819003200000000106e+03,2.555297999999999774e+03,2.179168000000000120e+03,1.299282099999999900e+03,1.261143499999999904e+03,1.920469700000000103e+03,3.191903899999999794e+03
1.518858999999999959e+00,3.050240299999999934e+03,2.821929399999999987e+03,2.560499299999999948e+03,2.191729400000000169e+03,1.324717499999999973e+03,1.281021999999999935e+03,1.955971800000000030e+03,3.206894499999999880e+03
1.520274499999999973e+00,3.054023099999999886e+03,2.826404399999999896e+03,2.567649699999999939e+03,2.206702499999999873e+03,1.355896300000000110e+03,1.300790999999999940e+03,1.993754699999999957e+03,3.225029300000000148e+03
1.521689999999999987e+00,3.057260800000000017e+03,2.830167399999999816e+03,2.573677499999999782e+03,2.219742900000000191e+03,1.383600699999999961e+03,1.317948799999999892e+03,2.030934299999999894e+03,3.241454999999999927e+03
1.523105500000000001e+00,3.060997299999999996e+03,2.834514500000000226e+03,2.580463900000000194e+03,2.233936400000000049e+03,1.410076900000000023e+03,1.332966799999999921e+03,2.066468899999999849e+03,3.256878900000000158e+03
1.524521000000000015e+00,3.064522399999999834e+03,2.838511700000000019e+03,2.586584699999999884e+03,2.246925999999999931e+03,1.435994200000000092e+03,1.345288999999999987e+03,2.099852699999999913e+03,3.270367000000000189e+03
1.525936500000000029e+00,3.068418299999999817e+03,2.842827699999999822e+03,2.592868599999999788e+03,2.259578199999999924e+03,1.460467599999999948e+03,1.356372599999999920e+03,2.136085900000000038e+03,3.284639799999999923e+03
1.527352000000000043e+00,3.071639700000000175e+03,2.846450400000000172e+03,2.598420399999999972e+03,2.271376699999999801e+03,1.484514400000000023e+03,1.369074299999999994e+03,2.175985000000000127e+03,3.300119299999999839e+03
1.528767500000000057e+00,3.074041499999999814e+03,2.849276199999999790e+03,2.603221000000000004e+03,2.282623999999999796e+03,1.506447599999999966e+03,1.376762799999999970e+03,2.211285199999999804e+03,3.313387900000000172e+03
1.530183000000000071e+00,3.079167300000000068e+03,2.855206799999999930e+03,2.612255299999999806e+03,2.301777199999999993e+03,1.537960600000000113e+03,1.380619200000000092e+03,2.242928399999999783e+03,3.324975600000000213e+03
1.531598500000000085e+00,3.080612000000000080e+03,2.856492999999999938e+03,2.614195000000000164e+03,2.307076300000000174e+03,1.488833800000000110e+03,1.398044699999999921e+03,2.281346000000000004e+03,3.338673200000000179e+03
1.532912899999999912e+00,3.083741199999999935e+03,2.860769200000000183e+03,2.620369200000000092e+03,2.319492000000000189e+03,1.508798199999999952e+03,1.400994899999999916e+03,2.312092799999999897e+03,3.348246000000000095e+03
1.534336799999999945e+00,3.091589500000000044e+03,2.868823800000000119e+03,2.632210099999999784e+03,2.344174399999999878e+03,1.509690700000000106e+03,1.416130100000000084e+03,2.346086800000000039e+03,3.358677799999999934e+03
1.535760699999999979e+00,3.096306999999999789e+03,2.874296600000000126e+03,2.641056599999999889e+03,2.363914999999999964e+03,1.514414199999999937e+03,1.414429900000000089e+03,2.369296100000000024e+03,3.365319700000000012e+03
1.537055199999999955e+00,3.101745300000000043e+03,2.881821399999999812e+03,2.652553399999999783e+03,2.388711699999999837e+03,1.511845700000000079e+03,1.414495599999999968e+03,2.395510999999999967e+03,3.372822799999999916e+03
1.538349699999999931e+00,3.107814499999999953e+03,2.888351700000000164e+03,2.661059900000000198e+03,2.403034900000000107e+03,1.522159599999999955e+03,1.422490999999999985e+03,2.420336200000000190e+03,3.379371999999999844e+03
1.539644199999999907e+00,3.109220899999999801e+03,2.889274199999999837e+03,2.661872100000000046e+03,2.403355599999999868e+03,1.527908100000000104e+03,1.427003799999999956e+03,2.438735400000000027e+03,3.381269800000000032e+03
1.540938700000000106e+00,3.111459600000000137e+03,2.891022800000000188e+03,2.663574599999999919e+03,2.406377100000000155e+03,1.537195300000000088e+03,1.436879100000000108e+03,2.461573300000000017e+03,3.388092099999999846e+03
1.542233100000000023e+00,3.112719700000000103e+03,2.891822200000000066e+03,2.664502700000000004e+03,2.409385000000000218e+03,1.539173000000000002e+03,1.444287700000000086e+03,2.479947000000000116e+03,3.393201000000000022e+03
1.543342699999999956e+00,3.111338400000000092e+03,2.891779500000000098e+03,2.664739000000000033e+03,2.411639999999999873e+03,1.536188200000000052e+03,1.445695200000000114e+03,2.501904500000000098e+03,3.396280000000000200e+03
1.544452200000000053e+00,3.114030699999999797e+03,2.894283199999999852e+03,2.667807200000000194e+03,2.418616399999999885e+03,1.545470700000000079e+03,1.459741899999999987e+03,2.521507300000000214e+03,3.399778200000000197e+03
1.545561799999999986e+00,3.113335700000000088e+03,2.892675200000000132e+03,2.665648000000000138e+03,2.417666400000000067e+03,1.545366600000000062e+03,1.466594399999999951e+03,2.532999299999999948e+03,3.398230300000000170e+03
1.546671300000000082e+00,3.115826500000000124e+03,2.894928800000000138e+03,2.668707499999999982e+03,2.423777599999999893e+03,1.551486100000000079e+03,1.477046800000000076e+03,2.548979600000000119e+03,3.402811299999999846e+03
1.547780900000000015e+00,3.117440799999999854e+03,2.896173499999999876e+03,2.670539499999999862e+03,2.428366700000000037e+03,1.554633700000000090e+03,1.485150699999999915e+03,2.561668099999999868e+03,3.405459800000000087e+03
1.548890399999999890e+00,3.119915100000000166e+03,2.898271600000000035e+03,2.673202900000000227e+03,2.434145199999999932e+03,1.558786200000000008e+03,1.495857899999999972e+03,2.576828500000000076e+03,3.410281100000000151e+03
1.550000000000000044e+00,3.122254100000000108e+03,2.900239000000000033e+03,2.675634599999999864e+03,2.439096100000000206e+03,1.560842100000000073e+03,1.508874099999999999e+03,2.589641700000000128e+03,3.413662200000000212e+03
1.551063800000000104e+00,3.124021200000000135e+03,2.902333500000000186e+03,2.678606900000000223e+03,2.444946199999999862e+03,1.559589600000000019e+03,1.520494500000000016e+03,2.603494599999999991e+03,3.416481999999999971e+03
1.552151300000000012e+00,3.129177299999999832e+03,2.907422399999999925e+03,2.685151100000000042e+03,2.455083000000000084e+03,1.566934799999999996e+03,1.536179699999999912e+03,2.614600699999999961e+03,3.419576900000000023e+03
1.553071499999999938e+00,3.132412200000000212e+03,2.913817199999999957e+03,2.696223599999999806e+03,2.479178699999999935e+03,1.553609300000000076e+03,1.532259999999999991e+03,2.623671100000000024e+03,3.415131499999999960e+03
1.554009999999999891e+00,3.136290800000000218e+03,2.917488400000000183e+03,2.700841499999999996e+03,2.487545399999999972e+03,1.562577399999999898e+03,1.551746200000000044e+03,2.637379100000000108e+03,3.418679200000000037e+03
1.554948599999999903e+00,3.137309499999999844e+03,2.917981400000000122e+03,2.701793900000000122e+03,2.491304200000000037e+03,1.557698799999999892e+03,1.557414099999999962e+03,2.638483999999999924e+03,3.413452400000000125e+03
1.555907099999999987e+00,3.140326399999999921e+03,2.920323699999999917e+03,2.704119400000000041e+03,2.492815099999999802e+03,1.558333300000000008e+03,1.574225699999999961e+03,2.646314499999999953e+03,3.415851000000000113e+03
1.556865699999999908e+00,3.141097800000000007e+03,2.920216800000000148e+03,2.703348399999999856e+03,2.491248199999999997e+03,1.552057199999999966e+03,1.592954099999999926e+03,2.652545399999999972e+03,3.416500900000000001e+03
1.557846000000000064e+00,3.145299899999999980e+03,2.923824300000000221e+03,2.706926599999999780e+03,2.493648200000000088e+03,1.549887899999999945e+03,1.606319300000000112e+03,2.658610799999999927e+03,3.419684600000000046e+03
1.558849699999999894e+00,3.143657400000000052e+03,2.920985299999999825e+03,2.703297999999999774e+03,2.489178600000000188e+03,1.545158300000000054e+03,1.621194899999999961e+03,2.664030699999999797e+03,3.422540899999999965e+03
1.559853300000000109e+00,3.143850199999999859e+03,2.920359599999999773e+03,2.701969599999999900e+03,2.486892699999999877e+03,1.542822599999999966e+03,1.634552899999999909e+03,2.671058799999999792e+03,3.425943200000000161e+03
1.560765799999999981e+00,3.141527500000000146e+03,2.918538300000000163e+03,2.700227300000000014e+03,2.486418200000000070e+03,1.541528099999999995e+03,1.646875000000000000e+03,2.682411599999999908e+03,3.428464300000000094e+03
1.561678200000000016e+00,3.142702200000000175e+03,2.919480399999999918e+03,2.701231999999999971e+03,2.487310100000000148e+03,1.542542699999999968e+03,1.660733799999999974e+03,2.689213200000000143e+03,3.429821699999999964e+03
1.562612899999999971e+00,3.145457399999999780e+03,2.921116300000000138e+03,2.701850199999999859e+03,2.485858799999999974e+03,1.538369400000000041e+03,1.669512199999999893e+03,2.689670399999999972e+03,3.427624200000000201e+03
1.563547599999999926e+00,3.145014900000000125e+03,2.920085199999999986e+03,2.700498599999999897e+03,2.483916900000000169e+03,1.537036399999999958e+03,1.680069999999999936e+03,2.692235499999999774e+03,3.427250900000000001e+03
1.564506799999999975e+00,3.143126299999999901e+03,2.917197200000000066e+03,2.697118699999999990e+03,2.480215999999999894e+03,1.536989900000000034e+03,1.691187300000000050e+03,2.694398000000000138e+03,3.428021499999999833e+03
1.565466100000000083e+00,3.141362500000000182e+03,2.914815200000000004e+03,2.694419400000000223e+03,2.477427400000000034e+03,1.536985899999999901e+03,1.702493300000000090e+03,2.697750799999999799e+03,3.428913199999999961e+03
1.566452799999999979e+00,3.140982800000000225e+03,2.913628299999999854e+03,2.692898499999999785e+03,2.475362999999999829e+03,1.536348600000000033e+03,1.713152599999999893e+03,2.699096300000000156e+03,3.429275599999999940e+03
1.567469400000000013e+00,3.139310399999999845e+03,2.911056399999999940e+03,2.689855199999999968e+03,2.471585199999999986e+03,1.534559700000000021e+03,1.724802599999999984e+03,2.700645500000000084e+03,3.429675699999999779e+03
1.568485899999999988e+00,3.137454900000000180e+03,2.908796600000000126e+03,2.687489500000000135e+03,2.469049700000000030e+03,1.531792200000000093e+03,1.734505400000000009e+03,2.702325699999999870e+03,3.429697799999999916e+03
1.569536400000000054e+00,3.136999200000000201e+03,2.907617799999999988e+03,2.686154100000000199e+03,2.467743399999999838e+03,1.533486900000000105e+03,1.747631699999999910e+03,2.705170399999999972e+03,3.431302799999999934e+03
1.570586899999999897e+00,3.134814100000000053e+03,2.904953899999999976e+03,2.683261599999999817e+03,2.464578799999999774e+03,1.534034699999999930e+03,1.759199900000000071e+03,2.707187199999999848e+03,3.431335500000000138e+03
1.571601100000000084e+00,3.133564300000000003e+03,2.903711600000000089e+03,2.682077800000000025e+03,2.463679099999999835e+03,1.535226599999999962e+03,1.774253600000000006e+03,2.711746799999999894e+03,3.431441600000000108e+03
1.572615400000000108e+00,3.131945299999999861e+03,2.901775099999999838e+03,2.680052200000000084e+03,2.461515600000000177e+03,1.538034599999999955e+03,1.789946599999999989e+03,2.715104699999999866e+03,3.430886199999999917e+03
1.573668599999999973e+00,3.132062199999999848e+03,2.900981299999999919e+03,2.678697599999999966e+03,2.459634199999999964e+03,1.538008800000000065e+03,1.801366600000000062e+03,2.712944899999999961e+03,3.427495399999999790e+03
1.574721899999999897e+00,3.130786500000000160e+03,2.899300299999999879e+03,2.676996200000000044e+03,2.458639299999999821e+03,1.539910900000000083e+03,1.813139899999999898e+03,2.712496500000000196e+03,3.424968400000000202e+03
1.575775099999999984e+00,3.130396000000000186e+03,2.898666900000000169e+03,2.676503799999999956e+03,2.458754800000000159e+03,1.543205400000000054e+03,1.826114800000000059e+03,2.712901100000000042e+03,3.422617799999999988e+03
1.576828399999999908e+00,3.128981299999999919e+03,2.896925600000000031e+03,2.674724600000000009e+03,2.456945600000000013e+03,1.544037900000000036e+03,1.838661900000000060e+03,2.713020599999999831e+03,3.419987299999999777e+03
1.577881599999999995e+00,3.127611699999999928e+03,2.895364799999999832e+03,2.673480799999999817e+03,2.456648900000000140e+03,1.546587600000000066e+03,1.853340599999999995e+03,2.712671100000000024e+03,3.416849999999999909e+03
1.578934899999999919e+00,3.125723899999999958e+03,2.893173099999999977e+03,2.671409500000000207e+03,2.455149699999999939e+03,1.548033599999999979e+03,1.866261400000000094e+03,2.712492799999999988e+03,3.414155000000000200e+03
1.579988200000000065e+00,3.124281300000000101e+03,2.891419899999999870e+03,2.669816800000000057e+03,2.454195999999999913e+03,1.549926799999999957e+03,1.875299899999999980e+03,2.711418599999999969e+03,3.410797700000000077e+03
1.581041399999999930e+00,3.122419300000000021e+03,2.889195700000000215e+03,2.667737799999999879e+03,2.452535899999999856e+03,1.552696999999999889e+03,1.883942399999999907e+03,2.709636599999999817e+03,3.406897300000000087e+03
1.582094700000000076e+00,3.121945700000000215e+03,2.888294499999999971e+03,2.666980500000000120e+03,2.451245499999999993e+03,1.554313100000000077e+03,1.890435799999999972e+03,2.705951700000000073e+03,3.401538900000000012e+03
1.583089399999999980e+00,3.120231099999999969e+03,2.886547199999999975e+03,2.666101099999999860e+03,2.450823499999999967e+03,1.558927300000000059e+03,1.899669200000000046e+03,2.705398200000000088e+03,3.396530900000000202e+03
1.584084199999999942e+00,3.119108400000000074e+03,2.884451000000000022e+03,2.665417500000000018e+03,2.449310599999999795e+03,1.560336700000000064e+03,1.905411700000000110e+03,2.702263800000000174e+03,3.390954799999999977e+03
1.585145199999999921e+00,3.118393799999999828e+03,2.883965799999999945e+03,2.662017699999999877e+03,2.444655000000000200e+03,1.561097600000000057e+03,1.908936899999999923e+03,2.695375300000000152e+03,3.384742799999999988e+03
1.586073599999999972e+00,3.115039600000000064e+03,2.882297000000000025e+03,2.659852300000000014e+03,2.443978200000000015e+03,1.561601699999999937e+03,1.915376800000000003e+03,2.695540599999999813e+03,3.378715499999999793e+03
1.587002100000000082e+00,3.117002800000000207e+03,2.884201900000000023e+03,2.661233099999999922e+03,2.445789499999999862e+03,1.565546000000000049e+03,1.923273699999999963e+03,2.695228300000000218e+03,3.375293000000000120e+03
1.588001900000000077e+00,3.116181199999999990e+03,2.882313799999999901e+03,2.659314499999999953e+03,2.443878700000000208e+03,1.563262099999999919e+03,1.921521099999999933e+03,2.684580399999999827e+03,3.366101500000000215e+03
1.589001700000000072e+00,3.113862399999999980e+03,2.879154799999999796e+03,2.655276199999999790e+03,2.438421899999999823e+03,1.569266800000000103e+03,1.927538000000000011e+03,2.680293299999999817e+03,3.360283199999999852e+03
1.590001599999999904e+00,3.112781100000000151e+03,2.877610200000000077e+03,2.653417199999999866e+03,2.435916799999999967e+03,1.574494999999999891e+03,1.932666600000000017e+03,2.676452900000000227e+03,3.355422799999999825e+03
1.591001399999999899e+00,3.111094399999999951e+03,2.875490099999999984e+03,2.650892899999999827e+03,2.432043999999999869e+03,1.577977900000000091e+03,1.937737599999999929e+03,2.672722400000000107e+03,3.350266399999999976e+03
1.592001299999999953e+00,3.109038900000000012e+03,2.872817000000000007e+03,2.647575899999999820e+03,2.427702999999999975e+03,1.584508900000000040e+03,1.943440499999999929e+03,2.669479200000000219e+03,3.345303199999999833e+03
1.593001099999999948e+00,3.107817700000000059e+03,2.871180199999999786e+03,2.645556799999999839e+03,2.424726599999999962e+03,1.593148599999999988e+03,1.948760899999999992e+03,2.665548200000000179e+03,3.339789099999999962e+03
1.594000899999999943e+00,3.106513600000000224e+03,2.869457199999999830e+03,2.643453399999999874e+03,2.421641299999999774e+03,1.602259299999999939e+03,1.953799800000000005e+03,2.661470600000000104e+03,3.334042500000000018e+03
1.594858000000000109e+00,3.104269699999999830e+03,2.868679900000000089e+03,2.643126000000000204e+03,2.421557499999999891e+03,1.614498399999999947e+03,1.964038600000000088e+03,2.664561000000000149e+03,3.328994299999999839e+03
1.595714999999999995e+00,3.104950299999999970e+03,2.869148499999999785e+03,2.643290300000000116e+03,2.421272399999999834e+03,1.620582499999999982e+03,1.970126099999999951e+03,2.663298699999999826e+03,3.323773400000000038e+03
1.596572000000000102e+00,3.101861800000000130e+03,2.865568000000000211e+03,2.639301599999999780e+03,2.416752199999999903e+03,1.624135099999999966e+03,1.971304300000000012e+03,2.656849499999999807e+03,3.314151100000000042e+03
1.597428999999999988e+00,3.101498099999999795e+03,2.864661900000000060e+03,2.638053800000000138e+03,2.415417600000000220e+03,1.630163399999999911e+03,1.975198399999999992e+03,2.653021699999999782e+03,3.307673899999999776e+03
1.598286000000000096e+00,3.100271600000000035e+03,2.862925200000000132e+03,2.635966399999999794e+03,2.412786099999999806e+03,1.635514799999999923e+03,1.977169499999999971e+03,2.647870899999999892e+03,3.300598599999999806e+03
1.599142999999999981e+00,3.099387400000000071e+03,2.861528999999999996e+03,2.634255599999999959e+03,2.410846399999999903e+03,1.640803799999999910e+03,1.980691199999999981e+03,2.644441699999999855e+03,3.295400799999999890e+03
1.600000000000000089e+00,3.098008100000000013e+03,2.859629300000000057e+03,2.632054900000000089e+03,2.408418200000000070e+03,1.645878600000000006e+03,1.983732899999999972e+03,2.640752899999999954e+03,3.290019299999999930e+03
1.600925900000000013e+00,3.097097499999999854e+03,2.857389799999999923e+03,2.629079099999999926e+03,2.404774100000000089e+03,1.648635500000000093e+03,1.983827299999999923e+03,2.633940000000000055e+03,3.284789900000000216e+03
1.601869699999999952e+00,3.094991700000000037e+03,2.854549799999999777e+03,2.625850199999999859e+03,2.401086099999999988e+03,1.653919699999999921e+03,1.985189900000000080e+03,2.628236499999999978e+03,3.279079900000000180e+03
1.602813400000000055e+00,3.094473500000000058e+03,2.853662600000000111e+03,2.624749800000000050e+03,2.399790300000000116e+03,1.664922100000000000e+03,1.989356099999999969e+03,2.625512200000000121e+03,3.275768399999999929e+03
1.603776400000000102e+00,3.093253700000000208e+03,2.851960799999999836e+03,2.622909599999999955e+03,2.397769499999999880e+03,1.670785599999999931e+03,1.991590899999999920e+03,2.621114199999999983e+03,3.271146499999999833e+03
1.604739399999999927e+00,3.091940900000000056e+03,2.850357399999999870e+03,2.621207199999999830e+03,2.395921499999999924e+03,1.675169900000000098e+03,1.994152800000000070e+03,2.617186200000000099e+03,3.266117000000000189e+03
1.605626800000000021e+00,3.090695900000000165e+03,2.849735599999999977e+03,2.620792500000000018e+03,2.395602100000000064e+03,1.677038299999999936e+03,2.000187100000000100e+03,2.617463200000000143e+03,3.261903099999999995e+03
1.606514299999999951e+00,3.090657099999999900e+03,2.849623000000000047e+03,2.620459600000000137e+03,2.394954000000000178e+03,1.679399799999999914e+03,2.001997299999999996e+03,2.614371700000000146e+03,3.256734899999999925e+03
1.607420300000000024e+00,3.089184099999999944e+03,2.847530299999999897e+03,2.618065099999999802e+03,2.392194500000000062e+03,1.681918100000000095e+03,2.001820999999999913e+03,2.608208799999999883e+03,3.249001099999999951e+03
1.608239100000000033e+00,3.088490299999999934e+03,2.847657900000000154e+03,2.618475800000000163e+03,2.392834400000000187e+03,1.689458599999999933e+03,2.007676300000000083e+03,2.609135699999999815e+03,3.244469399999999951e+03
1.609057900000000041e+00,3.088877399999999852e+03,2.847880000000000109e+03,2.618607199999999921e+03,2.393266999999999825e+03,1.690234099999999899e+03,2.008276699999999892e+03,2.605407499999999800e+03,3.238079499999999825e+03
1.609893500000000088e+00,3.087112700000000132e+03,2.845431799999999839e+03,2.615801300000000083e+03,2.390416999999999916e+03,1.692278299999999945e+03,2.006714799999999968e+03,2.598779500000000098e+03,3.230095200000000204e+03
1.610729000000000077e+00,3.086090000000000146e+03,2.843896400000000085e+03,2.613853300000000218e+03,2.388001299999999901e+03,1.698274799999999914e+03,2.008765699999999924e+03,2.595254399999999805e+03,3.224485499999999774e+03
1.611514499999999961e+00,3.084648000000000138e+03,2.842645500000000084e+03,2.612330899999999929e+03,2.385848899999999958e+03,1.703381900000000087e+03,2.013134199999999964e+03,2.594591100000000097e+03,3.219509500000000116e+03
1.612316199999999977e+00,3.084805199999999786e+03,2.842321699999999964e+03,2.611918000000000120e+03,2.385934099999999944e+03,1.704371100000000069e+03,2.012263999999999896e+03,2.589713699999999790e+03,3.213508699999999862e+03
1.613118000000000052e+00,3.083668400000000020e+03,2.840805400000000191e+03,2.610335900000000038e+03,2.385024199999999837e+03,1.708817299999999932e+03,2.011459100000000035e+03,2.584341199999999844e+03,3.206632500000000164e+03
1.613937600000000083e+00,3.083509000000000015e+03,2.840047900000000027e+03,2.609401899999999841e+03,2.384483499999999822e+03,1.715875299999999925e+03,2.010953700000000026e+03,2.578872299999999996e+03,3.200596599999999853e+03
1.614757199999999893e+00,3.082507900000000063e+03,2.838642600000000130e+03,2.607745699999999943e+03,2.382763600000000224e+03,1.717945099999999911e+03,2.010602399999999989e+03,2.574145399999999881e+03,3.194872199999999793e+03
1.615596299999999985e+00,3.081967999999999847e+03,2.837414099999999962e+03,2.606045700000000124e+03,2.380559999999999945e+03,1.721775699999999915e+03,2.010917899999999918e+03,2.569553600000000188e+03,3.189884399999999914e+03
1.616456399999999904e+00,3.080547399999999925e+03,2.835251900000000205e+03,2.603344700000000103e+03,2.377159299999999803e+03,1.725250900000000001e+03,2.011320500000000038e+03,2.564839100000000144e+03,3.184841399999999794e+03
1.617274600000000007e+00,3.079752599999999802e+03,2.834688099999999849e+03,2.602789499999999862e+03,2.376749200000000201e+03,1.731392900000000054e+03,2.014501400000000103e+03,2.563565900000000056e+03,3.180808300000000145e+03
1.618113700000000099e+00,3.079772199999999884e+03,2.834292199999999866e+03,2.602400500000000193e+03,2.377010800000000017e+03,1.734172000000000025e+03,2.013575599999999895e+03,2.558653800000000047e+03,3.175508400000000165e+03
1.618952799999999970e+00,3.079130999999999858e+03,2.833465499999999793e+03,2.601691600000000108e+03,2.377089199999999892e+03,1.738212299999999914e+03,2.012303499999999985e+03,2.553174799999999777e+03,3.168836699999999837e+03
1.619815199999999900e+00,3.079198899999999867e+03,2.833042899999999918e+03,2.601238199999999779e+03,2.377195900000000165e+03,1.741994400000000041e+03,2.010568199999999933e+03,2.547381400000000212e+03,3.162827600000000075e+03
1.620677600000000051e+00,3.077796800000000076e+03,2.831325200000000223e+03,2.599309200000000146e+03,2.375170799999999872e+03,1.745835399999999936e+03,2.010332499999999982e+03,2.542787800000000061e+03,3.157320900000000165e+03
1.621566199999999958e+00,3.076735000000000127e+03,2.829605300000000170e+03,2.597109399999999823e+03,2.372413300000000163e+03,1.750058700000000044e+03,2.010968800000000101e+03,2.538522699999999986e+03,3.152595600000000104e+03
1.622454700000000027e+00,3.075550000000000182e+03,2.828048899999999776e+03,2.595156899999999951e+03,2.369784099999999853e+03,1.754561699999999973e+03,2.012292599999999993e+03,2.534733000000000175e+03,3.147737799999999879e+03
1.623372899999999897e+00,3.075457199999999830e+03,2.827414699999999812e+03,2.594284700000000157e+03,2.368646000000000186e+03,1.757467499999999973e+03,2.011399400000000014e+03,2.529314499999999953e+03,3.142447099999999864e+03
1.624291099999999988e+00,3.074938999999999851e+03,2.826672599999999875e+03,2.593450499999999920e+03,2.367814300000000003e+03,1.761413800000000037e+03,2.010754599999999982e+03,2.524178800000000138e+03,3.136766700000000128e+03
1.625243299999999946e+00,3.074993599999999788e+03,2.826236600000000180e+03,2.592914800000000014e+03,2.367384100000000217e+03,1.764730700000000070e+03,2.008823699999999917e+03,2.517770599999999831e+03,3.130733600000000024e+03
1.626195499999999905e+00,3.073766299999999774e+03,2.824780299999999897e+03,2.591380400000000009e+03,2.366089500000000044e+03,1.768855299999999943e+03,2.008174800000000005e+03,2.512979800000000068e+03,3.125394499999999880e+03
1.627147600000000027e+00,3.073125900000000001e+03,2.823913500000000113e+03,2.590290500000000065e+03,2.364832499999999982e+03,1.773857299999999896e+03,2.008994599999999991e+03,2.509141700000000128e+03,3.120505200000000059e+03
1.628141199999999955e+00,3.071910600000000159e+03,2.821974000000000160e+03,2.587806900000000041e+03,2.361628600000000006e+03,1.775688900000000103e+03,2.007686899999999923e+03,2.503091199999999844e+03,3.114224200000000110e+03
1.629134800000000105e+00,3.070807099999999991e+03,2.820592799999999897e+03,2.586128700000000208e+03,2.359496900000000096e+03,1.779861699999999928e+03,2.008331300000000056e+03,2.498630099999999857e+03,3.108642199999999775e+03
1.630128400000000033e+00,3.070406199999999899e+03,2.820002700000000004e+03,2.585375799999999799e+03,2.358569500000000062e+03,1.783423500000000104e+03,2.008528700000000072e+03,2.494126200000000154e+03,3.102913000000000011e+03
1.631174300000000077e+00,3.069970899999999801e+03,2.818954999999999927e+03,2.584114500000000135e+03,2.357232899999999972e+03,1.785067000000000007e+03,2.006100300000000061e+03,2.486992499999999836e+03,3.095721399999999903e+03
1.632220100000000063e+00,3.068797300000000178e+03,2.817569100000000162e+03,2.582640199999999822e+03,2.355922199999999975e+03,1.788863399999999956e+03,2.005467200000000048e+03,2.481633200000000215e+03,3.089448400000000220e+03
1.633331400000000100e+00,3.068320900000000165e+03,2.816373500000000149e+03,2.581162699999999859e+03,2.354446399999999812e+03,1.791955099999999902e+03,2.003532999999999902e+03,2.474664800000000014e+03,3.082593400000000202e+03
1.634442600000000079e+00,3.066772399999999834e+03,2.814553899999999885e+03,2.579117699999999786e+03,2.352365099999999984e+03,1.795938100000000077e+03,2.002764899999999898e+03,2.469110299999999825e+03,3.076245699999999943e+03
1.635553899999999894e+00,3.066284700000000157e+03,2.813833999999999833e+03,2.578075899999999820e+03,2.350938500000000204e+03,1.801154199999999946e+03,2.003828199999999924e+03,2.465151400000000194e+03,3.070921800000000076e+03
1.636665100000000095e+00,3.065337500000000091e+03,2.812608099999999922e+03,2.576398599999999988e+03,2.348514200000000073e+03,1.803867799999999988e+03,2.004210399999999936e+03,2.460452800000000025e+03,3.064393700000000081e+03
1.637877400000000039e+00,3.065626499999999851e+03,2.811980100000000220e+03,2.575304799999999886e+03,2.346751600000000053e+03,1.803659499999999980e+03,1.999958900000000085e+03,2.451499800000000050e+03,3.055441299999999956e+03
1.639089599999999924e+00,3.064363600000000133e+03,2.810438299999999799e+03,2.573522699999999986e+03,2.344778299999999945e+03,1.806543799999999919e+03,1.998944899999999961e+03,2.445431300000000192e+03,3.048182299999999941e+03
1.640301900000000090e+00,3.064059400000000096e+03,2.809908100000000104e+03,2.572712799999999788e+03,2.343741100000000188e+03,1.810380400000000009e+03,1.999189499999999953e+03,2.440917800000000170e+03,3.042318099999999959e+03
1.641514200000000034e+00,3.062766799999999876e+03,2.808443999999999960e+03,2.571079099999999926e+03,2.342327600000000075e+03,1.813367899999999963e+03,1.998316000000000031e+03,2.435073400000000220e+03,3.034709299999999985e+03
1.642726399999999920e+00,3.062026699999999892e+03,2.807514400000000023e+03,2.569924399999999878e+03,2.341261500000000069e+03,1.815701700000000073e+03,1.997499399999999923e+03,2.429669300000000021e+03,3.027392600000000130e+03
1.643938700000000086e+00,3.061622600000000148e+03,2.806961400000000140e+03,2.569265800000000127e+03,2.340941800000000057e+03,1.818201600000000099e+03,1.996089600000000019e+03,2.423701799999999821e+03,3.019454000000000178e+03
1.645150899999999972e+00,3.061142100000000028e+03,2.806316299999999956e+03,2.568549500000000080e+03,2.340639400000000023e+03,1.820729000000000042e+03,1.994797700000000077e+03,2.418023299999999836e+03,3.011847699999999804e+03
1.646363199999999916e+00,3.060302799999999934e+03,2.805316100000000006e+03,2.567422900000000027e+03,2.339822700000000168e+03,1.822614299999999957e+03,1.993236100000000079e+03,2.412099200000000110e+03,3.003903600000000097e+03
1.647575500000000082e+00,3.059781300000000101e+03,2.804473399999999856e+03,2.566458900000000085e+03,2.339282600000000002e+03,1.824658300000000054e+03,1.991873499999999922e+03,2.406367000000000189e+03,2.996036500000000160e+03
1.648787699999999967e+00,3.058989500000000135e+03,2.803432299999999941e+03,2.565303300000000036e+03,2.338529599999999846e+03,1.826006499999999960e+03,1.989739800000000059e+03,2.400014000000000124e+03,2.987700899999999820e+03
1.649999999999999911e+00,3.058350500000000011e+03,2.802523599999999988e+03,2.564247800000000097e+03,2.337840299999999843e+03,1.827746300000000019e+03,1.987896799999999985e+03,2.393923899999999776e+03,2.979518300000000181e+03
1.651351400000000025e+00,3.058415399999999863e+03,2.801181000000000040e+03,2.562407200000000103e+03,2.335545999999999822e+03,1.827215400000000045e+03,1.983731399999999894e+03,2.384855700000000070e+03,2.969451100000000224e+03
1.652782200000000090e+00,3.058028499999999894e+03,2.799905200000000150e+03,2.560798499999999876e+03,2.333469900000000052e+03,1.828786800000000085e+03,1.981184600000000046e+03,2.377215400000000045e+03,2.961081299999999828e+03
1.654212999999999933e+00,3.057934099999999944e+03,2.799440500000000156e+03,2.560128400000000056e+03,2.332505500000000211e+03,1.831943299999999908e+03,1.980340400000000045e+03,2.371844799999999850e+03,2.954839699999999993e+03
1.655690000000000106e+00,3.058123099999999795e+03,2.799165500000000065e+03,2.559676199999999881e+03,2.331818099999999959e+03,1.834674500000000080e+03,1.978819999999999936e+03,2.365428399999999783e+03,2.947124600000000100e+03
1.657218000000000080e+00,3.058011399999999867e+03,2.798569500000000062e+03,2.558905000000000200e+03,2.330850699999999961e+03,1.837430800000000090e+03,1.976703500000000076e+03,2.358286799999999857e+03,2.938460700000000088e+03
1.658802499999999958e+00,3.057588699999999790e+03,2.797574999999999818e+03,2.557641700000000128e+03,2.329200699999999870e+03,1.839385999999999967e+03,1.974308199999999943e+03,2.350919699999999921e+03,2.929564699999999903e+03
1.660387000000000057e+00,3.057104699999999866e+03,2.796612000000000080e+03,2.556350800000000163e+03,2.327472499999999854e+03,1.840873800000000074e+03,1.972576700000000073e+03,2.344402999999999793e+03,2.921073199999999815e+03
1.661971499999999935e+00,3.057137799999999970e+03,2.796369000000000142e+03,2.555964599999999791e+03,2.327122699999999895e+03,1.841924299999999903e+03,1.970270800000000008e+03,2.337643900000000031e+03,2.912233400000000074e+03
1.663556000000000035e+00,3.056565000000000055e+03,2.795537100000000009e+03,2.554985799999999927e+03,2.326174199999999928e+03,1.843334800000000087e+03,1.968243300000000090e+03,2.330878700000000208e+03,2.902893999999999778e+03
1.665212600000000043e+00,3.055990999999999985e+03,2.794327699999999822e+03,2.553475300000000061e+03,2.324437100000000100e+03,1.843933999999999969e+03,1.965301600000000008e+03,2.323105000000000018e+03,2.892643900000000031e+03
1.666869099999999992e+00,3.055031700000000001e+03,2.792931799999999839e+03,2.551713299999999890e+03,2.322249099999999999e+03,1.845480299999999943e+03,1.963182700000000068e+03,2.316107899999999972e+03,2.883114599999999882e+03
1.668525700000000001e+00,3.054444399999999860e+03,2.791962500000000091e+03,2.550491799999999785e+03,2.321308599999999842e+03,1.847006800000000112e+03,1.961447200000000066e+03,2.309793599999999969e+03,2.874294400000000223e+03
1.670182199999999950e+00,3.053829400000000078e+03,2.790858000000000175e+03,2.549051699999999983e+03,2.319913599999999860e+03,1.847970100000000002e+03,1.959211099999999988e+03,2.302936299999999846e+03,2.864731499999999869e+03
1.671673100000000023e+00,3.052570200000000114e+03,2.789985999999999876e+03,2.548079000000000178e+03,2.319807400000000143e+03,1.851109699999999975e+03,1.959293799999999919e+03,2.299210099999999784e+03,2.857882500000000164e+03
1.673246800000000034e+00,3.052255099999999857e+03,2.789054399999999987e+03,2.546997899999999845e+03,2.319220499999999902e+03,1.850606899999999996e+03,1.956539800000000014e+03,2.292048400000000129e+03,2.847245399999999790e+03
1.674820500000000045e+00,3.051118800000000192e+03,2.787482599999999820e+03,2.545322500000000218e+03,2.318380200000000059e+03,1.852415700000000015e+03,1.954427400000000034e+03,2.285366300000000138e+03,2.837216399999999794e+03
1.676499200000000078e+00,3.050855000000000018e+03,2.786253799999999956e+03,2.543817000000000007e+03,2.316471799999999803e+03,1.853057700000000068e+03,1.951844200000000001e+03,2.278290700000000015e+03,2.827433599999999842e+03
1.678306899999999935e+00,3.050363299999999981e+03,2.784700299999999970e+03,2.541931000000000040e+03,2.313691600000000108e+03,1.853345000000000027e+03,1.948451000000000022e+03,2.270119499999999789e+03,2.817034000000000106e+03
1.679975599999999902e+00,3.049226599999999962e+03,2.783373599999999897e+03,2.540379800000000159e+03,2.311851099999999860e+03,1.856076199999999972e+03,1.947552400000000034e+03,2.265360000000000127e+03,2.810234899999999925e+03
1.681796000000000069e+00,3.049262600000000020e+03,2.782445000000000164e+03,2.539526899999999841e+03,2.310177700000000186e+03,1.854898699999999963e+03,1.944227699999999913e+03,2.257546200000000226e+03,2.799626499999999851e+03
1.683616400000000013e+00,3.047936200000000099e+03,2.780313099999999849e+03,2.538512200000000121e+03,2.307985999999999876e+03,1.855266800000000103e+03,1.940979499999999916e+03,2.249869700000000194e+03,2.789270799999999781e+03
1.685436799999999957e+00,3.047424100000000180e+03,2.779817300000000159e+03,2.535668900000000122e+03,2.306002300000000105e+03,1.855433500000000095e+03,1.938467200000000048e+03,2.243382200000000012e+03,2.780265400000000227e+03
1.687257199999999902e+00,3.046543700000000172e+03,2.778630799999999908e+03,2.533731299999999919e+03,2.304199599999999919e+03,1.854540799999999990e+03,1.935413999999999987e+03,2.236325400000000172e+03,2.770240400000000136e+03
1.689077600000000068e+00,3.046248399999999947e+03,2.777475300000000061e+03,2.532052799999999934e+03,2.302637200000000121e+03,1.853488200000000006e+03,1.932456899999999905e+03,2.229534299999999803e+03,2.760252300000000105e+03
1.690898000000000012e+00,3.045679399999999987e+03,2.776257200000000012e+03,2.530606099999999969e+03,2.301314199999999801e+03,1.853248399999999947e+03,1.929334700000000112e+03,2.222462100000000191e+03,2.749877800000000207e+03
1.692718399999999956e+00,3.045235200000000077e+03,2.775213200000000143e+03,2.529126800000000003e+03,2.299862299999999777e+03,1.852171700000000101e+03,1.925930599999999913e+03,2.215359899999999925e+03,2.739563000000000102e+03
1.694538799999999901e+00,3.045446300000000065e+03,2.774080199999999877e+03,2.527823100000000068e+03,2.298740299999999934e+03,1.851811400000000049e+03,1.922808099999999968e+03,2.208525200000000041e+03,2.729384399999999914e+03
1.696359200000000067e+00,3.044470899999999801e+03,2.772725100000000111e+03,2.526251000000000204e+03,2.297265199999999822e+03,1.850313100000000077e+03,1.919701199999999972e+03,2.201818699999999808e+03,2.719302200000000084e+03
1.698179600000000011e+00,3.043679500000000189e+03,2.771341600000000199e+03,2.524396900000000187e+03,2.295366100000000188e+03,1.848791500000000042e+03,1.916325299999999970e+03,2.195052799999999934e+03,2.709163199999999961e+03
1.699999999999999956e+00,3.043247299999999996e+03,2.770240600000000086e+03,2.522899899999999889e+03,2.293777700000000095e+03,1.847156400000000076e+03,1.913029800000000023e+03,2.188362399999999980e+03,2.699186200000000099e+03
1.701999999999999957e+00,3.043095200000000204e+03,2.769085199999999986e+03,2.521333299999999781e+03,2.291124400000000151e+03,1.845795499999999947e+03,1.909180399999999963e+03,2.180577600000000075e+03,2.687800000000000182e+03
1.704086999999999907e+00,3.043086099999999988e+03,2.767697200000000066e+03,2.519223700000000008e+03,2.287508100000000013e+03,1.845113599999999906e+03,1.905715099999999893e+03,2.173190799999999854e+03,2.677315700000000106e+03
1.705999999999999961e+00,3.041669100000000071e+03,2.765966499999999996e+03,2.516910800000000108e+03,2.285149600000000191e+03,1.845812899999999900e+03,1.903931800000000067e+03,2.168165599999999813e+03,2.669565000000000055e+03
1.707999999999999963e+00,3.040724600000000009e+03,2.765170300000000225e+03,2.516050900000000183e+03,2.284525900000000092e+03,1.843944400000000087e+03,1.900211499999999887e+03,2.161040199999999913e+03,2.658881699999999910e+03
1.710099999999999953e+00,3.039927299999999832e+03,2.763520300000000134e+03,2.513952600000000075e+03,2.281741399999999885e+03,1.841625399999999900e+03,1.895415099999999939e+03,2.152492600000000039e+03,2.646673600000000079e+03
1.712199999999999944e+00,3.038867900000000191e+03,2.761728000000000065e+03,2.511590099999999893e+03,2.278635099999999966e+03,1.841045100000000048e+03,1.892492600000000039e+03,2.145964199999999892e+03,2.636656800000000203e+03
1.714423500000000100e+00,3.038365899999999783e+03,2.760455599999999777e+03,2.509849999999999909e+03,2.275945999999999913e+03,1.839157799999999952e+03,1.888537299999999959e+03,2.138304000000000087e+03,2.625335799999999836e+03
1.716647100000000092e+00,3.037500100000000202e+03,2.758785600000000159e+03,2.507604600000000119e+03,2.273001099999999951e+03,1.837951999999999998e+03,1.885026699999999892e+03,2.131197000000000116e+03,2.614694300000000112e+03
1.718870600000000026e+00,3.036788100000000213e+03,2.757538599999999860e+03,2.505883499999999913e+03,2.270818900000000212e+03,1.836506900000000087e+03,1.881502300000000105e+03,2.124315799999999854e+03,2.604138800000000174e+03
1.721094099999999960e+00,3.035406300000000101e+03,2.756412499999999909e+03,2.504640899999999874e+03,2.270889400000000023e+03,1.834202600000000075e+03,1.877444799999999987e+03,2.116936000000000149e+03,2.592777900000000045e+03
1.723502899999999949e+00,3.035140400000000227e+03,2.755540399999999863e+03,2.503515600000000177e+03,2.268940900000000056e+03,1.831664600000000064e+03,1.873075399999999945e+03,2.108999200000000201e+03,2.580569199999999910e+03
1.725911799999999996e+00,3.034328500000000076e+03,2.753775000000000091e+03,2.501140899999999874e+03,2.265340599999999995e+03,1.829850699999999961e+03,1.869039299999999912e+03,2.101378900000000158e+03,2.568907999999999902e+03
1.728320599999999985e+00,3.033622899999999845e+03,2.752384599999999864e+03,2.499485200000000077e+03,2.262954999999999927e+03,1.827342599999999948e+03,1.864848099999999931e+03,2.094131199999999808e+03,2.557669400000000223e+03
1.730729399999999973e+00,3.032888600000000224e+03,2.751057400000000143e+03,2.497984500000000025e+03,2.260963099999999940e+03,1.824960100000000011e+03,1.860421299999999974e+03,2.086514099999999871e+03,2.545771299999999883e+03
1.733138199999999962e+00,3.031950899999999820e+03,2.749614300000000185e+03,2.496498900000000049e+03,2.258753799999999956e+03,1.822580400000000054e+03,1.856138799999999947e+03,2.079163000000000011e+03,2.533934699999999793e+03
1.735547100000000009e+00,3.031417800000000170e+03,2.748522500000000036e+03,2.495504300000000057e+03,2.256700800000000072e+03,1.820311400000000049e+03,1.851713600000000042e+03,2.071605799999999817e+03,2.521941100000000006e+03
1.737955899999999998e+00,3.030487799999999879e+03,2.747009100000000217e+03,2.494534999999999854e+03,2.254101400000000012e+03,1.817759999999999991e+03,1.847199299999999994e+03,2.064113100000000031e+03,2.509939300000000003e+03
1.740364699999999987e+00,3.029931799999999839e+03,2.745899800000000141e+03,2.493879199999999855e+03,2.251825299999999970e+03,1.815355000000000018e+03,1.842965599999999995e+03,2.056947299999999814e+03,2.498160400000000209e+03
1.742773499999999975e+00,3.029110599999999977e+03,2.744070600000000013e+03,2.490206299999999828e+03,2.253383800000000065e+03,1.811974999999999909e+03,1.838254400000000032e+03,2.049572999999999865e+03,2.486335199999999986e+03
1.745182400000000023e+00,3.028069500000000062e+03,2.742085999999999785e+03,2.487570099999999911e+03,2.251059400000000096e+03,1.809318099999999959e+03,1.833972999999999956e+03,2.042571099999999888e+03,2.474844200000000001e+03
1.747591200000000011e+00,3.026870300000000043e+03,2.739911900000000060e+03,2.482495899999999892e+03,2.248471000000000004e+03,1.807142000000000053e+03,1.830059099999999944e+03,2.035955699999999979e+03,2.463791700000000219e+03
1.750000000000000000e+00,3.025520599999999831e+03,2.738132700000000114e+03,2.480528200000000197e+03,2.244792699999999968e+03,1.804626500000000078e+03,1.825981700000000046e+03,2.029304599999999937e+03,2.452779899999999998e+03
1.752631599999999956e+00,3.025353700000000117e+03,2.736988499999999931e+03,2.478317399999999907e+03,2.238326500000000124e+03,1.801509999999999991e+03,1.821398500000000013e+03,2.021950000000000045e+03,2.440987000000000080e+03
1.755263199999999912e+00,3.023799199999999928e+03,2.734580699999999979e+03,2.474875199999999950e+03,2.234299500000000080e+03,1.798905199999999923e+03,1.817183099999999968e+03,2.014982600000000048e+03,2.429551199999999881e+03
1.757894700000000032e+00,3.023286900000000060e+03,2.733238199999999779e+03,2.472455300000000079e+03,2.231312100000000100e+03,1.796700399999999945e+03,1.813634299999999939e+03,2.008738800000000083e+03,2.418784900000000107e+03
1.760526299999999988e+00,3.022140800000000127e+03,2.731413700000000063e+03,2.469896600000000035e+03,2.228480100000000220e+03,1.794126700000000028e+03,1.809834800000000087e+03,2.002232500000000073e+03,2.407704299999999876e+03
1.763157899999999945e+00,3.021333000000000084e+03,2.729878200000000106e+03,2.467551100000000133e+03,2.225716199999999844e+03,1.791359799999999950e+03,1.805894700000000057e+03,1.995586099999999988e+03,2.396402700000000095e+03
1.765789499999999901e+00,3.020131899999999860e+03,2.727983999999999924e+03,2.464937199999999848e+03,2.222699700000000121e+03,1.788715400000000045e+03,1.802070500000000038e+03,1.988972800000000007e+03,2.385004899999999907e+03
1.768421100000000079e+00,3.018716499999999996e+03,2.725785899999999856e+03,2.461821800000000167e+03,2.217892699999999877e+03,1.785637699999999995e+03,1.797906700000000001e+03,1.982214300000000094e+03,2.373639099999999871e+03
1.771052599999999977e+00,3.017561299999999846e+03,2.723782499999999800e+03,2.458835599999999886e+03,2.212442000000000007e+03,1.782788299999999936e+03,1.793972199999999930e+03,1.975665199999999913e+03,2.362406399999999849e+03
1.773684199999999933e+00,3.016435899999999947e+03,2.721896999999999935e+03,2.456278699999999844e+03,2.207945900000000165e+03,1.780108300000000099e+03,1.790238399999999956e+03,1.969351400000000012e+03,2.351436499999999796e+03
1.776315799999999889e+00,3.015524600000000191e+03,2.720253900000000158e+03,2.454028400000000147e+03,2.204467399999999998e+03,1.777172199999999975e+03,1.786410399999999981e+03,1.963075900000000047e+03,2.340520399999999881e+03
1.778947400000000068e+00,3.014650200000000041e+03,2.718669600000000173e+03,2.451865400000000136e+03,2.201260099999999966e+03,1.774097800000000007e+03,1.782538099999999986e+03,1.956795900000000074e+03,2.329645799999999781e+03
1.781578899999999965e+00,3.013437500000000000e+03,2.716738499999999931e+03,2.449286700000000110e+03,2.197352800000000116e+03,1.770948599999999942e+03,1.778680699999999888e+03,1.950586499999999887e+03,2.318945299999999861e+03
1.784210499999999922e+00,3.012380000000000109e+03,2.714941200000000208e+03,2.446814699999999903e+03,2.193379500000000007e+03,1.767719599999999900e+03,1.774763200000000097e+03,1.944311300000000074e+03,2.308286599999999908e+03
1.786842100000000100e+00,3.011661799999999857e+03,2.713437899999999900e+03,2.444601799999999912e+03,2.189645700000000033e+03,1.764680699999999888e+03,1.771029299999999921e+03,1.938254599999999982e+03,2.297777199999999993e+03
1.789473700000000056e+00,3.010514799999999923e+03,2.711552900000000136e+03,2.442074399999999969e+03,2.185771400000000085e+03,1.761523899999999912e+03,1.767165299999999888e+03,1.932095100000000002e+03,2.287287800000000061e+03
1.792105300000000012e+00,3.009236699999999928e+03,2.709532200000000103e+03,2.439420599999999922e+03,2.181932400000000143e+03,1.758275499999999965e+03,1.763184799999999996e+03,1.925904399999999896e+03,2.276777900000000045e+03
1.794736799999999910e+00,3.008280200000000150e+03,2.707911900000000060e+03,2.437383499999999913e+03,2.179282999999999902e+03,1.754848899999999958e+03,1.759169900000000098e+03,1.919717900000000100e+03,2.266413500000000113e+03
1.797368400000000088e+00,3.007145199999999932e+03,2.706008200000000215e+03,2.434744299999999839e+03,2.175393399999999929e+03,1.751777599999999893e+03,1.755394299999999930e+03,1.913693199999999933e+03,2.256080699999999979e+03
1.800000000000000044e+00,3.005824799999999868e+03,2.703794899999999870e+03,2.431425099999999929e+03,2.169704000000000178e+03,1.749033899999999903e+03,1.751838799999999992e+03,1.907810899999999947e+03,2.245817100000000210e+03
1.802777800000000097e+00,3.005011700000000019e+03,2.701980500000000120e+03,2.428665800000000218e+03,2.162225399999999809e+03,1.746044200000000046e+03,1.748223600000000033e+03,1.901766499999999951e+03,2.235427499999999782e+03
1.805555599999999927e+00,3.003659299999999803e+03,2.699810199999999895e+03,2.425760600000000068e+03,2.156974700000000212e+03,1.742622599999999920e+03,1.744130200000000059e+03,1.895235500000000002e+03,2.224170000000000073e+03
1.808333299999999921e+00,3.002107700000000023e+03,2.697371900000000096e+03,2.422386100000000170e+03,2.151520100000000184e+03,1.739572499999999991e+03,1.740305900000000065e+03,1.889005699999999933e+03,2.213387600000000020e+03
1.811111099999999974e+00,3.000353500000000167e+03,2.694801300000000083e+03,2.418946800000000167e+03,2.145671899999999823e+03,1.736340799999999945e+03,1.736316100000000006e+03,1.882659900000000107e+03,2.202500599999999849e+03
1.813703700000000030e+00,2.998126299999999901e+03,2.692246399999999994e+03,2.416499699999999848e+03,2.143311700000000201e+03,1.733205500000000029e+03,1.732458800000000110e+03,1.876509499999999889e+03,2.191617299999999886e+03
1.816495699999999935e+00,2.997748700000000099e+03,2.690760900000000220e+03,2.414005799999999908e+03,2.136041499999999814e+03,1.729790700000000015e+03,1.728547700000000077e+03,1.870425600000000031e+03,2.181672599999999875e+03
1.819287700000000063e+00,2.995860000000000127e+03,2.687771699999999782e+03,2.410110999999999876e+03,2.130483999999999924e+03,1.725856600000000071e+03,1.724089199999999892e+03,1.863517399999999952e+03,2.169989199999999983e+03
1.822079800000000027e+00,2.994617000000000189e+03,2.685557200000000194e+03,2.407110200000000077e+03,2.125715900000000147e+03,1.722380499999999984e+03,1.720015400000000000e+03,1.857148999999999887e+03,2.159141500000000178e+03
1.824618000000000073e+00,2.992575200000000223e+03,2.683067799999999806e+03,2.404987500000000182e+03,2.122890199999999822e+03,1.719406999999999925e+03,1.716173000000000002e+03,1.850990600000000086e+03,2.148353300000000218e+03
1.827156199999999897e+00,2.991672799999999825e+03,2.681746299999999792e+03,2.403875900000000001e+03,2.116453100000000177e+03,1.716695400000000063e+03,1.712769099999999980e+03,1.845557600000000093e+03,2.139264700000000175e+03
1.830011700000000019e+00,2.990877500000000055e+03,2.679773900000000140e+03,2.400372800000000097e+03,2.105198499999999967e+03,1.712593200000000024e+03,1.708370300000000043e+03,1.838801500000000033e+03,2.128564400000000205e+03
1.832232599999999989e+00,2.987301399999999830e+03,2.676625799999999799e+03,2.398689400000000205e+03,2.108502899999999954e+03,1.709749900000000025e+03,1.704321899999999914e+03,1.831923099999999977e+03,2.115459299999999985e+03
1.834453499999999959e+00,2.987780000000000200e+03,2.677012600000000020e+03,2.398486100000000079e+03,2.104059099999999944e+03,1.708289999999999964e+03,1.702304499999999962e+03,1.828363299999999981e+03,2.109747299999999996e+03
1.837044600000000028e+00,2.987223599999999806e+03,2.675192100000000210e+03,2.394066499999999905e+03,2.091353200000000015e+03,1.704030199999999923e+03,1.697822899999999890e+03,1.821672199999999975e+03,2.099272599999999784e+03
1.839203799999999944e+00,2.983902399999999943e+03,2.672032799999999952e+03,2.391763899999999921e+03,2.091075699999999870e+03,1.700742299999999886e+03,1.693416699999999992e+03,1.814264300000000048e+03,2.085028899999999794e+03
1.841363099999999919e+00,2.983494000000000142e+03,2.670900599999999940e+03,2.389840000000000146e+03,2.088911500000000160e+03,1.699217300000000023e+03,1.691464799999999968e+03,1.810897200000000112e+03,2.079444300000000112e+03
1.843522300000000058e+00,2.982204999999999927e+03,2.669011100000000170e+03,2.387259100000000217e+03,2.084284900000000107e+03,1.696177300000000059e+03,1.688006300000000010e+03,1.805409200000000055e+03,2.070067500000000109e+03
1.845681499999999975e+00,2.980580599999999777e+03,2.666824700000000121e+03,2.384233600000000024e+03,2.079429000000000087e+03,1.693457100000000082e+03,1.684837899999999991e+03,1.800163199999999961e+03,2.060423600000000079e+03
1.847840799999999950e+00,2.979718699999999899e+03,2.665264000000000124e+03,2.381497600000000148e+03,2.075262400000000071e+03,1.690674299999999903e+03,1.681643199999999979e+03,1.794964600000000019e+03,2.051445499999999811e+03
1.850000000000000089e+00,2.978425799999999981e+03,2.663365600000000086e+03,2.378611699999999928e+03,2.070888899999999921e+03,1.688080500000000029e+03,1.678217499999999973e+03,1.790185400000000072e+03,2.043058399999999892e+03
1.852083300000000099e+00,2.977441699999999855e+03,2.662025099999999838e+03,2.376573499999999967e+03,2.067814600000000155e+03,1.685681000000000040e+03,1.675114800000000059e+03,1.785221099999999979e+03,2.034001700000000028e+03
1.854261399999999949e+00,2.976362500000000182e+03,2.660172900000000027e+03,2.373230399999999918e+03,2.061732700000000023e+03,1.683206100000000106e+03,1.672044399999999996e+03,1.780847700000000032e+03,2.026620499999999993e+03
1.856548300000000040e+00,2.975684600000000046e+03,2.658668299999999817e+03,2.370026800000000094e+03,2.055088999999999942e+03,1.680350200000000086e+03,1.668821999999999889e+03,1.775412399999999934e+03,2.017018700000000081e+03
1.858835199999999910e+00,2.973962799999999788e+03,2.656244700000000194e+03,2.366371999999999844e+03,2.049543200000000070e+03,1.677900599999999940e+03,1.665840999999999894e+03,1.770233600000000024e+03,2.007376800000000003e+03
1.860893499999999978e+00,2.972492299999999886e+03,2.654735999999999876e+03,2.364999299999999948e+03,2.049195799999999963e+03,1.676048099999999977e+03,1.663220000000000027e+03,1.765699100000000044e+03,1.998447200000000066e+03
1.863066099999999947e+00,2.971955599999999777e+03,2.653520199999999932e+03,2.362500300000000152e+03,2.043464400000000069e+03,1.674269700000000057e+03,1.661413800000000037e+03,1.762654099999999971e+03,1.993544499999999971e+03
1.865238600000000080e+00,2.971061599999999999e+03,2.652079099999999926e+03,2.360108499999999822e+03,2.038833100000000059e+03,1.671810799999999972e+03,1.658296399999999949e+03,1.757080500000000029e+03,1.982583100000000059e+03
1.867411200000000049e+00,2.969515199999999822e+03,2.649995600000000195e+03,2.357172799999999825e+03,2.034160900000000083e+03,1.669767200000000003e+03,1.655933899999999994e+03,1.752986799999999903e+03,1.974805599999999913e+03
1.869583800000000018e+00,2.969041200000000117e+03,2.648984800000000178e+03,2.355170999999999822e+03,2.030164099999999962e+03,1.667495699999999943e+03,1.653297900000000027e+03,1.748746900000000096e+03,1.967220700000000079e+03
1.871756399999999987e+00,2.967351400000000012e+03,2.646777500000000146e+03,2.352116199999999935e+03,2.025570099999999911e+03,1.665338899999999967e+03,1.650890200000000050e+03,1.744780600000000049e+03,1.959668799999999919e+03
1.873928999999999956e+00,2.966769800000000032e+03,2.645667899999999918e+03,2.350029399999999896e+03,2.021711299999999937e+03,1.663202099999999973e+03,1.648381800000000112e+03,1.740686599999999999e+03,1.952103399999999965e+03
1.876101599999999925e+00,2.965098300000000108e+03,2.643479699999999866e+03,2.346978300000000218e+03,2.017257499999999936e+03,1.661085100000000011e+03,1.646007499999999936e+03,1.736758499999999913e+03,1.944591300000000047e+03
1.878274100000000058e+00,2.964150399999999991e+03,2.641990299999999934e+03,2.344531500000000051e+03,2.013307800000000043e+03,1.659004899999999907e+03,1.643582300000000032e+03,1.732738499999999931e+03,1.936853599999999915e+03
1.880688099999999974e+00,2.963845899999999801e+03,2.640676300000000083e+03,2.341171899999999823e+03,2.005129400000000032e+03,1.656533599999999979e+03,1.641426799999999957e+03,1.729379699999999957e+03,1.930819099999999935e+03
1.882833900000000060e+00,2.961716899999999896e+03,2.638583000000000084e+03,2.339391599999999926e+03,2.003976599999999962e+03,1.653813900000000103e+03,1.637761400000000094e+03,1.723549400000000105e+03,1.919073499999999967e+03
1.884979699999999925e+00,2.961001900000000205e+03,2.637514500000000226e+03,2.337640699999999924e+03,2.000808600000000069e+03,1.652719100000000026e+03,1.636455300000000079e+03,1.721175999999999931e+03,1.914206300000000056e+03
1.887125399999999953e+00,2.959813400000000001e+03,2.635812300000000050e+03,2.335023200000000088e+03,1.996645700000000033e+03,1.650496799999999894e+03,1.633796199999999999e+03,1.716826000000000022e+03,1.905963500000000067e+03
1.889271200000000039e+00,2.958908399999999801e+03,2.634438700000000154e+03,2.332806599999999889e+03,1.992854599999999891e+03,1.648767499999999927e+03,1.631692700000000059e+03,1.713134700000000066e+03,1.898526399999999967e+03
1.891416900000000068e+00,2.957861199999999826e+03,2.632881699999999910e+03,2.330356200000000172e+03,1.988766000000000076e+03,1.646865700000000061e+03,1.629552500000000009e+03,1.709669000000000096e+03,1.891620100000000093e+03
1.893562699999999932e+00,2.956777700000000095e+03,2.631316400000000158e+03,2.327923200000000179e+03,1.984797100000000000e+03,1.645274799999999914e+03,1.627698599999999942e+03,1.706404899999999998e+03,1.884862900000000081e+03
1.895708500000000019e+00,2.955960500000000138e+03,2.630000500000000102e+03,2.325694899999999961e+03,1.980986900000000105e+03,1.643522999999999911e+03,1.625648300000000063e+03,1.702969000000000051e+03,1.877931000000000040e+03
1.897854200000000047e+00,2.954730900000000020e+03,2.628284099999999853e+03,2.323105799999999817e+03,1.976932999999999993e+03,1.641803799999999910e+03,1.623730399999999918e+03,1.699777100000000019e+03,1.871311599999999999e+03
1.899999999999999911e+00,2.953573100000000068e+03,2.626702499999999873e+03,2.320665300000000116e+03,1.973040600000000040e+03,1.640152499999999918e+03,1.621805100000000039e+03,1.696617299999999886e+03,1.864864399999999932e+03
1.902083299999999921e+00,2.952143500000000131e+03,2.625024800000000141e+03,2.318497899999999845e+03,1.970225400000000036e+03,1.638655700000000024e+03,1.619962500000000091e+03,1.693436400000000049e+03,1.858103299999999990e+03
1.904166699999999990e+00,2.951248099999999795e+03,2.623720200000000204e+03,2.316383100000000013e+03,1.966810099999999920e+03,1.637297399999999925e+03,1.618482500000000073e+03,1.690779600000000073e+03,1.852553799999999910e+03
1.906250000000000000e+00,2.950338499999999840e+03,2.622432200000000194e+03,2.314320200000000114e+03,1.963281799999999976e+03,1.635679000000000087e+03,1.616696599999999989e+03,1.687715400000000045e+03,1.846449599999999919e+03
1.908238600000000007e+00,2.949003700000000208e+03,2.620913100000000213e+03,2.312590400000000045e+03,1.961424199999999928e+03,1.634385500000000093e+03,1.615152499999999918e+03,1.684731800000000021e+03,1.839809700000000021e+03
1.910227300000000072e+00,2.948394400000000132e+03,2.619880599999999959e+03,2.310812199999999848e+03,1.958539600000000064e+03,1.633539199999999937e+03,1.614425700000000006e+03,1.683013099999999895e+03,1.835660300000000007e+03
1.912215900000000079e+00,2.947040700000000015e+03,2.618073100000000068e+03,2.308364900000000034e+03,1.955222099999999955e+03,1.632562100000000100e+03,1.613466699999999946e+03,1.680851200000000063e+03,1.830601499999999987e+03
1.914204500000000087e+00,2.946360799999999927e+03,2.616926500000000033e+03,2.306586099999999988e+03,1.952403700000000072e+03,1.631526599999999917e+03,1.612531700000000001e+03,1.678808500000000095e+03,1.825890100000000075e+03
1.916193199999999930e+00,2.945657600000000002e+03,2.615749099999999999e+03,2.304666200000000117e+03,1.949284699999999930e+03,1.630677899999999909e+03,1.611749099999999999e+03,1.676890900000000101e+03,1.821351699999999937e+03
1.918181799999999937e+00,2.944870899999999892e+03,2.614545399999999972e+03,2.302623900000000049e+03,1.945852599999999939e+03,1.629707200000000057e+03,1.610917699999999968e+03,1.675045599999999922e+03,1.816883800000000065e+03
1.920170500000000002e+00,2.944108600000000024e+03,2.613404199999999946e+03,2.300717700000000150e+03,1.942651900000000069e+03,1.628960600000000113e+03,1.610286700000000110e+03,1.673454199999999901e+03,1.812583499999999958e+03
1.922159100000000009e+00,2.943300099999999929e+03,2.612214899999999943e+03,2.298784999999999854e+03,1.939506900000000087e+03,1.628232500000000073e+03,1.609705099999999902e+03,1.672009199999999964e+03,1.808533400000000029e+03
1.924147700000000016e+00,2.942684799999999996e+03,2.611220400000000154e+03,2.297057899999999790e+03,1.936562200000000075e+03,1.627549400000000105e+03,1.609176799999999957e+03,1.670637699999999995e+03,1.804599099999999908e+03
1.926136400000000082e+00,2.941761399999999867e+03,2.609850199999999859e+03,2.295043900000000122e+03,1.933504400000000032e+03,1.626913800000000037e+03,1.608762799999999970e+03,1.669467599999999948e+03,1.801018000000000029e+03
1.928125000000000089e+00,2.941117900000000191e+03,2.608657600000000002e+03,2.293242000000000189e+03,1.930730099999999993e+03,1.626601000000000113e+03,1.608608199999999897e+03,1.668530099999999948e+03,1.797637600000000020e+03
1.930113600000000096e+00,2.940884799999999814e+03,2.608059099999999944e+03,2.291850399999999809e+03,1.928040899999999965e+03,1.626297499999999900e+03,1.608541500000000042e+03,1.667732600000000048e+03,1.794480000000000018e+03
1.932102299999999939e+00,2.940548600000000079e+03,2.607358999999999924e+03,2.290300000000000182e+03,1.925226799999999912e+03,1.626062400000000025e+03,1.608557999999999993e+03,1.667016200000000026e+03,1.791497000000000071e+03
1.934090899999999946e+00,2.939722600000000057e+03,2.606176100000000133e+03,2.288431000000000040e+03,1.922285100000000057e+03,1.625820600000000013e+03,1.608595600000000104e+03,1.666369300000000067e+03,1.788678900000000112e+03
1.936079499999999953e+00,2.939125399999999900e+03,2.605230399999999918e+03,2.286782299999999850e+03,1.919630599999999959e+03,1.625690599999999904e+03,1.608733199999999897e+03,1.665841300000000047e+03,1.786065900000000056e+03
1.938068200000000019e+00,2.938562399999999798e+03,2.604325600000000122e+03,2.285137600000000020e+03,1.917018700000000081e+03,1.625705500000000029e+03,1.609022899999999936e+03,1.665478800000000092e+03,1.783636700000000019e+03
1.940056800000000026e+00,2.937702000000000226e+03,2.603175499999999829e+03,2.283445999999999913e+03,1.914416199999999890e+03,1.625645800000000008e+03,1.609262199999999893e+03,1.665076299999999947e+03,1.781327700000000050e+03
1.942045500000000091e+00,2.936971100000000206e+03,2.602107100000000173e+03,2.281777599999999893e+03,1.911873000000000047e+03,1.625721600000000080e+03,1.609667500000000018e+03,1.664884000000000015e+03,1.779258900000000040e+03
1.944034100000000098e+00,2.936537400000000162e+03,2.601349900000000162e+03,2.280367699999999786e+03,1.909568999999999960e+03,1.625900100000000066e+03,1.610264400000000023e+03,1.665380300000000034e+03,1.777516100000000051e+03
1.946022700000000105e+00,2.936159900000000107e+03,2.600625300000000152e+03,2.279026699999999892e+03,1.907348799999999983e+03,1.626172600000000102e+03,1.610887099999999919e+03,1.665500600000000077e+03,1.775746000000000095e+03
1.948011399999999949e+00,2.935709400000000187e+03,2.599820999999999913e+03,2.277607100000000173e+03,1.905026399999999967e+03,1.626303699999999935e+03,1.611438100000000077e+03,1.665651800000000094e+03,1.774323100000000068e+03
1.949999999999999956e+00,2.935050699999999779e+03,2.598840400000000045e+03,2.276078899999999976e+03,1.902607199999999921e+03,1.626375199999999950e+03,1.611876999999999953e+03,1.665734899999999925e+03,1.772795100000000048e+03
1.952173900000000017e+00,2.934812300000000050e+03,2.597788100000000213e+03,2.273367499999999836e+03,1.896975699999999961e+03,1.626731099999999969e+03,1.613338299999999890e+03,1.667391599999999926e+03,1.774101300000000037e+03
1.954451299999999891e+00,2.934467999999999847e+03,2.596788100000000213e+03,2.271110700000000179e+03,1.892127899999999954e+03,1.626852100000000064e+03,1.614185099999999920e+03,1.668096000000000004e+03,1.772915099999999939e+03
1.956728800000000046e+00,2.934148299999999836e+03,2.596096500000000106e+03,2.269806700000000092e+03,1.889238000000000056e+03,1.627475200000000086e+03,1.615339500000000044e+03,1.669132599999999911e+03,1.771729499999999916e+03
1.959132700000000060e+00,2.934166499999999814e+03,2.595537600000000111e+03,2.268081499999999778e+03,1.885270600000000059e+03,1.628358500000000049e+03,1.617257399999999961e+03,1.671417200000000093e+03,1.773199699999999893e+03
1.961536699999999911e+00,2.933257999999999811e+03,2.594244999999999891e+03,2.266257799999999861e+03,1.882367299999999886e+03,1.628871399999999994e+03,1.618307399999999916e+03,1.672319799999999987e+03,1.771833300000000008e+03
1.963940599999999925e+00,2.932634799999999814e+03,2.593274699999999939e+03,2.264788799999999810e+03,1.879998399999999947e+03,1.629421199999999999e+03,1.619445899999999938e+03,1.673522600000000011e+03,1.771382399999999961e+03
1.966344599999999998e+00,2.932353099999999813e+03,2.592670200000000023e+03,2.263668599999999969e+03,1.878006300000000010e+03,1.630087600000000066e+03,1.620724899999999934e+03,1.674848799999999983e+03,1.771103800000000092e+03
1.968748600000000071e+00,2.931934900000000198e+03,2.591965599999999995e+03,2.262564699999999903e+03,1.876062100000000100e+03,1.630963500000000067e+03,1.622201600000000099e+03,1.676394800000000032e+03,1.770982299999999896e+03
1.971152500000000085e+00,2.931708799999999883e+03,2.591423899999999776e+03,2.261590499999999793e+03,1.874090300000000070e+03,1.631637699999999995e+03,1.623410300000000007e+03,1.677477300000000014e+03,1.770686599999999999e+03
1.973556499999999936e+00,2.931227199999999812e+03,2.590631600000000162e+03,2.260470100000000002e+03,1.871966400000000021e+03,1.632238800000000083e+03,1.624529899999999998e+03,1.678138599999999997e+03,1.770461299999999937e+03
1.975960399999999950e+00,2.930802900000000136e+03,2.589877700000000004e+03,2.259425699999999779e+03,1.869760099999999966e+03,1.632692999999999984e+03,1.625458800000000110e+03,1.678952500000000100e+03,1.770229299999999967e+03
1.978364400000000023e+00,2.930471199999999953e+03,2.589259100000000217e+03,2.258664099999999962e+03,1.867659200000000055e+03,1.633454999999999927e+03,1.626710100000000011e+03,1.680005799999999908e+03,1.770194700000000012e+03
1.980768300000000037e+00,2.930045399999999972e+03,2.588536000000000058e+03,2.257631699999999910e+03,1.865515000000000100e+03,1.633988900000000058e+03,1.627737300000000005e+03,1.680351000000000113e+03,1.770206899999999905e+03
1.983172300000000110e+00,2.929332399999999780e+03,2.587243399999999838e+03,2.254705699999999979e+03,1.864393299999999954e+03,1.634860899999999901e+03,1.629158799999999928e+03,1.681726499999999987e+03,1.770592200000000048e+03
1.985576299999999961e+00,2.928662600000000111e+03,2.586190200000000004e+03,2.252733499999999822e+03,1.862317900000000009e+03,1.635455600000000004e+03,1.630364299999999957e+03,1.683111000000000104e+03,1.771163299999999936e+03
1.987980199999999975e+00,2.928039900000000216e+03,2.585288000000000011e+03,2.250994099999999889e+03,1.860186099999999897e+03,1.636152700000000095e+03,1.631666099999999915e+03,1.684551600000000008e+03,1.771907600000000002e+03
1.990384200000000048e+00,2.927324300000000221e+03,2.584299700000000030e+03,2.249162699999999859e+03,1.857841400000000021e+03,1.636641000000000076e+03,1.632744699999999966e+03,1.685803900000000112e+03,1.772596199999999953e+03
1.992788100000000062e+00,2.926378999999999905e+03,2.582718400000000202e+03,2.244810699999999997e+03,1.856569799999999987e+03,1.637140699999999924e+03,1.633771700000000010e+03,1.687001600000000053e+03,1.773335800000000063e+03
1.995192099999999913e+00,2.925522699999999986e+03,2.581523299999999836e+03,2.242367799999999988e+03,1.854345600000000104e+03,1.637234999999999900e+03,1.634351200000000063e+03,1.687825599999999895e+03,1.773861499999999978e+03
1.997595999999999927e+00,2.925042500000000018e+03,2.580875000000000000e+03,2.240892800000000079e+03,1.851640499999999975e+03,1.637637400000000071e+03,1.635329999999999927e+03,1.689112499999999955e+03,1.774947400000000016e+03
2.000000000000000000e+00,2.924664000000000215e+03,2.580299700000000030e+03,2.239436799999999948e+03,1.849063499999999976e+03,1.638085199999999986e+03,1.636378500000000031e+03,1.690500299999999925e+03,1.776139699999999948e+03
2.002381000000000189e+00,2.924326799999999821e+03,2.579782700000000204e+03,2.238184000000000196e+03,1.847211600000000089e+03,1.638726300000000037e+03,1.637525599999999940e+03,1.691861200000000053e+03,1.777134600000000091e+03
2.004761900000000097e+00,2.923928300000000036e+03,2.579148299999999836e+03,2.236827499999999873e+03,1.845217799999999897e+03,1.639307099999999991e+03,1.638674099999999953e+03,1.693346700000000055e+03,1.778544699999999921e+03
2.007142899999999841e+00,2.923440200000000004e+03,2.578395100000000184e+03,2.235378099999999904e+03,1.843091200000000072e+03,1.639723700000000008e+03,1.639628200000000106e+03,1.694599099999999908e+03,1.779672800000000052e+03
2.009523800000000193e+00,2.923051699999999983e+03,2.577749299999999948e+03,2.234060599999999795e+03,1.841040600000000040e+03,1.640138099999999895e+03,1.640553599999999960e+03,1.695858600000000024e+03,1.780887500000000045e+03
2.011904799999999938e+00,2.922660400000000209e+03,2.577087599999999838e+03,2.232768599999999878e+03,1.839028700000000072e+03,1.640611499999999978e+03,1.641546399999999949e+03,1.697233999999999924e+03,1.782346000000000004e+03
2.014285699999999846e+00,2.922070799999999963e+03,2.576220899999999801e+03,2.231246299999999792e+03,1.836731199999999944e+03,1.640743500000000040e+03,1.642276000000000067e+03,1.698495200000000068e+03,1.783838600000000042e+03
2.016666700000000034e+00,2.921623999999999796e+03,2.575485299999999825e+03,2.229877399999999852e+03,1.834667300000000068e+03,1.640965500000000020e+03,1.643036399999999958e+03,1.699737800000000107e+03,1.785285900000000083e+03
2.019047599999999942e+00,2.921163100000000213e+03,2.574733099999999922e+03,2.228485000000000127e+03,1.832551400000000058e+03,1.641211800000000039e+03,1.643757299999999987e+03,1.700852599999999939e+03,1.786589899999999943e+03
2.021258500000000069e+00,2.920361800000000130e+03,2.574058199999999943e+03,2.228021400000000085e+03,1.833206699999999955e+03,1.641238700000000108e+03,1.643631599999999935e+03,1.700680599999999913e+03,1.785636600000000044e+03
2.023469400000000196e+00,2.920172500000000127e+03,2.573672300000000178e+03,2.227178100000000086e+03,1.832273300000000063e+03,1.641751400000000103e+03,1.644744699999999966e+03,1.702418699999999944e+03,1.788335100000000011e+03
2.025510199999999816e+00,2.919379199999999855e+03,2.573053800000000138e+03,2.226894800000000032e+03,1.833647699999999986e+03,1.641654199999999946e+03,1.644338600000000042e+03,1.701782300000000077e+03,1.787002099999999928e+03
2.027736500000000053e+00,2.919504800000000159e+03,2.572495399999999790e+03,2.224871500000000196e+03,1.829204799999999977e+03,1.641867299999999886e+03,1.645812200000000075e+03,1.704345299999999952e+03,1.791902499999999918e+03
2.029962900000000126e+00,2.918622699999999895e+03,2.571287899999999809e+03,2.222982899999999972e+03,1.826038999999999987e+03,1.641240600000000086e+03,1.645396899999999960e+03,1.703907099999999900e+03,1.791326800000000048e+03
2.032189199999999918e+00,2.918174199999999928e+03,2.570580599999999777e+03,2.221773000000000138e+03,1.823678900000000112e+03,1.641314200000000028e+03,1.645843299999999999e+03,1.704701800000000048e+03,1.792518299999999954e+03
2.034415599999999991e+00,2.917592000000000098e+03,2.569758899999999812e+03,2.220490600000000086e+03,1.821511899999999969e+03,1.641151900000000069e+03,1.646090300000000070e+03,1.705373100000000022e+03,1.793801799999999957e+03
2.036641899999999783e+00,2.917009599999999864e+03,2.568949599999999919e+03,2.219212500000000091e+03,1.819492299999999886e+03,1.640942500000000109e+03,1.646298299999999927e+03,1.705982700000000023e+03,1.794961800000000039e+03
2.038868299999999856e+00,2.916359399999999823e+03,2.568062300000000050e+03,2.217789000000000215e+03,1.817276499999999942e+03,1.640555499999999938e+03,1.646394399999999905e+03,1.706554599999999937e+03,1.796093499999999949e+03
2.041094600000000092e+00,2.915557800000000043e+03,2.567058399999999892e+03,2.216324300000000221e+03,1.815408599999999979e+03,1.640098700000000008e+03,1.646349600000000009e+03,1.706963600000000042e+03,1.797073399999999992e+03
2.043321000000000165e+00,2.915014999999999873e+03,2.566336600000000089e+03,2.215199599999999919e+03,1.814016800000000103e+03,1.640067999999999984e+03,1.646749000000000024e+03,1.707841599999999971e+03,1.798497599999999920e+03
2.045547299999999957e+00,2.914688700000000154e+03,2.565829699999999775e+03,2.214225500000000011e+03,1.812590099999999893e+03,1.639968800000000101e+03,1.647045399999999972e+03,1.708691299999999956e+03,1.799929300000000012e+03
2.047773700000000030e+00,2.914329699999999775e+03,2.565329999999999927e+03,2.213393900000000031e+03,1.811655299999999897e+03,1.640115099999999984e+03,1.647629599999999982e+03,1.709953800000000001e+03,1.801738399999999956e+03
2.049999999999999822e+00,2.914117000000000189e+03,2.564935500000000047e+03,2.212494200000000092e+03,1.810099999999999909e+03,1.640291899999999941e+03,1.648269000000000005e+03,1.711064000000000078e+03,1.803628099999999904e+03
2.052381000000000011e+00,2.914074999999999818e+03,2.564369999999999891e+03,2.210643399999999929e+03,1.806034900000000107e+03,1.640120899999999892e+03,1.649087299999999914e+03,1.712479299999999967e+03,1.807144500000000107e+03
2.054648499999999878e+00,2.913363400000000183e+03,2.563681300000000192e+03,2.209985700000000179e+03,1.805220800000000054e+03,1.639729399999999941e+03,1.648578199999999924e+03,1.711975599999999986e+03,1.806194600000000037e+03
2.056916100000000025e+00,2.912986699999999928e+03,2.563156199999999899e+03,2.209130500000000211e+03,1.804004200000000083e+03,1.639786700000000110e+03,1.649217100000000073e+03,1.712818500000000085e+03,1.808820400000000063e+03
2.059070300000000131e+00,2.912262200000000121e+03,2.562523799999999937e+03,2.208722200000000157e+03,1.804413399999999911e+03,1.639397099999999909e+03,1.648879400000000032e+03,1.712739800000000059e+03,1.808987599999999929e+03
2.061344200000000182e+00,2.911904300000000148e+03,2.561757900000000063e+03,2.206941899999999805e+03,1.801420299999999997e+03,1.639167799999999943e+03,1.649754699999999957e+03,1.714670699999999897e+03,1.812935799999999972e+03
2.063617999999999952e+00,2.911130599999999959e+03,2.560790300000000116e+03,2.205516299999999774e+03,1.799054499999999962e+03,1.638485200000000077e+03,1.649417300000000068e+03,1.714565900000000056e+03,1.813256300000000010e+03
2.066043500000000144e+00,2.910797900000000027e+03,2.559967599999999948e+03,2.203634399999999914e+03,1.795045000000000073e+03,1.638254799999999932e+03,1.650226899999999887e+03,1.716304900000000089e+03,1.816772500000000036e+03
2.068307299999999849e+00,2.909484599999999773e+03,2.558623399999999947e+03,2.202889500000000226e+03,1.795756599999999935e+03,1.638072300000000041e+03,1.649745499999999993e+03,1.715794000000000096e+03,1.815634600000000091e+03
2.070420100000000208e+00,2.909635900000000220e+03,2.559163599999999860e+03,2.204547999999999774e+03,1.797384499999999889e+03,1.637975699999999961e+03,1.649850599999999986e+03,1.716439599999999928e+03,1.816954899999999952e+03
2.072695500000000024e+00,2.909563000000000102e+03,2.558588400000000092e+03,2.202713799999999992e+03,1.794186500000000024e+03,1.637627300000000105e+03,1.650736599999999953e+03,1.718380100000000084e+03,1.821429300000000012e+03
2.075177699999999792e+00,2.908840799999999945e+03,2.557246999999999844e+03,2.199892800000000079e+03,1.788381800000000112e+03,1.636320300000000088e+03,1.650438499999999976e+03,1.718863499999999931e+03,1.823078600000000051e+03
2.077659900000000004e+00,2.907756899999999860e+03,2.555857899999999972e+03,2.198773799999999937e+03,1.785410599999999931e+03,1.635673600000000079e+03,1.650072499999999991e+03,1.718921800000000076e+03,1.823038999999999987e+03
2.080142200000000052e+00,2.907036300000000210e+03,2.554790399999999863e+03,2.198882099999999809e+03,1.783743199999999888e+03,1.635673800000000028e+03,1.650584499999999935e+03,1.720061999999999898e+03,1.825161100000000033e+03
2.082348599999999994e+00,2.906119799999999941e+03,2.554635299999999916e+03,2.198886800000000221e+03,1.786257800000000088e+03,1.635720900000000029e+03,1.650198799999999892e+03,1.719585600000000113e+03,1.823910699999999906e+03
2.084554999999999936e+00,2.906640499999999975e+03,2.555827499999999873e+03,2.196448699999999917e+03,1.785818600000000060e+03,1.635858500000000049e+03,1.651304699999999912e+03,1.721782799999999952e+03,1.827997499999999945e+03
2.086761500000000158e+00,2.906206299999999828e+03,2.555546400000000176e+03,2.194066699999999855e+03,1.784237300000000005e+03,1.634881800000000112e+03,1.650920499999999947e+03,1.721814499999999953e+03,1.828667599999999993e+03
2.088967900000000100e+00,2.906471599999999853e+03,2.556341199999999844e+03,2.190681500000000142e+03,1.782258100000000013e+03,1.634609899999999925e+03,1.651233199999999897e+03,1.722692999999999984e+03,1.830209299999999985e+03
2.091174300000000041e+00,2.905735200000000077e+03,2.555207600000000184e+03,2.189333500000000186e+03,1.780595499999999902e+03,1.633918499999999995e+03,1.651092300000000023e+03,1.723211000000000013e+03,1.831667300000000068e+03
2.093380699999999983e+00,2.904848899999999958e+03,2.553929599999999937e+03,2.188148200000000088e+03,1.779018499999999904e+03,1.633343699999999899e+03,1.651043100000000095e+03,1.723772899999999936e+03,1.833074800000000096e+03
2.095587200000000205e+00,2.903855399999999918e+03,2.552724600000000009e+03,2.186568499999999858e+03,1.777185699999999997e+03,1.632681000000000040e+03,1.650931299999999965e+03,1.724246799999999894e+03,1.834300400000000081e+03
2.097793600000000147e+00,2.902758800000000065e+03,2.551435800000000199e+03,2.184862099999999828e+03,1.775220700000000079e+03,1.631785800000000108e+03,1.650461499999999887e+03,1.724293300000000045e+03,1.835058600000000069e+03
2.100000000000000089e+00,2.902040800000000218e+03,2.550517699999999877e+03,2.183616399999999885e+03,1.773725400000000036e+03,1.631525900000000092e+03,1.650854599999999891e+03,1.725367999999999938e+03,1.836879200000000083e+03
2.101851900000000217e+00,2.901095699999999852e+03,2.550512900000000172e+03,2.185069899999999961e+03,1.779236799999999903e+03,1.631732600000000048e+03,1.650122200000000021e+03,1.724136199999999917e+03,1.833855199999999968e+03
2.103703700000000065e+00,2.901118800000000192e+03,2.550430899999999838e+03,2.184858600000000024e+03,1.780280500000000075e+03,1.632161900000000060e+03,1.651564900000000080e+03,1.726751099999999951e+03,1.838555699999999888e+03
2.105632700000000135e+00,2.900289699999999812e+03,2.549074399999999969e+03,2.182724000000000160e+03,1.777354100000000017e+03,1.630865500000000111e+03,1.651077900000000000e+03,1.726817399999999907e+03,1.839645999999999958e+03
2.107561700000000204e+00,2.899131600000000162e+03,2.547642400000000180e+03,2.181054799999999886e+03,1.774909799999999905e+03,1.629888699999999972e+03,1.650117600000000039e+03,1.725997299999999996e+03,1.839102599999999939e+03
2.109490699999999830e+00,2.898036300000000210e+03,2.546262000000000171e+03,2.179670399999999972e+03,1.772656799999999976e+03,1.629073399999999992e+03,1.649561999999999898e+03,1.725801999999999907e+03,1.839549299999999903e+03
2.111419800000000180e+00,2.897424300000000130e+03,2.545431099999999788e+03,2.178357300000000123e+03,1.770513099999999895e+03,1.628172700000000077e+03,1.649086499999999887e+03,1.725726400000000012e+03,1.839973199999999906e+03
2.113450299999999782e+00,2.896902999999999793e+03,2.544551800000000185e+03,2.175888100000000122e+03,1.766349400000000060e+03,1.626744899999999916e+03,1.648511199999999917e+03,1.725891200000000026e+03,1.841334399999999960e+03
2.115190800000000149e+00,2.895849099999999908e+03,2.544398299999999836e+03,2.176369400000000041e+03,1.770028800000000047e+03,1.626341400000000021e+03,1.647138999999999896e+03,1.723880499999999984e+03,1.837292500000000018e+03
2.116931199999999791e+00,2.895481800000000021e+03,2.544092999999999847e+03,2.175373599999999897e+03,1.770012300000000096e+03,1.626380900000000111e+03,1.648209100000000035e+03,1.726069199999999910e+03,1.841286000000000058e+03
2.118671700000000158e+00,2.894776199999999790e+03,2.543172000000000025e+03,2.174329900000000180e+03,1.769535399999999981e+03,1.625590400000000045e+03,1.647946999999999889e+03,1.726071999999999889e+03,1.841818099999999959e+03
2.120238099999999903e+00,2.894044600000000173e+03,2.542984800000000178e+03,2.175049599999999828e+03,1.773207900000000109e+03,1.625932099999999991e+03,1.647865999999999985e+03,1.725756399999999985e+03,1.840617400000000089e+03
2.121804500000000093e+00,2.893703899999999976e+03,2.542503400000000056e+03,2.174375500000000102e+03,1.772949599999999919e+03,1.625748800000000074e+03,1.648289899999999989e+03,1.726880200000000059e+03,1.843147799999999961e+03
2.123370899999999839e+00,2.893074799999999868e+03,2.541654300000000148e+03,2.173261300000000119e+03,1.771815900000000056e+03,1.624900200000000041e+03,1.647738599999999906e+03,1.726520299999999907e+03,1.843313300000000027e+03
2.124937300000000029e+00,2.892585900000000038e+03,2.540939800000000105e+03,2.172296800000000076e+03,1.770374499999999898e+03,1.624611599999999953e+03,1.647769900000000007e+03,1.726772099999999909e+03,1.843933600000000069e+03
2.126411599999999957e+00,2.891957499999999982e+03,2.540588600000000042e+03,2.172457699999999932e+03,1.771794100000000071e+03,1.624729100000000017e+03,1.647708699999999908e+03,1.726644800000000032e+03,1.843393700000000081e+03
2.127885899999999886e+00,2.891586899999999787e+03,2.540039099999999962e+03,2.171740200000000186e+03,1.770923000000000002e+03,1.624371000000000095e+03,1.647930800000000090e+03,1.727381499999999960e+03,1.845040999999999940e+03
2.129465499999999789e+00,2.890994999999999891e+03,2.538768000000000029e+03,2.169496799999999894e+03,1.766305000000000064e+03,1.623319600000000037e+03,1.647775699999999915e+03,1.727730099999999993e+03,1.846528099999999995e+03
2.130932200000000165e+00,2.890146299999999883e+03,2.538241199999999935e+03,2.169532400000000052e+03,1.767535699999999906e+03,1.622992600000000039e+03,1.647027800000000070e+03,1.726558299999999917e+03,1.844090400000000045e+03
2.132398999999999933e+00,2.889804999999999836e+03,2.537781199999999899e+03,2.168915300000000116e+03,1.766694400000000087e+03,1.623081400000000031e+03,1.647747699999999895e+03,1.727913800000000037e+03,1.846339400000000069e+03
2.133865699999999865e+00,2.889101799999999912e+03,2.536941899999999805e+03,2.167892299999999977e+03,1.765529099999999971e+03,1.622213500000000067e+03,1.647259399999999914e+03,1.727620300000000043e+03,1.846398899999999912e+03
2.135332500000000078e+00,2.888590099999999893e+03,2.536283100000000104e+03,2.166997800000000097e+03,1.764375999999999976e+03,1.621674500000000080e+03,1.647183500000000095e+03,1.727681000000000040e+03,1.846670800000000099e+03
2.136799200000000010e+00,2.888019099999999980e+03,2.535576199999999972e+03,2.166048400000000129e+03,1.763107500000000073e+03,1.621266699999999901e+03,1.647416600000000017e+03,1.728045699999999897e+03,1.847280899999999974e+03
2.138265999999999778e+00,2.887531300000000101e+03,2.534968600000000151e+03,2.165211099999999988e+03,1.761997599999999920e+03,1.621017700000000104e+03,1.647907799999999952e+03,1.728590899999999920e+03,1.848040199999999913e+03
2.139732700000000154e+00,2.886991799999999785e+03,2.534313700000000154e+03,2.164321699999999964e+03,1.760876800000000003e+03,1.620586999999999989e+03,1.647095800000000054e+03,1.728845399999999927e+03,1.848497299999999996e+03
2.141199499999999922e+00,2.886417800000000170e+03,2.533617900000000191e+03,2.163368899999999940e+03,1.759714199999999892e+03,1.620121499999999969e+03,1.646960199999999986e+03,1.729044000000000096e+03,1.848808399999999892e+03
2.142666199999999854e+00,2.885849200000000110e+03,2.532947200000000066e+03,2.162458200000000033e+03,1.758661200000000008e+03,1.619792400000000043e+03,1.647119599999999991e+03,1.729400499999999965e+03,1.849248399999999947e+03
2.144133000000000067e+00,2.885222800000000007e+03,2.532230599999999868e+03,2.161512400000000071e+03,1.757632200000000012e+03,1.619411200000000008e+03,1.647145600000000059e+03,1.729624199999999973e+03,1.849478200000000015e+03
2.145599699999999999e+00,2.884972800000000007e+03,2.531884100000000217e+03,2.160914900000000216e+03,1.756961299999999937e+03,1.619372800000000097e+03,1.647482700000000023e+03,1.730136500000000069e+03,1.849882599999999911e+03
2.147066500000000211e+00,2.884230300000000170e+03,2.531055899999999838e+03,2.159863199999999779e+03,1.755929799999999886e+03,1.619088199999999915e+03,1.647626800000000003e+03,1.730547800000000052e+03,1.850291899999999941e+03
2.148533200000000143e+00,2.883771699999999782e+03,2.530545099999999820e+03,2.159128999999999905e+03,1.755221900000000005e+03,1.619125600000000077e+03,1.648081899999999905e+03,1.731211000000000013e+03,1.850835299999999961e+03
2.149999999999999911e+00,2.883195999999999913e+03,2.529903999999999996e+03,2.158253299999999854e+03,1.754380900000000111e+03,1.618868099999999913e+03,1.648200100000000020e+03,1.731579700000000003e+03,1.851195899999999938e+03
2.151562499999999822e+00,2.882513300000000072e+03,2.528720200000000204e+03,2.156166999999999916e+03,1.750661700000000110e+03,1.618165700000000015e+03,1.648392900000000054e+03,1.732318899999999985e+03,1.852567500000000109e+03
2.153125000000000178e+00,2.881528299999999945e+03,2.527648299999999836e+03,2.154802999999999884e+03,1.748936400000000049e+03,1.617690000000000055e+03,1.648203400000000101e+03,1.732173500000000104e+03,1.851781500000000051e+03
2.154687500000000089e+00,2.880810599999999795e+03,2.526878499999999804e+03,2.153770599999999831e+03,1.747765400000000000e+03,1.617558899999999994e+03,1.648526299999999992e+03,1.732835499999999911e+03,1.852341300000000047e+03
2.156250000000000000e+00,2.880195499999999811e+03,2.526217900000000100e+03,2.152822500000000218e+03,1.746896500000000060e+03,1.617160699999999906e+03,1.648538199999999961e+03,1.733135099999999966e+03,1.852549099999999953e+03
2.157812499999999911e+00,2.879663799999999810e+03,2.525653499999999894e+03,2.151941899999999805e+03,1.746297100000000000e+03,1.616890699999999924e+03,1.648748399999999947e+03,1.733638400000000047e+03,1.852896500000000060e+03
2.159374999999999822e+00,2.879179999999999836e+03,2.525122199999999793e+03,2.150924599999999828e+03,1.745589899999999943e+03,1.616403499999999894e+03,1.648632800000000088e+03,1.733694300000000112e+03,1.852718499999999949e+03
2.160937500000000178e+00,2.878164600000000064e+03,2.524165199999999913e+03,2.149873199999999997e+03,1.744856600000000071e+03,1.615963999999999942e+03,1.648569300000000112e+03,1.733761199999999917e+03,1.852525000000000091e+03
2.162500000000000089e+00,2.877238499999999931e+03,2.523254899999999907e+03,2.149359500000000025e+03,1.744522300000000087e+03,1.615783799999999928e+03,1.648680200000000013e+03,1.733899799999999914e+03,1.852330300000000079e+03
2.164130399999999899e+00,2.875843499999999949e+03,2.521515199999999822e+03,2.147700499999999920e+03,1.741934299999999894e+03,1.615080099999999902e+03,1.648715599999999995e+03,1.734250600000000077e+03,1.852923299999999927e+03
2.165760899999999989e+00,2.875192399999999907e+03,2.520752199999999903e+03,2.146642100000000028e+03,1.740895199999999932e+03,1.614719100000000026e+03,1.648605399999999918e+03,1.734114399999999932e+03,1.852102699999999913e+03
2.167391299999999799e+00,2.874457600000000184e+03,2.519906599999999798e+03,2.145384599999999864e+03,1.739800799999999981e+03,1.614501099999999951e+03,1.648823000000000093e+03,1.734534900000000107e+03,1.852195200000000114e+03
2.169021700000000052e+00,2.873998300000000199e+03,2.519363899999999830e+03,2.144548600000000079e+03,1.739411399999999958e+03,1.614506800000000112e+03,1.649239600000000110e+03,1.735068099999999959e+03,1.852366600000000062e+03
2.170844000000000218e+00,2.873285400000000209e+03,2.517924300000000130e+03,2.141867099999999937e+03,1.734377500000000055e+03,1.613693199999999933e+03,1.649671499999999924e+03,1.736188599999999951e+03,1.854386799999999994e+03
2.172787700000000211e+00,2.872655200000000150e+03,2.516848700000000008e+03,2.139945400000000063e+03,1.730532600000000002e+03,1.613361699999999928e+03,1.649967200000000048e+03,1.736485200000000077e+03,1.853914999999999964e+03
2.174731500000000040e+00,2.871142199999999775e+03,2.515285400000000209e+03,2.138072500000000218e+03,1.728201199999999972e+03,1.613053100000000086e+03,1.650016499999999951e+03,1.736525000000000091e+03,1.852876700000000028e+03
2.176675200000000032e+00,2.870317599999999857e+03,2.514462300000000141e+03,2.136971900000000005e+03,1.727238100000000031e+03,1.613081899999999905e+03,1.650529399999999896e+03,1.737197799999999916e+03,1.852899400000000014e+03
2.178618900000000025e+00,2.869373300000000199e+03,2.513576500000000124e+03,2.135900299999999788e+03,1.726802599999999984e+03,1.612814599999999928e+03,1.650826000000000022e+03,1.737585900000000038e+03,1.852565200000000004e+03
2.180562699999999854e+00,2.868354299999999967e+03,2.512607199999999921e+03,2.134721199999999953e+03,1.726292400000000043e+03,1.612380799999999908e+03,1.650877899999999954e+03,1.737633499999999913e+03,1.851832100000000082e+03
2.182506399999999847e+00,2.867181799999999839e+03,2.511475699999999961e+03,2.133427999999999884e+03,1.725529099999999971e+03,1.612096000000000004e+03,1.651010500000000093e+03,1.737674199999999928e+03,1.851039899999999989e+03
2.184450099999999839e+00,2.865909099999999853e+03,2.510207800000000134e+03,2.131845699999999852e+03,1.723925099999999929e+03,1.611659900000000107e+03,1.650924400000000105e+03,1.737457499999999982e+03,1.850001899999999978e+03
2.186393900000000112e+00,2.864946600000000217e+03,2.509248199999999997e+03,2.130536999999999807e+03,1.723135700000000043e+03,1.611638599999999997e+03,1.651202399999999898e+03,1.737549700000000030e+03,1.849185799999999972e+03
2.188661600000000096e+00,2.863210900000000038e+03,2.506693999999999960e+03,2.126687199999999848e+03,1.716955099999999902e+03,1.610412700000000086e+03,1.651079799999999977e+03,1.738115900000000011e+03,1.850719299999999976e+03
2.190929199999999799e+00,2.861816600000000108e+03,2.505258600000000115e+03,2.124572000000000116e+03,1.714541300000000092e+03,1.609652800000000070e+03,1.650788500000000113e+03,1.737075499999999920e+03,1.847352499999999964e+03
2.192743399999999898e+00,2.860733000000000175e+03,2.505843800000000101e+03,2.125626800000000003e+03,1.720055299999999988e+03,1.610989100000000008e+03,1.651183800000000019e+03,1.736026699999999892e+03,1.842256300000000010e+03
2.194557500000000161e+00,2.860557800000000043e+03,2.506156899999999951e+03,2.125621999999999844e+03,1.722209200000000010e+03,1.611303000000000111e+03,1.652587700000000041e+03,1.738145700000000033e+03,1.845391200000000026e+03
2.196371699999999816e+00,2.859442399999999907e+03,2.505296299999999974e+03,2.123999800000000050e+03,1.722054200000000037e+03,1.610019700000000057e+03,1.651836999999999989e+03,1.737083300000000008e+03,1.843376199999999926e+03
2.198185800000000079e+00,2.858744000000000142e+03,2.503421299999999974e+03,2.123639200000000073e+03,1.721788199999999961e+03,1.610204899999999952e+03,1.652186699999999973e+03,1.736839400000000069e+03,1.841993400000000065e+03
2.200000000000000178e+00,2.856149899999999889e+03,2.499629899999999907e+03,2.121958299999999781e+03,1.719897899999999936e+03,1.609546700000000101e+03,1.651901299999999992e+03,1.736212199999999939e+03,1.840433500000000095e+03
2.201923100000000133e+00,2.854878299999999854e+03,2.497957899999999881e+03,2.120048200000000179e+03,1.716836099999999988e+03,1.609098899999999958e+03,1.652110100000000102e+03,1.736330899999999929e+03,1.840279199999999946e+03
2.203846200000000088e+00,2.853413799999999810e+03,2.496471000000000004e+03,2.118219300000000203e+03,1.714913399999999911e+03,1.608850100000000111e+03,1.652006900000000087e+03,1.735613599999999906e+03,1.838002099999999928e+03
2.205769200000000207e+00,2.852189499999999953e+03,2.495218299999999999e+03,2.116642899999999827e+03,1.713480600000000095e+03,1.608908500000000004e+03,1.652386500000000069e+03,1.735690399999999954e+03,1.836947499999999991e+03
2.207779700000000123e+00,2.850914999999999964e+03,2.493713600000000042e+03,2.114611699999999928e+03,1.710874499999999898e+03,1.608497200000000021e+03,1.652618799999999965e+03,1.735818899999999985e+03,1.836428499999999985e+03
2.209790200000000038e+00,2.849465200000000095e+03,2.492184999999999945e+03,2.112796600000000126e+03,1.709013400000000047e+03,1.608271199999999908e+03,1.652636099999999942e+03,1.735291899999999941e+03,1.834239900000000034e+03
2.211800699999999953e+00,2.848085900000000038e+03,2.490942599999999857e+03,2.111494200000000092e+03,1.708139300000000048e+03,1.608338600000000042e+03,1.652946599999999989e+03,1.735215699999999970e+03,1.832849799999999959e+03
2.213811199999999868e+00,2.846599099999999908e+03,2.489798999999999978e+03,2.110277999999999793e+03,1.707394800000000032e+03,1.608373100000000022e+03,1.653186699999999973e+03,1.734992099999999937e+03,1.831228699999999890e+03
2.215939899999999962e+00,2.845501400000000103e+03,2.487625900000000001e+03,2.107645899999999983e+03,1.704468399999999974e+03,1.607402299999999968e+03,1.652889100000000099e+03,1.734526599999999917e+03,1.830059700000000021e+03
2.218068699999999893e+00,2.843810399999999845e+03,2.485706099999999878e+03,2.105516299999999774e+03,1.702627099999999928e+03,1.606942600000000084e+03,1.652442700000000059e+03,1.733308099999999968e+03,1.826833599999999933e+03
2.220197399999999988e+00,2.842173800000000028e+03,2.484101200000000063e+03,2.103789499999999862e+03,1.701371900000000096e+03,1.606743199999999888e+03,1.652354399999999941e+03,1.732676799999999957e+03,1.824633000000000038e+03
2.222326199999999918e+00,2.840526600000000144e+03,2.482498000000000047e+03,2.102027399999999943e+03,1.700156099999999924e+03,1.606116500000000087e+03,1.652180100000000039e+03,1.731997800000000097e+03,1.822409799999999905e+03
2.224632399999999954e+00,2.838756199999999808e+03,2.480490800000000036e+03,2.099390600000000177e+03,1.696663000000000011e+03,1.604938400000000001e+03,1.651833200000000033e+03,1.731490900000000011e+03,1.821242500000000064e+03
2.226938500000000154e+00,2.836905099999999948e+03,2.478647500000000036e+03,2.097313900000000103e+03,1.694685300000000097e+03,1.604614600000000110e+03,1.651579700000000003e+03,1.730308600000000069e+03,1.817594000000000051e+03
2.229244700000000190e+00,2.835320700000000215e+03,2.477119799999999941e+03,2.095670500000000175e+03,1.693458000000000084e+03,1.604705799999999954e+03,1.651987800000000107e+03,1.730119400000000041e+03,1.815533400000000029e+03
2.231550799999999946e+00,2.833643399999999929e+03,2.475510499999999865e+03,2.093996299999999792e+03,1.692482799999999997e+03,1.604611400000000003e+03,1.652207000000000107e+03,1.729794499999999971e+03,1.813464899999999943e+03
2.233856999999999982e+00,2.831833200000000033e+03,2.473755799999999908e+03,2.092123399999999947e+03,1.691393100000000004e+03,1.604338500000000067e+03,1.652194899999999961e+03,1.729146999999999935e+03,1.811004699999999957e+03
2.236163100000000181e+00,2.829982500000000073e+03,2.471943800000000010e+03,2.090151600000000144e+03,1.690182399999999916e+03,1.603860500000000002e+03,1.651947499999999991e+03,1.728190800000000081e+03,1.808200299999999970e+03
2.238469300000000217e+00,2.828210000000000036e+03,2.470210500000000138e+03,2.088295700000000124e+03,1.689106899999999996e+03,1.603636600000000044e+03,1.651868600000000015e+03,1.727342699999999923e+03,1.805569500000000062e+03
2.240775399999999973e+00,2.826323100000000068e+03,2.468353900000000067e+03,2.086339800000000196e+03,1.687859500000000025e+03,1.603195999999999913e+03,1.651569700000000012e+03,1.726280099999999948e+03,1.802703700000000026e+03
2.243081600000000009e+00,2.824347200000000157e+03,2.466399699999999939e+03,2.084287600000000111e+03,1.686480000000000018e+03,1.602746900000000096e+03,1.651273500000000013e+03,1.725225899999999911e+03,1.799768199999999979e+03
2.245387700000000208e+00,2.822364999999999782e+03,2.464428800000000138e+03,2.082216699999999946e+03,1.685029999999999973e+03,1.602170000000000073e+03,1.650860799999999927e+03,1.724100300000000061e+03,1.796811799999999948e+03
2.247693899999999800e+00,2.820244599999999991e+03,2.462316200000000208e+03,2.080025399999999991e+03,1.683461600000000089e+03,1.601663099999999986e+03,1.650537399999999934e+03,1.723052899999999909e+03,1.793925799999999981e+03
2.250000000000000000e+00,2.818197099999999864e+03,2.460308100000000195e+03,2.077956599999999980e+03,1.681979399999999941e+03,1.601202800000000025e+03,1.650221800000000030e+03,1.721989000000000033e+03,1.791006399999999985e+03
2.252272699999999794e+00,2.816193699999999808e+03,2.458401199999999790e+03,2.076051699999999983e+03,1.680912199999999984e+03,1.600815800000000081e+03,1.649819099999999935e+03,1.720706300000000056e+03,1.787657799999999952e+03
2.254545499999999869e+00,2.814338799999999992e+03,2.456555600000000140e+03,2.074185899999999947e+03,1.679695500000000038e+03,1.600393199999999979e+03,1.649415799999999990e+03,1.719467699999999923e+03,1.784628400000000056e+03
2.256937800000000216e+00,2.812080800000000181e+03,2.454095800000000054e+03,2.071452299999999923e+03,1.676580500000000029e+03,1.599201199999999972e+03,1.648535399999999981e+03,1.717920200000000023e+03,1.781757700000000114e+03
2.259330100000000119e+00,2.809784599999999955e+03,2.451746099999999842e+03,2.069008100000000013e+03,1.674347700000000032e+03,1.598536399999999958e+03,1.647786900000000060e+03,1.716055200000000013e+03,1.777500700000000052e+03
2.261722499999999858e+00,2.807653699999999844e+03,2.449583099999999831e+03,2.066813900000000103e+03,1.672574100000000044e+03,1.598079999999999927e+03,1.647338099999999940e+03,1.714642200000000003e+03,1.774019500000000107e+03
2.264114800000000205e+00,2.805598500000000058e+03,2.447452499999999873e+03,2.064660199999999804e+03,1.670988900000000058e+03,1.597492199999999912e+03,1.646779399999999896e+03,1.713154800000000023e+03,1.770572100000000091e+03
2.266507199999999944e+00,2.803389200000000073e+03,2.445281500000000051e+03,2.062481400000000122e+03,1.669434999999999945e+03,1.596951700000000073e+03,1.646247000000000071e+03,1.711647099999999909e+03,1.767054499999999962e+03
2.268899499999999847e+00,2.800545000000000073e+03,2.443080300000000079e+03,2.060273400000000038e+03,1.667836999999999989e+03,1.596283500000000004e+03,1.645545900000000074e+03,1.709943800000000010e+03,1.763344499999999925e+03
2.271291900000000030e+00,2.798233499999999822e+03,2.440831299999999828e+03,2.058110799999999927e+03,1.666316100000000006e+03,1.595782200000000103e+03,1.645036299999999983e+03,1.708449299999999994e+03,1.759856099999999969e+03
2.273684199999999933e+00,2.796149699999999939e+03,2.438589800000000196e+03,2.055892199999999775e+03,1.664730499999999893e+03,1.595214600000000019e+03,1.644451499999999896e+03,1.706881699999999910e+03,1.756336099999999988e+03
2.276076600000000116e+00,2.794076000000000022e+03,2.436511199999999917e+03,2.053794699999999921e+03,1.663249499999999898e+03,1.594815800000000081e+03,1.644024799999999914e+03,1.705452099999999973e+03,1.752934600000000046e+03
2.278468900000000019e+00,2.791816299999999956e+03,2.434289200000000164e+03,2.051533399999999801e+03,1.661550899999999956e+03,1.594097800000000007e+03,1.643220900000000029e+03,1.703692700000000059e+03,1.749222299999999905e+03
2.280861199999999922e+00,2.789661099999999806e+03,2.432169300000000021e+03,2.049363699999999881e+03,1.659951199999999972e+03,1.593475300000000061e+03,1.642450700000000097e+03,1.702052699999999959e+03,1.745599500000000035e+03
2.283253600000000105e+00,2.787299300000000130e+03,2.429879800000000159e+03,2.047073399999999992e+03,1.658220199999999977e+03,1.592772600000000011e+03,1.641553000000000111e+03,1.700264699999999948e+03,1.741807299999999941e+03
2.285645900000000008e+00,2.785164699999999812e+03,2.427757099999999809e+03,2.044883599999999888e+03,1.656562100000000100e+03,1.592139899999999898e+03,1.640726300000000037e+03,1.698599300000000085e+03,1.738163099999999986e+03
2.288038300000000191e+00,2.782918000000000120e+03,2.425579000000000178e+03,2.042696400000000040e+03,1.654906300000000101e+03,1.591521799999999985e+03,1.639877700000000004e+03,1.696881499999999960e+03,1.734450700000000097e+03
2.290430600000000094e+00,2.780522300000000087e+03,2.423226799999999912e+03,2.040298000000000002e+03,1.653023899999999912e+03,1.590834299999999985e+03,1.638977100000000064e+03,1.695140499999999975e+03,1.730756100000000060e+03
2.292822999999999833e+00,2.778624899999999798e+03,2.421408199999999852e+03,2.038455300000000079e+03,1.651633399999999938e+03,1.590435999999999922e+03,1.638216499999999996e+03,1.693428400000000011e+03,1.727044900000000098e+03
2.295215300000000180e+00,2.775720499999999902e+03,2.418571600000000217e+03,2.035564300000000003e+03,1.649249199999999973e+03,1.589376199999999926e+03,1.637012300000000096e+03,1.691404099999999971e+03,1.723114600000000110e+03
2.297607699999999920e+00,2.774128000000000156e+03,2.417100500000000011e+03,2.034032799999999952e+03,1.648198900000000094e+03,1.589342000000000098e+03,1.636661599999999908e+03,1.690000099999999975e+03,1.719738499999999931e+03
2.299999999999999822e+00,2.771055899999999838e+03,2.414206999999999880e+03,2.031048700000000053e+03,1.645741500000000087e+03,1.588364600000000110e+03,1.635673399999999901e+03,1.688228200000000015e+03,1.716183999999999969e+03
2.302381000000000011e+00,2.769426800000000185e+03,2.412958900000000085e+03,2.029643700000000081e+03,1.644864499999999907e+03,1.588351000000000113e+03,1.635315700000000106e+03,1.686778999999999996e+03,1.712703099999999949e+03
2.304761899999999919e+00,2.766094300000000203e+03,2.410607800000000225e+03,2.026829999999999927e+03,1.642548000000000002e+03,1.587315499999999929e+03,1.634282400000000052e+03,1.685019399999999905e+03,1.709264300000000048e+03
2.307142900000000107e+00,2.765215499999999793e+03,2.408543999999999869e+03,2.025484699999999975e+03,1.641607899999999972e+03,1.587252899999999954e+03,1.633834599999999909e+03,1.683444400000000087e+03,1.705762899999999945e+03
2.309523800000000016e+00,2.762487299999999777e+03,2.404599099999999908e+03,2.022167500000000018e+03,1.638926799999999957e+03,1.586153000000000020e+03,1.632712800000000016e+03,1.681555800000000090e+03,1.702254799999999932e+03
2.311772500000000008e+00,2.761737999999999829e+03,2.403775599999999940e+03,2.021494999999999891e+03,1.639650399999999991e+03,1.586576000000000022e+03,1.632314800000000105e+03,1.679686699999999973e+03,1.697958000000000084e+03
2.314021200000000000e+00,2.758567500000000109e+03,2.400660400000000209e+03,2.018503899999999931e+03,1.637611599999999953e+03,1.585336800000000039e+03,1.631050700000000006e+03,1.677753400000000056e+03,1.694890599999999949e+03
2.316269800000000156e+00,2.756815999999999804e+03,2.398947700000000168e+03,2.016738599999999906e+03,1.636314000000000078e+03,1.584512999999999920e+03,1.629856800000000021e+03,1.675530099999999948e+03,1.691210299999999961e+03
2.318518500000000149e+00,2.754231000000000222e+03,2.396400500000000193e+03,2.014250399999999900e+03,1.634297600000000102e+03,1.583646899999999960e+03,1.628697699999999941e+03,1.673411399999999958e+03,1.687621499999999969e+03
2.320767200000000141e+00,2.752199599999999919e+03,2.394348100000000159e+03,2.012143600000000106e+03,1.632486499999999978e+03,1.582914800000000014e+03,1.627627500000000055e+03,1.671318999999999960e+03,1.683934299999999894e+03
2.323015900000000133e+00,2.749759100000000217e+03,2.392005099999999857e+03,2.009892399999999952e+03,1.630594700000000103e+03,1.582049899999999980e+03,1.626384900000000016e+03,1.669077399999999898e+03,1.680165400000000091e+03
2.325264600000000126e+00,2.747731699999999819e+03,2.389917500000000018e+03,2.007735300000000052e+03,1.628722800000000007e+03,1.581252999999999929e+03,1.625302899999999909e+03,1.667069799999999987e+03,1.676619200000000092e+03
2.327513199999999838e+00,2.745201599999999871e+03,2.387468499999999949e+03,2.005377300000000105e+03,1.626734400000000051e+03,1.580301699999999983e+03,1.624032600000000002e+03,1.664875000000000000e+03,1.672908799999999928e+03
2.329761899999999830e+00,2.742916099999999915e+03,2.385188200000000052e+03,2.003089500000000044e+03,1.624786200000000008e+03,1.579419699999999921e+03,1.622832799999999907e+03,1.662757299999999987e+03,1.669246699999999919e+03
2.332010599999999823e+00,2.740533399999999801e+03,2.382849700000000212e+03,2.000780899999999974e+03,1.622801400000000058e+03,1.578255900000000111e+03,1.621321099999999888e+03,1.660351200000000063e+03,1.665354100000000017e+03
2.334259299999999815e+00,2.738179299999999785e+03,2.380476000000000113e+03,1.998373100000000022e+03,1.620689200000000028e+03,1.576850400000000036e+03,1.619534300000000030e+03,1.657677500000000009e+03,1.661219100000000026e+03
2.336507899999999971e+00,2.736304000000000087e+03,2.378611699999999928e+03,1.996501500000000078e+03,1.619106700000000046e+03,1.575833599999999933e+03,1.618022899999999936e+03,1.655218200000000024e+03,1.657236000000000104e+03
2.338756599999999963e+00,2.732896799999999985e+03,2.375259799999999814e+03,1.993233899999999949e+03,1.616262899999999945e+03,1.573946200000000090e+03,1.615870200000000068e+03,1.652310899999999947e+03,1.652889799999999923e+03
2.341005299999999956e+00,2.731877500000000055e+03,2.374204099999999926e+03,1.992089500000000044e+03,1.615337299999999914e+03,1.573238800000000083e+03,1.614480299999999943e+03,1.649863399999999956e+03,1.648825599999999895e+03
2.343253999999999948e+00,2.728188000000000102e+03,2.370595200000000204e+03,1.988554599999999937e+03,1.612241500000000087e+03,1.571096199999999953e+03,1.612089899999999943e+03,1.646738499999999931e+03,1.644294799999999896e+03
2.345502600000000104e+00,2.727194599999999809e+03,2.369589300000000094e+03,1.987463600000000042e+03,1.611360300000000052e+03,1.570375999999999976e+03,1.610661700000000110e+03,1.644220499999999902e+03,1.640122800000000097e+03
2.347751300000000096e+00,2.723478099999999813e+03,2.365965000000000146e+03,1.983974999999999909e+03,1.608387799999999970e+03,1.568548600000000079e+03,1.608617700000000013e+03,1.641404999999999973e+03,1.635817500000000109e+03
2.350000000000000089e+00,2.722677299999999832e+03,2.365144099999999980e+03,1.983099500000000035e+03,1.607764300000000048e+03,1.568290700000000015e+03,1.607705200000000104e+03,1.639419799999999896e+03,1.632132700000000114e+03
2.352272699999999883e+00,2.718867000000000189e+03,2.361394899999999780e+03,1.979472199999999930e+03,1.604471800000000030e+03,1.566457200000000057e+03,1.605754100000000108e+03,1.636769299999999930e+03,1.628169000000000096e+03
2.354545499999999958e+00,2.717990299999999934e+03,2.360450600000000122e+03,1.978421100000000024e+03,1.603553000000000111e+03,1.565817700000000059e+03,1.604407799999999952e+03,1.634315800000000081e+03,1.624054000000000087e+03
2.356818200000000196e+00,2.713958500000000186e+03,2.356514000000000124e+03,1.974631599999999935e+03,1.600283200000000079e+03,1.563785399999999981e+03,1.602180499999999938e+03,1.631349099999999908e+03,1.619697599999999966e+03
2.359090899999999991e+00,2.713181900000000041e+03,2.355671699999999873e+03,1.973680100000000039e+03,1.599500900000000001e+03,1.563050199999999904e+03,1.600736499999999978e+03,1.628865500000000111e+03,1.615644000000000005e+03
2.361363599999999785e+00,2.709117600000000039e+03,2.351709299999999985e+03,1.969866500000000087e+03,1.596224300000000085e+03,1.560807700000000068e+03,1.598295299999999997e+03,1.625734099999999899e+03,1.611207699999999932e+03
2.363636399999999860e+00,2.708320700000000215e+03,2.350842200000000048e+03,1.968879599999999982e+03,1.595391100000000051e+03,1.559824699999999893e+03,1.596555900000000065e+03,1.622983600000000024e+03,1.606957499999999982e+03
2.365909100000000098e+00,2.703973199999999906e+03,2.346597200000000157e+03,1.964776200000000017e+03,1.591801500000000033e+03,1.557133900000000040e+03,1.593642700000000104e+03,1.619406700000000001e+03,1.602180000000000064e+03
2.368181799999999892e+00,2.702454499999999825e+03,2.345014299999999821e+03,1.963095900000000029e+03,1.590322300000000041e+03,1.555570099999999911e+03,1.591371000000000095e+03,1.616185999999999922e+03,1.597549199999999928e+03
2.370454500000000131e+00,2.699661399999999958e+03,2.342263500000000022e+03,1.960404199999999946e+03,1.588017900000000054e+03,1.553694300000000112e+03,1.589031799999999976e+03,1.613040500000000065e+03,1.593104399999999941e+03
2.372727300000000206e+00,2.697428300000000036e+03,2.340021999999999935e+03,1.958155700000000024e+03,1.586084299999999985e+03,1.552004799999999932e+03,1.586745699999999943e+03,1.609894500000000107e+03,1.588599799999999959e+03
2.375000000000000000e+00,2.694875300000000152e+03,2.337481699999999819e+03,1.955632599999999911e+03,1.583883700000000090e+03,1.550060300000000097e+03,1.584234300000000076e+03,1.606602200000000039e+03,1.584027100000000019e+03
2.377272699999999794e+00,2.692448699999999917e+03,2.335065599999999904e+03,1.953242400000000089e+03,1.581834599999999909e+03,1.548316000000000031e+03,1.581883399999999938e+03,1.603443199999999933e+03,1.579547100000000000e+03
2.379545499999999869e+00,2.689931199999999990e+03,2.332558300000000145e+03,1.950759900000000016e+03,1.579682499999999891e+03,1.546541600000000017e+03,1.579580400000000054e+03,1.600397899999999936e+03,1.575237599999999929e+03
2.381818200000000108e+00,2.687515400000000227e+03,2.330161599999999908e+03,1.948409699999999930e+03,1.577703700000000026e+03,1.545010899999999992e+03,1.577511999999999944e+03,1.597556499999999915e+03,1.571145500000000084e+03
2.384090899999999902e+00,2.685117999999999938e+03,2.327784000000000106e+03,1.946079500000000053e+03,1.575733199999999897e+03,1.543496900000000096e+03,1.575479100000000017e+03,1.594799299999999903e+03,1.567188200000000052e+03
2.386363600000000140e+00,2.682816100000000006e+03,2.325505799999999908e+03,1.943863399999999956e+03,1.573893199999999979e+03,1.542160599999999931e+03,1.573639899999999898e+03,1.592204999999999927e+03,1.563380900000000111e+03
2.388636400000000215e+00,2.680456400000000031e+03,2.323159700000000157e+03,1.941562400000000025e+03,1.571934199999999919e+03,1.540498000000000047e+03,1.571559999999999945e+03,1.589367299999999886e+03,1.559370499999999993e+03
2.390909100000000009e+00,2.678048200000000179e+03,2.320769699999999830e+03,1.939225799999999936e+03,1.569938699999999926e+03,1.538747800000000097e+03,1.569406799999999976e+03,1.586453400000000101e+03,1.555296800000000076e+03
2.393181799999999804e+00,2.675590799999999945e+03,2.318319300000000112e+03,1.936810099999999920e+03,1.567827700000000050e+03,1.536821799999999939e+03,1.567083699999999908e+03,1.583405600000000049e+03,1.551086999999999989e+03
2.395454500000000042e+00,2.673159400000000005e+03,2.315900500000000193e+03,1.934438900000000103e+03,1.565790899999999965e+03,1.534871399999999994e+03,1.564685400000000072e+03,1.580277100000000019e+03,1.546720600000000104e+03
2.397727300000000117e+00,2.670603599999999915e+03,2.313350600000000213e+03,1.931922399999999925e+03,1.563567700000000059e+03,1.532677799999999934e+03,1.562078700000000026e+03,1.577027199999999993e+03,1.542300600000000031e+03
2.399999999999999911e+00,2.668003700000000208e+03,2.310750000000000000e+03,1.929344399999999951e+03,1.561267299999999977e+03,1.530359899999999925e+03,1.559299700000000030e+03,1.573665500000000065e+03,1.537814499999999953e+03
2.402173900000000195e+00,2.665783800000000156e+03,2.308650299999999788e+03,1.927369500000000016e+03,1.560528800000000047e+03,1.528742700000000013e+03,1.556961900000000014e+03,1.570519800000000032e+03,1.533183299999999917e+03
2.404347800000000035e+00,2.663410800000000108e+03,2.306280499999999847e+03,1.925047100000000000e+03,1.558681499999999915e+03,1.526353800000000092e+03,1.554142499999999927e+03,1.567192099999999982e+03,1.529062300000000050e+03
2.406422899999999920e+00,2.661065000000000055e+03,2.304034900000000107e+03,1.922943099999999959e+03,1.558007100000000037e+03,1.524505799999999908e+03,1.551643100000000004e+03,1.563959399999999960e+03,1.524607500000000073e+03
2.408497999999999806e+00,2.658795500000000175e+03,2.301778699999999844e+03,1.920745899999999892e+03,1.556273899999999912e+03,1.522117400000000089e+03,1.548804900000000089e+03,1.560598300000000108e+03,1.520625000000000000e+03
2.410573100000000135e+00,2.656534000000000106e+03,2.299484100000000126e+03,1.918495499999999993e+03,1.554330899999999929e+03,1.519945699999999988e+03,1.546201800000000048e+03,1.557451399999999921e+03,1.516771600000000035e+03
2.412648200000000021e+00,2.654274199999999837e+03,2.297204000000000178e+03,1.916257399999999961e+03,1.552280700000000024e+03,1.517864100000000008e+03,1.543647899999999936e+03,1.554319500000000062e+03,1.512885600000000068e+03
2.414723299999999906e+00,2.652145199999999932e+03,2.295061200000000099e+03,1.914174800000000005e+03,1.550360599999999977e+03,1.516032699999999977e+03,1.541352200000000039e+03,1.551428799999999910e+03,1.509117400000000089e+03
2.416798399999999791e+00,2.649962799999999788e+03,2.292862700000000132e+03,1.912028199999999970e+03,1.548365800000000036e+03,1.514094000000000051e+03,1.538955999999999904e+03,1.548460100000000011e+03,1.505235699999999952e+03
2.418873500000000121e+00,2.647862000000000080e+03,2.290779700000000048e+03,1.910037100000000009e+03,1.546543699999999944e+03,1.512254500000000007e+03,1.536668699999999944e+03,1.545597400000000107e+03,1.501421800000000076e+03
2.420818899999999996e+00,2.646171600000000126e+03,2.289247600000000148e+03,1.908695099999999911e+03,1.546949000000000069e+03,1.511414700000000039e+03,1.535081599999999980e+03,1.543150599999999940e+03,1.497517000000000053e+03
2.422764299999999871e+00,2.644049399999999878e+03,2.287146900000000187e+03,1.906689800000000105e+03,1.545446899999999914e+03,1.509222899999999981e+03,1.532582900000000109e+03,1.540276100000000042e+03,1.494147799999999961e+03
2.424709700000000190e+00,2.642007900000000063e+03,2.285078300000000127e+03,1.904715300000000070e+03,1.543756499999999960e+03,1.507017200000000003e+03,1.530039899999999989e+03,1.537322899999999890e+03,1.490652299999999968e+03
2.426655100000000065e+00,2.639815399999999954e+03,2.282881600000000162e+03,1.902659000000000106e+03,1.541836900000000014e+03,1.504746599999999944e+03,1.527423800000000028e+03,1.534309400000000096e+03,1.487036000000000058e+03
2.428600499999999940e+00,2.637708900000000085e+03,2.280741899999999987e+03,1.900535900000000083e+03,1.539797499999999900e+03,1.502637899999999945e+03,1.524970299999999952e+03,1.531450700000000097e+03,1.483496499999999969e+03
2.430545899999999815e+00,2.635542500000000018e+03,2.278559900000000198e+03,1.898410200000000032e+03,1.537730099999999993e+03,1.500379799999999932e+03,1.522378200000000106e+03,1.528498700000000099e+03,1.479858199999999897e+03
2.432491399999999970e+00,2.633279300000000148e+03,2.276276600000000144e+03,1.896150699999999915e+03,1.535508599999999888e+03,1.497874199999999973e+03,1.519541199999999890e+03,1.525354000000000042e+03,1.476055599999999913e+03
2.434436799999999845e+00,2.631046200000000226e+03,2.274020399999999881e+03,1.893907999999999902e+03,1.533329600000000028e+03,1.495373900000000049e+03,1.516687599999999975e+03,1.522188200000000052e+03,1.472213400000000092e+03
2.436382200000000164e+00,2.628830399999999827e+03,2.271787400000000162e+03,1.891696999999999889e+03,1.531193700000000035e+03,1.492831699999999955e+03,1.513796000000000049e+03,1.519003699999999981e+03,1.468346399999999903e+03
2.438327600000000039e+00,2.626609199999999873e+03,2.269554099999999835e+03,1.889497299999999996e+03,1.529082499999999982e+03,1.490264300000000048e+03,1.510911700000000110e+03,1.515863399999999956e+03,1.464539099999999962e+03
2.440272999999999914e+00,2.624443200000000161e+03,2.267377899999999954e+03,1.887344900000000052e+03,1.527034799999999905e+03,1.487768499999999904e+03,1.508101499999999987e+03,1.512805399999999963e+03,1.460796599999999899e+03
2.442218399999999789e+00,2.622364199999999983e+03,2.265289600000000064e+03,1.885282999999999902e+03,1.525107799999999997e+03,1.485396199999999908e+03,1.505385800000000017e+03,1.509801400000000058e+03,1.457060899999999947e+03
2.444163800000000109e+00,2.620338699999999790e+03,2.263255700000000161e+03,1.883278099999999995e+03,1.523261899999999969e+03,1.483162399999999934e+03,1.502831799999999930e+03,1.506954199999999901e+03,1.453460900000000038e+03
2.446109199999999984e+00,2.618247400000000198e+03,2.261163199999999961e+03,1.881228399999999965e+03,1.521383199999999988e+03,1.480923500000000104e+03,1.500327800000000025e+03,1.504189800000000105e+03,1.449937200000000075e+03
2.448054599999999859e+00,2.616106200000000172e+03,2.259019800000000032e+03,1.879118999999999915e+03,1.519443800000000010e+03,1.478576999999999998e+03,1.497728800000000092e+03,1.501354900000000043e+03,1.446367799999999988e+03
2.450000000000000178e+00,2.614012400000000071e+03,2.256920900000000074e+03,1.877044699999999921e+03,1.517547700000000077e+03,1.476262199999999893e+03,1.495148599999999988e+03,1.498508900000000040e+03,1.442758900000000040e+03
2.451923100000000133e+00,2.611927999999999884e+03,2.254869900000000143e+03,1.875052799999999934e+03,1.516017399999999952e+03,1.474068899999999985e+03,1.492663099999999986e+03,1.495716300000000047e+03,1.439134999999999991e+03
2.453846200000000088e+00,2.609800600000000031e+03,2.252751200000000154e+03,1.872967900000000100e+03,1.514168100000000095e+03,1.471692500000000109e+03,1.490074299999999994e+03,1.492892800000000079e+03,1.435623100000000022e+03
2.455769200000000207e+00,2.607786200000000008e+03,2.250782299999999850e+03,1.871029500000000098e+03,1.512439599999999928e+03,1.469511799999999994e+03,1.487676400000000058e+03,1.490224699999999984e+03,1.432231600000000071e+03
2.457692300000000163e+00,2.605589899999999943e+03,2.248789900000000216e+03,1.869010700000000043e+03,1.510559700000000021e+03,1.467075000000000045e+03,1.485037299999999959e+03,1.487371599999999944e+03,1.428722600000000057e+03
2.459615400000000118e+00,2.603668400000000020e+03,2.246536200000000008e+03,1.866827700000000050e+03,1.508523899999999912e+03,1.464490800000000036e+03,1.482268800000000056e+03,1.484407500000000027e+03,1.425103900000000067e+03
2.461450999999999834e+00,2.601968600000000151e+03,2.244863699999999881e+03,1.865314900000000080e+03,1.508337399999999889e+03,1.462796700000000101e+03,1.480164199999999937e+03,1.481860300000000052e+03,1.421612100000000055e+03
2.463286699999999829e+00,2.599931199999999990e+03,2.242819800000000214e+03,1.863341799999999921e+03,1.506765200000000050e+03,1.460412100000000009e+03,1.477693600000000060e+03,1.479255799999999908e+03,1.418646700000000010e+03
2.465122399999999825e+00,2.597904399999999896e+03,2.240721199999999953e+03,1.861282099999999900e+03,1.504928599999999960e+03,1.457874099999999999e+03,1.475074699999999893e+03,1.476503300000000081e+03,1.415544599999999946e+03
2.466957999999999984e+00,2.595860799999999927e+03,2.238641999999999825e+03,1.859219399999999951e+03,1.502977100000000064e+03,1.455363000000000056e+03,1.472468000000000075e+03,1.473749099999999999e+03,1.412373399999999947e+03
2.468793699999999980e+00,2.593893500000000131e+03,2.236656399999999849e+03,1.857257599999999911e+03,1.501100699999999961e+03,1.453051200000000108e+03,1.470055000000000064e+03,1.471171199999999999e+03,1.409309999999999945e+03
2.470629399999999976e+00,2.591958500000000186e+03,2.234693299999999908e+03,1.855320400000000063e+03,1.499232199999999921e+03,1.450744899999999916e+03,1.467645500000000084e+03,1.468574399999999969e+03,1.406175799999999981e+03
2.472465000000000135e+00,2.590080399999999827e+03,2.232785199999999804e+03,1.853445600000000013e+03,1.497434999999999945e+03,1.448550600000000031e+03,1.465366400000000112e+03,1.466099200000000110e+03,1.403125199999999950e+03
2.474300700000000131e+00,2.588200899999999820e+03,2.230894099999999980e+03,1.851602799999999888e+03,1.495698100000000068e+03,1.446477499999999964e+03,1.463201600000000099e+03,1.463711700000000064e+03,1.400125600000000077e+03
2.476277599999999968e+00,2.585782099999999900e+03,2.228266799999999876e+03,1.848835900000000038e+03,1.491228100000000040e+03,1.443228000000000065e+03,1.460260099999999966e+03,1.460968100000000049e+03,1.397166600000000017e+03
2.478254399999999968e+00,2.583705899999999929e+03,2.226157000000000153e+03,1.846705400000000054e+03,1.488872800000000097e+03,1.441035800000000108e+03,1.457947899999999890e+03,1.458420900000000074e+03,1.393572300000000041e+03
2.480231299999999806e+00,2.581614500000000135e+03,2.224074700000000121e+03,1.844634000000000015e+03,1.486814800000000105e+03,1.438798900000000003e+03,1.455576099999999997e+03,1.455795000000000073e+03,1.389895099999999957e+03
2.482208200000000087e+00,2.579569899999999961e+03,2.222009100000000217e+03,1.842580300000000079e+03,1.484906700000000001e+03,1.436310500000000047e+03,1.453004200000000083e+03,1.453012999999999920e+03,1.386173000000000002e+03
2.484185000000000088e+00,2.577366199999999935e+03,2.219794499999999971e+03,1.840387600000000020e+03,1.482952700000000050e+03,1.433656899999999951e+03,1.450313499999999976e+03,1.450151800000000094e+03,1.382508499999999913e+03
2.486161899999999925e+00,2.575171800000000076e+03,2.217582800000000134e+03,1.838175400000000081e+03,1.480972199999999930e+03,1.430931499999999915e+03,1.447573699999999917e+03,1.447243799999999965e+03,1.378851499999999987e+03
2.487891700000000039e+00,2.573825899999999820e+03,2.216577400000000125e+03,1.837486699999999928e+03,1.483877099999999928e+03,1.430166899999999941e+03,1.446105399999999918e+03,1.444864399999999932e+03,1.375016000000000076e+03
2.489621399999999873e+00,2.571760099999999966e+03,2.214517699999999877e+03,1.835529199999999946e+03,1.482818500000000085e+03,1.427360899999999901e+03,1.443351499999999987e+03,1.441930800000000090e+03,1.372136099999999942e+03
2.491697100000000109e+00,2.568590799999999945e+03,2.210824300000000221e+03,1.831422199999999975e+03,1.474554200000000037e+03,1.421920599999999922e+03,1.438906899999999951e+03,1.438344200000000001e+03,1.369615900000000011e+03
2.493772900000000181e+00,2.566369299999999839e+03,2.208478500000000167e+03,1.828900599999999940e+03,1.471279399999999896e+03,1.419282999999999902e+03,1.436295800000000099e+03,1.435589699999999993e+03,1.365839999999999918e+03
2.495848599999999973e+00,2.563997699999999895e+03,2.206076599999999871e+03,1.826446200000000090e+03,1.468584599999999909e+03,1.416722700000000032e+03,1.433586199999999963e+03,1.432560600000000022e+03,1.361512799999999970e+03
2.497924300000000208e+00,2.561906300000000101e+03,2.203982899999999972e+03,1.824359600000000000e+03,1.466555399999999963e+03,1.414250500000000102e+03,1.431016499999999951e+03,1.429663000000000011e+03,1.357357799999999997e+03
2.500000000000000000e+00,2.559861800000000130e+03,2.201945000000000164e+03,1.822353900000000067e+03,1.464784300000000030e+03,1.411794599999999946e+03,1.428491999999999962e+03,1.426835499999999911e+03,1.353455699999999979e+03
2.501923099999999955e+00,2.558144400000000132e+03,2.200411000000000058e+03,1.821000999999999976e+03,1.465496599999999944e+03,1.410258499999999913e+03,1.426582000000000107e+03,1.424286299999999983e+03,1.349630300000000034e+03
2.503772199999999781e+00,2.556354100000000017e+03,2.198737099999999828e+03,1.819498800000000074e+03,1.465646799999999985e+03,1.408273899999999912e+03,1.424387899999999945e+03,1.421595100000000002e+03,1.346307900000000018e+03
2.505621300000000051e+00,2.554431599999999889e+03,2.196798400000000129e+03,1.817630900000000111e+03,1.464395299999999907e+03,1.405763699999999972e+03,1.421894000000000005e+03,1.418862699999999904e+03,1.343503899999999931e+03
2.507550800000000191e+00,2.552110499999999774e+03,2.194312800000000152e+03,1.815062200000000075e+03,1.461045100000000048e+03,1.402600100000000111e+03,1.419009000000000015e+03,1.416035300000000007e+03,1.340854900000000043e+03
2.509480299999999886e+00,2.549966600000000199e+03,2.192105000000000018e+03,1.812832799999999907e+03,1.458754899999999907e+03,1.400192399999999907e+03,1.416618899999999940e+03,1.413418599999999969e+03,1.337778600000000097e+03
2.511409800000000025e+00,2.547807099999999991e+03,2.189898499999999785e+03,1.810621000000000095e+03,1.456525300000000016e+03,1.397713600000000042e+03,1.414125099999999975e+03,1.410660399999999981e+03,1.334407300000000077e+03
2.513247499999999857e+00,2.545921299999999974e+03,2.188102899999999863e+03,1.808959200000000010e+03,1.456149100000000089e+03,1.395929699999999912e+03,1.412102499999999964e+03,1.408103000000000065e+03,1.331011700000000019e+03
2.515181800000000134e+00,2.543578399999999874e+03,2.185612099999999828e+03,1.806418300000000045e+03,1.452630200000000059e+03,1.392650200000000041e+03,1.409083900000000085e+03,1.405101100000000088e+03,1.327888899999999921e+03
2.517116099999999967e+00,2.541473399999999856e+03,2.183452000000000226e+03,1.804257399999999961e+03,1.450404700000000048e+03,1.390152900000000045e+03,1.406617099999999937e+03,1.402435199999999895e+03,1.324680399999999963e+03
2.518846900000000222e+00,2.539939800000000105e+03,2.182167100000000119e+03,1.803237300000000005e+03,1.452247299999999996e+03,1.389267499999999927e+03,1.405236400000000003e+03,1.400217000000000098e+03,1.321343000000000075e+03
2.520679400000000125e+00,2.537556999999999789e+03,2.179643500000000131e+03,1.800706599999999980e+03,1.448844200000000001e+03,1.385913199999999961e+03,1.402165400000000091e+03,1.397200000000000045e+03,1.318537800000000061e+03
2.522511900000000029e+00,2.535640199999999822e+03,2.177662899999999809e+03,1.798744599999999991e+03,1.446887899999999945e+03,1.383508599999999888e+03,1.399819999999999936e+03,1.394674800000000005e+03,1.315815499999999929e+03
2.524128900000000009e+00,2.534260900000000220e+03,2.176581000000000131e+03,1.798004699999999957e+03,1.449590799999999945e+03,1.383105600000000095e+03,1.398781500000000051e+03,1.392656700000000001e+03,1.312923700000000053e+03
2.525745800000000152e+00,2.532475399999999809e+03,2.174798200000000179e+03,1.796362399999999980e+03,1.448588500000000067e+03,1.380731500000000096e+03,1.396384199999999964e+03,1.389916999999999916e+03,1.310383599999999888e+03
2.527478299999999845e+00,2.530465200000000095e+03,2.172557400000000143e+03,1.794031999999999925e+03,1.444565700000000106e+03,1.377580699999999979e+03,1.393616299999999910e+03,1.387321699999999964e+03,1.308386500000000069e+03
2.529210700000000145e+00,2.528759000000000015e+03,2.170782700000000204e+03,1.792257900000000063e+03,1.442472600000000057e+03,1.375699000000000069e+03,1.391721700000000055e+03,1.385177300000000059e+03,1.305994400000000041e+03
2.530695699999999881e+00,2.527572000000000116e+03,2.170004600000000210e+03,1.791953999999999951e+03,1.446449800000000096e+03,1.376049400000000105e+03,1.391247000000000071e+03,1.383437400000000025e+03,1.303229000000000042e+03
2.532304400000000122e+00,2.525659700000000157e+03,2.167888100000000122e+03,1.789791199999999890e+03,1.442593699999999899e+03,1.372840300000000070e+03,1.388356800000000021e+03,1.380620799999999917e+03,1.300988700000000108e+03
2.533913099999999918e+00,2.523931799999999839e+03,2.166106000000000222e+03,1.788060199999999895e+03,1.440678200000000061e+03,1.370747900000000072e+03,1.386352399999999989e+03,1.378468000000000075e+03,1.299032500000000027e+03
2.535521699999999878e+00,2.522157999999999902e+03,2.164322500000000218e+03,1.786328099999999949e+03,1.438787100000000009e+03,1.368956200000000081e+03,1.384558800000000019e+03,1.376435999999999922e+03,1.296812599999999975e+03
2.537130400000000119e+00,2.520435599999999795e+03,2.162586299999999937e+03,1.784649699999999939e+03,1.436986000000000104e+03,1.367152800000000070e+03,1.382699499999999944e+03,1.374264499999999998e+03,1.294296199999999999e+03
2.538739099999999915e+00,2.518806500000000142e+03,2.160845400000000154e+03,1.782940000000000055e+03,1.435183099999999968e+03,1.365232999999999947e+03,1.380735699999999952e+03,1.371990000000000009e+03,1.291598600000000033e+03
2.540347800000000156e+00,2.517111600000000180e+03,2.159094900000000052e+03,1.781228800000000092e+03,1.433424899999999980e+03,1.363310500000000047e+03,1.378796900000000051e+03,1.369796100000000024e+03,1.289069700000000012e+03
2.541956499999999952e+00,2.515312800000000152e+03,2.157251299999999901e+03,1.779408100000000104e+03,1.431568299999999908e+03,1.361266599999999926e+03,1.376782699999999977e+03,1.367570999999999913e+03,1.286469499999999925e+03
2.543565200000000193e+00,2.513463900000000194e+03,2.155391299999999774e+03,1.777579500000000053e+03,1.429741199999999935e+03,1.359230399999999918e+03,1.374737499999999955e+03,1.365263799999999947e+03,1.283720499999999902e+03
2.545173899999999989e+00,2.511597499999999854e+03,2.153528099999999995e+03,1.775753200000000106e+03,1.427950000000000045e+03,1.357246100000000069e+03,1.372771600000000035e+03,1.363078999999999951e+03,1.281145500000000084e+03
2.546782599999999785e+00,2.509784500000000207e+03,2.151722299999999905e+03,1.773984899999999925e+03,1.426244699999999966e+03,1.355309500000000071e+03,1.370807499999999891e+03,1.360821899999999914e+03,1.278345199999999977e+03
2.548391300000000026e+00,2.508060699999999997e+03,2.149983900000000176e+03,1.772280400000000100e+03,1.424639599999999973e+03,1.353505300000000034e+03,1.368964600000000019e+03,1.358720399999999927e+03,1.275893900000000031e+03
2.549999999999999822e+00,2.506374299999999948e+03,2.148285699999999906e+03,1.770600400000000036e+03,1.423039199999999937e+03,1.351587500000000091e+03,1.367060799999999972e+03,1.356623000000000047e+03,1.273531700000000001e+03
2.551666700000000176e+00,2.504538300000000163e+03,2.146368300000000090e+03,1.768625299999999925e+03,1.420228900000000067e+03,1.349253200000000106e+03,1.364863299999999981e+03,1.354410499999999956e+03,1.271054399999999987e+03
2.553392899999999965e+00,2.502696699999999964e+03,2.144431599999999889e+03,1.766596099999999979e+03,1.417268700000000081e+03,1.347064100000000053e+03,1.362780099999999948e+03,1.352302100000000110e+03,1.268361699999999928e+03
2.555118999999999918e+00,2.500835500000000138e+03,2.142571300000000065e+03,1.764734300000000076e+03,1.415333399999999983e+03,1.345265200000000050e+03,1.360884099999999989e+03,1.350120699999999943e+03,1.265202399999999898e+03
2.556845200000000151e+00,2.498988199999999779e+03,2.140736300000000028e+03,1.762913800000000037e+03,1.413614000000000033e+03,1.343405799999999999e+03,1.358946400000000040e+03,1.347912299999999959e+03,1.262172499999999900e+03
2.558443599999999929e+00,2.497455699999999979e+03,2.139400200000000041e+03,1.761798800000000028e+03,1.414665799999999990e+03,1.342434700000000021e+03,1.357572499999999991e+03,1.345824200000000019e+03,1.259266300000000001e+03
2.560105800000000098e+00,2.495497800000000097e+03,2.137367400000000089e+03,1.759754400000000032e+03,1.412226400000000012e+03,1.339842799999999897e+03,1.355143299999999954e+03,1.343412299999999959e+03,1.257163500000000113e+03
2.561840300000000070e+00,2.493648400000000038e+03,2.135394299999999930e+03,1.757684899999999971e+03,1.409270600000000059e+03,1.337366600000000062e+03,1.352889499999999998e+03,1.341280899999999974e+03,1.254957499999999982e+03
2.563574899999999879e+00,2.491745100000000093e+03,2.133469900000000052e+03,1.755743799999999965e+03,1.407317600000000084e+03,1.335488299999999981e+03,1.350976699999999937e+03,1.339175899999999956e+03,1.252333100000000059e+03
2.565309399999999851e+00,2.489850600000000213e+03,2.131567399999999907e+03,1.753839899999999943e+03,1.405515900000000101e+03,1.333550400000000081e+03,1.348962099999999964e+03,1.336899400000000014e+03,1.249392200000000003e+03
2.566961300000000001e+00,2.488193400000000111e+03,2.130025500000000193e+03,1.752440200000000004e+03,1.405547299999999950e+03,1.332270299999999907e+03,1.347424899999999980e+03,1.334847500000000082e+03,1.246717900000000100e+03
2.568613299999999988e+00,2.486327499999999873e+03,2.128178600000000188e+03,1.750673199999999952e+03,1.404256100000000060e+03,1.330216699999999946e+03,1.345339899999999943e+03,1.332513899999999921e+03,1.244222199999999930e+03
2.570357000000000003e+00,2.484436999999999898e+03,2.126148599999999988e+03,1.748560199999999895e+03,1.401097899999999981e+03,1.327588400000000092e+03,1.342960800000000063e+03,1.330298999999999978e+03,1.241970700000000079e+03
2.572209700000000154e+00,2.482319899999999961e+03,2.123878200000000106e+03,1.746172399999999925e+03,1.397292400000000043e+03,1.325060899999999947e+03,1.340625099999999975e+03,1.328115299999999934e+03,1.239211099999999988e+03
2.574062399999999862e+00,2.480335000000000036e+03,2.121871799999999894e+03,1.744140100000000075e+03,1.395105099999999993e+03,1.323212199999999939e+03,1.338691299999999956e+03,1.325958399999999983e+03,1.235935500000000047e+03
2.575791499999999790e+00,2.478610900000000129e+03,2.120306099999999788e+03,1.742740999999999985e+03,1.395454199999999901e+03,1.322154299999999921e+03,1.337206899999999905e+03,1.323774100000000089e+03,1.232621200000000044e+03
2.577520699999999998e+00,2.476796299999999974e+03,2.118527799999999843e+03,1.741070600000000013e+03,1.394380200000000059e+03,1.320144600000000082e+03,1.335071200000000090e+03,1.321310400000000072e+03,1.229776699999999892e+03
2.579394000000000187e+00,2.474647300000000087e+03,2.116211400000000140e+03,1.738673000000000002e+03,1.390534300000000030e+03,1.317162900000000036e+03,1.332410800000000108e+03,1.318935799999999972e+03,1.227294300000000021e+03
2.581267299999999931e+00,2.472792899999999918e+03,2.114330699999999979e+03,1.736788999999999987e+03,1.388629200000000083e+03,1.315328199999999924e+03,1.330519199999999955e+03,1.316863800000000083e+03,1.224350599999999986e+03
2.583140499999999840e+00,2.470761500000000069e+03,2.112302000000000135e+03,1.734786100000000033e+03,1.386777199999999993e+03,1.313376400000000103e+03,1.328450000000000045e+03,1.314507800000000088e+03,1.221068400000000111e+03
2.585013800000000028e+00,2.468780499999999847e+03,2.110328399999999874e+03,1.732856800000000021e+03,1.385105199999999968e+03,1.311303900000000112e+03,1.326272400000000061e+03,1.312032300000000077e+03,1.217679300000000012e+03
2.586887100000000217e+00,2.466789200000000164e+03,2.108345899999999801e+03,1.730932800000000043e+03,1.383505400000000009e+03,1.309250900000000001e+03,1.324199499999999944e+03,1.309812799999999925e+03,1.215053300000000036e+03
2.588760399999999962e+00,2.464803100000000086e+03,2.106369900000000143e+03,1.729024599999999964e+03,1.381951999999999998e+03,1.307206500000000005e+03,1.322089600000000019e+03,1.307492500000000064e+03,1.212255200000000059e+03
2.590633599999999870e+00,2.463005299999999806e+03,2.104585300000000188e+03,1.727318400000000111e+03,1.380612300000000005e+03,1.305373399999999947e+03,1.320141800000000103e+03,1.305268700000000081e+03,1.209499000000000024e+03
2.592506900000000059e+00,2.461122800000000097e+03,2.102715499999999793e+03,1.725532899999999927e+03,1.379191900000000032e+03,1.303499900000000025e+03,1.318165899999999965e+03,1.303035599999999931e+03,1.206829700000000003e+03
2.594380199999999803e+00,2.459257799999999861e+03,2.100856900000000223e+03,1.723752500000000055e+03,1.377752700000000004e+03,1.301599200000000110e+03,1.316149100000000089e+03,1.300751299999999901e+03,1.204116700000000037e+03
2.596253499999999992e+00,2.457387200000000121e+03,2.099002500000000055e+03,1.722002799999999979e+03,1.376369099999999889e+03,1.299772600000000011e+03,1.314175799999999981e+03,1.298501299999999901e+03,1.201605700000000070e+03
2.598126699999999900e+00,2.455509199999999964e+03,2.097124400000000151e+03,1.720205500000000029e+03,1.374884299999999939e+03,1.297865999999999985e+03,1.312191600000000108e+03,1.296289899999999989e+03,1.199030600000000049e+03
2.600000000000000089e+00,2.453602899999999863e+03,2.095228799999999865e+03,1.718413900000000012e+03,1.373418699999999944e+03,1.295974799999999959e+03,1.310178100000000086e+03,1.294008499999999913e+03,1.196321400000000040e+03
2.601851900000000217e+00,2.451716399999999794e+03,2.093373999999999796e+03,1.716683899999999994e+03,1.372280899999999974e+03,1.294226899999999887e+03,1.308245400000000018e+03,1.291724699999999984e+03,1.193573599999999942e+03
2.603777800000000031e+00,2.449744400000000041e+03,2.091335399999999936e+03,1.714696799999999939e+03,1.369735400000000027e+03,1.291923199999999952e+03,1.305984600000000000e+03,1.289418599999999969e+03,1.190994699999999966e+03
2.605703699999999845e+00,2.447779700000000048e+03,2.089374499999999898e+03,1.712833800000000110e+03,1.368029999999999973e+03,1.290098700000000008e+03,1.304048099999999977e+03,1.287222400000000107e+03,1.188138400000000047e+03
2.607629600000000103e+00,2.445739099999999780e+03,2.087342099999999846e+03,1.710896899999999960e+03,1.366315599999999904e+03,1.288155500000000075e+03,1.301988599999999906e+03,1.284876999999999953e+03,1.185120799999999917e+03
2.609471800000000119e+00,2.443960599999999886e+03,2.085667699999999968e+03,1.709405700000000024e+03,1.366139799999999923e+03,1.286747200000000021e+03,1.300248399999999947e+03,1.282556399999999940e+03,1.182128799999999956e+03
2.611401700000000048e+00,2.441896200000000135e+03,2.083534099999999853e+03,1.707336099999999988e+03,1.363474099999999908e+03,1.284194099999999935e+03,1.297795200000000023e+03,1.280096900000000005e+03,1.179501600000000053e+03
2.613331599999999977e+00,2.440005700000000161e+03,2.081640699999999924e+03,1.705540400000000091e+03,1.361848999999999933e+03,1.282330999999999904e+03,1.295860899999999901e+03,1.277952399999999898e+03,1.176877400000000080e+03
2.615368800000000160e+00,2.437789900000000216e+03,2.079343299999999999e+03,1.703282300000000077e+03,1.358631599999999935e+03,1.279835199999999986e+03,1.293474999999999909e+03,1.275622100000000046e+03,1.174051099999999906e+03
2.617405900000000063e+00,2.435895399999999881e+03,2.077448899999999867e+03,1.701467699999999923e+03,1.356853000000000065e+03,1.278021199999999908e+03,1.291511500000000069e+03,1.273394500000000107e+03,1.170910499999999956e+03
2.619323200000000185e+00,2.434023599999999988e+03,2.075719599999999900e+03,1.699947200000000066e+03,1.356913500000000113e+03,1.276842000000000098e+03,1.289927500000000009e+03,1.271158300000000054e+03,1.167774499999999989e+03
2.621368299999999874e+00,2.432380200000000059e+03,2.074022399999999834e+03,1.698352300000000014e+03,1.354496399999999994e+03,1.274669399999999996e+03,1.287876700000000028e+03,1.269174199999999928e+03,1.165571099999999888e+03
2.623413400000000006e+00,2.429620899999999892e+03,2.071231099999999969e+03,1.695617400000000089e+03,1.351895099999999957e+03,1.271705899999999929e+03,1.284785800000000108e+03,1.265839400000000069e+03,1.161535300000000007e+03
2.625458599999999976e+00,2.428684299999999894e+03,2.070345100000000002e+03,1.694899699999999939e+03,1.351478100000000040e+03,1.270961399999999912e+03,1.283856899999999996e+03,1.264587500000000091e+03,1.159555200000000013e+03
2.627503700000000109e+00,2.425386700000000019e+03,2.067077499999999873e+03,1.691744599999999991e+03,1.348657699999999977e+03,1.267805800000000090e+03,1.280591799999999921e+03,1.261093399999999974e+03,1.155618099999999913e+03
2.629548799999999797e+00,2.424610299999999825e+03,2.066323899999999867e+03,1.691156199999999899e+03,1.348425999999999931e+03,1.267127400000000080e+03,1.279769900000000007e+03,1.259968100000000049e+03,1.153998000000000047e+03
2.631593899999999930e+00,2.421094599999999900e+03,2.062844399999999951e+03,1.687802599999999984e+03,1.345433399999999892e+03,1.263697799999999916e+03,1.276248199999999997e+03,1.256221999999999980e+03,1.149920000000000073e+03
2.633639000000000063e+00,2.420406199999999899e+03,2.062171600000000126e+03,1.687308199999999943e+03,1.345280400000000100e+03,1.263067099999999982e+03,1.275474799999999959e+03,1.255151599999999917e+03,1.148468299999999999e+03
2.635684200000000033e+00,2.416800600000000031e+03,2.058604400000000169e+03,1.683877999999999929e+03,1.342179799999999886e+03,1.259545200000000023e+03,1.271882700000000114e+03,1.251356999999999971e+03,1.144483699999999999e+03
2.637729300000000165e+00,2.416133400000000165e+03,2.057930899999999838e+03,1.683267100000000028e+03,1.341871900000000096e+03,1.258879699999999957e+03,1.271071999999999889e+03,1.250247800000000097e+03,1.143037399999999934e+03
2.639774399999999854e+00,2.412598199999999906e+03,2.054416200000000117e+03,1.679784200000000055e+03,1.338691700000000083e+03,1.255328999999999951e+03,1.267448699999999917e+03,1.246413299999999936e+03,1.139045100000000048e+03
2.641819499999999987e+00,2.411936599999999999e+03,2.053755999999999858e+03,1.679276000000000067e+03,1.338506800000000112e+03,1.254720600000000104e+03,1.266697899999999890e+03,1.245353499999999940e+03,1.137672100000000000e+03
2.643864600000000120e+00,2.408523700000000190e+03,2.050381600000000162e+03,1.676043499999999995e+03,1.335574699999999893e+03,1.251261899999999969e+03,1.263155299999999897e+03,1.241593100000000049e+03,1.133793599999999969e+03
2.645909800000000089e+00,2.408055499999999938e+03,2.049932899999999790e+03,1.675790799999999990e+03,1.335630400000000009e+03,1.250808800000000019e+03,1.262530299999999897e+03,1.240638099999999895e+03,1.132538000000000011e+03
2.647954899999999778e+00,2.404700200000000223e+03,2.046607799999999997e+03,1.672596700000000055e+03,1.332716699999999946e+03,1.247398300000000063e+03,1.259035900000000083e+03,1.236924199999999928e+03,1.128737699999999904e+03
2.649999999999999911e+00,2.404094500000000153e+03,2.046043699999999944e+03,1.672237399999999980e+03,1.332662199999999984e+03,1.246853399999999965e+03,1.258331200000000081e+03,1.235894099999999980e+03,1.127445899999999938e+03
2.652173900000000195e+00,2.400781399999999849e+03,2.042626199999999926e+03,1.668865299999999934e+03,1.328210399999999936e+03,1.242885800000000017e+03,1.254509000000000015e+03,1.232220900000000029e+03,1.123740399999999909e+03
2.654347800000000035e+00,2.400026199999999790e+03,2.041923999999999978e+03,1.668361400000000003e+03,1.327792599999999993e+03,1.242396899999999960e+03,1.253834000000000060e+03,1.231241400000000112e+03,1.122113000000000056e+03
2.656630400000000058e+00,2.396918799999999919e+03,2.038772899999999936e+03,1.665286499999999933e+03,1.323909200000000055e+03,1.239030199999999923e+03,1.250543499999999995e+03,1.228000800000000027e+03,1.118309799999999996e+03
2.658913000000000082e+00,2.395040599999999813e+03,2.036923199999999952e+03,1.663585800000000063e+03,1.322306399999999940e+03,1.237226499999999987e+03,1.248552599999999984e+03,1.225733099999999922e+03,1.115223500000000058e+03
2.661075499999999927e+00,2.392029700000000048e+03,2.034023699999999963e+03,1.660879699999999957e+03,1.320964500000000044e+03,1.234732899999999972e+03,1.245721299999999928e+03,1.222379599999999982e+03,1.111270500000000084e+03
2.663238000000000216e+00,2.390711499999999887e+03,2.032719100000000026e+03,1.659759299999999939e+03,1.320378400000000056e+03,1.233139400000000023e+03,1.243946200000000090e+03,1.220326199999999972e+03,1.109160200000000032e+03
2.665535600000000116e+00,2.388835300000000188e+03,2.030734999999999900e+03,1.657917699999999968e+03,1.317751400000000103e+03,1.230705099999999902e+03,1.241632800000000088e+03,1.218143800000000056e+03,1.107126899999999978e+03
2.667689600000000105e+00,2.385748199999999997e+03,2.027870899999999892e+03,1.655240999999999985e+03,1.316532200000000103e+03,1.228285599999999931e+03,1.238848400000000083e+03,1.214819500000000062e+03,1.103416099999999915e+03
2.669997500000000024e+00,2.384686499999999796e+03,2.026810899999999947e+03,1.654347600000000057e+03,1.314697200000000066e+03,1.226736000000000104e+03,1.237353800000000092e+03,1.213408200000000079e+03,1.101973300000000108e+03
2.672305399999999942e+00,2.381119400000000041e+03,2.023287499999999909e+03,1.650978599999999915e+03,1.311465699999999970e+03,1.223290099999999939e+03,1.233813000000000102e+03,1.209710800000000063e+03,1.098016000000000076e+03
2.674613299999999860e+00,2.380369599999999991e+03,2.022603399999999965e+03,1.650513999999999896e+03,1.311267000000000053e+03,1.222765499999999975e+03,1.233038700000000063e+03,1.208622399999999971e+03,1.096404299999999921e+03
2.676921199999999779e+00,2.377555400000000191e+03,2.019810899999999947e+03,1.647874600000000100e+03,1.308931199999999990e+03,1.219999700000000075e+03,1.230142599999999902e+03,1.205536299999999983e+03,1.093086499999999887e+03
2.679229100000000141e+00,2.375594900000000052e+03,2.017899599999999964e+03,1.646143600000000106e+03,1.307559299999999894e+03,1.218120400000000018e+03,1.228096199999999953e+03,1.203281400000000076e+03,1.090644800000000032e+03
2.681536899999999779e+00,2.373229899999999816e+03,2.015592399999999998e+03,1.644095199999999977e+03,1.305730000000000018e+03,1.215717599999999948e+03,1.225552799999999934e+03,1.200553200000000061e+03,1.087720399999999927e+03
2.683844800000000141e+00,2.371045200000000023e+03,2.013452299999999923e+03,1.642154999999999973e+03,1.304074499999999944e+03,1.213513400000000047e+03,1.223201099999999997e+03,1.198031500000000051e+03,1.085169000000000096e+03
2.686152700000000060e+00,2.368816899999999805e+03,2.011264200000000073e+03,1.640151599999999917e+03,1.302358600000000024e+03,1.211257000000000062e+03,1.220782799999999952e+03,1.195431399999999940e+03,1.082475500000000011e+03
2.688460599999999978e+00,2.366713200000000143e+03,2.009161900000000060e+03,1.638210000000000036e+03,1.300680000000000064e+03,1.209017100000000028e+03,1.218379200000000083e+03,1.192874000000000024e+03,1.079925300000000107e+03
2.690768499999999896e+00,2.364402599999999893e+03,2.006917599999999993e+03,1.636199800000000096e+03,1.298964500000000044e+03,1.206792699999999968e+03,1.215991500000000087e+03,1.190338099999999940e+03,1.077439900000000080e+03
2.693076399999999815e+00,2.362331499999999778e+03,2.004876600000000053e+03,1.634352699999999913e+03,1.297371399999999994e+03,1.204634499999999889e+03,1.213654500000000098e+03,1.187854599999999891e+03,1.074984400000000051e+03
2.695384199999999897e+00,2.360197500000000218e+03,2.002785800000000108e+03,1.632469100000000026e+03,1.295743500000000040e+03,1.202435500000000047e+03,1.211276599999999917e+03,1.185336000000000013e+03,1.072502500000000055e+03
2.697692099999999815e+00,2.358154899999999998e+03,2.000778700000000072e+03,1.630657500000000027e+03,1.294155799999999999e+03,1.200232500000000073e+03,1.208897999999999911e+03,1.182834100000000035e+03,1.070057900000000018e+03
2.700000000000000178e+00,2.356079299999999876e+03,1.998743600000000015e+03,1.628828099999999949e+03,1.292560099999999920e+03,1.198078299999999899e+03,1.206569700000000012e+03,1.180379799999999932e+03,1.067643299999999954e+03
2.702272699999999972e+00,2.353939199999999801e+03,1.996670599999999922e+03,1.626981299999999919e+03,1.291259399999999914e+03,1.196011799999999994e+03,1.204294900000000098e+03,1.177907500000000027e+03,1.065180800000000090e+03
2.704659100000000205e+00,2.352076000000000022e+03,1.994756300000000010e+03,1.625199200000000019e+03,1.288729299999999967e+03,1.193635899999999992e+03,1.201970100000000002e+03,1.175748000000000047e+03,1.063223400000000083e+03
2.707045499999999993e+00,2.349796100000000024e+03,1.992534799999999905e+03,1.623194500000000062e+03,1.286785599999999931e+03,1.191369500000000016e+03,1.199563699999999926e+03,1.173287700000000086e+03,1.060541899999999941e+03
2.709306199999999887e+00,2.347760400000000118e+03,1.990594000000000051e+03,1.621490900000000011e+03,1.286323799999999892e+03,1.189642299999999977e+03,1.197452900000000000e+03,1.170782600000000002e+03,1.057753300000000081e+03
2.711699999999999999e+00,2.345830699999999979e+03,1.988621000000000095e+03,1.619664999999999964e+03,1.283693600000000060e+03,1.186969499999999925e+03,1.194842000000000098e+03,1.168424700000000030e+03,1.055933600000000069e+03
2.714093699999999831e+00,2.343500799999999799e+03,1.986346500000000106e+03,1.617623499999999922e+03,1.281756399999999985e+03,1.184594200000000001e+03,1.192342599999999948e+03,1.165931199999999990e+03,1.053407200000000103e+03
2.716487499999999944e+00,2.340770300000000134e+03,1.983655799999999999e+03,1.615121599999999944e+03,1.279422399999999925e+03,1.181824100000000044e+03,1.189408699999999953e+03,1.162954600000000028e+03,1.050305200000000013e+03
2.718881200000000220e+00,2.339611199999999826e+03,1.982578099999999949e+03,1.614269800000000032e+03,1.278752799999999979e+03,1.180501400000000103e+03,1.187865900000000011e+03,1.161337800000000016e+03,1.048671299999999974e+03
2.721274999999999888e+00,2.336949700000000121e+03,1.979954700000000003e+03,1.611836600000000089e+03,1.276562699999999950e+03,1.177741600000000062e+03,1.184984099999999899e+03,1.158453800000000001e+03,1.045865500000000111e+03
2.723668700000000165e+00,2.334793799999999919e+03,1.977846800000000030e+03,1.609910200000000032e+03,1.274828800000000001e+03,1.175361599999999953e+03,1.182462500000000091e+03,1.155903900000000021e+03,1.043388699999999972e+03
2.726062499999999833e+00,2.332886599999999817e+03,1.975997599999999920e+03,1.608262400000000071e+03,1.273375800000000027e+03,1.173125399999999900e+03,1.180064699999999903e+03,1.153493199999999888e+03,1.041113000000000056e+03
2.728456200000000109e+00,2.331195900000000165e+03,1.974360899999999901e+03,1.606818199999999933e+03,1.272114600000000110e+03,1.171116400000000112e+03,1.177904099999999971e+03,1.151314100000000053e+03,1.039054599999999937e+03
2.730850000000000222e+00,2.328893700000000081e+03,1.972096700000000055e+03,1.604731700000000046e+03,1.270214999999999918e+03,1.168638200000000097e+03,1.175338400000000092e+03,1.148753300000000081e+03,1.036622699999999895e+03
2.733243700000000054e+00,2.326808700000000044e+03,1.970064499999999953e+03,1.602903900000000021e+03,1.268578600000000051e+03,1.166388999999999896e+03,1.172999800000000050e+03,1.146446899999999914e+03,1.034509499999999889e+03
2.735637500000000166e+00,2.324645500000000084e+03,1.967954999999999927e+03,1.601002400000000080e+03,1.266881100000000060e+03,1.164188599999999951e+03,1.170736400000000003e+03,1.144215300000000070e+03,1.032470700000000079e+03
2.738031199999999998e+00,2.322607599999999820e+03,1.965970700000000079e+03,1.599226200000000063e+03,1.265294900000000098e+03,1.162048999999999978e+03,1.168511999999999944e+03,1.142001299999999901e+03,1.030426300000000083e+03
2.740425000000000111e+00,2.320552000000000135e+03,1.963971399999999903e+03,1.597445699999999988e+03,1.263713199999999915e+03,1.159922700000000077e+03,1.166295800000000099e+03,1.139783899999999903e+03,1.028369899999999916e+03
2.742818699999999943e+00,2.318653400000000147e+03,1.962124600000000100e+03,1.595795800000000099e+03,1.262215300000000070e+03,1.157768600000000106e+03,1.164039999999999964e+03,1.137524599999999964e+03,1.026272699999999986e+03
2.745212500000000055e+00,2.316626400000000103e+03,1.960151100000000042e+03,1.594024200000000064e+03,1.260602399999999989e+03,1.155544200000000046e+03,1.161729000000000042e+03,1.135212700000000041e+03,1.024113900000000058e+03
2.747606199999999887e+00,2.314611600000000180e+03,1.958190399999999954e+03,1.592248700000000099e+03,1.258947100000000091e+03,1.153280099999999948e+03,1.159410900000000083e+03,1.132923700000000053e+03,1.022006099999999947e+03
2.750000000000000000e+00,2.312629100000000108e+03,1.956234999999999900e+03,1.590459800000000087e+03,1.257278499999999894e+03,1.151006000000000085e+03,1.157089799999999968e+03,1.130626099999999951e+03,1.019899199999999951e+03
2.752499999999999947e+00,2.310355700000000070e+03,1.953963799999999992e+03,1.588352300000000014e+03,1.254467599999999948e+03,1.148283100000000104e+03,1.154536499999999933e+03,1.128400200000000041e+03,1.018019999999999982e+03
2.754999999999999893e+00,2.308183199999999943e+03,1.951830300000000079e+03,1.586373000000000047e+03,1.252440599999999904e+03,1.145837899999999991e+03,1.152073599999999942e+03,1.125988000000000056e+03,1.015300399999999968e+03
2.757499999999999840e+00,2.305940500000000156e+03,1.949636500000000069e+03,1.584362499999999955e+03,1.250522099999999909e+03,1.143394700000000057e+03,1.149599899999999934e+03,1.123563599999999951e+03,1.012799200000000042e+03
2.759999999999999787e+00,2.303856999999999971e+03,1.947604700000000093e+03,1.582507800000000088e+03,1.248797900000000027e+03,1.141025200000000041e+03,1.147210900000000038e+03,1.121225100000000111e+03,1.010541900000000055e+03
2.762352900000000222e+00,2.301816699999999855e+03,1.945673199999999952e+03,1.580828500000000076e+03,1.248497499999999945e+03,1.139170599999999922e+03,1.145128500000000031e+03,1.118856500000000096e+03,1.008072700000000054e+03
2.764705900000000049e+00,2.300010600000000068e+03,1.943921800000000076e+03,1.579261199999999917e+03,1.247278900000000021e+03,1.136978699999999890e+03,1.142951199999999972e+03,1.116737599999999929e+03,1.007290799999999990e+03
2.767058800000000041e+00,2.298023200000000088e+03,1.941975899999999911e+03,1.577499099999999999e+03,1.245726899999999887e+03,1.134659900000000107e+03,1.140694199999999910e+03,1.114550899999999956e+03,1.005765999999999963e+03
2.769411799999999868e+00,2.296090799999999945e+03,1.940076800000000048e+03,1.575756900000000087e+03,1.244081500000000005e+03,1.132385800000000017e+03,1.138462099999999964e+03,1.112350100000000111e+03,1.004068399999999997e+03
2.771764699999999859e+00,2.293689800000000105e+03,1.937718100000000049e+03,1.573571300000000065e+03,1.241982799999999997e+03,1.129896500000000060e+03,1.136055599999999913e+03,1.109970900000000029e+03,1.002084399999999960e+03
2.774117599999999850e+00,2.292274499999999989e+03,1.936320699999999988e+03,1.572309199999999919e+03,1.240698000000000093e+03,1.127791699999999992e+03,1.133959700000000112e+03,1.107984899999999925e+03,1.000675600000000031e+03
2.776705900000000060e+00,2.289920900000000074e+03,1.933939200000000028e+03,1.569994500000000016e+03,1.236558700000000044e+03,1.124659499999999980e+03,1.131262799999999970e+03,1.105835700000000088e+03,9.991624699999999848e+02
2.779035299999999875e+00,2.287896099999999933e+03,1.932021099999999933e+03,1.568323499999999967e+03,1.236686300000000074e+03,1.123039899999999989e+03,1.129308999999999969e+03,1.103376199999999926e+03,9.957534399999999550e+02
2.781364700000000134e+00,2.285850300000000061e+03,1.930059299999999894e+03,1.566564300000000003e+03,1.235253200000000106e+03,1.120908500000000004e+03,1.127220199999999977e+03,1.101262400000000071e+03,9.946920699999999442e+02
2.784026900000000193e+00,2.284415500000000065e+03,1.928547700000000077e+03,1.565071400000000040e+03,1.231334100000000035e+03,1.117966300000000047e+03,1.124798500000000104e+03,1.099687500000000000e+03,9.941368300000000318e+02
2.786689099999999808e+00,2.281970400000000154e+03,1.926145800000000008e+03,1.562807299999999941e+03,1.228774899999999889e+03,1.115567900000000009e+03,1.122472099999999955e+03,1.097344599999999900e+03,9.907092699999999468e+02
2.788907599999999931e+00,2.279683199999999943e+03,1.924047600000000102e+03,1.561045599999999922e+03,1.230531899999999951e+03,1.114391200000000026e+03,1.120652100000000019e+03,1.094530400000000100e+03,9.870332899999999654e+02
2.791126100000000054e+00,2.278139200000000073e+03,1.922592200000000048e+03,1.559827800000000025e+03,1.230054900000000089e+03,1.112594000000000051e+03,1.118984099999999899e+03,1.092966100000000097e+03,9.877803499999999985e+02
2.793344499999999897e+00,2.276336499999999887e+03,1.920820699999999988e+03,1.558230299999999943e+03,1.228794499999999971e+03,1.110370699999999943e+03,1.116919499999999971e+03,1.090979900000000043e+03,9.870485999999999649e+02
2.795563000000000020e+00,2.274550400000000081e+03,1.919058399999999892e+03,1.556615099999999984e+03,1.227279999999999973e+03,1.108344599999999900e+03,1.115025499999999965e+03,1.089107799999999997e+03,9.860420900000000302e+02
2.797781500000000143e+00,2.272720299999999952e+03,1.917245200000000068e+03,1.554938699999999926e+03,1.225564900000000080e+03,1.106286700000000110e+03,1.113082100000000082e+03,1.087176799999999957e+03,9.847627700000000459e+02
2.799999999999999822e+00,2.270870199999999841e+03,1.915421100000000024e+03,1.553265599999999949e+03,1.223806900000000041e+03,1.104261400000000094e+03,1.111195500000000038e+03,1.085329700000000003e+03,9.834802899999999681e+02
2.802272700000000061e+00,2.269084100000000035e+03,1.913635099999999966e+03,1.551589099999999917e+03,1.221493899999999940e+03,1.102004799999999932e+03,1.109144199999999955e+03,1.083444700000000012e+03,9.821421900000000278e+02
2.804442100000000160e+00,2.267394899999999780e+03,1.912016000000000076e+03,1.550199000000000069e+03,1.220877199999999903e+03,1.100375999999999976e+03,1.107450299999999970e+03,1.081492099999999937e+03,9.803048400000000129e+02
2.806611600000000095e+00,2.265493300000000090e+03,1.910154600000000073e+03,1.548573799999999892e+03,1.219268299999999954e+03,1.098305299999999988e+03,1.105508100000000013e+03,1.079592599999999948e+03,9.792764300000000048e+02
2.808781000000000194e+00,2.263714800000000196e+03,1.908399200000000064e+03,1.546904600000000073e+03,1.217633199999999988e+03,1.096258399999999938e+03,1.103601200000000063e+03,1.077734300000000076e+03,9.780333500000000413e+02
2.810950399999999849e+00,2.261961099999999988e+03,1.906652399999999943e+03,1.545072200000000066e+03,1.215968000000000075e+03,1.094280199999999923e+03,1.101753799999999956e+03,1.075931399999999940e+03,9.767623399999999947e+02
2.813119799999999948e+00,2.260258400000000165e+03,1.904959200000000010e+03,1.543420800000000099e+03,1.214321500000000015e+03,1.092346399999999903e+03,1.099958699999999908e+03,1.074173999999999978e+03,9.754599200000000110e+02
2.815289299999999884e+00,2.258539800000000014e+03,1.903267100000000028e+03,1.541851799999999912e+03,1.212696999999999889e+03,1.090442600000000084e+03,1.098167200000000093e+03,1.072432700000000068e+03,9.741543799999999464e+02
2.817458699999999983e+00,2.256907200000000103e+03,1.901665700000000015e+03,1.540384900000000016e+03,1.211168499999999995e+03,1.088625299999999925e+03,1.096454400000000078e+03,1.070745300000000043e+03,9.728618500000000040e+02
2.819628100000000082e+00,2.255206700000000183e+03,1.899995799999999917e+03,1.538839099999999917e+03,1.209571999999999889e+03,1.086759199999999964e+03,1.094699900000000071e+03,1.069037399999999934e+03,9.715508800000000065e+02
2.821797500000000181e+00,2.253540700000000015e+03,1.898366400000000112e+03,1.537338700000000017e+03,1.208051600000000008e+03,1.085027700000000095e+03,1.093083100000000059e+03,1.067460900000000038e+03,9.703400000000000318e+02
2.823966899999999836e+00,2.251886599999999817e+03,1.896748100000000022e+03,1.535840799999999945e+03,1.206533200000000079e+03,1.083284699999999930e+03,1.091455400000000054e+03,1.065888799999999947e+03,9.691367999999999938e+02
2.826136400000000215e+00,2.250221900000000005e+03,1.895110599999999977e+03,1.534304000000000087e+03,1.204978900000000067e+03,1.081479199999999992e+03,1.089758000000000038e+03,1.064250900000000001e+03,9.678774300000000039e+02
2.828305799999999870e+00,2.248563099999999849e+03,1.893481600000000071e+03,1.532774899999999889e+03,1.203429200000000037e+03,1.079666799999999967e+03,1.088041799999999967e+03,1.062592699999999923e+03,9.665926299999999856e+02
2.830475199999999969e+00,2.246959899999999834e+03,1.891905500000000075e+03,1.531292400000000043e+03,1.201924899999999980e+03,1.077904500000000098e+03,1.086378500000000031e+03,1.060994799999999941e+03,9.653647799999999961e+02
2.832644600000000068e+00,2.245377500000000055e+03,1.890350200000000086e+03,1.529826900000000023e+03,1.200437500000000000e+03,1.076149799999999914e+03,1.084723700000000008e+03,1.059412000000000035e+03,9.641480900000000247e+02
2.834814000000000167e+00,2.243771000000000186e+03,1.888770500000000084e+03,1.528334800000000087e+03,1.198925899999999956e+03,1.074370100000000093e+03,1.083034300000000030e+03,1.057782300000000077e+03,9.628696499999999787e+02
2.836983500000000102e+00,2.242129800000000159e+03,1.887152900000000045e+03,1.526797700000000077e+03,1.197366500000000087e+03,1.072567399999999907e+03,1.081326999999999998e+03,1.056139400000000023e+03,9.615761300000000347e+02
2.839152900000000201e+00,2.240556900000000041e+03,1.885608899999999949e+03,1.525342599999999948e+03,1.195904500000000098e+03,1.070884000000000015e+03,1.079719000000000051e+03,1.054594000000000051e+03,9.603613699999999653e+02
2.841322299999999856e+00,2.238886300000000119e+03,1.883959299999999985e+03,1.523765900000000101e+03,1.194300999999999931e+03,1.069052200000000084e+03,1.077993199999999888e+03,1.052956599999999980e+03,9.590680499999999711e+02
2.843491699999999955e+00,2.237252500000000055e+03,1.882349600000000009e+03,1.522233999999999924e+03,1.192753699999999981e+03,1.067291799999999967e+03,1.076327299999999923e+03,1.051362100000000055e+03,9.577827899999999772e+02
2.845661199999999891e+00,2.235632700000000114e+03,1.880752099999999928e+03,1.520710700000000088e+03,1.191214899999999943e+03,1.065579099999999926e+03,1.074729199999999992e+03,1.049843100000000049e+03,9.565581600000000435e+02
2.847830599999999990e+00,2.234006199999999808e+03,1.879148100000000113e+03,1.519181000000000040e+03,1.189670299999999997e+03,1.063862800000000107e+03,1.073114600000000110e+03,1.048309700000000021e+03,9.553256900000000087e+02
2.850000000000000089e+00,2.232380999999999858e+03,1.877544200000000046e+03,1.517648699999999963e+03,1.188125900000000001e+03,1.062145600000000059e+03,1.071492299999999886e+03,1.046764100000000099e+03,9.540744700000000194e+02
2.851999999999999869e+00,2.230888300000000072e+03,1.876128500000000031e+03,1.516437799999999925e+03,1.188663399999999911e+03,1.061149400000000014e+03,1.070324900000000071e+03,1.045193999999999960e+03,9.528292000000000144e+02
2.854000000000000092e+00,2.229248199999999997e+03,1.874520400000000109e+03,1.514948000000000093e+03,1.187447699999999941e+03,1.059465599999999995e+03,1.068770899999999983e+03,1.043751999999999953e+03,9.526488200000000006e+02
2.855999999999999872e+00,2.227727499999999964e+03,1.873015100000000075e+03,1.513531899999999951e+03,1.186076800000000048e+03,1.057801200000000108e+03,1.067233199999999897e+03,1.042316399999999931e+03,9.519645600000000059e+02
2.858000000000000096e+00,2.226243399999999838e+03,1.871545000000000073e+03,1.512145500000000084e+03,1.184641499999999951e+03,1.056247299999999996e+03,1.065779299999999921e+03,1.040938699999999926e+03,9.511462999999999965e+02
2.860100000000000087e+00,2.224742299999999886e+03,1.870033400000000029e+03,1.510644099999999980e+03,1.181995699999999943e+03,1.054389200000000073e+03,1.064130300000000034e+03,1.039613499999999931e+03,9.501457699999999704e+02
2.862200000000000077e+00,2.223395399999999881e+03,1.868688799999999901e+03,1.509353000000000065e+03,1.180439800000000105e+03,1.052973300000000108e+03,1.062741800000000012e+03,1.038277000000000044e+03,9.485933400000000120e+02
2.864300000000000068e+00,2.221932600000000093e+03,1.867232299999999896e+03,1.507967599999999948e+03,1.178935400000000072e+03,1.051541600000000017e+03,1.061371900000000096e+03,1.036949200000000019e+03,9.473199200000000246e+02
2.866400000000000059e+00,2.220489799999999832e+03,1.865837700000000041e+03,1.506646500000000060e+03,1.177520899999999983e+03,1.050048999999999978e+03,1.059926699999999983e+03,1.035554300000000012e+03,9.460168400000000020e+02
2.868500000000000050e+00,2.219063099999999849e+03,1.864471800000000030e+03,1.505358199999999897e+03,1.176180200000000013e+03,1.048601599999999962e+03,1.058540999999999940e+03,1.034226200000000063e+03,9.448444799999999759e+02
2.870600000000000041e+00,2.217552599999999984e+03,1.862979399999999941e+03,1.503936300000000074e+03,1.174764300000000048e+03,1.047082499999999982e+03,1.057097800000000007e+03,1.032860799999999927e+03,9.436837000000000444e+02
2.872861499999999957e+00,2.216011500000000069e+03,1.861413700000000063e+03,1.502306299999999965e+03,1.171638500000000022e+03,1.044976000000000113e+03,1.055280999999999949e+03,1.031547199999999975e+03,9.425107199999999921e+02
2.874949099999999813e+00,2.214578700000000026e+03,1.860051799999999957e+03,1.501109200000000101e+03,1.171832599999999957e+03,1.044104499999999916e+03,1.054219800000000077e+03,1.030111499999999978e+03,9.405762300000000096e+02
2.877226499999999909e+00,2.212806799999999839e+03,1.858260299999999916e+03,1.499262199999999893e+03,1.168469700000000103e+03,1.041839500000000044e+03,1.052308800000000019e+03,1.028803499999999985e+03,9.399380800000000136e+02
2.879503800000000169e+00,2.211353599999999915e+03,1.856818299999999908e+03,1.497839400000000069e+03,1.166862100000000055e+03,1.040240299999999934e+03,1.050760399999999890e+03,1.027334100000000035e+03,9.378984400000000505e+02
2.881781199999999821e+00,2.209748399999999947e+03,1.855231600000000071e+03,1.496286599999999908e+03,1.165299700000000030e+03,1.038665899999999965e+03,1.049253200000000106e+03,1.025919200000000046e+03,9.363737200000000485e+02
2.884058500000000080e+00,2.208069399999999860e+03,1.853589300000000094e+03,1.494699200000000019e+03,1.163778600000000097e+03,1.037027000000000044e+03,1.047673500000000104e+03,1.024427799999999934e+03,9.348922099999999773e+02
2.886335900000000176e+00,2.206467399999999998e+03,1.852017100000000028e+03,1.493173099999999977e+03,1.162337600000000066e+03,1.035426400000000058e+03,1.046161200000000008e+03,1.023028599999999983e+03,9.336434500000000298e+02
2.888613199999999992e+00,2.204895700000000033e+03,1.850472400000000107e+03,1.491673500000000104e+03,1.160932199999999966e+03,1.033863499999999931e+03,1.044691800000000057e+03,1.021659200000000055e+03,9.324497099999999818e+02
2.890890600000000088e+00,2.203333299999999781e+03,1.848936699999999973e+03,1.490182999999999993e+03,1.159533899999999903e+03,1.032322200000000066e+03,1.043221700000000055e+03,1.020220199999999977e+03,9.311092200000000503e+02
2.893167899999999904e+00,2.201820299999999861e+03,1.847452600000000075e+03,1.488736400000000003e+03,1.158161299999999983e+03,1.030775799999999890e+03,1.041751899999999978e+03,1.018796299999999974e+03,9.298179800000000341e+02
2.895445300000000000e+00,2.200327200000000175e+03,1.845992600000000039e+03,1.487326600000000099e+03,1.156827600000000075e+03,1.029297900000000027e+03,1.040351799999999912e+03,1.017433099999999968e+03,9.286079999999999472e+02
2.897722599999999815e+00,2.198772500000000036e+03,1.844450700000000097e+03,1.485869899999999916e+03,1.155462399999999889e+03,1.027811099999999897e+03,1.038943800000000010e+03,1.016062900000000013e+03,9.274101100000000315e+02
2.899999999999999911e+00,2.197274800000000141e+03,1.842979100000000017e+03,1.484471999999999980e+03,1.154145600000000059e+03,1.026362900000000081e+03,1.037582699999999932e+03,1.014735400000000027e+03,9.262518000000000029e+02
2.902272700000000150e+00,2.195824999999999818e+03,1.841554699999999912e+03,1.483098199999999906e+03,1.152834800000000087e+03,1.024841699999999946e+03,1.036119999999999891e+03,1.013276899999999955e+03,9.249770600000000513e+02
2.904442099999999805e+00,2.194351200000000063e+03,1.840138500000000022e+03,1.481815499999999929e+03,1.152541899999999941e+03,1.023664300000000026e+03,1.034898500000000013e+03,1.011837599999999952e+03,9.237883699999999862e+02
2.906611600000000184e+00,2.192806000000000040e+03,1.838619699999999966e+03,1.480378200000000106e+03,1.151280600000000049e+03,1.022111200000000053e+03,1.033435300000000097e+03,1.010405799999999999e+03,9.230816099999999551e+02
2.908780999999999839e+00,2.191392100000000028e+03,1.837224799999999959e+03,1.479056900000000041e+03,1.150024300000000039e+03,1.020594100000000026e+03,1.032034599999999955e+03,1.009031399999999962e+03,9.221358199999999670e+02
2.910950399999999938e+00,2.189889900000000125e+03,1.835749900000000025e+03,1.477651800000000094e+03,1.148614000000000033e+03,1.019068399999999997e+03,1.030596500000000106e+03,1.007593899999999962e+03,9.210322499999999764e+02
2.913247399999999931e+00,2.188500000000000000e+03,1.834344800000000077e+03,1.476214699999999993e+03,1.145986699999999928e+03,1.017156899999999951e+03,1.028941199999999981e+03,1.006245900000000006e+03,9.198857400000000553e+02
2.915409400000000151e+00,2.187180899999999838e+03,1.833075399999999945e+03,1.475082400000000007e+03,1.145853499999999940e+03,1.016168699999999944e+03,1.027842599999999948e+03,1.004789300000000026e+03,9.181186900000000151e+02
2.917571300000000090e+00,2.185634900000000016e+03,1.831569400000000087e+03,1.473679499999999962e+03,1.144594399999999951e+03,1.014715500000000020e+03,1.026476200000000063e+03,1.003417500000000018e+03,9.173370599999999513e+02
2.919733200000000028e+00,2.184285199999999804e+03,1.830236900000000105e+03,1.472406400000000076e+03,1.143325900000000047e+03,1.013232200000000034e+03,1.025098799999999983e+03,1.002038900000000012e+03,9.163182600000000093e+02
2.922061400000000031e+00,2.182697500000000218e+03,1.828653999999999996e+03,1.470807199999999966e+03,1.140311699999999973e+03,1.011220500000000015e+03,1.023405499999999961e+03,1.000721999999999980e+03,9.151481899999999996e+02
2.924210500000000046e+00,2.181475600000000213e+03,1.827475100000000111e+03,1.469759800000000041e+03,1.140560300000000097e+03,1.010364799999999946e+03,1.022413000000000011e+03,9.992876700000000483e+02,9.132985400000000027e+02
2.926359699999999897e+00,2.179907600000000002e+03,1.825963700000000017e+03,1.468373399999999947e+03,1.139422499999999900e+03,1.009003100000000018e+03,1.021153900000000021e+03,9.980218399999999974e+02,9.127329099999999471e+02
2.928508799999999912e+00,2.178614599999999882e+03,1.824686599999999999e+03,1.467151699999999892e+03,1.138220600000000104e+03,1.007533099999999990e+03,1.019785100000000057e+03,9.966517400000000180e+02,9.117796299999999974e+02
2.930657899999999927e+00,2.177193000000000211e+03,1.823308899999999994e+03,1.465867500000000064e+03,1.137007499999999936e+03,1.006189200000000028e+03,1.018547599999999989e+03,9.953837700000000268e+02,9.107985999999999649e+02
2.933075699999999841e+00,2.175730100000000220e+03,1.821813100000000077e+03,1.464250099999999975e+03,1.133086299999999937e+03,1.003891399999999976e+03,1.016637500000000045e+03,9.940304999999999609e+02,9.094924300000000130e+02
2.935191199999999778e+00,2.174599200000000110e+03,1.820763899999999921e+03,1.463426500000000033e+03,1.134507700000000114e+03,1.003561199999999985e+03,1.015970800000000054e+03,9.925841100000000097e+02,9.072316600000000335e+02
2.937306700000000159e+00,2.173049700000000030e+03,1.819281899999999951e+03,1.462081899999999905e+03,1.133538999999999987e+03,1.002251499999999965e+03,1.014758699999999976e+03,9.913548600000000306e+02,9.070810199999999668e+02
2.939422299999999932e+00,2.171870899999999892e+03,1.818120499999999993e+03,1.460982999999999947e+03,1.132524300000000039e+03,1.000886999999999944e+03,1.013484500000000025e+03,9.900710100000000011e+02,9.063617400000000544e+02
2.941537799999999869e+00,2.170576199999999972e+03,1.816866800000000012e+03,1.459812500000000000e+03,1.131425099999999929e+03,9.995838400000000092e+02,1.012292199999999980e+03,9.888326499999999442e+02,9.054989399999999478e+02
2.943653400000000087e+00,2.169315200000000004e+03,1.815622000000000071e+03,1.458623199999999997e+03,1.130200100000000020e+03,9.982347499999999627e+02,1.011009000000000015e+03,9.875142399999999725e+02,9.045209099999999580e+02
2.945768900000000023e+00,2.168052099999999882e+03,1.814399300000000039e+03,1.457477900000000091e+03,1.129050500000000056e+03,9.969699299999999766e+02,1.009835100000000011e+03,9.862632200000000466e+02,9.035008599999999888e+02
2.947884499999999797e+00,2.166848599999999806e+03,1.813211600000000089e+03,1.456344800000000077e+03,1.127850300000000061e+03,9.956529199999999946e+02,1.008577099999999973e+03,9.849667500000000473e+02,9.024802100000000564e+02
2.950000000000000178e+00,2.165513899999999921e+03,1.811915600000000040e+03,1.455123100000000022e+03,1.126609999999999900e+03,9.942992000000000417e+02,1.007326199999999972e+03,9.836582700000000159e+02,9.013986300000000256e+02
2.952272699999999972e+00,2.164126499999999851e+03,1.810527199999999993e+03,1.453680200000000013e+03,1.123708900000000085e+03,9.923855800000000045e+02,1.005711000000000013e+03,9.823786199999999553e+02,9.001972200000000157e+02
2.954545500000000047e+00,2.162832499999999982e+03,1.809255799999999908e+03,1.452435600000000022e+03,1.122222199999999930e+03,9.910007399999999507e+02,1.004393699999999967e+03,9.809991800000000239e+02,8.983255699999999706e+02
2.956710000000000171e+00,2.161517499999999927e+03,1.807989600000000110e+03,1.451291199999999890e+03,1.121973899999999958e+03,9.900254499999999780e+02,1.003357600000000048e+03,9.796633900000000494e+02,8.969778999999999769e+02
2.958874499999999852e+00,2.160038399999999911e+03,1.806563499999999976e+03,1.449957400000000007e+03,1.120833800000000110e+03,9.886588600000000042e+02,1.002106899999999996e+03,9.783933899999999539e+02,8.962501600000000508e+02
2.961159199999999991e+00,2.158704000000000178e+03,1.805240500000000111e+03,1.448605499999999893e+03,1.118510099999999966e+03,9.868909200000000510e+02,1.000569899999999961e+03,9.770971700000000055e+02,8.951937199999999848e+02
2.963443999999999967e+00,2.157398700000000190e+03,1.803957499999999982e+03,1.447349099999999908e+03,1.117140599999999949e+03,9.855016100000000279e+02,9.992505499999999756e+02,9.757322299999999586e+02,8.935920999999999594e+02
2.965728700000000106e+00,2.156119700000000194e+03,1.802712999999999965e+03,1.446146799999999985e+03,1.115935799999999972e+03,9.841664799999999786e+02,9.979535799999999881e+02,9.743724999999999454e+02,8.922543399999999565e+02
2.967870700000000195e+00,2.154808199999999943e+03,1.801473300000000108e+03,1.445073699999999917e+03,1.116189000000000078e+03,9.833009200000000192e+02,9.969753399999999601e+02,9.730229299999999739e+02,8.911339699999999766e+02
2.970012600000000003e+00,2.153480199999999968e+03,1.800180800000000090e+03,1.443855900000000020e+03,1.115217200000000048e+03,9.819502999999999702e+02,9.956807099999999764e+02,9.717166799999999967e+02,8.906972299999999905e+02
2.972319300000000108e+00,2.152205699999999979e+03,1.798916600000000017e+03,1.442533599999999979e+03,1.112520999999999958e+03,9.800810800000000427e+02,9.940847400000000107e+02,9.704520700000000488e+02,8.897548900000000458e+02
2.974626100000000051e+00,2.151001400000000103e+03,1.797727200000000039e+03,1.441360899999999901e+03,1.111153000000000020e+03,9.787523999999999660e+02,9.927631000000000085e+02,9.690735300000000052e+02,8.880523200000000088e+02
2.976932800000000157e+00,2.149616500000000087e+03,1.796382399999999961e+03,1.440066000000000031e+03,1.109826800000000048e+03,9.774147900000000391e+02,9.914455199999999877e+02,9.677051099999999906e+02,8.866954399999999623e+02
2.979029800000000172e+00,2.148385699999999815e+03,1.795223899999999958e+03,1.439112200000000030e+03,1.110787499999999909e+03,9.768260699999999588e+02,9.906081100000000106e+02,9.663482599999999820e+02,8.856426500000000033e+02
2.981359799999999893e+00,2.146890100000000075e+03,1.793737399999999980e+03,1.437547399999999925e+03,1.107434500000000071e+03,9.746024400000000014e+02,9.887568800000000238e+02,9.650407000000000153e+02,8.853037699999999859e+02
2.983689899999999895e+00,2.145685599999999795e+03,1.792540500000000065e+03,1.436354700000000093e+03,1.106011400000000094e+03,9.731496899999999641e+02,9.873034300000000485e+02,9.635460500000000366e+02,8.834568100000000186e+02
2.986019900000000060e+00,2.144347900000000209e+03,1.791239299999999957e+03,1.435093599999999924e+03,1.104699100000000044e+03,9.718161499999999933e+02,9.859983499999999594e+02,9.621917899999999690e+02,8.821051999999999680e+02
2.988349899999999781e+00,2.142927799999999934e+03,1.789858899999999949e+03,1.433767800000000079e+03,1.103388699999999972e+03,9.704581399999999576e+02,9.846592399999999543e+02,9.608218399999999519e+02,8.808766900000000533e+02
2.990679899999999947e+00,2.141694599999999809e+03,1.788651900000000069e+03,1.432591200000000072e+03,1.102221299999999928e+03,9.690934300000000121e+02,9.833202800000000252e+02,9.594766700000000128e+02,8.797592200000000275e+02
2.993009900000000112e+00,2.140188500000000204e+03,1.787187799999999925e+03,1.431186400000000049e+03,1.100877500000000055e+03,9.676228800000000092e+02,9.818984500000000253e+02,9.580627500000000509e+02,8.786202200000000175e+02
2.995340000000000114e+00,2.138937899999999900e+03,1.785964099999999917e+03,1.429994799999999941e+03,1.099709700000000112e+03,9.662655799999999999e+02,9.805245700000000397e+02,9.566846900000000460e+02,8.775231800000000248e+02
2.997669999999999835e+00,2.137476500000000215e+03,1.784540199999999913e+03,1.428621000000000095e+03,1.098376500000000078e+03,9.647752400000000534e+02,9.790548199999999497e+02,9.552421600000000126e+02,8.764008099999999786e+02
3.000000000000000000e+00,2.136297599999999875e+03,1.783382499999999936e+03,1.427488399999999956e+03,1.097245400000000018e+03,9.634220000000000255e+02,9.776967200000000275e+02,9.538787999999999556e+02,8.753495500000000220e+02
3.002272699999999794e+00,2.134842200000000048e+03,1.781978800000000092e+03,1.426182600000000093e+03,1.096459599999999909e+03,9.621405300000000125e+02,9.763774399999999787e+02,9.524529700000000503e+02,8.742908400000000029e+02
3.004442099999999893e+00,2.133689800000000105e+03,1.780858699999999999e+03,1.425165700000000015e+03,1.096437500000000000e+03,9.611406799999999748e+02,9.752559499999999844e+02,9.511165399999999863e+02,8.736139299999999821e+02
3.006720000000000059e+00,2.132131600000000162e+03,1.779345499999999902e+03,1.423677699999999959e+03,1.094141300000000001e+03,9.593093999999999824e+02,9.736195400000000291e+02,9.497830199999999650e+02,8.730831899999999450e+02
3.008997899999999781e+00,2.131041000000000167e+03,1.778248499999999922e+03,1.422579400000000078e+03,1.092876899999999978e+03,9.579206500000000233e+02,9.721994700000000194e+02,9.483856500000000551e+02,8.718386500000000296e+02
3.011275799999999947e+00,2.129539999999999964e+03,1.776792500000000018e+03,1.421193500000000085e+03,1.091443500000000085e+03,9.564530700000000252e+02,9.707507299999999759e+02,9.469601599999999735e+02,8.706891500000000406e+02
3.013553700000000113e+00,2.128454900000000180e+03,1.775719900000000052e+03,1.420144500000000107e+03,1.090314900000000080e+03,9.551745200000000295e+02,9.694350500000000466e+02,9.456593500000000176e+02,8.697010000000000218e+02
3.015831599999999835e+00,2.126982300000000123e+03,1.774292400000000043e+03,1.418793300000000045e+03,1.088954300000000103e+03,9.537655899999999747e+02,9.680362300000000459e+02,9.443007900000000063e+02,8.686792199999999866e+02
3.018109500000000001e+00,2.125768700000000081e+03,1.773097700000000032e+03,1.417635899999999992e+03,1.087758700000000090e+03,9.524473699999999781e+02,9.667012300000000096e+02,9.430072800000000370e+02,8.677383099999999558e+02
3.020387400000000167e+00,2.124232300000000123e+03,1.771597700000000032e+03,1.416209399999999960e+03,1.086338600000000042e+03,9.509582599999999957e+02,9.652210099999999784e+02,9.415990000000000464e+02,8.666957499999999754e+02
3.022502600000000150e+00,2.123121399999999994e+03,1.770503400000000056e+03,1.415288000000000011e+03,1.086874000000000024e+03,9.501897000000000162e+02,9.642635099999999966e+02,9.403255299999999579e+02,8.659404700000000048e+02
3.024617800000000134e+00,2.121625399999999900e+03,1.769092499999999973e+03,1.413918200000000070e+03,1.085698599999999942e+03,9.487812800000000379e+02,9.628986899999999878e+02,9.390742400000000316e+02,8.657755200000000286e+02
3.026925199999999982e+00,2.120295000000000073e+03,1.767754799999999932e+03,1.412501999999999953e+03,1.082527800000000070e+03,9.466666300000000547e+02,9.610310899999999492e+02,9.377602399999999534e+02,8.649307700000000523e+02
3.029232700000000111e+00,2.118913500000000113e+03,1.766416699999999992e+03,1.411138599999999997e+03,1.080865600000000086e+03,9.451501299999999901e+02,9.594965799999999945e+02,9.363016300000000456e+02,8.632235500000000457e+02
3.031309400000000043e+00,2.117790800000000218e+03,1.765356500000000096e+03,1.410272500000000036e+03,1.081974099999999908e+03,9.446611199999999826e+02,9.587240600000000086e+02,9.350522499999999582e+02,8.622861900000000333e+02
3.033386199999999810e+00,2.116300400000000081e+03,1.763913199999999961e+03,1.408937599999999975e+03,1.080887699999999995e+03,9.432647500000000491e+02,9.573946300000000065e+02,9.338868700000000445e+02,8.623879399999999578e+02
3.035462900000000186e+00,2.115106200000000172e+03,1.762722400000000107e+03,1.407785100000000057e+03,1.079733999999999924e+03,9.418667000000000371e+02,9.560261400000000549e+02,9.326593500000000176e+02,8.619202599999999848e+02
3.037539600000000117e+00,2.113749499999999898e+03,1.761394900000000007e+03,1.406519900000000007e+03,1.078409200000000055e+03,9.404180699999999433e+02,9.546349900000000162e+02,9.314153000000000020e+02,8.612672499999999900e+02
3.039616399999999885e+00,2.112604699999999866e+03,1.760253099999999904e+03,1.405403499999999894e+03,1.077176099999999906e+03,9.391109599999999773e+02,9.533252899999999954e+02,9.302184700000000248e+02,8.605374500000000353e+02
3.041693099999999816e+00,2.111251200000000154e+03,1.758929900000000089e+03,1.404143100000000004e+03,1.075812100000000100e+03,9.377288200000000415e+02,9.519662100000000464e+02,9.289914899999999989e+02,8.597505200000000514e+02
3.043769800000000192e+00,2.110104100000000017e+03,1.757792599999999993e+03,1.403038700000000063e+03,1.074585000000000036e+03,9.364480899999999792e+02,9.506792100000000119e+02,9.278215400000000272e+02,8.589785000000000537e+02
3.045846500000000123e+00,2.108766700000000128e+03,1.756476799999999912e+03,1.401765200000000050e+03,1.073212999999999965e+03,9.350688499999999976e+02,9.493134499999999889e+02,9.266102399999999761e+02,8.581766699999999446e+02
3.047923299999999891e+00,2.107616500000000087e+03,1.755371699999999919e+03,1.400697100000000091e+03,1.072026699999999892e+03,9.337731300000000374e+02,9.480432499999999436e+02,9.254952500000000555e+02,8.574572299999999814e+02
3.049999999999999822e+00,2.106232300000000123e+03,1.754008399999999938e+03,1.399377500000000055e+03,1.070639100000000099e+03,9.324011900000000423e+02,9.466884400000000142e+02,9.243020400000000336e+02,8.566535400000000209e+02
3.052173900000000106e+00,2.104909700000000157e+03,1.752691900000000032e+03,1.398014699999999948e+03,1.068276599999999917e+03,9.306457799999999452e+02,9.450577100000000428e+02,9.230791100000000142e+02,8.556814600000000155e+02
3.054253300000000060e+00,2.103632900000000063e+03,1.751450900000000047e+03,1.396865600000000086e+03,1.067826800000000048e+03,9.296189500000000407e+02,9.439396900000000414e+02,9.219040899999999965e+02,8.546177000000000135e+02
3.056332700000000013e+00,2.102261500000000069e+03,1.750109999999999900e+03,1.395563000000000102e+03,1.066572200000000066e+03,9.282646999999999480e+02,9.426177500000000009e+02,9.207703800000000456e+02,8.540736100000000306e+02
3.058412099999999967e+00,2.100833200000000033e+03,1.748708100000000059e+03,1.394191600000000108e+03,1.065201700000000073e+03,9.268423000000000229e+02,9.412464899999999943e+02,9.196075499999999465e+02,8.533799099999999953e+02
3.060600899999999847e+00,2.099474400000000060e+03,1.747343299999999999e+03,1.392736799999999903e+03,1.062695200000000114e+03,9.250067900000000236e+02,9.395722500000000537e+02,9.184067099999999755e+02,8.525230900000000247e+02
3.062674599999999803e+00,2.098112999999999829e+03,1.746032300000000077e+03,1.391543300000000045e+03,1.062418200000000070e+03,9.240441899999999578e+02,9.385133600000000342e+02,9.172696099999999433e+02,8.515278399999999692e+02
3.064748199999999922e+00,2.096747199999999793e+03,1.744695300000000088e+03,1.390230700000000070e+03,1.061186699999999973e+03,9.226705500000000484e+02,9.371813100000000532e+02,9.161437600000000430e+02,8.510535399999999981e+02
3.066821800000000042e+00,2.095332199999999830e+03,1.743283699999999953e+03,1.388839999999999918e+03,1.059814399999999978e+03,9.212501099999999497e+02,9.358238000000000056e+02,9.150118999999999687e+02,8.505611499999999978e+02
3.069033699999999865e+00,2.093972299999999905e+03,1.741907799999999952e+03,1.387341499999999996e+03,1.057010800000000017e+03,9.193043599999999742e+02,9.340833199999999579e+02,9.138161800000000312e+02,8.496576099999999769e+02
3.071098099999999942e+00,2.092625599999999849e+03,1.740611300000000028e+03,1.386171800000000076e+03,1.057017100000000028e+03,9.184479400000000169e+02,9.331071200000000090e+02,9.127035899999999629e+02,8.486416600000000017e+02
3.073162599999999856e+00,2.091330899999999929e+03,1.739336099999999988e+03,1.384914500000000089e+03,1.055867099999999937e+03,9.171239600000000110e+02,9.318287299999999505e+02,9.116431000000000040e+02,8.483074400000000423e+02
3.075226999999999933e+00,2.089819399999999860e+03,1.737848899999999958e+03,1.383451800000000048e+03,1.054443400000000111e+03,9.156655799999999772e+02,9.304551900000000160e+02,9.105199199999999564e+02,8.477629200000000083e+02
3.077291400000000010e+00,2.088611600000000180e+03,1.736649899999999889e+03,1.382250399999999900e+03,1.053202999999999975e+03,9.143187799999999470e+02,9.291678100000000313e+02,9.094606599999999617e+02,8.471505700000000161e+02
3.079355800000000087e+00,2.087033800000000156e+03,1.735099400000000060e+03,1.380725400000000036e+03,1.051663500000000113e+03,9.128279899999999998e+02,9.277867199999999457e+02,9.083382000000000289e+02,8.464642400000000180e+02
3.081420200000000165e+00,2.085770599999999831e+03,1.733847199999999930e+03,1.379466799999999921e+03,1.050332000000000107e+03,9.114370900000000120e+02,9.264768500000000131e+02,9.072718899999999849e+02,8.458174500000000080e+02
3.083484599999999798e+00,2.084181700000000092e+03,1.732262500000000045e+03,1.377909599999999955e+03,1.048755100000000084e+03,9.099343199999999570e+02,9.250866600000000517e+02,9.061386099999999715e+02,8.450971399999999676e+02
3.085549100000000156e+00,2.082883499999999913e+03,1.730964300000000094e+03,1.376600599999999986e+03,1.047375000000000000e+03,9.085152199999999993e+02,9.237654899999999998e+02,9.050774000000000115e+02,8.444591900000000351e+02
3.087613499999999789e+00,2.081244799999999941e+03,1.729353499999999940e+03,1.375016499999999951e+03,1.045776699999999892e+03,9.069939399999999523e+02,9.223658500000000231e+02,9.039460199999999759e+02,8.437444500000000289e+02
3.089677899999999866e+00,2.079939899999999852e+03,1.728052300000000059e+03,1.373700199999999995e+03,1.044396400000000085e+03,9.055701999999999998e+02,9.210429199999999810e+02,9.028773499999999785e+02,8.430694700000000239e+02
3.091742299999999943e+00,2.078308700000000044e+03,1.726449000000000069e+03,1.372123499999999922e+03,1.042818700000000035e+03,9.040801099999999906e+02,9.196707999999999856e+02,9.017702799999999570e+02,8.423577099999999973e+02
3.093806700000000021e+00,2.077046800000000076e+03,1.725184700000000021e+03,1.370836999999999989e+03,1.041460000000000036e+03,9.026516299999999546e+02,9.183491900000000214e+02,9.006915599999999813e+02,8.416638699999999744e+02
3.095871199999999934e+00,2.075457899999999881e+03,1.723625900000000001e+03,1.369310099999999920e+03,1.039937300000000050e+03,9.012078599999999824e+02,9.170238399999999501e+02,8.996360799999999927e+02,8.410099099999999908e+02
3.097935600000000012e+00,2.074177499999999782e+03,1.722337800000000016e+03,1.367988499999999931e+03,1.038534799999999905e+03,8.997286100000000033e+02,9.156851299999999583e+02,8.985544599999999491e+02,8.403179499999999962e+02
3.100000000000000089e+00,2.072517899999999827e+03,1.720708200000000033e+03,1.366391499999999951e+03,1.036951499999999896e+03,8.982370700000000170e+02,9.143394500000000562e+02,8.974911200000000235e+02,8.396583799999999655e+02
3.101999999999999869e+00,2.071241700000000037e+03,1.719444400000000087e+03,1.365167599999999993e+03,1.036312100000000100e+03,8.970523699999999963e+02,9.132323999999999842e+02,8.965049299999999448e+02,8.391954399999999623e+02
3.104000000000000092e+00,2.069602499999999964e+03,1.717828700000000026e+03,1.363582000000000107e+03,1.034804300000000012e+03,8.955493500000000040e+02,9.119048999999999978e+02,8.954624300000000403e+02,8.387591200000000526e+02
3.105999999999999872e+00,2.068295099999999820e+03,1.716517399999999952e+03,1.362251800000000003e+03,1.033421499999999924e+03,8.941067799999999579e+02,9.106294299999999566e+02,8.944558700000000044e+02,8.382656600000000253e+02
3.108000000000000096e+00,2.066680699999999888e+03,1.714925300000000107e+03,1.360685699999999997e+03,1.031838899999999967e+03,8.926072500000000218e+02,9.093121800000000121e+02,8.934043799999999464e+02,8.376428899999999658e+02
3.109909099999999871e+00,2.065399199999999837e+03,1.713659200000000055e+03,1.359496399999999994e+03,1.031538600000000088e+03,8.915321699999999510e+02,9.083037500000000364e+02,8.924313100000000532e+02,8.372757000000000289e+02
3.111913599999999835e+00,2.063729600000000119e+03,1.711991099999999960e+03,1.357763999999999896e+03,1.028860500000000002e+03,8.896347200000000157e+02,9.067449400000000423e+02,8.914055499999999483e+02,8.367194100000000390e+02
3.113918200000000081e+00,2.062135800000000017e+03,1.710397600000000011e+03,1.356156700000000001e+03,1.027079700000000003e+03,8.880451799999999594e+02,9.053531500000000278e+02,8.902795300000000225e+02,8.358821100000000115e+02
3.115922700000000045e+00,2.060766200000000026e+03,1.709014200000000073e+03,1.354725599999999986e+03,1.025516900000000078e+03,8.866051800000000185e+02,9.041035900000000538e+02,8.892984699999999521e+02,8.351675599999999804e+02
3.117815900000000084e+00,2.059243399999999838e+03,1.707532300000000077e+03,1.353372699999999895e+03,1.025299700000000030e+03,8.856006899999999860e+02,9.031715299999999615e+02,8.883584200000000237e+02,8.347773799999999937e+02
3.119709100000000124e+00,2.057670599999999922e+03,1.705970199999999977e+03,1.351836600000000089e+03,1.023835900000000038e+03,8.840627200000000130e+02,9.018501499999999851e+02,8.872952699999999595e+02,8.343818800000000238e+02
3.121728500000000128e+00,2.056150299999999788e+03,1.704415999999999940e+03,1.350121200000000044e+03,1.020678400000000011e+03,8.820428699999999935e+02,9.002372699999999668e+02,8.862939800000000332e+02,8.336738900000000285e+02
3.123747900000000133e+00,2.054668799999999919e+03,1.702929599999999937e+03,1.348606600000000071e+03,1.018899400000000014e+03,8.804936099999999897e+02,8.989083500000000413e+02,8.852272600000000011e+02,8.327182999999999993e+02
3.125623000000000040e+00,2.053113899999999830e+03,1.701422299999999950e+03,1.347257399999999961e+03,1.018987899999999968e+03,8.795960900000000038e+02,8.980621700000000374e+02,8.842953199999999470e+02,8.322340199999999868e+02
3.127498199999999784e+00,2.051680600000000140e+03,1.699992099999999937e+03,1.345826700000000073e+03,1.017639400000000023e+03,8.781586399999999912e+02,8.968765499999999520e+02,8.833864099999999553e+02,8.319722699999999804e+02
3.129543799999999987e+00,2.050039299999999912e+03,1.698311899999999923e+03,1.343961199999999963e+03,1.013941199999999981e+03,8.759171300000000429e+02,8.951197700000000168e+02,8.823279400000000123e+02,8.311084399999999732e+02
3.131589400000000190e+00,2.048331400000000031e+03,1.696596600000000080e+03,1.342201700000000073e+03,1.011883699999999976e+03,8.741469799999999850e+02,8.936010300000000370e+02,8.810630800000000136e+02,8.298593399999999747e+02
3.133430499999999785e+00,2.047165600000000040e+03,1.695475699999999961e+03,1.341260700000000043e+03,1.013000800000000027e+03,8.737186199999999872e+02,8.931721000000000004e+02,8.804350799999999708e+02,8.297390900000000329e+02
3.135501699999999836e+00,2.045253799999999956e+03,1.693527000000000044e+03,1.339094299999999976e+03,1.008628400000000056e+03,8.711656100000000151e+02,8.911721599999999626e+02,8.792196199999999635e+02,8.287172500000000355e+02
3.137313999999999936e+00,2.043858400000000074e+03,1.692165600000000040e+03,1.337921000000000049e+03,1.009905700000000024e+03,8.706538000000000466e+02,8.905851199999999608e+02,8.783034499999999980e+02,8.285261699999999792e+02
3.139126300000000036e+00,2.042356999999999971e+03,1.690688499999999976e+03,1.336483199999999897e+03,1.008704600000000028e+03,8.692847100000000182e+02,8.895195800000000190e+02,8.775053699999999708e+02,8.284296100000000251e+02
3.140938499999999856e+00,2.040875099999999975e+03,1.689190000000000055e+03,1.334967399999999998e+03,1.007142799999999966e+03,8.677364300000000412e+02,8.882280799999999772e+02,8.764574000000000069e+02,8.280837099999999964e+02
3.142750799999999956e+00,2.039269700000000057e+03,1.687588500000000067e+03,1.333357700000000023e+03,1.005403999999999996e+03,8.662339299999999866e+02,8.870230000000000246e+02,8.755064999999999600e+02,8.276483500000000504e+02
3.144563100000000055e+00,2.037917899999999918e+03,1.686231899999999996e+03,1.331984300000000076e+03,1.003857399999999984e+03,8.647848500000000058e+02,8.858587599999999611e+02,8.745860900000000129e+02,8.271453999999999951e+02
3.146375400000000155e+00,2.036383199999999988e+03,1.684701000000000022e+03,1.330461800000000039e+03,1.002191400000000044e+03,8.633139599999999518e+02,8.846698000000000093e+02,8.736186199999999644e+02,8.265431599999999435e+02
3.148187699999999811e+00,2.034856600000000071e+03,1.683172199999999975e+03,1.328918899999999894e+03,1.000474600000000009e+03,8.617988800000000538e+02,8.834457599999999502e+02,8.726294000000000324e+02,8.258800599999999577e+02
3.149999999999999911e+00,2.033344000000000051e+03,1.681662100000000009e+03,1.327407999999999902e+03,9.988272100000000364e+02,8.603287400000000389e+02,8.822548900000000458e+02,8.716606100000000197e+02,8.252165700000000470e+02
3.151724100000000028e+00,2.032016900000000078e+03,1.680343800000000101e+03,1.326168300000000045e+03,9.985164999999999509e+02,8.592686700000000428e+02,8.813433099999999740e+02,8.707421100000000251e+02,8.248750400000000127e+02
3.153448299999999982e+00,2.030443299999999908e+03,1.678787100000000009e+03,1.324643299999999954e+03,9.970303300000000490e+02,8.579429400000000214e+02,8.803407099999999446e+02,8.699880799999999681e+02,8.246216500000000451e+02
3.155238699999999952e+00,2.028961000000000013e+03,1.677269999999999982e+03,1.323008000000000038e+03,9.944116000000000213e+02,8.560760000000000218e+02,8.788322399999999561e+02,8.688704199999999673e+02,8.237748000000000275e+02
3.157029200000000202e+00,2.027417699999999968e+03,1.675729499999999916e+03,1.321449699999999893e+03,9.926367900000000191e+02,8.546256300000000010e+02,8.776784199999999601e+02,8.679533000000000129e+02,8.230598499999999831e+02
3.158897500000000136e+00,2.025813400000000001e+03,1.674100799999999936e+03,1.319698699999999917e+03,9.898440000000000509e+02,8.527930300000000443e+02,8.762134899999999789e+02,8.668750199999999495e+02,8.219129900000000362e+02
3.160765800000000070e+00,2.024210299999999961e+03,1.672494699999999966e+03,1.318049899999999980e+03,9.879870300000000043e+02,8.512795599999999467e+02,8.749779700000000275e+02,8.658655599999999595e+02,8.209389700000000403e+02
3.162634100000000004e+00,2.022756100000000060e+03,1.671034200000000055e+03,1.316540199999999913e+03,9.863674899999999752e+02,8.498966100000000097e+02,8.738644399999999450e+02,8.649661700000000337e+02,8.201237700000000359e+02
3.164502399999999938e+00,2.021060199999999895e+03,1.669345600000000104e+03,1.314829600000000028e+03,9.846394599999999855e+02,8.484117099999999709e+02,8.726466599999999971e+02,8.639638800000000174e+02,8.192880499999999984e+02
3.166277200000000125e+00,2.019623199999999997e+03,1.667922499999999900e+03,1.313452800000000025e+03,9.843026700000000346e+02,8.474074900000000525e+02,8.718258899999999585e+02,8.631616599999999835e+02,8.189471200000000408e+02
3.168052100000000149e+00,2.017897200000000112e+03,1.666212800000000016e+03,1.311756900000000087e+03,9.827520700000000033e+02,8.459715800000000172e+02,8.706412100000000009e+02,8.621654499999999643e+02,8.183940300000000434e+02
3.169931399999999844e+00,2.016346999999999980e+03,1.664619699999999966e+03,1.309965699999999970e+03,9.796847400000000334e+02,8.439625099999999520e+02,8.690362000000000080e+02,8.610283699999999953e+02,8.173691599999999653e+02
3.171700200000000081e+00,2.014630499999999984e+03,1.662922399999999925e+03,1.308369799999999941e+03,9.792553500000000213e+02,8.429507499999999709e+02,8.681991900000000442e+02,8.601637399999999616e+02,8.169337900000000445e+02
3.173468900000000037e+00,2.013232199999999921e+03,1.661523699999999963e+03,1.306916699999999992e+03,9.777994200000000546e+02,8.415368099999999458e+02,8.670194999999999936e+02,8.591501799999999776e+02,8.162506799999999885e+02
3.175237599999999993e+00,2.011479199999999992e+03,1.659761999999999944e+03,1.305142599999999902e+03,9.760225100000000111e+02,8.400326000000000022e+02,8.658155199999999923e+02,8.581656699999999773e+02,8.156449400000000196e+02
3.176888500000000004e+00,2.010057299999999941e+03,1.658363800000000083e+03,1.303863399999999956e+03,9.762223800000000438e+02,8.392222900000000436e+02,8.651323399999999992e+02,8.573934100000000171e+02,8.155947999999999638e+02
3.178539300000000178e+00,2.008536700000000110e+03,1.656846700000000055e+03,1.302332599999999957e+03,9.747268000000000256e+02,8.377399199999999837e+02,8.638934900000000425e+02,8.563290299999999888e+02,8.150968299999999545e+02
3.180072200000000127e+00,2.007097899999999981e+03,1.655432299999999941e+03,1.301095700000000079e+03,9.752018600000000106e+02,8.369976100000000088e+02,8.632762699999999541e+02,8.555965400000000045e+02,8.153649799999999459e+02
3.181495599999999868e+00,2.005709900000000061e+03,1.654093200000000024e+03,1.299984200000000101e+03,9.760259700000000294e+02,8.362954600000000482e+02,8.626455200000000332e+02,8.547682099999999537e+02,8.156862200000000485e+02
3.182817299999999960e+00,2.004408200000000079e+03,1.652830999999999904e+03,1.298996100000000069e+03,9.770902099999999564e+02,8.356693299999999454e+02,8.620999500000000353e+02,8.540223999999999478e+02,8.163455300000000534e+02
3.184139099999999889e+00,2.003193199999999933e+03,1.651607999999999947e+03,1.297816199999999981e+03,9.757812099999999873e+02,8.342775500000000193e+02,8.609855099999999766e+02,8.531030500000000529e+02,8.164486200000000053e+02
3.185359200000000168e+00,2.002039800000000014e+03,1.650497699999999895e+03,1.297044499999999971e+03,9.769751599999999598e+02,8.337424899999999752e+02,8.605111399999999549e+02,8.524080900000000156e+02,8.171858200000000352e+02
3.186579200000000167e+00,2.000893399999999929e+03,1.649346000000000004e+03,1.295984799999999950e+03,9.756443900000000440e+02,8.324482699999999795e+02,8.594686799999999494e+02,8.515266599999999926e+02,8.171403900000000249e+02
3.187697599999999909e+00,1.999856399999999894e+03,1.648387300000000096e+03,1.295464300000000094e+03,9.772687100000000555e+02,8.320892900000000054e+02,8.591131900000000314e+02,8.508812299999999595e+02,8.180952399999999898e+02
3.188816000000000095e+00,1.998787900000000036e+03,1.647321300000000065e+03,1.294531999999999925e+03,9.759928499999999758e+02,8.308926900000000160e+02,8.581610200000000077e+02,8.500928900000000112e+02,8.180891599999999926e+02
3.189934399999999837e+00,1.997836000000000013e+03,1.646375000000000000e+03,1.293690399999999954e+03,9.745135299999999461e+02,8.297262799999999743e+02,8.572198100000000522e+02,8.493457399999999780e+02,8.179782300000000532e+02
3.191052800000000023e+00,1.996823599999999942e+03,1.645372200000000021e+03,1.292786399999999958e+03,9.729531200000000126e+02,8.285839999999999463e+02,8.562999899999999798e+02,8.486254199999999628e+02,8.177113900000000513e+02
3.192171200000000209e+00,1.995849799999999959e+03,1.644409400000000005e+03,1.291903299999999945e+03,9.714232899999999518e+02,8.275209999999999582e+02,8.554412899999999809e+02,8.479582000000000335e+02,8.173797299999999950e+02
3.193289599999999950e+00,1.994866999999999962e+03,1.643435400000000072e+03,1.290989600000000110e+03,9.699081700000000410e+02,8.264788200000000415e+02,8.545951599999999644e+02,8.472950100000000475e+02,8.169293599999999742e+02
3.194408000000000136e+00,1.993912399999999934e+03,1.642499900000000025e+03,1.290105900000000020e+03,9.684706599999999526e+02,8.254841199999999617e+02,8.537648000000000366e+02,8.466398299999999608e+02,8.164555800000000545e+02
3.195526399999999878e+00,1.992903900000000021e+03,1.641503600000000006e+03,1.289137500000000045e+03,9.670154800000000250e+02,8.244878499999999804e+02,8.529379099999999880e+02,8.459898699999999963e+02,8.159399899999999661e+02
3.196421099999999793e+00,1.991888300000000072e+03,1.640727399999999989e+03,1.289569899999999961e+03,9.740983199999999442e+02,8.257943199999999706e+02,8.538451099999999769e+02,8.458009100000000444e+02,8.185155099999999493e+02
3.197315800000000152e+00,1.990943500000000085e+03,1.639829899999999952e+03,1.288825399999999945e+03,9.735443800000000465e+02,8.247892399999999498e+02,8.530060700000000224e+02,8.450703700000000254e+02,8.186214400000000069e+02
3.198210599999999904e+00,1.990089300000000094e+03,1.638981500000000096e+03,1.288065900000000056e+03,9.723540900000000420e+02,8.237143800000000056e+02,8.521504800000000159e+02,8.444791599999999789e+02,8.188073699999999917e+02
3.199105299999999819e+00,1.989267100000000028e+03,1.638183999999999969e+03,1.287314699999999903e+03,9.709812100000000328e+02,8.226405999999999494e+02,8.513152199999999539e+02,8.439290600000000495e+02,8.190114399999999932e+02
3.200000000000000178e+00,1.988474300000000085e+03,1.637404500000000098e+03,1.286591499999999996e+03,9.696310600000000477e+02,8.216839400000000069e+02,8.505159599999999500e+02,8.433284800000000132e+02,8.186026900000000524e+02
3.200877199999999867e+00,1.987645400000000109e+03,1.636626600000000053e+03,1.285977100000000064e+03,9.690270000000000437e+02,8.209560500000000047e+02,8.499137399999999616e+02,8.428327399999999443e+02,8.187326199999999972e+02
3.201738999999999891e+00,1.986858600000000024e+03,1.635890599999999949e+03,1.285401900000000069e+03,9.684826100000000224e+02,8.202651200000000244e+02,8.493293200000000525e+02,8.423476799999999685e+02,8.187043599999999515e+02
3.202530199999999994e+00,1.986014499999999998e+03,1.635192099999999982e+03,1.285330999999999904e+03,9.708244600000000446e+02,8.202734400000000505e+02,8.492605499999999665e+02,8.419726699999999937e+02,8.198116199999999480e+02
3.203260499999999844e+00,1.985169499999999971e+03,1.634513899999999921e+03,1.285353000000000065e+03,9.734718400000000429e+02,8.202579100000000381e+02,8.491915999999999940e+02,8.415775200000000495e+02,8.211359200000000556e+02
3.204002399999999806e+00,1.984515200000000050e+03,1.633875700000000052e+03,1.284708800000000110e+03,9.718855200000000423e+02,8.191985200000000304e+02,8.483579099999999471e+02,8.410748800000000074e+02,8.210498599999999669e+02
3.204744300000000212e+00,1.983857999999999947e+03,1.633241700000000037e+03,1.284125700000000052e+03,9.705954799999999523e+02,8.182818800000000010e+02,8.476144199999999955e+02,8.406273599999999533e+02,8.210909900000000334e+02
3.205390799999999984e+00,1.983098999999999933e+03,1.632750099999999975e+03,1.284819199999999910e+03,9.758456400000000031e+02,8.188848299999999654e+02,8.480253300000000536e+02,8.404049300000000358e+02,8.235649300000000039e+02
3.206010299999999980e+00,1.982386700000000019e+03,1.632185099999999920e+03,1.284827299999999923e+03,9.773378000000000156e+02,8.185194999999999936e+02,8.476754499999999553e+02,8.399763000000000375e+02,8.245739300000000185e+02
3.206638799999999900e+00,1.981858099999999922e+03,1.631671399999999949e+03,1.284301300000000083e+03,9.755895500000000311e+02,8.174572699999999941e+02,8.468710999999999558e+02,8.395650900000000547e+02,8.245537500000000364e+02
3.207276400000000027e+00,1.981356500000000096e+03,1.631177799999999934e+03,1.283730099999999993e+03,9.735159400000000005e+02,8.164088199999999915e+02,8.460578299999999672e+02,8.391795100000000502e+02,8.243091200000000072e+02
3.207914099999999991e+00,1.980837500000000091e+03,1.630694400000000087e+03,1.283278399999999920e+03,9.721237800000000107e+02,8.156078599999999597e+02,8.454173399999999674e+02,8.388245200000000068e+02,8.240744200000000319e+02
3.208561599999999903e+00,1.980334499999999935e+03,1.630203800000000001e+03,1.282668499999999995e+03,9.700830600000000459e+02,8.147326900000000478e+02,8.447076799999999821e+02,8.384606800000000248e+02,8.234307099999999764e+02
3.209219299999999997e+00,1.979780400000000100e+03,1.629647600000000011e+03,1.281968299999999999e+03,9.679983099999999467e+02,8.139410800000000563e+02,8.440719100000000026e+02,8.381544499999999971e+02,8.227143899999999803e+02
3.209887900000000016e+00,1.979282300000000077e+03,1.629160699999999906e+03,1.281295000000000073e+03,9.659767799999999625e+02,8.131394599999999855e+02,8.433947600000000193e+02,8.377867700000000468e+02,8.218854999999999791e+02
3.210567699999999913e+00,1.978746599999999944e+03,1.628625700000000052e+03,1.280556800000000067e+03,9.640007399999999507e+02,8.124169100000000299e+02,8.427860399999999572e+02,8.374666600000000471e+02,8.210335300000000416e+02
3.211236099999999816e+00,1.978092699999999923e+03,1.628050700000000006e+03,1.280067600000000084e+03,9.635155899999999747e+02,8.119970799999999826e+02,8.423898500000000240e+02,8.371611500000000206e+02,8.207514999999999645e+02
3.211928299999999847e+00,1.977580799999999954e+03,1.627499499999999898e+03,1.279150300000000016e+03,9.610461099999999988e+02,8.111694099999999708e+02,8.416994700000000194e+02,8.368219199999999773e+02,8.196753400000000056e+02
3.212633299999999803e+00,1.976938799999999901e+03,1.626845800000000054e+03,1.278229100000000017e+03,9.590696900000000369e+02,8.104166599999999789e+02,8.410560699999999770e+02,8.364419500000000198e+02,8.187476599999999962e+02
3.213366000000000167e+00,1.976348600000000033e+03,1.626201700000000073e+03,1.277155400000000100e+03,9.564569099999999935e+02,8.095849399999999605e+02,8.403553600000000188e+02,8.360753799999999956e+02,8.175265600000000177e+02
3.214113600000000126e+00,1.975702099999999973e+03,1.625528999999999996e+03,1.276171299999999974e+03,9.545273100000000568e+02,8.089090599999999540e+02,8.397797600000000102e+02,8.357175700000000234e+02,8.165177599999999529e+02
3.214861299999999922e+00,1.975057000000000016e+03,1.624903800000000047e+03,1.275402499999999918e+03,9.535269799999999805e+02,8.083907799999999497e+02,8.392603500000000167e+02,8.353149100000000544e+02,8.158131300000000010e+02
3.215608899999999881e+00,1.974376800000000003e+03,1.624237900000000081e+03,1.274597999999999956e+03,9.526166299999999865e+02,8.078955899999999701e+02,8.387993699999999535e+02,8.349515999999999849e+02,8.152249600000000100e+02
3.216373100000000207e+00,1.973694300000000112e+03,1.623536299999999983e+03,1.273619400000000041e+03,9.509605599999999868e+02,8.071828199999999924e+02,8.381706900000000360e+02,8.345342000000000553e+02,8.143760899999999765e+02
3.217120400000000213e+00,1.972985400000000027e+03,1.622874499999999898e+03,1.272960199999999986e+03,9.508708900000000313e+02,8.068286600000000135e+02,8.378211099999999760e+02,8.341815199999999777e+02,8.141668499999999540e+02
3.217851099999999853e+00,1.972241600000000062e+03,1.622211099999999988e+03,1.272375999999999976e+03,9.510418300000000045e+02,8.065258000000000038e+02,8.374950400000000172e+02,8.338581000000000358e+02,8.141371400000000449e+02
3.218581700000000101e+00,1.971557099999999991e+03,1.621537100000000009e+03,1.271597700000000032e+03,9.503452899999999772e+02,8.059393199999999524e+02,8.369854800000000523e+02,8.334577000000000453e+02,8.138261700000000474e+02
3.219329800000000130e+00,1.970803900000000112e+03,1.620739000000000033e+03,1.270530099999999948e+03,9.486128700000000435e+02,8.050438500000000204e+02,8.362082900000000336e+02,8.328939800000000560e+02,8.130326999999999771e+02
3.220060000000000144e+00,1.970132100000000037e+03,1.620130400000000009e+03,1.269976300000000037e+03,9.487060300000000552e+02,8.047215899999999920e+02,8.359117099999999709e+02,8.326143899999999576e+02,8.130847099999999728e+02
3.220790299999999995e+00,1.969398899999999912e+03,1.619396199999999908e+03,1.269153099999999995e+03,9.479432699999999841e+02,8.040571200000000545e+02,8.353065599999999904e+02,8.320984799999999950e+02,8.126604599999999436e+02
3.221502699999999830e+00,1.968737900000000081e+03,1.618800799999999981e+03,1.268642800000000079e+03,9.481738900000000285e+02,8.037122500000000400e+02,8.349808299999999690e+02,8.317724299999999857e+02,8.127627599999999575e+02
3.222215100000000110e+00,1.968051799999999957e+03,1.618116600000000062e+03,1.267894999999999982e+03,9.474769900000000007e+02,8.030665099999999939e+02,8.344168300000000045e+02,8.313140300000000025e+02,8.124813500000000204e+02
3.222927599999999781e+00,1.967385600000000068e+03,1.617453400000000101e+03,1.267158400000000029e+03,9.467071399999999812e+02,8.024346199999999953e+02,8.338748799999999619e+02,8.308845099999999775e+02,8.121930899999999838e+02
3.223621699999999812e+00,1.966725500000000011e+03,1.616851100000000088e+03,1.266670000000000073e+03,9.469684799999999996e+02,8.020416699999999537e+02,8.335005300000000261e+02,8.305045099999999820e+02,8.122993199999999661e+02
3.224315900000000124e+00,1.966054200000000037e+03,1.616182499999999891e+03,1.265961499999999887e+03,9.462653199999999742e+02,8.013974899999999479e+02,8.329482600000000048e+02,8.300583900000000313e+02,8.120359700000000203e+02
3.225010099999999991e+00,1.965406700000000001e+03,1.615537900000000036e+03,1.265258399999999938e+03,9.454795900000000302e+02,8.007849800000000187e+02,8.324327600000000302e+02,8.296559999999999491e+02,8.117754499999999780e+02
3.225724099999999872e+00,1.964733500000000049e+03,1.614798399999999901e+03,1.264272699999999986e+03,9.435199199999999564e+02,7.998581500000000233e+02,8.316731899999999769e+02,8.291278200000000425e+02,8.109623699999999644e+02
3.226438100000000198e+00,1.964107500000000073e+03,1.614157300000000077e+03,1.263551699999999983e+03,9.426044699999999921e+02,7.992504800000000387e+02,8.311429299999999785e+02,8.286988000000000056e+02,8.105226499999999987e+02
3.227174399999999999e+00,1.963439300000000003e+03,1.613411499999999933e+03,1.262538399999999911e+03,9.405620199999999613e+02,7.983602100000000519e+02,8.304031400000000076e+02,8.281748499999999922e+02,8.095748499999999694e+02
3.227910699999999800e+00,1.962744200000000092e+03,1.612711999999999989e+03,1.261752799999999979e+03,9.396056700000000319e+02,7.977817800000000261e+02,8.298895400000000109e+02,8.277415499999999611e+02,8.090392000000000507e+02
3.228672400000000220e+00,1.962113100000000031e+03,1.611986000000000104e+03,1.260734999999999900e+03,9.375365299999999706e+02,7.969035599999999704e+02,8.291548199999999724e+02,8.272205400000000282e+02,8.080307299999999486e+02
3.229434100000000196e+00,1.961281099999999924e+03,1.611158699999999953e+03,1.259825100000000020e+03,9.365213300000000345e+02,7.963002099999999928e+02,8.286034200000000283e+02,8.267301200000000563e+02,8.073875100000000202e+02
3.230195800000000173e+00,1.960703400000000101e+03,1.610554699999999912e+03,1.259131800000000112e+03,9.358035599999999476e+02,7.957672800000000279e+02,8.281164800000000241e+02,8.263065299999999525e+02,8.068992799999999761e+02
3.230957500000000149e+00,1.959904299999999921e+03,1.609750900000000001e+03,1.258264300000000048e+03,9.349804599999999937e+02,7.951875300000000379e+02,8.275970099999999547e+02,8.258456499999999778e+02,8.063961600000000089e+02
3.231719200000000125e+00,1.959151800000000094e+03,1.608993400000000065e+03,1.257433600000000069e+03,9.341925199999999450e+02,7.945426800000000185e+02,8.269989199999999983e+02,8.253128400000000511e+02,8.058726500000000215e+02
3.232514000000000109e+00,1.958419300000000021e+03,1.608155500000000075e+03,1.256275200000000041e+03,9.319089199999999664e+02,7.936244799999999486e+02,8.262719700000000103e+02,8.248177699999999959e+02,8.048822199999999611e+02
3.233308800000000094e+00,1.957653099999999995e+03,1.607375700000000052e+03,1.255394600000000082e+03,9.309663199999999961e+02,7.929234199999999646e+02,8.256093499999999494e+02,8.242252700000000232e+02,8.041998099999999567e+02
3.234103600000000078e+00,1.956911499999999933e+03,1.606617400000000089e+03,1.254562100000000100e+03,9.302123299999999517e+02,7.924034500000000207e+02,8.251576599999999644e+02,8.238161300000000438e+02,8.037345000000000255e+02
3.234940299999999880e+00,1.956106199999999944e+03,1.605700499999999920e+03,1.253282200000000103e+03,9.276170600000000377e+02,7.912539799999999559e+02,8.241701399999999467e+02,8.230845199999999977e+02,8.024155500000000529e+02
3.235776899999999845e+00,1.955366800000000012e+03,1.604929699999999912e+03,1.252403199999999970e+03,9.267172100000000228e+02,7.907093899999999849e+02,8.236940299999999979e+02,8.226501200000000154e+02,8.018377500000000282e+02
3.236613600000000091e+00,1.954565900000000056e+03,1.604111599999999953e+03,1.251495799999999917e+03,9.259010299999999916e+02,7.900246700000000146e+02,8.230382399999999734e+02,8.220407099999999900e+02,8.011578200000000152e+02
3.237506000000000217e+00,1.953677400000000034e+03,1.603090200000000095e+03,1.250071899999999914e+03,9.229515199999999595e+02,7.888640299999999570e+02,8.220972799999999552e+02,8.213762100000000146e+02,7.997866000000000213e+02
3.238398399999999899e+00,1.952855999999999995e+03,1.602237000000000080e+03,1.249099999999999909e+03,9.219676200000000108e+02,7.881889700000000403e+02,8.214687999999999874e+02,8.207916699999999537e+02,7.990221099999999979e+02
3.239365199999999945e+00,1.951977399999999989e+03,1.601196400000000040e+03,1.247581599999999980e+03,9.186221000000000458e+02,7.868620799999999917e+02,8.203624200000000428e+02,8.199953799999999546e+02,7.973478900000000067e+02
3.240331999999999990e+00,1.951067500000000109e+03,1.600257399999999961e+03,1.246514699999999948e+03,9.175669100000000071e+02,7.861999200000000201e+02,8.197368800000000419e+02,8.193905899999999747e+02,7.964501099999999951e+02
3.241298800000000035e+00,1.950120400000000018e+03,1.599291400000000067e+03,1.245453500000000076e+03,9.167265800000000127e+02,7.855863699999999881e+02,8.191576499999999896e+02,8.188182399999999461e+02,7.957046299999999519e+02
3.242265600000000081e+00,1.949110200000000077e+03,1.598256000000000085e+03,1.244334900000000061e+03,9.158768400000000156e+02,7.848113799999999856e+02,8.184172099999999546e+02,8.181023699999999508e+02,7.949199599999999464e+02
3.243232400000000126e+00,1.948251500000000078e+03,1.597363499999999931e+03,1.243349699999999984e+03,9.151813700000000154e+02,7.842503000000000384e+02,8.179395799999999781e+02,8.176486899999999878e+02,7.944599100000000362e+02
3.244199200000000172e+00,1.947257599999999911e+03,1.596337600000000066e+03,1.242251700000000028e+03,9.143614700000000539e+02,7.833839699999999766e+02,8.171236599999999726e+02,8.168755599999999504e+02,7.937587200000000394e+02
3.245166000000000217e+00,1.946252700000000004e+03,1.595315599999999904e+03,1.241162600000000111e+03,9.135467200000000503e+02,7.825768299999999726e+02,8.163889100000000099e+02,8.161822300000000041e+02,7.931544900000000098e+02
3.246132799999999818e+00,1.945372800000000097e+03,1.594423099999999977e+03,1.240188400000000001e+03,9.128168200000000070e+02,7.819061599999999999e+02,8.158110100000000102e+02,8.156403400000000374e+02,7.927173999999999978e+02
3.247099599999999864e+00,1.944321599999999989e+03,1.593347400000000107e+03,1.239063499999999976e+03,9.119123299999999972e+02,7.809294099999999617e+02,8.148999199999999519e+02,8.147860200000000077e+02,7.920081999999999880e+02
3.248066399999999909e+00,1.943436300000000074e+03,1.592435500000000047e+03,1.238090500000000020e+03,9.111450999999999567e+02,7.802788900000000467e+02,8.143586199999999735e+02,8.142820000000000391e+02,7.916305099999999584e+02
3.249033199999999955e+00,1.942380000000000109e+03,1.591354299999999967e+03,1.236978200000000015e+03,9.102033000000000129e+02,7.792435900000000402e+02,8.133878700000000208e+02,8.133757399999999507e+02,7.908924899999999525e+02
3.250000000000000000e+00,1.941517599999999902e+03,1.590469399999999951e+03,1.236048399999999901e+03,9.094342400000000453e+02,7.786032500000000027e+02,8.128559999999999945e+02,8.128767800000000534e+02,7.905284799999999450e+02
3.251041700000000034e+00,1.940393000000000029e+03,1.589212500000000091e+03,1.234474999999999909e+03,9.060754200000000083e+02,7.768518000000000256e+02,8.113444600000000264e+02,8.117129300000000285e+02,7.888772699999999531e+02
3.252083299999999788e+00,1.939557800000000043e+03,1.588332000000000107e+03,1.233501899999999978e+03,9.050335999999999785e+02,7.762059000000000424e+02,8.107824699999999893e+02,8.111718200000000252e+02,7.882319899999999961e+02
3.253124999999999822e+00,1.938414999999999964e+03,1.587162399999999934e+03,1.232294599999999946e+03,9.039315400000000409e+02,7.751613700000000335e+02,8.097926999999999680e+02,8.102336199999999735e+02,7.872704099999999698e+02
3.254190299999999869e+00,1.937421399999999949e+03,1.586110599999999977e+03,1.231107299999999896e+03,9.023365999999999758e+02,7.742431000000000267e+02,8.090028499999999667e+02,8.095454099999999471e+02,7.864076300000000401e+02
3.255255700000000196e+00,1.936320200000000114e+03,1.584997699999999895e+03,1.229956100000000106e+03,9.012919600000000173e+02,7.733001100000000179e+02,8.081260999999999513e+02,8.087190000000000509e+02,7.855942599999999629e+02
3.256346999999999881e+00,1.935248100000000022e+03,1.583871499999999969e+03,1.228698300000000017e+03,8.996044799999999668e+02,7.722233099999999695e+02,8.071761099999999942e+02,8.078967599999999720e+02,7.846294400000000451e+02
3.257438300000000009e+00,1.934146899999999960e+03,1.582741700000000037e+03,1.227515900000000101e+03,8.985370299999999588e+02,7.712860799999999699e+02,8.063119500000000244e+02,8.070774699999999484e+02,7.838160400000000436e+02
3.258529699999999973e+00,1.933067900000000009e+03,1.581638699999999972e+03,1.226369400000000041e+03,8.975605299999999716e+02,7.703753199999999879e+02,8.054768000000000256e+02,8.062872599999999466e+02,7.830812600000000430e+02
3.259621000000000102e+00,1.931989299999999957e+03,1.580534699999999930e+03,1.225224300000000085e+03,8.965886699999999792e+02,7.694331300000000056e+02,8.046093899999999621e+02,8.054675899999999729e+02,7.823546800000000303e+02
3.260742599999999936e+00,1.930862399999999980e+03,1.579346399999999903e+03,1.223898300000000063e+03,8.947476100000000088e+02,7.682035300000000007e+02,8.035263700000000426e+02,8.045434099999999944e+02,7.813472100000000182e+02
3.261864300000000050e+00,1.929766699999999901e+03,1.578219299999999976e+03,1.222720000000000027e+03,8.936603999999999814e+02,7.672285200000000032e+02,8.026345599999999649e+02,8.037059600000000046e+02,7.805610900000000356e+02
3.262985899999999884e+00,1.928638799999999947e+03,1.577065499999999929e+03,1.221527299999999968e+03,8.926154199999999719e+02,7.662438399999999774e+02,8.017336699999999610e+02,8.028573900000000094e+02,7.797960299999999734e+02
3.264142600000000005e+00,1.927475799999999936e+03,1.575842100000000073e+03,1.220164899999999989e+03,8.906459499999999707e+02,7.649778599999999642e+02,8.006188200000000279e+02,8.019081700000000410e+02,7.787309199999999691e+02
3.265299300000000127e+00,1.926371200000000044e+03,1.574706400000000031e+03,1.218977399999999989e+03,8.895237200000000257e+02,7.639624099999999771e+02,7.996807199999999511e+02,8.010239900000000262e+02,7.778894400000000360e+02
3.266455999999999804e+00,1.925210900000000038e+03,1.573523799999999937e+03,1.217759600000000091e+03,8.884458499999999503e+02,7.629503899999999703e+02,7.987492700000000241e+02,8.001426900000000160e+02,7.770809600000000046e+02
3.267612699999999926e+00,1.924043400000000020e+03,1.572332100000000082e+03,1.216534000000000106e+03,8.873675500000000511e+02,7.619143900000000258e+02,7.977959700000000112e+02,7.992445300000000543e+02,7.762937100000000328e+02
3.268812200000000168e+00,1.922839099999999917e+03,1.571062899999999900e+03,1.215111400000000003e+03,8.851926600000000462e+02,7.605258999999999787e+02,7.965771200000000363e+02,7.982284399999999778e+02,7.751660500000000411e+02
3.270011699999999966e+00,1.921661599999999908e+03,1.569855299999999943e+03,1.213854700000000093e+03,8.839847099999999500e+02,7.594553799999999910e+02,7.955932299999999486e+02,7.973052999999999884e+02,7.742790199999999459e+02
3.271211300000000044e+00,1.920452600000000075e+03,1.568625000000000000e+03,1.212591300000000047e+03,8.828547999999999547e+02,7.583943900000000440e+02,7.946163500000000113e+02,7.963867599999999811e+02,7.734334800000000314e+02
3.272410799999999842e+00,1.919262799999999970e+03,1.567413000000000011e+03,1.211348199999999906e+03,8.817535000000000309e+02,7.573183999999999969e+02,7.936220100000000457e+02,7.954506300000000465e+02,7.726067699999999832e+02
3.273610300000000084e+00,1.918078700000000026e+03,1.566208000000000084e+03,1.210114900000000034e+03,8.806604800000000068e+02,7.562393899999999576e+02,7.926356299999999919e+02,7.945311199999999872e+02,7.718238599999999678e+02
3.274866999999999972e+00,1.916789399999999887e+03,1.564847600000000057e+03,1.208578099999999949e+03,8.781220200000000204e+02,7.546758499999999685e+02,7.912701100000000451e+02,7.934142699999999877e+02,7.705600100000000339e+02
3.276123600000000025e+00,1.915557099999999991e+03,1.563583499999999958e+03,1.207259600000000091e+03,8.768119299999999612e+02,7.535133100000000468e+02,7.901989099999999553e+02,7.924131999999999607e+02,7.695821799999999939e+02
3.277380299999999913e+00,1.914279600000000073e+03,1.562285900000000083e+03,1.205928300000000036e+03,8.756018900000000258e+02,7.523753699999999753e+02,7.891566199999999753e+02,7.914391399999999521e+02,7.686691299999999956e+02
3.278636899999999965e+00,1.913036800000000085e+03,1.561014400000000023e+03,1.204612100000000055e+03,8.744142100000000255e+02,7.512133199999999533e+02,7.880923400000000356e+02,7.904534099999999626e+02,7.678045600000000377e+02
3.279893599999999854e+00,1.911775100000000066e+03,1.559731199999999944e+03,1.203297299999999950e+03,8.732332099999999855e+02,7.500382200000000239e+02,7.870225299999999606e+02,7.894688700000000381e+02,7.669717299999999796e+02
3.281150199999999906e+00,1.910410800000000108e+03,1.558349600000000009e+03,1.201899300000000039e+03,8.719835699999999861e+02,7.488207499999999754e+02,7.859136300000000119e+02,7.884436600000000226e+02,7.661079499999999598e+02
3.282406899999999794e+00,1.909208499999999958e+03,1.557124199999999973e+03,1.200639400000000023e+03,8.708322500000000446e+02,7.476372300000000450e+02,7.848334399999999960e+02,7.874486699999999928e+02,7.652939999999999827e+02
3.283663499999999846e+00,1.907893600000000106e+03,1.555797700000000077e+03,1.199295599999999922e+03,8.696013699999999744e+02,7.464153199999999515e+02,7.837237599999999702e+02,7.864270400000000336e+02,7.644584800000000087e+02
3.284920200000000179e+00,1.906632800000000088e+03,1.554518000000000029e+03,1.197995499999999993e+03,8.683974500000000489e+02,7.452070499999999811e+02,7.826259099999999762e+02,7.854182399999999689e+02,7.636445800000000190e+02
3.286176799999999787e+00,1.905323599999999942e+03,1.553186500000000024e+03,1.196642800000000079e+03,8.671327300000000378e+02,7.439648799999999937e+02,7.814997899999999618e+02,7.843855399999999918e+02,7.628135399999999890e+02
3.287559100000000178e+00,1.904094299999999976e+03,1.551849400000000060e+03,1.194988499999999931e+03,8.632357799999999770e+02,7.419705900000000156e+02,7.798125700000000506e+02,7.831616199999999708e+02,7.612479100000000471e+02
3.288941499999999962e+00,1.902385099999999966e+03,1.550097099999999955e+03,1.193182900000000018e+03,8.613140300000000025e+02,7.403850599999999531e+02,7.783141699999999901e+02,7.817368000000000166e+02,7.597128699999999526e+02
3.290323799999999910e+00,1.901377700000000004e+03,1.549073599999999942e+03,1.192118999999999915e+03,8.603125300000000379e+02,7.394980199999999968e+02,7.775260799999999790e+02,7.810202199999999948e+02,7.589794299999999794e+02
3.291706099999999857e+00,1.899729000000000042e+03,1.547382100000000037e+03,1.190375500000000102e+03,8.587069599999999809e+02,7.378896999999999480e+02,7.759890400000000454e+02,7.795623699999999872e+02,7.575910800000000336e+02
3.293088399999999805e+00,1.898477499999999964e+03,1.546136199999999917e+03,1.189105399999999918e+03,8.575985899999999447e+02,7.368306499999999915e+02,7.750456799999999475e+02,7.787046800000000530e+02,7.568478400000000192e+02
3.294470700000000196e+00,1.897042500000000018e+03,1.544669599999999946e+03,1.187590200000000095e+03,8.562361399999999776e+02,7.354006299999999783e+02,7.737132400000000416e+02,7.774708299999999781e+02,7.557818099999999504e+02
3.295853000000000144e+00,1.895673500000000104e+03,1.543287499999999909e+03,1.186177200000000084e+03,8.549830399999999599e+02,7.341298500000000331e+02,7.725561000000000149e+02,7.764106600000000071e+02,7.548959599999999455e+02
3.297235399999999927e+00,1.894223199999999906e+03,1.541818400000000111e+03,1.184674700000000030e+03,8.536239699999999857e+02,7.327311499999999569e+02,7.712713599999999587e+02,7.752310099999999693e+02,7.539194499999999834e+02
3.298617699999999875e+00,1.892832499999999982e+03,1.540411399999999958e+03,1.183238900000000058e+03,8.523146799999999530e+02,7.313832700000000386e+02,7.700385199999999486e+02,7.741015400000000000e+02,7.529998600000000124e+02
3.299999999999999822e+00,1.891477100000000064e+03,1.539044000000000096e+03,1.181848300000000108e+03,8.510375400000000354e+02,7.301005400000000236e+02,7.688799199999999701e+02,7.730510900000000447e+02,7.521677899999999681e+02
3.301470600000000033e+00,1.889879100000000108e+03,1.537346999999999980e+03,1.179928100000000086e+03,8.477282900000000154e+02,7.278951899999999569e+02,7.668927300000000287e+02,7.714079100000000153e+02,7.504428000000000338e+02
3.302941199999999800e+00,1.888547199999999975e+03,1.536018299999999954e+03,1.178571200000000090e+03,8.463298999999999523e+02,7.267122900000000527e+02,7.658324999999999818e+02,7.704508200000000215e+02,7.495138500000000477e+02
3.304411800000000010e+00,1.886988900000000058e+03,1.534401900000000069e+03,1.176887899999999945e+03,8.447117799999999761e+02,7.250296100000000479e+02,7.642323599999999715e+02,7.689529099999999744e+02,7.481205099999999675e+02
3.305931399999999964e+00,1.885518900000000031e+03,1.532927300000000059e+03,1.175331699999999955e+03,8.425458899999999858e+02,7.235977199999999812e+02,7.629908100000000104e+02,7.679397400000000289e+02,7.470865499999999884e+02
3.307450999999999919e+00,1.883981800000000021e+03,1.531324299999999994e+03,1.173658400000000029e+03,8.409065100000000257e+02,7.219459799999999632e+02,7.614355299999999716e+02,7.665006799999999885e+02,7.457435299999999643e+02
3.308970599999999873e+00,1.882420299999999997e+03,1.529778299999999945e+03,1.172062500000000000e+03,8.394518000000000484e+02,7.205231400000000122e+02,7.601215099999999438e+02,7.652952299999999468e+02,7.446527899999999818e+02
3.310490199999999827e+00,1.880880200000000059e+03,1.528232700000000023e+03,1.170458800000000110e+03,8.379894799999999577e+02,7.190128499999999576e+02,7.587149799999999686e+02,7.640055399999999963e+02,7.435322200000000521e+02
3.312070600000000198e+00,1.879157600000000002e+03,1.526474200000000110e+03,1.168578800000000001e+03,8.353789399999999432e+02,7.171227499999999964e+02,7.570060099999999466e+02,7.625638800000000401e+02,7.421194400000000542e+02
3.313651000000000124e+00,1.877671499999999924e+03,1.524943500000000085e+03,1.166975699999999961e+03,8.338093999999999824e+02,7.155572700000000168e+02,7.555408400000000029e+02,7.612265899999999874e+02,7.408922999999999774e+02
3.315231400000000050e+00,1.876036900000000060e+03,1.523287900000000036e+03,1.165279500000000098e+03,8.322525200000000041e+02,7.139956899999999678e+02,7.540899500000000444e+02,7.599071699999999510e+02,7.397232099999999946e+02
3.316811799999999977e+00,1.874400000000000091e+03,1.521615800000000036e+03,1.163552500000000009e+03,8.306604700000000321e+02,7.123263500000000477e+02,7.525257000000000289e+02,7.584743999999999460e+02,7.384791800000000421e+02
3.318392199999999903e+00,1.872807099999999991e+03,1.520017399999999952e+03,1.161926899999999932e+03,8.291786299999999983e+02,7.107952099999999973e+02,7.511140799999999444e+02,7.572143700000000308e+02,7.374487500000000182e+02
3.320055700000000165e+00,1.871036499999999933e+03,1.518188499999999976e+03,1.159935500000000047e+03,8.261458499999999958e+02,7.086133599999999433e+02,7.491419399999999769e+02,7.555770999999999731e+02,7.358473999999999933e+02
3.321631700000000187e+00,1.869554000000000087e+03,1.516702700000000050e+03,1.158505900000000111e+03,8.259371300000000247e+02,7.073977899999999863e+02,7.479415000000000191e+02,7.543425399999999854e+02,7.349479700000000548e+02
3.323207800000000045e+00,1.867844499999999925e+03,1.514990600000000086e+03,1.156787700000000086e+03,8.244601599999999735e+02,7.057953400000000101e+02,7.464524900000000116e+02,7.529982599999999593e+02,7.339009800000000041e+02
3.324783800000000067e+00,1.866202800000000025e+03,1.513316299999999956e+03,1.155071899999999914e+03,8.228473699999999553e+02,7.040547299999999495e+02,7.448262999999999465e+02,7.515424000000000433e+02,7.327648299999999608e+02
3.326359800000000089e+00,1.864623499999999922e+03,1.511722600000000057e+03,1.153454700000000003e+03,8.212946299999999837e+02,7.023931199999999535e+02,7.432776599999999689e+02,7.501579400000000533e+02,7.316693500000000085e+02
3.327935800000000111e+00,1.862990500000000111e+03,1.510062200000000075e+03,1.151771799999999985e+03,8.196625999999999976e+02,7.006594300000000430e+02,7.416522099999999682e+02,7.486999600000000328e+02,7.304948500000000422e+02
3.329511800000000132e+00,1.861395700000000033e+03,1.508443400000000111e+03,1.150132700000000114e+03,8.180543800000000374e+02,6.989753200000000106e+02,7.400750600000000077e+02,7.472912599999999657e+02,7.293637599999999566e+02
3.331087800000000154e+00,1.859763899999999921e+03,1.506774400000000014e+03,1.148449900000000071e+03,8.163951200000000199e+02,6.972549599999999828e+02,7.384624700000000530e+02,7.458512100000000373e+02,7.281951500000000124e+02
3.332663800000000176e+00,1.858187699999999950e+03,1.505194500000000062e+03,1.146830799999999954e+03,8.147772999999999683e+02,6.955769800000000487e+02,7.368914999999999509e+02,7.444560199999999668e+02,7.270680099999999584e+02
3.334239900000000034e+00,1.856570899999999938e+03,1.503572300000000041e+03,1.145166899999999941e+03,8.131098299999999881e+02,6.938579099999999471e+02,7.352787600000000339e+02,7.430225900000000365e+02,7.258981800000000248e+02
3.335815900000000056e+00,1.854965200000000095e+03,1.501942600000000084e+03,1.143513699999999972e+03,8.114501199999999699e+02,6.921467800000000352e+02,7.336729400000000396e+02,7.416028599999999642e+02,7.247444299999999657e+02
3.337391900000000078e+00,1.853328700000000026e+03,1.500281600000000026e+03,1.141835199999999986e+03,8.097659400000000005e+02,6.904157699999999522e+02,7.320414899999999534e+02,7.401558300000000372e+02,7.235552000000000135e+02
3.338967900000000100e+00,1.851712299999999914e+03,1.498628400000000056e+03,1.140151399999999967e+03,8.080638900000000149e+02,6.886595200000000432e+02,7.303874700000000075e+02,7.386929900000000089e+02,7.223547200000000430e+02
3.340543900000000122e+00,1.850127500000000055e+03,1.497038099999999986e+03,1.138547100000000000e+03,8.064451999999999998e+02,6.870000700000000506e+02,7.288265699999999470e+02,7.373283500000000004e+02,7.212499400000000378e+02
3.342119900000000143e+00,1.848488200000000006e+03,1.495364499999999907e+03,1.136836499999999887e+03,8.047094700000000103e+02,6.851994399999999814e+02,7.271228599999999460e+02,7.358144600000000537e+02,7.199908599999999979e+02
3.343695900000000165e+00,1.846912100000000009e+03,1.493780400000000100e+03,1.135234999999999900e+03,8.030859699999999748e+02,6.835531799999999976e+02,7.255747000000000071e+02,7.344682500000000118e+02,7.188990999999999758e+02
3.345272000000000023e+00,1.845285499999999956e+03,1.492125399999999900e+03,1.133546599999999899e+03,8.013632999999999811e+02,6.817745999999999640e+02,7.238907000000000380e+02,7.329802300000000059e+02,7.176619299999999839e+02
3.346848000000000045e+00,1.843646600000000035e+03,1.490467799999999897e+03,1.131865600000000086e+03,7.996638299999999617e+02,6.800495899999999665e+02,7.222595700000000534e+02,7.315482100000000401e+02,7.164724899999999934e+02
3.348424000000000067e+00,1.842035100000000057e+03,1.488832300000000032e+03,1.130196799999999939e+03,7.979590799999999717e+02,6.782961199999999735e+02,7.205963900000000422e+02,7.300827100000000200e+02,7.152493500000000495e+02
3.350000000000000089e+00,1.840452999999999975e+03,1.487237699999999904e+03,1.128576199999999972e+03,7.963130800000000136e+02,6.766284699999999930e+02,7.190204499999999825e+02,7.287182400000000371e+02,7.141350099999999657e+02
3.351562500000000000e+00,1.838804300000000012e+03,1.485559099999999944e+03,1.126878500000000031e+03,7.948064699999999903e+02,6.749092299999999796e+02,7.173694199999999910e+02,7.272336199999999735e+02,7.129230199999999513e+02
3.353124999999999911e+00,1.837272899999999936e+03,1.484023500000000013e+03,1.125337700000000041e+03,7.932398699999999963e+02,6.732776199999999562e+02,7.158235600000000431e+02,7.259098099999999931e+02,7.118858000000000175e+02
3.354637100000000149e+00,1.835663199999999961e+03,1.482400599999999940e+03,1.123771799999999985e+03,7.924582699999999704e+02,6.717761500000000296e+02,7.143516399999999749e+02,7.245250999999999522e+02,7.109022999999999683e+02
3.356149199999999944e+00,1.834137699999999995e+03,1.480868699999999990e+03,1.122235899999999901e+03,7.909535300000000007e+02,6.701662900000000036e+02,7.128333300000000463e+02,7.232384399999999687e+02,7.099908699999999726e+02
3.357661300000000182e+00,1.832491700000000037e+03,1.479190000000000055e+03,1.120535399999999981e+03,7.892027799999999615e+02,6.683602300000000014e+02,7.111131900000000314e+02,7.217261600000000499e+02,7.087718899999999849e+02
3.359173399999999976e+00,1.831004200000000083e+03,1.477699599999999919e+03,1.119037800000000061e+03,7.876127000000000180e+02,6.667345699999999624e+02,7.095758100000000468e+02,7.204216699999999491e+02,7.077622000000000071e+02
3.360685500000000214e+00,1.829403099999999995e+03,1.476076499999999896e+03,1.117385600000000068e+03,7.858548100000000431e+02,6.649516200000000481e+02,7.078733300000000099e+02,7.189246000000000549e+02,7.065225000000000364e+02
3.362141600000000174e+00,1.828010600000000068e+03,1.474699299999999994e+03,1.116101699999999937e+03,7.854358700000000226e+02,6.636870499999999993e+02,7.066230699999999842e+02,7.177659300000000258e+02,7.058217700000000150e+02
3.363597700000000135e+00,1.826438400000000001e+03,1.473112499999999955e+03,1.114517499999999927e+03,7.838470700000000306e+02,6.620177599999999529e+02,7.050418300000000045e+02,7.164004499999999780e+02,7.048250199999999950e+02
3.365053800000000095e+00,1.824975400000000036e+03,1.471630100000000084e+03,1.113021199999999908e+03,7.822409900000000107e+02,6.603639500000000453e+02,7.034795599999999922e+02,7.150693700000000490e+02,7.038203899999999749e+02
3.366509900000000055e+00,1.823486000000000104e+03,1.470127199999999903e+03,1.111511299999999892e+03,7.806134700000000066e+02,6.587304900000000316e+02,7.019390100000000530e+02,7.137535100000000057e+02,7.027536800000000312e+02
3.367965900000000179e+00,1.822003200000000106e+03,1.468615000000000009e+03,1.109976300000000037e+03,7.789456699999999501e+02,6.570524799999999459e+02,7.003518900000000258e+02,7.123915500000000520e+02,7.016281300000000556e+02
3.369422000000000139e+00,1.820497800000000097e+03,1.467101499999999987e+03,1.108452399999999898e+03,7.773002400000000307e+02,6.554270400000000336e+02,6.988143700000000536e+02,7.110740200000000186e+02,7.005131099999999833e+02
3.370878100000000099e+00,1.819097700000000032e+03,1.465679300000000012e+03,1.106998499999999922e+03,7.757076399999999694e+02,6.537973100000000386e+02,6.972668599999999515e+02,7.097535100000000057e+02,6.994053400000000238e+02
3.372334200000000060e+00,1.817519800000000032e+03,1.464087500000000091e+03,1.105393600000000106e+03,7.740145499999999856e+02,6.521452199999999948e+02,6.956972200000000157e+02,7.083953199999999697e+02,6.982141199999999799e+02
3.373790300000000020e+00,1.816098199999999906e+03,1.462653299999999945e+03,1.103936999999999898e+03,7.724487299999999550e+02,6.505611599999999726e+02,6.942033699999999499e+02,7.071398000000000366e+02,6.971652100000000019e+02
3.375246399999999980e+00,1.814586399999999912e+03,1.461114900000000034e+03,1.102366999999999962e+03,7.707842299999999796e+02,6.489177399999999807e+02,6.926459700000000339e+02,7.058022099999999455e+02,6.959976199999999835e+02
3.376702499999999940e+00,1.813128699999999981e+03,1.459653700000000072e+03,1.100877600000000029e+03,7.691925300000000334e+02,6.472994599999999537e+02,6.911151399999999967e+02,7.045033200000000306e+02,6.948807100000000219e+02
3.378158599999999900e+00,1.811588999999999942e+03,1.458108699999999999e+03,1.099310500000000047e+03,7.675541100000000370e+02,6.456704399999999850e+02,6.895728100000000040e+02,7.031833800000000565e+02,6.937197400000000016e+02
3.379614699999999861e+00,1.810162600000000111e+03,1.456663800000000037e+03,1.097821500000000015e+03,7.659770800000000008e+02,6.440470299999999497e+02,6.880371499999999969e+02,7.018801999999999452e+02,6.925886500000000296e+02
3.381070799999999821e+00,1.808663500000000113e+03,1.455151299999999992e+03,1.096274699999999939e+03,7.643666299999999865e+02,6.424231999999999516e+02,6.865017299999999523e+02,7.005707499999999754e+02,6.914353099999999586e+02
3.382648200000000216e+00,1.807053300000000036e+03,1.453471800000000030e+03,1.094311200000000099e+03,7.603834799999999632e+02,6.400825700000000325e+02,6.843966299999999592e+02,6.989590399999999590e+02,6.896291999999999689e+02
3.384225700000000003e+00,1.805538099999999986e+03,1.451933899999999994e+03,1.092696599999999989e+03,7.585385800000000245e+02,6.383668900000000122e+02,6.827570899999999483e+02,6.975486100000000533e+02,6.881250800000000254e+02
3.385803099999999954e+00,1.803977799999999888e+03,1.450357700000000023e+03,1.091055200000000013e+03,7.568786700000000565e+02,6.367110099999999875e+02,6.811784800000000359e+02,6.962008100000000468e+02,6.867903999999999769e+02
3.387380499999999905e+00,1.802306800000000067e+03,1.448668400000000020e+03,1.089294300000000021e+03,7.551489699999999630e+02,6.350039000000000442e+02,6.795523799999999710e+02,6.948002699999999550e+02,6.854327200000000175e+02
3.388958000000000137e+00,1.800777700000000095e+03,1.447131000000000085e+03,1.087689699999999903e+03,7.535789300000000139e+02,6.333511499999999614e+02,6.779968199999999570e+02,6.934981400000000349e+02,6.842419399999999996e+02
3.390535400000000088e+00,1.799071799999999939e+03,1.445406700000000001e+03,1.085909799999999905e+03,7.518617799999999534e+02,6.315634599999999637e+02,6.763022700000000214e+02,6.920391799999999876e+02,6.828845900000000029e+02
3.392112800000000039e+00,1.797567800000000034e+03,1.443892299999999977e+03,1.084330500000000029e+03,7.503126499999999623e+02,6.298820699999999988e+02,6.747299199999999928e+02,6.907262200000000121e+02,6.817154900000000453e+02
3.393690299999999826e+00,1.795866299999999910e+03,1.442163199999999961e+03,1.082535800000000108e+03,7.485796699999999646e+02,6.280580999999999676e+02,6.730103800000000547e+02,6.892431800000000521e+02,6.803473199999999679e+02
3.395267700000000222e+00,1.794363800000000083e+03,1.440646799999999985e+03,1.080956100000000106e+03,7.470296299999999974e+02,6.263586099999999988e+02,6.714342000000000326e+02,6.879311400000000276e+02,6.791925800000000208e+02
3.396845100000000173e+00,1.792676200000000108e+03,1.438940100000000029e+03,1.079207699999999932e+03,7.453190799999999854e+02,6.245325500000000147e+02,6.697245100000000093e+02,6.864589399999999841e+02,6.778328699999999571e+02
3.398422599999999960e+00,1.791172700000000077e+03,1.437411399999999958e+03,1.077613100000000031e+03,7.437355300000000398e+02,6.227829100000000153e+02,6.680979200000000446e+02,6.850873900000000276e+02,6.766066100000000461e+02
3.399999999999999911e+00,1.789551799999999957e+03,1.435767299999999977e+03,1.075911700000000110e+03,7.420499200000000428e+02,6.209831699999999728e+02,6.664162599999999657e+02,6.836440900000000056e+02,6.752822099999999637e+02
3.401785700000000023e+00,1.787685699999999997e+03,1.433797700000000077e+03,1.073565499999999929e+03,7.368857299999999668e+02,6.181021100000000388e+02,6.638635299999999688e+02,6.816744700000000421e+02,6.729643399999999929e+02
3.403640100000000057e+00,1.785925700000000006e+03,1.431978200000000015e+03,1.071545699999999897e+03,7.337994599999999537e+02,6.158228900000000294e+02,6.617532999999999674e+02,6.799094400000000178e+02,6.708325999999999567e+02
3.405494500000000091e+00,1.784299400000000105e+03,1.430323900000000094e+03,1.069783899999999903e+03,7.319576200000000199e+02,6.139679099999999607e+02,6.600012500000000273e+02,6.784152100000000019e+02,6.691426199999999653e+02
3.407348900000000125e+00,1.782198599999999942e+03,1.428211900000000014e+03,1.067601100000000088e+03,7.299392299999999523e+02,6.119681500000000369e+02,6.581049000000000433e+02,6.767425100000000384e+02,6.673418299999999590e+02
3.409203300000000159e+00,1.780481099999999969e+03,1.426466799999999921e+03,1.065750600000000077e+03,7.282363299999999526e+02,6.100566000000000031e+02,6.563218699999999899e+02,6.752392300000000205e+02,6.658541500000000042e+02
3.411057700000000192e+00,1.778534000000000106e+03,1.424493199999999888e+03,1.063684600000000046e+03,7.263673099999999749e+02,6.080100400000000036e+02,6.544063400000000001e+02,6.735800400000000536e+02,6.642246499999999969e+02
3.412912099999999782e+00,1.776712500000000091e+03,1.422636700000000019e+03,1.061727100000000064e+03,7.245795000000000528e+02,6.059842999999999620e+02,6.525234400000000505e+02,6.719628400000000283e+02,6.626801799999999503e+02
3.414766499999999816e+00,1.774825499999999920e+03,1.420722999999999956e+03,1.059722099999999955e+03,7.227474499999999580e+02,6.039170199999999795e+02,6.505977500000000191e+02,6.702845200000000432e+02,6.610734999999999673e+02
3.416620899999999850e+00,1.772953800000000001e+03,1.418816800000000057e+03,1.057746300000000019e+03,7.208954499999999825e+02,6.018504500000000235e+02,6.486831700000000183e+02,6.686166799999999739e+02,6.594924700000000257e+02
3.418584399999999857e+00,1.770900599999999940e+03,1.416690900000000056e+03,1.055434799999999996e+03,7.174758600000000115e+02,5.992487499999999727e+02,6.463204600000000255e+02,6.666222500000000082e+02,6.574222600000000511e+02
3.420547800000000027e+00,1.769034699999999930e+03,1.414795200000000023e+03,1.053450800000000072e+03,7.154518699999999853e+02,5.970942099999999755e+02,6.443130599999999504e+02,6.648480799999999817e+02,6.555883599999999660e+02
3.422511300000000034e+00,1.767084499999999935e+03,1.412828999999999951e+03,1.051418899999999894e+03,7.135048799999999574e+02,5.949665700000000470e+02,6.423330700000000206e+02,6.630892499999999927e+02,6.538147000000000162e+02
3.424474800000000041e+00,1.765125000000000000e+03,1.410841400000000021e+03,1.049365500000000111e+03,7.115618399999999610e+02,5.928205600000000004e+02,6.403415499999999838e+02,6.613160500000000184e+02,6.520661499999999933e+02
3.426298000000000066e+00,1.763404700000000048e+03,1.409131300000000010e+03,1.047733999999999924e+03,7.116786899999999605e+02,5.913344899999999598e+02,6.389020100000000184e+02,6.599167499999999791e+02,6.509017199999999548e+02
3.427991000000000010e+00,1.761674899999999980e+03,1.407424099999999953e+03,1.046154800000000023e+03,7.121388600000000224e+02,5.899631100000000288e+02,6.375780200000000377e+02,6.586094399999999496e+02,6.500494599999999537e+02
3.429683999999999955e+00,1.759847099999999955e+03,1.405566900000000032e+03,1.044284799999999905e+03,7.105002299999999877e+02,5.879193400000000338e+02,6.357148300000000063e+02,6.569421700000000328e+02,6.487783200000000079e+02
3.431376999999999899e+00,1.758142700000000104e+03,1.403823499999999967e+03,1.042521500000000060e+03,7.087043499999999767e+02,5.858421200000000226e+02,6.338213399999999638e+02,6.552437300000000278e+02,6.473653600000000097e+02
3.432928899999999839e+00,1.756664500000000089e+03,1.402365399999999909e+03,1.041264200000000073e+03,7.095791799999999512e+02,5.846145699999999579e+02,6.326263500000000022e+02,6.540056499999999460e+02,6.466236999999999853e+02
3.434480799999999778e+00,1.755062400000000025e+03,1.400747800000000097e+03,1.039689000000000078e+03,7.080438299999999572e+02,5.827343700000000126e+02,6.309224199999999882e+02,6.524775499999999511e+02,6.455167699999999513e+02
3.436032799999999998e+00,1.753522799999999961e+03,1.399174800000000005e+03,1.038143499999999904e+03,7.062834100000000035e+02,5.808014200000000073e+02,6.291690399999999954e+02,6.509021300000000565e+02,6.442438899999999649e+02
3.437584699999999938e+00,1.752007000000000062e+03,1.397631800000000112e+03,1.036637799999999970e+03,7.045071400000000494e+02,5.789174500000000307e+02,6.274587099999999964e+02,6.493600400000000263e+02,6.429014200000000301e+02
3.439136599999999877e+00,1.750492299999999886e+03,1.396094000000000051e+03,1.035140599999999949e+03,7.027305400000000191e+02,5.770801400000000285e+02,6.257804099999999607e+02,6.478336399999999458e+02,6.414909800000000359e+02
3.440688499999999816e+00,1.748997200000000021e+03,1.394577199999999948e+03,1.033657099999999900e+03,7.009716700000000174e+02,5.752792299999999841e+02,6.241361600000000180e+02,6.463456099999999651e+02,6.401086900000000242e+02
3.442240400000000200e+00,1.747488100000000031e+03,1.393049800000000005e+03,1.032159799999999905e+03,6.992261700000000246e+02,5.735083600000000388e+02,6.225113400000000183e+02,6.448651099999999587e+02,6.386982500000000300e+02
3.443792300000000139e+00,1.746016699999999901e+03,1.391556800000000067e+03,1.030681700000000092e+03,6.975160899999999629e+02,5.717536199999999553e+02,6.209020199999999932e+02,6.434091200000000299e+02,6.373418900000000349e+02
3.445344299999999915e+00,1.744515900000000101e+03,1.390040299999999888e+03,1.029181299999999965e+03,6.958213100000000395e+02,5.700114999999999554e+02,6.192980800000000272e+02,6.419511300000000347e+02,6.359453300000000127e+02
3.446896199999999855e+00,1.743010299999999916e+03,1.388547199999999975e+03,1.027693500000000085e+03,6.941406899999999496e+02,5.682721999999999980e+02,6.176946299999999610e+02,6.404945199999999659e+02,6.345359200000000328e+02
3.448448099999999794e+00,1.741565900000000056e+03,1.387065800000000081e+03,1.026196899999999914e+03,6.924856399999999894e+02,5.665463600000000497e+02,6.161003600000000233e+02,6.390438000000000329e+02,6.331324100000000499e+02
3.450000000000000178e+00,1.740092100000000073e+03,1.385567199999999957e+03,1.024679100000000062e+03,6.908353100000000495e+02,5.648262099999999464e+02,6.145098299999999654e+02,6.375907700000000204e+02,6.317273800000000392e+02
3.451428599999999847e+00,1.738779600000000073e+03,1.384286599999999908e+03,1.023628600000000006e+03,6.918059399999999641e+02,5.638715700000000197e+02,6.135761599999999589e+02,6.365836000000000467e+02,6.310621099999999615e+02
3.452857100000000123e+00,1.737277700000000095e+03,1.382763500000000022e+03,1.022108399999999961e+03,6.903914999999999509e+02,5.622368099999999913e+02,6.120757499999999709e+02,6.352125200000000405e+02,6.299888799999999947e+02
3.454285699999999792e+00,1.735861000000000104e+03,1.381345800000000054e+03,1.020705600000000004e+03,6.888755300000000261e+02,5.605755400000000463e+02,6.105547500000000127e+02,6.338237199999999802e+02,6.288128799999999501e+02
3.455714299999999906e+00,1.734452399999999898e+03,1.379952099999999973e+03,1.019336900000000014e+03,6.873422000000000480e+02,5.589237699999999904e+02,6.090329900000000407e+02,6.324218600000000379e+02,6.275392799999999625e+02
3.457098199999999899e+00,1.733141399999999976e+03,1.378650599999999940e+03,1.018140300000000025e+03,6.868073699999999917e+02,5.575978400000000192e+02,6.077936799999999948e+02,6.312111200000000508e+02,6.265428399999999556e+02
3.458482099999999893e+00,1.731760999999999967e+03,1.377259399999999914e+03,1.016762500000000045e+03,6.853257700000000341e+02,5.560292100000000346e+02,6.063490199999999959e+02,6.298738899999999603e+02,6.253777599999999666e+02
3.459913799999999817e+00,1.730364600000000110e+03,1.375828299999999899e+03,1.015252899999999954e+03,6.827383200000000443e+02,5.541669900000000553e+02,6.046494500000000016e+02,6.283610999999999649e+02,6.238616799999999785e+02
3.461345399999999906e+00,1.729031199999999899e+03,1.374481700000000046e+03,1.013897399999999948e+03,6.811002999999999474e+02,5.525797800000000279e+02,6.031747500000000173e+02,6.269906399999999849e+02,6.225059300000000349e+02
3.462725999999999971e+00,1.727783599999999979e+03,1.373250000000000000e+03,1.012760499999999979e+03,6.807211700000000292e+02,5.513807100000000219e+02,6.020313999999999623e+02,6.258440600000000131e+02,6.214999500000000126e+02
3.464106500000000199e+00,1.726423199999999952e+03,1.371883499999999913e+03,1.011379400000000032e+03,6.792871800000000349e+02,5.498807600000000093e+02,6.006315200000000232e+02,6.245330699999999524e+02,6.203213600000000270e+02
3.465542199999999795e+00,1.725022200000000112e+03,1.370440200000000004e+03,1.009777600000000007e+03,6.765570900000000165e+02,5.480281400000000076e+02,5.989241100000000415e+02,6.230104700000000548e+02,6.187631699999999455e+02
3.466978000000000115e+00,1.723704400000000078e+03,1.369107400000000098e+03,1.008400499999999965e+03,6.749536399999999503e+02,5.464773000000000138e+02,5.974690299999999752e+02,6.216399000000000115e+02,6.173830299999999625e+02
3.468413700000000155e+00,1.722354599999999891e+03,1.367749900000000025e+03,1.007006099999999947e+03,6.734530799999999999e+02,5.449919499999999744e+02,5.960699399999999741e+02,6.203058899999999767e+02,6.160312900000000127e+02
3.469849400000000195e+00,1.720979100000000017e+03,1.366357999999999947e+03,1.005561400000000049e+03,6.719343499999999949e+02,5.434790100000000166e+02,5.946496700000000146e+02,6.189582100000000082e+02,6.147171600000000353e+02
3.471285200000000071e+00,1.719634399999999914e+03,1.365000000000000000e+03,1.004154700000000048e+03,6.704764900000000125e+02,5.420003199999999879e+02,5.932581500000000005e+02,6.176267199999999775e+02,6.134132399999999734e+02
3.472720900000000110e+00,1.718244200000000092e+03,1.363599300000000085e+03,1.002707999999999970e+03,6.689969700000000330e+02,5.404871000000000549e+02,5.918330499999999574e+02,6.162676400000000285e+02,6.121099199999999882e+02
3.474156699999999987e+00,1.716900000000000091e+03,1.362244099999999889e+03,1.001302800000000047e+03,6.675637699999999768e+02,5.390052500000000464e+02,5.904335200000000441e+02,6.149235700000000406e+02,6.108057900000000018e+02
3.475592400000000026e+00,1.715520500000000084e+03,1.360853100000000040e+03,9.998626000000000431e+02,6.661038200000000415e+02,5.374918499999999995e+02,5.890029500000000553e+02,6.135524799999999459e+02,6.095055200000000468e+02
3.477028100000000066e+00,1.714179799999999886e+03,1.359498199999999997e+03,9.984578299999999444e+02,6.646841500000000451e+02,5.360161900000000514e+02,5.876075299999999970e+02,6.122050799999999526e+02,6.082131799999999657e+02
3.478463899999999942e+00,1.712791999999999916e+03,1.358096900000000005e+03,9.970098900000000413e+02,6.632286900000000287e+02,5.345095499999999902e+02,5.861823000000000548e+02,6.108310400000000300e+02,6.069173200000000179e+02
3.479899599999999982e+00,1.711467900000000100e+03,1.356757299999999987e+03,9.956178300000000263e+02,6.618206800000000385e+02,5.330398500000000013e+02,5.847911400000000413e+02,6.094812299999999823e+02,6.056325699999999870e+02
3.481335399999999858e+00,1.710116099999999960e+03,1.355391300000000001e+03,9.942155199999999695e+02,6.604027899999999818e+02,5.315450200000000223e+02,5.833736999999999853e+02,6.081076500000000351e+02,6.043440900000000511e+02
3.482771099999999898e+00,1.708804300000000012e+03,1.354063100000000077e+03,9.928362300000000005e+02,6.590050099999999702e+02,5.300877000000000407e+02,5.819880299999999806e+02,6.067528700000000299e+02,6.030571200000000545e+02
3.484206900000000218e+00,1.707427799999999934e+03,1.352668699999999944e+03,9.913980800000000499e+02,6.575604700000000093e+02,5.286014999999999873e+02,5.805735399999999800e+02,6.053741199999999480e+02,6.017706600000000208e+02
3.485642599999999813e+00,1.706095800000000054e+03,1.351326099999999997e+03,9.900117500000000064e+02,6.561614600000000337e+02,5.271533600000000206e+02,5.791892800000000534e+02,6.040133600000000342e+02,6.004854000000000269e+02
3.487078299999999853e+00,1.704714400000000069e+03,1.349936400000000049e+03,9.885848499999999603e+02,6.547276200000000017e+02,5.256748400000000174e+02,5.777733100000000377e+02,6.026249199999999746e+02,5.991958100000000513e+02
3.488514100000000173e+00,1.703409900000000107e+03,1.348610100000000102e+03,9.872048300000000154e+02,6.533307999999999538e+02,5.242310499999999820e+02,5.763875399999999445e+02,6.012577099999999746e+02,5.979172200000000430e+02
3.489949800000000213e+00,1.702036399999999958e+03,1.347223099999999931e+03,9.857782999999999447e+02,6.519008000000000038e+02,5.227625299999999697e+02,5.749721600000000308e+02,5.998628200000000561e+02,5.966293899999999439e+02
3.491385600000000089e+00,1.700747699999999895e+03,1.345917200000000093e+03,9.844489200000000437e+02,6.505533799999999474e+02,5.213258299999999963e+02,5.735796900000000278e+02,5.984823900000000094e+02,5.953509900000000243e+02
3.492821300000000129e+00,1.699360100000000102e+03,1.344512099999999919e+03,9.829994599999999991e+02,6.491024200000000519e+02,5.198608699999999772e+02,5.721551299999999856e+02,5.970714600000000019e+02,5.940612800000000107e+02
3.494257000000000168e+00,1.698056100000000015e+03,1.343185799999999972e+03,9.816208199999999806e+02,6.477091500000000224e+02,5.184266199999999571e+02,5.707499699999999621e+02,5.956712300000000369e+02,5.927758999999999787e+02
3.495692800000000044e+00,1.696675099999999929e+03,1.341788700000000063e+03,9.801855299999999716e+02,6.462747500000000400e+02,5.169645100000000184e+02,5.693102599999999711e+02,5.942401300000000219e+02,5.914809599999999818e+02
3.497128500000000084e+00,1.695375299999999925e+03,1.340471199999999953e+03,9.788264799999999468e+02,6.449018800000000056e+02,5.155394499999999880e+02,5.678965600000000222e+02,5.928245200000000068e+02,5.901911199999999553e+02
3.498564299999999960e+00,1.694059199999999919e+03,1.339137400000000071e+03,9.774510599999999840e+02,6.435126400000000331e+02,5.141029099999999517e+02,5.664729099999999562e+02,5.914039800000000469e+02,5.889149899999999889e+02
3.500000000000000000e+00,1.692694400000000087e+03,1.337760500000000093e+03,9.760427600000000439e+02,6.421028499999999894e+02,5.126592900000000554e+02,5.650358800000000201e+02,5.899632800000000543e+02,5.876146899999999960e+02
3.501515200000000050e+00,1.691331699999999955e+03,1.336329600000000028e+03,9.744008099999999786e+02,6.391533100000000331e+02,5.107921600000000240e+02,5.632250199999999722e+02,5.882723499999999603e+02,5.859058999999999742e+02
3.503030299999999819e+00,1.689984899999999925e+03,1.334954700000000003e+03,9.729540799999999763e+02,6.375805000000000291e+02,5.093215099999999893e+02,5.617535100000000057e+02,5.867831599999999526e+02,5.844432199999999966e+02
3.504545499999999869e+00,1.688578099999999949e+03,1.333531400000000076e+03,9.714793300000000045e+02,6.361233200000000352e+02,5.078768999999999778e+02,5.602946799999999712e+02,5.852982799999999770e+02,5.830235599999999749e+02
3.506228999999999818e+00,1.686975200000000086e+03,1.331824299999999994e+03,9.694214600000000246e+02,6.317784400000000460e+02,5.055662300000000187e+02,5.580534599999999728e+02,5.832536800000000312e+02,5.807959600000000364e+02
3.508131999999999806e+00,1.685196999999999889e+03,1.329925799999999981e+03,9.671122100000000046e+02,6.268703299999999672e+02,5.030187700000000177e+02,5.555808799999999792e+02,5.809864099999999780e+02,5.781527300000000196e+02
3.510035100000000075e+00,1.683689900000000080e+03,1.328377099999999928e+03,9.654066400000000385e+02,6.249927900000000136e+02,5.013821800000000053e+02,5.538929399999999532e+02,5.792357899999999518e+02,5.761448500000000195e+02
3.511851699999999799e+00,1.682071999999999889e+03,1.326776299999999992e+03,9.638097099999999955e+02,6.245054199999999582e+02,5.001686599999999885e+02,5.525877699999999777e+02,5.777720699999999852e+02,5.746412500000000136e+02
3.513668299999999967e+00,1.680367700000000013e+03,1.325054499999999962e+03,9.619972999999999956e+02,6.230789300000000139e+02,4.985738099999999804e+02,5.509435700000000224e+02,5.760738199999999551e+02,5.730498300000000427e+02
3.515484900000000135e+00,1.678649699999999939e+03,1.323311099999999897e+03,9.601572200000000521e+02,6.215558600000000524e+02,4.968706199999999740e+02,5.492011099999999715e+02,5.742885700000000497e+02,5.714525800000000118e+02
3.517301499999999859e+00,1.677014300000000048e+03,1.321640699999999924e+03,9.583887300000000096e+02,6.200608099999999467e+02,4.951509500000000230e+02,5.474433800000000474e+02,5.724929799999999886e+02,5.698610200000000532e+02
3.519118100000000027e+00,1.675327399999999898e+03,1.319906600000000026e+03,9.565734499999999798e+02,6.184976699999999710e+02,4.933968800000000101e+02,5.456581899999999905e+02,5.706714200000000119e+02,5.682534699999999930e+02
3.520934599999999914e+00,1.673689300000000003e+03,1.318268299999999954e+03,9.548540500000000293e+02,6.169739100000000462e+02,4.916517299999999864e+02,5.438765600000000404e+02,5.688559099999999944e+02,5.666667599999999538e+02
3.523010699999999940e+00,1.671538999999999987e+03,1.316012300000000096e+03,9.522931999999999562e+02,6.119424000000000206e+02,4.887330099999999788e+02,5.410334900000000289e+02,5.662559800000000223e+02,5.640548800000000256e+02
3.524938500000000197e+00,1.670184700000000021e+03,1.314636199999999917e+03,9.508939900000000307e+02,6.118226799999999912e+02,4.874183800000000133e+02,5.396128200000000561e+02,5.646725400000000263e+02,5.626098100000000386e+02
3.526866300000000010e+00,1.668260700000000043e+03,1.312722700000000032e+03,9.489484499999999798e+02,6.102142599999999675e+02,4.856613500000000272e+02,5.378034499999999980e+02,5.628394700000000057e+02,5.609447800000000370e+02
3.528794200000000103e+00,1.666595399999999927e+03,1.311002500000000055e+03,9.471487700000000132e+02,6.085988800000000083e+02,4.838274499999999989e+02,5.359220800000000509e+02,5.609633499999999913e+02,5.593156699999999546e+02
3.530721999999999916e+00,1.664840999999999894e+03,1.309193800000000010e+03,9.452813099999999622e+02,6.069180800000000318e+02,4.819760699999999929e+02,5.340237700000000132e+02,5.590793099999999640e+02,5.576850899999999456e+02
3.532649800000000173e+00,1.663149799999999914e+03,1.307461399999999912e+03,9.434872100000000046e+02,6.052660799999999881e+02,4.801175900000000070e+02,5.321104199999999764e+02,5.571878799999999501e+02,5.560564500000000407e+02
3.534818500000000085e+00,1.661058800000000019e+03,1.305269600000000082e+03,9.410519100000000208e+02,6.006203699999999799e+02,4.772238199999999892e+02,5.292590099999999893e+02,5.546193899999999530e+02,5.535487699999999904e+02
3.536987299999999834e+00,1.659305499999999938e+03,1.303461499999999887e+03,9.391396099999999478e+02,5.985586299999999937e+02,4.751904099999999858e+02,5.271583399999999529e+02,5.525685799999999972e+02,5.515633100000000013e+02
3.539156100000000027e+00,1.657390300000000025e+03,1.301520299999999907e+03,9.371328399999999874e+02,5.966745200000000295e+02,4.732123799999999960e+02,5.251043700000000172e+02,5.505577899999999545e+02,5.496496499999999514e+02
3.541324900000000220e+00,1.655539899999999989e+03,1.299633700000000090e+03,9.351697699999999713e+02,5.948718400000000202e+02,4.712187500000000000e+02,5.230300700000000234e+02,5.485427600000000439e+02,5.478062700000000405e+02
3.543493699999999968e+00,1.653596800000000030e+03,1.297659699999999930e+03,9.331328099999999495e+02,5.930347299999999677e+02,4.691788599999999860e+02,5.209044199999999591e+02,5.464900400000000218e+02,5.459778900000000021e+02
3.545662399999999881e+00,1.651720000000000027e+03,1.295742799999999988e+03,9.311463899999999967e+02,5.912307600000000321e+02,4.671311600000000226e+02,5.187621000000000322e+02,5.444306199999999762e+02,5.441724900000000389e+02
3.547831200000000074e+00,1.649773999999999887e+03,1.293769000000000005e+03,9.291263099999999895e+02,5.893943100000000186e+02,4.650605899999999906e+02,5.165867600000000266e+02,5.423419599999999718e+02,5.423523000000000138e+02
3.549999999999999822e+00,1.647845100000000002e+03,1.291803900000000112e+03,9.271113699999999653e+02,5.875486200000000281e+02,4.629897100000000023e+02,5.144111000000000331e+02,5.402627999999999702e+02,5.405507499999999936e+02
3.552173900000000106e+00,1.646019199999999955e+03,1.289927300000000059e+03,9.251631899999999860e+02,5.856720000000000255e+02,4.608617800000000102e+02,5.121706299999999601e+02,5.381358999999999924e+02,5.387190799999999626e+02
3.554347799999999946e+00,1.644027399999999943e+03,1.287910499999999956e+03,9.231264999999999645e+02,5.837837500000000546e+02,4.587735700000000065e+02,5.099762099999999805e+02,5.360689899999999852e+02,5.369349600000000464e+02
3.556521699999999786e+00,1.642199699999999893e+03,1.286039199999999937e+03,9.212031899999999496e+02,5.819461599999999635e+02,4.566550399999999854e+02,5.077395000000000209e+02,5.339674099999999726e+02,5.351329899999999498e+02
3.558695699999999906e+00,1.640290500000000065e+03,1.284097299999999905e+03,9.192351499999999760e+02,5.800767399999999725e+02,4.545432799999999816e+02,5.055163499999999885e+02,5.318929699999999912e+02,5.333524999999999636e+02
3.560869600000000190e+00,1.638411599999999908e+03,1.282180800000000090e+03,9.172899099999999635e+02,5.782100900000000365e+02,4.524100199999999745e+02,5.032688699999999926e+02,5.298088800000000447e+02,5.315643900000000031e+02
3.563315199999999905e+00,1.636158100000000104e+03,1.279834800000000087e+03,9.147619099999999435e+02,5.734862299999999777e+02,4.491726499999999760e+02,5.000446000000000026e+02,5.270399300000000267e+02,5.289220199999999750e+02
3.566137100000000171e+00,1.634067399999999907e+03,1.277577800000000025e+03,9.121817600000000539e+02,5.681937100000000100e+02,4.455444299999999771e+02,4.963971700000000169e+02,5.239237100000000282e+02,5.257692200000000184e+02
3.569215600000000155e+00,1.631162199999999984e+03,1.274650599999999940e+03,9.091640999999999622e+02,5.637569300000000112e+02,4.422480499999999779e+02,4.930025299999999788e+02,5.209591100000000097e+02,5.226464300000000094e+02
3.572636099999999981e+00,1.628355099999999993e+03,1.271746300000000019e+03,9.060422200000000430e+02,5.591241899999999987e+02,4.385933899999999994e+02,4.892172699999999850e+02,5.176739999999999782e+02,5.192006900000000087e+02
3.576545199999999980e+00,1.624923700000000053e+03,1.268251700000000028e+03,9.023581699999999728e+02,5.538449799999999641e+02,4.342934300000000007e+02,4.847884900000000243e+02,5.138935599999999795e+02,5.152965599999999995e+02
3.580454299999999979e+00,1.621767599999999902e+03,1.265033400000000029e+03,8.990051700000000210e+02,5.506441899999999805e+02,4.308311400000000049e+02,4.811129599999999868e+02,5.106931000000000154e+02,5.119663400000000024e+02
3.583711899999999950e+00,1.619343900000000076e+03,1.262658699999999953e+03,8.967001999999999953e+02,5.513977899999999863e+02,4.291729300000000080e+02,4.791042899999999918e+02,5.088387599999999793e+02,5.101559599999999932e+02
3.586969600000000202e+00,1.616553300000000036e+03,1.259838199999999915e+03,8.938108499999999594e+02,5.492571000000000367e+02,4.259717400000000112e+02,4.757289799999999786e+02,5.059748000000000161e+02,5.077395599999999831e+02
3.590227200000000174e+00,1.613699299999999994e+03,1.256917200000000093e+03,8.907944300000000339e+02,5.466832699999999932e+02,4.225724799999999846e+02,4.721669400000000110e+02,5.029585799999999836e+02,5.052158499999999890e+02
3.593484800000000146e+00,1.610981299999999919e+03,1.254135999999999967e+03,8.879367600000000493e+02,5.441268499999999904e+02,4.192151000000000067e+02,4.686275099999999725e+02,4.999629100000000221e+02,5.026588899999999853e+02
3.596742400000000117e+00,1.608258100000000013e+03,1.251357899999999972e+03,8.851318499999999858e+02,5.415240400000000136e+02,4.159106300000000260e+02,4.651509300000000167e+02,4.970245400000000018e+02,5.000991599999999835e+02
3.600000000000000089e+00,1.605577500000000100e+03,1.248630400000000009e+03,8.823855300000000170e+02,5.389169000000000551e+02,4.126539700000000153e+02,4.617384000000000128e+02,4.941424000000000092e+02,4.975569199999999910e+02
3.603571399999999869e+00,1.602527499999999918e+03,1.245487100000000055e+03,8.791657999999999902e+02,5.343034400000000232e+02,4.084953399999999988e+02,4.575441999999999894e+02,4.906340900000000147e+02,4.943034599999999728e+02
3.607440500000000050e+00,1.599373299999999972e+03,1.242268299999999954e+03,8.758955399999999827e+02,5.297607299999999668e+02,4.042380999999999744e+02,4.532515999999999963e+02,4.870002299999999877e+02,4.907847600000000057e+02
3.611309499999999950e+00,1.596325000000000045e+03,1.239171800000000076e+03,8.727784500000000207e+02,5.266205400000000054e+02,4.006329000000000065e+02,4.495649900000000230e+02,4.838395499999999743e+02,4.876263000000000147e+02
3.615608500000000003e+00,1.592826700000000073e+03,1.235581599999999980e+03,8.691096199999999499e+02,5.216078300000000354e+02,3.959405699999999797e+02,4.448895699999999920e+02,4.798700600000000236e+02,4.837094399999999723e+02
3.619907400000000219e+00,1.589511199999999917e+03,1.232182099999999991e+03,8.656752500000000055e+02,5.182189399999999750e+02,3.919750199999999722e+02,4.409232900000000086e+02,4.764859500000000025e+02,4.802662500000000136e+02
3.624206299999999992e+00,1.586224500000000035e+03,1.228849200000000110e+03,8.623129400000000260e+02,5.150661800000000312e+02,3.880454100000000039e+02,4.369990900000000238e+02,4.731293999999999755e+02,4.769008200000000102e+02
3.628505300000000044e+00,1.582888300000000072e+03,1.225464500000000044e+03,8.588925699999999779e+02,5.118746199999999931e+02,3.840663700000000063e+02,4.330619699999999739e+02,4.697633500000000026e+02,4.736208599999999933e+02
3.632804199999999817e+00,1.579569700000000012e+03,1.222094499999999925e+03,8.554869700000000421e+02,5.086674699999999802e+02,3.800742099999999937e+02,4.291347400000000221e+02,4.664021299999999997e+02,4.703965900000000033e+02
3.636243400000000126e+00,1.577301500000000033e+03,1.219852599999999939e+03,8.533500000000000227e+02,5.102782000000000266e+02,3.784205999999999790e+02,4.273296700000000214e+02,4.648095500000000015e+02,4.689511100000000283e+02
3.639682500000000154e+00,1.574462899999999991e+03,1.216950199999999995e+03,8.504150100000000521e+02,5.078217099999999959e+02,3.750764699999999721e+02,4.239951899999999796e+02,4.619036399999999958e+02,4.665718899999999962e+02
3.643121700000000018e+00,1.571880900000000111e+03,1.214292099999999891e+03,8.477208299999999781e+02,5.051549099999999726e+02,3.716176100000000133e+02,4.206354000000000042e+02,4.589759399999999800e+02,4.641636199999999803e+02
3.646560800000000047e+00,1.569075700000000097e+03,1.211415799999999990e+03,8.448519499999999880e+02,5.022602499999999850e+02,3.682060200000000236e+02,4.173971700000000169e+02,4.561301100000000019e+02,4.616721499999999878e+02
3.649999999999999911e+00,1.566624099999999999e+03,1.208905799999999999e+03,8.423484200000000328e+02,4.996090199999999868e+02,3.649458500000000072e+02,4.142832700000000159e+02,4.533945499999999811e+02,4.592246000000000095e+02
3.653333299999999895e+00,1.564048700000000053e+03,1.206288299999999936e+03,8.398016000000000076e+02,4.975160099999999943e+02,3.620335400000000163e+02,4.115450099999999907e+02,4.509732999999999947e+02,4.570013299999999958e+02
3.656666700000000159e+00,1.561696799999999939e+03,1.203885700000000043e+03,8.374160399999999527e+02,4.950181299999999851e+02,3.589750799999999913e+02,4.086344399999999837e+02,4.483847499999999968e+02,4.546573099999999954e+02
3.659761899999999901e+00,1.559507700000000114e+03,1.201664700000000039e+03,8.352867300000000341e+02,4.941292799999999943e+02,3.566410300000000007e+02,4.064044499999999971e+02,4.463713599999999815e+02,4.528751300000000128e+02
3.662857100000000088e+00,1.557215599999999995e+03,1.199323000000000093e+03,8.329696800000000394e+02,4.917927599999999870e+02,3.538207100000000196e+02,4.037223200000000247e+02,4.439549000000000092e+02,4.507613200000000120e+02
3.666233800000000098e+00,1.554655600000000049e+03,1.196686799999999948e+03,8.303095899999999574e+02,4.874143799999999942e+02,3.501929600000000278e+02,4.003391700000000242e+02,4.409227200000000266e+02,4.479608400000000188e+02
3.669303399999999993e+00,1.552624199999999973e+03,1.194644199999999955e+03,8.283715099999999438e+02,4.868715199999999754e+02,3.480987700000000018e+02,3.983826799999999935e+02,4.391376599999999826e+02,4.462835000000000036e+02
3.672373100000000168e+00,1.550444999999999936e+03,1.192427799999999934e+03,8.261809399999999641e+02,4.846908399999999801e+02,3.455002600000000257e+02,3.959102100000000064e+02,4.368745799999999804e+02,4.442258400000000051e+02
3.675442700000000062e+00,1.548260399999999890e+03,1.190202299999999923e+03,8.239803600000000188e+02,4.823679000000000201e+02,3.428535800000000222e+02,3.934122800000000097e+02,4.345882899999999722e+02,4.421531800000000203e+02
3.678171299999999810e+00,1.546413800000000037e+03,1.188347899999999981e+03,8.222926499999999805e+02,4.828689200000000028e+02,3.412973999999999819e+02,3.919164900000000102e+02,4.331659599999999841e+02,4.409567999999999870e+02
3.680899900000000002e+00,1.544479000000000042e+03,1.186370799999999917e+03,8.203304799999999659e+02,4.809421600000000012e+02,3.389399700000000166e+02,3.896653099999999768e+02,4.310628899999999817e+02,4.392220800000000054e+02
3.683628500000000194e+00,1.542497399999999971e+03,1.184348199999999906e+03,8.183377299999999650e+02,4.787721799999999917e+02,3.365142500000000041e+02,3.873747399999999743e+02,4.289215300000000184e+02,4.374147699999999759e+02
3.686357099999999942e+00,1.540603900000000067e+03,1.182409499999999980e+03,8.164256699999999682e+02,4.766432199999999852e+02,3.341374200000000201e+02,3.851479600000000119e+02,4.268305300000000102e+02,4.355931600000000117e+02
3.689085700000000134e+00,1.538734600000000000e+03,1.180499399999999923e+03,8.145442399999999452e+02,4.745487899999999968e+02,3.318351400000000240e+02,3.829873999999999796e+02,4.247906899999999837e+02,4.337699000000000069e+02
3.691814200000000046e+00,1.536921800000000076e+03,1.178648100000000113e+03,8.127058200000000170e+02,4.725013200000000211e+02,3.296073200000000156e+02,3.808729799999999841e+02,4.227823900000000208e+02,4.319546599999999899e+02
3.694542799999999794e+00,1.534967300000000023e+03,1.176680800000000090e+03,8.107772499999999809e+02,4.704438000000000102e+02,3.274534300000000258e+02,3.788122999999999934e+02,4.208157199999999989e+02,4.301517900000000054e+02
3.697271399999999986e+00,1.533231800000000021e+03,1.174912700000000086e+03,8.090047499999999445e+02,4.685095400000000154e+02,3.253339500000000157e+02,3.767528699999999731e+02,4.188249099999999885e+02,4.283315000000000055e+02
3.700000000000000178e+00,1.531326600000000099e+03,1.172994200000000092e+03,8.071108900000000403e+02,4.665358299999999758e+02,3.232600899999999911e+02,3.747341900000000123e+02,4.168657299999999850e+02,4.265295899999999847e+02
3.702631600000000134e+00,1.529604900000000043e+03,1.171256599999999935e+03,8.054248999999999796e+02,4.654897100000000023e+02,3.215251099999999838e+02,3.730171100000000024e+02,4.151562500000000000e+02,4.250038000000000125e+02
3.705124699999999827e+00,1.528034599999999955e+03,1.169672499999999900e+03,8.039307700000000523e+02,4.650655600000000049e+02,3.200249200000000087e+02,3.715064300000000230e+02,4.136101199999999949e+02,4.237147699999999872e+02
3.707617700000000127e+00,1.526267499999999927e+03,1.167894399999999905e+03,8.021938699999999471e+02,4.633611999999999966e+02,3.180951200000000085e+02,3.695952899999999772e+02,4.117093800000000101e+02,4.221187499999999773e+02
3.710110799999999820e+00,1.524587700000000041e+03,1.166189200000000028e+03,8.004883599999999433e+02,4.615693299999999795e+02,3.161483200000000124e+02,3.676709799999999859e+02,4.097997599999999920e+02,4.204989100000000235e+02
3.712603899999999957e+00,1.522946999999999889e+03,1.164525399999999991e+03,7.988314100000000053e+02,4.598099700000000212e+02,3.142372599999999920e+02,3.657856699999999819e+02,4.079218000000000188e+02,4.188753300000000195e+02
3.714941099999999885e+00,1.521528600000000097e+03,1.163096600000000080e+03,7.975121799999999439e+02,4.597236899999999764e+02,3.129441699999999855e+02,3.644794499999999857e+02,4.065573200000000043e+02,4.177745400000000018e+02
3.717278400000000094e+00,1.519859099999999899e+03,1.161421599999999899e+03,7.958848000000000411e+02,4.581480700000000184e+02,3.111589099999999917e+02,3.627227300000000128e+02,4.047954700000000230e+02,4.163136400000000208e+02
3.719615699999999858e+00,1.518369999999999891e+03,1.159906400000000076e+03,7.943750499999999874e+02,4.565234300000000189e+02,3.093511899999999741e+02,3.609358599999999910e+02,4.030247699999999895e+02,4.148334399999999960e+02
3.721952899999999786e+00,1.516893199999999979e+03,1.158407999999999902e+03,7.928899099999999862e+02,4.549094000000000051e+02,3.075629599999999755e+02,3.591703400000000101e+02,4.012612300000000118e+02,4.133268600000000106e+02
3.724290199999999995e+00,1.515312599999999975e+03,1.156821999999999889e+03,7.913367100000000391e+02,4.532766399999999862e+02,3.058267999999999915e+02,3.574459400000000073e+02,3.995447300000000155e+02,4.118292700000000082e+02
3.726627399999999923e+00,1.513858400000000074e+03,1.155351400000000012e+03,7.898774399999999787e+02,4.517215199999999982e+02,3.041359199999999987e+02,3.557495200000000182e+02,3.978405500000000075e+02,4.103247499999999945e+02
3.728964700000000132e+00,1.512355299999999943e+03,1.153842200000000048e+03,7.883884000000000469e+02,4.501741999999999848e+02,3.024785699999999906e+02,3.540745299999999816e+02,3.961624299999999721e+02,4.088271899999999732e+02
3.731301900000000060e+00,1.510910300000000007e+03,1.152383199999999988e+03,7.869374099999999999e+02,4.486721999999999753e+02,3.008410999999999831e+02,3.524089500000000044e+02,3.944820700000000215e+02,4.073135800000000017e+02
3.733639199999999825e+00,1.509403700000000072e+03,1.150870499999999993e+03,7.854381300000000010e+02,4.471643100000000004e+02,2.992278800000000274e+02,3.507542799999999943e+02,3.928230399999999918e+02,4.058067100000000096e+02
3.735976500000000033e+00,1.507975200000000086e+03,1.149432800000000043e+03,7.840097299999999905e+02,4.457173599999999851e+02,2.976193099999999845e+02,3.491012099999999805e+02,3.911707099999999855e+02,4.043214399999999955e+02
3.738313699999999962e+00,1.506533799999999928e+03,1.147983300000000099e+03,7.825617899999999736e+02,4.442817499999999882e+02,2.960209100000000149e+02,3.474511100000000283e+02,3.895346400000000244e+02,4.028587400000000116e+02
3.740651000000000170e+00,1.505096299999999928e+03,1.146535300000000007e+03,7.811139600000000200e+02,4.428585499999999797e+02,2.944274300000000153e+02,3.457946299999999837e+02,3.879012200000000234e+02,4.014103200000000129e+02
3.742988200000000099e+00,1.503658699999999953e+03,1.145092399999999998e+03,7.796779800000000478e+02,4.414548899999999776e+02,2.928384100000000103e+02,3.441367700000000127e+02,3.862710500000000025e+02,3.999789999999999850e+02
3.745325499999999863e+00,1.502285200000000032e+03,1.143704999999999927e+03,7.782856100000000197e+02,4.400890099999999734e+02,2.912461599999999748e+02,3.424694099999999821e+02,3.846381600000000276e+02,3.985676500000000146e+02
3.747662699999999791e+00,1.500854100000000017e+03,1.142271300000000110e+03,7.768550999999999931e+02,4.387055500000000166e+02,2.896601299999999810e+02,3.408048600000000192e+02,3.830094599999999900e+02,3.971590199999999982e+02
3.750000000000000000e+00,1.499509499999999889e+03,1.140913199999999961e+03,7.754879100000000562e+02,4.373708300000000122e+02,2.880733299999999986e+02,3.391376599999999826e+02,3.813752400000000193e+02,3.957681999999999789e+02
3.752173899999999840e+00,1.498320600000000013e+03,1.139731700000000046e+03,7.744369199999999864e+02,4.378531100000000151e+02,2.871869800000000055e+02,3.381472899999999981e+02,3.803042500000000246e+02,3.949739599999999768e+02
3.754347800000000124e+00,1.497021099999999933e+03,1.138420599999999922e+03,7.731423600000000533e+02,4.367212799999999788e+02,2.856788700000000176e+02,3.365489200000000096e+02,3.787218899999999735e+02,3.937244699999999966e+02
3.756521699999999964e+00,1.495687500000000000e+03,1.137075700000000097e+03,7.718080300000000307e+02,4.354116700000000151e+02,2.841311499999999910e+02,3.348947099999999750e+02,3.770983100000000263e+02,3.924340199999999754e+02
3.758695700000000084e+00,1.494423800000000028e+03,1.135797100000000000e+03,7.705371699999999464e+02,4.341218999999999824e+02,2.826168999999999869e+02,3.332718600000000038e+02,3.754937800000000152e+02,3.911439799999999991e+02
3.760869599999999924e+00,1.493171900000000051e+03,1.134532899999999927e+03,7.692837500000000546e+02,4.328450000000000273e+02,2.811476200000000176e+02,3.316945200000000114e+02,3.739300600000000259e+02,3.898804000000000087e+02
3.763043500000000208e+00,1.491936599999999999e+03,1.133283799999999928e+03,7.680306000000000495e+02,4.315862000000000194e+02,2.797059899999999857e+02,3.301425800000000095e+02,3.723869300000000067e+02,3.886172100000000000e+02
3.765096600000000127e+00,1.490903000000000020e+03,1.132256699999999910e+03,7.671520799999999554e+02,4.318571299999999837e+02,2.788138799999999833e+02,3.291390099999999848e+02,3.713019499999999766e+02,3.878536199999999781e+02
3.767149799999999882e+00,1.489680299999999988e+03,1.131029700000000048e+03,7.659700500000000147e+02,4.307661400000000071e+02,2.774323999999999728e+02,3.276398699999999735e+02,3.698210199999999759e+02,3.866966600000000085e+02
3.769202899999999801e+00,1.488508599999999888e+03,1.129845000000000027e+03,7.648054700000000139e+02,4.295740099999999870e+02,2.760169900000000212e+02,3.260957999999999970e+02,3.683177999999999770e+02,3.855342499999999859e+02
3.771256000000000164e+00,1.487349799999999959e+03,1.128676099999999906e+03,7.636562900000000127e+02,4.283805500000000279e+02,2.746175600000000259e+02,3.245566799999999716e+02,3.668314500000000180e+02,3.843687899999999900e+02
3.773309199999999919e+00,1.486239100000000008e+03,1.127553300000000036e+03,7.625538800000000492e+02,4.272262900000000059e+02,2.732414800000000241e+02,3.230207599999999957e+02,3.653736799999999789e+02,3.832345900000000256e+02
3.775362299999999838e+00,1.485086999999999989e+03,1.126398799999999937e+03,7.614275199999999586e+02,4.260654400000000237e+02,2.718831700000000069e+02,3.215081299999999942e+02,3.639371600000000058e+02,3.820995599999999968e+02
3.777415500000000037e+00,1.484012099999999919e+03,1.125313300000000027e+03,7.603523699999999508e+02,4.249535300000000007e+02,2.705424300000000244e+02,3.199945200000000227e+02,3.625172900000000027e+02,3.809860899999999901e+02
3.779468599999999956e+00,1.482876400000000103e+03,1.124174500000000080e+03,7.592269000000000005e+02,4.238295899999999961e+02,2.692089599999999905e+02,3.185041499999999814e+02,3.611188500000000090e+02,3.798752400000000193e+02
3.781521699999999875e+00,1.481784799999999905e+03,1.123080200000000104e+03,7.581625199999999722e+02,4.227452200000000175e+02,2.678835500000000138e+02,3.170212500000000091e+02,3.597293300000000045e+02,3.787679600000000164e+02
3.783574900000000074e+00,1.480688799999999901e+03,1.121980999999999995e+03,7.570823500000000195e+02,4.216707599999999729e+02,2.665629400000000260e+02,3.155532200000000103e+02,3.583549899999999866e+02,3.776744800000000168e+02
3.785627999999999993e+00,1.479606700000000046e+03,1.120896099999999933e+03,7.560158800000000383e+02,4.206162699999999859e+02,2.652450499999999920e+02,3.140883900000000040e+02,3.569832200000000171e+02,3.765840299999999843e+02
3.787681200000000192e+00,1.478524100000000089e+03,1.119811099999999897e+03,7.549461400000000140e+02,4.195737599999999929e+02,2.639303100000000200e+02,3.126324200000000246e+02,3.556225200000000086e+02,3.755003800000000069e+02
3.789734300000000111e+00,1.477455400000000054e+03,1.118738700000000108e+03,7.538773400000000038e+02,4.185480999999999767e+02,2.626170799999999872e+02,3.111803800000000138e+02,3.542669799999999896e+02,3.744189700000000016e+02
3.791787400000000030e+00,1.476387799999999970e+03,1.117668899999999894e+03,7.528145100000000411e+02,4.175342200000000048e+02,2.613062499999999773e+02,3.097360600000000090e+02,3.529221800000000258e+02,3.733424800000000232e+02
3.793840599999999785e+00,1.475337500000000091e+03,1.116616199999999935e+03,7.517712999999999965e+02,4.165374199999999973e+02,2.599978600000000029e+02,3.082975999999999885e+02,3.515894900000000121e+02,3.723011399999999753e+02
3.795893700000000148e+00,1.474316000000000031e+03,1.115593499999999949e+03,7.507566000000000486e+02,4.155668999999999755e+02,2.586886700000000019e+02,3.068618799999999851e+02,3.502524599999999850e+02,3.712282400000000280e+02
3.797946899999999903e+00,1.473246200000000044e+03,1.114530799999999999e+03,7.497115499999999884e+02,4.145840000000000032e+02,2.573878399999999829e+02,3.054264800000000264e+02,3.489188599999999951e+02,3.701605299999999943e+02
3.799999999999999822e+00,1.472202700000000050e+03,1.113502300000000105e+03,7.486951599999999871e+02,4.136200900000000047e+02,2.560782300000000191e+02,3.039867899999999850e+02,3.475803599999999847e+02,3.690957500000000095e+02
3.802173900000000106e+00,1.471066399999999931e+03,1.112298900000000003e+03,7.473970399999999472e+02,4.112478399999999965e+02,2.542930499999999938e+02,3.020231899999999996e+02,3.458098499999999831e+02,3.675569199999999910e+02
3.804347799999999946e+00,1.470054000000000087e+03,1.111274699999999939e+03,7.463669899999999870e+02,4.101833899999999744e+02,2.529639799999999923e+02,3.005808099999999854e+02,3.444679199999999923e+02,3.664580900000000270e+02
3.806521699999999786e+00,1.469001199999999926e+03,1.110233199999999897e+03,7.453341299999999592e+02,4.092463500000000067e+02,2.516758199999999874e+02,2.991662999999999784e+02,3.431537700000000086e+02,3.653815700000000106e+02
3.808695699999999906e+00,1.467904700000000048e+03,1.109169000000000096e+03,7.442828500000000531e+02,4.083211099999999760e+02,2.503820900000000051e+02,2.977243199999999774e+02,3.418272099999999796e+02,3.643127000000000066e+02
3.810869600000000190e+00,1.466976499999999987e+03,1.108182600000000093e+03,7.432835300000000416e+02,4.074365199999999732e+02,2.490575200000000109e+02,2.962571399999999926e+02,3.404822399999999902e+02,3.632274400000000014e+02
3.813043500000000030e+00,1.465915099999999939e+03,1.107103599999999915e+03,7.422132800000000543e+02,4.065065000000000168e+02,2.477297800000000052e+02,2.947858299999999758e+02,3.391484800000000064e+02,3.621604699999999752e+02
3.815217399999999870e+00,1.464897600000000011e+03,1.106084100000000035e+03,7.411980399999999918e+02,4.056115399999999909e+02,2.463953400000000045e+02,2.933119500000000244e+02,3.378123899999999935e+02,3.610582499999999868e+02
3.817536200000000157e+00,1.463643600000000106e+03,1.104820400000000063e+03,7.398493799999999965e+02,4.031585099999999784e+02,2.445369100000000060e+02,2.912602800000000229e+02,3.359984000000000037e+02,3.594894499999999766e+02
3.819700500000000165e+00,1.462858799999999974e+03,1.104042200000000093e+03,7.391631099999999606e+02,4.037862799999999766e+02,2.437292799999999886e+02,2.904210199999999986e+02,3.352120199999999954e+02,3.589303699999999822e+02
3.822031200000000073e+00,1.461576600000000099e+03,1.102751299999999901e+03,7.377910299999999779e+02,4.012488500000000045e+02,2.418492400000000089e+02,2.883344299999999976e+02,3.333702599999999734e+02,3.573014800000000264e+02
3.824361899999999981e+00,1.460551200000000108e+03,1.101719299999999976e+03,7.367538799999999810e+02,4.002122800000000211e+02,2.404693100000000072e+02,2.868480799999999817e+02,3.320357599999999820e+02,3.561697300000000155e+02
3.826692700000000169e+00,1.459525399999999991e+03,1.100692700000000059e+03,7.357353000000000520e+02,3.993252600000000143e+02,2.391393700000000138e+02,2.854163300000000163e+02,3.307577499999999873e+02,3.550830100000000016e+02
3.829023400000000077e+00,1.458478800000000092e+03,1.099643600000000106e+03,7.346995899999999438e+02,3.984440500000000043e+02,2.378095299999999952e+02,2.839717999999999734e+02,3.294685900000000061e+02,3.539969300000000203e+02
3.831354099999999985e+00,1.457443899999999985e+03,1.098606800000000021e+03,7.336742299999999659e+02,3.975660300000000120e+02,2.364706700000000126e+02,2.825088600000000270e+02,3.281620800000000031e+02,3.529078299999999899e+02
3.833684900000000173e+00,1.456414199999999937e+03,1.097572799999999916e+03,7.326536200000000463e+02,3.966871899999999869e+02,2.351297099999999887e+02,2.810371499999999969e+02,3.268464200000000233e+02,3.518215299999999957e+02
3.836015600000000081e+00,1.455394000000000005e+03,1.096545900000000074e+03,7.316430500000000166e+02,3.958079099999999926e+02,2.337897100000000137e+02,2.795637300000000209e+02,3.255292900000000031e+02,3.507459099999999808e+02
3.838346299999999989e+00,1.454324599999999919e+03,1.095480700000000070e+03,7.306088300000000118e+02,3.949094600000000241e+02,2.324588599999999872e+02,2.780957999999999970e+02,3.242013200000000097e+02,3.496411499999999819e+02
3.840677100000000177e+00,1.453337700000000041e+03,1.094483899999999949e+03,7.296250999999999749e+02,3.940352800000000002e+02,2.311341600000000085e+02,2.766235199999999850e+02,3.228421099999999910e+02,3.485510899999999879e+02
3.843007800000000085e+00,1.452300999999999931e+03,1.093446899999999914e+03,7.286171299999999746e+02,3.931402299999999741e+02,2.298214299999999923e+02,2.751570699999999761e+02,3.214673399999999788e+02,3.474387500000000273e+02
3.845338499999999993e+00,1.451340999999999894e+03,1.092481999999999971e+03,7.276703899999999976e+02,3.922764099999999985e+02,2.285126099999999951e+02,2.737002499999999827e+02,3.201030600000000277e+02,3.463440400000000068e+02
3.847669300000000181e+00,1.450308099999999968e+03,1.091446599999999989e+03,7.266698900000000094e+02,3.913771600000000035e+02,2.272177599999999984e+02,2.722576399999999808e+02,3.187495799999999804e+02,3.452397100000000023e+02
3.850000000000000089e+00,1.449373700000000099e+03,1.090507399999999961e+03,7.257495300000000498e+02,3.905230000000000246e+02,2.259338899999999910e+02,2.708294300000000021e+02,3.174214499999999930e+02,3.441614099999999894e+02
3.852380999999999833e+00,1.448287000000000035e+03,1.089414899999999989e+03,7.246679699999999684e+02,3.891283900000000244e+02,2.245023799999999881e+02,2.692268500000000131e+02,3.159269100000000208e+02,3.428954899999999952e+02
3.854761900000000185e+00,1.447337399999999889e+03,1.088462299999999914e+03,7.237365499999999656e+02,3.882311599999999885e+02,2.232260699999999929e+02,2.678231499999999983e+02,3.146257699999999886e+02,3.418048499999999876e+02
3.857275099999999846e+00,1.446166600000000017e+03,1.087285900000000083e+03,7.225310600000000250e+02,3.861254799999999818e+02,2.215855999999999995e+02,2.659841700000000060e+02,3.129074400000000082e+02,3.402873399999999720e+02
3.859788399999999786e+00,1.445171499999999924e+03,1.086290799999999990e+03,7.215675999999999704e+02,3.851804599999999823e+02,2.202947800000000029e+02,2.645987700000000018e+02,3.116251700000000255e+02,3.391528099999999881e+02
3.862301599999999890e+00,1.444219900000000052e+03,1.085319300000000112e+03,7.206134399999999687e+02,3.843465499999999793e+02,2.190375799999999913e+02,2.632419699999999807e+02,3.103691499999999905e+02,3.380582999999999743e+02
3.864657699999999974e+00,1.443399300000000039e+03,1.084542099999999891e+03,7.199192000000000462e+02,3.850037800000000061e+02,2.182376099999999894e+02,2.624273099999999772e+02,3.096258199999999761e+02,3.374619400000000269e+02
3.867182199999999792e+00,1.442199499999999944e+03,1.083319899999999961e+03,7.186402000000000498e+02,3.826654700000000275e+02,2.165223499999999888e+02,2.604428500000000213e+02,3.077339400000000182e+02,3.358649300000000153e+02
3.869706600000000218e+00,1.441138099999999895e+03,1.082269800000000032e+03,7.176231900000000223e+02,3.816416800000000080e+02,2.151716199999999901e+02,2.590027499999999918e+02,3.063710599999999999e+02,3.347008999999999901e+02
3.872231100000000037e+00,1.440254500000000007e+03,1.081363499999999931e+03,7.167027799999999615e+02,3.807874899999999911e+02,2.138792799999999943e+02,2.576277699999999982e+02,3.050720000000000027e+02,3.336209799999999746e+02
3.874755500000000019e+00,1.439193600000000060e+03,1.080321599999999989e+03,7.156961700000000519e+02,3.799037200000000212e+02,2.126081900000000076e+02,2.562664399999999887e+02,3.037722600000000170e+02,3.325232399999999870e+02
3.877050500000000177e+00,1.438523100000000113e+03,1.079676200000000108e+03,7.151702699999999595e+02,3.812995599999999854e+02,2.119871100000000013e+02,2.557203299999999899e+02,3.032769799999999805e+02,3.322201000000000022e+02
3.879600400000000171e+00,1.437183800000000019e+03,1.078315700000000106e+03,7.137311300000000074e+02,3.780748399999999947e+02,2.100687200000000132e+02,2.534562500000000114e+02,3.010410400000000095e+02,3.303547100000000114e+02
3.882150400000000001e+00,1.436190000000000055e+03,1.077338400000000092e+03,7.127754200000000537e+02,3.769985899999999788e+02,2.087252599999999916e+02,2.520292399999999873e+02,2.996469500000000039e+02,3.291815500000000156e+02
3.884700299999999995e+00,1.435250600000000077e+03,1.076410900000000083e+03,7.118752600000000257e+02,3.761488499999999817e+02,2.074688099999999906e+02,2.507209000000000003e+02,2.983677400000000262e+02,3.281030999999999835e+02
3.887250299999999825e+00,1.434278700000000072e+03,1.075413900000000012e+03,7.109218799999999874e+02,3.752941900000000146e+02,2.062321499999999901e+02,2.494183400000000006e+02,2.970792400000000271e+02,3.270053500000000213e+02
3.889800199999999819e+00,1.433421199999999999e+03,1.074490199999999959e+03,7.100118999999999687e+02,3.744574700000000007e+02,2.049923400000000129e+02,2.480985000000000014e+02,2.957574900000000184e+02,3.259020399999999995e+02
3.892350200000000093e+00,1.432352200000000039e+03,1.073444700000000012e+03,7.090189400000000433e+02,3.735850100000000111e+02,2.037607800000000111e+02,2.467794499999999971e+02,2.944229000000000269e+02,3.247745499999999765e+02
3.894900100000000087e+00,1.431445500000000038e+03,1.072527199999999993e+03,7.081163400000000365e+02,3.727625300000000266e+02,2.025285800000000052e+02,2.454565399999999897e+02,2.930779999999999745e+02,3.236724800000000073e+02
3.897450099999999917e+00,1.430464400000000069e+03,1.071551600000000008e+03,7.071793599999999742e+02,3.719256599999999935e+02,2.013125599999999906e+02,2.441399999999999864e+02,2.917266599999999812e+02,3.225504599999999868e+02
3.899999999999999911e+00,1.429541400000000067e+03,1.070626600000000053e+03,7.062863800000000083e+02,3.711164800000000241e+02,2.000988099999999861e+02,2.428312799999999925e+02,2.903742599999999925e+02,3.214318700000000035e+02
3.902499999999999858e+00,1.428666699999999992e+03,1.069758499999999913e+03,7.054771399999999630e+02,3.707601999999999975e+02,1.990134999999999934e+02,2.416899699999999882e+02,2.891932100000000219e+02,3.204710200000000100e+02
3.904659099999999938e+00,1.428217100000000073e+03,1.069320799999999963e+03,7.052369200000000546e+02,3.735696399999999926e+02,1.987260100000000023e+02,2.416553099999999858e+02,2.891733199999999897e+02,3.206381799999999771e+02
3.906818200000000019e+00,1.427242299999999886e+03,1.068334100000000035e+03,7.043320300000000316e+02,3.729311200000000213e+02,1.976495500000000050e+02,2.403642900000000111e+02,2.877925099999999929e+02,3.196887199999999893e+02
3.908977300000000099e+00,1.426302200000000084e+03,1.067399899999999889e+03,7.034720099999999547e+02,3.720224699999999984e+02,1.964965300000000070e+02,2.389828300000000070e+02,2.863254600000000210e+02,3.186434499999999730e+02
3.911256299999999797e+00,1.425320500000000038e+03,1.066416099999999915e+03,7.024735100000000330e+02,3.698218100000000277e+02,1.950580199999999991e+02,2.372460700000000031e+02,2.844852999999999952e+02,3.171748900000000049e+02
3.913535400000000219e+00,1.424583000000000084e+03,1.065653800000000047e+03,7.017787600000000339e+02,3.689408799999999928e+02,1.939332799999999963e+02,2.360318599999999947e+02,2.832157000000000266e+02,3.161477699999999800e+02
3.915561199999999964e+00,1.424277399999999943e+03,1.065303799999999910e+03,7.016302299999999832e+02,3.711750400000000241e+02,1.935305199999999957e+02,2.358862599999999929e+02,2.830866399999999885e+02,3.161971399999999903e+02
3.917713599999999907e+00,1.423169100000000071e+03,1.064211800000000039e+03,7.005763399999999592e+02,3.690067500000000109e+02,1.922414599999999893e+02,2.342810299999999870e+02,2.813563199999999824e+02,3.148078300000000240e+02
3.919865999999999850e+00,1.422391000000000076e+03,1.063439800000000105e+03,6.998672100000000000e+02,3.681218099999999822e+02,1.911895600000000002e+02,2.330901900000000069e+02,2.800959500000000162e+02,3.138232899999999859e+02
3.922018399999999794e+00,1.421676899999999932e+03,1.062730299999999943e+03,6.992164800000000469e+02,3.674086100000000101e+02,1.901915199999999970e+02,2.319959100000000092e+02,2.789345500000000015e+02,3.128896700000000237e+02
3.924170900000000017e+00,1.420946200000000090e+03,1.062008199999999988e+03,6.985582500000000437e+02,3.667260400000000118e+02,1.892185100000000091e+02,2.309304500000000075e+02,2.778017800000000079e+02,3.119690699999999879e+02
3.926323299999999961e+00,1.420193800000000010e+03,1.061268800000000056e+03,6.978849500000000035e+02,3.660564899999999966e+02,1.882617799999999875e+02,2.298801100000000019e+02,2.766802700000000073e+02,3.110566799999999716e+02
3.928475699999999904e+00,1.419472400000000107e+03,1.060555299999999988e+03,6.972202499999999645e+02,3.654133899999999926e+02,1.873139600000000087e+02,2.288337699999999870e+02,2.755615199999999732e+02,3.101504199999999969e+02
3.930867300000000064e+00,1.418372200000000021e+03,1.059475699999999961e+03,6.960747599999999693e+02,3.623277299999999741e+02,1.858807500000000061e+02,2.270080900000000099e+02,2.735782300000000191e+02,3.083663300000000049e+02
3.933258899999999780e+00,1.417706799999999930e+03,1.058820300000000088e+03,6.954354499999999462e+02,3.615982999999999947e+02,1.848675299999999879e+02,2.259536300000000040e+02,2.724717600000000175e+02,3.073581899999999791e+02
3.935650499999999941e+00,1.416959599999999909e+03,1.058089799999999968e+03,6.947413199999999733e+02,3.610629900000000134e+02,1.839163100000000099e+02,2.249762900000000059e+02,2.714316299999999842e+02,3.064215599999999995e+02
3.938042100000000101e+00,1.416153600000000097e+03,1.057281899999999951e+03,6.939835799999999608e+02,3.605212099999999964e+02,1.829682099999999991e+02,2.239653500000000008e+02,2.703427800000000047e+02,3.054765400000000000e+02
3.940433699999999817e+00,1.415353599999999915e+03,1.056518900000000031e+03,6.932173900000000231e+02,3.599833100000000172e+02,1.820280199999999979e+02,2.229171900000000051e+02,2.692045899999999961e+02,3.045161800000000198e+02
3.942825200000000141e+00,1.414467100000000073e+03,1.055666999999999916e+03,6.923983699999999999e+02,3.594259599999999750e+02,1.810795400000000086e+02,2.218411299999999926e+02,2.680256999999999721e+02,3.035221599999999853e+02
3.945216799999999857e+00,1.413722800000000007e+03,1.054929900000000089e+03,6.916755000000000564e+02,3.589243900000000167e+02,1.801442099999999868e+02,2.207544699999999978e+02,2.668311899999999923e+02,3.025456699999999728e+02
3.947608400000000017e+00,1.412839600000000019e+03,1.054070799999999963e+03,6.908551499999999805e+02,3.583686099999999897e+02,1.792120299999999986e+02,2.196577499999999930e+02,2.656156599999999912e+02,3.015359199999999760e+02
3.950000000000000178e+00,1.412135500000000093e+03,1.053366999999999962e+03,6.901652199999999766e+02,3.578804999999999836e+02,1.782840700000000140e+02,2.185588099999999940e+02,2.643987799999999879e+02,3.005528100000000222e+02
3.952631600000000134e+00,1.410866500000000087e+03,1.052137799999999970e+03,6.889234300000000530e+02,3.552216099999999983e+02,1.769955400000000054e+02,2.167787500000000023e+02,2.623754299999999944e+02,2.987298799999999801e+02
3.955417999999999878e+00,1.410105099999999993e+03,1.051368999999999915e+03,6.880935299999999870e+02,3.535017599999999902e+02,1.758075100000000077e+02,2.152570200000000114e+02,2.606843900000000076e+02,2.971873699999999872e+02
3.958040399999999792e+00,1.409284699999999930e+03,1.050608400000000074e+03,6.874736000000000331e+02,3.542168399999999906e+02,1.750896899999999903e+02,2.145932300000000055e+02,2.599858500000000276e+02,2.965411700000000224e+02
3.960662899999999986e+00,1.408589799999999968e+03,1.049911299999999983e+03,6.867797900000000482e+02,3.539133699999999862e+02,1.741985400000000084e+02,2.135374500000000069e+02,2.587870399999999904e+02,2.955285600000000272e+02
3.963285400000000180e+00,1.407490500000000111e+03,1.048858899999999949e+03,6.858144399999999905e+02,3.533528800000000274e+02,1.732915099999999882e+02,2.123982499999999902e+02,2.574551999999999907e+02,2.943337900000000218e+02
3.965907800000000094e+00,1.406855099999999993e+03,1.048204799999999977e+03,6.851489800000000514e+02,3.529363099999999918e+02,1.723650199999999870e+02,2.112253300000000138e+02,2.560911699999999769e+02,2.931730900000000020e+02
3.968530299999999844e+00,1.405713500000000067e+03,1.047122000000000071e+03,6.841819299999999657e+02,3.523595900000000256e+02,1.714538900000000012e+02,2.100561299999999960e+02,2.547227100000000064e+02,2.919583299999999895e+02
3.971152800000000038e+00,1.405115900000000011e+03,1.046504899999999907e+03,6.835637100000000146e+02,3.519579699999999889e+02,1.705427500000000123e+02,2.088837300000000141e+02,2.533669099999999901e+02,2.908088700000000131e+02
3.973775299999999788e+00,1.403955999999999904e+03,1.045408100000000104e+03,6.826014999999999873e+02,3.513670000000000186e+02,1.696406200000000126e+02,2.077141799999999989e+02,2.519980700000000127e+02,2.896022399999999948e+02
3.976397700000000146e+00,1.403373800000000074e+03,1.044809700000000021e+03,6.820114700000000312e+02,3.509634399999999914e+02,1.687146700000000124e+02,2.065403399999999863e+02,2.506416600000000017e+02,2.884616899999999760e+02
3.979020199999999896e+00,1.402240999999999985e+03,1.043744099999999889e+03,6.810872000000000526e+02,3.503788700000000063e+02,1.677597199999999873e+02,2.053708900000000028e+02,2.492731400000000122e+02,2.872628599999999892e+02
3.981642700000000090e+00,1.401654800000000023e+03,1.043144800000000032e+03,6.805071799999999484e+02,3.499640999999999735e+02,1.668001800000000117e+02,2.041986599999999896e+02,2.479128699999999981e+02,2.861263200000000211e+02
3.984265199999999840e+00,1.400522999999999911e+03,1.042085600000000113e+03,6.795948399999999765e+02,3.493568200000000274e+02,1.658601500000000044e+02,2.030403399999999863e+02,2.465423000000000116e+02,2.849203200000000038e+02
3.986887600000000198e+00,1.399963400000000092e+03,1.041510600000000068e+03,6.790354200000000446e+02,3.489226199999999949e+02,1.649192199999999957e+02,2.018770800000000065e+02,2.451779200000000003e+02,2.837824299999999766e+02
3.989510099999999948e+00,1.398847400000000107e+03,1.040466499999999996e+03,6.781381699999999455e+02,3.483025200000000154e+02,1.640170500000000118e+02,2.007318500000000085e+02,2.438051199999999881e+02,2.825738999999999805e+02
3.992132600000000142e+00,1.398306299999999965e+03,1.039910000000000082e+03,6.775960999999999785e+02,3.478628499999999804e+02,1.631095400000000097e+02,1.995828400000000045e+02,2.424414299999999969e+02,2.814300200000000132e+02
3.994755099999999892e+00,1.397166999999999916e+03,1.038847500000000082e+03,6.766877700000000004e+02,3.472228900000000067e+02,1.622294500000000141e+02,1.984466500000000053e+02,2.410672000000000139e+02,2.802147199999999998e+02
3.997377499999999806e+00,1.396632800000000088e+03,1.038300099999999929e+03,6.761532700000000204e+02,3.467690299999999866e+02,1.613368299999999920e+02,1.973072500000000105e+02,2.397029499999999871e+02,2.790574100000000044e+02
4.000000000000000000e+00,1.395484500000000025e+03,1.037230600000000095e+03,6.752383700000000317e+02,3.461103299999999763e+02,1.604711800000000039e+02,1.961824599999999919e+02,2.383319700000000125e+02,2.778301900000000160e+02
4.002380999999999744e+00,1.395285599999999931e+03,1.037004300000000057e+03,6.750815700000000561e+02,3.479034300000000144e+02,1.598615299999999877e+02,1.956656299999999931e+02,2.378182700000000125e+02,2.775566499999999905e+02
4.004761900000000097e+00,1.394084299999999985e+03,1.035871799999999894e+03,6.741096099999999751e+02,3.472666199999999890e+02,1.590451600000000099e+02,1.945934100000000058e+02,2.364649599999999907e+02,2.763984600000000000e+02
4.007142899999999841e+00,1.393535000000000082e+03,1.035300899999999956e+03,6.735561500000000024e+02,3.466509399999999914e+02,1.581917699999999911e+02,1.934409699999999930e+02,2.350374899999999911e+02,2.752226400000000126e+02
4.009523800000000193e+00,1.392466799999999921e+03,1.034305200000000013e+03,6.727279800000000023e+02,3.459032900000000268e+02,1.573487399999999923e+02,1.923139999999999930e+02,2.336589299999999980e+02,2.740085900000000265e+02
4.011904799999999938e+00,1.392017900000000054e+03,1.033846099999999979e+03,6.722975999999999885e+02,3.453750000000000000e+02,1.564989500000000078e+02,1.912094400000000007e+02,2.323263000000000034e+02,2.728728500000000281e+02
4.014285700000000290e+00,1.390978399999999965e+03,1.032886899999999969e+03,6.715081300000000510e+02,3.446671600000000240e+02,1.556607300000000009e+02,1.901317500000000109e+02,2.310318599999999947e+02,2.716927299999999832e+02
4.016666700000000034e+00,1.390517200000000003e+03,1.032420399999999972e+03,6.710687000000000353e+02,3.441410099999999943e+02,1.548030200000000036e+02,1.890620000000000118e+02,2.297599800000000130e+02,2.705717599999999834e+02
4.019047600000000386e+00,1.389449699999999893e+03,1.031435799999999972e+03,6.702472400000000334e+02,3.434237200000000030e+02,1.539721000000000117e+02,1.880200299999999913e+02,2.285028200000000140e+02,2.693957800000000020e+02
4.021428600000000131e+00,1.389013200000000097e+03,1.030987399999999980e+03,6.698078000000000429e+02,3.429044599999999718e+02,1.531268399999999872e+02,1.869853099999999984e+02,2.272628599999999892e+02,2.682744900000000143e+02
4.023809499999999595e+00,1.387941800000000057e+03,1.030006599999999935e+03,6.689720600000000559e+02,3.421866499999999860e+02,1.523113899999999887e+02,1.859764000000000124e+02,2.260233800000000031e+02,2.670697999999999865e+02
4.026190500000000227e+00,1.387555299999999988e+03,1.029603699999999890e+03,6.685542900000000373e+02,3.416850999999999772e+02,1.514790199999999913e+02,1.849690500000000100e+02,2.247957199999999887e+02,2.659239099999999780e+02
4.028571399999999691e+00,1.386480099999999993e+03,1.028613599999999906e+03,6.677095500000000357e+02,3.409698500000000081e+02,1.506663599999999974e+02,1.839803899999999999e+02,2.235654600000000016e+02,2.647095199999999977e+02
4.030952400000000324e+00,1.386020800000000008e+03,1.028146099999999933e+03,6.672320300000000088e+02,3.404418600000000197e+02,1.498408300000000111e+02,1.829920799999999872e+02,2.223410000000000082e+02,2.635450500000000034e+02
4.033333299999999788e+00,1.384955999999999904e+03,1.027160200000000032e+03,6.663801600000000462e+02,3.397255599999999731e+02,1.490236500000000035e+02,1.820162200000000041e+02,2.211206400000000087e+02,2.623268699999999853e+02
4.035714300000000421e+00,1.384490500000000111e+03,1.026688900000000103e+03,6.658956899999999450e+02,3.391985399999999800e+02,1.481911299999999869e+02,1.810355399999999975e+02,2.199004500000000064e+02,2.611643100000000004e+02
4.038095199999999885e+00,1.383441800000000057e+03,1.025719299999999976e+03,6.650548400000000129e+02,3.384932000000000016e+02,1.473654400000000066e+02,1.800689500000000010e+02,2.186903000000000077e+02,2.599507899999999836e+02
4.040476199999999629e+00,1.382997900000000072e+03,1.025267499999999927e+03,6.645800500000000284e+02,3.379761100000000056e+02,1.465225599999999986e+02,1.790985000000000014e+02,2.174818400000000054e+02,2.587924899999999866e+02
4.042857099999999981e+00,1.381950100000000020e+03,1.024300300000000107e+03,6.637348100000000386e+02,3.372713899999999967e+02,1.456864799999999889e+02,1.781273300000000006e+02,2.162758399999999881e+02,2.575844599999999787e+02
4.045238099999999726e+00,1.381507200000000012e+03,1.023849900000000048e+03,6.632601600000000417e+02,3.367572200000000180e+02,1.448238599999999963e+02,1.771580600000000061e+02,2.150788900000000012e+02,2.564445499999999925e+02
4.047619000000000078e+00,1.380396899999999960e+03,1.022819799999999987e+03,6.623658500000000231e+02,3.360306100000000242e+02,1.439731600000000071e+02,1.761827199999999891e+02,2.138745999999999867e+02,2.552300199999999961e+02
4.049999999999999822e+00,1.379962199999999939e+03,1.022364699999999971e+03,6.618948299999999563e+02,3.355228700000000117e+02,1.430889300000000048e+02,1.751760099999999909e+02,2.126822999999999979e+02,2.540855300000000057e+02
4.052380999999999567e+00,1.378882200000000012e+03,1.021367600000000039e+03,6.610232200000000375e+02,3.348132699999999886e+02,1.422225699999999904e+02,1.741533799999999985e+02,2.114838200000000086e+02,2.528731099999999969e+02
4.054761899999999919e+00,1.378459000000000060e+03,1.020937900000000013e+03,6.605628699999999753e+02,3.343154200000000174e+02,1.413305900000000008e+02,1.731396300000000110e+02,2.103012400000000071e+02,2.517185100000000091e+02
4.057142899999999663e+00,1.377355700000000070e+03,1.019926199999999994e+03,6.596728000000000520e+02,3.336021999999999821e+02,1.404608499999999935e+02,1.721421599999999899e+02,2.091150299999999902e+02,2.504954099999999926e+02
4.059523800000000016e+00,1.376920399999999972e+03,1.019469900000000052e+03,6.592033199999999624e+02,3.331070599999999899e+02,1.395612199999999916e+02,1.711516000000000020e+02,2.079463399999999922e+02,2.493490999999999929e+02
4.061904799999999760e+00,1.375817999999999984e+03,1.018446400000000040e+03,6.583141100000000279e+02,3.324043500000000222e+02,1.386826199999999858e+02,1.701780699999999911e+02,2.067694799999999873e+02,2.481197200000000009e+02
4.064285700000000112e+00,1.375425600000000031e+03,1.018039800000000014e+03,6.578775299999999788e+02,3.319329500000000053e+02,1.377738099999999974e+02,1.692018300000000011e+02,2.056043999999999983e+02,2.469491500000000030e+02
4.066836699999999638e+00,1.374068999999999960e+03,1.016799300000000017e+03,6.567358900000000403e+02,3.297106299999999806e+02,1.367635600000000125e+02,1.679240200000000129e+02,2.039205800000000011e+02,2.450553800000000138e+02
4.069387800000000333e+00,1.373725400000000036e+03,1.016446000000000026e+03,6.563425999999999476e+02,3.292157199999999762e+02,1.358023499999999899e+02,1.669218999999999937e+02,2.027315099999999859e+02,2.438286899999999946e+02
4.071938799999999858e+00,1.372570899999999938e+03,1.015394699999999943e+03,6.554277299999999968e+02,3.285952599999999961e+02,1.348645300000000020e+02,1.659561400000000049e+02,2.016000699999999881e+02,2.425640799999999899e+02
4.074277200000000043e+00,1.372467900000000100e+03,1.015245199999999954e+03,6.552740999999999758e+02,3.301489799999999946e+02,1.340487200000000030e+02,1.653676100000000133e+02,2.011159399999999948e+02,2.421714800000000025e+02
4.076615600000000228e+00,1.371199900000000071e+03,1.014058800000000019e+03,6.542242700000000468e+02,3.294977299999999900e+02,1.331553000000000111e+02,1.644134699999999896e+02,1.999770699999999977e+02,2.409251199999999926e+02
4.079213900000000059e+00,1.370357299999999896e+03,1.013232700000000023e+03,6.533322799999999688e+02,3.266152200000000221e+02,1.320617000000000019e+02,1.629343599999999981e+02,1.979781700000000058e+02,2.387276200000000017e+02
4.081523500000000304e+00,1.369722899999999981e+03,1.012655499999999961e+03,6.529392400000000407e+02,3.284997399999999743e+02,1.312803600000000017e+02,1.623800200000000018e+02,1.975619299999999896e+02,2.384551899999999875e+02
4.083833000000000268e+00,1.369149499999999989e+03,1.012080799999999954e+03,6.523913199999999506e+02,3.281753299999999740e+02,1.303668000000000120e+02,1.614087900000000104e+02,1.964533500000000004e+02,2.372828000000000088e+02
4.086142599999999625e+00,1.368237499999999955e+03,1.011219600000000014e+03,6.516229499999999462e+02,3.275108200000000238e+02,1.294837400000000116e+02,1.604214200000000119e+02,1.952524699999999882e+02,2.359969399999999951e+02
4.088452199999999870e+00,1.367530400000000100e+03,1.010542100000000005e+03,6.510202799999999570e+02,3.269374000000000251e+02,1.285730299999999886e+02,1.594311199999999928e+02,1.940721599999999967e+02,2.347622399999999914e+02
4.090761699999999834e+00,1.366785900000000083e+03,1.009845000000000027e+03,6.504135499999999865e+02,3.263844500000000153e+02,1.276869400000000070e+02,1.584694800000000043e+02,1.929260600000000068e+02,2.335240499999999884e+02
4.093071300000000079e+00,1.366060799999999972e+03,1.009164499999999975e+03,6.498225300000000288e+02,3.258493399999999838e+02,1.268003400000000056e+02,1.575206399999999860e+02,1.918082300000000089e+02,2.322993800000000135e+02
4.095380900000000324e+00,1.365326000000000022e+03,1.008478200000000015e+03,6.492231199999999944e+02,3.253186200000000099e+02,1.259246600000000029e+02,1.565860000000000127e+02,1.907121999999999957e+02,2.310820200000000000e+02
4.097690400000000288e+00,1.364581599999999980e+03,1.007773299999999949e+03,6.486129600000000437e+02,3.247926100000000247e+02,1.250547399999999953e+02,1.556597099999999898e+02,1.896326599999999871e+02,2.298682799999999986e+02
4.099999999999999645e+00,1.363839099999999917e+03,1.007080900000000042e+03,6.480032300000000305e+02,3.242738400000000070e+02,1.241928400000000039e+02,1.547403799999999876e+02,1.885651100000000042e+02,2.286560399999999902e+02
4.102381000000000277e+00,1.362970900000000029e+03,1.006267200000000003e+03,6.472691099999999551e+02,3.230680500000000279e+02,1.233039200000000051e+02,1.537091200000000129e+02,1.873037899999999922e+02,2.271883699999999919e+02
4.104761899999999741e+00,1.362239199999999983e+03,1.005584299999999985e+03,6.466645999999999503e+02,3.225487400000000093e+02,1.224448399999999992e+02,1.527858300000000042e+02,1.862436299999999960e+02,2.259620400000000018e+02
4.107142900000000374e+00,1.361471199999999953e+03,1.004867700000000013e+03,6.460257199999999784e+02,3.220777899999999931e+02,1.215953300000000041e+02,1.518739999999999952e+02,1.852108100000000093e+02,2.247394299999999987e+02
4.109523799999999838e+00,1.360682499999999891e+03,1.004128799999999956e+03,6.453609900000000152e+02,3.215952199999999834e+02,1.207560200000000066e+02,1.509639699999999891e+02,1.841768899999999860e+02,2.235522899999999993e+02
4.112053600000000309e+00,1.359698300000000017e+03,1.003214200000000005e+03,6.444888600000000451e+02,3.197846499999999992e+02,1.198542300000000012e+02,1.498269500000000107e+02,1.827568300000000079e+02,2.218751900000000035e+02
4.114583299999999610e+00,1.358957100000000082e+03,1.002528999999999996e+03,6.438620399999999790e+02,3.192850999999999999e+02,1.190152400000000057e+02,1.488803499999999929e+02,1.816660300000000063e+02,2.206284799999999962e+02
4.117113100000000081e+00,1.358171100000000024e+03,1.001795200000000023e+03,6.431930800000000090e+02,3.188817500000000109e+02,1.181789500000000004e+02,1.479370900000000120e+02,1.805698700000000088e+02,2.194435200000000066e+02
4.119642899999999663e+00,1.357350899999999911e+03,1.001023199999999974e+03,6.424774499999999762e+02,3.184412899999999809e+02,1.173598499999999945e+02,1.469959599999999966e+02,1.794598799999999983e+02,2.182210100000000068e+02
4.121978000000000364e+00,1.356832900000000109e+03,1.000515499999999975e+03,6.420506000000000313e+02,3.198104900000000157e+02,1.166277000000000044e+02,1.463367900000000077e+02,1.788412399999999991e+02,2.176632799999999861e+02
4.124313199999999568e+00,1.355897099999999909e+03,9.996189699999999903e+02,6.412272500000000264e+02,3.193350100000000111e+02,1.158626100000000037e+02,1.454271599999999864e+02,1.777294899999999984e+02,2.164905500000000131e+02
4.126648399999999661e+00,1.355058700000000044e+03,9.988191600000000108e+02,6.404993399999999610e+02,3.187508199999999761e+02,1.151176399999999944e+02,1.444988299999999981e+02,1.765731399999999951e+02,2.152827299999999866e+02
4.128983500000000362e+00,1.354284699999999930e+03,9.980883700000000545e+02,6.398557200000000194e+02,3.182319299999999771e+02,1.143941300000000041e+02,1.435755200000000116e+02,1.754353099999999870e+02,2.140843900000000133e+02
4.131610600000000133e+00,1.353070099999999911e+03,9.969795199999999795e+02,6.388150699999999915e+02,3.151163799999999924e+02,1.136008900000000068e+02,1.422735299999999938e+02,1.736187299999999993e+02,2.119737000000000080e+02
4.134237599999999624e+00,1.352418599999999969e+03,9.963893900000000485e+02,6.383038299999999481e+02,3.146151699999999778e+02,1.128925100000000015e+02,1.413157999999999959e+02,1.724828799999999944e+02,2.107086600000000089e+02
4.136864700000000283e+00,1.351589099999999917e+03,9.956310799999999972e+02,6.376434500000000298e+02,3.142643899999999917e+02,1.122011300000000062e+02,1.403815199999999948e+02,1.714070000000000107e+02,2.095146400000000142e+02
4.139491800000000055e+00,1.350732199999999921e+03,9.948256099999999833e+02,6.369041499999999587e+02,3.138345699999999852e+02,1.115195700000000016e+02,1.394505900000000054e+02,1.703197700000000054e+02,2.083393700000000024e+02
4.142118800000000434e+00,1.349830799999999954e+03,9.939735799999999699e+02,6.361107600000000275e+02,3.133537099999999782e+02,1.108537199999999956e+02,1.385036200000000122e+02,1.691991099999999904e+02,2.071291500000000099e+02
4.144745900000000205e+00,1.348941399999999931e+03,9.931321900000000369e+02,6.353257700000000341e+02,3.128600400000000263e+02,1.102051600000000064e+02,1.375510099999999909e+02,1.680611600000000010e+02,2.059331799999999930e+02
4.147372899999999696e+00,1.348054599999999937e+03,9.922928200000000061e+02,6.345445799999999963e+02,3.123533300000000281e+02,1.095756099999999975e+02,1.365925200000000075e+02,1.669087499999999977e+02,2.047375700000000052e+02
4.150000000000000355e+00,1.347192299999999932e+03,9.914724800000000187e+02,6.337806199999999990e+02,3.118389900000000239e+02,1.089682300000000055e+02,1.356330100000000130e+02,1.657496899999999869e+02,2.035294600000000003e+02
4.152381000000000100e+00,1.346689699999999903e+03,9.909727799999999434e+02,6.333744299999999612e+02,3.136472200000000043e+02,1.084443799999999953e+02,1.349810899999999947e+02,1.651550100000000043e+02,2.030508299999999906e+02
4.154761899999999564e+00,1.345703700000000026e+03,9.900131099999999833e+02,6.324896999999999707e+02,3.130596800000000144e+02,1.078851200000000006e+02,1.340725500000000068e+02,1.640278700000000072e+02,2.019187200000000075e+02
4.157142900000000196e+00,1.344706200000000081e+03,9.890647500000000036e+02,6.316363199999999551e+02,3.122963899999999740e+02,1.073736999999999995e+02,1.331511199999999917e+02,1.628596200000000067e+02,2.006979200000000105e+02
4.159523799999999660e+00,1.343902100000000019e+03,9.882999999999999545e+02,6.309830699999999979e+02,3.116794699999999807e+02,1.068509200000000021e+02,1.322306900000000098e+02,1.616795299999999997e+02,1.994684200000000089e+02
4.161904800000000293e+00,1.343084100000000035e+03,9.875369799999999714e+02,6.303331500000000460e+02,3.110907799999999952e+02,1.063770099999999985e+02,1.313334399999999960e+02,1.605391899999999907e+02,1.982613299999999867e+02
4.164285699999999757e+00,1.342261799999999994e+03,9.867664099999999507e+02,6.296867700000000241e+02,3.105105699999999729e+02,1.059021800000000013e+02,1.304467699999999866e+02,1.594147000000000105e+02,1.970672399999999982e+02
4.166666700000000390e+00,1.341447899999999890e+03,9.860032200000000557e+02,6.290334299999999530e+02,3.099296199999999999e+02,1.054499200000000059e+02,1.295722499999999968e+02,1.583202499999999873e+02,1.959003099999999904e+02
4.169047599999999854e+00,1.340640000000000100e+03,9.852445599999999786e+02,6.283756300000000010e+02,3.093497100000000160e+02,1.050050600000000003e+02,1.287055100000000039e+02,1.572448799999999949e+02,1.947489099999999951e+02
4.171428599999999598e+00,1.339828199999999924e+03,9.844809800000000450e+02,6.277060000000000173e+02,3.087693199999999933e+02,1.045728500000000025e+02,1.278464699999999965e+02,1.561876499999999908e+02,1.936144199999999955e+02
4.173809499999999950e+00,1.338997100000000046e+03,9.837010299999999461e+02,6.270217999999999847e+02,3.081838799999999878e+02,1.041489899999999977e+02,1.269933099999999939e+02,1.551420799999999929e+02,1.924904099999999971e+02
4.176190499999999695e+00,1.338166400000000067e+03,9.829202099999999973e+02,6.263306300000000419e+02,3.075994600000000219e+02,1.037336600000000004e+02,1.261464200000000062e+02,1.541066399999999987e+02,1.913757200000000012e+02
4.178571400000000047e+00,1.337317700000000059e+03,9.821211700000000064e+02,6.256182400000000143e+02,3.070143899999999917e+02,1.033259299999999996e+02,1.253047399999999953e+02,1.530781800000000032e+02,1.902665499999999952e+02
4.180952399999999791e+00,1.336461700000000064e+03,9.813164000000000442e+02,6.248977399999999989e+02,3.064279500000000098e+02,1.029231999999999942e+02,1.244688400000000001e+02,1.520561500000000024e+02,1.891670599999999922e+02
4.183333300000000143e+00,1.335618300000000090e+03,9.805302699999999732e+02,6.242046100000000024e+02,3.058444799999999759e+02,1.025267699999999991e+02,1.236382799999999946e+02,1.510386699999999962e+02,1.880685699999999940e+02
4.185714299999999888e+00,1.334759299999999939e+03,9.797235200000000077e+02,6.234909999999999854e+02,3.052598399999999970e+02,1.021347099999999983e+02,1.228135800000000017e+02,1.500251399999999933e+02,1.869730800000000102e+02
4.188095200000000240e+00,1.333894199999999955e+03,9.789098099999999931e+02,6.227634000000000469e+02,3.046681600000000003e+02,1.017464599999999990e+02,1.219939700000000045e+02,1.490134099999999933e+02,1.858784899999999993e+02
4.190476199999999984e+00,1.333027499999999918e+03,9.780930600000000368e+02,6.220263300000000299e+02,3.040785700000000134e+02,1.013610699999999980e+02,1.211803199999999947e+02,1.480045100000000105e+02,1.847850799999999936e+02
4.192857100000000337e+00,1.332212899999999991e+03,9.773326600000000326e+02,6.213423199999999724e+02,3.035063200000000165e+02,1.009839300000000009e+02,1.203738299999999981e+02,1.470017499999999870e+02,1.837029699999999934e+02
4.195238100000000081e+00,1.331314499999999953e+03,9.764792300000000296e+02,6.205747999999999820e+02,3.029035600000000272e+02,1.005875900000000058e+02,1.195720299999999980e+02,1.459897200000000055e+02,1.825893900000000087e+02
4.197619000000000433e+00,1.330464899999999943e+03,9.756803400000000011e+02,6.198464400000000296e+02,3.023201300000000060e+02,1.002139700000000033e+02,1.187793199999999985e+02,1.449909100000000137e+02,1.815075799999999902e+02
4.200000000000000178e+00,1.329505699999999933e+03,9.747670799999999645e+02,6.190234299999999621e+02,3.016970099999999775e+02,9.982661500000000387e+01,1.179934599999999989e+02,1.439876099999999894e+02,1.804055299999999988e+02
4.202499999999999680e+00,1.328350500000000011e+03,9.736860000000000355e+02,6.179881199999999808e+02,2.998348399999999856e+02,9.941779900000000225e+01,1.170999800000000022e+02,1.427683100000000138e+02,1.790055600000000027e+02
4.205000000000000071e+00,1.327523899999999912e+03,9.729171099999999797e+02,6.172942600000000084e+02,2.993055899999999951e+02,9.901810100000000148e+01,1.163062999999999931e+02,1.417440300000000093e+02,1.778565099999999859e+02
4.207499999999999574e+00,1.326582900000000109e+03,9.720303900000000112e+02,6.164897600000000466e+02,2.988062800000000152e+02,9.861229099999999903e+01,1.155268300000000039e+02,1.407362599999999873e+02,1.767359099999999899e+02
4.209999999999999964e+00,1.325652499999999918e+03,9.711443199999999933e+02,6.156609600000000455e+02,2.982730399999999804e+02,9.820422499999999388e+01,1.147533499999999975e+02,1.397252000000000010e+02,1.756063300000000140e+02
4.212500000000000355e+00,1.324723899999999958e+03,9.702568599999999606e+02,6.148208100000000513e+02,2.977180399999999736e+02,9.779028599999999471e+01,1.139828600000000023e+02,1.386994899999999973e+02,1.743944099999999935e+02
4.214999999999999858e+00,1.323776100000000042e+03,9.693528199999999515e+02,6.139765599999999495e+02,2.971638800000000060e+02,9.737027000000000498e+01,1.132171799999999990e+02,1.376653900000000021e+02,1.731341799999999864e+02
4.217500000000000249e+00,1.322825599999999895e+03,9.684472200000000157e+02,6.131365299999999934e+02,2.966165500000000179e+02,9.694304300000000296e+01,1.124583599999999990e+02,1.366360799999999927e+02,1.718726800000000026e+02
4.219999999999999751e+00,1.322007499999999936e+03,9.676605299999999943e+02,6.123848900000000413e+02,2.961178499999999758e+02,9.651340199999999925e+01,1.117090100000000064e+02,1.356162300000000016e+02,1.706303299999999865e+02
4.222500000000000142e+00,1.320814800000000105e+03,9.665441399999999703e+02,6.114098300000000563e+02,2.955146500000000174e+02,9.606193299999999624e+01,1.109617700000000013e+02,1.345825199999999882e+02,1.693577600000000132e+02
4.224999999999999645e+00,1.320125800000000027e+03,9.658678499999999758e+02,6.107413199999999733e+02,2.950642900000000282e+02,9.562486099999999567e+01,1.102309599999999961e+02,1.335737599999999929e+02,1.681544900000000098e+02
4.227500000000000036e+00,1.318875500000000102e+03,9.647029499999999871e+02,6.097419300000000248e+02,2.944610000000000127e+02,9.516025500000000648e+01,1.095021100000000018e+02,1.325463799999999992e+02,1.668974000000000046e+02
4.230000000000000426e+00,1.318222500000000082e+03,9.640540099999999484e+02,6.091089299999999866e+02,2.940350700000000188e+02,9.470181999999999789e+01,1.087886799999999994e+02,1.315390099999999904e+02,1.656887399999999957e+02
4.232499999999999929e+00,1.316932900000000018e+03,9.628609999999999900e+02,6.080896500000000060e+02,2.934375099999999748e+02,9.422729099999999391e+01,1.080787299999999931e+02,1.305192700000000059e+02,1.644397999999999911e+02
4.235000000000000320e+00,1.316320899999999938e+03,9.622463199999999688e+02,6.074897899999999709e+02,2.930412600000000225e+02,9.375208100000000400e+01,1.073837299999999999e+02,1.295161200000000008e+02,1.632242899999999963e+02
4.237499999999999822e+00,1.314983400000000074e+03,9.610021000000000413e+02,6.064326999999999543e+02,2.924379099999999880e+02,9.325868400000000236e+01,1.066924499999999938e+02,1.284992499999999893e+02,1.619636299999999949e+02
4.240000000000000213e+00,1.314261999999999944e+03,9.602792200000000093e+02,6.057225499999999556e+02,2.919938500000000090e+02,9.277609099999999387e+01,1.060145600000000030e+02,1.275032999999999959e+02,1.607555999999999869e+02
4.242499999999999716e+00,1.312933600000000069e+03,9.590376599999999598e+02,6.046743800000000419e+02,2.914095399999999927e+02,9.226263699999999801e+01,1.053416699999999935e+02,1.264894900000000035e+02,1.594778699999999958e+02
4.245000000000000107e+00,1.312302899999999909e+03,9.584140700000000379e+02,6.040623399999999492e+02,2.910459799999999859e+02,9.176748399999999606e+01,1.046783300000000025e+02,1.254981999999999971e+02,1.582647100000000080e+02
4.247499999999999609e+00,1.310984300000000076e+03,9.571884300000000394e+02,6.030434500000000071e+02,2.905024799999999914e+02,9.123893800000000454e+01,1.040185900000000032e+02,1.244877900000000039e+02,1.569751500000000135e+02
4.250000000000000000e+00,1.310353200000000015e+03,9.565642400000000407e+02,6.024289199999999482e+02,2.901617600000000152e+02,9.073058600000000240e+01,1.033668399999999963e+02,1.234994599999999991e+02,1.557512800000000084e+02
4.252500000000000391e+00,1.309031700000000001e+03,9.553327799999999570e+02,6.014088199999999915e+02,2.896461400000000026e+02,9.018881399999999360e+01,1.027192900000000009e+02,1.224929000000000059e+02,1.544495100000000036e+02
4.254999999999999893e+00,1.308400100000000066e+03,9.547084200000000465e+02,6.007976700000000392e+02,2.893323800000000006e+02,8.966789300000000651e+01,1.020776299999999992e+02,1.215097999999999985e+02,1.532120199999999954e+02
4.257500000000000284e+00,1.307151800000000094e+03,9.535467200000000503e+02,5.998376399999999649e+02,2.888767500000000155e+02,8.911878500000000258e+01,1.014402400000000029e+02,1.205156400000000048e+02,1.519072899999999890e+02
4.259999999999999787e+00,1.306286200000000008e+03,9.527161399999999958e+02,5.990932199999999739e+02,2.885347300000000246e+02,8.857750900000000627e+01,1.008068999999999988e+02,1.195331000000000046e+02,1.506264700000000119e+02
4.262500000000000178e+00,1.305231199999999944e+03,9.517225600000000441e+02,5.982426799999999503e+02,2.881589999999999918e+02,8.802520699999999465e+01,1.001777799999999985e+02,1.185484799999999979e+02,1.493073400000000106e+02
4.264999999999999680e+00,1.304269000000000005e+03,9.508111199999999599e+02,5.974473199999999906e+02,2.878149900000000230e+02,8.747096500000000674e+01,9.955202400000000296e+01,1.175678300000000007e+02,1.479611099999999908e+02
4.267500000000000071e+00,1.303243199999999888e+03,9.498449299999999766e+02,5.966151399999999967e+02,2.874723200000000247e+02,8.691260300000000427e+01,9.892964299999999866e+01,1.165880499999999955e+02,1.465820200000000000e+02
4.269999999999999574e+00,1.302156500000000051e+03,9.487988000000000284e+02,5.956826200000000426e+02,2.870585800000000063e+02,8.635085999999999729e+01,9.830994699999999398e+01,1.156126799999999974e+02,1.452084600000000023e+02
4.272499999999999964e+00,1.301166999999999916e+03,9.478488899999999830e+02,5.948532900000000154e+02,2.867295599999999922e+02,8.578486800000000301e+01,9.769294899999999870e+01,1.146416399999999953e+02,1.438527699999999925e+02
4.275000000000000355e+00,1.300085199999999986e+03,9.468193599999999606e+02,5.939624900000000025e+02,2.863762100000000146e+02,8.521477899999999295e+01,9.707781500000000108e+01,1.136748900000000049e+02,1.425135600000000125e+02
4.277499999999999858e+00,1.299055499999999938e+03,9.458476500000000442e+02,5.931306700000000092e+02,2.860719199999999773e+02,8.464057300000000339e+01,9.646402000000000498e+01,1.127116099999999932e+02,1.411867599999999925e+02
4.280000000000000249e+00,1.298096099999999979e+03,9.449432199999999966e+02,5.923595599999999877e+02,2.858172599999999761e+02,8.406443000000000154e+01,9.585188499999999578e+01,1.117519099999999952e+02,1.398722600000000114e+02
4.282499999999999751e+00,1.297076700000000073e+03,9.439778999999999769e+02,5.915394700000000512e+02,2.855510400000000004e+02,8.348657400000000450e+01,9.524057999999999424e+01,1.107957300000000060e+02,1.385653599999999983e+02
4.285000000000000142e+00,1.296088099999999940e+03,9.430443599999999833e+02,5.907536700000000565e+02,2.853202600000000189e+02,8.290732400000000268e+01,9.462957900000000677e+01,1.098431700000000006e+02,1.372600999999999942e+02
4.287499999999999645e+00,1.295091200000000072e+03,9.421021600000000262e+02,5.899630200000000286e+02,2.851068599999999833e+02,8.232708399999999926e+01,9.401840599999999881e+01,1.088940999999999946e+02,1.359597500000000139e+02
4.290000000000000036e+00,1.294080699999999979e+03,9.411630099999999857e+02,5.891813700000000154e+02,2.849233199999999897e+02,8.174681400000000053e+01,9.340738399999999331e+01,1.079483900000000034e+02,1.346661200000000065e+02
4.292500000000000426e+00,1.292958200000000033e+03,9.400701900000000251e+02,5.882134399999999914e+02,2.846228699999999776e+02,8.116674600000000339e+01,9.279699300000000051e+01,1.070025499999999994e+02,1.333795399999999916e+02
4.294999999999999929e+00,1.291872100000000046e+03,9.390450399999999718e+02,5.873409599999999955e+02,2.844094099999999798e+02,8.058754500000000576e+01,9.218649600000000532e+01,1.060580700000000007e+02,1.320993599999999901e+02
4.297500000000000320e+00,1.290862000000000080e+03,9.380968000000000302e+02,5.865574100000000044e+02,2.842864900000000148e+02,8.000953699999999458e+01,9.157524499999999534e+01,1.051149599999999964e+02,1.308205399999999941e+02
4.299999999999999822e+00,1.289843800000000101e+03,9.371384799999999586e+02,5.857740199999999504e+02,2.842065299999999866e+02,7.943339400000000694e+01,9.096304499999999393e+01,1.041736499999999950e+02,1.295342200000000048e+02
4.302500000000000213e+00,1.288737200000000030e+03,9.360797700000000532e+02,5.848847500000000537e+02,2.841039799999999786e+02,7.885938500000000317e+01,9.034920499999999777e+01,1.032339300000000009e+02,1.282407499999999914e+02
4.305138900000000213e+00,1.287423399999999901e+03,9.348508699999999862e+02,5.837208699999999908e+02,2.820285400000000209e+02,7.824605099999999425e+01,8.965083900000000483e+01,1.021437600000000003e+02,1.267653099999999995e+02
4.307631200000000327e+00,1.286734600000000000e+03,9.342301800000000185e+02,5.834941300000000410e+02,2.849198000000000093e+02,7.767538199999999904e+01,8.907975500000000579e+01,1.013208099999999945e+02,1.256351700000000022e+02
4.310123500000000440e+00,1.285471099999999979e+03,9.329516499999999724e+02,5.822300800000000436e+02,2.844398800000000165e+02,7.711890400000000056e+01,8.846932400000000030e+01,1.004059900000000027e+02,1.244045299999999941e+02
4.312615700000000274e+00,1.284422499999999900e+03,9.319550699999999779e+02,5.814043299999999590e+02,2.844204300000000103e+02,7.657564499999999441e+01,8.785023700000000701e+01,9.948048199999999497e+01,1.231782500000000056e+02
4.315108000000000388e+00,1.283317199999999957e+03,9.308959700000000339e+02,5.805163599999999633e+02,2.845309899999999743e+02,7.603451499999999896e+01,8.722365899999999783e+01,9.855429999999999779e+01,1.219494100000000003e+02
4.317600299999999613e+00,1.282165099999999939e+03,9.298035899999999856e+02,5.795934999999999491e+02,2.846673299999999927e+02,7.549748400000000004e+01,8.659313099999999963e+01,9.763860699999999326e+01,1.207264499999999998e+02
4.320092599999999727e+00,1.280926500000000033e+03,9.285234400000000505e+02,5.781177900000000136e+02,2.822253699999999981e+02,7.496584199999999498e+01,8.595922099999999944e+01,9.673071400000000608e+01,1.195087500000000063e+02
4.322584899999999841e+00,1.279799899999999980e+03,9.274172800000000052e+02,5.770812200000000303e+02,2.801695799999999963e+02,7.443901599999999519e+01,8.532220200000000432e+01,9.583040699999999390e+01,1.182958200000000062e+02
4.325077199999999955e+00,1.278599999999999909e+03,9.262508100000000013e+02,5.761010499999999865e+02,2.791976900000000228e+02,7.391791700000000276e+01,8.468369599999999764e+01,9.493719099999999855e+01,1.170880899999999940e+02
4.327569399999999789e+00,1.277635899999999992e+03,9.253682000000000016e+02,5.754527699999999868e+02,2.784370799999999804e+02,7.340273500000000695e+01,8.404381100000000515e+01,9.405037099999999839e+01,1.158866000000000014e+02
4.330061699999999902e+00,1.276519099999999980e+03,9.242966300000000501e+02,5.745541899999999487e+02,2.776373100000000136e+02,7.289400100000000293e+01,8.340136099999999431e+01,9.317005299999999579e+01,1.147083599999999990e+02
4.332554000000000016e+00,1.275473400000000083e+03,9.233081600000000435e+02,5.737266399999999749e+02,2.768849299999999971e+02,7.239228400000000363e+01,8.275653300000000456e+01,9.229535400000000323e+01,1.135249400000000009e+02
4.335046300000000130e+00,1.274422900000000027e+03,9.223138900000000149e+02,5.728938500000000431e+02,2.761154399999999782e+02,7.189782700000000659e+01,8.210888500000000079e+01,9.142600600000000099e+01,1.123419999999999987e+02
4.337538600000000244e+00,1.273277100000000019e+03,9.212021399999999858e+02,5.719034299999999575e+02,2.751085499999999797e+02,7.141053899999999999e+01,8.145870399999999734e+01,9.056207700000000216e+01,1.111609100000000012e+02
4.340030900000000358e+00,1.272121399999999994e+03,9.200813000000000557e+02,5.708955799999999954e+02,2.740072200000000180e+02,7.092983399999999961e+01,8.080594399999999666e+01,8.970317000000000007e+01,1.099818300000000022e+02
4.342523100000000191e+00,1.271114700000000084e+03,9.191684800000000450e+02,5.701976899999999659e+02,2.731360500000000116e+02,7.045548399999999845e+01,8.015078800000000570e+01,8.884841900000000692e+01,1.088045599999999951e+02
4.345015400000000305e+00,1.269993099999999913e+03,9.181031000000000404e+02,5.692704499999999825e+02,2.720918899999999780e+02,6.998747000000000185e+01,7.949480800000000613e+01,8.799789800000000639e+01,1.076298599999999936e+02
4.347507700000000419e+00,1.268721900000000005e+03,9.168128299999999626e+02,5.679084699999999657e+02,2.703553600000000188e+02,6.952617100000000505e+01,7.884651599999999405e+01,8.715195599999999843e+01,1.064583999999999975e+02
4.349999999999999645e+00,1.267727900000000091e+03,9.159203199999999470e+02,5.672568099999999731e+02,2.692452000000000112e+02,6.907082200000000682e+01,7.820088400000000206e+01,8.631036799999999687e+01,1.052898799999999966e+02
4.352500000000000036e+00,1.266397600000000011e+03,9.145254400000000032e+02,5.655543999999999869e+02,2.650940400000000068e+02,6.862132499999999879e+01,7.755241700000000549e+01,8.546669699999999636e+01,1.041183599999999956e+02
4.355000000000000426e+00,1.265373499999999922e+03,9.136066700000000083e+02,5.649471399999999903e+02,2.641685800000000199e+02,6.817694600000000094e+01,7.690553599999999790e+01,8.463142399999999554e+01,1.029579999999999984e+02
4.357499999999999929e+00,1.264343399999999974e+03,9.126548199999999724e+02,5.641626099999999724e+02,2.634501599999999826e+02,6.773522400000000232e+01,7.626064200000000426e+01,8.379858500000000276e+01,1.017983100000000007e+02
4.360000000000000320e+00,1.263152299999999968e+03,9.115069899999999734e+02,5.630181800000000294e+02,2.612587399999999889e+02,6.730129700000000526e+01,7.561774300000000437e+01,8.297198500000000365e+01,1.006468100000000021e+02
4.362666700000000120e+00,1.261679499999999962e+03,9.101080899999999474e+02,5.615132099999999582e+02,2.578022599999999898e+02,6.687429400000000612e+01,7.491563899999999876e+01,8.203251699999999857e+01,9.936086000000000240e+01
4.365155599999999581e+00,1.261021799999999985e+03,9.095283799999999701e+02,5.613174000000000206e+02,2.600778900000000249e+02,6.641605099999999595e+01,7.428563900000000331e+01,8.127474700000000496e+01,9.829628999999999905e+01
4.367835900000000215e+00,1.259396300000000110e+03,9.079220500000000129e+02,5.593312200000000303e+02,2.547335199999999986e+02,6.603206500000000290e+01,7.360361699999999985e+01,8.037093600000000038e+01,9.700814599999999643e+01
4.370310100000000197e+00,1.258804200000000037e+03,9.074015100000000302e+02,5.592061300000000301e+02,2.573143699999999967e+02,6.556836800000000665e+01,7.298853400000000136e+01,7.965147600000000239e+01,9.597763700000000142e+01
4.372784199999999899e+00,1.257473700000000008e+03,9.060496200000000044e+02,5.577313900000000331e+02,2.551582799999999907e+02,6.516698800000000347e+01,7.238844000000000278e+01,7.889532099999999559e+01,9.487328200000000322e+01
4.375258399999999881e+00,1.256319500000000062e+03,9.049240099999999529e+02,5.566181599999999889e+02,2.534911600000000078e+02,6.477880100000000141e+01,7.178724499999999864e+01,7.813325100000000134e+01,9.376825900000000047e+01
4.377732499999999582e+00,1.255241299999999910e+03,9.039319699999999784e+02,5.557746200000000272e+02,2.522386700000000133e+02,6.437946800000000280e+01,7.118275599999999770e+01,7.736885599999999386e+01,9.265682400000000030e+01
4.380206699999999564e+00,1.254195300000000088e+03,9.029858299999999645e+02,5.549772500000000264e+02,2.507879599999999982e+02,6.398087799999999703e+01,7.058210400000000107e+01,7.661156599999999628e+01,9.155497800000000552e+01
4.382680900000000435e+00,1.253019099999999980e+03,9.018368699999999762e+02,5.538326499999999442e+02,2.491427899999999909e+02,6.358245399999999847e+01,6.998779500000000553e+01,7.586356200000000172e+01,9.046055300000000443e+01
4.385155000000000136e+00,1.251853699999999890e+03,9.006875800000000254e+02,5.526731200000000399e+02,2.476219600000000014e+02,6.318645300000000020e+01,6.939976599999999962e+01,7.512499599999999589e+01,8.937460699999999747e+01
4.387629200000000118e+00,1.250714699999999993e+03,8.996098200000000134e+02,5.516657199999999648e+02,2.461034500000000094e+02,6.279194799999999788e+01,6.881811999999999330e+01,7.439487699999999393e+01,8.829589599999999905e+01
4.390103400000000100e+00,1.249518600000000106e+03,8.984692000000000007e+02,5.505460799999999608e+02,2.445336100000000101e+02,6.240192400000000106e+01,6.824429600000000562e+01,7.367330800000000579e+01,8.722486200000000167e+01
4.392577499999999802e+00,1.248351400000000012e+03,8.973417799999999716e+02,5.494384199999999510e+02,2.428907900000000097e+02,6.201534399999999891e+01,6.767806299999999453e+01,7.295978700000000572e+01,8.616085099999999386e+01
4.395051699999999784e+00,1.247150900000000092e+03,8.961527599999999438e+02,5.481804899999999634e+02,2.413518300000000067e+02,6.163155100000000175e+01,6.711898100000000511e+01,7.225445200000000057e+01,8.510411100000000317e+01
4.397525800000000373e+00,1.245939800000000105e+03,8.949573599999999942e+02,5.469352400000000216e+02,2.398577899999999943e+02,6.125122799999999756e+01,6.656698799999999494e+01,7.155719899999999711e+01,8.405413199999999563e+01
4.400000000000000355e+00,1.244749700000000075e+03,8.937862699999999450e+02,5.457286599999999908e+02,2.383669800000000123e+02,6.087398600000000215e+01,6.602195000000000391e+01,7.086842400000000453e+01,8.301239900000000205e+01
4.402499999999999858e+00,1.243499499999999898e+03,8.925520699999999579e+02,5.444172899999999800e+02,2.364748800000000131e+02,6.050253200000000220e+01,6.548035900000000709e+01,7.017876300000000356e+01,8.196032900000000154e+01
4.405000000000000249e+00,1.242287199999999984e+03,8.913606099999999515e+02,5.431850299999999834e+02,2.350107800000000111e+02,6.012475200000000086e+01,6.494052499999999384e+01,6.949667399999999873e+01,8.092785600000000557e+01
4.407368400000000186e+00,1.241433399999999892e+03,8.905147200000000112e+02,5.424342900000000327e+02,2.355126700000000142e+02,5.973092299999999710e+01,6.442208999999999719e+01,6.886470799999999315e+01,8.000320000000000675e+01
4.409736800000000123e+00,1.240165199999999913e+03,8.892476900000000342e+02,5.411319799999999987e+02,2.336932600000000093e+02,5.938692199999999843e+01,6.393816900000000203e+01,6.824855800000000272e+01,7.907848400000000311e+01
4.412253299999999712e+00,1.238580999999999904e+03,8.876959799999999632e+02,5.394466700000000401e+02,2.298881100000000117e+02,5.907014999999999816e+01,6.344371300000000247e+01,6.759327700000000050e+01,7.807509799999999700e+01
4.414769699999999908e+00,1.237403299999999945e+03,8.865910999999999831e+02,5.385505900000000565e+02,2.288304699999999912e+02,5.870162799999999947e+01,6.291627199999999931e+01,6.692516999999999427e+01,7.708845100000000627e+01
4.417286200000000385e+00,1.236193700000000035e+03,8.854066699999999628e+02,5.374001500000000533e+02,2.275049099999999953e+02,5.833285399999999754e+01,6.239939300000000344e+01,6.627384000000000697e+01,7.612479700000000093e+01
4.419802599999999693e+00,1.234948900000000094e+03,8.841636899999999741e+02,5.360778900000000249e+02,2.259129900000000077e+02,5.796972000000000236e+01,6.189594000000000307e+01,6.563828900000000033e+01,7.518082499999999868e+01
4.422125499999999931e+00,1.234203099999999949e+03,8.834113099999999577e+02,5.354546299999999519e+02,2.271803600000000074e+02,5.758380499999999813e+01,6.140600599999999787e+01,6.504545099999999991e+01,7.432935000000000514e+01
4.424448400000000170e+00,1.232918899999999894e+03,8.820966200000000299e+02,5.340171000000000276e+02,2.251583899999999971e+02,5.726882799999999918e+01,6.097275100000000236e+01,6.449320299999999406e+01,7.349694100000000674e+01
4.426771300000000409e+00,1.231661000000000058e+03,8.808537800000000288e+02,5.327807800000000498e+02,2.233813399999999945e+02,5.694277499999999748e+01,6.053929000000000116e+01,6.393838300000000174e+01,7.266385499999999809e+01
4.429352200000000295e+00,1.229862000000000080e+03,8.790886299999999665e+02,5.308122100000000501e+02,2.182949099999999873e+02,5.665223300000000251e+01,6.009673399999999788e+01,6.334529899999999714e+01,7.174169399999999541e+01
4.431933199999999573e+00,1.228654099999999971e+03,8.779541699999999764e+02,5.298061699999999519e+02,2.172815999999999974e+02,5.629955400000000054e+01,5.959470199999999807e+01,6.270935800000000171e+01,7.080328000000000088e+01
4.434191499999999841e+00,1.228281400000000076e+03,8.775737199999999802e+02,5.297309000000000196e+02,2.206774000000000058e+02,5.589969700000000330e+01,5.909318600000000288e+01,6.211129499999999837e+01,6.997226000000000568e+01
4.436449900000000390e+00,1.226983199999999897e+03,8.762113600000000133e+02,5.281706199999999853e+02,2.184924300000000130e+02,5.564773999999999887e+01,5.869922900000000254e+01,6.161847800000000319e+01,6.922626200000000551e+01
4.438708199999999771e+00,1.225743099999999913e+03,8.749578099999999949e+02,5.268674399999999878e+02,2.165522499999999866e+02,5.540415600000000040e+01,5.830384699999999754e+01,6.112228199999999845e+01,6.847278099999999768e+01
4.440966600000000319e+00,1.224522799999999961e+03,8.737505099999999629e+02,5.256767899999999827e+02,2.147649099999999862e+02,5.532483500000000021e+01,5.790861100000000050e+01,6.061537299999999817e+01,6.770894699999999489e+01
4.443224899999999700e+00,1.223337500000000091e+03,8.725944899999999507e+02,5.245977799999999434e+02,2.133809500000000128e+02,5.509478399999999709e+01,5.751129900000000106e+01,6.010795300000000196e+01,6.694760800000000245e+01
4.445483300000000249e+00,1.222141399999999976e+03,8.714214299999999866e+02,5.234836999999999989e+02,2.119590800000000002e+02,5.485577399999999670e+01,5.712081899999999735e+01,5.960734500000000224e+01,6.619554499999999564e+01
4.447741599999999629e+00,1.220961099999999988e+03,8.702542399999999816e+02,5.223461999999999534e+02,2.104829000000000008e+02,5.462550699999999892e+01,5.673419200000000018e+01,5.911274300000000181e+01,6.545561700000000371e+01
4.450000000000000178e+00,1.219769199999999955e+03,8.690780499999999620e+02,5.211953600000000506e+02,2.090195999999999970e+02,5.440540000000000020e+01,5.635819200000000251e+01,5.862578899999999749e+01,6.472622599999999693e+01
4.452380999999999922e+00,1.218258399999999938e+03,8.675711300000000392e+02,5.195538099999999986e+02,2.057101399999999956e+02,5.421954000000000207e+01,5.600477699999999714e+01,5.814731799999999851e+01,6.399395799999999923e+01
4.454648500000000233e+00,1.217336499999999887e+03,8.666655700000000024e+02,5.187663400000000138e+02,2.057773699999999906e+02,5.400858199999999698e+01,5.559881599999999935e+01,5.763263500000000050e+01,6.324133499999999941e+01
4.457035399999999647e+00,1.215797299999999950e+03,8.650962500000000546e+02,5.169768599999999878e+02,2.022737199999999973e+02,5.383726899999999915e+01,5.525721699999999714e+01,5.717158700000000238e+01,6.253470300000000037e+01
4.459422400000000231e+00,1.214510899999999992e+03,8.638263799999999719e+02,5.157228099999999813e+02,2.008057100000000048e+02,5.358008300000000190e+01,5.509924800000000289e+01,5.668467900000000270e+01,6.179775200000000268e+01
4.461809299999999645e+00,1.213329999999999927e+03,8.626260499999999638e+02,5.144273200000000088e+02,1.992881899999999860e+02,5.328614699999999971e+01,5.492863100000000287e+01,5.620092499999999802e+01,6.107320899999999853e+01
4.464196199999999948e+00,1.212012400000000071e+03,8.613111400000000231e+02,5.130966600000000426e+02,1.978590399999999931e+02,5.298931999999999931e+01,5.461028699999999958e+01,5.573264900000000210e+01,6.036077800000000337e+01
4.466583100000000250e+00,1.210755100000000084e+03,8.600422800000000052e+02,5.117704100000000267e+02,1.963727199999999868e+02,5.268655300000000352e+01,5.430768700000000138e+01,5.529675499999999744e+01,5.966203000000000145e+01
4.469153699999999674e+00,1.208989000000000033e+03,8.582869500000000471e+02,5.098706900000000246e+02,1.927057000000000073e+02,5.243202999999999747e+01,5.404966399999999993e+01,5.485359600000000313e+01,5.898060000000000258e+01
4.471724199999999705e+00,1.207735599999999977e+03,8.570435300000000325e+02,5.086290700000000129e+02,1.914329099999999926e+02,5.209648899999999827e+01,5.371606400000000292e+01,5.464446399999999926e+01,5.823965100000000206e+01
4.474294699999999736e+00,1.206432399999999916e+03,8.557335799999999608e+02,5.072837599999999725e+02,1.901062100000000044e+02,5.176830000000000354e+01,5.338493900000000281e+01,5.439732000000000056e+01,5.750955100000000186e+01
4.476865199999999767e+00,1.205171599999999899e+03,8.544576499999999442e+02,5.059520299999999793e+02,1.887647900000000050e+02,5.145094699999999932e+01,5.305832199999999688e+01,5.399470000000000169e+01,5.680648200000000259e+01
4.479435800000000079e+00,1.203836000000000013e+03,8.531101899999999887e+02,5.045662100000000123e+02,1.873236599999999896e+02,5.113748700000000014e+01,5.273470100000000116e+01,5.360692199999999730e+01,5.616191500000000048e+01
4.482006300000000110e+00,1.202519299999999930e+03,8.517858300000000327e+02,5.032063400000000115e+02,1.858843799999999931e+02,5.082561400000000162e+01,5.241263399999999706e+01,5.322658200000000051e+01,5.545567599999999686e+01
4.484576800000000141e+00,1.201193700000000035e+03,8.504541199999999890e+02,5.018522199999999884e+02,1.844127000000000010e+02,5.051504299999999859e+01,5.208850499999999784e+01,5.283519600000000338e+01,5.481829799999999864e+01
4.487147399999999564e+00,1.199861400000000003e+03,8.491162500000000364e+02,5.005010199999999827e+02,1.829252600000000086e+02,5.020784100000000194e+01,5.176732499999999959e+01,5.244731199999999660e+01,5.416267599999999760e+01
4.489717899999999595e+00,1.198510199999999941e+03,8.477650399999999991e+02,4.991476099999999860e+02,1.814226199999999949e+02,4.990244299999999811e+01,5.144597699999999918e+01,5.205241500000000343e+01,5.394865200000000272e+01
4.492288399999999626e+00,1.197168400000000020e+03,8.464192699999999832e+02,4.977976499999999760e+02,1.799008699999999976e+02,4.960069399999999717e+01,5.112801799999999730e+01,5.167212899999999820e+01,5.361444699999999841e+01
4.494858899999999657e+00,1.195805599999999913e+03,8.450565000000000282e+02,4.964388099999999895e+02,1.783660900000000140e+02,4.929887800000000198e+01,5.081056699999999893e+01,5.128239599999999854e+01,5.307184699999999822e+01
4.497429499999999969e+00,1.194496900000000096e+03,8.437444699999999784e+02,4.951218799999999760e+02,1.768513499999999965e+02,4.899889900000000154e+01,5.050171699999999930e+01,5.089603600000000228e+01,5.251732499999999959e+01
4.500000000000000000e+00,1.193143199999999979e+03,8.423898000000000366e+02,4.937778400000000261e+02,1.754242600000000039e+02,4.870328500000000105e+01,5.018990199999999646e+01,5.050828099999999665e+01,5.194777400000000256e+01
4.502500000000000391e+00,1.192006800000000112e+03,8.412464400000000069e+02,4.926632599999999798e+02,1.748456899999999905e+02,4.839941699999999969e+01,4.984731099999999770e+01,5.010236100000000192e+01,5.135885999999999996e+01
4.504999999999999893e+00,1.190691299999999956e+03,8.399252800000000434e+02,4.913388100000000236e+02,1.734895600000000115e+02,4.813561800000000090e+01,4.952248099999999909e+01,4.973046800000000189e+01,5.080731200000000314e+01
4.507500000000000284e+00,1.189353900000000067e+03,8.385922000000000480e+02,4.900362200000000144e+02,1.721881799999999885e+02,4.787678700000000021e+01,4.920173599999999681e+01,4.936071400000000153e+01,5.025861400000000145e+01
4.509999999999999787e+00,1.188005100000000084e+03,8.372475899999999456e+02,4.887244099999999776e+02,1.708085100000000125e+02,4.761414400000000313e+01,4.887783000000000300e+01,4.898786100000000232e+01,4.970513100000000151e+01
4.512500000000000178e+00,1.186689699999999903e+03,8.359335499999999683e+02,4.874425200000000018e+02,1.693887799999999970e+02,4.735229400000000055e+01,4.855381599999999764e+01,4.862255499999999842e+01,4.919310500000000275e+01
4.514999999999999680e+00,1.185364499999999907e+03,8.346151999999999589e+02,4.861621400000000222e+02,1.679027299999999912e+02,4.709166599999999647e+01,4.822910000000000252e+01,4.825793600000000083e+01,4.869876899999999864e+01
4.517500000000000071e+00,1.184099099999999908e+03,8.333534600000000410e+02,4.849284200000000169e+02,1.663991599999999949e+02,4.683150400000000246e+01,4.790529300000000035e+01,4.789128800000000297e+01,4.818537500000000051e+01
4.519999999999999574e+00,1.182785800000000108e+03,8.320449399999999969e+02,4.836589000000000169e+02,1.648589299999999866e+02,4.657091499999999940e+01,4.758338700000000188e+01,4.752471899999999749e+01,4.767695400000000205e+01
4.522499999999999964e+00,1.181505200000000059e+03,8.307753999999999905e+02,4.824298299999999813e+02,1.633214099999999860e+02,4.630940100000000115e+01,4.726321099999999831e+01,4.715746399999999738e+01,4.716640999999999906e+01
4.525000000000000355e+00,1.180203999999999951e+03,8.294751899999999978e+02,4.811641000000000190e+02,1.617651700000000119e+02,4.604688500000000317e+01,4.694499100000000169e+01,4.679032500000000283e+01,4.666142599999999874e+01
4.527499999999999858e+00,1.178848999999999933e+03,8.281208800000000565e+02,4.798456699999999842e+02,1.601966500000000053e+02,4.578287699999999916e+01,4.662868900000000139e+01,4.642262399999999900e+01,4.615874999999999773e+01
4.530000000000000249e+00,1.177517000000000053e+03,8.267849400000000060e+02,4.785474100000000135e+02,1.586448399999999879e+02,4.551798000000000144e+01,4.631459900000000118e+01,4.605514500000000311e+01,4.566232200000000319e+01
4.532499999999999751e+00,1.176173000000000002e+03,8.254500799999999572e+02,4.772642200000000230e+02,1.571035899999999970e+02,4.525199800000000039e+01,4.600247800000000353e+01,4.568663800000000208e+01,4.516576400000000291e+01
4.535000000000000142e+00,1.174855700000000070e+03,8.241351600000000417e+02,4.759884099999999876e+02,1.555672600000000045e+02,4.498534099999999825e+01,4.569233799999999945e+01,4.531745000000000090e+01,4.467174299999999931e+01
4.537499999999999645e+00,1.173600300000000061e+03,8.228972599999999602e+02,4.748050600000000259e+02,1.540459199999999953e+02,4.471861400000000231e+01,4.538450900000000132e+01,4.494782299999999964e+01,4.418213200000000285e+01
4.540000000000000036e+00,1.172284599999999955e+03,8.215758899999999585e+02,4.734812200000000075e+02,1.524669700000000034e+02,4.445367399999999947e+01,4.507863499999999846e+01,4.457813300000000112e+01,4.369791500000000184e+01
4.542500000000000426e+00,1.171044499999999971e+03,8.203483300000000327e+02,4.722855999999999881e+02,1.509149999999999920e+02,4.418638700000000341e+01,4.477514099999999786e+01,4.420933399999999835e+01,4.321962400000000315e+01
4.544999999999999929e+00,1.169717699999999923e+03,8.190175299999999652e+02,4.709397000000000162e+02,1.493400599999999940e+02,4.391355099999999823e+01,4.447368099999999913e+01,4.384095899999999801e+01,4.267846600000000024e+01
4.547500000000000320e+00,1.168375299999999925e+03,8.176776800000000094e+02,4.696318400000000111e+02,1.477959099999999921e+02,4.363723999999999847e+01,4.417031200000000268e+01,4.347222200000000214e+01,4.224326200000000142e+01
4.549999999999999822e+00,1.167034200000000055e+03,8.163371499999999514e+02,4.683291899999999828e+02,1.462684299999999951e+02,4.336108300000000071e+01,4.387405600000000305e+01,4.310329200000000327e+01,4.188730499999999779e+01
4.552500000000000213e+00,1.165735500000000002e+03,8.150499800000000050e+02,4.670840499999999906e+02,1.447626099999999951e+02,4.308592900000000014e+01,4.358377600000000029e+01,4.273442200000000213e+01,4.151914500000000174e+01
4.554999999999999716e+00,1.164464300000000094e+03,8.137968100000000504e+02,4.658766200000000026e+02,1.432716700000000003e+02,4.281143200000000348e+01,4.329751900000000120e+01,4.236546200000000084e+01,4.114046100000000195e+01
4.557500000000000107e+00,1.163218499999999949e+03,8.125697900000000118e+02,4.646962700000000268e+02,1.417906600000000026e+02,4.253791100000000114e+01,4.301492499999999808e+01,4.199685499999999649e+01,4.076028000000000162e+01
4.559999999999999609e+00,1.161922399999999925e+03,8.112873600000000351e+02,4.634613600000000133e+02,1.402952500000000100e+02,4.226556800000000180e+01,4.273568800000000323e+01,4.162865500000000196e+01,4.038050599999999690e+01
4.562500000000000000e+00,1.160587999999999965e+03,8.099494700000000194e+02,4.621512700000000109e+02,1.388001600000000053e+02,4.199436200000000241e+01,4.245940399999999926e+01,4.126073300000000188e+01,4.000083300000000008e+01
4.565000000000000391e+00,1.159272799999999961e+03,8.086439000000000306e+02,4.608842000000000212e+02,1.373359299999999905e+02,4.172452799999999939e+01,4.218664499999999862e+01,4.089349899999999849e+01,3.962149999999999750e+01
4.567499999999999893e+00,1.158024799999999914e+03,8.074132799999999861e+02,4.596929900000000089e+02,1.359009900000000073e+02,4.145514399999999711e+01,4.191556899999999786e+01,4.052691800000000200e+01,3.924251499999999737e+01
4.570000000000000284e+00,1.156783100000000104e+03,8.061976300000000037e+02,4.585268800000000056e+02,1.344740500000000054e+02,4.118717099999999931e+01,4.164602699999999658e+01,4.016093200000000252e+01,3.886384400000000028e+01
4.572499999999999787e+00,1.155461900000000014e+03,8.048694699999999784e+02,4.571940399999999727e+02,1.330309000000000026e+02,4.092087999999999681e+01,4.137807800000000213e+01,3.979558399999999807e+01,3.848549400000000276e+01
4.575000000000000178e+00,1.154215799999999945e+03,8.036589599999999791e+02,4.560721700000000283e+02,1.316346200000000124e+02,4.065616500000000144e+01,4.111172799999999938e+01,3.943114599999999825e+01,3.810786199999999724e+01
4.577499999999999680e+00,1.152905600000000049e+03,8.023440799999999626e+02,4.547456999999999994e+02,1.302553100000000086e+02,4.039340099999999723e+01,4.084707399999999922e+01,3.906786400000000015e+01,3.773101199999999977e+01
4.580000000000000071e+00,1.151719499999999925e+03,8.012391800000000330e+02,4.538862100000000055e+02,1.288257199999999898e+02,4.013257800000000231e+01,4.058404900000000026e+01,3.870579399999999737e+01,3.735486300000000170e+01
4.582499999999999574e+00,1.150508299999999963e+03,8.001076100000000224e+02,4.532628500000000145e+02,1.260723399999999970e+02,3.987333799999999684e+01,4.032236499999999779e+01,3.834490199999999760e+01,3.697975499999999727e+01
4.584999999999999964e+00,1.149288099999999986e+03,7.989655699999999570e+02,4.524900200000000154e+02,1.238636800000000022e+02,3.961612399999999923e+01,4.006209900000000346e+01,3.798531599999999742e+01,3.660547799999999796e+01
4.587500000000000355e+00,1.148016699999999901e+03,7.977293799999999919e+02,4.515392400000000066e+02,1.210641899999999964e+02,3.936072699999999713e+01,3.980313499999999749e+01,3.762716000000000349e+01,3.623220400000000296e+01
4.589999999999999858e+00,1.146660699999999906e+03,7.963409599999999955e+02,4.500138099999999781e+02,1.193126599999999939e+02,3.910728900000000152e+01,3.954554300000000211e+01,3.727060800000000285e+01,3.586001399999999961e+01
4.592500000000000249e+00,1.145301400000000058e+03,7.949518399999999474e+02,4.484690899999999942e+02,1.177283500000000060e+02,3.885549600000000225e+01,3.928917100000000318e+01,3.691569899999999649e+01,3.548896599999999779e+01
4.594999999999999751e+00,1.143955099999999902e+03,7.935855099999999993e+02,4.469855699999999956e+02,1.161266200000000026e+02,3.860519500000000193e+01,3.903390199999999766e+01,3.656242100000000050e+01,3.511894499999999653e+01
4.597500000000000142e+00,1.142626500000000078e+03,7.922401599999999462e+02,4.455383499999999799e+02,1.144847599999999943e+02,3.835672000000000281e+01,3.878007499999999652e+01,3.621122799999999842e+01,3.475033899999999676e+01
4.599999999999999645e+00,1.141315200000000004e+03,7.909109300000000076e+02,4.441125400000000241e+02,1.128231999999999999e+02,3.810962399999999661e+01,3.852730100000000135e+01,3.586187999999999931e+01,3.438291100000000000e+01
4.602381000000000277e+00,1.140251899999999978e+03,7.898117200000000366e+02,4.428967099999999846e+02,1.118258900000000011e+02,3.783618599999999788e+01,3.825355700000000070e+01,3.548352100000000320e+01,3.398149200000000292e+01
4.604887200000000291e+00,1.138710299999999961e+03,7.882643399999999474e+02,4.412463900000000194e+02,1.094935700000000054e+02,3.763561299999999932e+01,3.804468399999999662e+01,3.519941200000000237e+01,3.368009500000000145e+01
4.607393499999999698e+00,1.137380900000000111e+03,7.869278399999999465e+02,4.398494499999999903e+02,1.078145999999999987e+02,3.738989899999999977e+01,3.779213599999999929e+01,3.484976600000000246e+01,3.331260699999999986e+01
4.609899699999999712e+00,1.136061200000000099e+03,7.855942599999999629e+02,4.384506999999999834e+02,1.060093300000000056e+02,3.714490500000000139e+01,3.753696099999999802e+01,3.449837600000000037e+01,3.294000499999999931e+01
4.612258599999999653e+00,1.135072699999999941e+03,7.845654700000000048e+02,4.373316199999999867e+02,1.050699699999999979e+02,3.686991900000000300e+01,3.726128599999999835e+01,3.412091000000000207e+01,3.253357400000000155e+01
4.614617400000000202e+00,1.133828199999999924e+03,7.832853800000000319e+02,4.359106899999999882e+02,1.034083300000000065e+02,3.664924899999999752e+01,3.703849300000000255e+01,3.382171300000000258e+01,3.220917599999999936e+01
4.617144800000000160e+00,1.132220800000000054e+03,7.816753800000000183e+02,4.341975499999999784e+02,1.009626499999999965e+02,3.646360099999999704e+01,3.684239300000000128e+01,3.355731399999999809e+01,3.192921099999999868e+01
4.619672099999999837e+00,1.130849099999999908e+03,7.802615100000000439e+02,4.323789199999999937e+02,9.910014999999999930e+01,3.621742400000000117e+01,3.658453899999999948e+01,3.320288699999999693e+01,3.155069599999999852e+01
4.622199400000000402e+00,1.129504200000000083e+03,7.788779299999999921e+02,4.307135499999999979e+02,9.722757099999999753e+01,3.597490700000000174e+01,3.632928499999999872e+01,3.285732800000000253e+01,3.117787500000000023e+01
4.624516100000000129e+00,1.128621799999999894e+03,7.779101200000000063e+02,4.294114999999999895e+02,9.640739100000000406e+01,3.568915299999999746e+01,3.604524800000000084e+01,3.247560500000000161e+01,3.076192100000000096e+01
4.626832799999999857e+00,1.127443600000000060e+03,7.766958799999999883e+02,4.280425099999999929e+02,9.478911600000000703e+01,3.547996100000000297e+01,3.583552199999999743e+01,3.220238899999999660e+01,3.046277699999999911e+01
4.629149599999999865e+00,1.126228100000000040e+03,7.754624199999999519e+02,4.266989199999999869e+02,9.322689900000000307e+01,3.526664800000000355e+01,3.562115899999999868e+01,3.191892299999999949e+01,3.015947099999999992e+01
4.631755899999999926e+00,1.124399400000000014e+03,7.736862300000000232e+02,4.250679099999999835e+02,9.032884599999999864e+01,3.511186099999999755e+01,3.544626399999999933e+01,3.168815100000000129e+01,2.991930999999999941e+01
4.634362199999999987e+00,1.122975500000000011e+03,7.722380500000000438e+02,4.235348399999999742e+02,8.834003900000000442e+01,3.485986700000000127e+01,3.517795999999999879e+01,3.132577600000000118e+01,2.953844300000000089e+01
4.636968500000000049e+00,1.121588999999999942e+03,7.708025499999999965e+02,4.219540200000000141e+02,8.626309999999999434e+01,3.461359099999999955e+01,3.491555900000000179e+01,3.097982400000000069e+01,2.916718099999999936e+01
4.639574800000000110e+00,1.120260099999999966e+03,7.694352499999999964e+02,4.204633699999999976e+02,8.437817300000000387e+01,3.437404800000000193e+01,3.466784700000000186e+01,3.065929300000000168e+01,2.882091000000000136e+01
4.642181100000000171e+00,1.118924600000000055e+03,7.680559399999999641e+02,4.189534499999999753e+02,8.246335799999999949e+01,3.413410799999999767e+01,3.442167599999999794e+01,3.034126699999999843e+01,2.847960399999999836e+01
4.644787400000000233e+00,1.117580799999999954e+03,7.666676400000000058e+02,4.174314100000000280e+02,8.054660699999999451e+01,3.389394099999999810e+01,3.417473900000000242e+01,3.002337599999999895e+01,2.814712400000000159e+01
4.647393700000000294e+00,1.116241700000000037e+03,7.652769899999999552e+02,4.158849900000000162e+02,7.857524800000000198e+01,3.365450299999999828e+01,3.392834899999999720e+01,2.970858000000000132e+01,2.781786999999999921e+01
4.650000000000000355e+00,1.114892100000000028e+03,7.638681800000000521e+02,4.142944100000000276e+02,7.655903299999999945e+01,3.341543399999999764e+01,3.368255700000000274e+01,2.939713499999999868e+01,2.746088699999999960e+01
4.652381000000000100e+00,1.113947100000000091e+03,7.627819899999999507e+02,4.127065499999999929e+02,7.514178499999999872e+01,3.312743799999999794e+01,3.339742799999999789e+01,2.903670100000000076e+01,2.702968200000000110e+01
4.654761899999999564e+00,1.112728699999999890e+03,7.614966500000000451e+02,4.111599600000000123e+02,7.347684099999999319e+01,3.292007699999999915e+01,3.319028999999999741e+01,2.878588600000000142e+01,2.672881800000000041e+01
4.657142900000000196e+00,1.111473099999999931e+03,7.601838299999999435e+02,4.096193299999999908e+02,7.182276000000000238e+01,3.270787899999999837e+01,3.297816100000000006e+01,2.852532700000000077e+01,2.642238100000000145e+01
4.659663899999999970e+00,1.109917300000000068e+03,7.586042599999999538e+02,4.079684500000000185e+02,6.971755299999999522e+01,3.252052199999999971e+01,3.277944800000000214e+01,2.828071399999999969e+01,2.612370299999999901e+01
4.662184899999999743e+00,1.108538800000000037e+03,7.571518999999999551e+02,4.062769400000000246e+02,6.770684900000000539e+01,3.228677499999999867e+01,3.253537500000000193e+01,2.797808500000000009e+01,2.576824799999999982e+01
4.664548299999999870e+00,1.107495799999999917e+03,7.559701999999999771e+02,4.046160899999999856e+02,6.586342700000000150e+01,3.202259899999999959e+01,3.226786200000000093e+01,2.765169900000000069e+01,2.539753200000000177e+01
4.666911800000000277e+00,1.106266100000000051e+03,7.546643000000000256e+02,4.030349800000000187e+02,6.398899300000000068e+01,3.181823999999999941e+01,3.206139799999999696e+01,2.740943000000000040e+01,2.513164599999999993e+01
4.669275200000000403e+00,1.105023999999999887e+03,7.533468299999999545e+02,4.014638499999999794e+02,6.226015300000000252e+01,3.161054100000000133e+01,3.185225900000000010e+01,2.716121499999999855e+01,2.486438100000000162e+01
4.671638699999999922e+00,1.103765400000000000e+03,7.520083399999999756e+02,3.998566099999999892e+02,6.045978999999999814e+01,3.139898900000000026e+01,3.163551700000000011e+01,2.690298699999999954e+01,2.458368099999999856e+01
4.674002100000000048e+00,1.102511600000000044e+03,7.506673299999999927e+02,3.982394400000000019e+02,5.871978000000000009e+01,3.118876099999999951e+01,3.141863700000000037e+01,2.664673499999999962e+01,2.430169700000000077e+01
4.676365500000000175e+00,1.101253500000000031e+03,7.493220800000000281e+02,3.966308599999999842e+02,5.722707700000000131e+01,3.098011999999999944e+01,3.120344700000000060e+01,2.639478599999999986e+01,2.402235299999999896e+01
4.678728999999999694e+00,1.100017800000000079e+03,7.479978999999999587e+02,3.950518799999999828e+02,5.601998100000000136e+01,3.077248700000000170e+01,3.098940800000000095e+01,2.614582000000000050e+01,2.374495299999999887e+01
4.681092399999999820e+00,1.098782999999999902e+03,7.466751500000000306e+02,3.934726400000000126e+02,5.472192700000000087e+01,3.056483199999999911e+01,3.077562100000000100e+01,2.589889099999999900e+01,2.346858699999999942e+01
4.683455900000000227e+00,1.097574399999999969e+03,7.453731699999999591e+02,3.918989900000000262e+02,5.333537599999999657e+01,3.035776100000000000e+01,3.056255099999999914e+01,2.565440600000000160e+01,2.319329700000000116e+01
4.685819300000000354e+00,1.096353900000000067e+03,7.440651500000000169e+02,3.903413300000000277e+02,5.201339699999999766e+01,3.015122200000000063e+01,3.035006800000000027e+01,2.541226299999999938e+01,2.291888799999999904e+01
4.688182799999999872e+00,1.095146999999999935e+03,7.427710200000000214e+02,3.888045599999999808e+02,5.078867100000000079e+01,2.994593400000000116e+01,3.013879700000000028e+01,2.517298900000000117e+01,2.264571400000000168e+01
4.690546199999999999e+00,1.093946799999999939e+03,7.414835000000000491e+02,3.872803000000000111e+02,4.964982200000000034e+01,2.974098400000000098e+01,2.992800899999999942e+01,2.493592399999999998e+01,2.237317900000000037e+01
4.692909700000000406e+00,1.092740500000000111e+03,7.401982900000000427e+02,3.857634600000000091e+02,4.859151800000000065e+01,2.953677100000000166e+01,2.971805499999999967e+01,2.470134099999999933e+01,2.210137900000000144e+01
4.695273099999999644e+00,1.091551300000000083e+03,7.389260600000000068e+02,3.842608700000000113e+02,4.761989799999999917e+01,2.933310699999999827e+01,2.950883800000000079e+01,2.446914200000000150e+01,2.183013400000000104e+01
4.697636600000000051e+00,1.090377099999999928e+03,7.376669100000000299e+02,3.827716199999999844e+02,4.672522800000000132e+01,2.912985000000000113e+01,2.930013599999999840e+01,2.423874700000000004e+01,2.155761599999999945e+01
4.700000000000000178e+00,1.089207200000000057e+03,7.364148300000000518e+02,3.812960199999999986e+02,4.590077399999999841e+01,2.892709999999999937e+01,2.909217100000000045e+01,2.401075099999999907e+01,2.128585100000000097e+01
4.702380999999999922e+00,1.088017200000000003e+03,7.351487200000000257e+02,3.798371500000000083e+02,4.513690700000000078e+01,2.872883900000000068e+01,2.888818799999999953e+01,2.378848199999999835e+01,2.101876400000000089e+01
4.704761900000000274e+00,1.086855199999999968e+03,7.339057000000000244e+02,3.783875600000000077e+02,4.443621000000000265e+01,2.852527999999999864e+01,2.867953100000000077e+01,2.356243299999999863e+01,2.074910399999999910e+01
4.707275100000000378e+00,1.085481600000000071e+03,7.325001200000000381e+02,3.769481400000000235e+02,4.381152800000000269e+01,2.835001000000000104e+01,2.849419500000000127e+01,2.336327899999999858e+01,2.051432499999999948e+01
4.709788399999999875e+00,1.084272200000000112e+03,7.312135399999999663e+02,3.754830600000000231e+02,4.318208899999999772e+01,2.813154700000000119e+01,2.826826399999999850e+01,2.311902399999999957e+01,2.022009399999999957e+01
4.712301599999999979e+00,1.083093100000000049e+03,7.299507200000000466e+02,3.740315200000000004e+02,4.264356800000000192e+01,2.791643300000000139e+01,2.804587700000000083e+01,2.288214699999999979e+01,1.992850500000000125e+01
4.714814800000000083e+00,1.081937200000000075e+03,7.287114500000000135e+02,3.725940299999999752e+02,4.220730600000000265e+01,2.770543100000000081e+01,2.783061100000000110e+01,2.265587800000000129e+01,1.964568299999999823e+01
4.717328000000000188e+00,1.080790199999999913e+03,7.274797999999999547e+02,3.711553200000000174e+02,4.181844300000000203e+01,2.749481499999999912e+01,2.761695100000000025e+01,2.243241300000000038e+01,1.936419100000000171e+01
4.719841299999999684e+00,1.079609899999999925e+03,7.262166899999999714e+02,3.696937800000000038e+02,4.147076799999999963e+01,2.728344900000000095e+01,2.740287100000000109e+01,2.220972400000000135e+01,1.908115499999999898e+01
4.722354499999999788e+00,1.078426600000000008e+03,7.249457300000000259e+02,3.682137500000000045e+02,4.112597300000000189e+01,2.707225800000000149e+01,2.718928999999999974e+01,2.198883800000000122e+01,1.879673899999999875e+01
4.724867699999999893e+00,1.077267399999999952e+03,7.236983999999999924e+02,3.667590500000000020e+02,4.081363199999999836e+01,2.686253299999999911e+01,2.697738700000000023e+01,2.177109700000000103e+01,1.851240599999999858e+01
4.727381000000000277e+00,1.076127899999999954e+03,7.224739299999999957e+02,3.653341899999999782e+02,4.054993699999999990e+01,2.665379300000000029e+01,2.676666499999999971e+01,2.155572099999999836e+01,1.822705500000000001e+01
4.729894200000000382e+00,1.074996000000000095e+03,7.212585100000000011e+02,3.639307600000000207e+02,4.032967099999999760e+01,2.644552699999999845e+01,2.655668199999999857e+01,2.134244400000000041e+01,1.794160199999999961e+01
4.732407399999999598e+00,1.073846800000000030e+03,7.200307999999999993e+02,3.625233499999999935e+02,4.012208799999999798e+01,2.623848699999999923e+01,2.634814499999999882e+01,2.113187699999999936e+01,1.765706899999999990e+01
4.734920599999999702e+00,1.072705600000000004e+03,7.188096699999999828e+02,3.611251100000000065e+02,3.993256300000000181e+01,2.603256000000000014e+01,2.614073000000000135e+01,2.092358199999999968e+01,1.737031100000000094e+01
4.737433900000000087e+00,1.071584100000000035e+03,7.176127199999999675e+02,3.597614899999999807e+02,3.979585099999999898e+01,2.582834100000000177e+01,2.593454799999999949e+01,2.071740600000000043e+01,1.708209700000000097e+01
4.739947100000000191e+00,1.070462099999999964e+03,7.164134099999999989e+02,3.583978799999999865e+02,3.966802799999999962e+01,2.562298499999999990e+01,2.572785899999999870e+01,2.051219599999999943e+01,1.679255799999999965e+01
4.742460300000000295e+00,1.069404099999999971e+03,7.152993400000000292e+02,3.571671799999999735e+02,3.971834400000000187e+01,2.542336799999999997e+01,2.552507800000000060e+01,2.031088300000000046e+01,1.650453699999999913e+01
4.744973500000000399e+00,1.068273500000000013e+03,7.140817799999999806e+02,3.557773599999999874e+02,3.958864700000000170e+01,2.521720799999999940e+01,2.531900399999999962e+01,2.010866100000000145e+01,1.621500500000000144e+01
4.747486799999999896e+00,1.067182900000000018e+03,7.129228299999999763e+02,3.544927900000000136e+02,3.958289599999999808e+01,2.501707599999999942e+01,2.511718899999999977e+01,1.991050699999999907e+01,1.592754300000000001e+01
4.750000000000000000e+00,1.066063100000000077e+03,7.117304199999999810e+02,3.531684500000000071e+02,3.954810899999999663e+01,2.481573600000000113e+01,2.491523600000000016e+01,1.971329100000000167e+01,1.563970699999999958e+01
4.752500000000000391e+00,1.064988200000000006e+03,7.105735100000000557e+02,3.518826099999999997e+02,3.955049999999999955e+01,2.461377200000000087e+01,2.471272599999999997e+01,1.951596100000000078e+01,1.534871300000000005e+01
4.754999999999999893e+00,1.063899799999999914e+03,7.094254499999999553e+02,3.506362799999999993e+02,3.962504599999999755e+01,2.441744999999999877e+01,2.451559100000000058e+01,1.932466300000000103e+01,1.506498500000000007e+01
4.757500000000000284e+00,1.062833200000000033e+03,7.082920000000000300e+02,3.494020800000000122e+02,3.967107399999999728e+01,2.422165000000000035e+01,2.431932400000000172e+01,1.913466100000000125e+01,1.478186099999999925e+01
4.759999999999999787e+00,1.061750099999999975e+03,7.071324399999999741e+02,3.480957000000000221e+02,3.956760400000000288e+01,2.402346899999999863e+01,2.412194099999999963e+01,1.894445299999999932e+01,1.449797500000000028e+01
4.762500000000000178e+00,1.060707599999999957e+03,7.060203699999999571e+02,3.468734299999999848e+02,3.957129900000000333e+01,2.382885100000000023e+01,2.392703099999999949e+01,1.875656800000000146e+01,1.421513099999999952e+01
4.764999999999999680e+00,1.059655099999999948e+03,7.049028700000000072e+02,3.456465999999999781e+02,3.954453300000000127e+01,2.363364599999999882e+01,2.373220900000000100e+01,1.856928699999999921e+01,1.393120500000000028e+01
4.767500000000000071e+00,1.058625299999999925e+03,7.038071499999999787e+02,3.444565499999999929e+02,3.954565999999999804e+01,2.344102399999999875e+01,2.353962900000000147e+01,1.838401999999999958e+01,1.364192000000000071e+01
4.769999999999999574e+00,1.057582100000000082e+03,7.026979499999999916e+02,3.432546100000000138e+02,3.953144700000000000e+01,2.324883099999999914e+01,2.334803300000000092e+01,1.820076699999999903e+01,1.337469899999999967e+01
4.772499999999999964e+00,1.056559299999999894e+03,7.016151999999999589e+02,3.420879600000000096e+02,3.952408499999999947e+01,2.305757900000000049e+01,2.315724600000000066e+01,1.801810599999999951e+01,1.311172400000000060e+01
4.775000000000000355e+00,1.055531099999999924e+03,7.005229699999999866e+02,3.409126699999999914e+02,3.951081200000000138e+01,2.286683400000000077e+01,2.296705400000000097e+01,1.783567199999999886e+01,1.284245600000000032e+01
4.777499999999999858e+00,1.054516800000000103e+03,6.994466800000000148e+02,3.397566499999999792e+02,3.949791900000000311e+01,2.267738900000000157e+01,2.277812700000000135e+01,1.765419500000000141e+01,1.257898199999999989e+01
4.780000000000000249e+00,1.053511099999999942e+03,6.983802899999999454e+02,3.386150799999999776e+02,3.948185200000000350e+01,2.248914500000000061e+01,2.259053600000000017e+01,1.747390800000000155e+01,1.232503400000000049e+01
4.782499999999999751e+00,1.052522600000000011e+03,6.973332500000000209e+02,3.374928699999999822e+02,3.946318699999999779e+01,2.230185200000000023e+01,2.240399100000000132e+01,1.729437499999999872e+01,1.207759599999999978e+01
4.785000000000000142e+00,1.051555599999999913e+03,6.963111699999999473e+02,3.363967200000000162e+02,3.944068699999999694e+01,2.211542199999999880e+01,2.221839599999999848e+01,1.711535800000000052e+01,1.183547500000000063e+01
4.787499999999999645e+00,1.050575800000000072e+03,6.952752199999999903e+02,3.353007000000000062e+02,3.941268199999999666e+01,2.193007400000000118e+01,2.203393700000000166e+01,1.693696900000000127e+01,1.159910799999999931e+01
4.790000000000000036e+00,1.049610899999999901e+03,6.942586599999999635e+02,3.342263399999999933e+02,3.938037800000000033e+01,2.174597599999999886e+01,2.185079299999999947e+01,1.675936000000000092e+01,1.136907399999999946e+01
4.792500000000000426e+00,1.048665999999999940e+03,6.932627499999999827e+02,3.331739200000000096e+02,3.934363499999999902e+01,2.156290999999999869e+01,2.166874299999999920e+01,1.658227600000000024e+01,1.114506100000000011e+01
4.794999999999999929e+00,1.047726100000000088e+03,6.922743699999999762e+02,3.321338499999999954e+02,3.930247800000000069e+01,2.138044800000000123e+01,2.148738900000000029e+01,1.640534699999999901e+01,1.092662600000000062e+01
4.797500000000000320e+00,1.046792099999999891e+03,6.912964299999999866e+02,3.311087099999999737e+02,3.925653599999999699e+01,2.119886299999999935e+01,2.130702300000000093e+01,1.622872399999999971e+01,1.071385700000000085e+01
4.799999999999999822e+00,1.045889499999999998e+03,6.903453299999999899e+02,3.301155699999999911e+02,3.920861099999999766e+01,2.101948399999999850e+01,2.112868500000000083e+01,1.605346600000000024e+01,1.050811599999999935e+01
4.802380999999999567e+00,1.045145500000000084e+03,6.895052299999999832e+02,3.291210300000000188e+02,3.934518800000000027e+01,2.081810799999999873e+01,2.093183700000000158e+01,1.586012700000000031e+01,1.028142599999999973e+01
4.804761899999999919e+00,1.044292500000000018e+03,6.886102399999999761e+02,3.281912800000000061e+02,3.929534300000000258e+01,2.065739500000000106e+01,2.077225200000000171e+01,1.570307099999999956e+01,1.010459200000000024e+01
4.807142899999999663e+00,1.043436500000000024e+03,6.877228199999999561e+02,3.272828099999999836e+02,3.922157899999999842e+01,2.049435100000000176e+01,2.061108199999999968e+01,1.554308900000000015e+01,9.930800299999999581e+00
4.809523800000000016e+00,1.042600899999999911e+03,6.868551700000000437e+02,3.264033400000000142e+02,3.913110600000000261e+01,2.032610499999999831e+01,2.044453299999999984e+01,1.537685199999999952e+01,9.756398799999999483e+00
4.811904799999999760e+00,1.041770400000000109e+03,6.859990299999999479e+02,3.255523200000000088e+02,3.904061500000000251e+01,2.015916100000000100e+01,2.027893800000000013e+01,1.521068099999999923e+01,9.586423999999999168e+00
4.814285700000000112e+00,1.040963299999999890e+03,6.851634800000000496e+02,3.247294299999999794e+02,3.894694599999999696e+01,1.999293300000000073e+01,2.011417700000000153e+01,1.504499599999999937e+01,9.421573000000000420e+00
4.816666699999999857e+00,1.040160300000000007e+03,6.843427799999999479e+02,3.239272799999999961e+02,3.884958799999999712e+01,1.982947899999999919e+01,1.995191200000000009e+01,1.488101799999999919e+01,9.262418699999999561e+00
4.819047600000000209e+00,1.039378899999999931e+03,6.835357000000000198e+02,3.231489399999999819e+02,3.875499099999999686e+01,1.966572100000000134e+01,1.978943299999999894e+01,1.471641200000000005e+01,9.107371499999999287e+00
4.821428599999999953e+00,1.038599400000000060e+03,6.827323800000000347e+02,3.223684999999999832e+02,3.865974400000000344e+01,1.950285699999999878e+01,1.962765699999999924e+01,1.455185600000000079e+01,8.956540900000000249e+00
4.823809500000000305e+00,1.037816700000000083e+03,6.819255299999999806e+02,3.216238500000000045e+02,3.857010300000000314e+01,1.934092199999999906e+01,1.946669199999999833e+01,1.438757799999999953e+01,8.809968299999999530e+00
4.826190500000000050e+00,1.037061699999999973e+03,6.811479100000000244e+02,3.208229000000000042e+02,3.848192499999999683e+01,1.918084100000000092e+01,1.930752199999999874e+01,1.422470999999999997e+01,8.668764299999999423e+00
4.828571400000000402e+00,1.036306800000000067e+03,6.803549400000000560e+02,3.198674500000000194e+02,3.839475999999999800e+01,1.902110100000000159e+01,1.914853799999999850e+01,1.406169200000000075e+01,8.531172299999999709e+00
4.830952400000000146e+00,1.035580099999999902e+03,6.795980299999999943e+02,3.190466200000000185e+02,3.831045499999999748e+01,1.886337999999999937e+01,1.899136199999999874e+01,1.390008599999999994e+01,8.398661699999999897e+00
4.833333299999999610e+00,1.034859799999999950e+03,6.788562100000000328e+02,3.183135800000000017e+02,3.823240599999999745e+01,1.870527999999999835e+01,1.883370899999999892e+01,1.373785600000000073e+01,8.269037799999999550e+00
4.835714300000000243e+00,1.034158599999999979e+03,6.781361500000000433e+02,3.176022899999999822e+02,3.815683500000000095e+01,1.854870199999999869e+01,1.867728599999999872e+01,1.357643799999999956e+01,8.142523900000000481e+00
4.838095199999999707e+00,1.033465400000000045e+03,6.774255299999999806e+02,3.169023099999999999e+02,3.808131000000000199e+01,1.839303699999999964e+01,1.852096200000000081e+01,1.341590500000000041e+01,8.021187199999999962e+00
4.840476200000000340e+00,1.032782799999999952e+03,6.767279099999999517e+02,3.162201400000000149e+02,3.800386600000000215e+01,1.823903999999999925e+01,1.836582200000000142e+01,1.325675200000000054e+01,7.904292400000000107e+00
4.842857099999999804e+00,1.032122000000000071e+03,6.760518399999999701e+02,3.155620799999999804e+02,3.792468800000000329e+01,1.808546300000000073e+01,1.821094300000000032e+01,1.309795699999999918e+01,7.790741399999999928e+00
4.845238100000000436e+00,1.031466899999999896e+03,6.753839100000000144e+02,3.149218399999999747e+02,3.784286999999999779e+01,1.793264100000000028e+01,1.805665400000000176e+01,1.293970999999999982e+01,7.680466100000000296e+00
4.847618999999999900e+00,1.030834399999999960e+03,6.747392999999999574e+02,3.143091200000000072e+02,3.775893099999999691e+01,1.778079599999999871e+01,1.790316400000000030e+01,1.278238699999999994e+01,7.573830100000000343e+00
4.849999999999999645e+00,1.030216599999999971e+03,6.741122400000000425e+02,3.137208099999999718e+02,3.767574900000000326e+01,1.763037399999999977e+01,1.775096399999999974e+01,1.262646900000000016e+01,7.471097000000000321e+00
4.852500000000000036e+00,1.029469499999999925e+03,6.734161100000000033e+02,3.131778100000000222e+02,3.736182900000000018e+01,1.750039299999999898e+01,1.761673299999999998e+01,1.248854599999999948e+01,7.385747499999999910e+00
4.854874999999999829e+00,1.029001899999999978e+03,6.728894699999999602e+02,3.126221400000000017e+02,3.751743199999999945e+01,1.731558400000000120e+01,1.743402100000000132e+01,1.229957600000000006e+01,7.264979799999999877e+00
4.857249999999999623e+00,1.028413999999999987e+03,6.722915100000000166e+02,3.120662899999999809e+02,3.743165400000000176e+01,1.717011199999999960e+01,1.728601600000000005e+01,1.214952000000000076e+01,7.172961299999999873e+00
4.859625000000000306e+00,1.027832100000000082e+03,6.717043099999999640e+02,3.115285200000000145e+02,3.733768899999999746e+01,1.702815000000000012e+01,1.714072300000000126e+01,1.200397700000000079e+01,7.085825299999999771e+00
4.862000000000000099e+00,1.027261999999999944e+03,6.711317099999999982e+02,3.110142799999999852e+02,3.722949299999999795e+01,1.688378499999999960e+01,1.699296899999999866e+01,1.185540400000000005e+01,7.000555199999999978e+00
4.864374999999999893e+00,1.026713799999999992e+03,6.705820099999999684e+02,3.105320399999999950e+02,3.712178500000000270e+01,1.673835599999999957e+01,1.684434299999999851e+01,1.170583500000000043e+01,6.917219700000000415e+00
4.866749999999999687e+00,1.026171900000000051e+03,6.700466499999999996e+02,3.100688299999999913e+02,3.699639700000000175e+01,1.659406699999999901e+01,1.669667099999999849e+01,1.155767499999999970e+01,6.836576799999999565e+00
4.869125000000000369e+00,1.025639499999999998e+03,6.695271300000000565e+02,3.096231799999999907e+02,3.685087899999999905e+01,1.645073500000000166e+01,1.654969499999999982e+01,1.141099799999999931e+01,6.759066400000000030e+00
4.871500000000000163e+00,1.025129799999999932e+03,6.690220500000000357e+02,3.091943400000000111e+02,3.669374100000000283e+01,1.630850600000000128e+01,1.640346500000000063e+01,1.126587800000000072e+01,6.685957400000000383e+00
4.873874999999999957e+00,1.024635199999999941e+03,6.685305700000000115e+02,3.087819000000000074e+02,3.652837000000000245e+01,1.616701899999999981e+01,1.625765799999999928e+01,1.112196100000000065e+01,6.619979299999999789e+00
4.876249999999999751e+00,1.024161599999999908e+03,6.680592799999999443e+02,3.083881799999999771e+02,3.635765399999999659e+01,1.602686399999999978e+01,1.611304000000000158e+01,1.098128299999999946e+01,6.539944799999999780e+00
4.878625000000000433e+00,1.023692400000000021e+03,6.675959800000000541e+02,3.080065999999999917e+02,3.618211600000000061e+01,1.588757200000000047e+01,1.596858100000000036e+01,1.084094299999999933e+01,6.469255600000000328e+00
4.881000000000000227e+00,1.023235699999999952e+03,6.671452900000000454e+02,3.076379200000000083e+02,3.600311500000000109e+01,1.574923800000000007e+01,1.582460799999999956e+01,1.070202300000000051e+01,6.401864200000000338e+00
4.883375000000000021e+00,1.022789099999999962e+03,6.667054799999999659e+02,3.072806100000000242e+02,3.582103899999999896e+01,1.561153799999999947e+01,1.568095300000000059e+01,1.056470200000000048e+01,6.335019299999999909e+00
4.885749999999999815e+00,1.022355699999999956e+03,6.662793900000000349e+02,3.069359400000000164e+02,3.563675700000000290e+01,1.547467100000000073e+01,1.553776599999999952e+01,1.042919099999999943e+01,6.268427199999999644e+00
4.888124999999999609e+00,1.021937500000000000e+03,6.658681299999999510e+02,3.066043900000000235e+02,3.545140099999999705e+01,1.533911600000000064e+01,1.539553100000000008e+01,1.029599699999999984e+01,6.202844699999999989e+00
4.890500000000000291e+00,1.021533199999999965e+03,6.654700699999999642e+02,3.062844600000000241e+02,3.526583300000000065e+01,1.520433500000000038e+01,1.525370700000000035e+01,1.016460099999999933e+01,6.137663299999999822e+00
4.892875000000000085e+00,1.021144499999999994e+03,6.650872200000000021e+02,3.059768599999999878e+02,3.507911899999999861e+01,1.506995399999999918e+01,1.511204099999999961e+01,1.003498300000000043e+01,6.072765900000000272e+00
4.895249999999999879e+00,1.020764999999999986e+03,6.647140000000000555e+02,3.056787499999999795e+02,3.489103699999999719e+01,1.493669000000000047e+01,1.497096600000000066e+01,9.906773100000000554e+00,6.010756599999999672e+00
4.897624999999999673e+00,1.020400899999999979e+03,6.643553900000000567e+02,3.053921900000000278e+02,3.470130600000000243e+01,1.480377099999999935e+01,1.482997399999999999e+01,9.780504099999999923e+00,5.948616699999999646e+00
4.900000000000000355e+00,1.020047900000000027e+03,6.640082999999999629e+02,3.051160899999999856e+02,3.451087499999999864e+01,1.467202100000000087e+01,1.468965700000000041e+01,9.656145699999999721e+00,5.888360200000000155e+00
4.902381000000000100e+00,1.019709200000000010e+03,6.636755200000000059e+02,3.048532700000000091e+02,3.430758000000000152e+01,1.454161500000000018e+01,1.455043900000000079e+01,9.534751099999999369e+00,5.828337199999999996e+00
4.904887200000000114e+00,1.019249599999999987e+03,6.632718800000000101e+02,3.046087699999999927e+02,3.388313200000000336e+01,1.442993399999999937e+01,1.442854200000000020e+01,9.429599700000000695e+00,5.777579399999999588e+00
4.907142900000000196e+00,1.019244299999999953e+03,6.631684800000000450e+02,3.044099199999999996e+02,3.417371500000000140e+01,1.424546300000000087e+01,1.423788500000000035e+01,9.266438199999999625e+00,5.691375899999999710e+00
4.909523799999999660e+00,1.018772699999999986e+03,6.627386199999999690e+02,3.040743100000000254e+02,3.373146100000000303e+01,1.415348799999999940e+01,1.413601300000000016e+01,9.182955099999999149e+00,5.650437400000000387e+00
4.911904800000000293e+00,1.018483600000000024e+03,6.624565900000000056e+02,3.038517800000000193e+02,3.354187399999999997e+01,1.402789800000000042e+01,1.400181300000000029e+01,9.074244699999999497e+00,5.593410300000000390e+00
4.914285699999999757e+00,1.018227800000000002e+03,6.622088899999999967e+02,3.036687499999999886e+02,3.333396400000000170e+01,1.389654900000000026e+01,1.386211400000000005e+01,8.961316500000000573e+00,5.535123300000000413e+00
4.916836700000000171e+00,1.017803599999999960e+03,6.618510800000000245e+02,3.034831599999999980e+02,3.285291000000000139e+01,1.379269000000000034e+01,1.374911999999999956e+01,8.870681299999999325e+00,5.490313699999999741e+00
4.919387799999999977e+00,1.017563899999999990e+03,6.616128999999999678e+02,3.033379100000000221e+02,3.265139700000000289e+01,1.364890800000000048e+01,1.359695999999999927e+01,8.749309200000000786e+00,5.426862700000000039e+00
4.921742499999999687e+00,1.017562800000000038e+03,6.615179299999999785e+02,3.031532300000000077e+02,3.279594300000000118e+01,1.347755500000000062e+01,1.341705800000000082e+01,8.609130600000000300e+00,5.349603600000000014e+00
4.924097299999999677e+00,1.017337599999999952e+03,6.612642700000000104e+02,3.028444600000000264e+02,3.261423599999999823e+01,1.336553199999999997e+01,1.329409500000000044e+01,8.517858600000000280e+00,5.299153800000000025e+00
4.926452099999999668e+00,1.017121700000000033e+03,6.610416400000000294e+02,3.025937200000000189e+02,3.243104100000000045e+01,1.325322399999999945e+01,1.316979100000000003e+01,8.428302399999999750e+00,5.250156600000000395e+00
4.929068599999999911e+00,1.016620000000000005e+03,6.606355800000000045e+02,3.023979499999999803e+02,3.181068099999999887e+01,1.317222100000000040e+01,1.307610700000000037e+01,8.360868500000000481e+00,5.217812399999999684e+00
4.931684999999999874e+00,1.016484100000000012e+03,6.605017199999999775e+02,3.023657099999999787e+02,3.160907699999999920e+01,1.302435799999999944e+01,1.291794400000000032e+01,8.244895299999999594e+00,5.155295599999999645e+00
4.934301399999999838e+00,1.016374699999999962e+03,6.603760200000000395e+02,3.022706499999999892e+02,3.140759800000000013e+01,1.287992299999999979e+01,1.276315800000000067e+01,8.132511100000000326e+00,5.094456899999999955e+00
4.936917799999999801e+00,1.016275099999999952e+03,6.602442999999999529e+02,3.021061199999999758e+02,3.122901399999999938e+01,1.274692100000000039e+01,1.261896499999999932e+01,8.031181999999999377e+00,5.037249199999999760e+00
4.939534300000000044e+00,1.016158599999999979e+03,6.600886799999999539e+02,3.018966199999999844e+02,3.104180200000000056e+01,1.261682200000000087e+01,1.247659499999999966e+01,7.934333900000000384e+00,4.981857699999999944e+00
4.942150700000000008e+00,1.016046500000000037e+03,6.599344800000000077e+02,3.016878600000000006e+02,3.086216500000000096e+01,1.248674500000000087e+01,1.233372899999999994e+01,7.839035299999999928e+00,4.927337699999999820e+00
4.944767099999999971e+00,1.015969399999999951e+03,6.598124000000000251e+02,3.014959000000000060e+02,3.068229499999999987e+01,1.235666499999999957e+01,1.219089300000000087e+01,7.741763500000000242e+00,4.873641100000000392e+00
4.947383600000000214e+00,1.016019199999999955e+03,6.598631100000000060e+02,3.015711499999999887e+02,3.052223700000000051e+01,1.222777699999999967e+01,1.204953300000000027e+01,7.652580799999999961e+00,4.820667199999999930e+00
4.950000000000000178e+00,1.016033699999999953e+03,6.598472100000000182e+02,3.015043999999999755e+02,3.033356099999999955e+01,1.210002599999999973e+01,1.190934299999999979e+01,7.565276100000000170e+00,4.769039600000000156e+00
4.952631600000000134e+00,1.016011899999999969e+03,6.597896299999999883e+02,3.013891699999999787e+02,3.012180700000000044e+01,1.197522999999999982e+01,1.177223599999999948e+01,7.481969600000000220e+00,4.719420500000000018e+00
4.955124699999999827e+00,1.016237899999999968e+03,6.599614299999999503e+02,3.014694400000000201e+02,3.012913599999999903e+01,1.182677900000000015e+01,1.161140699999999981e+01,7.386563100000000048e+00,4.658964199999999778e+00
4.957617700000000127e+00,1.016256300000000010e+03,6.599085900000000038e+02,3.012501899999999750e+02,2.993271400000000071e+01,1.171353099999999969e+01,1.148616400000000048e+01,7.313940599999999570e+00,4.613723099999999633e+00
4.960110799999999820e+00,1.016270800000000008e+03,6.598593299999999999e+02,3.010675600000000145e+02,2.975559600000000060e+01,1.160055000000000014e+01,1.136169399999999996e+01,7.243650699999999887e+00,4.570282999999999873e+00
4.962603900000000401e+00,1.016293099999999981e+03,6.598402399999999943e+02,3.009845100000000002e+02,2.958312700000000106e+01,1.148329000000000022e+01,1.123379800000000017e+01,7.173497799999999813e+00,4.525572699999999671e+00
4.965275000000000105e+00,1.016220900000000029e+03,6.597798999999999978e+02,3.009845000000000255e+02,2.920239799999999875e+01,1.138957500000000067e+01,1.113014199999999931e+01,7.117910000000000181e+00,4.492279400000000145e+00
4.967755399999999710e+00,1.016592099999999959e+03,6.600434500000000071e+02,3.010963399999999979e+02,2.924618699999999905e+01,1.122755899999999940e+01,1.095660600000000073e+01,7.027491799999999955e+00,4.429048899999999733e+00
4.970442399999999594e+00,1.016522900000000050e+03,6.599727599999999939e+02,3.010218899999999849e+02,2.884576699999999860e+01,1.114283400000000057e+01,1.086283500000000046e+01,6.978130300000000119e+00,4.399398599999999604e+00
4.973129499999999759e+00,1.016730199999999968e+03,6.601319700000000239e+02,3.011450199999999882e+02,2.869243000000000166e+01,1.101488900000000015e+01,1.072466499999999989e+01,6.909436000000000355e+00,4.352779599999999860e+00
4.975816499999999643e+00,1.016982700000000023e+03,6.603109799999999723e+02,3.012079600000000141e+02,2.852730499999999836e+01,1.088473899999999972e+01,1.058400800000000075e+01,6.841303899999999771e+00,4.305314000000000085e+00
4.978503599999999807e+00,1.017275700000000029e+03,6.605175900000000411e+02,3.012630399999999895e+02,2.838650900000000021e+01,1.076000299999999932e+01,1.044957100000000061e+01,6.777085500000000096e+00,4.259745099999999951e+00
4.981190599999999691e+00,1.017591999999999985e+03,6.607563199999999597e+02,3.013837800000000016e+02,2.822165899999999894e+01,1.063834100000000049e+01,1.031855900000000048e+01,6.715785699999999636e+00,4.215631199999999801e+00
4.983877699999999855e+00,1.017949899999999957e+03,6.610369500000000471e+02,3.015304600000000050e+02,2.809170400000000001e+01,1.051708799999999933e+01,1.018827399999999983e+01,6.656194700000000353e+00,4.172333499999999695e+00
4.986564699999999739e+00,1.018311900000000037e+03,6.613075099999999793e+02,3.016147500000000150e+02,2.795564900000000108e+01,1.039722199999999930e+01,1.005966899999999953e+01,6.599145799999999618e+00,4.130618700000000310e+00
4.989251799999999903e+00,1.018679300000000012e+03,6.615801300000000538e+02,3.017126299999999901e+02,2.783438699999999955e+01,1.027867900000000034e+01,9.932670899999999747e+00,6.544210999999999778e+00,4.090068900000000340e+00
4.991938799999999787e+00,1.019124199999999973e+03,6.619185199999999440e+02,3.018394000000000119e+02,2.771391300000000157e+01,1.015941499999999920e+01,9.805525899999999240e+00,6.489641400000000004e+00,4.049063499999999927e+00
4.994625899999999952e+00,1.019637699999999995e+03,6.623455300000000534e+02,3.020753199999999765e+02,2.761589999999999989e+01,1.004170900000000088e+01,9.680212199999999712e+00,6.437172200000000011e+00,4.009228799999999815e+00
4.997312899999999836e+00,1.020097499999999968e+03,6.627047300000000405e+02,3.022422100000000000e+02,2.751461799999999869e+01,9.924923700000000792e+00,9.556207000000000562e+00,6.386255799999999816e+00,3.970139300000000038e+00
5.000000000000000000e+00,1.020646700000000010e+03,6.631391999999999598e+02,3.024709399999999846e+02,2.742385300000000115e+01,9.809263200000000182e+00,9.433604100000000159e+00,6.336932100000000290e+00,3.931878499999999832e+00
5.002777799999999608e+00,1.021139999999999986e+03,6.635445300000000088e+02,3.027195100000000139e+02,2.726923499999999834e+01,9.706564900000000051e+00,9.324552699999999916e+00,6.294341700000000372e+00,3.900183199999999850e+00
5.005555600000000105e+00,1.021734400000000051e+03,6.640213499999999840e+02,3.029922599999999875e+02,2.719363200000000091e+01,9.584438000000000457e+00,9.195737799999999851e+00,6.246905400000000164e+00,3.861091800000000074e+00
5.008518500000000095e+00,1.022307699999999954e+03,6.645154199999999491e+02,3.033464200000000233e+02,2.700475499999999940e+01,9.489358499999999808e+00,9.094915900000000164e+00,6.208807099999999579e+00,3.834662499999999863e+00
5.011283999999999850e+00,1.023238600000000019e+03,6.652457799999999679e+02,3.037006400000000212e+02,2.709268300000000096e+01,9.326627300000000176e+00,8.926025599999999116e+00,6.143296600000000218e+00,3.777918500000000179e+00
5.014049400000000212e+00,1.024030500000000075e+03,6.658861100000000306e+02,3.040408199999999965e+02,2.705111399999999833e+01,9.220941200000000393e+00,8.815549999999999997e+00,6.103896999999999906e+00,3.746705400000000186e+00
5.016814799999999686e+00,1.024831100000000106e+03,6.665333000000000538e+02,3.043856400000000235e+02,2.702129100000000150e+01,9.108616100000000770e+00,8.700071599999999350e+00,6.056497499999999867e+00,3.709426099999999948e+00
5.019831599999999838e+00,1.025521700000000010e+03,6.671323700000000372e+02,3.048089899999999943e+02,2.683265700000000109e+01,9.034178600000000614e+00,8.621746800000000377e+00,6.029912399999999728e+00,3.694378200000000056e+00
5.022848500000000271e+00,1.026570899999999938e+03,6.679854599999999891e+02,3.052057699999999727e+02,2.690550500000000156e+01,8.895287099999999114e+00,8.478912199999999899e+00,5.973518499999999953e+00,3.650460400000000050e+00
5.025563599999999909e+00,1.027956699999999955e+03,6.690951099999999769e+02,3.058004500000000121e+02,2.723202200000000062e+01,8.733615099999999742e+00,8.313384499999999733e+00,5.914017300000000255e+00,3.600129400000000146e+00
5.028278799999999826e+00,1.028951099999999997e+03,6.699022999999999683e+02,3.062414099999999735e+02,2.729315100000000172e+01,8.633087899999999593e+00,8.212468199999999996e+00,5.869852299999999801e+00,3.566325899999999827e+00
5.030993900000000352e+00,1.030000399999999900e+03,6.707763599999999542e+02,3.067853799999999751e+02,2.738461099999999959e+01,8.545497799999999700e+00,8.123824199999999607e+00,5.837344500000000380e+00,3.544331000000000120e+00
5.033709100000000269e+00,1.031092699999999923e+03,6.716943700000000490e+02,3.073716699999999946e+02,2.747039900000000046e+01,8.436858499999999594e+00,8.014231900000000408e+00,5.793008200000000052e+00,3.511477000000000182e+00
5.036424199999999907e+00,1.032296299999999974e+03,6.727149299999999812e+02,3.080551699999999755e+02,2.760006200000000121e+01,8.339072399999999163e+00,7.915229199999999743e+00,5.758212699999999629e+00,3.488296399999999853e+00
5.039139399999999824e+00,1.033539199999999937e+03,6.737690700000000561e+02,3.087652800000000184e+02,2.773174500000000009e+01,8.229125399999999146e+00,7.805447899999999883e+00,5.711996899999999933e+00,3.454982100000000056e+00
5.041854500000000350e+00,1.034854100000000017e+03,6.748770899999999529e+02,3.094965100000000007e+02,2.784806299999999979e+01,8.133464299999999980e+00,7.709450799999999937e+00,5.677080700000000313e+00,3.432061899999999888e+00
5.044569700000000267e+00,1.036216899999999896e+03,6.760343900000000303e+02,3.102693800000000124e+02,2.795675400000000010e+01,8.026512999999999565e+00,7.603385699999999581e+00,5.631805299999999903e+00,3.399995600000000007e+00
5.047284799999999905e+00,1.037696699999999964e+03,6.773120099999999866e+02,3.112056499999999915e+02,2.811627700000000019e+01,7.933288499999999743e+00,7.510525200000000012e+00,5.597671700000000250e+00,3.378079200000000171e+00
5.049999999999999822e+00,1.039216899999999896e+03,6.786251200000000381e+02,3.121722399999999880e+02,2.825644600000000040e+01,7.829876200000000175e+00,7.408420099999999842e+00,5.553860199999999914e+00,3.348446599999999940e+00
5.052941200000000244e+00,1.040662600000000111e+03,6.799141700000000128e+02,3.131838300000000004e+02,2.825053899999999985e+01,7.764525599999999805e+00,7.343130200000000052e+00,5.530523200000000195e+00,3.339123100000000122e+00
5.055882399999999777e+00,1.042516100000000051e+03,6.815182999999999538e+02,3.143358499999999935e+02,2.844335699999999889e+01,7.645702299999999951e+00,7.226529000000000202e+00,5.480889900000000203e+00,3.305911000000000044e+00
5.058823499999999918e+00,1.044469100000000026e+03,6.832053600000000415e+02,3.155323099999999954e+02,2.866667599999999894e+01,7.541210799999999992e+00,7.123708500000000221e+00,5.441901399999999889e+00,3.282277800000000134e+00
5.061764700000000339e+00,1.046514200000000073e+03,6.849695799999999508e+02,3.167756400000000099e+02,2.890734799999999893e+01,7.433168000000000220e+00,7.018524199999999880e+00,5.395364500000000341e+00,3.251578400000000091e+00
5.064705899999999872e+00,1.048646899999999960e+03,6.868141399999999521e+02,3.180787599999999884e+02,2.917189099999999868e+01,7.338525299999999696e+00,6.926819300000000013e+00,5.358782299999999665e+00,3.230357500000000215e+00
5.067647100000000293e+00,1.050875700000000052e+03,6.887415899999999738e+02,3.194404700000000048e+02,2.944775999999999883e+01,7.234123199999999976e+00,6.826188300000000098e+00,5.313524000000000136e+00,3.201535600000000148e+00
5.070588200000000434e+00,1.053178799999999910e+03,6.907406999999999471e+02,3.208659000000000106e+02,2.974453300000000056e+01,7.142509000000000441e+00,6.738540600000000325e+00,5.279340999999999617e+00,3.183257499999999851e+00
5.073529399999999967e+00,1.055596099999999979e+03,6.928424999999999727e+02,3.223724700000000212e+02,3.006702599999999848e+01,7.040508400000000222e+00,6.641207200000000199e+00,5.234646800000000155e+00,3.155746499999999788e+00
5.076470600000000388e+00,1.058125199999999950e+03,6.950511800000000449e+02,3.239756499999999733e+02,3.044356099999999898e+01,6.952378900000000250e+00,6.557087300000000063e+00,5.201396400000000142e+00,3.139165100000000042e+00
5.079411799999999921e+00,1.060775200000000041e+03,6.973560199999999440e+02,3.256328599999999938e+02,3.079090700000000069e+01,6.852851399999999593e+00,6.461970700000000178e+00,5.156442499999999818e+00,3.111911899999999953e+00
5.082352900000000062e+00,1.063513400000000047e+03,6.997440900000000283e+02,3.273471900000000119e+02,3.113884900000000044e+01,6.768253399999999864e+00,6.381158300000000061e+00,5.123368799999999723e+00,3.096607800000000132e+00
5.085294099999999595e+00,1.066383000000000038e+03,7.022538299999999936e+02,3.291811200000000213e+02,3.156979799999999869e+01,6.671964000000000006e+00,6.289529100000000206e+00,5.079031800000000096e+00,3.070520699999999881e+00
5.088235300000000016e+00,1.069361900000000105e+03,7.048565800000000081e+02,3.310663000000000125e+02,3.196685899999999947e+01,6.591769700000000398e+00,6.213088899999999803e+00,5.048063599999999873e+00,3.057041299999999850e+00
5.091176500000000438e+00,1.072509399999999914e+03,7.076129700000000184e+02,3.330411100000000033e+02,3.242223400000000311e+01,6.497059700000000326e+00,6.123502900000000082e+00,5.003889599999999938e+00,3.031505600000000022e+00
5.094117599999999690e+00,1.075779500000000098e+03,7.104642400000000180e+02,3.350256299999999783e+02,3.301360900000000242e+01,6.417229400000000084e+00,6.048146899999999881e+00,4.971724499999999658e+00,3.017675099999999944e+00
5.097058800000000112e+00,1.079195200000000114e+03,7.134789100000000417e+02,3.373022799999999961e+02,3.379596000000000089e+01,6.326600700000000188e+00,5.962194099999999608e+00,4.928613000000000355e+00,2.993851199999999935e+00
5.099999999999999645e+00,1.082786000000000058e+03,7.166477899999999863e+02,3.396565200000000004e+02,3.464365899999999954e+01,6.250551599999999652e+00,5.889939499999999661e+00,4.897706999999999589e+00,2.981753599999999782e+00
5.102777800000000141e+00,1.086588299999999890e+03,7.199767699999999877e+02,3.421498500000000149e+02,3.567949099999999873e+01,6.144889499999999671e+00,5.791841200000000356e+00,4.846570599999999729e+00,2.951826599999999967e+00
5.105555599999999750e+00,1.090275200000000041e+03,7.232429399999999760e+02,3.446215300000000070e+02,3.648937500000000256e+01,6.080384399999999800e+00,5.732413600000000109e+00,4.818521900000000358e+00,2.941725299999999876e+00
5.108333299999999966e+00,1.094036399999999958e+03,7.265771600000000490e+02,3.471641500000000065e+02,3.733478600000000114e+01,6.004482099999999711e+00,5.661366700000000307e+00,4.781035799999999725e+00,2.922798999999999925e+00
5.111111099999999574e+00,1.098003699999999981e+03,7.301151800000000094e+02,3.499003700000000094e+02,3.827584699999999884e+01,5.938850099999999799e+00,5.599724100000000426e+00,4.753878699999999569e+00,2.913991499999999846e+00
5.113888900000000071e+00,1.102126700000000028e+03,7.337955699999999979e+02,3.527627299999999764e+02,3.928620899999999949e+01,5.861136199999999796e+00,5.526079700000000372e+00,4.714740299999999884e+00,2.894474799999999792e+00
5.116666699999999679e+00,1.106455999999999904e+03,7.376692799999999579e+02,3.557925700000000120e+02,4.037651000000000323e+01,5.795844400000000007e+00,5.464187299999999858e+00,4.686479099999999676e+00,2.885668299999999853e+00
5.119444399999999895e+00,1.110969499999999925e+03,7.417164199999999710e+02,3.589758400000000051e+02,4.155017099999999886e+01,5.719622600000000112e+00,5.391155300000000317e+00,4.647695099999999968e+00,2.867368599999999823e+00
5.122222200000000392e+00,1.115651399999999967e+03,7.459300399999999627e+02,3.623284899999999880e+02,4.287155599999999822e+01,5.656179999999999986e+00,5.335959500000000411e+00,4.619270799999999788e+00,2.858722300000000160e+00
5.125000000000000000e+00,1.120476000000000113e+03,7.502741300000000138e+02,3.658260900000000220e+02,4.439973299999999767e+01,5.582108899999999707e+00,5.267376699999999801e+00,4.580324499999999688e+00,2.839989600000000003e+00
5.127777799999999608e+00,1.125395800000000008e+03,7.546282800000000179e+02,3.690301299999999856e+02,4.481181399999999826e+01,5.522859799999999986e+00,5.211544400000000188e+00,4.553676099999999671e+00,2.832921699999999987e+00
5.130555600000000105e+00,1.130550300000000107e+03,7.592468000000000075e+02,3.725877500000000282e+02,4.556590099999999666e+01,5.453095499999999873e+00,5.145929999999999893e+00,4.515950899999999990e+00,2.815650699999999951e+00
5.133333300000000321e+00,1.135912000000000035e+03,7.640502400000000307e+02,3.763389799999999923e+02,4.664069800000000043e+01,5.396221399999999946e+00,5.093209500000000389e+00,4.489389000000000074e+00,2.808938500000000005e+00
5.136111099999999929e+00,1.141446799999999939e+03,7.689731399999999439e+02,3.799595499999999788e+02,4.648165300000000144e+01,5.327835600000000227e+00,5.029418999999999862e+00,4.451324200000000175e+00,2.791383399999999959e+00
5.138888900000000426e+00,1.147370200000000068e+03,7.743452099999999518e+02,3.842805999999999926e+02,4.785105699999999729e+01,5.272231900000000415e+00,4.978562400000000387e+00,4.424706800000000051e+00,2.784801900000000163e+00
5.141666700000000034e+00,1.153534699999999930e+03,7.799458100000000513e+02,3.888294799999999896e+02,4.947384199999999765e+01,5.205770700000000417e+00,4.917556000000000260e+00,4.387597699999999712e+00,2.768456200000000145e+00
5.144444400000000250e+00,1.159893399999999929e+03,7.857285699999999906e+02,3.935098800000000097e+02,5.105200899999999820e+01,5.151613399999999565e+00,4.868478699999999826e+00,4.360967800000000061e+00,2.762263299999999866e+00
5.147222199999999859e+00,1.166507900000000063e+03,7.917384700000000066e+02,3.983490699999999833e+02,5.262090800000000002e+01,5.087756899999999582e+00,4.810068199999999905e+00,4.324622500000000258e+00,2.746999499999999816e+00
5.150000000000000355e+00,1.173327900000000000e+03,7.979457200000000512e+02,4.033570199999999772e+02,5.424422500000000014e+01,5.037137900000000279e+00,4.764421099999999853e+00,4.297750100000000018e+00,2.742304999999999993e+00
5.152777799999999964e+00,1.180379200000000083e+03,8.043716500000000451e+02,4.085500299999999925e+02,5.593442600000000198e+01,4.975244000000000000e+00,4.707612499999999756e+00,4.260183200000000170e+00,2.726801299999999983e+00
5.155555599999999572e+00,1.187729599999999891e+03,8.110765699999999470e+02,4.139787099999999782e+02,5.772544899999999757e+01,4.925649400000000178e+00,4.662596699999999927e+00,4.236531000000000269e+00,2.721214100000000080e+00
5.158333299999999788e+00,1.195331599999999980e+03,8.180242299999999886e+02,4.196267599999999902e+02,5.960305799999999721e+01,4.865880399999999995e+00,4.607880100000000034e+00,4.205903199999999842e+00,2.706398500000000151e+00
5.161111100000000285e+00,1.203270099999999957e+03,8.252895200000000386e+02,4.255435100000000261e+02,6.159658100000000047e+01,4.818442000000000114e+00,4.565391599999999883e+00,4.185471299999999673e+00,2.701888299999999798e+00
5.163888899999999893e+00,1.211482199999999921e+03,8.328136600000000271e+02,4.316840399999999818e+02,6.368198900000000151e+01,4.760038100000000050e+00,4.512655399999999872e+00,4.153951700000000358e+00,2.687736600000000031e+00
5.166666700000000390e+00,1.219999800000000050e+03,8.406445999999999685e+02,4.381181500000000142e+02,6.595288499999999487e+01,4.712922700000000020e+00,4.470362599999999631e+00,4.131607699999999994e+00,2.682776800000000073e+00
5.169444399999999717e+00,1.228766599999999926e+03,8.487227400000000443e+02,4.447499199999999746e+02,6.842050999999999306e+01,4.658856300000000061e+00,4.421715100000000120e+00,4.100050900000000276e+00,2.669088200000000022e+00
5.172222200000000214e+00,1.238029600000000073e+03,8.573384899999999789e+02,4.521533600000000206e+02,7.177543099999999754e+01,4.612161399999999745e+00,4.381770799999999966e+00,4.077416399999999719e+00,2.664635699999999829e+00
5.174999999999999822e+00,1.247472899999999981e+03,8.660541299999999865e+02,4.593385099999999852e+02,7.398444100000000390e+01,4.554256600000000432e+00,4.330757300000000143e+00,4.044116400000000056e+00,2.650961600000000029e+00
5.177777800000000319e+00,1.257250500000000102e+03,8.750693700000000490e+02,4.667538200000000188e+02,7.645745900000000006e+01,4.512064999999999770e+00,4.293187699999999829e+00,4.022144800000000409e+00,2.647952999999999779e+00
5.180555599999999927e+00,1.267377799999999979e+03,8.844815300000000207e+02,4.746736099999999965e+02,7.961060700000000168e+01,4.459468799999999788e+00,4.244983699999999693e+00,3.989060400000000062e+00,2.634681899999999910e+00
5.183333300000000143e+00,1.277973099999999931e+03,8.943595500000000129e+02,4.830479700000000207e+02,8.311368500000000381e+01,4.422355699999999779e+00,4.210386800000000207e+00,3.967678999999999956e+00,2.632353800000000188e+00
5.186111099999999752e+00,1.288917799999999943e+03,9.045783400000000256e+02,4.917296499999999924e+02,8.677605300000000454e+01,4.373542699999999783e+00,4.164765400000000284e+00,3.935114899999999860e+00,2.619657399999999914e+00
5.188888900000000248e+00,1.300287299999999959e+03,9.152152099999999564e+02,5.007872699999999782e+02,9.064622699999999611e+01,4.337912900000000072e+00,4.131923099999999849e+00,3.914212700000000211e+00,2.618388799999999961e+00
5.191666699999999857e+00,1.312006300000000010e+03,9.262124900000000025e+02,5.101942300000000046e+02,9.473414800000000469e+01,4.290773699999999913e+00,4.087374099999999899e+00,3.881226400000000076e+00,2.605751399999999940e+00
5.194444400000000073e+00,1.324197300000000041e+03,9.376632499999999482e+02,5.200167400000000271e+02,9.908456599999999526e+01,4.256720200000000176e+00,4.055137399999999559e+00,3.859374199999999977e+00,2.603873399999999894e+00
5.197222199999999681e+00,1.336744899999999916e+03,9.494821500000000469e+02,5.302138800000000174e+02,1.036875000000000000e+02,4.213366299999999676e+00,4.013343500000000397e+00,3.827479199999999970e+00,2.592725100000000005e+00
5.200000000000000178e+00,1.349792899999999918e+03,9.617985700000000406e+02,5.408800599999999577e+02,1.085931199999999990e+02,4.183372399999999658e+00,3.984255000000000102e+00,3.807220699999999791e+00,2.592673399999999795e+00
5.202777799999999786e+00,1.363298000000000002e+03,9.745786500000000387e+02,5.520003799999999501e+02,1.137970200000000034e+02,4.140635299999999575e+00,3.942301899999999915e+00,3.774027799999999822e+00,2.580543000000000031e+00
5.205555600000000283e+00,1.377231600000000071e+03,9.878030800000000227e+02,5.635701099999999997e+02,1.193573800000000062e+02,4.113235000000000419e+00,3.912681699999999818e+00,3.752389200000000091e+00,2.579431500000000099e+00
5.208333299999999610e+00,1.391584499999999935e+03,1.001485800000000040e+03,5.756203299999999672e+02,1.252788199999999961e+02,4.081833900000000348e+00,3.875994100000000220e+00,3.722479199999999988e+00,2.569760599999999950e+00
5.211111100000000107e+00,1.406598799999999983e+03,1.015812599999999975e+03,5.882576400000000376e+02,1.316284699999999930e+02,4.051345799999999997e+00,3.848106299999999980e+00,3.699584300000000159e+00,2.567413300000000120e+00
5.213888899999999715e+00,1.422052300000000059e+03,1.030626999999999953e+03,6.014399499999999534e+02,1.385241800000000012e+02,4.008766299999999561e+00,3.809921500000000183e+00,3.668126399999999787e+00,2.556941600000000037e+00
5.216666700000000212e+00,1.438039299999999912e+03,1.045980399999999918e+03,6.151565900000000511e+02,1.460885900000000106e+02,3.992135900000000071e+00,3.786845099999999853e+00,3.648270199999999797e+00,2.556906500000000193e+00
5.219444400000000428e+00,1.454571799999999939e+03,1.061920499999999947e+03,6.295509499999999434e+02,1.546877800000000036e+02,3.950241800000000136e+00,3.746867200000000064e+00,3.613406100000000176e+00,2.543045600000000128e+00
5.222222200000000036e+00,1.471613200000000006e+03,1.078483099999999922e+03,6.446986299999999801e+02,1.648541899999999885e+02,3.942464199999999863e+00,3.728412699999999802e+00,3.597754600000000025e+00,2.547259500000000010e+00
5.224999999999999645e+00,1.489527100000000019e+03,1.095815900000000056e+03,6.605239900000000262e+02,1.757307800000000100e+02,3.902070300000000103e+00,3.689897699999999947e+00,3.561887899999999885e+00,2.531823399999999946e+00
5.227777800000000141e+00,1.507588700000000017e+03,1.113519000000000005e+03,6.769562799999999925e+02,1.877153900000000135e+02,3.880490599999999901e+00,3.668404300000000173e+00,3.544830999999999843e+00,2.535205200000000048e+00
5.230555599999999750e+00,1.526819799999999987e+03,1.132275200000000041e+03,6.943399200000000064e+02,2.009194599999999866e+02,3.841744600000000176e+00,3.630334099999999786e+00,3.509118500000000029e+00,2.520134600000000002e+00
5.233333299999999966e+00,1.546302799999999934e+03,1.151443600000000060e+03,7.123208200000000261e+02,2.153127700000000004e+02,3.818854599999999877e+00,3.605777900000000091e+00,3.487710700000000053e+00,2.519766100000000009e+00
5.236111099999999574e+00,1.566647400000000061e+03,1.171542300000000068e+03,7.314810499999999820e+02,2.336087599999999895e+02,3.786496599999999990e+00,3.569564399999999971e+00,3.453423100000000190e+00,2.506154099999999829e+00
5.238888900000000071e+00,1.587410699999999906e+03,1.192114499999999907e+03,7.510432799999999816e+02,2.517149000000000001e+02,3.769655799999999779e+00,3.547581399999999885e+00,3.433164000000000105e+00,2.506604799999999855e+00
5.241666699999999679e+00,1.608771899999999960e+03,1.213240500000000111e+03,7.711231000000000222e+02,2.700612699999999791e+02,3.743366200000000088e+00,3.515071299999999788e+00,3.401214799999999983e+00,2.494767899999999816e+00
5.244444399999999895e+00,1.630704999999999927e+03,1.235023899999999912e+03,7.919440499999999474e+02,2.893078199999999924e+02,3.734077200000000207e+00,3.494424099999999811e+00,3.380981199999999909e+00,2.494701800000000080e+00
5.247222200000000392e+00,1.653239399999999932e+03,1.257432700000000068e+03,8.134727900000000318e+02,3.091612799999999766e+02,3.703923000000000076e+00,3.460824699999999865e+00,3.347586199999999845e+00,2.480984799999999879e+00
5.250000000000000000e+00,1.676153099999999995e+03,1.280342900000000100e+03,8.356816099999999778e+02,3.299466800000000148e+02,3.689052300000000173e+00,3.441376299999999944e+00,3.327336199999999966e+00,2.480138199999999848e+00
5.252777799999999608e+00,1.699961399999999912e+03,1.304208300000000008e+03,8.589805300000000443e+02,3.516961600000000203e+02,3.651050800000000152e+00,3.406127500000000197e+00,3.293312100000000076e+00,2.466174899999999948e+00
5.255555600000000105e+00,1.724328800000000001e+03,1.328731999999999971e+03,8.830507800000000316e+02,3.741601499999999874e+02,3.650846899999999895e+00,3.385965699999999856e+00,3.272602700000000198e+00,2.464755199999999924e+00
5.258518500000000095e+00,1.749651699999999892e+03,1.354300700000000006e+03,9.082843599999999924e+02,3.976819600000000037e+02,3.685657299999999914e+00,3.370142400000000205e+00,3.253605999999999998e+00,2.460990499999999859e+00
5.261283999999999850e+00,1.776446999999999889e+03,1.381499900000000025e+03,9.355365199999999959e+02,4.237376300000000242e+02,3.726492599999999822e+00,3.335843000000000114e+00,3.217958700000000061e+00,2.449269900000000000e+00
5.264049400000000212e+00,1.803061300000000074e+03,1.408643900000000031e+03,9.630025200000000041e+02,4.503924600000000282e+02,3.793785699999999927e+00,3.304866800000000104e+00,3.186622900000000147e+00,2.436582500000000095e+00
5.266814799999999686e+00,1.830218000000000075e+03,1.436519999999999982e+03,9.915840100000000348e+02,4.787907700000000091e+02,3.901867499999999822e+00,3.284445400000000070e+00,3.164425899999999903e+00,2.431835599999999875e+00
5.269580200000000048e+00,1.858368699999999990e+03,1.465535800000000108e+03,1.021674800000000005e+03,5.092179699999999798e+02,4.061153899999999872e+00,3.254202499999999887e+00,3.131886800000000193e+00,2.415766300000000033e+00
5.272345699999999802e+00,1.886851400000000012e+03,1.495188499999999976e+03,1.052793899999999894e+03,5.410652999999999793e+02,4.275084699999999849e+00,3.234721799999999980e+00,3.113016299999999958e+00,2.417454999999999909e+00
5.275111100000000164e+00,1.916771300000000110e+03,1.526246599999999944e+03,1.085512600000000020e+03,5.747291199999999662e+02,4.385860300000000045e+00,3.199193900000000035e+00,3.075639999999999930e+00,2.396693299999999915e+00
5.277876499999999638e+00,1.946799199999999928e+03,1.557655600000000049e+03,1.118909599999999955e+03,6.093537000000000035e+02,4.522222600000000092e+00,3.176432099999999981e+00,3.050377800000000139e+00,2.389756799999999792e+00
5.280642000000000280e+00,1.977835399999999936e+03,1.590085399999999936e+03,1.153494200000000092e+03,6.451735300000000279e+02,4.681694099999999636e+00,3.146728099999999806e+00,3.015008900000000214e+00,2.370170599999999794e+00
5.283407399999999754e+00,2.008028900000000021e+03,1.621744699999999966e+03,1.186966899999999896e+03,6.782003499999999576e+02,4.874380000000000379e+00,3.131578600000000101e+00,2.993549100000000074e+00,2.367221600000000148e+00
5.286172800000000116e+00,2.039086800000000039e+03,1.654074399999999969e+03,1.221246699999999919e+03,7.124380800000000136e+02,5.119725599999999766e+00,3.109247499999999942e+00,2.958441200000000215e+00,2.345453399999999800e+00
5.288938299999999870e+00,2.069402000000000044e+03,1.686099300000000085e+03,1.255510099999999966e+03,7.464078600000000279e+02,5.402562299999999595e+00,3.100496800000000164e+00,2.936669800000000219e+00,2.340323999999999849e+00
5.291703700000000232e+00,2.100618500000000040e+03,1.718786599999999908e+03,1.290642800000000079e+03,7.817251800000000230e+02,5.636377900000000274e+00,3.073064000000000018e+00,2.898129400000000189e+00,2.317502900000000032e+00
5.294469099999999706e+00,2.130885600000000068e+03,1.751017800000000079e+03,1.325607700000000023e+03,8.170011299999999892e+02,5.578596899999999970e+00,3.056262900000000116e+00,2.871362500000000040e+00,2.308240099999999906e+00
5.297234600000000349e+00,2.161771900000000187e+03,1.783556599999999889e+03,1.360809799999999996e+03,8.524436200000000099e+02,5.746842400000000239e+00,3.036042699999999872e+00,2.833895200000000170e+00,2.285068900000000180e+00
5.299999999999999822e+00,2.191899899999999889e+03,1.815601499999999987e+03,1.395733199999999897e+03,8.878533700000000408e+02,5.688260299999999603e+00,3.023757499999999876e+00,2.805152999999999786e+00,2.271758900000000025e+00
5.302777800000000319e+00,2.220868699999999990e+03,1.846233999999999924e+03,1.428779899999999998e+03,9.202247499999999718e+02,6.017355600000000138e+00,3.027902699999999836e+00,2.775404400000000216e+00,2.253675599999999779e+00
5.305555599999999927e+00,2.248822400000000016e+03,1.875948100000000068e+03,1.461104399999999941e+03,9.524798600000000306e+02,6.120258100000000034e+00,3.055979799999999802e+00,2.757805100000000120e+00,2.245954600000000134e+00
5.308333300000000143e+00,2.276675699999999779e+03,1.905588799999999992e+03,1.493535100000000057e+03,9.854227899999999636e+02,6.264847299999999564e+00,3.062703099999999790e+00,2.729919399999999996e+00,2.228942700000000166e+00
5.311111099999999752e+00,2.303397599999999784e+03,1.934277700000000095e+03,1.525324699999999893e+03,1.018318800000000010e+03,6.152995800000000237e+00,3.099864100000000011e+00,2.712673500000000182e+00,2.221264399999999917e+00
5.313888900000000248e+00,2.329637700000000223e+03,1.962442800000000034e+03,1.556593499999999949e+03,1.050860400000000027e+03,5.072392599999999696e+00,3.080198300000000167e+00,2.676430700000000051e+00,2.200961700000000132e+00
5.316666699999999857e+00,2.354656100000000151e+03,1.989457699999999932e+03,1.586921800000000076e+03,1.083280899999999974e+03,4.507227600000000223e+00,3.116914799999999985e+00,2.655916200000000060e+00,2.191546699999999959e+00
5.319444400000000073e+00,2.378923999999999978e+03,2.015719399999999951e+03,1.616546700000000101e+03,1.115276299999999992e+03,3.785972699999999858e+00,3.158983399999999886e+00,2.631712900000000133e+00,2.176619399999999871e+00
5.322222199999999681e+00,2.402302499999999782e+03,2.041170499999999947e+03,1.645623599999999897e+03,1.147696899999999914e+03,3.854585800000000173e+00,3.254020899999999994e+00,2.632111500000000159e+00,2.178763000000000005e+00
5.325000000000000178e+00,2.424626600000000053e+03,2.065566200000000208e+03,1.673689699999999903e+03,1.179222500000000082e+03,3.136297499999999960e+00,3.365379299999999851e+00,2.624465600000000176e+00,2.171959699999999938e+00
5.327777799999999786e+00,2.445605700000000070e+03,2.088531899999999951e+03,1.700144299999999930e+03,1.208776399999999967e+03,2.404523999999999884e+00,3.456987900000000113e+00,2.624926799999999893e+00,2.174971100000000046e+00
5.330555600000000283e+00,2.465011700000000019e+03,2.109830100000000130e+03,1.724802300000000059e+03,1.236515400000000000e+03,1.628915600000000019e+00,3.565850699999999929e+00,2.608505699999999816e+00,2.164386200000000038e+00
5.333333299999999610e+00,2.483206499999999778e+03,2.129900299999999788e+03,1.748262199999999893e+03,1.263326600000000099e+03,1.529414199999999946e+00,3.714837399999999956e+00,2.617838599999999794e+00,2.171912799999999866e+00
5.336111100000000107e+00,2.499978999999999814e+03,2.148440000000000055e+03,1.770020299999999907e+03,1.288319999999999936e+03,1.560506799999999972e+00,3.903662900000000047e+00,2.629157900000000048e+00,2.175175499999999928e+00
5.338888899999999715e+00,2.515471700000000055e+03,2.165672799999999825e+03,1.790473600000000033e+03,1.312176600000000008e+03,1.984556999999999904e+00,4.146902299999999819e+00,2.666786399999999890e+00,2.198059799999999786e+00
5.341666700000000212e+00,2.529481400000000122e+03,2.181322700000000168e+03,1.809158200000000079e+03,1.334003899999999931e+03,1.789918399999999910e+00,4.349612200000000151e+00,2.682313999999999865e+00,2.204229999999999912e+00
5.344444400000000428e+00,2.542276199999999790e+03,2.195667899999999918e+03,1.826401100000000042e+03,1.354278800000000047e+03,1.045391699999999924e+00,4.534322099999999800e+00,2.710733700000000024e+00,2.219517800000000207e+00
5.347222200000000036e+00,2.554547300000000178e+03,2.209499299999999948e+03,1.843208200000000033e+03,1.374492799999999988e+03,9.088025600000000370e-01,4.613453500000000318e+00,2.740115100000000137e+00,2.231398500000000062e+00
5.349999999999999645e+00,2.565339599999999791e+03,2.221751000000000204e+03,1.858267499999999927e+03,1.392804300000000012e+03,-5.602469799999999500e-01,4.641802099999999598e+00,2.782382800000000156e+00,2.256768300000000060e+00
5.352777800000000141e+00,2.574681199999999990e+03,2.232328300000000127e+03,1.871135600000000068e+03,1.407865299999999934e+03,-4.789759000000000100e+00,4.852704899999999988e+00,2.841449200000000008e+00,2.282602799999999821e+00
5.355555599999999750e+00,2.583304200000000037e+03,2.242192199999999957e+03,1.883381800000000112e+03,1.423484600000000000e+03,-4.785390300000000430e+00,4.513469599999999637e+00,2.870669799999999938e+00,2.300843799999999995e+00
5.358333299999999966e+00,2.591311700000000201e+03,2.251404599999999846e+03,1.894916799999999967e+03,1.438657300000000077e+03,-5.696135199999999621e+00,4.289417600000000164e+00,2.920328200000000152e+00,2.320799599999999963e+00
5.361111099999999574e+00,2.598802499999999782e+03,2.260096599999999853e+03,1.905961099999999988e+03,1.453465999999999894e+03,-5.098878899999999881e+00,4.483644199999999636e+00,3.023005200000000059e+00,2.370729900000000168e+00
5.363888900000000071e+00,2.604689499999999953e+03,2.266981000000000222e+03,1.914760700000000043e+03,1.465200499999999920e+03,-7.483473199999999714e+00,4.626255399999999796e+00,3.117856000000000183e+00,2.412664700000000106e+00
5.366666699999999679e+00,2.609904700000000048e+03,2.273074099999999817e+03,1.922485300000000052e+03,1.475118199999999888e+03,-1.167310200000000009e+01,4.909270799999999824e+00,3.243458700000000139e+00,2.472490699999999819e+00
5.369444399999999895e+00,2.615259399999999914e+03,2.279350899999999911e+03,1.930546399999999949e+03,1.485754400000000032e+03,-1.210297300000000043e+01,5.277182999999999957e+00,3.377962199999999804e+00,2.528791200000000128e+00
5.372222200000000392e+00,2.619995300000000043e+03,2.284990999999999985e+03,1.937961000000000013e+03,1.495763799999999947e+03,-1.275226199999999999e+01,5.633086099999999874e+00,3.537612100000000037e+00,2.599681100000000189e+00
5.375000000000000000e+00,2.624411999999999807e+03,2.290317700000000059e+03,1.945095399999999927e+03,1.505624499999999898e+03,-1.173562599999999989e+01,5.974377800000000072e+00,3.689459600000000172e+00,2.656788999999999845e+00
5.377777799999999608e+00,2.628435399999999845e+03,2.295236699999999928e+03,1.951837899999999991e+03,1.515168899999999894e+03,-9.800135199999999713e+00,6.460983699999999885e+00,3.866189599999999782e+00,2.726993699999999965e+00
5.380555600000000105e+00,2.631965200000000095e+03,2.299641599999999926e+03,1.958033599999999979e+03,1.524181900000000041e+03,-7.041320299999999754e+00,6.920037500000000286e+00,4.051581999999999795e+00,2.786711899999999797e+00
5.383333300000000321e+00,2.635171200000000226e+03,2.303656500000000051e+03,1.963737000000000080e+03,1.532545800000000099e+03,-7.206667000000000378e+00,7.359262499999999818e+00,4.305407100000000042e+00,2.873619000000000145e+00
5.386111099999999929e+00,2.637341199999999844e+03,2.306491500000000087e+03,1.967890400000000000e+03,1.538432000000000016e+03,-9.712422200000000672e+00,8.361374400000000762e+00,4.630497199999999758e+00,2.979323599999999850e+00
5.388888900000000426e+00,2.639122899999999845e+03,2.308874499999999898e+03,1.971390699999999924e+03,1.543224899999999934e+03,-1.061500000000000021e+01,8.886941200000000762e+00,4.980268800000000162e+00,3.080853499999999912e+00
5.391666700000000034e+00,2.640758100000000013e+03,2.311086899999999787e+03,1.974940800000000081e+03,1.548454199999999901e+03,-8.304351999999999734e+00,9.302462200000000792e+00,5.377750899999999668e+00,3.187004099999999784e+00
5.394444400000000250e+00,2.642182099999999991e+03,2.313170099999999820e+03,1.978121399999999994e+03,1.552950900000000047e+03,-8.387358400000000103e+00,1.111103400000000008e+01,5.869395700000000105e+00,3.317342000000000013e+00
5.397222199999999859e+00,2.641544899999999870e+03,2.312687199999999848e+03,1.978066600000000108e+03,1.552319300000000112e+03,-1.222374800000000050e+01,1.298147299999999937e+01,6.480392900000000012e+00,3.447783300000000217e+00
5.400000000000000355e+00,2.642573699999999917e+03,2.314222400000000107e+03,1.980289800000000014e+03,1.554607600000000048e+03,-1.011695399999999978e+01,1.477203699999999920e+01,7.273647099999999810e+00,3.579761200000000088e+00
5.402777799999999964e+00,2.645271900000000187e+03,2.317790700000000015e+03,1.985760399999999890e+03,1.562990999999999985e+03,-7.948180899999999660e+00,1.651458999999999833e+01,8.235145100000000440e+00,3.701550099999999954e+00
5.405555599999999572e+00,2.647817300000000159e+03,2.321234399999999823e+03,1.990930299999999988e+03,1.570795100000000048e+03,-1.226563900000000018e+01,1.898388200000000126e+01,9.223457399999999140e+00,3.861345200000000144e+00
5.408169899999999863e+00,2.651364199999999983e+03,2.325672500000000127e+03,1.997456300000000056e+03,1.580803000000000111e+03,-9.474860400000000737e+00,2.128597999999999857e+01,1.043901699999999977e+01,4.008418299999999768e+00
5.410784300000000435e+00,2.652979899999999816e+03,2.328079099999999926e+03,2.001325900000000047e+03,1.586900599999999940e+03,-7.359206300000000311e+00,2.394529999999999959e+01,1.185697200000000073e+01,4.216491000000000433e+00
5.413585399999999659e+00,2.652912400000000162e+03,2.328622600000000148e+03,2.003222600000000057e+03,1.590640000000000100e+03,-7.399971299999999808e+00,2.744326600000000127e+01,1.367990299999999948e+01,4.548605199999999904e+00
5.416386600000000051e+00,2.653667100000000119e+03,2.330149499999999989e+03,2.006305900000000065e+03,1.595986200000000053e+03,-7.184248000000000189e+00,3.079497900000000143e+01,1.555860900000000058e+01,4.868830299999999944e+00
5.419187700000000163e+00,2.654569500000000062e+03,2.331770700000000033e+03,2.009414399999999887e+03,1.601453800000000001e+03,-7.414983999999999575e+00,3.401456499999999750e+01,1.759478000000000009e+01,5.261897399999999614e+00
5.421755400000000336e+00,2.656905299999999897e+03,2.334887400000000071e+03,2.014049899999999980e+03,1.608673399999999901e+03,-6.458973199999999970e+00,3.696402199999999993e+01,1.960503200000000135e+01,5.656779199999999896e+00
5.424579800000000063e+00,2.655256100000000060e+03,2.333820200000000114e+03,2.014212700000000041e+03,1.610434199999999919e+03,-8.524841800000000802e+00,4.039247999999999905e+01,2.198195499999999925e+01,6.339702199999999621e+00
5.427404300000000070e+00,2.655237799999999879e+03,2.334437100000000100e+03,2.016181700000000092e+03,1.614487499999999955e+03,-9.706254700000000568e+00,4.370419600000000315e+01,2.476094600000000057e+01,7.210270600000000307e+00
5.430228800000000078e+00,2.655203199999999924e+03,2.335079299999999876e+03,2.018255000000000109e+03,1.618671299999999974e+03,-9.220169399999999627e+00,4.820143099999999947e+01,2.824282600000000087e+01,8.306243900000000124e+00
5.433053199999999805e+00,2.655115200000000186e+03,2.335654599999999846e+03,2.020249900000000025e+03,1.622823399999999992e+03,-8.415055999999999869e+00,5.309234200000000214e+01,3.207441699999999685e+01,9.584170900000000159e+00
5.435877699999999813e+00,2.654760999999999967e+03,2.335957199999999830e+03,2.021953099999999949e+03,1.626657300000000077e+03,-7.013964500000000157e+00,5.826071400000000011e+01,3.618746999999999758e+01,1.108097500000000046e+01
5.438702100000000428e+00,2.654369999999999891e+03,2.336175499999999829e+03,2.023497100000000046e+03,1.630310400000000072e+03,-4.466611200000000004e+00,6.412984099999999899e+01,4.058801199999999909e+01,1.298945699999999981e+01
5.441526600000000435e+00,2.653607399999999870e+03,2.336088000000000193e+03,2.024807000000000016e+03,1.633756699999999910e+03,-8.106108400000000547e-01,7.039202099999999973e+01,4.492475699999999961e+01,1.514655100000000054e+01
5.444351100000000443e+00,2.652747400000000198e+03,2.335834299999999985e+03,2.025845499999999902e+03,1.636891300000000001e+03,3.571623799999999793e+00,7.699081400000000031e+01,4.974902500000000316e+01,1.788639900000000083e+01
5.447175500000000170e+00,2.651790800000000218e+03,2.335514299999999821e+03,2.026864499999999907e+03,1.640101699999999937e+03,9.575929900000000217e+00,8.477577900000000000e+01,5.585956000000000188e+01,2.149513299999999916e+01
5.450000000000000178e+00,2.650748199999999997e+03,2.335080100000000130e+03,2.027705200000000104e+03,1.643097400000000107e+03,1.701567700000000016e+01,9.383791200000000288e+01,6.352478299999999933e+01,2.550790399999999991e+01
5.452777799999999786e+00,2.649709699999999884e+03,2.334656599999999798e+03,2.028555299999999988e+03,1.646157799999999952e+03,2.501988700000000065e+01,1.031501099999999980e+02,7.119728999999999530e+01,3.004582399999999964e+01
5.455555600000000283e+00,2.648319300000000112e+03,2.333831499999999778e+03,2.028909200000000055e+03,1.648594399999999951e+03,3.335856499999999869e+01,1.135394299999999959e+02,7.946388000000000318e+01,3.402157600000000315e+01
5.458333299999999610e+00,2.646560199999999895e+03,2.332633800000000065e+03,2.028882399999999961e+03,1.650682499999999891e+03,4.215336299999999881e+01,1.247337700000000069e+02,8.773238000000000625e+01,3.848680699999999888e+01
5.461111100000000107e+00,2.644787200000000212e+03,2.331420099999999820e+03,2.028821799999999939e+03,1.652765699999999924e+03,5.073559699999999850e+01,1.364667399999999873e+02,9.727883400000000336e+01,4.327235499999999746e+01
5.463703699999999941e+00,2.644425099999999929e+03,2.331709800000000087e+03,2.030383199999999988e+03,1.656856899999999996e+03,6.670258200000000670e+01,1.532793299999999874e+02,1.086961799999999982e+02,4.937924999999999898e+01
5.466495700000000291e+00,2.641438599999999951e+03,2.329148200000000088e+03,2.028790199999999913e+03,1.657131499999999960e+03,7.917068999999999335e+01,1.733973100000000045e+02,1.244921599999999984e+02,5.754931700000000205e+01
5.469287699999999752e+00,2.639527300000000196e+03,2.327846500000000106e+03,2.028762899999999945e+03,1.659798399999999901e+03,9.528902300000000025e+01,1.957286699999999939e+02,1.422318899999999928e+02,6.506598700000000690e+01
5.472079800000000382e+00,2.637698499999999967e+03,2.326606999999999971e+03,2.028718499999999949e+03,1.662429399999999987e+03,1.113309100000000029e+02,2.192614499999999964e+02,1.618606100000000083e+02,7.217104600000000403e+01
5.474871799999999844e+00,2.635450699999999870e+03,2.324930600000000140e+03,2.028249099999999999e+03,1.664755799999999908e+03,1.288637999999999977e+02,2.433908099999999877e+02,1.841598799999999869e+02,7.934926900000000671e+01
5.477663800000000194e+00,2.633121200000000044e+03,2.323153200000000197e+03,2.027588899999999967e+03,1.666774899999999889e+03,1.474258700000000033e+02,2.680185599999999795e+02,2.098132999999999981e+02,8.707008999999999332e+01
5.480455799999999655e+00,2.630686999999999898e+03,2.321234100000000126e+03,2.026818999999999960e+03,1.668812200000000075e+03,1.679728200000000129e+02,2.951167199999999866e+02,2.400020399999999938e+02,9.569280299999999784e+01
5.483247900000000286e+00,2.628087599999999838e+03,2.319151899999999841e+03,2.025840200000000095e+03,1.670633100000000013e+03,1.897204299999999932e+02,3.229610299999999938e+02,2.740477200000000266e+02,1.051262200000000036e+02
5.486039899999999747e+00,2.625070900000000165e+03,2.316612299999999777e+03,2.024333200000000033e+03,1.671878699999999981e+03,2.113246800000000007e+02,3.499085099999999784e+02,3.121535099999999829e+02,1.175362599999999986e+02
5.488831900000000097e+00,2.621926399999999830e+03,2.313929599999999937e+03,2.022626299999999901e+03,1.672885399999999890e+03,2.330113200000000120e+02,3.759413700000000063e+02,3.522918999999999983e+02,1.301513400000000047e+02
5.491623899999999558e+00,2.618519899999999780e+03,2.310957800000000134e+03,2.020603100000000040e+03,1.673597800000000007e+03,2.559000299999999868e+02,4.031047599999999989e+02,3.972507600000000139e+02,1.504871400000000108e+02
5.494416000000000189e+00,2.615061999999999898e+03,2.307871500000000196e+03,2.018438100000000077e+03,1.674186699999999973e+03,2.799467799999999897e+02,4.324137699999999995e+02,4.504339600000000132e+02,1.775013199999999927e+02
5.497207999999999650e+00,2.611210300000000188e+03,2.304356099999999969e+03,2.015731800000000021e+03,1.674084399999999960e+03,3.023093400000000202e+02,4.596682900000000132e+02,5.006238099999999918e+02,2.115324099999999987e+02
5.500000000000000000e+00,2.607077800000000025e+03,2.300533600000000206e+03,2.012661100000000033e+03,1.673562100000000100e+03,3.240719300000000089e+02,4.859449999999999932e+02,5.482730900000000247e+02,2.521893799999999999e+02
5.502380999999999744e+00,2.604596500000000106e+03,2.298599999999999909e+03,2.011655500000000075e+03,1.675220199999999977e+03,3.461901100000000042e+02,5.074548300000000154e+02,5.917413299999999481e+02,2.935846300000000042e+02
5.504648500000000055e+00,2.602987900000000081e+03,2.297031399999999849e+03,2.010309400000000096e+03,1.675116099999999960e+03,3.674557800000000043e+02,5.280598899999999958e+02,6.284599799999999732e+02,3.413759900000000016e+02
5.506916099999999759e+00,2.598389299999999821e+03,2.292567500000000109e+03,2.006317299999999932e+03,1.672645099999999957e+03,3.883346199999999726e+02,5.501082800000000361e+02,6.576118599999999788e+02,3.908385599999999727e+02
5.509183700000000350e+00,2.594166700000000219e+03,2.288404799999999796e+03,2.002437200000000075e+03,1.670069400000000087e+03,4.064837899999999991e+02,5.681944899999999734e+02,6.832584799999999632e+02,4.445565000000000282e+02
5.511451199999999773e+00,2.589430499999999938e+03,2.283731800000000021e+03,1.998035200000000032e+03,1.667094599999999900e+03,4.220605899999999906e+02,5.869796300000000429e+02,7.100921499999999469e+02,5.017615299999999934e+02
5.513592799999999627e+00,2.585878999999999905e+03,2.280211299999999937e+03,1.994700399999999945e+03,1.665007499999999936e+03,4.363343499999999722e+02,6.016412299999999505e+02,7.312483600000000479e+02,5.612121300000000019e+02
5.515734400000000370e+00,2.581157200000000103e+03,2.275502199999999903e+03,1.990158699999999953e+03,1.661693400000000111e+03,4.498074599999999919e+02,6.164918999999999869e+02,7.503921699999999646e+02,6.199987300000000232e+02
5.517750099999999769e+00,2.577461600000000089e+03,2.271710199999999986e+03,1.986476200000000063e+03,1.659028600000000097e+03,4.630910200000000145e+02,6.291788099999999986e+02,7.629920299999999997e+02,6.670470900000000256e+02
5.519765699999999775e+00,2.572527399999999943e+03,2.267146200000000135e+03,1.981936799999999948e+03,1.655395299999999907e+03,4.750802800000000161e+02,6.413802799999999706e+02,7.759431499999999460e+02,7.099986199999999599e+02
5.521781299999999781e+00,2.567480300000000170e+03,2.262174799999999777e+03,1.976913800000000037e+03,1.651223899999999958e+03,4.853299499999999966e+02,6.512529500000000553e+02,7.839633900000000040e+02,7.426801799999999503e+02
5.523796899999999788e+00,2.562527199999999993e+03,2.257044199999999819e+03,1.971731299999999919e+03,1.646942999999999984e+03,4.944841099999999869e+02,6.600833699999999453e+02,7.903624200000000428e+02,7.648349399999999605e+02
5.525812499999999794e+00,2.557447400000000016e+03,2.251993100000000140e+03,1.966560999999999922e+03,1.642670200000000023e+03,5.030024099999999976e+02,6.684536799999999630e+02,7.963925900000000411e+02,7.854549200000000155e+02
5.527828200000000081e+00,2.552351000000000113e+03,2.246706200000000081e+03,1.961163900000000012e+03,1.638129899999999907e+03,5.103017500000000268e+02,6.747622999999999820e+02,7.990651100000000042e+02,7.946533799999999701e+02
5.529675799999999697e+00,2.548659700000000157e+03,2.243013500000000022e+03,1.957387600000000020e+03,1.634955799999999954e+03,5.185042799999999943e+02,6.792436099999999897e+02,8.015485300000000279e+02,8.026265300000000025e+02
5.531523499999999594e+00,2.544168599999999969e+03,2.238223899999999958e+03,1.952372100000000046e+03,1.630395199999999932e+03,5.256400300000000243e+02,6.832581800000000385e+02,8.004906200000000354e+02,8.010227300000000241e+02
5.533371100000000098e+00,2.538869900000000143e+03,2.233231299999999919e+03,1.947071999999999889e+03,1.625565200000000004e+03,5.327179099999999607e+02,6.875107299999999668e+02,7.984388300000000527e+02,8.031970300000000407e+02
5.535218799999999995e+00,2.533951199999999972e+03,2.228204699999999775e+03,1.941824100000000044e+03,1.620854700000000093e+03,5.392717499999999973e+02,6.923880299999999579e+02,7.990207599999999957e+02,8.057416600000000244e+02
5.537066399999999611e+00,2.528958799999999883e+03,2.223034700000000157e+03,1.936414700000000039e+03,1.615971500000000106e+03,5.444202699999999595e+02,6.957807299999999486e+02,7.982713300000000345e+02,8.020261699999999792e+02
5.538914100000000396e+00,2.523901699999999892e+03,2.217802700000000186e+03,1.930951600000000099e+03,1.611064000000000078e+03,5.490324399999999514e+02,6.985397600000000011e+02,7.967195500000000266e+02,7.958380399999999781e+02
5.540761700000000012e+00,2.519050900000000183e+03,2.212724600000000009e+03,1.925613900000000058e+03,1.606281500000000051e+03,5.534657799999999952e+02,7.008741800000000239e+02,7.940323200000000270e+02,7.867513500000000022e+02
5.542609399999999908e+00,2.513756400000000212e+03,2.207309699999999793e+03,1.920004100000000108e+03,1.601266200000000026e+03,5.580285400000000209e+02,7.042620200000000068e+02,7.931632100000000491e+02,7.824715899999999920e+02
5.544457000000000413e+00,2.509285300000000007e+03,2.202565700000000106e+03,1.914979100000000017e+03,1.596831699999999955e+03,5.632363599999999906e+02,7.080388900000000376e+02,7.930442199999999957e+02,7.798816799999999603e+02
5.546304700000000310e+00,2.503804999999999836e+03,2.197092599999999948e+03,1.909225400000000036e+03,1.591588400000000092e+03,5.669285700000000361e+02,7.097118000000000393e+02,7.914077800000000025e+02,7.745034399999999550e+02
5.548152299999999926e+00,2.499347900000000209e+03,2.192129300000000057e+03,1.904065000000000055e+03,1.586961600000000089e+03,5.712897500000000264e+02,7.121240199999999732e+02,7.895832000000000335e+02,7.656065899999999829e+02
5.549999999999999822e+00,2.494035600000000159e+03,2.186659400000000005e+03,1.898476300000000037e+03,1.581952199999999948e+03,5.759570499999999811e+02,7.157708000000000084e+02,7.920776899999999614e+02,7.692935099999999693e+02
5.551785699999999935e+00,2.490101200000000063e+03,2.182489099999999780e+03,1.894077900000000000e+03,1.578000099999999975e+03,5.819000999999999522e+02,7.200822699999999941e+02,7.955887999999999920e+02,7.736742400000000544e+02
5.553640099999999968e+00,2.484908199999999852e+03,2.177026600000000144e+03,1.888439300000000003e+03,1.572999900000000025e+03,5.876875999999999749e+02,7.265458599999999478e+02,8.019680799999999863e+02,7.842234799999999950e+02
5.555494500000000002e+00,2.479937399999999798e+03,2.171826300000000174e+03,1.883063900000000103e+03,1.568194300000000112e+03,5.930271000000000186e+02,7.318608299999999645e+02,8.070313599999999497e+02,7.912598000000000411e+02
5.557348900000000036e+00,2.475059499999999844e+03,2.166713600000000042e+03,1.877803499999999985e+03,1.563478900000000067e+03,5.976624900000000480e+02,7.366204199999999673e+02,8.122098200000000361e+02,7.993086399999999685e+02
5.559126000000000012e+00,2.470661799999999857e+03,2.162118500000000040e+03,1.873051600000000008e+03,1.559019399999999905e+03,6.019586799999999585e+02,7.393564400000000205e+02,8.152293399999999792e+02,8.031151200000000472e+02
5.560903200000000268e+00,2.466116500000000087e+03,2.157248199999999997e+03,1.868056399999999940e+03,1.554338199999999915e+03,6.068729499999999462e+02,7.436397399999999607e+02,8.195613100000000486e+02,8.090541799999999739e+02
5.562680300000000244e+00,2.461305199999999786e+03,2.152059200000000146e+03,1.862826900000000023e+03,1.549370400000000018e+03,6.117856600000000071e+02,7.478172600000000330e+02,8.227885199999999486e+02,8.129291699999999992e+02
5.564546299999999945e+00,2.455878600000000006e+03,2.145998300000000199e+03,1.856930100000000039e+03,1.543913999999999987e+03,6.159535399999999754e+02,7.529053400000000238e+02,8.263845199999999522e+02,8.174842700000000377e+02
5.566412299999999647e+00,2.450463000000000193e+03,2.139232500000000073e+03,1.851540799999999990e+03,1.538670200000000023e+03,6.187903400000000147e+02,7.559223799999999756e+02,8.281930300000000216e+02,8.192621699999999691e+02
5.568179999999999907e+00,2.446678399999999783e+03,2.136737299999999777e+03,1.845611400000000003e+03,1.533827399999999898e+03,6.225933400000000120e+02,7.585038799999999810e+02,8.305883599999999660e+02,8.220066699999999855e+02
5.570051799999999886e+00,2.442000100000000202e+03,2.132079499999999825e+03,1.839808700000000044e+03,1.528735300000000052e+03,6.276195000000000164e+02,7.636007100000000491e+02,8.340090300000000525e+02,8.256002099999999473e+02
5.571923599999999865e+00,2.436162600000000111e+03,2.126118100000000140e+03,1.833632000000000062e+03,1.522954400000000078e+03,6.307129800000000159e+02,7.666334200000000010e+02,8.364705199999999650e+02,8.287444500000000289e+02
5.573795299999999564e+00,2.431460399999999936e+03,2.121108200000000124e+03,1.828368199999999888e+03,1.517942700000000059e+03,6.338102199999999584e+02,7.699101799999999685e+02,8.394707700000000159e+02,8.324248800000000301e+02
5.575667100000000431e+00,2.426167500000000018e+03,2.115576300000000174e+03,1.822602900000000091e+03,1.512424199999999928e+03,6.364385600000000522e+02,7.722869899999999461e+02,8.413005200000000059e+02,8.347999300000000176e+02
5.577538800000000130e+00,2.421221399999999903e+03,2.110345299999999952e+03,1.817041400000000067e+03,1.507029999999999973e+03,6.392319999999999709e+02,7.743826800000000503e+02,8.424059600000000501e+02,8.356547199999999975e+02
5.579410600000000109e+00,2.415855799999999817e+03,2.104744000000000142e+03,1.811110300000000052e+03,1.501287700000000086e+03,6.416484600000000000e+02,7.759579700000000457e+02,8.423524899999999889e+02,8.358466200000000299e+02
5.581282400000000088e+00,2.411176899999999932e+03,2.099760499999999865e+03,1.805690599999999904e+03,1.496016399999999976e+03,6.446407299999999623e+02,7.786681899999999814e+02,8.439236200000000281e+02,8.386596399999999676e+02
5.583154099999999787e+00,2.405809299999999894e+03,2.094179799999999886e+03,1.799696699999999964e+03,1.490235599999999977e+03,6.470308800000000247e+02,7.802123400000000402e+02,8.449145600000000513e+02,8.397846799999999803e+02
5.585025899999999766e+00,2.400694199999999910e+03,2.088807099999999991e+03,1.793753699999999981e+03,1.484493999999999915e+03,6.491986699999999928e+02,7.815367599999999584e+02,8.458710600000000568e+02,8.397271299999999883e+02
5.586897699999999745e+00,2.395758299999999963e+03,2.083624899999999798e+03,1.787865199999999959e+03,1.478863100000000031e+03,6.513624800000000050e+02,7.829633400000000165e+02,8.470885500000000548e+02,8.399385700000000270e+02
5.588769400000000331e+00,2.390745699999999943e+03,2.078421100000000024e+03,1.781701199999999972e+03,1.473076000000000022e+03,6.533025999999999840e+02,7.840640200000000277e+02,8.480202699999999822e+02,8.392518999999999778e+02
5.590641200000000310e+00,2.385988299999999981e+03,2.073591600000000199e+03,1.775218499999999949e+03,1.467349799999999959e+03,6.552557799999999588e+02,7.852274099999999635e+02,8.489708699999999908e+02,8.385412099999999782e+02
5.592512900000000009e+00,2.380664299999999912e+03,2.068201700000000073e+03,1.768198699999999917e+03,1.461528800000000047e+03,6.570916300000000092e+02,7.859540299999999888e+02,8.493289800000000014e+02,8.372152599999999438e+02
5.594384699999999988e+00,2.374904500000000098e+03,2.061047799999999825e+03,1.765404299999999921e+03,1.456631499999999960e+03,6.585841199999999844e+02,7.867041900000000396e+02,8.497546099999999569e+02,8.361171299999999746e+02
5.596256499999999967e+00,2.369765800000000127e+03,2.055433100000000195e+03,1.760183800000000019e+03,1.450752500000000055e+03,6.581993199999999433e+02,7.868217200000000275e+02,8.499261900000000196e+02,8.350266100000000051e+02
5.598128199999999666e+00,2.364713299999999890e+03,2.050207399999999780e+03,1.754341300000000047e+03,1.444742999999999938e+03,6.595622100000000501e+02,7.873869700000000194e+02,8.501004400000000487e+02,8.338977999999999611e+02
5.599999999999999645e+00,2.360011500000000069e+03,2.045283899999999903e+03,1.748734099999999899e+03,1.439019800000000032e+03,6.614997399999999743e+02,7.886175299999999879e+02,8.506827899999999545e+02,8.334971399999999448e+02
5.602000000000000313e+00,2.354273400000000038e+03,2.039211700000000064e+03,1.742039899999999989e+03,1.432513699999999972e+03,6.612286599999999908e+02,7.893067300000000159e+02,8.503228299999999535e+02,8.320737699999999677e+02
5.604000000000000092e+00,2.348893599999999878e+03,2.033549899999999980e+03,1.735793300000000045e+03,1.426304499999999962e+03,6.611698300000000472e+02,7.894019600000000310e+02,8.499102000000000317e+02,8.307650200000000495e+02
5.605999999999999872e+00,2.343864000000000033e+03,2.028265000000000100e+03,1.730025200000000041e+03,1.420740999999999985e+03,6.631494199999999637e+02,7.905821799999999939e+02,8.502638500000000477e+02,8.304011600000000044e+02
5.607999999999999652e+00,2.338773900000000140e+03,2.022908300000000054e+03,1.724163999999999987e+03,1.414973099999999931e+03,6.641737900000000536e+02,7.907949899999999843e+02,8.501908600000000433e+02,8.293838299999999890e+02
5.610000000000000320e+00,2.333734100000000126e+03,2.017596099999999979e+03,1.718352599999999939e+03,1.409198100000000068e+03,6.649630399999999781e+02,7.908724499999999580e+02,8.504146700000000010e+02,8.274873599999999669e+02
5.612105299999999630e+00,2.327880700000000161e+03,2.011362499999999955e+03,1.711559799999999996e+03,1.402490700000000061e+03,6.644746599999999717e+02,7.902063399999999547e+02,8.484513100000000350e+02,8.247904800000000023e+02
5.614210500000000437e+00,2.322487900000000081e+03,2.005651499999999942e+03,1.705283300000000054e+03,1.396219800000000077e+03,6.639944600000000037e+02,7.894483800000000429e+02,8.470408599999999524e+02,8.235150999999999613e+02
5.616315799999999747e+00,2.317164999999999964e+03,2.000016900000000078e+03,1.699089400000000069e+03,1.390025200000000041e+03,6.636508199999999533e+02,7.886859200000000101e+02,8.457418400000000247e+02,8.226234399999999596e+02
5.618421099999999946e+00,2.311924899999999980e+03,1.994454199999999901e+03,1.692954400000000078e+03,1.383828600000000051e+03,6.635177099999999655e+02,7.877172799999999597e+02,8.441555200000000241e+02,8.212407399999999598e+02
5.620526299999999864e+00,2.306717099999999846e+03,1.988919100000000071e+03,1.686837700000000041e+03,1.377629100000000108e+03,6.633692499999999654e+02,7.866307900000000473e+02,8.424022099999999682e+02,8.195493199999999661e+02
5.622631600000000063e+00,2.301471700000000055e+03,1.983350699999999961e+03,1.680684700000000021e+03,1.371488399999999956e+03,6.631651900000000524e+02,7.854188400000000456e+02,8.405344400000000178e+02,8.177468000000000075e+02
5.624736799999999981e+00,2.296271600000000035e+03,1.977821599999999989e+03,1.674569600000000037e+03,1.365398799999999937e+03,6.629577699999999822e+02,7.842132900000000291e+02,8.387447200000000294e+02,8.160261699999999792e+02
5.626842100000000180e+00,2.291179700000000139e+03,1.972375500000000102e+03,1.668511799999999994e+03,1.359347999999999956e+03,6.626502600000000029e+02,7.828403499999999440e+02,8.367824299999999766e+02,8.140053400000000465e+02
5.628947400000000378e+00,2.286112399999999980e+03,1.966901399999999967e+03,1.662425600000000031e+03,1.353286200000000008e+03,6.622586900000000014e+02,7.814126400000000103e+02,8.348034599999999728e+02,8.119661399999999958e+02
5.631052600000000297e+00,2.281005000000000109e+03,1.961538600000000088e+03,1.656413399999999911e+03,1.347319199999999910e+03,6.619143100000000004e+02,7.800501500000000306e+02,8.328788399999999683e+02,8.099802600000000439e+02
5.633157899999999607e+00,2.276017899999999827e+03,1.956197699999999941e+03,1.650406199999999899e+03,1.341410399999999981e+03,6.615883599999999660e+02,7.787752900000000409e+02,8.310983400000000074e+02,8.082069900000000189e+02
5.635263199999999806e+00,2.270992999999999938e+03,1.950859899999999925e+03,1.644333100000000059e+03,1.335503300000000081e+03,6.611153699999999844e+02,7.773333499999999958e+02,8.291355899999999792e+02,8.062824000000000524e+02
5.637368399999999724e+00,2.266029199999999946e+03,1.945531899999999951e+03,1.638198799999999892e+03,1.329722199999999930e+03,6.606827600000000302e+02,7.759675200000000359e+02,8.272903700000000526e+02,8.042005799999999454e+02
5.639473699999999923e+00,2.261092099999999846e+03,1.940176699999999983e+03,1.631847099999999955e+03,1.324051500000000033e+03,6.600997700000000350e+02,7.745196499999999560e+02,8.254432600000000093e+02,8.019926799999999503e+02
5.641578899999999841e+00,2.256179500000000189e+03,1.934861499999999978e+03,1.625213299999999890e+03,1.318448100000000068e+03,6.593344899999999598e+02,7.729829300000000103e+02,8.234360299999999597e+02,8.001334000000000515e+02
5.643684200000000040e+00,2.251784000000000106e+03,1.930447300000000041e+03,1.621551899999999932e+03,1.311368600000000015e+03,6.593597200000000385e+02,7.711673299999999927e+02,8.210956200000000536e+02,7.980813299999999799e+02
5.645789500000000238e+00,2.247389000000000124e+03,1.925938000000000102e+03,1.617330400000000054e+03,1.304687100000000100e+03,6.588516600000000381e+02,7.692388799999999947e+02,8.186024099999999635e+02,7.958548700000000053e+02
5.647894700000000157e+00,2.242927599999999984e+03,1.921371900000000096e+03,1.613496599999999944e+03,1.298103599999999915e+03,6.582314900000000080e+02,7.671809100000000399e+02,8.160045400000000200e+02,7.935377700000000232e+02
5.650000000000000355e+00,2.238120499999999993e+03,1.916159200000000055e+03,1.607983099999999922e+03,1.292543799999999919e+03,6.574502499999999827e+02,7.650117800000000443e+02,8.132773899999999685e+02,7.910027999999999793e+02
5.652173900000000195e+00,2.232956799999999930e+03,1.910511099999999942e+03,1.601894199999999955e+03,1.287014699999999948e+03,6.562626800000000458e+02,7.625116799999999557e+02,8.098907699999999750e+02,7.873907000000000380e+02
5.654347800000000035e+00,2.228150700000000143e+03,1.905302699999999959e+03,1.596266800000000103e+03,1.281488700000000108e+03,6.565492100000000164e+02,7.599793300000000045e+02,8.066438900000000558e+02,7.841543400000000474e+02
5.656630400000000058e+00,2.222918599999999969e+03,1.899648500000000013e+03,1.590199699999999893e+03,1.275647799999999961e+03,6.549201600000000099e+02,7.570662600000000566e+02,8.027596600000000535e+02,7.800949399999999514e+02
5.658913000000000082e+00,2.218086899999999787e+03,1.894445899999999938e+03,1.584536800000000085e+03,1.269764200000000073e+03,6.524108899999999949e+02,7.539937499999999773e+02,7.991063400000000456e+02,7.766048100000000431e+02
5.661195700000000386e+00,2.213320299999999861e+03,1.889347800000000007e+03,1.579018299999999954e+03,1.264013599999999997e+03,6.505483799999999519e+02,7.509008000000000038e+02,7.954024500000000444e+02,7.731018199999999752e+02
5.663478300000000409e+00,2.208642400000000180e+03,1.884336099999999988e+03,1.573564599999999928e+03,1.258210199999999986e+03,6.485041499999999814e+02,7.475200200000000450e+02,7.914255100000000311e+02,7.693346599999999853e+02
5.665760900000000433e+00,2.204001900000000205e+03,1.879375399999999900e+03,1.568180399999999963e+03,1.252431700000000092e+03,6.464603299999999990e+02,7.441347700000000032e+02,7.874368399999999610e+02,7.655540099999999484e+02
5.668043499999999568e+00,2.199477499999999964e+03,1.874522899999999936e+03,1.562900799999999890e+03,1.246733999999999924e+03,6.446457199999999830e+02,7.409190800000000081e+02,7.836006300000000238e+02,7.618617299999999659e+02
5.670326099999999592e+00,2.194970100000000002e+03,1.869706200000000081e+03,1.557727499999999964e+03,1.241139899999999898e+03,6.429972400000000334e+02,7.379298300000000381e+02,7.799480700000000297e+02,7.582394299999999703e+02
5.672608699999999615e+00,2.190955899999999929e+03,1.865312699999999950e+03,1.552887999999999920e+03,1.235684299999999894e+03,6.410930100000000493e+02,7.347417000000000371e+02,7.761204099999999926e+02,7.544262300000000323e+02
5.674891299999999639e+00,2.185783699999999953e+03,1.859991199999999935e+03,1.547108999999999924e+03,1.229911200000000008e+03,6.401203199999999924e+02,7.324655199999999695e+02,7.730349899999999934e+02,7.510519000000000460e+02
5.677173899999999662e+00,2.182621099999999842e+03,1.856407799999999952e+03,1.542745100000000093e+03,1.224707900000000109e+03,6.379033299999999826e+02,7.290671200000000454e+02,7.690860400000000254e+02,7.474938700000000154e+02
5.679456499999999686e+00,2.177259199999999964e+03,1.850887099999999919e+03,1.537061899999999923e+03,1.219009099999999989e+03,6.370282700000000204e+02,7.268573999999999842e+02,7.659810300000000325e+02,7.438002199999999675e+02
5.681739099999999709e+00,2.174270399999999881e+03,1.847453899999999976e+03,1.532905999999999949e+03,1.213927400000000034e+03,6.346917300000000068e+02,7.232793199999999842e+02,7.617535400000000436e+02,7.393722999999999956e+02
5.684021699999999733e+00,2.168936200000000099e+03,1.842009000000000015e+03,1.527396099999999933e+03,1.208405099999999948e+03,6.338233400000000302e+02,7.209850000000000136e+02,7.584866799999999785e+02,7.353594900000000507e+02
5.686304299999999756e+00,2.166007200000000012e+03,1.838643900000000031e+03,1.523297000000000025e+03,1.203350799999999936e+03,6.313233699999999544e+02,7.172787100000000464e+02,7.540648999999999660e+02,7.306009099999999989e+02
5.688587000000000060e+00,2.160829299999999876e+03,1.833368600000000015e+03,1.517938699999999926e+03,1.197938300000000027e+03,6.303248300000000199e+02,7.148462200000000166e+02,7.506409499999999753e+02,7.264473400000000538e+02
5.690869600000000084e+00,2.157906800000000203e+03,1.830028000000000020e+03,1.513875299999999925e+03,1.192926200000000108e+03,6.277283599999999524e+02,7.110174100000000408e+02,7.460103800000000547e+02,7.214184400000000323e+02
5.693152200000000107e+00,2.152931099999999788e+03,1.824941499999999905e+03,1.508671700000000101e+03,1.187598999999999933e+03,6.265299400000000105e+02,7.083620100000000548e+02,7.423199399999999741e+02,7.169976500000000215e+02
5.695434800000000131e+00,2.150068299999999908e+03,1.821667699999999968e+03,1.504683999999999969e+03,1.182646899999999960e+03,6.238293300000000272e+02,7.044307700000000523e+02,7.375481999999999516e+02,7.118021199999999453e+02
5.697717400000000154e+00,2.145299100000000180e+03,1.816783599999999979e+03,1.499670800000000099e+03,1.177456400000000031e+03,6.224443800000000238e+02,7.015525699999999460e+02,7.335476200000000517e+02,7.070053900000000340e+02
5.700000000000000178e+00,2.142546400000000176e+03,1.813629400000000032e+03,1.495813799999999901e+03,1.172602300000000014e+03,6.196462999999999965e+02,6.975223499999999603e+02,7.286194799999999532e+02,7.015704500000000507e+02
5.702380999999999922e+00,2.137917500000000018e+03,1.808778900000000021e+03,1.490722700000000032e+03,1.167520999999999958e+03,6.174263700000000199e+02,6.939250299999999925e+02,7.236528100000000450e+02,6.956968100000000277e+02
5.704761900000000274e+00,2.134370300000000043e+03,1.804925199999999904e+03,1.486361499999999978e+03,1.162456599999999980e+03,6.146129399999999805e+02,6.899143299999999499e+02,7.186051999999999680e+02,6.901180500000000393e+02
5.707275100000000378e+00,2.130224200000000110e+03,1.800474300000000085e+03,1.481508000000000038e+03,1.157395700000000033e+03,6.115694799999999987e+02,6.856466100000000097e+02,7.130083799999999883e+02,6.838483300000000327e+02
5.709788399999999875e+00,2.126321399999999812e+03,1.796346700000000055e+03,1.476995200000000068e+03,1.152144199999999955e+03,6.085748499999999694e+02,6.816466199999999844e+02,7.080454200000000355e+02,6.784896999999999707e+02
5.712301599999999979e+00,2.122683199999999943e+03,1.792452299999999923e+03,1.472718900000000076e+03,1.146860200000000077e+03,6.057648699999999735e+02,6.776379299999999830e+02,7.031124700000000303e+02,6.731601799999999685e+02
5.714814800000000083e+00,2.119184200000000146e+03,1.788707000000000107e+03,1.468635199999999941e+03,1.141389899999999898e+03,6.028475200000000314e+02,6.735572300000000041e+02,6.981886899999999514e+02,6.677301300000000310e+02
5.717328000000000188e+00,2.115565799999999854e+03,1.784936099999999897e+03,1.464601699999999937e+03,1.135816900000000032e+03,5.998816799999999603e+02,6.694806599999999435e+02,6.933801600000000462e+02,6.624543200000000525e+02
5.719841299999999684e+00,2.111951700000000073e+03,1.780969200000000001e+03,1.459663700000000063e+03,1.132186500000000024e+03,5.968465300000000298e+02,6.652014500000000226e+02,6.884550500000000284e+02,6.570642400000000407e+02
5.722354499999999788e+00,2.108407700000000204e+03,1.777165199999999913e+03,1.455127500000000055e+03,1.127924800000000005e+03,5.939084100000000035e+02,6.610878400000000283e+02,6.837079499999999825e+02,6.517707100000000082e+02
5.724867699999999893e+00,2.104757300000000214e+03,1.773307700000000068e+03,1.451065900000000056e+03,1.123791099999999915e+03,5.910965099999999666e+02,6.570932099999999991e+02,6.790180900000000292e+02,6.463815299999999979e+02
5.727381000000000277e+00,2.101336099999999988e+03,1.769604000000000042e+03,1.446811400000000049e+03,1.120718800000000101e+03,5.884874800000000050e+02,6.532914700000000039e+02,6.744719300000000430e+02,6.410791699999999764e+02
5.729894200000000382e+00,2.097881899999999860e+03,1.765927100000000110e+03,1.442749499999999898e+03,1.117023699999999963e+03,5.859542000000000144e+02,6.496086400000000367e+02,6.699927999999999884e+02,6.357235100000000330e+02
5.732407399999999598e+00,2.094813500000000204e+03,1.762730399999999918e+03,1.439276200000000017e+03,1.113074800000000096e+03,5.834533400000000256e+02,6.459037799999999834e+02,6.654678499999999985e+02,6.303394899999999552e+02
5.734920599999999702e+00,2.091774199999999837e+03,1.759554499999999962e+03,1.435871799999999894e+03,1.109200900000000047e+03,5.809633800000000292e+02,6.422797799999999597e+02,6.609806999999999562e+02,6.249143199999999752e+02
5.737074800000000252e+00,2.089439400000000205e+03,1.757276200000000017e+03,1.433294200000000046e+03,1.105113900000000058e+03,5.798645099999999957e+02,6.399081700000000410e+02,6.585207199999999830e+02,6.221927699999999959e+02
5.739228999999999914e+00,2.087373799999999846e+03,1.754992299999999886e+03,1.430742999999999938e+03,1.101553699999999935e+03,5.781167199999999866e+02,6.366716599999999744e+02,6.545012000000000398e+02,6.172536900000000060e+02
5.741383199999999576e+00,2.084802900000000136e+03,1.752243199999999888e+03,1.427787299999999959e+03,1.098169699999999921e+03,5.764292199999999866e+02,6.334884200000000192e+02,6.504455199999999877e+02,6.122583499999999503e+02
5.743537400000000126e+00,2.082219700000000103e+03,1.749442700000000059e+03,1.424674700000000030e+03,1.094882599999999911e+03,5.743847700000000032e+02,6.301820400000000291e+02,6.462571299999999610e+02,6.071319399999999860e+02
5.745691599999999788e+00,2.079717999999999847e+03,1.746747499999999945e+03,1.421700700000000097e+03,1.091760600000000068e+03,5.724772400000000516e+02,6.270146499999999605e+02,6.422248399999999720e+02,6.021740899999999783e+02
5.747845800000000338e+00,2.077286700000000110e+03,1.744130400000000009e+03,1.418820400000000063e+03,1.088665700000000015e+03,5.704786800000000540e+02,6.238398100000000568e+02,6.381896199999999908e+02,5.972180499999999483e+02
5.750000000000000000e+00,2.074936799999999948e+03,1.741609899999999925e+03,1.416058999999999969e+03,1.085669200000000046e+03,5.685045400000000200e+02,6.207510700000000270e+02,6.343038400000000365e+02,5.925368700000000217e+02
5.751851900000000128e+00,2.073423899999999776e+03,1.740136299999999892e+03,1.414211600000000089e+03,1.082190200000000004e+03,5.676879099999999880e+02,6.186536700000000337e+02,6.321695700000000215e+02,5.903150699999999915e+02
5.753703699999999976e+00,2.071580699999999979e+03,1.738171499999999924e+03,1.412083699999999908e+03,1.079492600000000039e+03,5.664029500000000326e+02,6.159095600000000559e+02,6.286367599999999811e+02,5.860928499999999985e+02
5.755555600000000105e+00,2.069665100000000166e+03,1.736093399999999974e+03,1.409793400000000020e+03,1.076873800000000074e+03,5.649354299999999967e+02,6.131086400000000367e+02,6.250406199999999899e+02,5.818246299999999565e+02
5.757265000000000299e+00,2.068056000000000040e+03,1.734433199999999943e+03,1.407801799999999957e+03,1.073945500000000038e+03,5.638907100000000128e+02,6.108099700000000212e+02,6.224573799999999437e+02,5.789689799999999877e+02
5.758974399999999605e+00,2.066307200000000194e+03,1.732540899999999965e+03,1.405685600000000022e+03,1.071632399999999961e+03,5.627010900000000220e+02,6.082761299999999665e+02,6.192358500000000276e+02,5.752028900000000249e+02
5.760341900000000237e+00,2.065680899999999838e+03,1.732122900000000072e+03,1.404752999999999929e+03,1.067953199999999924e+03,5.630833999999999833e+02,6.070372399999999971e+02,6.186886500000000524e+02,5.751223700000000463e+02
5.761709399999999981e+00,2.064483000000000175e+03,1.730827700000000050e+03,1.403290099999999939e+03,1.066029700000000048e+03,5.628278800000000501e+02,6.049206100000000106e+02,6.159267099999999573e+02,5.718504299999999603e+02
5.763076899999999725e+00,2.063082699999999932e+03,1.729259999999999991e+03,1.401495200000000068e+03,1.064137400000000071e+03,5.619983499999999594e+02,6.026775900000000092e+02,6.129891099999999824e+02,5.683856799999999794e+02
5.764444400000000357e+00,2.061443000000000211e+03,1.727446799999999939e+03,1.399408100000000104e+03,1.062228800000000092e+03,5.608491099999999960e+02,6.003168899999999439e+02,6.099744399999999587e+02,5.649291899999999487e+02
5.765812000000000381e+00,2.059956499999999778e+03,1.725791799999999967e+03,1.397476499999999987e+03,1.060536800000000085e+03,5.596766499999999951e+02,5.981285199999999804e+02,6.072044300000000021e+02,5.618058099999999513e+02
5.767179500000000125e+00,2.058465799999999945e+03,1.724152299999999968e+03,1.395595399999999927e+03,1.058864900000000034e+03,5.584438800000000356e+02,5.959883599999999433e+02,6.045228499999999485e+02,5.588061500000000024e+02
5.768546999999999869e+00,2.057101500000000215e+03,1.722649300000000039e+03,1.393874099999999999e+03,1.057284100000000080e+03,5.572003099999999449e+02,5.939373000000000502e+02,6.019582699999999704e+02,5.559664099999999962e+02
5.769914499999999613e+00,2.055735299999999825e+03,1.721157799999999952e+03,1.392191399999999931e+03,1.055699399999999969e+03,5.559249499999999671e+02,5.919062999999999874e+02,5.994466800000000148e+02,5.532199900000000525e+02
5.771282099999999637e+00,2.054476999999999862e+03,1.719777900000000045e+03,1.390632100000000037e+03,1.054186599999999999e+03,5.546597900000000436e+02,5.899314799999999650e+02,5.970000300000000379e+02,5.505586700000000064e+02
5.772649600000000270e+00,2.053201399999999921e+03,1.718389799999999923e+03,1.389084100000000035e+03,1.052659100000000080e+03,5.533678599999999506e+02,5.879281099999999469e+02,5.945413800000000037e+02,5.479279999999999973e+02
5.773952000000000417e+00,2.052231900000000223e+03,1.717380499999999984e+03,1.387823799999999892e+03,1.050842399999999998e+03,5.525186300000000301e+02,5.861863100000000486e+02,5.926148299999999836e+02,5.460526099999999587e+02
5.775322899999999926e+00,2.050879399999999805e+03,1.715864000000000033e+03,1.386283300000000054e+03,1.049764599999999973e+03,5.509529999999999745e+02,5.839485499999999547e+02,5.896430500000000166e+02,5.427711500000000342e+02
5.776621699999999748e+00,2.049913799999999810e+03,1.714856099999999969e+03,1.385023200000000088e+03,1.047928100000000086e+03,5.500422200000000430e+02,5.822196199999999635e+02,5.877701499999999442e+02,5.409728900000000067e+02
5.777996899999999769e+00,2.048535899999999856e+03,1.713311200000000099e+03,1.383469900000000052e+03,1.046903199999999970e+03,5.484073700000000144e+02,5.800207299999999577e+02,5.848409500000000207e+02,5.376898099999999658e+02
5.779372099999999790e+00,2.047366700000000037e+03,1.712028099999999995e+03,1.382053699999999935e+03,1.045509099999999989e+03,5.469976400000000467e+02,5.780586499999999432e+02,5.824621899999999641e+02,5.351724100000000135e+02
5.780661300000000224e+00,2.046468699999999899e+03,1.711126800000000003e+03,1.380901100000000042e+03,1.043652399999999943e+03,5.462122100000000273e+02,5.764429199999999582e+02,5.808118899999999485e+02,5.336476199999999608e+02
5.781950600000000051e+00,2.045489199999999983e+03,1.710071799999999939e+03,1.379742999999999938e+03,1.042326900000000023e+03,5.452462900000000445e+02,5.745647199999999657e+02,5.785446500000000469e+02,5.312224300000000312e+02
5.783239799999999597e+00,2.044480999999999995e+03,1.708972999999999956e+03,1.378543400000000020e+03,1.041001099999999951e+03,5.441530099999999948e+02,5.726683000000000447e+02,5.762703199999999697e+02,5.287923399999999674e+02
5.784529100000000312e+00,2.043437200000000075e+03,1.707832900000000109e+03,1.377289299999999912e+03,1.039651200000000017e+03,5.429183199999999943e+02,5.707781700000000455e+02,5.739961600000000317e+02,5.263150299999999788e+02
5.785818299999999859e+00,2.042407999999999902e+03,1.706711399999999912e+03,1.376054599999999937e+03,1.038344700000000103e+03,5.417006400000000212e+02,5.689412300000000187e+02,5.717908700000000408e+02,5.239378900000000385e+02
5.787107599999999685e+00,2.041381499999999960e+03,1.705598099999999931e+03,1.374832699999999932e+03,1.037058899999999994e+03,5.404790500000000293e+02,5.671456699999999955e+02,5.696205499999999802e+02,5.215808899999999539e+02
5.788396800000000120e+00,2.040398999999999887e+03,1.704530400000000100e+03,1.373659100000000080e+03,1.035815499999999929e+03,5.392830699999999524e+02,5.653832099999999627e+02,5.674927000000000135e+02,5.192967700000000377e+02
5.789686099999999946e+00,2.039430800000000090e+03,1.703477900000000091e+03,1.372500099999999975e+03,1.034572799999999916e+03,5.380558999999999514e+02,5.636144600000000082e+02,5.653659900000000107e+02,5.170128899999999703e+02
5.790975300000000381e+00,2.038465599999999995e+03,1.702436099999999897e+03,1.371361000000000104e+03,1.033347700000000032e+03,5.368119799999999486e+02,5.618359600000000000e+02,5.632508299999999508e+02,5.147635699999999588e+02
5.792264499999999927e+00,2.037547000000000025e+03,1.701432000000000016e+03,1.370253699999999981e+03,1.032142900000000054e+03,5.355907200000000330e+02,5.600918000000000347e+02,5.611579100000000153e+02,5.125324399999999514e+02
5.793553799999999754e+00,2.036644399999999905e+03,1.700445400000000063e+03,1.369163000000000011e+03,1.030949399999999969e+03,5.343763800000000401e+02,5.583779299999999921e+02,5.590914900000000216e+02,5.103312300000000050e+02
5.794843000000000188e+00,2.035752400000000080e+03,1.699482299999999896e+03,1.368113499999999931e+03,1.029798700000000053e+03,5.332019699999999602e+02,5.567047300000000405e+02,5.570459299999999985e+02,5.081353899999999726e+02
5.796132300000000015e+00,2.034832699999999932e+03,1.698494599999999991e+03,1.367040099999999939e+03,1.028625000000000000e+03,5.320309600000000501e+02,5.550416300000000547e+02,5.550073899999999867e+02,5.059463700000000017e+02
5.797421499999999561e+00,2.033980700000000070e+03,1.697567099999999982e+03,1.366017700000000104e+03,1.027489199999999983e+03,5.308720299999999952e+02,5.534276200000000472e+02,5.530041400000000067e+02,5.037860000000000014e+02
5.798710800000000276e+00,2.033064499999999953e+03,1.696593499999999949e+03,1.364969100000000026e+03,1.026335800000000063e+03,5.297075499999999693e+02,5.517547600000000330e+02,5.509306000000000267e+02,5.015392899999999941e+02
5.799999999999999822e+00,2.032268100000000004e+03,1.695721700000000055e+03,1.364003799999999956e+03,1.025260099999999966e+03,5.286026900000000524e+02,5.502065099999999802e+02,5.489514000000000351e+02,4.993362700000000132e+02
5.801162800000000175e+00,2.031772099999999909e+03,1.695315399999999954e+03,1.363313499999999976e+03,1.023390700000000038e+03,5.283943500000000313e+02,5.490845900000000483e+02,5.479337000000000444e+02,4.985239199999999755e+02
5.802325599999999639e+00,2.031185999999999922e+03,1.694661000000000058e+03,1.362558899999999994e+03,1.022370599999999968e+03,5.276879800000000387e+02,5.476906000000000176e+02,5.461141900000000078e+02,4.964865199999999845e+02
5.803488399999999992e+00,2.030456500000000005e+03,1.693858600000000024e+03,1.361680599999999913e+03,1.021341300000000047e+03,5.267965900000000374e+02,5.461227099999999837e+02,5.440952099999999518e+02,4.942593200000000024e+02
5.804651200000000344e+00,2.029686899999999923e+03,1.693000000000000000e+03,1.360715599999999995e+03,1.020293699999999944e+03,5.257671699999999646e+02,5.445994799999999714e+02,5.421458300000000463e+02,4.921245599999999740e+02
5.805784899999999915e+00,2.029006200000000035e+03,1.692281300000000101e+03,1.359839099999999917e+03,1.019101900000000001e+03,5.249606800000000248e+02,5.432148799999999937e+02,5.404815499999999702e+02,4.904220900000000256e+02
5.806948399999999566e+00,2.028162700000000086e+03,1.691337800000000016e+03,1.358859200000000101e+03,1.018354699999999980e+03,5.237481299999999464e+02,5.416402799999999615e+02,5.383619899999999916e+02,4.880659200000000055e+02
5.808112000000000386e+00,2.027447799999999916e+03,1.690544300000000021e+03,1.357963799999999992e+03,1.017463499999999954e+03,5.227334299999999985e+02,5.402084599999999455e+02,5.364971299999999701e+02,4.860811699999999860e+02
5.809186000000000405e+00,2.027032500000000027e+03,1.690177200000000084e+03,1.357328800000000001e+03,1.015957400000000007e+03,5.224739499999999452e+02,5.392016999999999598e+02,5.354988799999999856e+02,4.853177299999999832e+02
5.810260099999999817e+00,2.026418300000000045e+03,1.689514200000000073e+03,1.356585399999999936e+03,1.015088399999999979e+03,5.217614600000000564e+02,5.379256699999999682e+02,5.338140200000000277e+02,4.835213200000000029e+02
5.811334099999999836e+00,2.025832200000000057e+03,1.688861799999999903e+03,1.355851100000000088e+03,1.014285300000000007e+03,5.209616700000000264e+02,5.365990900000000465e+02,5.320397299999999632e+02,4.816080799999999726e+02
5.812408200000000136e+00,2.025145400000000109e+03,1.688107999999999947e+03,1.355010600000000068e+03,1.013418499999999995e+03,5.200715800000000399e+02,5.352843299999999545e+02,5.302925599999999804e+02,4.797452599999999734e+02
5.813424200000000042e+00,2.024720700000000079e+03,1.687700100000000020e+03,1.354376299999999901e+03,1.012154899999999998e+03,5.197312899999999445e+02,5.342587999999999511e+02,5.291438900000000558e+02,4.787298599999999738e+02
5.814412700000000100e+00,2.024266300000000001e+03,1.687218499999999949e+03,1.353730199999999968e+03,1.011116899999999987e+03,5.193204100000000381e+02,5.332327099999999973e+02,5.278385100000000421e+02,4.774024800000000255e+02
5.815374499999999891e+00,2.023880200000000059e+03,1.686790799999999990e+03,1.353131499999999960e+03,1.010124299999999948e+03,5.189142399999999498e+02,5.321575199999999768e+02,5.264864400000000160e+02,4.760287999999999897e+02
5.816336399999999962e+00,2.023343800000000101e+03,1.686167899999999918e+03,1.352411399999999958e+03,1.009361400000000003e+03,5.182127299999999650e+02,5.309756300000000238e+02,5.248658799999999474e+02,4.742330600000000231e+02
5.817326500000000067e+00,2.022644299999999930e+03,1.685355099999999993e+03,1.351586499999999887e+03,1.008890899999999988e+03,5.171133099999999558e+02,5.296101899999999887e+02,5.228772599999999784e+02,4.719218399999999747e+02
5.818287500000000279e+00,2.022119500000000016e+03,1.684795699999999897e+03,1.350859999999999900e+03,1.007920100000000048e+03,5.165323300000000017e+02,5.285732600000000048e+02,5.215286200000000463e+02,4.705264500000000112e+02
5.819248400000000210e+00,2.021568199999999933e+03,1.684188499999999976e+03,1.350168100000000095e+03,1.007248600000000010e+03,5.157313400000000456e+02,5.274158099999999649e+02,5.199502099999999700e+02,4.688374099999999771e+02
5.820209400000000421e+00,2.021023799999999937e+03,1.683582799999999907e+03,1.349487599999999929e+03,1.006600999999999999e+03,5.149581399999999576e+02,5.263009200000000192e+02,5.183919600000000401e+02,4.671542900000000031e+02
5.821170399999999745e+00,2.020496399999999994e+03,1.683001099999999951e+03,1.348838899999999967e+03,1.005978399999999965e+03,5.141430199999999786e+02,5.251831100000000561e+02,5.168423500000000104e+02,4.655174000000000092e+02
5.822071300000000171e+00,2.020204799999999977e+03,1.682740800000000036e+03,1.348325399999999945e+03,1.004752600000000029e+03,5.140910099999999829e+02,5.244212499999999864e+02,5.160191200000000435e+02,4.648832899999999881e+02
5.822972299999999990e+00,2.019783200000000079e+03,1.682287000000000035e+03,1.347806900000000041e+03,1.004144099999999980e+03,5.134317899999999781e+02,5.234106399999999439e+02,5.145942999999999756e+02,4.633729900000000157e+02
5.823873200000000416e+00,2.019354499999999916e+03,1.681765599999999949e+03,1.347212299999999914e+03,1.003527399999999943e+03,5.128095200000000204e+02,5.223591800000000376e+02,5.131171900000000505e+02,4.617824299999999766e+02
5.824774099999999954e+00,2.018893100000000004e+03,1.681225200000000086e+03,1.346604800000000068e+03,1.002931900000000041e+03,5.120805900000000292e+02,5.213210699999999633e+02,5.116525700000000256e+02,4.602361900000000219e+02
5.825675000000000381e+00,2.018423000000000002e+03,1.680686699999999973e+03,1.345998800000000074e+03,1.002356099999999969e+03,5.113746600000000058e+02,5.203020599999999831e+02,5.102226800000000253e+02,4.587316900000000146e+02
5.826576000000000199e+00,2.017954199999999901e+03,1.680158400000000029e+03,1.345410300000000007e+03,1.001803199999999947e+03,5.106509699999999725e+02,5.193040600000000495e+02,5.088200800000000186e+02,4.572752899999999840e+02
5.827476899999999738e+00,2.017469399999999951e+03,1.679633700000000090e+03,1.344838600000000042e+03,1.001267100000000028e+03,5.099492900000000191e+02,5.183279899999999998e+02,5.074471899999999778e+02,4.558614200000000096e+02
5.828377800000000164e+00,2.016981600000000071e+03,1.679119699999999966e+03,1.344285699999999906e+03,1.000743000000000052e+03,5.092462699999999813e+02,5.173616200000000163e+02,5.060851999999999862e+02,4.544674299999999789e+02
5.829209399999999874e+00,2.016863700000000108e+03,1.679058999999999969e+03,1.343929000000000087e+03,9.994797099999999546e+02,5.094455899999999815e+02,5.168003300000000309e+02,5.055653300000000172e+02,4.542633700000000090e+02
5.830041099999999865e+00,2.016596399999999903e+03,1.678698499999999967e+03,1.343502899999999954e+03,9.989400600000000168e+02,5.089878299999999740e+02,5.159604799999999614e+02,5.043138599999999769e+02,4.529328800000000115e+02
5.830872699999999575e+00,2.016275900000000092e+03,1.678297499999999900e+03,1.343047000000000025e+03,9.984448099999999613e+02,5.084610099999999875e+02,5.150112500000000182e+02,5.029545299999999770e+02,4.515091300000000274e+02
5.831704300000000174e+00,2.015835100000000011e+03,1.677803599999999960e+03,1.342510399999999890e+03,9.979316400000000158e+02,5.078728300000000218e+02,5.140999199999999973e+02,5.016157200000000103e+02,4.500963800000000106e+02
5.832535899999999884e+00,2.015449299999999994e+03,1.677363599999999906e+03,1.342017499999999927e+03,9.974723800000000438e+02,5.072724900000000048e+02,5.131895700000000033e+02,5.002883800000000178e+02,4.487167000000000030e+02
5.833234499999999656e+00,2.015855800000000045e+03,1.677887600000000020e+03,1.341848899999999958e+03,9.951467499999999973e+02,5.087854100000000130e+02,5.132031600000000253e+02,5.008410799999999767e+02,4.499900700000000029e+02
5.833933100000000316e+00,2.015690100000000029e+03,1.677690700000000106e+03,1.341563300000000027e+03,9.946170600000000377e+02,5.086583800000000224e+02,5.124802200000000312e+02,4.996726800000000139e+02,4.487000499999999761e+02
5.834631599999999807e+00,2.015323000000000093e+03,1.677283300000000054e+03,1.341108400000000074e+03,9.941356899999999541e+02,5.083523400000000265e+02,5.115695799999999736e+02,4.982638200000000097e+02,4.471222200000000271e+02
5.835330199999999579e+00,2.015017200000000003e+03,1.676827399999999898e+03,1.340574000000000069e+03,9.936833400000000438e+02,5.079133299999999736e+02,5.107103500000000054e+02,4.969137499999999932e+02,4.456177999999999884e+02
5.836028699999999958e+00,2.014631900000000087e+03,1.676346500000000106e+03,1.340015200000000050e+03,9.932670299999999770e+02,5.074220300000000066e+02,5.098593099999999936e+02,4.956277799999999729e+02,4.442226699999999937e+02
5.836727299999999730e+00,2.014203600000000051e+03,1.675867799999999988e+03,1.339473899999999958e+03,9.928981400000000122e+02,5.069039200000000278e+02,5.090603600000000029e+02,4.944175099999999929e+02,4.429250099999999861e+02
5.837390899999999938e+00,2.014040500000000065e+03,1.675710100000000011e+03,1.339043799999999919e+03,9.919561300000000301e+02,5.070619100000000117e+02,5.085452399999999784e+02,4.938007900000000063e+02,4.424637500000000045e+02
5.838021399999999694e+00,2.013975899999999911e+03,1.675649300000000039e+03,1.338689100000000053e+03,9.909666999999999462e+02,5.073845699999999965e+02,5.081301700000000210e+02,4.932859599999999887e+02,4.420913699999999835e+02
5.838651800000000058e+00,2.013703099999999949e+03,1.675322200000000066e+03,1.338296100000000024e+03,9.906102499999999509e+02,5.070756900000000087e+02,5.074460700000000202e+02,4.922021300000000110e+02,4.408981099999999742e+02
5.839282299999999815e+00,2.013358799999999974e+03,1.674916799999999967e+03,1.337843000000000075e+03,9.902817900000000009e+02,5.066889199999999960e+02,5.067025300000000243e+02,4.910687199999999848e+02,4.396631300000000238e+02
5.839912799999999571e+00,2.013054799999999886e+03,1.674544599999999946e+03,1.337419399999999996e+03,9.900112699999999677e+02,5.062398800000000278e+02,5.060399699999999825e+02,4.899891600000000267e+02,4.384757799999999861e+02
5.840543199999999935e+00,2.012687500000000000e+03,1.674117799999999988e+03,1.336949900000000071e+03,9.897190799999999626e+02,5.057782199999999762e+02,5.053367499999999950e+02,4.889432499999999777e+02,4.373758900000000267e+02
5.841173699999999691e+00,2.012374700000000075e+03,1.673744699999999966e+03,1.336537100000000009e+03,9.894745799999999463e+02,5.053009799999999814e+02,5.046987799999999993e+02,4.879460799999999949e+02,4.363213499999999954e+02
5.841804100000000055e+00,2.012054100000000062e+03,1.673370300000000043e+03,1.336132100000000037e+03,9.892288300000000163e+02,5.048281400000000190e+02,5.040463899999999740e+02,4.869738300000000208e+02,4.353201000000000249e+02
5.842434599999999811e+00,2.011771600000000035e+03,1.673034499999999980e+03,1.335771799999999985e+03,9.890095499999999902e+02,5.043462799999999788e+02,5.034484199999999987e+02,4.860328299999999899e+02,4.343352499999999736e+02
5.843065000000000175e+00,2.011485200000000077e+03,1.672700199999999995e+03,1.335419900000000098e+03,9.887843800000000556e+02,5.038734400000000164e+02,5.028347299999999791e+02,4.851075799999999845e+02,4.333867900000000191e+02
5.843695499999999932e+00,2.011226400000000012e+03,1.672394099999999980e+03,1.335101000000000113e+03,9.885743499999999813e+02,5.033975300000000175e+02,5.022561299999999846e+02,4.842010799999999904e+02,4.324392599999999902e+02
5.844268600000000369e+00,2.011375099999999975e+03,1.672576700000000073e+03,1.334816800000000057e+03,9.871393199999999979e+02,5.042736499999999751e+02,5.021665499999999724e+02,4.843092599999999948e+02,4.329359699999999975e+02
5.844841699999999918e+00,2.011236900000000105e+03,1.672394900000000007e+03,1.334591400000000021e+03,9.868310699999999542e+02,5.040472199999999816e+02,5.016776300000000219e+02,4.834843399999999747e+02,4.320489299999999844e+02
5.845414899999999747e+00,2.010998399999999947e+03,1.672105199999999968e+03,1.334288600000000088e+03,9.865559899999999516e+02,5.037472200000000271e+02,5.010537499999999795e+02,4.825237799999999879e+02,4.310080699999999752e+02
5.845988000000000184e+00,2.010751299999999901e+03,1.671800400000000081e+03,1.333971399999999903e+03,9.863173699999999826e+02,5.033705800000000181e+02,5.004986000000000104e+02,4.816039900000000102e+02,4.299960100000000125e+02
5.846561200000000014e+00,2.010482500000000073e+03,1.671476699999999937e+03,1.333630000000000109e+03,9.860821600000000444e+02,5.029807000000000130e+02,4.999141300000000001e+02,4.806951799999999935e+02,4.290318700000000263e+02
5.847134299999999563e+00,2.010220600000000104e+03,1.671161900000000060e+03,1.333300400000000081e+03,9.858700300000000425e+02,5.025644800000000032e+02,4.993373199999999770e+02,4.797707199999999830e+02,4.280908099999999763e+02
5.847707400000000000e+00,2.009970499999999902e+03,1.670862000000000080e+03,1.332987200000000030e+03,9.856722499999999627e+02,5.021409600000000069e+02,4.987632699999999772e+02,4.788653299999999717e+02,4.271853600000000029e+02
5.848280599999999829e+00,2.009725200000000086e+03,1.670570600000000013e+03,1.332687400000000025e+03,9.854809900000000198e+02,5.017168899999999780e+02,4.982002299999999764e+02,4.779816099999999892e+02,4.262992100000000164e+02
5.848853700000000266e+00,2.009492099999999937e+03,1.670293799999999919e+03,1.332405299999999897e+03,9.852974199999999882e+02,5.012900999999999954e+02,4.976467599999999720e+02,4.771141799999999762e+02,4.254363599999999792e+02
5.849426900000000096e+00,2.009261400000000094e+03,1.670022600000000011e+03,1.332132299999999987e+03,9.851123599999999669e+02,5.008662699999999859e+02,4.971001699999999914e+02,4.762659100000000194e+02,4.245912599999999770e+02
5.849999999999999645e+00,2.009040199999999913e+03,1.669763200000000097e+03,1.331874099999999999e+03,9.849319500000000289e+02,5.004466199999999958e+02,4.965667700000000195e+02,4.754391299999999774e+02,4.237666300000000206e+02
5.850574700000000128e+00,2.008814200000000028e+03,1.669499900000000025e+03,1.331627500000000055e+03,9.847874699999999848e+02,4.999936599999999771e+02,4.960225199999999859e+02,4.745970800000000054e+02,4.229153400000000147e+02
5.851149399999999723e+00,2.008603200000000015e+03,1.669254899999999907e+03,1.331388899999999921e+03,9.846126699999999801e+02,4.995754900000000021e+02,4.954996499999999742e+02,4.737957700000000045e+02,4.221131500000000187e+02
5.851724100000000206e+00,2.008395099999999957e+03,1.669015200000000050e+03,1.331156199999999899e+03,9.844326899999999796e+02,4.991655000000000086e+02,4.949829199999999787e+02,4.730109800000000178e+02,4.213285099999999943e+02
5.852305799999999891e+00,2.008145199999999932e+03,1.668729599999999891e+03,1.330935400000000072e+03,9.844002600000000029e+02,4.985979100000000130e+02,4.944043599999999969e+02,4.721190799999999967e+02,4.203849000000000160e+02
5.852894599999999947e+00,2.007883900000000040e+03,1.668435099999999920e+03,1.330712700000000041e+03,9.843792700000000195e+02,4.980065099999999916e+02,4.938170900000000074e+02,4.712257999999999925e+02,4.194395499999999970e+02
5.853483400000000003e+00,2.007679200000000037e+03,1.668204799999999977e+03,1.330497200000000021e+03,9.842186100000000124e+02,4.975678599999999960e+02,4.933060699999999770e+02,4.704731400000000008e+02,4.186888200000000211e+02
5.854079800000000056e+00,2.007433500000000095e+03,1.667931900000000041e+03,1.330294699999999921e+03,9.841932100000000219e+02,4.969855299999999829e+02,4.927325099999999907e+02,4.696167699999999741e+02,4.177867899999999963e+02
5.854683999999999777e+00,2.007187400000000025e+03,1.667660900000000083e+03,1.330100599999999986e+03,9.841818600000000288e+02,4.963855199999999854e+02,4.921523799999999937e+02,4.687569899999999734e+02,4.168788099999999872e+02
5.855296400000000290e+00,2.006938300000000027e+03,1.667389300000000048e+03,1.329907999999999902e+03,9.841692299999999705e+02,4.957743899999999826e+02,4.915720099999999775e+02,4.679064399999999750e+02,4.159813500000000204e+02
5.855908699999999634e+00,2.006746200000000044e+03,1.667182999999999993e+03,1.329722199999999930e+03,9.840052799999999706e+02,4.953303700000000163e+02,4.910675699999999892e+02,4.671932199999999966e+02,4.152776799999999753e+02
5.856529799999999675e+00,2.006515300000000025e+03,1.666935600000000022e+03,1.329552200000000084e+03,9.839818000000000211e+02,4.947428199999999947e+02,4.904945000000000164e+02,4.663632999999999811e+02,4.144023700000000190e+02
5.857159799999999805e+00,2.006216200000000072e+03,1.666626500000000078e+03,1.329335199999999986e+03,9.839309799999999768e+02,4.941298400000000015e+02,4.899040100000000280e+02,4.655123399999999947e+02,4.134960100000000125e+02
5.857789799999999936e+00,2.006095399999999927e+03,1.666491600000000062e+03,1.329213500000000067e+03,9.837908300000000281e+02,4.937010599999999840e+02,4.893995199999999954e+02,4.648144599999999969e+02,4.128014400000000137e+02
5.858429300000000062e+00,2.005863900000000058e+03,1.666249800000000050e+03,1.329050999999999931e+03,9.837571599999999989e+02,4.931109400000000278e+02,4.888112800000000107e+02,4.639741900000000214e+02,4.119051299999999856e+02
5.859068899999999580e+00,2.005677300000000059e+03,1.666058800000000019e+03,1.328884800000000041e+03,9.835687100000000100e+02,4.926926500000000146e+02,4.882979599999999891e+02,4.632652199999999993e+02,4.111859000000000037e+02
5.859718599999999888e+00,2.005461800000000039e+03,1.665833000000000084e+03,1.328735400000000027e+03,9.835382899999999609e+02,4.921005900000000111e+02,4.876989300000000185e+02,4.624197899999999777e+02,4.102738499999999817e+02
5.860368300000000197e+00,2.005291699999999992e+03,1.665659400000000005e+03,1.328582200000000057e+03,9.833523400000000265e+02,4.916837499999999750e+02,4.871785399999999981e+02,4.617070100000000252e+02,4.095477399999999761e+02
5.861028799999999706e+00,2.005065399999999954e+03,1.665425400000000081e+03,1.328426699999999983e+03,9.833165299999999434e+02,4.910957199999999716e+02,4.865685399999999845e+02,4.608505700000000047e+02,4.086143500000000017e+02
5.861700700000000097e+00,2.004839600000000019e+03,1.665190700000000106e+03,1.328273799999999937e+03,9.833017800000000079e+02,4.904817899999999895e+02,4.859438700000000040e+02,4.599782299999999964e+02,4.076577500000000214e+02
5.862372599999999601e+00,2.004669399999999996e+03,1.665020299999999907e+03,1.328119899999999916e+03,9.831153399999999465e+02,4.900503199999999993e+02,4.854152500000000146e+02,4.592690900000000056e+02,4.069356799999999907e+02
5.863056799999999846e+00,2.004438100000000077e+03,1.664784200000000055e+03,1.327962600000000066e+03,9.830847300000000359e+02,4.894424999999999955e+02,4.847890600000000063e+02,4.584027600000000007e+02,4.059826600000000099e+02
5.863753799999999572e+00,2.004206200000000081e+03,1.664546700000000101e+03,1.327808299999999917e+03,9.830746900000000323e+02,4.888091499999999883e+02,4.841471999999999980e+02,4.575164899999999761e+02,4.050021199999999908e+02
5.864464500000000413e+00,2.003969599999999900e+03,1.664305699999999888e+03,1.327651100000000042e+03,9.830701500000000124e+02,4.881546399999999721e+02,4.834995799999999804e+02,4.566296399999999949e+02,4.040238400000000070e+02
5.865189700000000173e+00,2.003735699999999952e+03,1.664068400000000111e+03,1.327497800000000097e+03,9.830729499999999916e+02,4.874846699999999942e+02,4.828483499999999822e+02,4.557432400000000143e+02,4.030493799999999851e+02
5.865930399999999878e+00,2.003469900000000052e+03,1.663804300000000012e+03,1.327325399999999945e+03,9.830670300000000452e+02,4.867988399999999842e+02,4.821905800000000113e+02,4.548494900000000030e+02,4.020553800000000138e+02
5.866687500000000277e+00,2.003245200000000068e+03,1.663578899999999976e+03,1.327187300000000050e+03,9.830874099999999771e+02,4.861055299999999875e+02,4.815272800000000188e+02,4.539487899999999740e+02,4.010577099999999859e+02
5.867462200000000294e+00,2.003006699999999910e+03,1.663342599999999948e+03,1.327042699999999968e+03,9.831046199999999544e+02,4.853917500000000018e+02,4.808378999999999905e+02,4.530214100000000030e+02,4.000470300000000066e+02
5.868255800000000022e+00,2.002762099999999919e+03,1.663101599999999962e+03,1.326896199999999908e+03,9.831210700000000315e+02,4.846512900000000172e+02,4.801178400000000011e+02,4.520634800000000268e+02,3.990063200000000165e+02
5.869069699999999834e+00,2.002521600000000035e+03,1.662865199999999959e+03,1.326755799999999908e+03,9.831441499999999678e+02,4.838897999999999797e+02,4.793811900000000037e+02,4.510879299999999716e+02,3.979426900000000273e+02
5.869905700000000337e+00,2.002277299999999968e+03,1.662626500000000078e+03,1.326616199999999935e+03,9.831707599999999729e+02,4.831093299999999999e+02,4.786316699999999855e+02,4.500984399999999823e+02,3.968580099999999788e+02
5.870741599999999671e+00,2.002132000000000062e+03,1.662500000000000000e+03,1.326510299999999916e+03,9.829902299999999968e+02,4.825703199999999811e+02,4.780314200000000255e+02,4.493501200000000040e+02,3.961060899999999947e+02
5.871602199999999883e+00,2.001885099999999966e+03,1.662261999999999944e+03,1.326373499999999922e+03,9.829916500000000497e+02,4.818141899999999964e+02,4.772612799999999993e+02,4.483216499999999769e+02,3.949651200000000131e+02
5.872489599999999754e+00,2.001755000000000109e+03,1.662126800000000003e+03,1.326325800000000072e+03,9.830874300000000403e+02,4.810301799999999730e+02,4.764703200000000152e+02,4.472690900000000056e+02,3.937786800000000085e+02
5.873406600000000033e+00,2.001291699999999992e+03,1.661685300000000097e+03,1.326023100000000113e+03,9.830124200000000201e+02,4.801705200000000104e+02,4.756725799999999822e+02,4.462055899999999724e+02,3.925599599999999896e+02
5.874293100000000045e+00,2.001391599999999926e+03,1.661812599999999975e+03,1.326060300000000097e+03,9.826517000000000053e+02,4.799242499999999723e+02,4.752105500000000120e+02,4.456841299999999819e+02,3.921370400000000132e+02
5.875179499999999777e+00,2.001146500000000060e+03,1.661605299999999943e+03,1.325884099999999989e+03,9.823343499999999722e+02,4.794768100000000004e+02,4.746177500000000009e+02,4.449282499999999914e+02,3.913291399999999953e+02
5.876065999999999789e+00,2.001134800000000041e+03,1.661608699999999999e+03,1.325887899999999945e+03,9.821461699999999837e+02,4.790734400000000051e+02,4.739791399999999726e+02,4.440960600000000227e+02,3.904377499999999941e+02
5.876920799999999723e+00,2.001132800000000088e+03,1.661648899999999912e+03,1.325843399999999974e+03,9.816118699999999535e+02,4.790066899999999919e+02,4.735238499999999817e+02,4.435592599999999948e+02,3.899573300000000131e+02
5.877775500000000264e+00,2.000937300000000050e+03,1.661476400000000012e+03,1.325681000000000040e+03,9.812749499999999898e+02,4.786656399999999962e+02,4.728976299999999924e+02,4.427347899999999754e+02,3.890317900000000009e+02
5.878630300000000197e+00,2.000898899999999912e+03,1.661441399999999931e+03,1.325629599999999982e+03,9.810497699999999668e+02,4.783404300000000262e+02,4.722058799999999792e+02,4.418217200000000275e+02,3.880195600000000127e+02
5.879485100000000131e+00,2.000630499999999984e+03,1.661186599999999999e+03,1.325381000000000085e+03,9.807149299999999812e+02,4.779512500000000159e+02,4.715542599999999993e+02,4.409641199999999799e+02,3.870259300000000167e+02
5.880339900000000064e+00,2.000562699999999950e+03,1.661117099999999937e+03,1.325284000000000106e+03,9.805058900000000222e+02,4.775850399999999922e+02,4.708905700000000252e+02,4.400932599999999866e+02,3.860451100000000224e+02
5.881159099999999640e+00,2.000503400000000056e+03,1.661095100000000002e+03,1.325135399999999890e+03,9.798770700000000033e+02,4.776174899999999752e+02,4.704739200000000210e+02,4.396169600000000059e+02,3.856107799999999770e+02
5.881978199999999823e+00,2.000401100000000042e+03,1.660997100000000046e+03,1.325005900000000111e+03,9.796173199999999497e+02,4.773361300000000256e+02,4.698571900000000028e+02,4.387981700000000274e+02,3.846767500000000268e+02
5.882797400000000287e+00,2.000255400000000009e+03,1.660847700000000032e+03,1.324833000000000084e+03,9.793717000000000326e+02,4.770206099999999765e+02,4.692006400000000212e+02,4.379275499999999965e+02,3.836655400000000213e+02
5.883616599999999863e+00,2.000115999999999985e+03,1.660702500000000100e+03,1.324657699999999977e+03,9.791474799999999732e+02,4.766797599999999875e+02,4.685591999999999757e+02,4.370775499999999738e+02,3.826756700000000251e+02
5.884435800000000327e+00,1.999935799999999972e+03,1.660517800000000079e+03,1.324446799999999939e+03,9.789181099999999560e+02,4.763221800000000030e+02,4.679280200000000036e+02,4.362481799999999907e+02,3.817142999999999802e+02
5.885254899999999623e+00,1.999782500000000027e+03,1.660358799999999974e+03,1.324258599999999888e+03,9.787174099999999726e+02,4.759617200000000139e+02,4.673114100000000235e+02,4.354336400000000253e+02,3.807577099999999746e+02
5.886074100000000087e+00,1.999633199999999988e+03,1.660203700000000026e+03,1.324075100000000020e+03,9.785265900000000556e+02,4.755975099999999998e+02,4.667052600000000098e+02,4.346340700000000083e+02,3.798195299999999861e+02
5.886893299999999662e+00,1.999489900000000034e+03,1.660055200000000013e+03,1.323900799999999890e+03,9.783468400000000429e+02,4.752325000000000159e+02,4.661162600000000111e+02,4.338601400000000012e+02,3.789059399999999869e+02
5.887712399999999846e+00,1.999345800000000054e+03,1.659906999999999925e+03,1.323729499999999916e+03,9.781730900000000020e+02,4.748717500000000200e+02,4.655205599999999890e+02,4.330656000000000176e+02,3.779825700000000097e+02
5.888480399999999726e+00,1.999397999999999911e+03,1.660010500000000093e+03,1.323623700000000099e+03,9.773961299999999710e+02,4.751676100000000247e+02,4.653050700000000006e+02,4.328775299999999788e+02,3.779257099999999809e+02
5.889248399999999606e+00,1.999377799999999979e+03,1.659984600000000000e+03,1.323554200000000037e+03,9.772089200000000346e+02,4.749674699999999916e+02,4.647645899999999983e+02,4.321606899999999882e+02,3.770881200000000035e+02
5.890016400000000374e+00,1.999219499999999925e+03,1.659818400000000111e+03,1.323370699999999943e+03,9.769950000000000045e+02,4.747109199999999873e+02,4.641681399999999940e+02,4.313429600000000050e+02,3.761299599999999828e+02
5.890729499999999952e+00,1.999365000000000009e+03,1.660013599999999997e+03,1.323298000000000002e+03,9.760935299999999870e+02,4.752270899999999756e+02,4.640206400000000144e+02,4.312554299999999898e+02,3.762022499999999923e+02
5.891442600000000418e+00,1.999298500000000104e+03,1.659932299999999941e+03,1.323163000000000011e+03,9.758502499999999600e+02,4.750870699999999829e+02,4.634701900000000023e+02,4.305053700000000276e+02,3.753329899999999952e+02
5.892155699999999996e+00,1.999158799999999928e+03,1.659771700000000010e+03,1.322969200000000001e+03,9.756602900000000318e+02,4.748774099999999976e+02,4.628846399999999903e+02,4.296943099999999731e+02,3.743706300000000056e+02
5.892868799999999574e+00,1.999016800000000103e+03,1.659602100000000064e+03,1.322760600000000068e+03,9.754926100000000133e+02,4.746222399999999766e+02,4.623146199999999908e+02,4.289112299999999891e+02,3.734444799999999987e+02
5.893581900000000040e+00,1.998835199999999986e+03,1.659395700000000033e+03,1.322515400000000000e+03,9.753166800000000194e+02,4.743158199999999738e+02,4.617597200000000157e+02,4.281603000000000065e+02,3.725621899999999869e+02
5.894295099999999898e+00,1.998693899999999985e+03,1.659227699999999913e+03,1.322305499999999938e+03,9.751789400000000114e+02,4.739964800000000196e+02,4.612283899999999903e+02,4.274465000000000146e+02,3.717256399999999985e+02
5.895008200000000365e+00,1.998541500000000042e+03,1.659052500000000009e+03,1.322096800000000030e+03,9.750470400000000382e+02,4.736716499999999996e+02,4.607199200000000019e+02,4.267633099999999899e+02,3.709286700000000110e+02
5.895721299999999943e+00,1.998430000000000064e+03,1.658919599999999946e+03,1.321934099999999944e+03,9.749572500000000446e+02,4.733727900000000091e+02,4.602184799999999996e+02,4.260746899999999755e+02,3.701322000000000116e+02
5.896434400000000409e+00,1.998293499999999995e+03,1.658766100000000051e+03,1.321761199999999917e+03,9.748595000000000255e+02,4.730637100000000146e+02,4.597499500000000126e+02,4.254431500000000028e+02,3.693974900000000048e+02
5.897147499999999987e+00,1.998183800000000019e+03,1.658638500000000022e+03,1.321613000000000056e+03,9.747682099999999537e+02,4.727553599999999960e+02,4.592689599999999928e+02,4.247855099999999879e+02,3.686418300000000272e+02
5.897860599999999565e+00,1.998067600000000084e+03,1.658507000000000062e+03,1.321467499999999973e+03,9.746771700000000465e+02,4.724457300000000259e+02,4.588089400000000069e+02,4.241623099999999909e+02,3.679229100000000017e+02
5.898573800000000311e+00,1.997976000000000113e+03,1.658399899999999889e+03,1.321347500000000082e+03,9.746016499999999496e+02,4.721475100000000111e+02,4.583515199999999936e+02,4.235366999999999962e+02,3.672016699999999787e+02
5.899286899999999889e+00,1.997856299999999919e+03,1.658268499999999904e+03,1.321210100000000011e+03,9.745051099999999451e+02,4.718381999999999721e+02,4.578995699999999829e+02,4.229245300000000043e+02,3.664960300000000188e+02
5.900000000000000355e+00,1.997747599999999920e+03,1.658147799999999961e+03,1.321083699999999908e+03,9.744107500000000073e+02,4.715302100000000110e+02,4.574513699999999972e+02,4.223179799999999773e+02,3.657967100000000187e+02
5.900781300000000229e+00,1.997402000000000044e+03,1.657721099999999979e+03,1.320958399999999983e+03,9.752478200000000470e+02,4.702910899999999970e+02,4.565222999999999729e+02,4.209548399999999901e+02,3.640168400000000020e+02
5.901575099999999630e+00,1.997140900000000101e+03,1.657443299999999908e+03,1.320760299999999916e+03,9.753656099999999469e+02,4.695993100000000027e+02,4.559750000000000227e+02,4.202058700000000044e+02,3.631069400000000087e+02
5.902382199999999912e+00,1.996974899999999934e+03,1.657263999999999896e+03,1.320647200000000112e+03,9.754994799999999486e+02,4.689912400000000048e+02,4.554798200000000179e+02,4.195504599999999868e+02,3.623353299999999990e+02
5.903203200000000095e+00,1.996854100000000017e+03,1.657138400000000047e+03,1.320591899999999896e+03,9.756412699999999631e+02,4.683989199999999755e+02,4.549911399999999730e+02,4.188944700000000125e+02,3.615676100000000019e+02
5.904038800000000364e+00,1.996725799999999936e+03,1.657010099999999966e+03,1.320547399999999925e+03,9.757707500000000209e+02,4.678300100000000157e+02,4.544880899999999997e+02,4.182255400000000236e+02,3.607826099999999769e+02
5.904874500000000026e+00,1.996657600000000002e+03,1.656955999999999904e+03,1.320525799999999890e+03,9.757356399999999894e+02,4.674262200000000007e+02,4.540584400000000187e+02,4.176836900000000128e+02,3.601862300000000232e+02
5.905725900000000195e+00,1.996563900000000103e+03,1.656865000000000009e+03,1.320519099999999980e+03,9.758419000000000096e+02,4.668965099999999779e+02,4.535256099999999719e+02,4.169888900000000262e+02,3.593747799999999870e+02
5.906577300000000363e+00,1.996504899999999907e+03,1.656821400000000040e+03,1.320509399999999914e+03,9.757821300000000520e+02,4.665214100000000030e+02,4.530729499999999916e+02,4.164202700000000164e+02,3.587418700000000058e+02
5.907445799999999636e+00,1.996408599999999979e+03,1.656726899999999887e+03,1.320499800000000050e+03,9.758749199999999746e+02,4.660023699999999849e+02,4.525171500000000151e+02,4.156952900000000000e+02,3.578849099999999908e+02
5.908332299999999648e+00,1.996287900000000036e+03,1.656607099999999946e+03,1.320468100000000049e+03,9.759684899999999743e+02,4.654530300000000125e+02,4.519442500000000109e+02,4.149423300000000268e+02,3.569859599999999773e+02
5.909218899999999941e+00,1.996215500000000020e+03,1.656550199999999904e+03,1.320440900000000056e+03,9.758925199999999904e+02,4.650639400000000023e+02,4.514747399999999971e+02,4.143557599999999752e+02,3.563196300000000178e+02
5.910125100000000131e+00,1.996108899999999949e+03,1.656445099999999911e+03,1.320419300000000021e+03,9.759904099999999971e+02,4.645299600000000169e+02,4.509004800000000159e+02,4.136028099999999768e+02,3.554190699999999765e+02
5.911052500000000265e+00,1.995992299999999886e+03,1.656328500000000076e+03,1.320389499999999998e+03,9.761029200000000401e+02,4.639659500000000207e+02,4.503123499999999808e+02,4.128255199999999832e+02,3.544856399999999894e+02
5.912002400000000435e+00,1.995848700000000008e+03,1.656186099999999897e+03,1.320337299999999914e+03,9.762126100000000406e+02,4.633718999999999824e+02,4.497194600000000264e+02,4.120463199999999802e+02,3.535462699999999927e+02
5.912976699999999752e+00,1.995712500000000091e+03,1.656051799999999957e+03,1.320293400000000020e+03,9.763395100000000184e+02,4.627575400000000059e+02,4.491204399999999737e+02,4.112585300000000075e+02,3.525964000000000169e+02
5.913977299999999993e+00,1.995586099999999988e+03,1.655927400000000034e+03,1.320260700000000043e+03,9.764836800000000494e+02,4.621217199999999821e+02,4.485166699999999764e+02,4.104661600000000021e+02,3.516384899999999902e+02
5.914977999999999625e+00,1.995528700000000072e+03,1.655894399999999905e+03,1.320259099999999989e+03,9.764382900000000518e+02,4.616957499999999754e+02,4.480494800000000168e+02,4.098791899999999941e+02,3.509640899999999988e+02
5.916007999999999711e+00,1.995414299999999912e+03,1.655786299999999983e+03,1.320248399999999947e+03,9.765843800000000101e+02,4.611040199999999913e+02,4.474368999999999801e+02,4.090723399999999970e+02,3.500019800000000032e+02
5.917070299999999783e+00,1.995292200000000093e+03,1.655668200000000070e+03,1.320230999999999995e+03,9.767461799999999812e+02,4.604719999999999800e+02,4.468165300000000002e+02,4.082355900000000020e+02,3.489760299999999802e+02
5.918132499999999574e+00,1.995240700000000061e+03,1.655641699999999901e+03,1.320236900000000105e+03,9.766952800000000252e+02,4.600331300000000283e+02,4.463140799999999899e+02,4.076150600000000281e+02,3.482811500000000251e+02
5.919231400000000143e+00,1.995127899999999954e+03,1.655535900000000083e+03,1.320234699999999975e+03,9.768714599999999564e+02,4.594210899999999924e+02,4.456911200000000122e+02,4.067681600000000230e+02,3.472345599999999877e+02
5.920371000000000272e+00,1.994994599999999991e+03,1.655401599999999917e+03,1.320208699999999908e+03,9.770635700000000270e+02,4.587515999999999963e+02,4.450042700000000195e+02,4.058514599999999746e+02,3.461245000000000118e+02
5.921510500000000121e+00,1.994920800000000099e+03,1.655360699999999952e+03,1.320203700000000026e+03,9.770044799999999441e+02,4.582773399999999810e+02,4.445120699999999943e+02,4.052310299999999756e+02,3.453983099999999808e+02
5.922697600000000229e+00,1.994854599999999891e+03,1.655292500000000018e+03,1.320242899999999963e+03,9.772625500000000329e+02,4.576383400000000279e+02,4.438247600000000261e+02,4.042935200000000009e+02,3.442275999999999954e+02
5.923938599999999610e+00,1.994666500000000042e+03,1.655106299999999919e+03,1.320181800000000067e+03,9.774751700000000483e+02,4.568918499999999767e+02,4.431012099999999805e+02,4.033016499999999951e+02,3.429890899999999760e+02
5.925241699999999945e+00,1.994532699999999977e+03,1.654965799999999945e+03,1.320160800000000108e+03,9.777530600000000049e+02,4.560796799999999962e+02,4.423543000000000234e+02,4.022792999999999779e+02,3.417232399999999757e+02
5.926544800000000279e+00,1.994457699999999932e+03,1.654929100000000062e+03,1.320168300000000045e+03,9.777299699999999802e+02,4.555269799999999805e+02,4.418326299999999947e+02,4.016200099999999793e+02,3.409848799999999756e+02
5.927924499999999597e+00,1.994384000000000015e+03,1.654850300000000061e+03,1.320221800000000030e+03,9.780880700000000161e+02,4.547961799999999926e+02,4.410735099999999989e+02,4.005535899999999856e+02,3.396897999999999911e+02
5.929304199999999803e+00,1.994320400000000063e+03,1.654830899999999929e+03,1.320256000000000085e+03,9.780657400000000052e+02,4.542652699999999868e+02,4.405311399999999935e+02,3.998517299999999750e+02,3.388979899999999930e+02
5.930683900000000008e+00,1.994350400000000036e+03,1.654904700000000048e+03,1.320376299999999901e+03,9.780808799999999792e+02,4.538898599999999988e+02,4.400119199999999751e+02,3.991682999999999879e+02,3.381455900000000270e+02
5.932063600000000214e+00,1.994374499999999898e+03,1.654975400000000036e+03,1.320495699999999943e+03,9.780675099999999702e+02,4.535850800000000049e+02,4.394694900000000075e+02,3.984496500000000196e+02,3.373559399999999755e+02
5.933558299999999619e+00,1.994250099999999975e+03,1.654821899999999914e+03,1.320496599999999944e+03,9.784782400000000280e+02,4.528237199999999802e+02,4.385424600000000055e+02,3.971155200000000036e+02,3.357354900000000271e+02
5.935052999999999912e+00,1.994159799999999905e+03,1.654769999999999982e+03,1.320489900000000034e+03,9.784334199999999555e+02,4.523132100000000264e+02,4.379341900000000010e+02,3.963161799999999744e+02,3.348591799999999807e+02
5.936547700000000205e+00,1.994173800000000028e+03,1.654825199999999995e+03,1.320578999999999951e+03,9.784427100000000337e+02,4.519359200000000101e+02,4.373802800000000275e+02,3.955813699999999926e+02,3.340742900000000191e+02
5.938042399999999610e+00,1.994196699999999964e+03,1.654893000000000029e+03,1.320684700000000021e+03,9.784365599999999858e+02,4.515723399999999970e+02,4.368084699999999998e+02,3.948178100000000086e+02,3.332587700000000268e+02
5.939537099999999903e+00,1.994232199999999921e+03,1.654969599999999900e+03,1.320796299999999974e+03,9.784211699999999610e+02,4.512333899999999858e+02,4.362233200000000011e+02,3.940330999999999904e+02,3.324164599999999723e+02
5.941031800000000196e+00,1.994244699999999966e+03,1.655022799999999961e+03,1.320884299999999939e+03,9.783884100000000217e+02,4.509112099999999828e+02,4.356290999999999940e+02,3.932323600000000283e+02,3.315582999999999743e+02
5.942526499999999601e+00,1.994300500000000056e+03,1.655111300000000028e+03,1.320993999999999915e+03,9.783756200000000263e+02,4.506018900000000258e+02,4.350279499999999757e+02,3.924219400000000064e+02,3.306930399999999963e+02
5.944021199999999894e+00,1.994290400000000091e+03,1.655137400000000071e+03,1.321048099999999977e+03,9.783358299999999872e+02,4.503039600000000178e+02,4.344290599999999927e+02,3.916093000000000188e+02,3.298249000000000137e+02
5.945515900000000187e+00,1.994295699999999897e+03,1.655174899999999980e+03,1.321105600000000095e+03,9.783074000000000296e+02,4.500151799999999866e+02,4.338334300000000212e+02,3.908006100000000060e+02,3.289710299999999847e+02
5.947010599999999592e+00,1.994327199999999948e+03,1.655234400000000051e+03,1.321178900000000112e+03,9.783028600000000097e+02,4.497415399999999863e+02,4.332465500000000134e+02,3.899972599999999829e+02,3.281233300000000099e+02
5.948505299999999885e+00,1.994326499999999896e+03,1.655262899999999945e+03,1.321223600000000033e+03,9.782871999999999844e+02,4.494720199999999863e+02,4.326657099999999900e+02,3.891980100000000107e+02,3.272852800000000002e+02
5.950000000000000178e+00,1.994341699999999946e+03,1.655304200000000037e+03,1.321276200000000017e+03,9.782851699999999937e+02,4.492113299999999754e+02,4.320925100000000043e+02,3.884063600000000065e+02,3.264590600000000222e+02
5.951612899999999762e+00,1.994197599999999966e+03,1.655104000000000042e+03,1.321185199999999895e+03,9.787247300000000223e+02,4.485425500000000056e+02,4.312071500000000128e+02,3.870721800000000030e+02,3.249000899999999774e+02
5.953225800000000234e+00,1.994108799999999974e+03,1.655037499999999909e+03,1.321139899999999898e+03,9.787493699999999990e+02,4.481142100000000141e+02,4.306385599999999840e+02,3.862813400000000001e+02,3.240876299999999901e+02
5.954838699999999818e+00,1.994146300000000110e+03,1.655103699999999890e+03,1.321220000000000027e+03,9.788379999999999654e+02,4.477927500000000123e+02,4.301374400000000264e+02,3.855686299999999846e+02,3.233757299999999759e+02
5.956511400000000123e+00,1.994115600000000086e+03,1.655069099999999935e+03,1.321257000000000062e+03,9.791101499999999760e+02,4.473232600000000048e+02,4.294852999999999952e+02,3.845910200000000145e+02,3.223092199999999821e+02
5.958184000000000147e+00,1.994143600000000106e+03,1.655127999999999929e+03,1.321345800000000054e+03,9.791943800000000238e+02,4.469818099999999959e+02,4.289740100000000211e+02,3.838513100000000122e+02,3.215748800000000074e+02
5.959856600000000171e+00,1.994203700000000026e+03,1.655222800000000007e+03,1.321470100000000002e+03,9.792793900000000349e+02,4.466950800000000186e+02,4.284816200000000208e+02,3.831320999999999799e+02,3.208678600000000074e+02
5.961529299999999587e+00,1.994271600000000035e+03,1.655326600000000099e+03,1.321606399999999894e+03,9.793560499999999820e+02,4.464338999999999942e+02,4.279855299999999829e+02,3.823989799999999946e+02,3.201428999999999974e+02
5.963201899999999611e+00,1.994339199999999892e+03,1.655427300000000059e+03,1.321737699999999904e+03,9.794224600000000009e+02,4.461949200000000246e+02,4.274845199999999750e+02,3.816542200000000093e+02,3.193928000000000225e+02
5.964874599999999916e+00,1.994401299999999992e+03,1.655522400000000061e+03,1.321864199999999983e+03,9.794894600000000082e+02,4.459720899999999801e+02,4.269845500000000129e+02,3.808978200000000243e+02,3.186219300000000203e+02
5.966547199999999940e+00,1.994467900000000100e+03,1.655618300000000090e+03,1.321985599999999977e+03,9.795542599999999993e+02,4.457556500000000028e+02,4.264859299999999962e+02,3.801428099999999972e+02,3.178598700000000008e+02
5.968219799999999964e+00,1.994523500000000013e+03,1.655702900000000000e+03,1.322095800000000054e+03,9.796201800000000048e+02,4.455546499999999810e+02,4.259966999999999757e+02,3.793950600000000009e+02,3.171086900000000242e+02
5.969985399999999665e+00,1.994477499999999964e+03,1.655621799999999894e+03,1.322103000000000065e+03,9.799927699999999504e+02,4.450983100000000263e+02,4.253062400000000025e+02,3.782845800000000054e+02,3.158670099999999934e+02
5.971751000000000253e+00,1.994460900000000038e+03,1.655629500000000007e+03,1.322140499999999975e+03,9.800794100000000526e+02,4.447855299999999943e+02,4.248323599999999942e+02,3.775538599999999860e+02,3.151593599999999924e+02
5.973516499999999674e+00,1.994550099999999929e+03,1.655743799999999965e+03,1.322275900000000092e+03,9.802179499999999734e+02,4.445548699999999940e+02,4.244096099999999865e+02,3.768800600000000145e+02,3.145206699999999955e+02
5.975282100000000263e+00,1.994628999999999905e+03,1.655857700000000023e+03,1.322425799999999981e+03,9.803484200000000328e+02,4.443586700000000178e+02,4.239872799999999984e+02,3.762019399999999791e+02,3.138829299999999876e+02
5.977047699999999963e+00,1.994728000000000065e+03,1.655986699999999928e+03,1.322587500000000091e+03,9.804712500000000546e+02,4.441763700000000199e+02,4.235678300000000149e+02,3.755221000000000231e+02,3.132466699999999946e+02
5.978813200000000272e+00,1.994818899999999985e+03,1.656108899999999949e+03,1.322744999999999891e+03,9.805909699999999702e+02,4.440108000000000175e+02,4.231512999999999920e+02,3.748403000000000134e+02,3.126046299999999860e+02
5.980578799999999973e+00,1.994923399999999901e+03,1.656240399999999909e+03,1.322906700000000001e+03,9.807123100000000022e+02,4.438621400000000108e+02,4.227476300000000151e+02,3.741687999999999761e+02,3.119778900000000021e+02
5.982344399999999673e+00,1.994975500000000011e+03,1.656322599999999966e+03,1.323023599999999988e+03,9.807971199999999499e+02,4.437055799999999977e+02,4.223401400000000194e+02,3.734945999999999913e+02,3.113512400000000184e+02
5.984109899999999982e+00,1.995085600000000113e+03,1.656455999999999904e+03,1.323182199999999966e+03,9.809181800000000067e+02,4.435726900000000228e+02,4.219494000000000256e+02,3.728322600000000193e+02,3.107331100000000106e+02
5.985875499999999683e+00,1.995174500000000080e+03,1.656568800000000010e+03,1.323320999999999913e+03,9.810224799999999732e+02,4.434407199999999989e+02,4.215732399999999984e+02,3.721879799999999818e+02,3.101347999999999843e+02
5.987640999999999991e+00,1.995220000000000027e+03,1.656642000000000053e+03,1.323427899999999909e+03,9.811123400000000174e+02,4.433181900000000155e+02,4.212019700000000171e+02,3.715438899999999762e+02,3.095357700000000136e+02
5.989406599999999692e+00,1.995357099999999946e+03,1.656797299999999950e+03,1.323602000000000089e+03,9.812570699999999988e+02,4.432063400000000115e+02,4.208484000000000265e+02,3.709175599999999804e+02,3.089557199999999852e+02
5.991172200000000281e+00,1.995424999999999955e+03,1.656890200000000050e+03,1.323726799999999912e+03,9.813778800000000047e+02,4.431079399999999850e+02,4.205100600000000099e+02,3.703050700000000006e+02,3.083895499999999856e+02
5.992937699999999701e+00,1.995526900000000069e+03,1.657013500000000022e+03,1.323876199999999926e+03,9.815198799999999437e+02,4.430134100000000217e+02,4.201834400000000187e+02,3.697041600000000017e+02,3.078328700000000140e+02
5.994703300000000290e+00,1.995616899999999987e+03,1.657126500000000078e+03,1.324018499999999904e+03,9.816630400000000236e+02,4.429272900000000277e+02,4.198698800000000233e+02,3.691165700000000243e+02,3.072892100000000255e+02
5.996468899999999991e+00,1.995704700000000003e+03,1.657233600000000024e+03,1.324152499999999918e+03,9.817992299999999659e+02,4.428410499999999956e+02,4.195691600000000108e+02,3.685401299999999765e+02,3.067561900000000037e+02
5.998234400000000299e+00,1.995811200000000099e+03,1.657360899999999901e+03,1.324305900000000065e+03,9.819532000000000380e+02,4.427668600000000083e+02,4.192790800000000218e+02,3.679753000000000043e+02,3.062306100000000129e+02
6.000000000000000000e+00,1.995926899999999932e+03,1.657494400000000041e+03,1.324464099999999917e+03,9.821142300000000205e+02,4.426998899999999821e+02,4.190066800000000171e+02,3.674269300000000271e+02,3.057187299999999937e+02
6.001923099999999955e+00,1.995826600000000099e+03,1.657310099999999920e+03,1.324412299999999959e+03,9.827267699999999877e+02,4.422554799999999773e+02,4.184576099999999883e+02,3.663607499999999959e+02,3.044710900000000038e+02
6.003846199999999911e+00,1.995839199999999892e+03,1.657330300000000079e+03,1.324463899999999967e+03,9.829077800000000025e+02,4.419914600000000178e+02,4.182193899999999758e+02,3.658483800000000201e+02,3.040027999999999793e+02
6.005769199999999586e+00,1.995936099999999897e+03,1.657457699999999932e+03,1.324632700000000114e+03,9.831386999999999716e+02,4.418550099999999929e+02,4.180434000000000196e+02,3.654046299999999974e+02,3.036134200000000192e+02
6.007612199999999625e+00,1.996198399999999992e+03,1.657799800000000005e+03,1.324967399999999998e+03,9.831489800000000514e+02,4.419460000000000264e+02,4.180153399999999806e+02,3.652176000000000045e+02,3.035810999999999922e+02
6.009242500000000042e+00,1.996679699999999912e+03,1.658485100000000102e+03,1.325548199999999952e+03,9.826314999999999600e+02,4.425353999999999814e+02,4.182780300000000011e+02,3.655611200000000167e+02,3.042875700000000165e+02
6.010752000000000095e+00,1.997163700000000063e+03,1.659130799999999908e+03,1.326135600000000068e+03,9.822595099999999775e+02,4.432313599999999951e+02,4.183505000000000109e+02,3.655798800000000028e+02,3.045361199999999826e+02
6.012205599999999706e+00,1.997451199999999972e+03,1.659506300000000010e+03,1.326489299999999957e+03,9.820195200000000568e+02,4.437459400000000187e+02,4.181809900000000084e+02,3.652225700000000188e+02,3.042579999999999814e+02
6.013605400000000323e+00,1.997638300000000072e+03,1.659755900000000111e+03,1.326676699999999983e+03,9.817309699999999566e+02,4.441942999999999984e+02,4.179785600000000159e+02,3.648404600000000073e+02,3.039398199999999974e+02
6.014953399999999561e+00,1.997759299999999939e+03,1.659929900000000089e+03,1.326761999999999944e+03,9.814439800000000105e+02,4.446331700000000069e+02,4.177887200000000121e+02,3.644895999999999958e+02,3.036522199999999998e+02
6.016251399999999805e+00,1.997867999999999938e+03,1.660089199999999892e+03,1.326823699999999917e+03,9.812124700000000530e+02,4.452885699999999929e+02,4.176496399999999767e+02,3.641816000000000031e+02,3.034022299999999746e+02
6.017657599999999718e+00,1.997710800000000063e+03,1.659765400000000000e+03,1.326572699999999941e+03,9.819117599999999584e+02,4.449880099999999743e+02,4.170453200000000038e+02,3.630566299999999842e+02,3.019680299999999988e+02
6.019005199999999611e+00,1.997642499999999927e+03,1.659724300000000085e+03,1.326420599999999922e+03,9.816580199999999650e+02,4.450911100000000147e+02,4.169266900000000078e+02,3.628346900000000232e+02,3.018166699999999878e+02
6.020296599999999998e+00,1.997817399999999907e+03,1.659943099999999959e+03,1.326506699999999910e+03,9.814796400000000176e+02,4.453649399999999901e+02,4.169102199999999812e+02,3.627476500000000215e+02,3.018328099999999949e+02
6.021534299999999895e+00,1.997999900000000025e+03,1.660188499999999976e+03,1.326647600000000011e+03,9.812890099999999620e+02,4.458047000000000253e+02,4.169059700000000248e+02,3.626542999999999779e+02,3.018339500000000157e+02
6.022771900000000400e+00,1.998112800000000107e+03,1.660283899999999903e+03,1.326717300000000023e+03,9.814320300000000543e+02,4.459898600000000215e+02,4.167305499999999938e+02,3.622423800000000256e+02,3.013698800000000233e+02
6.023955800000000416e+00,1.998229499999999916e+03,1.660451700000000073e+03,1.326769600000000082e+03,9.811417400000000271e+02,4.463389799999999923e+02,4.167006299999999896e+02,3.621316699999999855e+02,3.013454100000000153e+02
6.025139600000000151e+00,1.998311300000000074e+03,1.660507399999999961e+03,1.326788900000000012e+03,9.812599099999999908e+02,4.464544900000000212e+02,4.165283299999999826e+02,3.617393000000000143e+02,3.009007500000000164e+02
6.026323399999999886e+00,1.998312599999999975e+03,1.660476300000000037e+03,1.326732099999999946e+03,9.813759499999999889e+02,4.465029000000000110e+02,4.163514799999999809e+02,3.613408499999999890e+02,3.004408000000000243e+02
6.027450899999999834e+00,1.998453099999999949e+03,1.660667099999999891e+03,1.326785000000000082e+03,9.810836199999999963e+02,4.468556399999999940e+02,4.163878799999999956e+02,3.613275100000000180e+02,3.005285200000000145e+02
6.028703600000000051e+00,1.998236799999999903e+03,1.660252600000000029e+03,1.326583100000000059e+03,9.821080600000000231e+02,4.462267400000000066e+02,4.158801900000000273e+02,3.602924800000000118e+02,2.991204399999999737e+02
6.029886699999999600e+00,1.998278199999999970e+03,1.660336900000000014e+03,1.326538800000000037e+03,9.818160000000000309e+02,4.463973899999999730e+02,4.159547000000000025e+02,3.603416799999999967e+02,2.992876299999999787e+02
6.031069900000000317e+00,1.998352699999999913e+03,1.660395800000000008e+03,1.326586700000000064e+03,9.819914700000000494e+02,4.463883500000000026e+02,4.159058400000000120e+02,3.601263999999999896e+02,2.990480999999999767e+02
6.032183400000000084e+00,1.998595299999999952e+03,1.660719900000000052e+03,1.326775000000000091e+03,9.816687299999999823e+02,4.468607099999999832e+02,4.160756200000000149e+02,3.602887600000000248e+02,2.993557400000000257e+02
6.033456000000000152e+00,1.998400599999999940e+03,1.660306399999999940e+03,1.326673299999999927e+03,9.829136200000000372e+02,4.461063800000000015e+02,4.155397600000000011e+02,3.591701299999999719e+02,2.977931800000000067e+02
6.034728600000000220e+00,1.998253500000000031e+03,1.660124600000000100e+03,1.326530299999999897e+03,9.830653499999999667e+02,4.458315999999999804e+02,4.154555799999999977e+02,3.589074899999999957e+02,2.974742299999999773e+02
6.036001200000000289e+00,1.998289399999999887e+03,1.660143800000000056e+03,1.326562100000000100e+03,9.832688299999999799e+02,4.456599899999999934e+02,4.154737499999999955e+02,3.587834700000000225e+02,2.973339000000000283e+02
6.037273899999999749e+00,1.998383599999999888e+03,1.660236699999999928e+03,1.326690000000000055e+03,9.835013099999999895e+02,4.456080799999999726e+02,4.155076500000000124e+02,3.586599199999999996e+02,2.971877499999999941e+02
6.038546499999999817e+00,1.998506399999999985e+03,1.660361400000000003e+03,1.326858999999999924e+03,9.837217299999999796e+02,4.456103200000000015e+02,4.155403000000000020e+02,3.585260799999999790e+02,2.970229299999999739e+02
6.039819099999999885e+00,1.998616099999999960e+03,1.660474699999999984e+03,1.327018700000000081e+03,9.839057800000000498e+02,4.456170700000000124e+02,4.155578699999999799e+02,3.583777900000000045e+02,2.968356699999999933e+02
6.041273499999999963e+00,1.998386500000000069e+03,1.660075700000000097e+03,1.326933899999999994e+03,9.849774599999999509e+02,4.448212800000000016e+02,4.151177799999999820e+02,3.574484600000000114e+02,2.955128700000000208e+02
6.042727900000000041e+00,1.998305200000000013e+03,1.659983400000000074e+03,1.326902199999999993e+03,9.851713700000000244e+02,4.445010599999999954e+02,4.151373699999999758e+02,3.573267500000000041e+02,2.953501499999999851e+02
6.044182300000000119e+00,1.998398899999999912e+03,1.660088700000000017e+03,1.327055599999999913e+03,9.854146399999999630e+02,4.443145900000000097e+02,4.152328600000000165e+02,3.573030899999999974e+02,2.953109799999999723e+02
6.045636799999999589e+00,1.998541500000000042e+03,1.660255900000000111e+03,1.327290099999999939e+03,9.856586099999999533e+02,4.442837000000000103e+02,4.153295800000000213e+02,3.572552900000000022e+02,2.952349100000000135e+02
6.047091199999999667e+00,1.998699800000000096e+03,1.660440800000000081e+03,1.327547100000000000e+03,9.858686800000000403e+02,4.442996999999999730e+02,4.154049499999999853e+02,3.571769199999999955e+02,2.951164099999999735e+02
6.048545599999999745e+00,1.998822799999999916e+03,1.660590400000000045e+03,1.327766599999999926e+03,9.860272800000000188e+02,4.443241300000000251e+02,4.154540099999999825e+02,3.570725100000000225e+02,2.949612200000000257e+02
6.049999999999999822e+00,1.998944700000000012e+03,1.660735200000000077e+03,1.327973300000000108e+03,9.861680999999999813e+02,4.443513599999999997e+02,4.154864999999999782e+02,3.569518499999999790e+02,2.947843500000000176e+02
6.051612900000000295e+00,1.998803799999999910e+03,1.660490999999999985e+03,1.327955500000000029e+03,9.869113700000000335e+02,4.438441300000000069e+02,4.151582099999999969e+02,3.562494500000000244e+02,2.937739199999999755e+02
6.053173799999999716e+00,1.998852499999999964e+03,1.660585100000000011e+03,1.328057099999999991e+03,9.868755400000000009e+02,4.437816199999999753e+02,4.152997899999999731e+02,3.563301700000000096e+02,2.938691600000000221e+02
6.054734700000000025e+00,1.998982500000000073e+03,1.660743300000000090e+03,1.328265100000000075e+03,9.870591100000000324e+02,4.437560899999999720e+02,4.153814600000000041e+02,3.562896000000000072e+02,2.937860299999999825e+02
6.056295500000000054e+00,1.999120200000000068e+03,1.660911499999999933e+03,1.328496900000000096e+03,9.872406399999999849e+02,4.438060600000000022e+02,4.154422799999999825e+02,3.562085200000000214e+02,2.936465299999999843e+02
6.057856400000000363e+00,1.999242199999999912e+03,1.661062400000000025e+03,1.328708599999999933e+03,9.873914899999999761e+02,4.438538399999999911e+02,4.154823600000000283e+02,3.561096299999999815e+02,2.934827999999999975e+02
6.059417299999999784e+00,1.999345000000000027e+03,1.661191399999999931e+03,1.328891900000000078e+03,9.875198500000000195e+02,4.438937099999999987e+02,4.155084600000000137e+02,3.560015500000000088e+02,2.933069699999999784e+02
6.060978099999999813e+00,1.999444999999999936e+03,1.661314800000000105e+03,1.329063100000000077e+03,9.876468999999999596e+02,4.439358500000000163e+02,4.155268399999999929e+02,3.558906900000000064e+02,2.931272200000000225e+02
6.062539000000000122e+00,1.999536599999999908e+03,1.661427899999999909e+03,1.329219599999999900e+03,9.877711500000000342e+02,4.439814600000000269e+02,4.155415100000000166e+02,3.557802599999999984e+02,2.929435199999999782e+02
6.064099900000000432e+00,1.999618400000000065e+03,1.661530799999999999e+03,1.329363700000000108e+03,9.878947899999999436e+02,4.440284700000000271e+02,4.155542399999999930e+02,3.556738000000000284e+02,2.927671399999999835e+02
6.065660799999999853e+00,1.999695200000000114e+03,1.661627400000000080e+03,1.329498900000000049e+03,9.880184799999999541e+02,4.440753500000000145e+02,4.155651399999999853e+02,3.555701500000000124e+02,2.925912099999999896e+02
6.067221599999999881e+00,1.999760199999999941e+03,1.661712500000000091e+03,1.329622699999999895e+03,9.881413000000000011e+02,4.441223800000000210e+02,4.155756000000000085e+02,3.554710099999999784e+02,2.924218599999999810e+02
6.068782500000000191e+00,1.999847199999999930e+03,1.661817099999999982e+03,1.329761099999999942e+03,9.882807999999999993e+02,4.441731500000000210e+02,4.155877199999999903e+02,3.553772599999999784e+02,2.922585399999999822e+02
6.070343399999999612e+00,1.999917599999999993e+03,1.661904700000000048e+03,1.329881699999999910e+03,9.884077399999999898e+02,4.442198200000000270e+02,4.155994200000000092e+02,3.552885200000000054e+02,2.921027799999999957e+02
6.071904299999999921e+00,1.999982400000000098e+03,1.661986100000000079e+03,1.329994999999999891e+03,9.885316800000000512e+02,4.442651299999999992e+02,4.156117899999999850e+02,3.552050800000000095e+02,2.919550699999999779e+02
6.073465099999999950e+00,2.000061799999999948e+03,1.662079400000000078e+03,1.330116299999999910e+03,9.886631800000000112e+02,4.443107200000000034e+02,4.156251300000000128e+02,3.551262399999999957e+02,2.918123600000000124e+02
6.075026000000000259e+00,2.000116099999999960e+03,1.662149799999999914e+03,1.330218399999999974e+03,9.887836200000000417e+02,4.443541999999999916e+02,4.156386499999999842e+02,3.550517500000000268e+02,2.916766700000000014e+02
6.076586899999999680e+00,2.000174800000000005e+03,1.662223899999999958e+03,1.330323499999999967e+03,9.889094900000000052e+02,4.443986600000000067e+02,4.156535299999999893e+02,3.549823200000000156e+02,2.915498299999999858e+02
6.078147799999999989e+00,2.000245300000000043e+03,1.662309199999999919e+03,1.330439499999999953e+03,9.890484999999999900e+02,4.444473399999999970e+02,4.156714200000000119e+02,3.549191000000000145e+02,2.914340100000000007e+02
6.079708600000000018e+00,2.000304599999999937e+03,1.662382900000000063e+03,1.330543599999999969e+03,9.891770800000000463e+02,4.444924500000000194e+02,4.156898100000000227e+02,3.548605900000000020e+02,2.913250600000000077e+02
6.081269500000000328e+00,2.000355700000000070e+03,1.662446599999999989e+03,1.330634800000000041e+03,9.892909799999999905e+02,4.445313899999999876e+02,4.157066100000000120e+02,3.548050099999999816e+02,2.912225300000000061e+02
6.082830399999999749e+00,2.000413199999999961e+03,1.662516000000000076e+03,1.330731299999999919e+03,9.894095700000000306e+02,4.445712599999999952e+02,4.157254699999999730e+02,3.547546500000000265e+02,2.911297599999999761e+02
6.084547299999999659e+00,2.000230600000000095e+03,1.662224500000000035e+03,1.330609200000000101e+03,9.900843399999999974e+02,4.441262199999999893e+02,4.154191900000000146e+02,3.542154800000000137e+02,2.903700699999999983e+02
6.086264299999999849e+00,2.000165500000000065e+03,1.662157200000000103e+03,1.330578299999999899e+03,9.902332000000000107e+02,4.439312100000000214e+02,4.154678999999999860e+02,3.542248500000000035e+02,2.903524100000000203e+02
6.087981300000000040e+00,2.000202399999999898e+03,1.662211299999999937e+03,1.330670699999999897e+03,9.904119200000000092e+02,4.438374900000000025e+02,4.155729400000000169e+02,3.542982400000000212e+02,2.904197399999999902e+02
6.089698199999999950e+00,2.000304900000000089e+03,1.662337500000000091e+03,1.330844700000000103e+03,9.906008500000000367e+02,4.438356899999999996e+02,4.156738399999999842e+02,3.543520300000000134e+02,2.904666000000000281e+02
6.091415200000000141e+00,2.000418400000000020e+03,1.662476899999999887e+03,1.331036900000000060e+03,9.907672999999999774e+02,4.438650000000000091e+02,4.157574799999999868e+02,3.543833099999999945e+02,2.904901500000000283e+02
6.093132200000000331e+00,2.000496900000000096e+03,1.662584299999999985e+03,1.331200199999999995e+03,9.909010500000000548e+02,4.438978200000000243e+02,4.158211900000000014e+02,3.543949900000000071e+02,2.904965000000000259e+02
6.094849100000000242e+00,2.000566800000000057e+03,1.662679599999999937e+03,1.331343399999999974e+03,9.910113900000000058e+02,4.439298600000000192e+02,4.158733399999999847e+02,3.543980000000000246e+02,2.904984099999999785e+02
6.096566100000000432e+00,2.000598899999999958e+03,1.662733699999999999e+03,1.331445200000000114e+03,9.910951199999999517e+02,4.439610500000000002e+02,4.159141900000000192e+02,3.543933099999999854e+02,2.904984699999999975e+02
6.098283000000000342e+00,2.000687599999999975e+03,1.662832200000000057e+03,1.331579300000000103e+03,9.912085600000000341e+02,4.439984099999999785e+02,4.159540900000000079e+02,3.543881999999999834e+02,2.905007699999999886e+02
6.099999999999999645e+00,2.000732299999999896e+03,1.662895800000000008e+03,1.331683800000000019e+03,9.913072200000000294e+02,4.440366900000000214e+02,4.159843500000000063e+02,3.543799399999999764e+02,2.905094399999999837e+02
6.101666699999999999e+00,2.000864199999999983e+03,1.663076800000000048e+03,1.331856299999999919e+03,9.912334600000000364e+02,4.442188600000000065e+02,4.161186400000000276e+02,3.545272100000000250e+02,2.907330000000000041e+02
6.103333300000000072e+00,2.000929499999999962e+03,1.663161800000000085e+03,1.331974699999999984e+03,9.913070900000000165e+02,4.443232399999999984e+02,4.161314100000000167e+02,3.544997399999999743e+02,2.907280799999999772e+02
6.105000000000000426e+00,2.000931100000000015e+03,1.663178200000000061e+03,1.332023899999999912e+03,9.913499900000000480e+02,4.443928900000000226e+02,4.161232400000000098e+02,3.544538499999999885e+02,2.907068300000000249e+02
6.106666699999999892e+00,2.000919499999999971e+03,1.663176400000000058e+03,1.332047499999999900e+03,9.913917000000000144e+02,4.444296100000000251e+02,4.161141900000000078e+02,3.544165100000000166e+02,2.907022600000000239e+02
6.108333299999999966e+00,2.000905899999999974e+03,1.663171499999999924e+03,1.332065299999999979e+03,9.914427500000000464e+02,4.444556799999999726e+02,4.161096499999999878e+02,3.543880800000000022e+02,2.907129800000000159e+02
6.110000000000000320e+00,2.000886799999999994e+03,1.663162800000000061e+03,1.332080500000000029e+03,9.914987300000000232e+02,4.444779300000000148e+02,4.161093299999999999e+02,3.543674500000000194e+02,2.907395500000000084e+02
6.111666699999999786e+00,2.000883499999999913e+03,1.663159100000000080e+03,1.332095700000000079e+03,9.915536700000000110e+02,4.444962600000000066e+02,4.161114799999999718e+02,3.543522199999999884e+02,2.907786100000000147e+02
6.113333299999999859e+00,2.000875000000000000e+03,1.663155700000000024e+03,1.332114800000000059e+03,9.916121799999999666e+02,4.445135000000000218e+02,4.161152299999999968e+02,3.543408099999999763e+02,2.908258999999999901e+02
6.115000000000000213e+00,2.000845700000000079e+03,1.663130799999999908e+03,1.332114499999999907e+03,9.916513200000000552e+02,4.445199200000000133e+02,4.161171100000000251e+02,3.543323899999999753e+02,2.908825600000000122e+02
6.116590900000000275e+00,2.000972700000000032e+03,1.663327299999999923e+03,1.332255400000000009e+03,9.914143900000000258e+02,4.447651700000000119e+02,4.162914299999999912e+02,3.545722099999999841e+02,2.912813600000000065e+02
6.118181800000000337e+00,2.000979599999999891e+03,1.663362100000000055e+03,1.332328600000000051e+03,9.914696599999999762e+02,4.449036699999999769e+02,4.162861599999999953e+02,3.545383499999999799e+02,2.913152600000000234e+02
6.119772700000000398e+00,2.001009000000000015e+03,1.663398200000000088e+03,1.332390200000000050e+03,9.915456599999999980e+02,4.450044100000000071e+02,4.162545999999999822e+02,3.544758100000000240e+02,2.913183900000000222e+02
6.121363599999999572e+00,2.000947899999999890e+03,1.663335399999999936e+03,1.332340699999999970e+03,9.915382499999999482e+02,4.450250800000000027e+02,4.162159100000000080e+02,3.544241499999999974e+02,2.913426799999999730e+02
6.122954499999999634e+00,2.000869400000000041e+03,1.663251400000000103e+03,1.332265100000000075e+03,9.915230800000000499e+02,4.450239700000000198e+02,4.161836700000000064e+02,3.543856499999999983e+02,2.913886999999999716e+02
6.124457099999999876e+00,2.000977499999999964e+03,1.663436999999999898e+03,1.332366999999999962e+03,9.911708200000000488e+02,4.453434700000000248e+02,4.163799599999999828e+02,3.546713199999999802e+02,2.918766299999999774e+02
6.125959599999999838e+00,2.001019500000000107e+03,1.663489199999999983e+03,1.332429599999999937e+03,9.911928599999999960e+02,4.454757599999999798e+02,4.163478700000000003e+02,3.546190199999999777e+02,2.919096799999999803e+02
6.127462099999999801e+00,2.000982700000000023e+03,1.663453999999999951e+03,1.332413099999999986e+03,9.912131699999999910e+02,4.455707899999999881e+02,4.162862200000000144e+02,3.545321700000000078e+02,2.919021200000000249e+02
6.128964599999999763e+00,2.000934999999999945e+03,1.663397200000000112e+03,1.332362100000000055e+03,9.912327099999999973e+02,4.456035100000000284e+02,4.162316700000000083e+02,3.544645399999999995e+02,2.919236599999999839e+02
6.130366999999999678e+00,2.001031700000000001e+03,1.663586000000000013e+03,1.332432999999999993e+03,9.907421500000000378e+02,4.460160900000000197e+02,4.164562900000000241e+02,3.548019300000000271e+02,2.925057899999999904e+02
6.131769399999999592e+00,2.001047800000000052e+03,1.663604199999999992e+03,1.332444199999999910e+03,9.907106300000000374e+02,4.461757000000000062e+02,4.164032100000000014e+02,3.547281500000000278e+02,2.925215699999999970e+02
6.133288600000000201e+00,2.000733099999999922e+03,1.663156500000000051e+03,1.332134299999999939e+03,9.911955699999999752e+02,4.457637899999999718e+02,4.160023100000000227e+02,3.541763199999999756e+02,2.918914800000000014e+02
6.134681200000000167e+00,2.000775799999999890e+03,1.663292500000000018e+03,1.332119899999999916e+03,9.906163900000000240e+02,4.461437900000000241e+02,4.162816500000000133e+02,3.546065199999999891e+02,2.926137200000000007e+02
6.136073800000000134e+00,2.000814399999999978e+03,1.663327399999999898e+03,1.332136899999999969e+03,9.906243500000000495e+02,4.462278099999999768e+02,4.162665499999999952e+02,3.545931800000000180e+02,2.927131600000000162e+02
6.137466400000000100e+00,2.000722600000000057e+03,1.663228000000000065e+03,1.332047199999999975e+03,9.905892000000000053e+02,4.462855200000000195e+02,4.162049700000000030e+02,3.545151999999999930e+02,2.927365399999999909e+02
6.138859100000000346e+00,2.000646600000000035e+03,1.663134000000000015e+03,1.331952199999999948e+03,9.905730499999999665e+02,4.462994600000000105e+02,4.161476400000000240e+02,3.544509400000000028e+02,2.927740800000000263e+02
6.140096899999999636e+00,2.000899899999999889e+03,1.663557900000000018e+03,1.332142599999999902e+03,9.896788800000000492e+02,4.470797099999999773e+02,4.165928000000000111e+02,3.550992100000000278e+02,2.938092599999999948e+02
6.141334800000000094e+00,2.000965500000000020e+03,1.663631399999999985e+03,1.332200100000000020e+03,9.895958500000000413e+02,4.473382799999999975e+02,4.165251200000000154e+02,3.549980499999999779e+02,2.938025999999999840e+02
6.142778999999999989e+00,2.000397899999999936e+03,1.662798900000000003e+03,1.331665199999999913e+03,9.906083300000000236e+02,4.464282999999999788e+02,4.157727399999999989e+02,3.539590200000000095e+02,2.924863300000000095e+02
6.144223199999999885e+00,2.000074599999999919e+03,1.662405199999999923e+03,1.331269800000000032e+03,9.906296700000000328e+02,4.461506099999999719e+02,4.156919800000000009e+02,3.538969599999999787e+02,2.925405299999999897e+02
6.145667399999999780e+00,1.999945600000000013e+03,1.662251299999999901e+03,1.331103499999999940e+03,9.906949600000000373e+02,4.459267500000000268e+02,4.157311500000000137e+02,3.539885400000000004e+02,2.927931699999999751e+02
6.147111599999999676e+00,1.999875900000000001e+03,1.662170499999999947e+03,1.331034400000000005e+03,9.907422699999999622e+02,4.458138799999999833e+02,4.157831699999999842e+02,3.540723800000000097e+02,2.930377700000000232e+02
6.148555799999999572e+00,1.999809899999999971e+03,1.662105999999999995e+03,1.330999099999999999e+03,9.907665500000000520e+02,4.457406100000000038e+02,4.158230399999999918e+02,3.541328199999999811e+02,2.932506200000000263e+02
6.150000000000000355e+00,1.999745200000000068e+03,1.662035800000000108e+03,1.330957100000000082e+03,9.907590699999999515e+02,4.456865700000000174e+02,4.158465600000000109e+02,3.541705799999999726e+02,2.934390200000000277e+02
6.151612899999999939e+00,1.999322799999999916e+03,1.661472400000000107e+03,1.330624199999999973e+03,9.913611200000000281e+02,4.449681800000000180e+02,4.154442500000000109e+02,3.536268499999999904e+02,2.928100600000000213e+02
6.153225800000000412e+00,1.999115000000000009e+03,1.661231700000000046e+03,1.330416400000000067e+03,9.913994999999999891e+02,4.446864499999999794e+02,4.154785800000000222e+02,3.537006499999999960e+02,2.930593400000000202e+02
6.154838699999999996e+00,1.999041799999999967e+03,1.661150799999999890e+03,1.330367700000000013e+03,9.914178799999999683e+02,4.444800900000000183e+02,4.155645299999999907e+02,3.538393800000000056e+02,2.933985099999999875e+02
6.156451599999999580e+00,1.998999399999999923e+03,1.661123800000000074e+03,1.330400699999999915e+03,9.913985000000000127e+02,4.443626100000000179e+02,4.156355800000000045e+02,3.539446899999999800e+02,2.936980199999999854e+02
6.158064500000000052e+00,1.998912499999999909e+03,1.661052899999999909e+03,1.330382599999999911e+03,9.913413299999999708e+02,4.442750500000000216e+02,4.156800299999999879e+02,3.540172900000000027e+02,2.939559399999999982e+02
6.159677399999999636e+00,1.998811799999999948e+03,1.660969499999999925e+03,1.330353100000000040e+03,9.912406399999999849e+02,4.442020899999999983e+02,4.156987899999999740e+02,3.540606999999999971e+02,2.941822599999999852e+02
6.161290300000000109e+00,1.998703299999999899e+03,1.660875900000000001e+03,1.330309899999999971e+03,9.911269200000000410e+02,4.441327999999999747e+02,4.156977099999999723e+02,3.540849600000000237e+02,2.943876500000000078e+02
6.162903199999999693e+00,1.998583399999999983e+03,1.660767200000000003e+03,1.330245899999999892e+03,9.910136800000000221e+02,4.440656500000000051e+02,4.156824199999999792e+02,3.540954100000000153e+02,2.945786699999999882e+02
6.164516100000000165e+00,1.998446799999999939e+03,1.660633000000000038e+03,1.330152599999999893e+03,9.908852000000000544e+02,4.439965100000000007e+02,4.156551999999999794e+02,3.540975799999999936e+02,2.947638999999999783e+02
6.166128999999999749e+00,1.998326800000000048e+03,1.660526000000000067e+03,1.330108999999999924e+03,9.907406300000000101e+02,4.439310500000000275e+02,4.156217800000000011e+02,3.540933400000000120e+02,2.949409800000000246e+02
6.167741900000000221e+00,1.998185400000000072e+03,1.660385500000000093e+03,1.329999000000000024e+03,9.906222400000000334e+02,4.438637100000000260e+02,4.155812099999999987e+02,3.540849099999999794e+02,2.951137299999999755e+02
6.169439699999999860e+00,1.997838099999999940e+03,1.659974600000000009e+03,1.329688100000000077e+03,9.907037599999999884e+02,4.434908899999999790e+02,4.153299700000000030e+02,3.538005200000000059e+02,2.948932599999999979e+02
6.171349700000000382e+00,1.997259999999999991e+03,1.659243699999999990e+03,1.329147200000000112e+03,9.911124899999999798e+02,4.426682299999999941e+02,4.148630499999999870e+02,3.532421299999999746e+02,2.942872100000000160e+02
6.173259800000000297e+00,1.996958200000000033e+03,1.658898500000000013e+03,1.328846199999999953e+03,9.910516300000000456e+02,4.422798799999999915e+02,4.149004499999999780e+02,3.533703899999999862e+02,2.946667899999999918e+02
6.175169799999999931e+00,1.996813100000000077e+03,1.658750299999999925e+03,1.328735799999999927e+03,9.910141800000000103e+02,4.420110300000000052e+02,4.149844800000000191e+02,3.535442100000000210e+02,2.951133699999999749e+02
6.177079799999999565e+00,1.996676600000000008e+03,1.658635099999999966e+03,1.328679499999999962e+03,9.909402999999999793e+02,4.418379199999999969e+02,4.150406300000000215e+02,3.536679800000000000e+02,2.954931100000000015e+02
6.178842900000000249e+00,1.996778999999999996e+03,1.658863700000000108e+03,1.328870799999999917e+03,9.904305200000000013e+02,4.421114900000000034e+02,4.153756900000000201e+02,3.541694899999999961e+02,2.964222500000000196e+02
6.180606000000000044e+00,1.996698599999999942e+03,1.658832200000000057e+03,1.328884700000000066e+03,9.901971200000000408e+02,4.421513899999999921e+02,4.153249799999999823e+02,3.541496099999999956e+02,2.966049899999999866e+02
6.182369099999999840e+00,1.996461600000000089e+03,1.658610699999999952e+03,1.328713199999999915e+03,9.898992100000000391e+02,4.421288000000000125e+02,4.152076599999999758e+02,3.540617100000000050e+02,2.966988699999999994e+02
6.184132199999999635e+00,1.996204700000000003e+03,1.658342699999999923e+03,1.328476400000000012e+03,9.896178800000000138e+02,4.420536599999999794e+02,4.150803199999999720e+02,3.539784399999999778e+02,2.968081399999999803e+02
6.185895300000000319e+00,1.995957400000000007e+03,1.658083300000000008e+03,1.328234500000000025e+03,9.893700199999999541e+02,4.419613299999999754e+02,4.149633499999999913e+02,3.539153200000000083e+02,2.969432300000000282e+02
6.187658400000000114e+00,1.995686899999999923e+03,1.657805100000000039e+03,1.327971199999999953e+03,9.891217000000000326e+02,4.418599899999999820e+02,4.148512000000000057e+02,3.538630099999999743e+02,2.970978000000000065e+02
6.189421399999999629e+00,1.995481800000000021e+03,1.657595600000000104e+03,1.327766699999999901e+03,9.889155600000000277e+02,4.417673100000000090e+02,4.147480600000000095e+02,3.538209400000000073e+02,2.972648399999999924e+02
6.191184500000000313e+00,1.995200800000000072e+03,1.657299400000000105e+03,1.327479199999999992e+03,9.886412900000000263e+02,4.416230600000000095e+02,4.146315700000000106e+02,3.537780799999999886e+02,2.974397500000000036e+02
6.192947600000000108e+00,1.994907600000000002e+03,1.656989399999999932e+03,1.327175600000000031e+03,9.883501899999999978e+02,4.414727500000000191e+02,4.145158500000000004e+02,3.537396299999999769e+02,2.976185500000000275e+02
6.194710699999999903e+00,1.994602000000000089e+03,1.656663299999999936e+03,1.326848600000000033e+03,9.880269399999999678e+02,4.413061099999999897e+02,4.143940999999999804e+02,3.536996599999999944e+02,2.978004599999999868e+02
6.196473799999999699e+00,1.994323599999999942e+03,1.656362699999999904e+03,1.326542799999999943e+03,9.877140600000000177e+02,4.411360099999999989e+02,4.142713200000000029e+02,3.536612099999999828e+02,2.979852599999999825e+02
6.198236900000000382e+00,1.994009399999999914e+03,1.656030400000000100e+03,1.326213600000000042e+03,9.873953400000000329e+02,4.409755099999999857e+02,4.141514300000000048e+02,3.536263200000000211e+02,2.981789400000000114e+02
6.200000000000000178e+00,1.993699900000000071e+03,1.655734999999999900e+03,1.325919100000000071e+03,9.871010800000000245e+02,4.408113200000000234e+02,4.140283499999999890e+02,3.535894799999999805e+02,2.983721199999999953e+02
6.201851900000000306e+00,1.993115299999999934e+03,1.655117400000000089e+03,1.325367999999999938e+03,9.869693899999999758e+02,4.403511599999999930e+02,4.136952800000000252e+02,3.532772699999999872e+02,2.981612400000000207e+02
6.203703700000000154e+00,1.992764599999999973e+03,1.654743899999999940e+03,1.325000900000000001e+03,9.866842599999999948e+02,4.400860099999999875e+02,4.135893199999999865e+02,3.532753799999999842e+02,2.984170300000000111e+02
6.205555600000000283e+00,1.992388200000000097e+03,1.654366199999999935e+03,1.324636099999999942e+03,9.863600800000000390e+02,4.398395100000000184e+02,4.135000999999999749e+02,3.532998200000000111e+02,2.987154199999999946e+02
6.207333300000000165e+00,1.992201099999999997e+03,1.654231899999999996e+03,1.324468800000000101e+03,9.858571399999999585e+02,4.398607499999999959e+02,4.135794999999999959e+02,3.535444400000000087e+02,2.993477399999999875e+02
6.209111100000000327e+00,1.991957799999999907e+03,1.654001999999999953e+03,1.324242700000000013e+03,9.855351100000000315e+02,4.397434799999999768e+02,4.134549499999999966e+02,3.535063099999999849e+02,2.995507600000000252e+02
6.210888899999999602e+00,1.991462600000000066e+03,1.653578800000000001e+03,1.323853599999999915e+03,9.851217900000000327e+02,4.395894200000000183e+02,4.132934799999999882e+02,3.534273800000000278e+02,2.997002400000000080e+02
6.212666699999999764e+00,1.991048700000000053e+03,1.653208200000000033e+03,1.323496900000000096e+03,9.847483499999999594e+02,4.394154800000000023e+02,4.131237800000000107e+02,3.533530299999999897e+02,2.998695399999999722e+02
6.214444399999999646e+00,1.990627300000000105e+03,1.652777700000000095e+03,1.323077900000000000e+03,9.843403200000000197e+02,4.392238100000000145e+02,4.129590099999999779e+02,3.532895100000000070e+02,3.000664300000000253e+02
6.216419799999999718e+00,1.989887099999999919e+03,1.651850200000000086e+03,1.322265699999999924e+03,9.844188900000000331e+02,4.384375299999999811e+02,4.123547599999999989e+02,3.526372900000000072e+02,2.993794199999999819e+02
6.218518500000000060e+00,1.989243300000000090e+03,1.651059400000000096e+03,1.321522999999999911e+03,9.843020299999999452e+02,4.377081299999999828e+02,4.119934999999999832e+02,3.523438100000000190e+02,2.992740600000000200e+02
6.220617299999999794e+00,1.988774499999999989e+03,1.650552799999999934e+03,1.321009600000000091e+03,9.839256599999999935e+02,4.372479400000000282e+02,4.119482199999999921e+02,3.524813800000000015e+02,2.998437700000000063e+02
6.222716000000000136e+00,1.988360300000000052e+03,1.650136700000000019e+03,1.320604900000000043e+03,9.835285400000000209e+02,4.368776199999999790e+02,4.119091900000000237e+02,3.526171800000000189e+02,3.004144600000000196e+02
6.224814799999999870e+00,1.987934299999999894e+03,1.649720600000000104e+03,1.320224300000000085e+03,9.830945000000000391e+02,4.365668999999999755e+02,4.118294999999999959e+02,3.526940299999999979e+02,3.008992299999999886e+02
6.226913599999999605e+00,1.987489399999999932e+03,1.649281199999999899e+03,1.319816299999999956e+03,9.825976699999999937e+02,4.362720800000000168e+02,4.117065600000000245e+02,3.527209899999999720e+02,3.013205100000000130e+02
6.229012299999999946e+00,1.987011299999999892e+03,1.648805800000000090e+03,1.319368099999999913e+03,9.820556000000000267e+02,4.359787499999999909e+02,4.115479700000000207e+02,3.527160099999999829e+02,3.017223000000000184e+02
6.231111099999999681e+00,1.986503500000000031e+03,1.648299800000000005e+03,1.318889400000000023e+03,9.814934500000000526e+02,4.356908799999999928e+02,4.113684200000000146e+02,3.526940500000000043e+02,3.021212100000000191e+02
6.233209900000000303e+00,1.985987300000000005e+03,1.647778600000000097e+03,1.318383599999999888e+03,9.809124199999999973e+02,4.354012200000000234e+02,4.111684599999999818e+02,3.526563699999999812e+02,3.025117999999999938e+02
6.235308599999999757e+00,1.985440399999999954e+03,1.647229100000000017e+03,1.317846299999999928e+03,9.803132000000000517e+02,4.351077500000000100e+02,4.109537900000000263e+02,3.526109299999999962e+02,3.029128299999999854e+02
6.237407400000000379e+00,1.984894900000000007e+03,1.646674099999999953e+03,1.317299899999999980e+03,9.797120899999999892e+02,4.348130400000000009e+02,4.107285499999999843e+02,3.525648899999999912e+02,3.033521999999999821e+02
6.239506200000000113e+00,1.984333499999999958e+03,1.646101100000000088e+03,1.316730000000000018e+03,9.790962500000000546e+02,4.345132699999999772e+02,4.104938700000000154e+02,3.525189399999999864e+02,3.038230500000000234e+02
6.241604899999999567e+00,1.983759099999999989e+03,1.645515900000000101e+03,1.316143800000000056e+03,9.784694700000000012e+02,4.342087500000000091e+02,4.102508700000000204e+02,3.524749100000000226e+02,3.043147599999999784e+02
6.243703700000000190e+00,1.983182299999999941e+03,1.644920000000000073e+03,1.315540299999999888e+03,9.778282799999999497e+02,4.338947600000000193e+02,4.099892699999999763e+02,3.523836900000000014e+02,3.045372600000000034e+02
6.245802499999999924e+00,1.982569199999999910e+03,1.644289700000000039e+03,1.314906500000000051e+03,9.771660299999999779e+02,4.335760300000000029e+02,4.097210299999999847e+02,3.522966400000000249e+02,3.048386499999999728e+02
6.247901200000000266e+00,1.981984200000000101e+03,1.643680900000000065e+03,1.314281700000000001e+03,9.765074799999999868e+02,4.332473499999999831e+02,4.094388500000000022e+02,3.522015200000000164e+02,3.051433700000000044e+02
6.250000000000000000e+00,1.981341899999999896e+03,1.643022600000000011e+03,1.313619500000000016e+03,9.758254399999999578e+02,4.329206899999999791e+02,4.091598200000000247e+02,3.521244500000000244e+02,3.055646699999999782e+02
6.252173899999999840e+00,1.980632100000000037e+03,1.642230499999999893e+03,1.312834900000000061e+03,9.752941100000000461e+02,4.323976200000000176e+02,4.087066500000000246e+02,3.518163000000000125e+02,3.056642699999999877e+02
6.254347799999999680e+00,1.979958900000000085e+03,1.641524400000000014e+03,1.312112399999999980e+03,9.745901699999999437e+02,4.319944899999999848e+02,4.084281100000000038e+02,3.517802899999999795e+02,3.062865300000000275e+02
6.256521700000000408e+00,1.979278099999999995e+03,1.640819099999999935e+03,1.311390799999999899e+03,9.738581699999999728e+02,4.316018300000000067e+02,4.081599499999999807e+02,3.517642099999999914e+02,3.069247500000000173e+02
6.258695699999999640e+00,1.978609500000000025e+03,1.640130200000000059e+03,1.310691399999999931e+03,9.731270899999999529e+02,4.312172699999999850e+02,4.078591200000000185e+02,3.516632900000000177e+02,3.071714200000000119e+02
6.260869600000000368e+00,1.977917999999999893e+03,1.639417500000000018e+03,1.309968599999999924e+03,9.723660300000000234e+02,4.308339300000000094e+02,4.075421000000000049e+02,3.515567399999999907e+02,3.075608399999999847e+02
6.263043500000000208e+00,1.977231199999999944e+03,1.638709599999999909e+03,1.309249199999999973e+03,9.716027900000000272e+02,4.304530399999999872e+02,4.072145800000000122e+02,3.514579100000000267e+02,3.080351099999999747e+02
6.265217400000000048e+00,1.976529999999999973e+03,1.637982799999999997e+03,1.308506599999999935e+03,9.708169400000000451e+02,4.300656299999999987e+02,4.068687800000000152e+02,3.513269999999999982e+02,3.084004199999999969e+02
6.267391299999999887e+00,1.975791300000000092e+03,1.637220800000000054e+03,1.307732500000000073e+03,9.700066900000000487e+02,4.296740699999999720e+02,4.065149900000000116e+02,3.512134699999999725e+02,3.089075900000000274e+02
6.269565199999999727e+00,1.975100400000000036e+03,1.636497299999999996e+03,1.306981700000000046e+03,9.692097099999999728e+02,4.292756400000000099e+02,4.061552899999999795e+02,3.511066799999999830e+02,3.095033399999999801e+02
6.271739099999999567e+00,1.974394099999999980e+03,1.635758599999999888e+03,1.306215300000000070e+03,9.683998299999999517e+02,4.288818899999999985e+02,4.057813600000000065e+02,3.509687299999999937e+02,3.099405300000000238e+02
6.273913000000000295e+00,1.973536100000000033e+03,1.634887899999999945e+03,1.305346500000000106e+03,9.675190400000000182e+02,4.284657500000000141e+02,4.053925199999999904e+02,3.508211900000000014e+02,3.103247299999999882e+02
6.276087000000000415e+00,1.972881900000000087e+03,1.634183700000000044e+03,1.304592100000000073e+03,9.667071300000000065e+02,4.280593900000000076e+02,4.049989800000000173e+02,3.506600300000000061e+02,3.106403500000000122e+02
6.278260900000000255e+00,1.972070500000000038e+03,1.633346299999999928e+03,1.303737900000000081e+03,9.658290700000000015e+02,4.276404299999999807e+02,4.045948200000000270e+02,3.504942899999999781e+02,3.109065200000000004e+02
6.280434800000000095e+00,1.971402900000000045e+03,1.632627300000000105e+03,1.302965400000000045e+03,9.649999199999999746e+02,4.272266999999999939e+02,4.041900299999999788e+02,3.503529100000000085e+02,3.114290500000000179e+02
6.282608699999999935e+00,1.970485400000000027e+03,1.631697200000000066e+03,1.302036499999999933e+03,9.640666400000000067e+02,4.267931300000000192e+02,4.037599399999999719e+02,3.501466300000000160e+02,3.115568700000000035e+02
6.284782599999999775e+00,1.969820099999999911e+03,1.630974300000000085e+03,1.301250900000000001e+03,9.632173400000000356e+02,4.263614299999999844e+02,4.033162100000000123e+02,3.499087099999999850e+02,3.114287299999999732e+02
6.286956499999999615e+00,1.968949399999999969e+03,1.630079600000000028e+03,1.300340300000000070e+03,9.622865699999999833e+02,4.259218200000000252e+02,4.028795499999999947e+02,3.497480199999999968e+02,3.119605199999999741e+02
6.289130400000000343e+00,1.968142900000000054e+03,1.629230399999999918e+03,1.299451099999999997e+03,9.613604800000000523e+02,4.254800099999999929e+02,4.024381200000000263e+02,3.495736400000000117e+02,3.125319000000000074e+02
6.291304300000000183e+00,1.967313000000000102e+03,1.628364100000000008e+03,1.298552100000000110e+03,9.604279900000000225e+02,4.250351099999999747e+02,4.019906700000000228e+02,3.494166999999999916e+02,3.131841499999999883e+02
6.293478300000000303e+00,1.966494799999999941e+03,1.627504699999999957e+03,1.297653199999999970e+03,9.594904599999999846e+02,4.245887500000000045e+02,4.015437200000000075e+02,3.492807300000000055e+02,3.139079399999999964e+02
6.295652200000000143e+00,1.965567900000000009e+03,1.626550899999999956e+03,1.296680499999999938e+03,9.584984100000000353e+02,4.241320999999999799e+02,4.010920899999999847e+02,3.491807099999999764e+02,3.149110099999999761e+02
6.297826099999999983e+00,1.964807600000000093e+03,1.625733500000000049e+03,1.295801699999999983e+03,9.575632600000000139e+02,4.236802000000000135e+02,4.006354799999999727e+02,3.490556199999999762e+02,3.157254399999999919e+02
6.299999999999999822e+00,1.963921800000000076e+03,1.624810500000000047e+03,1.294844900000000052e+03,9.565744799999999941e+02,4.232190800000000195e+02,4.001691500000000019e+02,3.489240399999999909e+02,3.164855600000000209e+02
6.302380999999999567e+00,1.962841599999999971e+03,1.623528700000000072e+03,1.293576099999999997e+03,9.559919300000000248e+02,4.222635599999999840e+02,3.992635300000000029e+02,3.482318799999999896e+02,3.165583300000000122e+02
6.304761899999999919e+00,1.961832799999999907e+03,1.622468299999999999e+03,1.292474500000000035e+03,9.549389599999999518e+02,4.216498399999999833e+02,3.988123100000000250e+02,3.481863799999999856e+02,3.176687299999999823e+02
6.307142899999999663e+00,1.960899400000000014e+03,1.621485699999999952e+03,1.291445200000000114e+03,9.538754099999999880e+02,4.210831600000000208e+02,3.983998799999999960e+02,3.482014500000000226e+02,3.188360999999999876e+02
6.309523800000000016e+00,1.959898500000000013e+03,1.620454199999999901e+03,1.290389699999999948e+03,9.527614700000000312e+02,4.205213299999999776e+02,3.979564199999999801e+02,3.481825499999999920e+02,3.200042599999999879e+02
6.311904799999999760e+00,1.958980800000000045e+03,1.619499399999999923e+03,1.289406799999999976e+03,9.516841399999999567e+02,4.199825000000000159e+02,3.974829300000000103e+02,3.481444399999999746e+02,3.212608799999999860e+02
6.314285700000000112e+00,1.957998299999999972e+03,1.618481199999999944e+03,1.288359099999999899e+03,9.505368399999999838e+02,4.194357999999999720e+02,3.969646299999999997e+02,3.479942399999999907e+02,3.220050200000000018e+02
6.317033000000000342e+00,1.956493600000000015e+03,1.616733300000000099e+03,1.286685300000000097e+03,9.498404900000000453e+02,4.181414100000000076e+02,3.957319800000000214e+02,3.469065899999999942e+02,3.215347199999999930e+02
6.320329700000000273e+00,1.954554900000000089e+03,1.614500000000000000e+03,1.284517299999999977e+03,9.488793399999999565e+02,4.164461299999999824e+02,3.944040100000000280e+02,3.458885000000000218e+02,3.217956599999999980e+02
6.324038500000000340e+00,1.952638500000000022e+03,1.612377600000000029e+03,1.282394700000000057e+03,9.474567799999999806e+02,4.148903099999999995e+02,3.934719699999999989e+02,3.455371799999999780e+02,3.234033999999999764e+02
6.327747300000000408e+00,1.951114600000000110e+03,1.610789099999999962e+03,1.280739000000000033e+03,9.457188899999999876e+02,4.138158700000000181e+02,3.930546400000000062e+02,3.458682200000000080e+02,3.259795300000000111e+02
6.331456000000000195e+00,1.949643900000000031e+03,1.609287100000000009e+03,1.279220299999999952e+03,9.439818299999999454e+02,4.127978100000000268e+02,3.925172600000000216e+02,3.460277600000000007e+02,3.282049600000000282e+02
6.335164800000000263e+00,1.948159100000000080e+03,1.607778199999999970e+03,1.277723600000000033e+03,9.422147800000000188e+02,4.117885299999999802e+02,3.918355500000000120e+02,3.460092900000000213e+02,3.301125599999999736e+02
6.338873600000000330e+00,1.946627700000000004e+03,1.606214300000000094e+03,1.276144000000000005e+03,9.403233300000000554e+02,4.107511400000000208e+02,3.910295100000000161e+02,3.458799599999999828e+02,3.319055399999999736e+02
6.342582400000000398e+00,1.945013799999999947e+03,1.604562200000000075e+03,1.274462099999999964e+03,9.383308600000000297e+02,4.097382200000000125e+02,3.901584100000000035e+02,3.456845299999999952e+02,3.336647899999999822e+02
6.346291199999999577e+00,1.943271700000000010e+03,1.602775000000000091e+03,1.272635099999999966e+03,9.362347300000000132e+02,4.087159300000000144e+02,3.892514499999999771e+02,3.454735699999999952e+02,3.354674699999999916e+02
6.349999999999999645e+00,1.941623800000000074e+03,1.601072499999999991e+03,1.270871100000000069e+03,9.342184300000000121e+02,4.077427299999999946e+02,3.883456899999999905e+02,3.452678099999999972e+02,3.373774799999999914e+02
6.353571399999999869e+00,1.940071099999999888e+03,1.599506000000000085e+03,1.269219499999999925e+03,9.320856400000000122e+02,4.069350099999999770e+02,3.876243299999999863e+02,3.453186200000000099e+02,3.397084899999999834e+02
6.357142900000000374e+00,1.938371699999999919e+03,1.597754300000000057e+03,1.267404600000000073e+03,9.300537100000000237e+02,4.059681499999999801e+02,3.866764299999999821e+02,3.451020899999999756e+02,3.416673599999999738e+02
6.360714299999999710e+00,1.936698799999999892e+03,1.596016000000000076e+03,1.265584800000000087e+03,9.280447000000000344e+02,4.050014699999999834e+02,3.857294200000000046e+02,3.449132000000000176e+02,3.439661500000000274e+02
6.364285699999999935e+00,1.934968900000000076e+03,1.594212199999999939e+03,1.263683299999999917e+03,9.259730299999999943e+02,4.040113699999999994e+02,3.847828799999999774e+02,3.446659099999999967e+02,3.451652399999999830e+02
6.367857100000000159e+00,1.933248700000000099e+03,1.592416400000000067e+03,1.261783400000000029e+03,9.239218100000000504e+02,4.030232199999999807e+02,3.838480299999999943e+02,3.444182799999999816e+02,3.466085199999999986e+02
6.371428599999999776e+00,1.931471199999999953e+03,1.590561300000000074e+03,1.259824499999999944e+03,9.218265599999999722e+02,4.020089699999999766e+02,3.829295700000000124e+02,3.442172299999999723e+02,3.482581900000000132e+02
6.375000000000000000e+00,1.929751400000000103e+03,1.588766000000000076e+03,1.257923999999999978e+03,9.197887399999999616e+02,4.009910899999999856e+02,3.819972900000000209e+02,3.438947099999999750e+02,3.489419899999999757e+02
6.378571400000000224e+00,1.928033300000000054e+03,1.586965799999999945e+03,1.256011999999999944e+03,9.177448200000000043e+02,3.999838799999999992e+02,3.811232999999999720e+02,3.438253799999999956e+02,3.516303800000000024e+02
6.382142899999999841e+00,1.926233999999999924e+03,1.585091799999999921e+03,1.254036100000000033e+03,9.156432899999999790e+02,3.989324399999999855e+02,3.802744599999999764e+02,3.439826899999999910e+02,3.548621899999999982e+02
6.385714300000000065e+00,1.924458300000000008e+03,1.583229700000000093e+03,1.252059299999999894e+03,9.135385899999999992e+02,3.978720599999999763e+02,3.793836200000000076e+02,3.438380799999999908e+02,3.563153800000000047e+02
6.389285700000000290e+00,1.922719299999999976e+03,1.581417500000000018e+03,1.250142700000000104e+03,9.114966500000000451e+02,3.968056700000000205e+02,3.784660700000000020e+02,3.436470699999999852e+02,3.580633500000000140e+02
6.392857099999999626e+00,1.920933500000000095e+03,1.579541699999999992e+03,1.248147300000000087e+03,9.093744199999999864e+02,3.957007800000000088e+02,3.775822900000000004e+02,3.437004499999999894e+02,3.608084099999999808e+02
6.396428600000000131e+00,1.919123900000000049e+03,1.577656999999999925e+03,1.246159900000000107e+03,9.072690099999999802e+02,3.945928999999999860e+02,3.767080599999999890e+02,3.438174500000000080e+02,3.636072399999999902e+02
6.400000000000000355e+00,1.917383399999999938e+03,1.575829500000000053e+03,1.244212399999999889e+03,9.051936100000000351e+02,3.934911799999999857e+02,3.758403599999999756e+02,3.439385300000000143e+02,3.663229400000000169e+02
6.403333299999999895e+00,1.915762899999999945e+03,1.574233099999999922e+03,1.242489499999999907e+03,9.028523199999999633e+02,3.927340899999999806e+02,3.753493300000000090e+02,3.445307999999999993e+02,3.692880299999999920e+02
6.406666699999999715e+00,1.914149699999999939e+03,1.572550799999999981e+03,1.240710499999999911e+03,9.009286499999999478e+02,3.916846400000000017e+02,3.744508200000000215e+02,3.445761800000000221e+02,3.717328200000000038e+02
6.410000000000000142e+00,1.912457300000000032e+03,1.570775599999999940e+03,1.238828099999999949e+03,8.989514500000000226e+02,3.906023299999999949e+02,3.735211899999999901e+02,3.446381900000000087e+02,3.742832999999999970e+02
6.413333299999999682e+00,1.910728900000000067e+03,1.568957900000000109e+03,1.236884900000000016e+03,8.969189999999999827e+02,3.895110999999999990e+02,3.726205800000000181e+02,3.447918000000000234e+02,3.769782999999999902e+02
6.416666700000000390e+00,1.909012400000000071e+03,1.567148300000000063e+03,1.234941399999999931e+03,8.948878899999999703e+02,3.883977499999999736e+02,3.717456799999999930e+02,3.450263199999999983e+02,3.798120999999999867e+02
6.419697000000000209e+00,1.907583900000000085e+03,1.565790799999999990e+03,1.233433500000000095e+03,8.925626399999999876e+02,3.878158099999999990e+02,3.714562799999999925e+02,3.459909999999999854e+02,3.830036699999999996e+02
6.422727300000000028e+00,1.906070500000000038e+03,1.564210000000000036e+03,1.231752700000000004e+03,8.907663099999999758e+02,3.867465599999999881e+02,3.705559600000000273e+02,3.461107200000000148e+02,3.855419499999999857e+02
6.425757599999999847e+00,1.904529899999999998e+03,1.562581699999999955e+03,1.230010199999999941e+03,8.889747800000000097e+02,3.857026799999999866e+02,3.696733699999999772e+02,3.463003100000000245e+02,3.882910999999999717e+02
6.428787899999999667e+00,1.902960600000000113e+03,1.560916600000000017e+03,1.228206100000000106e+03,8.871236999999999853e+02,3.846720100000000002e+02,3.688658500000000231e+02,3.467474199999999769e+02,3.913536399999999844e+02
6.431818200000000374e+00,1.901344100000000026e+03,1.559209000000000060e+03,1.226366400000000112e+03,8.852559800000000223e+02,3.836356599999999730e+02,3.680584400000000187e+02,3.469114700000000084e+02,3.942070200000000000e+02
6.434848500000000193e+00,1.899784300000000030e+03,1.557558399999999892e+03,1.224584900000000061e+03,8.834409799999999677e+02,3.826100700000000074e+02,3.673191299999999728e+02,3.472919899999999984e+02,3.973578400000000101e+02
6.437878800000000012e+00,1.898232199999999921e+03,1.555919499999999971e+03,1.222823599999999942e+03,8.816438600000000179e+02,3.815479000000000269e+02,3.664499500000000012e+02,3.471384499999999775e+02,4.001063700000000267e+02
6.440909099999999832e+00,1.896681399999999940e+03,1.554284000000000106e+03,1.221070600000000013e+03,8.798457700000000159e+02,3.804783400000000029e+02,3.656042600000000107e+02,3.472721199999999726e+02,4.031872999999999934e+02
6.443939399999999651e+00,1.895168699999999944e+03,1.552687699999999950e+03,1.219356299999999919e+03,8.780739700000000312e+02,3.794168300000000045e+02,3.647516100000000279e+02,3.474443299999999795e+02,4.061531699999999887e+02
6.446969700000000358e+00,1.893609999999999900e+03,1.551049800000000005e+03,1.217611699999999928e+03,8.762779000000000451e+02,3.783787599999999998e+02,3.639933100000000081e+02,3.480289300000000026e+02,4.095597399999999766e+02
6.450000000000000178e+00,1.892090300000000070e+03,1.549449800000000096e+03,1.215901000000000067e+03,8.745030199999999923e+02,3.773547199999999862e+02,3.632654600000000187e+02,3.486870000000000118e+02,4.133296900000000278e+02
6.452941199999999711e+00,1.890670599999999922e+03,1.548000399999999900e+03,1.214330899999999929e+03,8.726377599999999575e+02,3.765301699999999983e+02,3.627263599999999997e+02,3.494884099999999876e+02,4.170922800000000166e+02
6.455882400000000132e+00,1.889221900000000005e+03,1.546478399999999965e+03,1.212705500000000029e+03,8.709278600000000097e+02,3.755529099999999971e+02,3.620098100000000159e+02,3.500718699999999899e+02,4.207996299999999792e+02
6.458823500000000273e+00,1.887772200000000112e+03,1.544946400000000040e+03,1.211062500000000000e+03,8.692156700000000455e+02,3.745715799999999831e+02,3.612906500000000278e+02,3.506574400000000082e+02,4.245658500000000117e+02
6.461764699999999806e+00,1.886275000000000091e+03,1.543370499999999993e+03,1.209376500000000078e+03,8.674662600000000339e+02,3.735803099999999972e+02,3.606025599999999827e+02,3.513076300000000174e+02,4.284358100000000036e+02
6.464705900000000227e+00,1.884785699999999906e+03,1.541803400000000011e+03,1.207696799999999939e+03,8.657205800000000409e+02,3.725846099999999979e+02,3.599424399999999764e+02,3.520252500000000282e+02,4.324612200000000257e+02
6.467647099999999760e+00,1.883108500000000049e+03,1.540063100000000077e+03,1.205873299999999972e+03,8.638790699999999561e+02,3.715991799999999898e+02,3.593017399999999952e+02,3.527824299999999766e+02,4.365812000000000239e+02
6.470588199999999901e+00,1.881839099999999917e+03,1.538715799999999945e+03,1.204392800000000079e+03,8.622879900000000362e+02,3.706523599999999874e+02,3.587001799999999889e+02,3.535988699999999767e+02,4.408930300000000102e+02
6.473529400000000322e+00,1.880315499999999929e+03,1.537126999999999953e+03,1.202713799999999992e+03,8.605672299999999950e+02,3.697106299999999806e+02,3.581176800000000071e+02,3.544641799999999989e+02,4.453056799999999953e+02
6.476470599999999855e+00,1.878989199999999983e+03,1.535688100000000077e+03,1.201154600000000073e+03,8.589305399999999509e+02,3.687869900000000030e+02,3.575383400000000051e+02,3.553605499999999893e+02,4.495037599999999998e+02
6.479411800000000277e+00,1.877622800000000097e+03,1.534199499999999944e+03,1.199552100000000110e+03,8.572667900000000145e+02,3.678764199999999960e+02,3.569922000000000253e+02,3.563763599999999769e+02,4.541736300000000028e+02
6.482352900000000417e+00,1.876238800000000083e+03,1.532735500000000002e+03,1.197981299999999919e+03,8.556290400000000318e+02,3.669841499999999996e+02,3.564764700000000062e+02,3.574559600000000046e+02,4.588740300000000047e+02
6.485294099999999951e+00,1.874799299999999903e+03,1.531245300000000043e+03,1.196399499999999989e+03,8.539878200000000561e+02,3.661057700000000068e+02,3.559866999999999848e+02,3.585903599999999756e+02,4.635971299999999928e+02
6.488235300000000372e+00,1.873379400000000032e+03,1.529756100000000060e+03,1.194809899999999971e+03,8.523286000000000513e+02,3.652286700000000224e+02,3.555606500000000096e+02,3.597857000000000198e+02,4.686221499999999764e+02
6.491176499999999905e+00,1.872019000000000005e+03,1.528306599999999889e+03,1.193247100000000046e+03,8.506892400000000407e+02,3.643573099999999840e+02,3.551399200000000178e+02,3.607964000000000055e+02,4.720368100000000027e+02
6.494117600000000046e+00,1.870638599999999997e+03,1.526850300000000061e+03,1.191687699999999950e+03,8.490590700000000197e+02,3.635006500000000074e+02,3.547527499999999918e+02,3.618671400000000062e+02,4.761428000000000225e+02
6.497058799999999579e+00,1.869281700000000001e+03,1.525422700000000077e+03,1.190155400000000100e+03,8.474512099999999464e+02,3.626571099999999888e+02,3.544140699999999811e+02,3.630967899999999986e+02,4.808755699999999820e+02
6.500000000000000000e+00,1.867881800000000112e+03,1.523957100000000082e+03,1.188593900000000076e+03,8.458255799999999454e+02,3.618394799999999805e+02,3.541778400000000033e+02,3.645924299999999789e+02,4.859655300000000011e+02
6.502631599999999956e+00,1.866645999999999958e+03,1.522877600000000029e+03,1.187413999999999987e+03,8.437975800000000390e+02,3.617684300000000235e+02,3.546472999999999729e+02,3.666981599999999730e+02,4.894336900000000128e+02
6.505263199999999912e+00,1.865588600000000042e+03,1.521731199999999944e+03,1.186133700000000090e+03,8.423619300000000294e+02,3.610354500000000257e+02,3.542866999999999962e+02,3.673967400000000225e+02,4.940510499999999752e+02
6.507894699999999588e+00,1.864331300000000056e+03,1.520406799999999976e+03,1.184730000000000018e+03,8.409492299999999432e+02,3.602719999999999914e+02,3.538220900000000029e+02,3.680510400000000004e+02,4.995942099999999755e+02
6.510526300000000433e+00,1.863159100000000080e+03,1.519142100000000028e+03,1.183335199999999986e+03,8.395291700000000219e+02,3.595292900000000031e+02,3.533817999999999984e+02,3.686839600000000132e+02,5.068947900000000004e+02
6.513157900000000389e+00,1.861961199999999963e+03,1.517864900000000034e+03,1.181939699999999903e+03,8.381295699999999442e+02,3.588518000000000256e+02,3.532622099999999818e+02,3.704974500000000148e+02,5.130219499999999471e+02
6.515789500000000345e+00,1.860795800000000099e+03,1.516621399999999994e+03,1.180582900000000109e+03,8.367734500000000253e+02,3.582194600000000264e+02,3.533139499999999771e+02,3.728104599999999778e+02,5.208946600000000444e+02
6.518421100000000301e+00,1.859612399999999980e+03,1.515368400000000065e+03,1.179231700000000046e+03,8.354290999999999485e+02,3.576053600000000188e+02,3.533735100000000102e+02,3.747491600000000176e+02,5.258818700000000490e+02
6.521052599999999977e+00,1.858473600000000033e+03,1.514159000000000106e+03,1.177922800000000052e+03,8.341114499999999907e+02,3.570158099999999877e+02,3.534673199999999724e+02,3.765640999999999963e+02,5.302539100000000190e+02
6.523684199999999933e+00,1.857367400000000089e+03,1.512981199999999944e+03,1.176644299999999930e+03,8.328106199999999717e+02,3.564336200000000190e+02,3.535421999999999798e+02,3.780811600000000112e+02,5.336003200000000106e+02
6.526315799999999889e+00,1.856273699999999963e+03,1.511816900000000032e+03,1.175384099999999989e+03,8.315283399999999574e+02,3.558920899999999961e+02,3.537198200000000270e+02,3.800540199999999800e+02,5.392547799999999825e+02
6.528947399999999845e+00,1.855203099999999949e+03,1.510675700000000006e+03,1.174148599999999988e+03,8.302651200000000244e+02,3.553853799999999978e+02,3.539893500000000017e+02,3.823382300000000100e+02,5.458017899999999827e+02
6.531578900000000409e+00,1.854139300000000048e+03,1.509544599999999946e+03,1.172927300000000059e+03,8.290138100000000350e+02,3.549150099999999952e+02,3.543274099999999862e+02,3.846653699999999958e+02,5.516678799999999683e+02
6.534210500000000366e+00,1.853098799999999983e+03,1.508437500000000000e+03,1.171729800000000068e+03,8.277803199999999606e+02,3.544775500000000079e+02,3.547194000000000074e+02,3.870032600000000116e+02,5.572243499999999585e+02
6.536842100000000322e+00,1.852024200000000064e+03,1.507303200000000061e+03,1.170516000000000076e+03,8.265381200000000490e+02,3.540435200000000009e+02,3.550546400000000062e+02,3.891447900000000004e+02,5.618638399999999820e+02
6.539473700000000278e+00,1.851014799999999923e+03,1.506225300000000061e+03,1.169346299999999928e+03,8.253274499999999989e+02,3.536381200000000149e+02,3.554413299999999936e+02,3.913597599999999943e+02,5.668321600000000444e+02
6.542105300000000234e+00,1.849989100000000008e+03,1.505138200000000097e+03,1.168176699999999983e+03,8.241208199999999806e+02,3.532629400000000146e+02,3.559338700000000131e+02,3.937310400000000072e+02,5.721492799999999761e+02
6.544736799999999910e+00,1.848994500000000016e+03,1.504078700000000026e+03,1.167029700000000048e+03,8.229326700000000301e+02,3.529277299999999968e+02,3.565218899999999849e+02,3.962918399999999792e+02,5.777932499999999436e+02
6.547368399999999866e+00,1.848005200000000059e+03,1.503027299999999968e+03,1.165894099999999980e+03,8.217570399999999609e+02,3.526296500000000265e+02,3.571896300000000224e+02,3.989839699999999993e+02,5.835577700000000050e+02
6.549999999999999822e+00,1.847050999999999931e+03,1.502006499999999960e+03,1.164781899999999951e+03,8.205966600000000426e+02,3.523771699999999782e+02,3.579479200000000105e+02,4.018471599999999739e+02,5.897064599999999928e+02
6.552631599999999779e+00,1.846098700000000008e+03,1.500991400000000112e+03,1.163682499999999891e+03,8.194572600000000193e+02,3.521523700000000190e+02,3.587573499999999740e+02,4.048132100000000264e+02,5.961054599999999937e+02
6.555418000000000411e+00,1.845015599999999949e+03,1.499759000000000015e+03,1.162403999999999996e+03,8.185247100000000273e+02,3.516815500000000156e+02,3.595753199999999765e+02,4.081054500000000189e+02,6.016878400000000511e+02
6.558204299999999876e+00,1.844115199999999959e+03,1.498781300000000101e+03,1.161324900000000071e+03,8.174112999999999829e+02,3.516389699999999721e+02,3.610251400000000217e+02,4.120222499999999854e+02,6.090557599999999638e+02
6.560990699999999620e+00,1.843151599999999917e+03,1.497759900000000016e+03,1.160218499999999949e+03,8.162443100000000413e+02,3.514477400000000102e+02,3.615877300000000218e+02,4.151527600000000007e+02,6.170194699999999557e+02
6.563591299999999684e+00,1.842351499999999987e+03,1.497011299999999892e+03,1.159349799999999959e+03,8.148502399999999852e+02,3.515943700000000263e+02,3.622265199999999936e+02,4.179745899999999779e+02,6.265892700000000559e+02
6.566391999999999562e+00,1.841290199999999913e+03,1.495799700000000030e+03,1.158129899999999907e+03,8.140485499999999774e+02,3.512180599999999799e+02,3.632512199999999893e+02,4.220130899999999770e+02,6.338611499999999523e+02
6.568977199999999961e+00,1.840590099999999893e+03,1.495152100000000019e+03,1.157352399999999989e+03,8.127221200000000181e+02,3.517679600000000164e+02,3.650902100000000132e+02,4.268713500000000067e+02,6.478896999999999480e+02
6.571797499999999737e+00,1.839569600000000037e+03,1.493952900000000000e+03,1.156126800000000003e+03,8.119841900000000123e+02,3.515350199999999745e+02,3.662746799999999894e+02,4.307245700000000284e+02,6.534555299999999534e+02
6.574617700000000120e+00,1.838768499999999904e+03,1.493071400000000040e+03,1.155144900000000007e+03,8.109837999999999738e+02,3.517437499999999773e+02,3.677471100000000206e+02,4.349998499999999808e+02,6.650627799999999752e+02
6.577437999999999896e+00,1.837890300000000025e+03,1.492137799999999970e+03,1.154127400000000080e+03,8.099250600000000304e+02,3.521634999999999991e+02,3.700956699999999842e+02,4.397544800000000009e+02,6.709332600000000184e+02
6.580258200000000279e+00,1.837049099999999953e+03,1.491244799999999941e+03,1.153160900000000083e+03,8.089174299999999675e+02,3.526035999999999717e+02,3.719297799999999938e+02,4.433201399999999808e+02,6.734170100000000048e+02
6.583078500000000055e+00,1.836270099999999957e+03,1.490410699999999906e+03,1.152249600000000100e+03,8.079560800000000427e+02,3.531095000000000255e+02,3.737537399999999934e+02,4.479581499999999892e+02,6.794975200000000086e+02
6.585898700000000439e+00,1.835524200000000064e+03,1.489607400000000098e+03,1.151364800000000059e+03,8.070160399999999754e+02,3.536542900000000031e+02,3.755974199999999996e+02,4.526075799999999845e+02,6.827097800000000234e+02
6.588719000000000214e+00,1.834786800000000085e+03,1.488815399999999954e+03,1.150496399999999994e+03,8.060984399999999823e+02,3.542009400000000028e+02,3.773477300000000128e+02,4.561524099999999748e+02,6.819038699999999835e+02
6.591539199999999710e+00,1.833990000000000009e+03,1.487970800000000054e+03,1.149584499999999935e+03,8.051544599999999718e+02,3.549211599999999862e+02,3.799373600000000124e+02,4.627364699999999971e+02,6.884236700000000155e+02
6.594359500000000374e+00,1.833216599999999971e+03,1.487153299999999945e+03,1.148703999999999951e+03,8.042571500000000242e+02,3.557735000000000127e+02,3.827115699999999947e+02,4.689337600000000066e+02,6.931848700000000463e+02
6.597179699999999869e+00,1.832554300000000012e+03,1.486433600000000069e+03,1.147902100000000019e+03,8.034171800000000303e+02,3.566989199999999869e+02,3.855201799999999821e+02,4.748398799999999937e+02,6.973222100000000410e+02
6.599999999999999645e+00,1.831916799999999967e+03,1.485736799999999903e+03,1.147121200000000044e+03,8.025925499999999602e+02,3.576599499999999807e+02,3.883383400000000165e+02,4.811167300000000182e+02,7.023317399999999679e+02
6.602631599999999601e+00,1.831344200000000001e+03,1.485217499999999973e+03,1.146486000000000104e+03,8.015126400000000331e+02,3.589960899999999810e+02,3.912874699999999848e+02,4.865120600000000195e+02,7.097989499999999907e+02
6.605263199999999557e+00,1.830763400000000047e+03,1.484595900000000029e+03,1.145804699999999912e+03,8.008026300000000219e+02,3.601437900000000241e+02,3.942887499999999932e+02,4.923808200000000284e+02,7.141224499999999580e+02
6.607894700000000121e+00,1.830250900000000001e+03,1.484024899999999889e+03,1.145163500000000113e+03,8.001734699999999521e+02,3.614451999999999998e+02,3.975734100000000240e+02,4.985736299999999801e+02,7.186541200000000345e+02
6.610526300000000077e+00,1.829716599999999971e+03,1.483432099999999991e+03,1.144505300000000034e+03,7.995472600000000511e+02,3.630049200000000269e+02,4.013847999999999843e+02,5.049027399999999943e+02,7.242073500000000195e+02
6.613157900000000033e+00,1.829301500000000033e+03,1.482948799999999892e+03,1.143928000000000111e+03,7.989741500000000087e+02,3.640778199999999742e+02,4.031868900000000053e+02,5.107092900000000100e+02,7.295565599999999904e+02
6.615789499999999990e+00,1.828904899999999998e+03,1.482491800000000012e+03,1.143386700000000019e+03,7.984640000000000555e+02,3.657178000000000111e+02,4.070732100000000173e+02,5.193782499999999800e+02,7.308869099999999435e+02
6.618421099999999946e+00,1.828496399999999994e+03,1.482025799999999890e+03,1.142841599999999971e+03,7.979473699999999781e+02,3.676403500000000122e+02,4.113548400000000242e+02,5.272581099999999878e+02,7.329040400000000091e+02
6.621052599999999622e+00,1.828105900000000020e+03,1.481582799999999907e+03,1.142331200000000081e+03,7.974800900000000183e+02,3.697319600000000150e+02,4.154365500000000111e+02,5.342942699999999832e+02,7.364133799999999610e+02
6.623684199999999578e+00,1.827826399999999921e+03,1.481241600000000062e+03,1.141906999999999925e+03,7.970805900000000292e+02,3.716209400000000187e+02,4.191313400000000229e+02,5.411219399999999951e+02,7.402261700000000246e+02
6.626315800000000422e+00,1.827527199999999993e+03,1.480888999999999896e+03,1.141488299999999981e+03,7.967018000000000484e+02,3.736797199999999748e+02,4.228288999999999760e+02,5.481233700000000226e+02,7.443229599999999664e+02
6.628947400000000378e+00,1.827293200000000070e+03,1.480597999999999956e+03,1.141127700000000004e+03,7.963781000000000176e+02,3.758840500000000020e+02,4.264792699999999854e+02,5.553556899999999814e+02,7.483840400000000272e+02
6.631578900000000054e+00,1.827086000000000013e+03,1.480332400000000007e+03,1.140789199999999937e+03,7.960747300000000450e+02,3.783163200000000188e+02,4.323384300000000167e+02,5.625461000000000240e+02,7.520155999999999494e+02
6.634210500000000010e+00,1.826853100000000040e+03,1.480057800000000043e+03,1.140461700000000064e+03,7.958094399999999951e+02,3.810963199999999915e+02,4.389997000000000185e+02,5.703809199999999464e+02,7.558278299999999490e+02
6.636842099999999967e+00,1.826593699999999899e+03,1.479760500000000093e+03,1.140132900000000063e+03,7.955764199999999846e+02,3.839276399999999967e+02,4.441809900000000084e+02,5.784448399999999992e+02,7.598509099999999989e+02
6.639473699999999923e+00,1.826511799999999994e+03,1.479632000000000062e+03,1.139947200000000066e+03,7.954592099999999846e+02,3.869839099999999803e+02,4.495091600000000085e+02,5.866327900000000000e+02,7.639307900000000018e+02
6.642105299999999879e+00,1.826424600000000055e+03,1.479506100000000060e+03,1.139786100000000033e+03,7.953878499999999576e+02,3.901829099999999926e+02,4.552807799999999929e+02,5.952664200000000392e+02,7.684080900000000156e+02
6.644736800000000443e+00,1.826409400000000005e+03,1.479449299999999994e+03,1.139684199999999919e+03,7.953727199999999584e+02,3.935117200000000253e+02,4.612011800000000221e+02,6.041325699999999870e+02,7.729451699999999619e+02
6.647368400000000399e+00,1.826418699999999944e+03,1.479418499999999995e+03,1.139621799999999894e+03,7.954255799999999681e+02,3.973347699999999918e+02,4.677856499999999755e+02,6.124169500000000426e+02,7.763238599999999678e+02
6.650000000000000355e+00,1.826462600000000066e+03,1.479417699999999968e+03,1.139583300000000008e+03,7.954841400000000249e+02,4.006819899999999848e+02,4.733794700000000262e+02,6.194266000000000076e+02,7.823285399999999754e+02
6.652777799999999964e+00,1.826674500000000080e+03,1.479517800000000079e+03,1.139688900000000103e+03,7.959990000000000236e+02,4.050457400000000234e+02,4.811306299999999965e+02,6.309541199999999890e+02,7.792501499999999623e+02
6.655555599999999572e+00,1.826861900000000105e+03,1.479661000000000058e+03,1.139807099999999991e+03,7.962740999999999758e+02,4.097527000000000044e+02,4.886555299999999988e+02,6.407440299999999525e+02,7.805615599999999858e+02
6.658333299999999788e+00,1.827038600000000088e+03,1.479806800000000067e+03,1.139923299999999927e+03,7.964800999999999931e+02,4.138444499999999948e+02,4.961794100000000185e+02,6.499709000000000287e+02,7.831768899999999576e+02
6.661111100000000285e+00,1.827244300000000067e+03,1.479988000000000056e+03,1.140093699999999899e+03,7.967796600000000353e+02,4.181071499999999901e+02,5.040035100000000057e+02,6.597120099999999638e+02,7.854185199999999440e+02
6.663888899999999893e+00,1.827516100000000051e+03,1.480251800000000003e+03,1.140385800000000017e+03,7.972399699999999712e+02,4.230675600000000145e+02,5.127104699999999866e+02,6.722568300000000363e+02,7.808976499999999987e+02
6.666666700000000390e+00,1.827976200000000063e+03,1.480681399999999940e+03,1.140817099999999982e+03,7.978969700000000103e+02,4.284287499999999795e+02,5.210273100000000568e+02,6.805980399999999690e+02,7.841826300000000174e+02
6.669444399999999717e+00,1.828378999999999905e+03,1.481077700000000050e+03,1.141245300000000043e+03,7.985203800000000456e+02,4.345424100000000180e+02,5.303349200000000110e+02,6.893859700000000430e+02,7.889306400000000394e+02
6.672222200000000214e+00,1.828889200000000073e+03,1.481563400000000001e+03,1.141736499999999978e+03,7.992098999999999478e+02,4.411447600000000193e+02,5.403301000000000158e+02,6.985783900000000131e+02,7.931913100000000441e+02
6.674999999999999822e+00,1.829463799999999992e+03,1.482125800000000027e+03,1.142324499999999944e+03,8.000131900000000087e+02,4.463837199999999825e+02,5.492675299999999652e+02,7.090714799999999514e+02,7.974879600000000437e+02
6.677777800000000319e+00,1.830253799999999956e+03,1.482924500000000080e+03,1.143208000000000084e+03,8.012802100000000110e+02,4.545824900000000071e+02,5.606846399999999448e+02,7.191066499999999451e+02,8.005419600000000173e+02
6.680555599999999927e+00,1.830895700000000033e+03,1.483546900000000051e+03,1.143837600000000066e+03,8.020918199999999842e+02,4.607493299999999863e+02,5.713084499999999935e+02,7.297158500000000458e+02,8.021679299999999557e+02
6.683333300000000143e+00,1.831682299999999941e+03,1.484332300000000032e+03,1.144680699999999888e+03,8.032476100000000088e+02,4.668005899999999997e+02,5.790691900000000487e+02,7.301063500000000204e+02,8.110661499999999933e+02
6.686111099999999752e+00,1.832644299999999930e+03,1.485285100000000057e+03,1.145694400000000087e+03,8.046083499999999731e+02,4.735456100000000106e+02,5.887265700000000379e+02,7.365808399999999665e+02,8.153306300000000419e+02
6.688888900000000248e+00,1.833376999999999953e+03,1.486063000000000102e+03,1.146578600000000051e+03,8.058715399999999818e+02,4.802795399999999972e+02,5.995398500000000013e+02,7.450728900000000294e+02,8.181073400000000220e+02
6.691666699999999857e+00,1.834635299999999916e+03,1.487288199999999961e+03,1.147844100000000026e+03,8.075200499999999693e+02,4.881358000000000175e+02,6.108967000000000098e+02,7.535099500000000035e+02,8.214178100000000313e+02
6.694444400000000073e+00,1.835559799999999996e+03,1.488276299999999992e+03,1.148993999999999915e+03,8.091913100000000441e+02,4.986195299999999975e+02,6.225718000000000529e+02,7.619275999999999840e+02,8.250898899999999685e+02
6.697222199999999681e+00,1.837020400000000109e+03,1.489737300000000005e+03,1.150537299999999959e+03,8.111298500000000331e+02,5.089502800000000207e+02,6.346625999999999976e+02,7.706685800000000199e+02,8.294042200000000093e+02
6.700000000000000178e+00,1.837960399999999936e+03,1.490732899999999972e+03,1.151735599999999977e+03,8.128608699999999772e+02,5.178196000000000367e+02,6.460051899999999705e+02,7.787223800000000438e+02,8.330551500000000260e+02
6.702941199999999711e+00,1.839849899999999934e+03,1.492541799999999967e+03,1.153650300000000016e+03,8.154009700000000294e+02,5.276183399999999892e+02,6.585272599999999557e+02,7.879167099999999664e+02,8.356868100000000368e+02
6.705882400000000132e+00,1.841110300000000052e+03,1.493859300000000076e+03,1.155210600000000113e+03,8.175623299999999745e+02,5.377332499999999982e+02,6.700934700000000248e+02,7.981013000000000375e+02,8.400635700000000270e+02
6.708823500000000273e+00,1.843018199999999979e+03,1.495789899999999989e+03,1.157271799999999985e+03,8.200486100000000533e+02,5.475554899999999634e+02,6.811278700000000299e+02,8.066271500000000287e+02,8.441471299999999474e+02
6.711764699999999806e+00,1.844645199999999932e+03,1.497473799999999983e+03,1.159157200000000103e+03,8.225891000000000304e+02,5.586671999999999798e+02,6.951800399999999627e+02,8.089504500000000462e+02,8.460255600000000413e+02
6.714705900000000227e+00,1.846604000000000042e+03,1.499487499999999955e+03,1.161356500000000096e+03,8.253051299999999628e+02,5.696695999999999458e+02,7.079453099999999495e+02,8.161142399999999952e+02,8.500486499999999523e+02
6.717647099999999760e+00,1.848462199999999939e+03,1.501389899999999898e+03,1.163441499999999905e+03,8.279712200000000166e+02,5.804353899999999840e+02,7.188376799999999776e+02,8.229658799999999701e+02,8.535364299999999957e+02
6.720588199999999901e+00,1.850522200000000112e+03,1.503511799999999994e+03,1.165770400000000109e+03,8.308869899999999689e+02,5.918706399999999803e+02,7.300189900000000307e+02,8.301227999999999838e+02,8.572112399999999752e+02
6.723529400000000322e+00,1.852693299999999908e+03,1.505744500000000016e+03,1.168223400000000083e+03,8.339614900000000262e+02,6.039530600000000504e+02,7.416529399999999441e+02,8.377566199999999981e+02,8.612464800000000196e+02
6.726470599999999855e+00,1.855039899999999989e+03,1.508161399999999958e+03,1.170870400000000018e+03,8.372126899999999523e+02,6.168097900000000209e+02,7.540171500000000151e+02,8.459937200000000530e+02,8.657820400000000518e+02
6.729411800000000277e+00,1.857494500000000016e+03,1.510688300000000027e+03,1.173635899999999992e+03,8.405902700000000323e+02,6.299671700000000101e+02,7.660840799999999717e+02,8.542062100000000555e+02,8.702808800000000247e+02
6.732352900000000417e+00,1.860013400000000047e+03,1.513275200000000041e+03,1.176442700000000059e+03,8.439090400000000045e+02,6.418552399999999807e+02,7.764252199999999675e+02,8.611004100000000108e+02,8.739948299999999790e+02
6.735294099999999951e+00,1.862694999999999936e+03,1.516007700000000114e+03,1.179387699999999995e+03,8.473135600000000522e+02,6.547964500000000498e+02,7.875094000000000278e+02,8.681862499999999727e+02,8.776652100000000019e+02
6.738235300000000372e+00,1.865379599999999982e+03,1.518774499999999989e+03,1.182410300000000007e+03,8.510225900000000365e+02,6.663134700000000521e+02,7.973169500000000198e+02,8.742531300000000556e+02,8.809200399999999718e+02
6.741176499999999905e+00,1.868332599999999957e+03,1.521835399999999936e+03,1.185883499999999913e+03,8.560307699999999613e+02,6.784493700000000445e+02,8.065552800000000389e+02,8.801835700000000315e+02,8.841754200000000310e+02
6.744117600000000046e+00,1.871417300000000068e+03,1.525056199999999990e+03,1.189545200000000023e+03,8.615974099999999680e+02,6.910852099999999609e+02,8.154756700000000365e+02,8.855894799999999805e+02,8.870465900000000374e+02
6.747058799999999579e+00,1.874635099999999966e+03,1.528379400000000032e+03,1.193221600000000080e+03,8.665812300000000050e+02,7.046614299999999957e+02,8.257025999999999613e+02,8.915094800000000532e+02,8.903201999999999998e+02
6.750000000000000000e+00,1.877812100000000100e+03,1.531641100000000051e+03,1.196709000000000060e+03,8.709094099999999798e+02,7.179393599999999651e+02,8.353425600000000486e+02,8.968913099999999758e+02,8.934734200000000328e+02
6.753333300000000428e+00,1.882011099999999942e+03,1.535820300000000088e+03,1.201222600000000057e+03,8.764348999999999705e+02,7.331418700000000399e+02,8.471169099999999617e+02,9.060390999999999622e+02,8.933913800000000265e+02
6.756666700000000247e+00,1.886134199999999964e+03,1.540029899999999998e+03,1.205721999999999980e+03,8.817140799999999672e+02,7.481526000000000067e+02,8.587375299999999925e+02,9.140926699999999983e+02,8.971145900000000211e+02
6.759999999999999787e+00,1.889984200000000101e+03,1.543957400000000007e+03,1.209857099999999946e+03,8.868995300000000270e+02,7.625188900000000558e+02,8.687146400000000313e+02,9.199142000000000507e+02,9.003825299999999743e+02
6.763333300000000214e+00,1.893935099999999920e+03,1.547954500000000053e+03,1.214066800000000057e+03,8.918444899999999507e+02,7.783784000000000560e+02,8.788351199999999608e+02,9.254718900000000303e+02,9.036087499999999864e+02
6.767000000000000348e+00,1.899441299999999956e+03,1.553553699999999935e+03,1.220132700000000114e+03,8.991240299999999479e+02,7.869813599999999951e+02,8.871920699999999442e+02,9.303586400000000367e+02,9.038942799999999806e+02
6.770666699999999594e+00,1.904703400000000101e+03,1.558960399999999936e+03,1.225951900000000023e+03,9.057504800000000387e+02,8.005415000000000418e+02,8.969172700000000304e+02,9.358247199999999566e+02,9.069837700000000495e+02
6.774333300000000335e+00,1.909921299999999974e+03,1.564277199999999993e+03,1.231564599999999928e+03,9.118176300000000083e+02,8.159372799999999870e+02,9.074610300000000507e+02,9.416034100000000535e+02,9.105441200000000208e+02
6.777999999999999581e+00,1.915259099999999989e+03,1.569691800000000057e+03,1.237254500000000007e+03,9.179446400000000494e+02,8.297688000000000557e+02,9.176968799999999646e+02,9.473732400000000098e+02,9.140431999999999562e+02
6.781666699999999715e+00,1.920511500000000069e+03,1.574957599999999957e+03,1.242577999999999975e+03,9.228400299999999561e+02,8.428781199999999671e+02,9.265503800000000183e+02,9.518615899999999783e+02,9.171064599999999700e+02
6.786249999999999893e+00,1.928605900000000020e+03,1.583039899999999989e+03,1.251237300000000005e+03,9.328739799999999605e+02,8.584289800000000241e+02,9.372677499999999782e+02,9.574356000000000222e+02,9.154378600000000006e+02
6.790833300000000072e+00,1.936245899999999892e+03,1.591010600000000068e+03,1.260128400000000056e+03,9.440095599999999649e+02,8.706239100000000235e+02,9.455721099999999524e+02,9.615450700000000097e+02,9.177676599999999780e+02
6.795416699999999643e+00,1.943878600000000006e+03,1.598891699999999901e+03,1.268543799999999919e+03,9.533760999999999513e+02,8.842127000000000407e+02,9.541642500000000382e+02,9.662428800000000138e+02,9.211346899999999778e+02
6.799999999999999822e+00,1.951482899999999972e+03,1.606629799999999932e+03,1.276574800000000096e+03,9.619862000000000535e+02,8.972527800000000298e+02,9.637489199999999983e+02,9.703791199999999435e+02,9.243053800000000138e+02
6.804999999999999716e+00,1.960657099999999900e+03,1.615818500000000085e+03,1.286001899999999978e+03,9.717246400000000222e+02,9.101674799999999550e+02,9.724216300000000501e+02,9.744933300000000145e+02,9.258161599999999680e+02
6.809999999999999609e+00,1.969713700000000017e+03,1.624997599999999920e+03,1.295443299999999908e+03,9.816870599999999740e+02,9.206670100000000048e+02,9.792943599999999833e+02,9.776746000000000549e+02,9.284381899999999632e+02
6.815000000000000391e+00,1.979054300000000012e+03,1.634593399999999974e+03,1.305275300000000016e+03,9.921427400000000034e+02,9.310235999999999876e+02,9.858553200000000061e+02,9.814515599999999722e+02,9.316452000000000453e+02
6.820000000000000284e+00,1.988257200000000012e+03,1.643763899999999921e+03,1.314699200000000019e+03,1.001834500000000048e+03,9.405050400000000081e+02,9.923231600000000299e+02,9.844846800000000258e+02,9.345300499999999602e+02
6.825000000000000178e+00,1.997191900000000032e+03,1.652274499999999989e+03,1.323539600000000064e+03,1.010202800000000025e+03,9.491573100000000522e+02,9.978662399999999479e+02,9.869197599999999966e+02,9.370829599999999573e+02
6.830000000000000071e+00,2.006545100000000048e+03,1.661521600000000035e+03,1.332923999999999978e+03,1.019543699999999944e+03,9.572842299999999796e+02,1.002692099999999982e+03,9.890008800000000520e+02,9.394066100000000006e+02
6.834999999999999964e+00,2.015860500000000002e+03,1.670759700000000066e+03,1.342014100000000099e+03,1.028180200000000013e+03,9.657728399999999738e+02,1.007388699999999972e+03,9.908365300000000389e+02,9.414771700000000010e+02
6.839999999999999858e+00,2.025396899999999960e+03,1.680237100000000055e+03,1.351127600000000029e+03,1.036548000000000002e+03,9.722487800000000107e+02,1.011003600000000006e+03,9.922009900000000471e+02,9.432564800000000105e+02
6.844999999999999751e+00,2.035143499999999904e+03,1.689830500000000029e+03,1.360443999999999960e+03,1.044812799999999925e+03,9.783946799999999939e+02,1.014515599999999949e+03,9.935329799999999523e+02,9.449800900000000183e+02
6.849999999999999645e+00,2.044603399999999965e+03,1.699132599999999911e+03,1.369460299999999961e+03,1.052945600000000013e+03,9.845592100000000073e+02,1.017495099999999979e+03,9.945021600000000035e+02,9.464808500000000322e+02
6.855555599999999750e+00,2.055710799999999836e+03,1.709977200000000039e+03,1.379849999999999909e+03,1.061839899999999943e+03,9.904435999999999467e+02,1.019901899999999955e+03,9.950404300000000148e+02,9.455269100000000435e+02
6.860493800000000419e+00,2.064332199999999830e+03,1.718357400000000098e+03,1.387683199999999943e+03,1.068677599999999984e+03,9.944076400000000149e+02,1.021917699999999968e+03,9.955840899999999465e+02,9.486905199999999923e+02
6.865432099999999593e+00,2.073618699999999990e+03,1.727189599999999928e+03,1.395852200000000039e+03,1.075086600000000089e+03,9.981662900000000036e+02,1.023548199999999952e+03,9.958843399999999519e+02,9.498426600000000235e+02
6.871193400000000118e+00,2.085373500000000149e+03,1.738580200000000104e+03,1.406582499999999982e+03,1.084124700000000075e+03,1.001966099999999983e+03,1.024273999999999887e+03,9.954482699999999795e+02,9.472756600000000162e+02
6.876954699999999754e+00,2.095990299999999934e+03,1.748746100000000069e+03,1.415835700000000088e+03,1.091323300000000017e+03,1.005042100000000005e+03,1.025005200000000059e+03,9.951994999999999436e+02,9.472005400000000463e+02
6.882716000000000278e+00,2.106421200000000226e+03,1.758738299999999981e+03,1.424959900000000061e+03,1.098287900000000036e+03,1.007676500000000033e+03,1.025397200000000112e+03,9.947594400000000405e+02,9.471994499999999562e+02
6.888477400000000195e+00,2.116365600000000086e+03,1.768163399999999911e+03,1.433331899999999905e+03,1.104399699999999939e+03,1.009302699999999959e+03,1.025131900000000087e+03,9.938528599999999642e+02,9.469400399999999536e+02
6.894238699999999831e+00,2.126521799999999985e+03,1.777795100000000048e+03,1.441861200000000053e+03,1.110780500000000075e+03,1.010932500000000005e+03,1.024808800000000019e+03,9.928986400000000003e+02,9.466327300000000378e+02
6.900000000000000355e+00,2.136451000000000022e+03,1.787152299999999968e+03,1.449899100000000089e+03,1.116810899999999947e+03,1.012025099999999952e+03,1.024171399999999949e+03,9.917115000000000009e+02,9.461184799999999768e+02
6.905555599999999572e+00,2.145429299999999785e+03,1.795564100000000053e+03,1.457003099999999904e+03,1.121943099999999959e+03,1.012465000000000032e+03,1.023282900000000041e+03,9.903805399999999963e+02,9.460030100000000175e+02
6.911111100000000285e+00,2.154131600000000162e+03,1.803684299999999894e+03,1.464016499999999951e+03,1.126715400000000045e+03,1.012415100000000052e+03,1.021858600000000024e+03,9.886535400000000209e+02,9.450415199999999913e+02
6.916666700000000390e+00,2.162776400000000194e+03,1.811737200000000030e+03,1.470899400000000014e+03,1.131406099999999924e+03,1.012188099999999963e+03,1.020343799999999987e+03,9.868885900000000220e+02,9.439152599999999893e+02
6.922222200000000214e+00,2.171056500000000142e+03,1.819388099999999895e+03,1.477179599999999937e+03,1.135651200000000017e+03,1.011554600000000050e+03,1.018562300000000050e+03,9.849629400000000032e+02,9.425721200000000408e+02
6.927777800000000319e+00,2.179380000000000109e+03,1.827101599999999962e+03,1.483607899999999972e+03,1.139955400000000054e+03,1.010841199999999958e+03,1.016742300000000000e+03,9.829913500000000113e+02,9.410789200000000392e+02
6.933333300000000143e+00,2.187123999999999796e+03,1.834182299999999941e+03,1.489318700000000035e+03,1.143611400000000003e+03,1.009685299999999984e+03,1.014639699999999948e+03,9.808727999999999838e+02,9.394577100000000200e+02
6.938888900000000248e+00,2.194568400000000111e+03,1.841005000000000109e+03,1.494857600000000048e+03,1.147050199999999904e+03,1.008259999999999991e+03,1.012301199999999994e+03,9.785368399999999838e+02,9.375565199999999777e+02
6.944444400000000073e+00,2.201707499999999982e+03,1.847486799999999903e+03,1.500027599999999893e+03,1.150241700000000037e+03,1.006656700000000001e+03,1.009854600000000005e+03,9.761571800000000394e+02,9.356274899999999661e+02
6.950000000000000178e+00,2.208586600000000089e+03,1.853745599999999968e+03,1.504977200000000039e+03,1.153258800000000065e+03,1.004852499999999964e+03,1.007236899999999991e+03,9.736087499999999864e+02,9.334927000000000135e+02
6.955555600000000283e+00,2.215228200000000015e+03,1.859770400000000109e+03,1.509853399999999965e+03,1.156114499999999907e+03,1.002918599999999969e+03,1.004512600000000020e+03,9.709944600000000037e+02,9.312449299999999539e+02
6.961111100000000107e+00,2.221317599999999857e+03,1.865239299999999957e+03,1.514035699999999906e+03,1.158478900000000067e+03,1.000658099999999990e+03,1.001560799999999972e+03,9.682179800000000114e+02,9.288366700000000264e+02
6.966666700000000212e+00,2.227077999999999975e+03,1.870389499999999998e+03,1.517877600000000029e+03,1.160637899999999945e+03,9.982381900000000314e+02,9.984860700000000406e+02,9.653400199999999813e+02,9.263188599999999724e+02
6.972222200000000036e+00,2.232575899999999820e+03,1.875291500000000042e+03,1.521498199999999997e+03,1.162646400000000085e+03,9.956904500000000553e+02,9.952945799999999963e+02,9.623485600000000204e+02,9.236602299999999559e+02
6.977777800000000141e+00,2.237804700000000139e+03,1.879941499999999905e+03,1.524894099999999980e+03,1.164521600000000035e+03,9.930219700000000103e+02,9.920082800000000134e+02,9.592510800000000017e+02,9.208990599999999631e+02
6.983333299999999966e+00,2.242659999999999854e+03,1.884235500000000002e+03,1.527946200000000090e+03,1.166159499999999980e+03,9.901327400000000125e+02,9.885698700000000372e+02,9.560216299999999592e+02,9.179601800000000367e+02
6.988888900000000071e+00,2.247004199999999855e+03,1.888027299999999968e+03,1.530499800000000050e+03,1.167389699999999948e+03,9.869671600000000353e+02,9.849437199999999848e+02,9.526542500000000473e+02,9.149094900000000052e+02
6.994444399999999895e+00,2.251077800000000025e+03,1.891577900000000000e+03,1.532837999999999965e+03,1.168524699999999939e+03,9.836956900000000132e+02,9.811864500000000362e+02,9.491505499999999529e+02,9.116903800000000047e+02
7.000000000000000000e+00,2.254937199999999848e+03,1.894943800000000010e+03,1.535068099999999959e+03,1.169646400000000085e+03,9.804078100000000404e+02,9.774459399999999505e+02,9.456525900000000320e+02,9.084314200000000028e+02
7.005555600000000105e+00,2.258420999999999822e+03,1.897950199999999995e+03,1.536933099999999968e+03,1.170484899999999925e+03,9.768706200000000308e+02,9.734766100000000506e+02,9.419130000000000109e+02,9.048931599999999662e+02
7.011111099999999929e+00,2.261559699999999793e+03,1.900627799999999979e+03,1.538552400000000034e+03,1.171124399999999923e+03,9.732150000000000318e+02,9.694475400000000036e+02,9.381491300000000138e+02,9.013518100000000004e+02
7.016666700000000034e+00,2.264280200000000150e+03,1.902907600000000002e+03,1.539812100000000100e+03,1.171480900000000020e+03,9.693627599999999802e+02,9.652752500000000282e+02,9.342732999999999493e+02,8.977193200000000388e+02
7.022222199999999859e+00,2.266825299999999970e+03,1.905038600000000088e+03,1.540971099999999979e+03,1.171822300000000041e+03,9.654987999999999602e+02,9.610927799999999479e+02,9.303974299999999857e+02,8.940862899999999627e+02
7.027777799999999964e+00,2.268908399999999801e+03,1.906729299999999967e+03,1.541732400000000098e+03,1.171835000000000036e+03,9.614481600000000299e+02,9.567425799999999754e+02,9.263840500000000020e+02,8.903585500000000366e+02
7.033333299999999788e+00,2.270795700000000124e+03,1.908244599999999991e+03,1.542370100000000093e+03,1.171786800000000085e+03,9.574083000000000538e+02,9.524268299999999954e+02,9.224103400000000192e+02,8.866653199999999515e+02
7.038888899999999893e+00,2.272378099999999904e+03,1.909457100000000082e+03,1.542758599999999888e+03,1.171582799999999907e+03,9.533212300000000141e+02,9.480474400000000514e+02,9.183689299999999776e+02,8.829222600000000511e+02
7.044444399999999717e+00,2.273735299999999825e+03,1.910564200000000028e+03,1.543072599999999966e+03,1.171248900000000049e+03,9.492000699999999824e+02,9.436382800000000088e+02,9.143016900000000078e+02,8.791557500000000118e+02
7.049999999999999822e+00,2.274610599999999977e+03,1.911224200000000110e+03,1.543019800000000032e+03,1.170615600000000086e+03,9.449435999999999467e+02,9.391414399999999887e+02,9.101515799999999672e+02,8.753328800000000456e+02
7.055555599999999927e+00,2.275243699999999990e+03,1.911593900000000076e+03,1.542737100000000055e+03,1.169861400000000003e+03,9.405998700000000099e+02,9.345610900000000356e+02,9.059270800000000463e+02,8.714643300000000181e+02
7.061111099999999752e+00,2.275698300000000017e+03,1.911854900000000043e+03,1.542425799999999981e+03,1.169203899999999976e+03,9.365910999999999831e+02,9.303021099999999706e+02,9.019506999999999834e+02,8.677571199999999862e+02
7.066666699999999857e+00,2.275801899999999932e+03,1.911700900000000047e+03,1.541672299999999950e+03,1.168146099999999933e+03,9.318719999999999573e+02,9.253571699999999964e+02,8.973964499999999589e+02,8.636347500000000537e+02
7.072222199999999681e+00,2.275711499999999887e+03,1.911369699999999966e+03,1.540814399999999978e+03,1.167123199999999997e+03,9.272189399999999750e+02,9.204382600000000139e+02,8.928656600000000481e+02,8.595131900000000087e+02
7.077777799999999786e+00,2.275255799999999908e+03,1.910776900000000069e+03,1.539800300000000107e+03,1.166158599999999979e+03,9.228299399999999650e+02,9.158420399999999972e+02,8.886032699999999522e+02,8.555942599999999629e+02
7.083333299999999610e+00,2.274586099999999988e+03,1.909926300000000083e+03,1.538546199999999999e+03,1.165067600000000084e+03,9.181013400000000502e+02,9.108965399999999590e+02,8.840340499999999793e+02,8.514417600000000448e+02
7.088888899999999715e+00,2.273684699999999793e+03,1.908887500000000045e+03,1.537179200000000037e+03,1.164086299999999937e+03,9.134265500000000202e+02,9.059960499999999683e+02,8.794707300000000032e+02,8.472761000000000422e+02
7.094444400000000428e+00,2.272518900000000031e+03,1.907581300000000056e+03,1.535586800000000039e+03,1.163195899999999938e+03,9.086654099999999517e+02,9.010223899999999730e+02,8.748093000000000075e+02,8.430417999999999665e+02
7.099999999999999645e+00,2.271003799999999956e+03,1.905917599999999993e+03,1.533674600000000055e+03,1.162597700000000032e+03,9.038666299999999865e+02,8.960258300000000418e+02,8.701804499999999507e+02,8.388444700000000012e+02
7.106250000000000178e+00,2.268661799999999857e+03,1.903517299999999977e+03,1.531154199999999946e+03,1.158515100000000075e+03,8.975121900000000323e+02,8.895249800000000278e+02,8.643466499999999542e+02,8.330933899999999994e+02
7.112499999999999822e+00,2.267219099999999798e+03,1.902302799999999934e+03,1.531246699999999919e+03,1.154872900000000072e+03,8.916902099999999791e+02,8.837094299999999976e+02,8.590236700000000383e+02,8.280438900000000331e+02
7.118750000000000355e+00,2.264856099999999969e+03,1.899819799999999987e+03,1.528821699999999964e+03,1.151834399999999960e+03,8.859631699999999910e+02,8.777956299999999601e+02,8.535768000000000484e+02,8.230086599999999635e+02
7.125000000000000000e+00,2.262416799999999967e+03,1.897359600000000000e+03,1.526555499999999938e+03,1.148869200000000092e+03,8.803870600000000195e+02,8.721039299999999912e+02,8.483414999999999964e+02,8.182271899999999505e+02
7.131249999999999645e+00,2.259908300000000054e+03,1.895015200000000050e+03,1.525446400000000040e+03,1.143193899999999985e+03,8.743908599999999751e+02,8.661543199999999842e+02,8.429901800000000094e+02,8.134886699999999564e+02
7.137500000000000178e+00,2.256476000000000113e+03,1.891358600000000024e+03,1.521187400000000025e+03,1.140165600000000040e+03,8.685690600000000359e+02,8.602015800000000354e+02,8.376407600000000002e+02,8.088133199999999761e+02
7.143749999999999822e+00,2.253236399999999776e+03,1.888083800000000110e+03,1.517967599999999948e+03,1.137856399999999894e+03,8.623825399999999490e+02,8.540556599999999889e+02,8.321726700000000392e+02,8.040688000000000102e+02
7.150000000000000355e+00,2.249800999999999931e+03,1.884741500000000087e+03,1.515167200000000093e+03,1.134928499999999985e+03,8.558610300000000279e+02,8.476418200000000525e+02,8.265334000000000287e+02,7.992873600000000351e+02
7.156250000000000000e+00,2.245829000000000178e+03,1.880843499999999949e+03,1.511923199999999952e+03,1.131282600000000002e+03,8.494049199999999473e+02,8.412380699999999933e+02,8.207781499999999824e+02,7.938446199999999635e+02
7.162499999999999645e+00,2.241973300000000108e+03,1.876812599999999975e+03,1.508543400000000020e+03,1.128680900000000065e+03,8.433545400000000427e+02,8.351500700000000279e+02,8.154160299999999779e+02,7.890932199999999739e+02
7.168750000000000178e+00,2.237109199999999873e+03,1.871880799999999908e+03,1.502615299999999934e+03,1.124067800000000034e+03,8.370694099999999480e+02,8.287620899999999438e+02,8.098129900000000134e+02,7.843902299999999741e+02
7.174999999999999822e+00,2.232645599999999831e+03,1.867565900000000056e+03,1.498493600000000015e+03,1.119950199999999995e+03,8.306783100000000104e+02,8.223425499999999602e+02,8.041775300000000470e+02,7.793480700000000070e+02
7.181250000000000355e+00,2.227986199999999826e+03,1.862747100000000046e+03,1.492082300000000032e+03,1.116402299999999968e+03,8.241920699999999442e+02,8.158230499999999665e+02,7.983322699999999941e+02,7.740246200000000272e+02
7.187500000000000000e+00,2.223348300000000108e+03,1.858378699999999981e+03,1.487354900000000043e+03,1.111549899999999980e+03,8.176632100000000491e+02,8.092737200000000257e+02,7.924224199999999882e+02,7.687289399999999659e+02
7.193749999999999645e+00,2.218524300000000039e+03,1.853822499999999991e+03,1.482778000000000020e+03,1.106571300000000065e+03,8.111568200000000388e+02,8.027529600000000300e+02,7.865218300000000227e+02,7.635654700000000048e+02
7.200000000000000178e+00,2.213454499999999825e+03,1.848917500000000018e+03,1.478120499999999993e+03,1.101829300000000103e+03,8.046360600000000431e+02,7.961898400000000038e+02,7.805413300000000163e+02,7.580803300000000036e+02
7.206249999999999822e+00,2.208192799999999806e+03,1.843705999999999904e+03,1.473298000000000002e+03,1.096737800000000107e+03,7.982697399999999561e+02,7.897611500000000433e+02,7.747267200000000003e+02,7.533127799999999752e+02
7.212500000000000355e+00,2.202786099999999806e+03,1.838333900000000085e+03,1.467816900000000032e+03,1.088504500000000007e+03,7.921257200000000012e+02,7.834208200000000488e+02,7.689672699999999850e+02,7.485740200000000186e+02
7.218750000000000000e+00,2.198084499999999935e+03,1.834515200000000050e+03,1.461537800000000061e+03,1.083209299999999985e+03,7.855626899999999750e+02,7.769532199999999875e+02,7.631496700000000146e+02,7.439563799999999674e+02
7.224999999999999645e+00,2.192835900000000038e+03,1.829669900000000098e+03,1.455931000000000040e+03,1.078564100000000053e+03,7.789798299999999927e+02,7.704564299999999548e+02,7.572784799999999450e+02,7.386997800000000325e+02
7.231250000000000178e+00,2.187160699999999906e+03,1.824052200000000084e+03,1.450637799999999970e+03,1.073732400000000098e+03,7.724827800000000479e+02,7.639704000000000406e+02,7.513904300000000376e+02,7.334013099999999667e+02
7.237499999999999822e+00,2.181317100000000210e+03,1.818382900000000063e+03,1.445196999999999889e+03,1.068604599999999891e+03,7.659091700000000174e+02,7.574226599999999507e+02,7.454373299999999745e+02,7.281673799999999801e+02
7.243750000000000355e+00,2.176019800000000032e+03,1.813224099999999908e+03,1.440182900000000018e+03,1.063831699999999955e+03,7.594665800000000218e+02,7.509357400000000098e+02,7.395077099999999746e+02,7.230426400000000058e+02
7.250000000000000000e+00,2.170096399999999903e+03,1.807466400000000021e+03,1.434616800000000012e+03,1.058637799999999970e+03,7.528860200000000304e+02,7.443506599999999480e+02,7.334427100000000337e+02,7.176819600000000037e+02
7.257142899999999841e+00,2.162501900000000205e+03,1.799952600000000075e+03,1.427206799999999930e+03,1.051102300000000014e+03,7.447644099999999980e+02,7.361726200000000517e+02,7.257479100000000471e+02,7.106560200000000123e+02
7.264285700000000290e+00,2.155663799999999810e+03,1.793353100000000040e+03,1.420740199999999959e+03,1.045131499999999960e+03,7.369657200000000330e+02,7.282902500000000146e+02,7.183662199999999984e+02,7.040611199999999599e+02
7.271428600000000131e+00,2.148831599999999980e+03,1.786872900000000072e+03,1.414401599999999917e+03,1.039322699999999941e+03,7.292275399999999763e+02,7.203736300000000483e+02,7.109442099999999982e+02,6.974786000000000286e+02
7.278571399999999691e+00,2.142157000000000153e+03,1.780746000000000095e+03,1.408040999999999940e+03,1.033505400000000009e+03,7.214308499999999640e+02,7.124071999999999889e+02,7.034393499999999904e+02,6.908573800000000347e+02
7.285714300000000421e+00,2.134948100000000068e+03,1.773390300000000025e+03,1.401805000000000064e+03,1.027517599999999902e+03,7.136779400000000351e+02,7.044886699999999564e+02,6.959400100000000293e+02,6.841747900000000300e+02
7.292857099999999981e+00,2.128110099999999875e+03,1.766477900000000091e+03,1.395601599999999962e+03,1.021745900000000006e+03,7.061970700000000534e+02,6.967681300000000419e+02,6.884621399999999767e+02,6.772762800000000425e+02
7.299999999999999822e+00,2.121223700000000008e+03,1.759739199999999983e+03,1.389091300000000047e+03,1.015731700000000046e+03,6.988082000000000562e+02,6.892734100000000126e+02,6.812707799999999452e+02,6.706384900000000471e+02
7.307142899999999663e+00,2.114293700000000172e+03,1.753021600000000035e+03,1.382624299999999948e+03,1.009816900000000032e+03,6.915526200000000472e+02,6.818842300000000023e+02,6.741763600000000451e+02,6.640676399999999830e+02
7.314285700000000112e+00,2.107269899999999780e+03,1.746247800000000097e+03,1.376158899999999903e+03,1.003838200000000029e+03,6.843295799999999645e+02,6.745898899999999685e+02,6.672021999999999480e+02,6.576484699999999748e+02
7.321428599999999953e+00,2.100402700000000095e+03,1.739540199999999913e+03,1.369835000000000036e+03,9.978679200000000264e+02,6.771920099999999820e+02,6.673687300000000278e+02,6.602766100000000051e+02,6.512968700000000126e+02
7.328571400000000402e+00,2.093708999999999833e+03,1.733229499999999916e+03,1.363133499999999913e+03,9.918101199999999835e+02,6.701230399999999463e+02,6.601927299999999832e+02,6.534003900000000158e+02,6.450170900000000529e+02
7.335714300000000243e+00,2.086409799999999905e+03,1.726126999999999953e+03,1.356515200000000050e+03,9.862390400000000454e+02,6.631899700000000166e+02,6.531218699999999444e+02,6.465949699999999893e+02,6.387669700000000148e+02
7.342857099999999804e+00,2.079407700000000204e+03,1.719574200000000019e+03,1.350069500000000062e+03,9.805068499999999858e+02,6.563272600000000239e+02,6.461475599999999986e+02,6.398679499999999507e+02,6.325765099999999848e+02
7.349999999999999645e+00,2.072869900000000143e+03,1.712612200000000030e+03,1.343627899999999954e+03,9.745973400000000311e+02,6.495214399999999841e+02,6.392568499999999858e+02,6.332128099999999904e+02,6.264537500000000136e+02
7.358333299999999966e+00,2.063731800000000021e+03,1.703605900000000020e+03,1.334955999999999904e+03,9.662186900000000378e+02,6.408818800000000238e+02,6.305767299999999977e+02,6.248246699999999691e+02,6.187315800000000081e+02
7.366666699999999679e+00,2.055865699999999833e+03,1.695974600000000009e+03,1.327649699999999939e+03,9.594516399999999976e+02,6.332418599999999742e+02,6.227879199999999855e+02,6.172648500000000240e+02,6.117205999999999904e+02
7.375000000000000000e+00,2.047996699999999919e+03,1.688583900000000085e+03,1.320607199999999921e+03,9.529780600000000277e+02,6.259498599999999442e+02,6.153852000000000544e+02,6.101018500000000131e+02,6.050886900000000423e+02
7.383333300000000321e+00,2.040462299999999914e+03,1.681222700000000032e+03,1.313529399999999896e+03,9.465293799999999464e+02,6.186774599999999964e+02,6.080062199999999848e+02,6.029824899999999843e+02,5.985465199999999868e+02
7.391666700000000034e+00,2.033101000000000113e+03,1.673953700000000026e+03,1.306588299999999890e+03,9.401147600000000466e+02,6.114276899999999841e+02,6.005514299999999821e+02,5.958319400000000314e+02,5.921379699999999957e+02
7.400000000000000355e+00,2.025612900000000081e+03,1.666704099999999926e+03,1.299687899999999900e+03,9.338317899999999554e+02,6.043386199999999917e+02,5.931175799999999754e+02,5.886639699999999493e+02,5.858532999999999902e+02
