time,P1,P2,P3,P4,P5,P6,P7,P8
1.197604799999999983e-04,8.850522299999999953e-01,3.424076699999999973e-01,6.190382400000000312e-02,-5.257718000000000114e-01,-8.796915699999999783e-01,-9.734540099999999807e-01,-1.012053000000000091e+00,-1.082497599999999949e+00
2.638201900000000048e-04,8.495744899999999600e-01,3.080604900000000201e-01,2.889421099999999951e-02,-5.532991499999999618e-01,-8.973173399999999633e-01,-9.783876299999999526e-01,-1.010723599999999944e+00,-1.067529399999999962e+00
4.369445699999999818e-04,4.517547599999999774e-01,-8.303067399999999876e-02,-3.550748000000000237e-01,-9.108363200000000326e-01,-1.211320699999999917e+00,-1.256852300000000033e+00,-1.276150200000000012e+00,-1.311401599999999945e+00
6.450621799999999972e-04,9.411694000000000448e-01,3.974518100000000165e-01,1.158708400000000027e-01,-4.743046499999999943e-01,-8.414328899999999889e-01,-9.402991400000000333e-01,-9.810775900000000549e-01,-1.054008899999999915e+00
8.932024100000000464e-04,8.564147899999999813e-01,3.156067100000000125e-01,3.714331299999999725e-02,-5.414023999999999504e-01,-8.854915599999999554e-01,-9.619844699999999804e-01,-9.934365499999999738e-01,-1.049637500000000001e+00
1.191746100000000072e-03,7.314034499999999550e-01,1.916860599999999915e-01,-8.562265900000000374e-02,-6.602329700000000301e-01,-9.993737400000000104e-01,-1.071537900000000043e+00,-1.101115599999999972e+00,-1.153198699999999910e+00
1.546618800000000094e-03,7.461471100000000023e-01,2.061726600000000076e-01,-7.145897900000000580e-02,-6.470221200000000339e-01,-9.887650599999999734e-01,-1.063485100000000072e+00,-1.094613099999999895e+00,-1.150513600000000025e+00
1.975767199999999869e-03,7.398616900000000163e-01,2.000136899999999940e-01,-7.748799000000000659e-02,-6.525696100000000222e-01,-9.941645799999999644e-01,-1.068186999999999998e+00,-1.098940100000000086e+00,-1.153909700000000038e+00
2.490745300000000041e-03,7.390621699999999628e-01,1.991962999999999928e-01,-7.832636099999999713e-02,-6.533719599999999739e-01,-9.952851799999999916e-01,-1.068809099999999956e+00,-1.099316399999999971e+00,-1.153727100000000005e+00
3.116075800000000107e-03,7.445300400000000041e-01,2.045774700000000113e-01,-7.307487399999999800e-02,-6.485537099999999500e-01,-9.920057899999999984e-01,-1.066352100000000025e+00,-1.097200100000000011e+00,-1.152121900000000032e+00
3.850159499999999870e-03,7.577112099999999684e-01,2.177901200000000037e-01,-5.987434600000000190e-02,-6.353320900000000160e-01,-9.800134999999999819e-01,-1.054848299999999961e+00,-1.086054700000000039e+00,-1.141841700000000071e+00
4.747372899999999576e-03,7.583452600000000210e-01,2.184415299999999949e-01,-5.921532899999999711e-02,-6.346168199999999704e-01,-9.796178599999999514e-01,-1.053763900000000087e+00,-1.084562800000000049e+00,-1.139360300000000104e+00
5.836846199999999769e-03,7.685499700000000267e-01,2.285636100000000004e-01,-4.924566100000000307e-02,-6.251879099999999578e-01,-9.722957899999999931e-01,-1.047637499999999999e+00,-1.078997100000000042e+00,-1.134859400000000074e+00
7.124405700000000126e-03,7.910521400000000147e-01,2.507404599999999983e-01,-2.743765999999999913e-02,-6.046081500000000108e-01,-9.550076600000000360e-01,-1.031421099999999980e+00,-1.063085199999999952e+00,-1.119215300000000024e+00
8.733855000000000438e-03,8.063390200000000174e-01,2.659991199999999778e-01,-1.232289399999999917e-02,-5.900873899999999894e-01,-9.433202200000000426e-01,-1.021849599999999914e+00,-1.054622100000000007e+00,-1.113096000000000085e+00
1.061154599999999948e-02,7.995829100000000356e-01,2.597513799999999762e-01,-1.809164400000000048e-02,-5.940157900000000435e-01,-9.454391899999999849e-01,-1.020767999999999898e+00,-1.052293900000000004e+00,-1.108583000000000096e+00
1.295865900000000084e-02,7.922830899999999676e-01,2.522707100000000091e-01,-2.582894300000000004e-02,-6.027261800000000003e-01,-9.568538599999999450e-01,-1.032587200000000038e+00,-1.063986600000000005e+00,-1.119415000000000049e+00
1.530577299999999995e-02,8.291239900000000329e-01,2.886955399999999727e-01,1.002956800000000086e-02,-5.685588599999999992e-01,-9.305470700000000317e-01,-1.010430600000000068e+00,-1.044042600000000043e+00,-1.103992300000000037e+00
1.765288599999999958e-02,8.338732199999999706e-01,2.936751799999999801e-01,1.517682000000000059e-02,-5.623272999999999744e-01,-9.259106700000000467e-01,-1.003326399999999952e+00,-1.035965299999999978e+00,-1.093671199999999954e+00
2.000000000000000042e-02,8.502464499999999870e-01,3.099515199999999804e-01,3.123492699999999914e-02,-5.466680699999999504e-01,-9.148970800000000292e-01,-9.932881099999999464e-01,-1.026564800000000055e+00,-1.085271300000000050e+00
2.285714299999999990e-02,8.530459599999999920e-01,3.128280299999999792e-01,3.409042200000000217e-02,-5.441872500000000112e-01,-9.132251700000000305e-01,-9.914382699999999549e-01,-1.024553000000000047e+00,-1.082928799999999914e+00
2.628571400000000169e-02,8.646773300000000217e-01,3.244275899999999879e-01,4.550587200000000276e-02,-5.337712599999999696e-01,-9.058681600000000333e-01,-9.855772800000000000e-01,-1.019358299999999939e+00,-1.079068099999999975e+00
3.085714300000000007e-02,8.773997399999999836e-01,3.372005299999999983e-01,5.815647599999999862e-02,-5.221508799999999839e-01,-8.968313700000000166e-01,-9.776266000000000123e-01,-1.011858300000000099e+00,-1.072637099999999899e+00
3.542857099999999898e-02,8.813554900000000192e-01,3.414869300000000218e-01,6.262004100000000129e-02,-5.168511000000000077e-01,-8.949438499999999852e-01,-9.738843000000000361e-01,-1.007621000000000100e+00,-1.067321100000000023e+00
4.000000000000000083e-02,8.890999000000000541e-01,3.493680499999999856e-01,7.046530800000000427e-02,-5.088701799999999498e-01,-8.919054199999999488e-01,-9.702126500000000098e-01,-1.004068200000000077e+00,-1.063878499999999949e+00
4.499999999999999833e-02,8.925516000000000005e-01,3.528674500000000269e-01,7.387670899999999874e-02,-5.058293400000000162e-01,-8.924671400000000476e-01,-9.699688100000000146e-01,-1.003653799999999929e+00,-1.062982700000000058e+00
5.000000000000000278e-02,8.951933699999999883e-01,3.557340900000000028e-01,7.679500799999999794e-02,-5.025796000000000152e-01,-8.932878499999999944e-01,-9.694469599999999687e-01,-1.003026699999999938e+00,-1.062080799999999936e+00
5.500000000000000028e-02,8.997597899999999482e-01,3.604349299999999867e-01,8.146017199999999736e-02,-4.979863500000000220e-01,-8.934428399999999604e-01,-9.685537699999999806e-01,-1.002140800000000054e+00,-1.061106399999999894e+00
5.999999999999999778e-02,9.061683900000000458e-01,3.669825899999999974e-01,8.796938899999999506e-02,-4.915788200000000274e-01,-8.915942500000000326e-01,-9.655773300000000114e-01,-9.991844300000000123e-01,-1.058017500000000055e+00
6.666666699999999890e-02,9.166505600000000031e-01,3.774840099999999810e-01,9.829379600000000272e-02,-4.833760899999999805e-01,-8.851823399999999564e-01,-9.601000800000000224e-01,-9.939902099999999852e-01,-1.053671800000000047e+00
7.333333300000000055e-02,9.158352499999999896e-01,3.768964200000000098e-01,9.779500700000000324e-02,-4.838054800000000100e-01,-8.898650799999999750e-01,-9.618219199999999969e-01,-9.950812300000000388e-01,-1.053543700000000083e+00
8.000000000000000167e-02,9.168657199999999952e-01,3.781544299999999859e-01,9.902054200000000306e-02,-4.829075600000000135e-01,-8.953459700000000465e-01,-9.657643099999999592e-01,-9.991436599999999890e-01,-1.057702900000000001e+00
8.666666700000000279e-02,9.115980700000000381e-01,3.731559700000000035e-01,9.411548499999999873e-02,-4.877924399999999938e-01,-9.052769800000000089e-01,-9.726194299999999515e-01,-1.005537399999999915e+00,-1.063274599999999959e+00
9.333333300000000443e-02,9.012087899999999818e-01,3.629306600000000160e-01,8.388615200000000549e-02,-4.983644300000000249e-01,-9.209840099999999641e-01,-9.851501900000000367e-01,-1.017605700000000057e+00,-1.074518800000000107e+00
1.000000000000000056e-01,9.065188499999999872e-01,3.686883000000000243e-01,8.992563100000000587e-02,-4.917062200000000272e-01,-9.175466399999999689e-01,-9.770173300000000172e-01,-1.008415300000000014e+00,-1.063179000000000096e+00
1.066666700000000051e-01,8.969313500000000161e-01,3.592334400000000150e-01,8.041954900000000683e-02,-5.019666499999999587e-01,-9.335945799999999517e-01,-9.905865200000000259e-01,-1.021964799999999896e+00,-1.076803600000000083e+00
1.133333299999999960e-01,8.904262400000000355e-01,3.530460599999999949e-01,7.437826599999999844e-02,-5.081232100000000473e-01,-9.441467300000000451e-01,-9.971921599999999941e-01,-1.027922699999999967e+00,-1.081517300000000015e+00
1.199999999999999956e-01,8.777826199999999579e-01,3.405945799999999801e-01,6.197640699999999725e-02,-5.210297200000000295e-01,-9.619959799999999728e-01,-1.011348899999999995e+00,-1.041564300000000109e+00,-1.094219000000000053e+00
1.266666700000000090e-01,8.604497300000000237e-01,3.235181200000000201e-01,4.498373299999999797e-02,-5.383591599999999477e-01,-9.840524400000000282e-01,-1.029719000000000051e+00,-1.059506400000000070e+00,-1.111141600000000063e+00
1.333333299999999999e-01,8.517753300000000527e-01,3.153174599999999939e-01,3.716440900000000241e-02,-5.456816700000000075e-01,-9.936455899999999675e-01,-1.032528399999999902e+00,-1.060540800000000061e+00,-1.109057500000000029e+00
1.400000000000000133e-01,8.333726799999999768e-01,2.970420500000000019e-01,1.887567399999999854e-02,-5.648033000000000081e-01,-1.018014500000000044e+00,-1.053318900000000058e+00,-1.081027699999999925e+00,-1.129005500000000106e+00
1.449999999999999900e-01,8.248717800000000544e-01,2.894123200000000007e-01,1.204003900000000064e-02,-5.675440699999999561e-01,-1.031624400000000108e+00,-1.054782000000000108e+00,-1.080846399999999985e+00,-1.125116999999999923e+00
1.499999999999999944e-01,8.293697799999999454e-01,2.933331399999999922e-01,1.526073399999999976e-02,-5.673206299999999924e-01,-1.039946999999999955e+00,-1.063776400000000066e+00,-1.091172899999999890e+00,-1.137590600000000007e+00
1.549999999999999989e-01,8.062904300000000024e-01,2.708117299999999728e-01,-6.672660399999999666e-03,-5.882317400000000029e-01,-1.059943000000000080e+00,-1.077756500000000006e+00,-1.103346600000000066e+00,-1.146601800000000004e+00
1.600000000000000033e-01,7.934695200000000392e-01,2.579157000000000255e-01,-1.967226600000000075e-02,-6.025636899999999851e-01,-1.077911199999999958e+00,-1.093314600000000025e+00,-1.118563200000000091e+00,-1.161116000000000037e+00
1.650000000000000078e-01,7.953368100000000052e-01,2.598162800000000106e-01,-1.775376799999999963e-02,-6.015888600000000030e-01,-1.080207600000000046e+00,-1.092473000000000027e+00,-1.117190899999999987e+00,-1.158929199999999993e+00
1.700000000000000122e-01,8.045236999999999528e-01,2.686111899999999997e-01,-9.399218500000000587e-03,-5.957584599999999897e-01,-1.080985099999999921e+00,-1.092380899999999988e+00,-1.117505500000000040e+00,-1.160030600000000023e+00
1.749999999999999889e-01,7.861698599999999981e-01,2.503811300000000073e-01,-2.751454399999999842e-02,-6.143855000000000288e-01,-1.102658099999999974e+00,-1.109969299999999937e+00,-1.134277399999999991e+00,-1.175484100000000032e+00
1.799999999999999933e-01,7.933652900000000008e-01,2.574198999999999793e-01,-2.065916599999999964e-02,-6.090298800000000234e-01,-1.102071000000000023e+00,-1.106116000000000099e+00,-1.129897300000000104e+00,-1.170106700000000055e+00
1.849999999999999978e-01,7.892565200000000170e-01,2.531951700000000249e-01,-2.502315199999999989e-02,-6.147567699999999524e-01,-1.112683300000000042e+00,-1.113604100000000097e+00,-1.137057599999999891e+00,-1.176792800000000083e+00
1.900000000000000022e-01,8.181220799999999738e-01,2.813068799999999814e-01,2.241750299999999922e-03,-5.913075300000000256e-01,-1.098652799999999985e+00,-1.099440699999999937e+00,-1.123712499999999892e+00,-1.164893699999999921e+00
1.950000000000000067e-01,7.934832699999999628e-01,2.567362999999999729e-01,-2.226893699999999907e-02,-6.164077700000000215e-01,-1.127507199999999932e+00,-1.123574400000000084e+00,-1.146968800000000011e+00,-1.186673799999999890e+00
2.000000000000000111e-01,8.227878100000000083e-01,2.855150399999999977e-01,5.917138500000000342e-03,-5.910677300000000134e-01,-1.109786900000000021e+00,-1.103512700000000013e+00,-1.126918899999999946e+00,-1.166494799999999943e+00
2.049999999999999878e-01,8.420290900000000356e-01,3.039472899999999811e-01,2.344747599999999835e-02,-5.774494000000000016e-01,-1.106227800000000094e+00,-1.099411499999999986e+00,-1.123610800000000021e+00,-1.164513399999999921e+00
2.099999999999999922e-01,8.564593999999999818e-01,3.179480199999999979e-01,3.696230699999999980e-02,-5.664313500000000001e-01,-1.102658700000000103e+00,-1.092633900000000047e+00,-1.116710599999999998e+00,-1.157572700000000010e+00
2.149999999999999967e-01,8.641420100000000160e-01,3.248860399999999871e-01,4.306493900000000347e-02,-5.639192299999999936e-01,-1.109558999999999962e+00,-1.097406499999999951e+00,-1.121741199999999994e+00,-1.162882100000000030e+00
2.200000000000000011e-01,8.948300900000000224e-01,3.547764700000000104e-01,7.206099800000000111e-02,-5.387844499999999703e-01,-1.094587200000000093e+00,-1.080419599999999924e+00,-1.105190899999999976e+00,-1.147167599999999954e+00
2.250000000000000056e-01,9.197467400000000071e-01,3.787321000000000160e-01,9.495042200000000654e-02,-5.202792299999999814e-01,-1.087045800000000062e+00,-1.070680099999999912e+00,-1.095783299999999905e+00,-1.138130800000000109e+00
2.300000000000000100e-01,9.509144699999999562e-01,4.088059600000000238e-01,1.238084700000000038e-01,-4.963889200000000113e-01,-1.075654600000000016e+00,-1.057895899999999889e+00,-1.083819099999999924e+00,-1.127642699999999998e+00
2.349999999999999867e-01,9.793868100000000521e-01,4.360715800000000142e-01,1.497430399999999939e-01,-4.757234200000000079e-01,-1.067836199999999902e+00,-1.047959800000000108e+00,-1.074429199999999973e+00,-1.119061000000000083e+00
2.399999999999999911e-01,1.012801000000000062e+00,4.682311599999999796e-01,1.805036799999999997e-01,-4.505087600000000081e-01,-1.056227699999999992e+00,-1.034121800000000091e+00,-1.061219600000000041e+00,-1.106869300000000056e+00
2.449999999999999956e-01,1.058306600000000097e+00,5.121294199999999464e-01,2.226527399999999879e-01,-4.150418100000000110e-01,-1.036366399999999910e+00,-1.012489999999999890e+00,-1.040446100000000040e+00,-1.087453800000000026e+00
2.500000000000000000e-01,1.096032799999999918e+00,5.482297000000000420e-01,2.569678499999999977e-01,-3.875827700000000209e-01,-1.025152800000000086e+00,-9.991975100000000110e-01,-1.028063600000000077e+00,-1.076627400000000012e+00
2.550000000000000044e-01,1.138861600000000029e+00,5.891659099999999594e-01,2.958482299999999898e-01,-3.563768999999999965e-01,-1.011450399999999972e+00,-9.830359100000000128e-01,-1.012730399999999920e+00,-1.062599800000000094e+00
2.600000000000000089e-01,1.194076200000000032e+00,6.422823899999999808e-01,3.466759899999999894e-01,-3.140896699999999875e-01,-9.885298000000000140e-01,-9.579701299999999753e-01,-9.887805699999999698e-01,-1.040480000000000071e+00
2.650000000000000133e-01,1.247425000000000006e+00,6.931896600000000408e-01,3.949516399999999927e-01,-2.754310600000000053e-01,-9.710807000000000189e-01,-9.382610799999999696e-01,-9.702587700000000481e-01,-1.023866900000000024e+00
2.700000000000000178e-01,1.311558999999999919e+00,7.547104000000000035e-01,4.536626599999999954e-01,-2.269062000000000023e-01,-9.448458600000000374e-01,-9.089652400000000076e-01,-9.419971600000000000e-01,-9.972165800000000191e-01
2.750000000000000222e-01,1.384683700000000073e+00,8.245999899999999494e-01,5.200995699999999555e-01,-1.728469900000000059e-01,-9.172372199999999642e-01,-8.798887899999999762e-01,-9.148361900000000491e-01,-9.733272299999999877e-01
2.800000000000000266e-01,1.450062100000000020e+00,8.867027899999999629e-01,5.787085299999999988e-01,-1.265977799999999931e-01,-8.971538000000000013e-01,-8.558750299999999811e-01,-8.919262599999999708e-01,-9.521519000000000510e-01
2.839999999999999747e-01,1.422207500000000069e+00,8.594906500000000227e-01,5.523200999999999805e-01,-1.495911099999999994e-01,-9.501901600000000059e-01,-8.786112900000000447e-01,-9.118033500000000124e-01,-9.656765099999999880e-01
2.879999999999999782e-01,1.535310399999999964e+00,9.676582599999999923e-01,6.554057599999999484e-01,-6.389735400000000343e-02,-8.977779200000000071e-01,-8.301354800000000367e-01,-8.674183100000000257e-01,-9.282270000000000243e-01
2.919999999999999818e-01,1.579472500000000057e+00,1.009145900000000040e+00,6.941647699999999865e-01,-3.506064300000000244e-02,-8.872157800000000094e-01,-8.149710000000000010e-01,-8.521494600000000252e-01,-9.126040500000000000e-01
2.959999999999999853e-01,1.648574500000000054e+00,1.074154400000000065e+00,7.550067499999999487e-01,1.126521100000000067e-02,-8.667034000000000127e-01,-7.926866299999999477e-01,-8.311482799999999616e-01,-8.938406800000000541e-01
2.999999999999999889e-01,1.723183300000000084e+00,1.144459200000000010e+00,8.209589900000000551e-01,6.216631000000000240e-02,-8.434263199999999516e-01,-7.661689000000000416e-01,-8.057339700000000215e-01,-8.704773199999999989e-01
3.039999999999999925e-01,1.801203799999999910e+00,1.217816000000000010e+00,8.896186000000000371e-01,1.147278199999999942e-01,-8.207549499999999831e-01,-7.390738000000000030e-01,-7.796655099999999505e-01,-8.462817700000000443e-01
3.079999999999999960e-01,1.889352700000000107e+00,1.300382099999999985e+00,9.665814700000000537e-01,1.729520599999999908e-01,-7.966856599999999622e-01,-7.106114799999999621e-01,-7.525790500000000272e-01,-8.216828800000000044e-01
3.119999999999999996e-01,1.967539499999999997e+00,1.372989299999999968e+00,1.033634299999999895e+00,2.214824300000000079e-01,-7.823247100000000342e-01,-6.891138500000000278e-01,-7.317419499999999744e-01,-8.018590700000000071e-01
3.160000000000000031e-01,2.065371999999999986e+00,1.463817399999999935e+00,1.117567399999999989e+00,2.831749599999999756e-01,-7.599834399999999546e-01,-6.600384299999999538e-01,-7.038506700000000116e-01,-7.761051100000000424e-01
3.200000000000000067e-01,2.163350200000000001e+00,1.554479299999999897e+00,1.201038300000000003e+00,3.435735200000000211e-01,-7.406580400000000175e-01,-6.323528600000000166e-01,-6.771404500000000048e-01,-7.510623300000000002e-01
3.240000000000000102e-01,2.274267399999999828e+00,1.656633299999999975e+00,1.294688499999999909e+00,4.105623700000000098e-01,-7.194370100000000434e-01,-6.023537599999999603e-01,-6.483334600000000281e-01,-7.242934300000000158e-01
3.280000000000000138e-01,2.384783600000000003e+00,1.757444000000000006e+00,1.386185800000000024e+00,4.733839200000000136e-01,-7.049172299999999503e-01,-5.770610200000000356e-01,-6.238928299999999538e-01,-7.012414599999999831e-01
3.320000000000000173e-01,2.504272199999999948e+00,1.865830700000000064e+00,1.484048100000000092e+00,5.394755599999999651e-01,-6.907478000000000229e-01,-5.504437699999999989e-01,-5.979738599999999682e-01,-6.764436099999999730e-01
3.360000000000000209e-01,2.637897999999999854e+00,1.986318199999999923e+00,1.592200899999999919e+00,6.112044500000000102e-01,-6.766732699999999934e-01,-5.232326200000000371e-01,-5.716520299999999777e-01,-6.515087200000000411e-01
3.400000000000000244e-01,2.773513599999999801e+00,2.107468700000000084e+00,1.699989900000000054e+00,6.803406600000000415e-01,-6.673680899999999694e-01,-4.975938699999999937e-01,-5.463244999999999907e-01,-6.266521900000000533e-01
3.439999999999999725e-01,2.938606399999999841e+00,2.254391399999999823e+00,1.830323099999999981e+00,7.638914100000000484e-01,-6.528740100000000046e-01,-4.669935499999999795e-01,-5.166217499999999907e-01,-5.983146000000000297e-01
3.479999999999999760e-01,3.095815099999999820e+00,2.392054400000000136e+00,1.950495700000000054e+00,8.359653999999999696e-01,-6.505315000000000403e-01,-4.436289199999999822e-01,-4.930998300000000167e-01,-5.745018200000000519e-01
3.519999999999999796e-01,3.293094500000000036e+00,2.563928499999999833e+00,2.099923899999999843e+00,9.254998500000000128e-01,-6.426048800000000449e-01,-4.146698500000000065e-01,-4.645585799999999987e-01,-5.465105900000000183e-01
3.559999999999999831e-01,3.475479899999999844e+00,2.718742499999999840e+00,2.231022100000000119e+00,9.953588199999999775e-01,-6.542519599999999658e-01,-3.989096400000000098e-01,-4.477762000000000131e-01,-5.279578299999999613e-01
3.599999999999999867e-01,3.713124699999999834e+00,2.920348199999999839e+00,2.402066700000000221e+00,1.089784499999999934e+00,-6.557811000000000057e-01,-3.730247400000000213e-01,-4.216586600000000185e-01,-5.013252099999999656e-01
3.639999999999999902e-01,3.947320200000000057e+00,3.113473100000000215e+00,2.561408899999999988e+00,1.168057700000000088e+00,-6.750589399999999962e-01,-3.578602200000000066e-01,-4.047232599999999736e-01,-4.815838000000000063e-01
3.679999999999999938e-01,4.244575600000000115e+00,3.357630900000000196e+00,2.762730400000000142e+00,1.269843199999999950e+00,-6.859611199999999798e-01,-3.327977599999999980e-01,-3.783098200000000189e-01,-4.528981799999999835e-01
3.719999999999999973e-01,4.551716800000000340e+00,3.601725599999999972e+00,2.957414500000000057e+00,1.356081300000000045e+00,-7.174777799999999539e-01,-3.208761299999999816e-01,-3.636707000000000134e-01,-4.341002199999999811e-01
3.760000000000000009e-01,4.925337899999999713e+00,3.893647699999999823e+00,3.187165999999999944e+00,1.456074199999999985e+00,-7.509070399999999701e-01,-3.066203599999999807e-01,-3.462945900000000132e-01,-4.118381700000000034e-01
3.800000000000000044e-01,5.339016499999999610e+00,4.204737200000000286e+00,3.423328199999999821e+00,1.545516899999999971e+00,-8.039964499999999736e-01,-3.038372799999999874e-01,-3.389495000000000147e-01,-3.975981000000000098e-01
3.840000000000000080e-01,5.842158600000000312e+00,4.574142900000000012e+00,3.698825699999999994e+00,1.647579899999999986e+00,-8.603272699999999773e-01,-2.977736599999999956e-01,-3.274729699999999744e-01,-3.781735900000000039e-01
3.880000000000000115e-01,6.441980000000000040e+00,4.997098000000000262e+00,4.003626500000000199e+00,1.749198599999999937e+00,-9.316617699999999447e-01,-2.981865799999999789e-01,-3.211386399999999752e-01,-3.621833300000000255e-01
3.920000000000000151e-01,7.164740799999999687e+00,5.483954699999999960e+00,4.341868100000000119e+00,1.849920800000000032e+00,-1.018383199999999933e+00,-3.034622599999999837e-01,-3.177750400000000086e-01,-3.467105600000000010e-01
3.960000000000000187e-01,8.079548900000000700e+00,6.070330000000000226e+00,4.733438699999999777e+00,1.954053800000000063e+00,-1.122825699999999927e+00,-3.168207900000000188e-01,-3.210592700000000077e-01,-3.361558700000000233e-01
4.000000000000000222e-01,9.192028499999999269e+00,6.739476500000000314e+00,5.157385399999999898e+00,2.048028599999999866e+00,-1.250446399999999958e+00,-3.387452100000000188e-01,-3.300373899999999860e-01,-3.275386200000000025e-01
4.040000000000000258e-01,1.071720999999999968e+01,7.600165900000000363e+00,5.679769199999999962e+00,2.156465999999999994e+00,-1.393780800000000042e+00,-3.659400400000000220e-01,-3.427930599999999828e-01,-3.212644199999999950e-01
4.079999999999999738e-01,1.264273400000000080e+01,8.604126600000000735e+00,6.246770699999999898e+00,2.248978500000000214e+00,-1.567749800000000082e+00,-4.054756600000000155e-01,-3.644417999999999824e-01,-3.192110799999999804e-01
4.119999999999999774e-01,1.546083900000000000e+01,9.950257499999999311e+00,6.967530100000000282e+00,2.370540800000000115e+00,-1.765637499999999971e+00,-4.540139000000000258e-01,-3.921315400000000007e-01,-3.212923100000000254e-01
4.159999999999999809e-01,1.940854200000000063e+01,1.161154200000000003e+01,7.778959600000000307e+00,2.483459900000000165e+00,-2.000636899999999940e+00,-5.164453799999999539e-01,-4.246385699999999930e-01,-3.288553499999999907e-01
4.199999999999999845e-01,2.579277000000000086e+01,1.395043100000000003e+01,8.846045999999999410e+00,2.663601100000000166e+00,-2.251391100000000201e+00,-5.694677700000000398e-01,-4.532925600000000110e-01,-3.374722700000000186e-01
4.239999999999999880e-01,3.622227399999999875e+01,1.693104299999999895e+01,1.003706700000000041e+01,2.876927699999999977e+00,-2.547942599999999835e+00,-6.347625599999999757e-01,-4.892543100000000256e-01,-3.499405099999999824e-01
4.279999999999999916e-01,5.601388099999999781e+01,2.139228599999999858e+01,1.152049700000000065e+01,3.033389000000000113e+00,-2.916108200000000039e+00,-7.132953100000000157e-01,-5.359680599999999684e-01,-3.693381000000000025e-01
4.319999999999999951e-01,9.109270899999999926e+01,2.819038799999999867e+01,1.293797099999999922e+01,3.138593499999999814e+00,-3.339222499999999982e+00,-8.072153199999999584e-01,-5.900911399999999585e-01,-3.949353299999999733e-01
4.359999999999999987e-01,1.536244800000000055e+02,4.010696200000000289e+01,1.492828100000000013e+01,2.985706799999999994e+00,-3.997084099999999918e+00,-9.940623299999999940e-01,-6.905767499999999615e-01,-4.378852799999999879e-01
4.400000000000000022e-01,2.547225699999999904e+02,6.003526000000000096e+01,1.795925899999999942e+01,2.466131799999999874e+00,-4.905884399999999701e+00,-1.294984300000000088e+00,-8.409858500000000348e-01,-5.022412899999999514e-01
4.422222199999999992e-01,2.870535100000000170e+02,7.109507100000000435e+01,1.975533000000000072e+01,1.583127200000000068e+00,-7.273578200000000216e+00,-1.798823300000000014e+00,-1.070325100000000029e+00,-6.551284699999999628e-01
4.444444399999999962e-01,4.072617999999999938e+02,9.270208300000000179e+01,2.438532299999999964e+01,1.321237699999999959e+00,-7.647517999999999816e+00,-2.127301999999999804e+00,-1.115968300000000024e+00,-6.848691300000000481e-01
4.466666699999999879e-01,5.076656500000000278e+02,1.145124600000000044e+02,2.942993799999999993e+01,5.368410900000000208e-01,-8.289819599999999511e+00,-2.215857399999999977e+00,-1.011324600000000018e+00,-6.888713899999999724e-01
4.488888899999999849e-01,6.808568000000000211e+02,1.444913099999999986e+02,3.692953800000000086e+01,-3.299687199999999654e-02,-8.975483799999999235e+00,-2.518527300000000135e+00,-1.211509699999999912e+00,-7.806841900000000001e-01
4.507407399999999731e-01,8.340048900000000458e+02,1.716438100000000020e+02,4.413938999999999879e+01,-6.538958499999999452e-01,-1.040096199999999982e+01,-2.903616400000000208e+00,-1.297104199999999929e+00,-8.787810600000000028e-01
4.525925900000000168e-01,1.058405899999999974e+03,2.057105200000000025e+02,5.361373300000000341e+01,-1.124347599999999892e+00,-1.083699499999999993e+01,-3.416294999999999860e+00,-1.605882400000000043e+00,-1.045219799999999921e+00
4.544444400000000051e-01,1.306448699999999917e+03,2.444330600000000118e+02,6.547152599999999723e+01,-1.698425199999999968e+00,-1.152827199999999941e+01,-3.516103300000000154e+00,-1.745336699999999963e+00,-1.137274499999999966e+00
4.562962999999999880e-01,1.650373800000000074e+03,2.884736100000000079e+02,8.021519399999999678e+01,-1.363515800000000056e+00,-1.250308199999999914e+01,-3.692107700000000214e+00,-1.903594599999999915e+00,-1.232482400000000089e+00
4.581481499999999762e-01,2.019412499999999909e+03,3.354081100000000220e+02,9.718124000000000251e+01,-5.107504200000000383e-01,-1.375688199999999917e+01,-3.976946400000000104e+00,-2.067991300000000088e+00,-1.364052400000000054e+00
4.600000000000000200e-01,2.435110599999999977e+03,3.876702099999999973e+02,1.166910000000000025e+02,6.775605700000000287e-01,-1.539796600000000026e+01,-4.430722300000000224e+00,-2.406163900000000133e+00,-1.454070799999999997e+00
4.618181800000000226e-01,2.920042800000000170e+03,4.478846300000000156e+02,1.387538999999999874e+02,1.528860499999999956e+00,-1.740387899999999988e+01,-4.972361799999999832e+00,-2.815441100000000141e+00,-1.568339900000000009e+00
4.634710699999999850e-01,3.671849999999999909e+03,5.116510400000000232e+02,1.613000600000000020e+02,3.563132400000000199e+00,-1.931541400000000053e+01,-5.406380099999999800e+00,-3.080671000000000159e+00,-1.705325200000000097e+00
4.651239699999999977e-01,4.456461699999999837e+03,5.856873500000000377e+02,1.869666799999999967e+02,6.107981900000000408e+00,-2.089016700000000171e+01,-5.767786199999999752e+00,-3.314451699999999779e+00,-1.830397300000000005e+00
4.667768600000000156e-01,5.112069900000000416e+03,6.603139300000000276e+02,2.128021999999999991e+02,9.008140300000000877e+00,-2.249331199999999953e+01,-6.138307700000000366e+00,-3.569512200000000135e+00,-1.964857800000000099e+00
4.684297499999999781e-01,5.600579600000000028e+03,7.417072899999999436e+02,2.411021100000000104e+02,1.230876499999999929e+01,-2.424097799999999836e+01,-6.496657500000000418e+00,-3.805856700000000092e+00,-2.095680900000000069e+00
4.700826399999999960e-01,6.132573099999999613e+03,8.322951100000000224e+02,2.712561600000000226e+02,1.598266300000000051e+01,-2.598394800000000160e+01,-6.791894899999999957e+00,-4.008186700000000435e+00,-2.240479000000000109e+00
4.717355400000000087e-01,6.648093499999999949e+03,9.336500399999999900e+02,3.036176899999999819e+02,2.003433400000000120e+01,-2.770249199999999945e+01,-7.121616200000000063e+00,-4.223229599999999806e+00,-2.411129199999999972e+00
4.733884300000000267e-01,7.193445399999999609e+03,1.049255900000000111e+03,3.380507700000000000e+02,2.435056499999999957e+01,-2.949241400000000013e+01,-7.491006800000000077e+00,-4.490392100000000219e+00,-2.489071399999999823e+00
4.747107400000000199e-01,7.885181999999999789e+03,1.140090300000000070e+03,3.620705899999999815e+02,2.942167600000000149e+01,-3.133927200000000113e+01,-7.608395100000000078e+00,-4.525718099999999744e+00,-2.529124700000000114e+00
4.760330600000000079e-01,8.285123199999999997e+03,1.263388300000000072e+03,3.963389199999999732e+02,3.266996699999999976e+01,-3.263849499999999892e+01,-8.004917000000000726e+00,-4.765598100000000059e+00,-2.668066200000000165e+00
4.773553700000000011e-01,8.598267400000000634e+03,1.387461199999999963e+03,4.245120400000000132e+02,3.560108999999999924e+01,-3.319083799999999940e+01,-8.159442999999999557e+00,-4.856177399999999977e+00,-2.738058000000000103e+00
4.786776899999999890e-01,8.908475899999999456e+03,1.540722400000000107e+03,4.614705099999999902e+02,3.880035000000000167e+01,-3.449565299999999723e+01,-8.374060200000000620e+00,-4.981073699999999604e+00,-2.814986600000000116e+00
4.799999999999999822e-01,9.163985199999999168e+03,1.708502400000000080e+03,5.031736500000000092e+02,4.201071000000000311e+01,-3.586654899999999913e+01,-8.520407399999999853e+00,-5.067814399999999608e+00,-2.899528500000000175e+00
4.813333300000000037e-01,9.335154800000000250e+03,1.894853800000000092e+03,5.535502300000000560e+02,4.524237899999999968e+01,-3.763840799999999831e+01,-8.710919300000000476e+00,-5.186786500000000188e+00,-2.994640400000000202e+00
4.826666700000000199e-01,9.450324800000000323e+03,2.092040100000000166e+03,6.089010100000000421e+02,4.844411099999999948e+01,-3.968827199999999777e+01,-8.871572600000000364e+00,-5.279892199999999924e+00,-3.077461899999999861e+00
4.839999999999999858e-01,9.538248600000000806e+03,2.316746000000000095e+03,6.693678499999999758e+02,5.130056199999999933e+01,-4.228296199999999772e+01,-9.107633999999999119e+00,-5.403193500000000427e+00,-3.134752699999999948e+00
4.853333300000000072e-01,9.606337700000000041e+03,2.554613499999999931e+03,7.326398199999999861e+02,5.383417000000000030e+01,-4.547161200000000036e+01,-9.361842100000000499e+00,-5.518250899999999959e+00,-3.211047600000000113e+00
4.866666700000000234e-01,9.638511599999999817e+03,2.787071699999999964e+03,7.959103099999999813e+02,5.674782100000000185e+01,-4.911786200000000235e+01,-9.686726099999999562e+00,-5.688552500000000123e+00,-3.317146600000000056e+00
4.879999999999999893e-01,9.592545000000000073e+03,2.978478700000000117e+03,8.592522999999999911e+02,6.046137699999999882e+01,-5.297969299999999748e+01,-1.004226700000000072e+01,-5.849839499999999859e+00,-3.414168300000000045e+00
4.893333300000000108e-01,9.556641299999999319e+03,3.190174500000000080e+03,9.263589299999999866e+02,6.481884200000000362e+01,-5.715267000000000053e+01,-1.040484599999999915e+01,-6.019849800000000251e+00,-3.525081899999999990e+00
4.906666700000000270e-01,9.622834899999999834e+03,3.482977400000000216e+03,1.012660799999999995e+03,6.791775499999999965e+01,-6.147798099999999977e+01,-1.073612600000000050e+01,-6.133391800000000060e+00,-3.608443400000000079e+00
4.919999999999999929e-01,9.708992200000000594e+03,3.807148599999999988e+03,1.122061300000000074e+03,7.436390500000000259e+01,-6.594845399999999813e+01,-1.099438800000000072e+01,-6.179861400000000060e+00,-3.655250399999999900e+00
4.933333300000000143e-01,9.723384400000000824e+03,4.070456400000000031e+03,1.223835299999999961e+03,7.886310299999999529e+01,-7.054623300000000086e+01,-1.110182099999999927e+01,-6.127906199999999970e+00,-3.659817400000000109e+00
4.946666699999999750e-01,9.844941300000000410e+03,4.458380400000000009e+03,1.387510700000000043e+03,8.809603300000000559e+01,-7.478682999999999481e+01,-1.101179600000000036e+01,-5.937299300000000279e+00,-3.591066399999999881e+00
4.959999999999999964e-01,9.819123199999999997e+03,4.718141599999999926e+03,1.562388200000000097e+03,9.895426199999999994e+01,-7.943370500000000334e+01,-1.099782399999999960e+01,-5.769811699999999988e+00,-3.513326800000000194e+00
4.973333300000000179e-01,9.745779000000000451e+03,4.954605199999999968e+03,1.735800899999999956e+03,1.103355999999999995e+02,-8.347092999999999563e+01,-1.088942100000000046e+01,-5.534650300000000023e+00,-3.404541000000000039e+00
4.986666699999999786e-01,9.616150999999999840e+03,5.086589600000000246e+03,1.853042799999999943e+03,1.252430300000000045e+02,-8.740191699999999742e+01,-1.066804999999999914e+01,-5.223684300000000391e+00,-3.258359899999999865e+00
5.000000000000000000e-01,9.535394800000000032e+03,5.284705100000000130e+03,2.046328099999999949e+03,1.472305700000000002e+02,-9.229097699999999804e+01,-1.086851200000000084e+01,-5.212349800000000144e+00,-3.234567499999999818e+00
5.014285699999999624e-01,9.447489999999999782e+03,5.462236600000000180e+03,2.228403999999999996e+03,2.078032200000000103e+02,-1.004428800000000024e+02,-1.196328699999999934e+01,-5.755186600000000041e+00,-3.400843800000000083e+00
5.028571400000000358e-01,9.378365999999999985e+03,5.633040699999999561e+03,2.380360599999999977e+03,2.317085299999999961e+02,-1.112296500000000066e+02,-1.352847799999999978e+01,-6.452274499999999691e+00,-3.612777400000000139e+00
5.042857099999999981e-01,9.362022199999999430e+03,5.844824999999999818e+03,2.570840200000000095e+03,2.663312000000000239e+02,-1.241909100000000024e+02,-1.625436399999999892e+01,-7.836215199999999825e+00,-4.098939500000000180e+00
5.057142900000000107e-01,9.405793799999999464e+03,6.113481300000000374e+03,2.804293299999999817e+03,2.811113100000000031e+02,-1.320569199999999910e+02,-1.847822800000000143e+01,-9.001759200000000405e+00,-4.519868999999999915e+00
5.073015899999999689e-01,9.534855700000000070e+03,6.501370200000000295e+03,3.171407900000000154e+03,3.101991800000000126e+02,-1.278562500000000028e+02,-2.102701899999999924e+01,-1.042604500000000023e+01,-5.056532400000000038e+00
5.088888900000000381e-01,9.616454200000000128e+03,6.852212000000000444e+03,3.513853700000000117e+03,3.504927900000000136e+02,-1.286581899999999905e+02,-2.231949499999999986e+01,-1.136864300000000050e+01,-5.537445299999999904e+00
5.104761899999999963e-01,9.728402700000000550e+03,7.215659800000000359e+03,3.883560800000000199e+03,3.849768799999999942e+02,-1.301990800000000092e+02,-2.408606299999999933e+01,-1.246124599999999916e+01,-5.988611500000000198e+00
5.120634899999999545e-01,9.695074500000000626e+03,7.366747199999999793e+03,4.087183500000000095e+03,4.308113200000000234e+02,-1.301325799999999902e+02,-2.608881900000000087e+01,-1.375967799999999919e+01,-6.534787699999999866e+00
5.136507900000000237e-01,9.572512099999999919e+03,7.439876800000000003e+03,4.259633600000000115e+03,4.701016599999999812e+02,-1.285382099999999923e+02,-2.805610199999999921e+01,-1.510997899999999916e+01,-7.193687599999999627e+00
5.152381000000000322e-01,9.458440099999999802e+03,7.494359599999999773e+03,4.395436700000000201e+03,5.105223799999999983e+02,-1.248859800000000035e+02,-2.934189800000000048e+01,-1.611028999999999911e+01,-7.783987200000000328e+00
5.168253999999999904e-01,9.315325699999999415e+03,7.508179199999999582e+03,4.540477700000000368e+03,5.501076699999999846e+02,-1.198320999999999970e+02,-3.005144400000000005e+01,-1.684735200000000077e+01,-8.322135100000000563e+00
5.184126999999999486e-01,9.221453499999999622e+03,7.585061499999999796e+03,4.776004600000000210e+03,6.134361999999999853e+02,-1.133113599999999934e+02,-2.950109399999999837e+01,-1.691717999999999833e+01,-8.678997700000000037e+00
5.200000000000000178e-01,9.105863100000000486e+03,7.597087000000000444e+03,4.928896399999999630e+03,6.862383800000000065e+02,-1.067249000000000052e+02,-2.834335099999999841e+01,-1.669310400000000172e+01,-8.979117300000000412e+00
5.216666699999999990e-01,8.974048099999999977e+03,7.563172400000000380e+03,5.038927200000000084e+03,7.612867199999999457e+02,-1.003834099999999978e+02,-2.670392700000000019e+01,-1.628504799999999975e+01,-9.233902900000000358e+00
5.233333300000000410e-01,8.830314200000000710e+03,7.504500799999999799e+03,5.102919700000000375e+03,8.173979699999999866e+02,-9.473712100000000191e+01,-2.456880999999999915e+01,-1.554700599999999966e+01,-9.369972399999999979e+00
5.250000000000000222e-01,8.692038500000000568e+03,7.435872000000000298e+03,5.146360200000000077e+03,8.626057399999999689e+02,-9.118367800000000045e+01,-2.299369099999999833e+01,-1.507864600000000088e+01,-9.608271399999999574e+00
5.266666700000000034e-01,8.547654699999999139e+03,7.350975599999999758e+03,5.165543700000000172e+03,8.999624199999999519e+02,-8.901991800000000410e+01,-2.176508199999999960e+01,-1.472837999999999958e+01,-9.854277200000000292e+00
5.283333300000000454e-01,8.421001299999999901e+03,7.274950700000000325e+03,5.187624899999999798e+03,9.412676400000000285e+02,-8.830696899999999516e+01,-2.109086399999999983e+01,-1.453861700000000035e+01,-1.010233799999999960e+01
5.300000000000000266e-01,8.311587499999999636e+03,7.215121299999999792e+03,5.228603699999999662e+03,1.019086300000000051e+03,-8.852986900000000503e+01,-2.110346600000000095e+01,-1.459885500000000036e+01,-1.034850600000000043e+01
5.316666700000000079e-01,8.210896500000000742e+03,7.155280499999999847e+03,5.261400599999999940e+03,1.111705999999999904e+03,-8.759571499999999844e+01,-2.046635300000000157e+01,-1.432797099999999979e+01,-1.053989400000000032e+01
5.333333300000000499e-01,8.116199300000000221e+03,7.092941399999999703e+03,5.281430699999999888e+03,1.185192199999999957e+03,-8.682524999999999693e+01,-2.018281999999999954e+01,-1.421171599999999913e+01,-1.077168700000000001e+01
5.350000000000000311e-01,8.031320499999999811e+03,7.034516899999999623e+03,5.296377099999999700e+03,1.256251500000000078e+03,-8.513598000000000354e+01,-1.963493000000000066e+01,-1.394478400000000029e+01,-1.094561000000000028e+01
5.366666700000000123e-01,7.954503600000000006e+03,6.980439000000000306e+03,5.308756800000000112e+03,1.318602799999999888e+03,-8.260648399999999469e+01,-1.890754099999999838e+01,-1.354659299999999966e+01,-1.105157099999999915e+01
5.383333300000000543e-01,7.886850099999999657e+03,6.932710900000000038e+03,5.321419899999999870e+03,1.376067199999999957e+03,-7.979859600000000341e+01,-1.808639799999999909e+01,-1.309366900000000022e+01,-1.111665299999999945e+01
5.400000000000000355e-01,7.826342400000000453e+03,6.890259000000000015e+03,5.334998800000000301e+03,1.434033200000000079e+03,-7.661828699999999515e+01,-1.727666699999999977e+01,-1.266312199999999955e+01,-1.117077100000000023e+01
5.418181800000000381e-01,7.762847899999999754e+03,6.833881099999999606e+03,5.336872699999999895e+03,1.482061899999999923e+03,-7.301787199999999700e+01,-1.656938500000000047e+01,-1.237029300000000021e+01,-1.122589299999999923e+01
5.436363600000000407e-01,7.712231799999999566e+03,6.803635599999999613e+03,5.360787400000000162e+03,1.550044900000000098e+03,-7.078056899999999985e+01,-1.595512300000000039e+01,-1.209994200000000042e+01,-1.133953999999999951e+01
5.454545499999999825e-01,7.674895900000000438e+03,6.788233100000000377e+03,5.395644800000000032e+03,1.621203500000000076e+03,-6.877800200000000075e+01,-1.518347299999999933e+01,-1.169866900000000065e+01,-1.140963999999999956e+01
5.472727299999999850e-01,7.640138799999999719e+03,6.775681599999999889e+03,5.431188699999999699e+03,1.688800899999999956e+03,-6.720864199999999755e+01,-1.450262799999999963e+01,-1.129872199999999971e+01,-1.135124199999999917e+01
5.490909099999999876e-01,7.615771399999999630e+03,6.773180199999999786e+03,5.472915899999999965e+03,1.750187500000000000e+03,-6.610110600000000147e+01,-1.394136400000000009e+01,-1.098468300000000042e+01,-1.136931300000000000e+01
5.509090899999999902e-01,7.584418700000000172e+03,6.762257499999999709e+03,5.504527500000000146e+03,1.807318299999999908e+03,-6.553646899999999675e+01,-1.350274500000000089e+01,-1.070725999999999978e+01,-1.136748700000000056e+01
5.527272699999999928e-01,7.555507300000000214e+03,6.754650800000000345e+03,5.538941399999999703e+03,1.863613499999999931e+03,-6.575736399999999549e+01,-1.321968599999999938e+01,-1.052398900000000026e+01,-1.140678800000000059e+01
5.545454499999999953e-01,7.510150999999999840e+03,6.728076299999999719e+03,5.553142600000000130e+03,1.912241899999999987e+03,-6.659299300000000699e+01,-1.299138400000000004e+01,-1.035781500000000044e+01,-1.145439900000000044e+01
5.563636400000000481e-01,7.446051199999999881e+03,6.682036500000000160e+03,5.547266400000000431e+03,1.946905700000000024e+03,-6.918446099999999888e+01,-1.287960900000000031e+01,-1.018768299999999982e+01,-1.143463999999999992e+01
5.581818200000000507e-01,7.375805000000000291e+03,6.629005199999999604e+03,5.533101700000000164e+03,1.979903099999999995e+03,-7.177155799999999886e+01,-1.284372899999999973e+01,-1.001668199999999942e+01,-1.139460399999999929e+01
5.600000000000000533e-01,7.306220099999999547e+03,6.577331600000000435e+03,5.520519400000000132e+03,2.015997800000000097e+03,-7.431507499999999311e+01,-1.288252600000000037e+01,-9.899506000000000583e+00,-1.131542400000000015e+01
5.618181799999999448e-01,7.232543200000000070e+03,6.519249300000000403e+03,5.497725199999999859e+03,2.041744799999999941e+03,-7.655013099999999326e+01,-1.295981399999999972e+01,-9.835361400000000032e+00,-1.129916799999999988e+01
5.636363599999999474e-01,7.157640300000000025e+03,6.458434199999999691e+03,5.469700200000000223e+03,2.062254300000000057e+03,-7.836594900000000052e+01,-1.306308899999999973e+01,-9.822979399999999472e+00,-1.129557900000000004e+01
5.654545500000000002e-01,7.079470000000000255e+03,6.392560499999999593e+03,5.434018100000000231e+03,2.075976999999999862e+03,-7.964534100000000194e+01,-1.307647799999999982e+01,-9.758747299999999569e+00,-1.123557500000000076e+01
5.672727300000000028e-01,7.001649199999999837e+03,6.325460000000000036e+03,5.394837499999999636e+03,2.085013100000000122e+03,-8.059859699999999805e+01,-1.317212899999999998e+01,-9.783297599999999150e+00,-1.123135699999999915e+01
5.690909100000000054e-01,6.922654700000000048e+03,6.255735099999999875e+03,5.350957599999999729e+03,2.089888800000000174e+03,-8.097583099999999945e+01,-1.322969600000000057e+01,-9.759326299999999677e+00,-1.117439700000000080e+01
5.709090900000000079e-01,6.844718200000000252e+03,6.185766400000000431e+03,5.305081500000000233e+03,2.092038199999999961e+03,-8.091063800000000583e+01,-1.335669399999999918e+01,-9.776207599999999331e+00,-1.113910500000000070e+01
5.727272700000000105e-01,6.768580299999999625e+03,6.116392499999999927e+03,5.258030899999999747e+03,2.093169300000000021e+03,-8.054408599999999296e+01,-1.358163200000000082e+01,-9.854641000000000872e+00,-1.113006299999999982e+01
5.745454500000000131e-01,6.693644599999999627e+03,6.046763899999999921e+03,5.208679399999999987e+03,2.092890300000000025e+03,-7.977861300000000710e+01,-1.367756200000000000e+01,-9.820926299999999998e+00,-1.107468000000000075e+01
5.763636399999999549e-01,6.620714799999999741e+03,5.978550900000000183e+03,5.159826200000000426e+03,2.091520899999999983e+03,-7.900795499999999549e+01,-1.382173099999999977e+01,-9.822203500000000531e+00,-1.102518300000000018e+01
5.781818199999999575e-01,6.550349900000000162e+03,5.911898100000000341e+03,5.110988099999999577e+03,2.089101999999999862e+03,-7.836823499999999854e+01,-1.407466499999999954e+01,-9.932336299999999341e+00,-1.105792600000000014e+01
5.799999999999999600e-01,6.482849699999999757e+03,5.847371299999999792e+03,5.063086299999999937e+03,2.085913000000000011e+03,-7.756866899999999987e+01,-1.416997899999999966e+01,-9.920198499999999697e+00,-1.103439999999999976e+01
5.819999999999999618e-01,6.410359800000000178e+03,5.770613299999999981e+03,5.000429500000000189e+03,2.070665300000000116e+03,-7.615429399999999305e+01,-1.432570600000000027e+01,-9.979857900000000726e+00,-1.096254300000000015e+01
5.839999999999999636e-01,6.342005799999999908e+03,5.704879799999999705e+03,4.950194000000000415e+03,2.066273299999999836e+03,-7.550562800000000152e+01,-1.445542200000000044e+01,-1.004258300000000048e+01,-1.098889299999999913e+01
5.859999999999999654e-01,6.281030200000000150e+03,5.646521099999999933e+03,4.905709899999999834e+03,2.065042500000000018e+03,-7.513039899999999705e+01,-1.453937999999999953e+01,-1.011075600000000030e+01,-1.101426299999999969e+01
5.879999999999999671e-01,6.221062100000000100e+03,5.588382200000000012e+03,4.860409800000000359e+03,2.062677499999999782e+03,-7.491684700000000419e+01,-1.448796399999999984e+01,-1.011502499999999927e+01,-1.102764099999999914e+01
5.899999999999999689e-01,6.165167900000000373e+03,5.533575100000000020e+03,4.817276499999999942e+03,2.060903400000000147e+03,-7.497201599999999644e+01,-1.433816299999999977e+01,-1.007321100000000058e+01,-1.103108100000000036e+01
5.919999999999999707e-01,6.112782900000000154e+03,5.481961199999999735e+03,4.776583200000000033e+03,2.060757399999999961e+03,-7.536312700000000575e+01,-1.412345000000000006e+01,-9.986088699999999818e+00,-1.100608899999999934e+01
5.939999999999999725e-01,6.063614999999999782e+03,5.433166000000000167e+03,4.737700300000000425e+03,2.060653999999999996e+03,-7.621388000000000318e+01,-1.394988700000000037e+01,-9.940436699999999348e+00,-1.103042100000000048e+01
5.959999999999999742e-01,6.016742699999999786e+03,5.386131099999999606e+03,4.699462000000000444e+03,2.058592200000000048e+03,-7.720983900000000233e+01,-1.358599899999999927e+01,-9.718975000000000364e+00,-1.091745500000000035e+01
5.979999999999999760e-01,5.973728500000000167e+03,5.342925900000000183e+03,4.664151799999999639e+03,2.056386899999999969e+03,-7.856094899999999370e+01,-1.333701300000000067e+01,-9.609645399999999782e+00,-1.087907099999999971e+01
5.999999999999999778e-01,5.932660499999999956e+03,5.301284599999999955e+03,4.629382800000000316e+03,2.052375799999999799e+03,-8.027585600000000454e+01,-1.331337199999999932e+01,-9.649461099999999902e+00,-1.092161600000000021e+01
6.019999999999999796e-01,5.894418599999999969e+03,5.262524800000000141e+03,4.596865700000000288e+03,2.048030400000000100e+03,-8.174322600000000705e+01,-1.313119799999999948e+01,-9.493795300000000381e+00,-1.082335899999999995e+01
6.039999999999999813e-01,5.858292099999999664e+03,5.225949400000000423e+03,4.565906500000000051e+03,2.043135700000000043e+03,-8.309087399999999946e+01,-1.306872399999999956e+01,-9.423949500000000867e+00,-1.074292100000000083e+01
6.059999999999999831e-01,5.823240899999999783e+03,5.190548399999999674e+03,4.535699700000000121e+03,2.037465699999999970e+03,-8.417391100000000392e+01,-1.310555199999999942e+01,-9.447084200000000820e+00,-1.070841099999999990e+01
6.079999999999999849e-01,5.789334700000000339e+03,5.156494999999999891e+03,4.506478900000000067e+03,2.031511600000000044e+03,-8.460907799999999668e+01,-1.301465800000000073e+01,-9.340974100000000391e+00,-1.058564499999999953e+01
6.099999999999999867e-01,5.756501800000000003e+03,5.123688199999999597e+03,4.478178100000000086e+03,2.025137400000000071e+03,-8.464020100000000468e+01,-1.309419100000000036e+01,-9.377819600000000477e+00,-1.055974699999999977e+01
6.119999999999999885e-01,5.724750500000000102e+03,5.092219699999999648e+03,4.450993499999999585e+03,2.018671499999999924e+03,-8.411907700000000432e+01,-1.319332999999999956e+01,-9.413336100000000428e+00,-1.052871000000000024e+01
6.139999999999999902e-01,5.693277299999999741e+03,5.061257499999999709e+03,4.424155800000000454e+03,2.011655999999999949e+03,-8.308423299999999756e+01,-1.332670300000000019e+01,-9.406893900000000031e+00,-1.043059099999999972e+01
6.159999999999999920e-01,5.661993400000000292e+03,5.030689000000000306e+03,4.397569800000000214e+03,2.004083000000000084e+03,-8.182330699999999979e+01,-1.369796400000000069e+01,-9.571891400000000161e+00,-1.045589499999999994e+01
6.179999999999999938e-01,5.631083200000000033e+03,5.000646899999999732e+03,4.371340400000000045e+03,1.995911499999999933e+03,-8.021685200000000293e+01,-1.403427300000000066e+01,-9.671252700000000146e+00,-1.039300199999999919e+01
6.199999999999999956e-01,5.599981799999999566e+03,4.970608000000000175e+03,4.345054799999999886e+03,1.987292799999999943e+03,-7.846687300000000675e+01,-1.436697200000000052e+01,-9.798561400000000532e+00,-1.040981000000000023e+01
6.222222200000000480e-01,5.563387800000000425e+03,4.930283999999999651e+03,4.306275200000000041e+03,1.965804799999999886e+03,-7.560108599999999512e+01,-1.464774199999999915e+01,-9.907990299999999806e+00,-1.030895399999999995e+01
6.244444399999999895e-01,5.529827400000000125e+03,4.899073300000000017e+03,4.279214700000000448e+03,1.958193199999999933e+03,-7.383093300000000170e+01,-1.487743299999999991e+01,-1.005914499999999911e+01,-1.036386300000000027e+01
6.266666699999999812e-01,5.497905300000000352e+03,4.870296900000000278e+03,4.254777600000000348e+03,1.953012500000000045e+03,-7.209203800000000228e+01,-1.477968599999999988e+01,-1.002778499999999973e+01,-1.033772300000000044e+01
6.288888900000000337e-01,5.464836599999999635e+03,4.840332199999999830e+03,4.229233000000000175e+03,1.947450199999999995e+03,-7.057266400000000317e+01,-1.462461599999999962e+01,-9.985942500000000166e+00,-1.032275199999999948e+01
6.311111099999999752e-01,5.431828900000000431e+03,4.810259100000000217e+03,4.203549399999999878e+03,1.941670000000000073e+03,-6.952374299999999607e+01,-1.458071400000000040e+01,-1.002271700000000010e+01,-1.032500300000000060e+01
6.333333300000000277e-01,5.398452900000000227e+03,4.779655899999999747e+03,4.177310699999999997e+03,1.935390000000000100e+03,-6.878544399999999825e+01,-1.441018700000000052e+01,-9.975524599999999964e+00,-1.027251900000000084e+01
6.355555600000000194e-01,5.365234400000000278e+03,4.749057600000000093e+03,4.151025700000000143e+03,1.928592300000000023e+03,-6.858641599999999983e+01,-1.426189399999999985e+01,-9.994243799999999567e+00,-1.026993700000000054e+01
6.377777799999999608e-01,5.332119200000000092e+03,4.718409399999999550e+03,4.124609999999999673e+03,1.921282799999999952e+03,-6.884851799999999855e+01,-1.401454700000000031e+01,-9.967009700000000194e+00,-1.024641800000000025e+01
6.400000000000000133e-01,5.299337300000000141e+03,4.687932300000000396e+03,4.098240600000000086e+03,1.913508599999999888e+03,-6.957096799999999348e+01,-1.372223299999999924e+01,-9.927198399999999978e+00,-1.021608200000000011e+01
6.422222199999999548e-01,5.266829700000000230e+03,4.657577800000000025e+03,4.071889700000000175e+03,1.905288800000000037e+03,-7.048078499999999735e+01,-1.345396599999999943e+01,-9.913093699999999231e+00,-1.020181000000000004e+01
6.444444400000000073e-01,5.234828700000000026e+03,4.627524900000000343e+03,4.045617600000000039e+03,1.896100500000000011e+03,-7.150466900000000692e+01,-1.318856199999999923e+01,-9.896777399999999503e+00,-1.018898899999999941e+01
6.466666699999999990e-01,5.203345000000000255e+03,4.597819199999999910e+03,4.019489999999999782e+03,1.886064000000000078e+03,-7.275088399999999922e+01,-1.292010900000000007e+01,-9.862902800000000525e+00,-1.017416200000000082e+01
6.488888900000000515e-01,5.172545000000000073e+03,4.568616600000000290e+03,3.993628799999999956e+03,1.875373900000000049e+03,-7.443618800000000135e+01,-1.281591799999999992e+01,-9.952150700000000683e+00,-1.023872000000000071e+01
6.511111099999999929e-01,5.142574099999999817e+03,4.540100199999999859e+03,3.968283600000000206e+03,1.864585600000000113e+03,-7.622748199999999485e+01,-1.255204400000000042e+01,-9.866070999999999813e+00,-1.018215200000000031e+01
6.533333300000000454e-01,5.113389299999999821e+03,4.512268799999999828e+03,3.943460999999999785e+03,1.853794100000000071e+03,-7.810849100000000078e+01,-1.237177699999999980e+01,-9.852470999999999535e+00,-1.020085899999999945e+01
6.555555600000000371e-01,5.085078700000000026e+03,4.485219000000000051e+03,3.919280099999999948e+03,1.843222500000000082e+03,-7.965591999999999473e+01,-1.214154500000000070e+01,-9.787681199999999748e+00,-1.015812599999999932e+01
6.577777799999999786e-01,5.057761400000000322e+03,4.459082800000000134e+03,3.895866300000000138e+03,1.832903299999999945e+03,-8.120131899999999803e+01,-1.202605499999999950e+01,-9.784039599999999837e+00,-1.015960300000000061e+01
6.600000000000000311e-01,5.031532799999999952e+03,4.433987699999999677e+03,3.873385099999999966e+03,1.823163600000000088e+03,-8.241319400000000428e+01,-1.181380399999999931e+01,-9.676897800000000771e+00,-1.009613300000000002e+01
6.624999999999999778e-01,5.001786900000000060e+03,4.400394599999999627e+03,3.840103700000000117e+03,1.800958200000000033e+03,-8.248196400000000494e+01,-1.162999100000000041e+01,-9.574391500000000832e+00,-9.975267999999999802e+00
6.650000000000000355e-01,4.975281399999999849e+03,4.375712599999999838e+03,3.818027399999999943e+03,1.791954999999999927e+03,-8.302189900000000478e+01,-1.151959800000000023e+01,-9.521177899999999639e+00,-9.992988900000000285e+00
6.674999999999999822e-01,4.951592400000000453e+03,4.354323000000000320e+03,3.799175999999999931e+03,1.785174299999999903e+03,-8.316075600000000634e+01,-1.144506600000000063e+01,-9.465869599999999551e+00,-9.997198199999999702e+00
6.700000000000000400e-01,4.928123099999999795e+03,4.332871799999999894e+03,3.780092999999999847e+03,1.777704199999999901e+03,-8.275624500000000694e+01,-1.148037899999999922e+01,-9.470948200000000483e+00,-1.004028800000000032e+01
6.724999999999999867e-01,4.905785799999999654e+03,4.312273100000000341e+03,3.761699900000000071e+03,1.770106899999999996e+03,-8.168722099999999386e+01,-1.147986399999999918e+01,-9.388234399999999980e+00,-9.981352599999999242e+00
6.750000000000000444e-01,4.884378700000000208e+03,4.292326000000000022e+03,3.743791000000000167e+03,1.762241999999999962e+03,-8.007608199999999954e+01,-1.155603600000000064e+01,-9.340971800000000158e+00,-9.944800400000000096e+00
6.774999999999999911e-01,4.863991699999999582e+03,4.273262899999999718e+03,3.726684200000000146e+03,1.754447300000000041e+03,-7.799153599999999642e+01,-1.165555799999999920e+01,-9.276132099999999880e+00,-9.870293500000000719e+00
6.800000000000000488e-01,4.844652900000000045e+03,4.255129500000000007e+03,3.710410300000000007e+03,1.746801200000000108e+03,-7.567882299999999418e+01,-1.182548500000000047e+01,-9.264563400000000115e+00,-9.826523399999999242e+00
6.820000000000000506e-01,4.834018200000000434e+03,4.256071200000000317e+03,3.717496900000000096e+03,1.765086299999999937e+03,-7.648100399999999865e+01,-1.198452799999999918e+01,-9.323890399999999801e+00,-1.001693799999999968e+01
6.837999999999999634e-01,4.823959300000000439e+03,4.251399800000000141e+03,3.716718400000000202e+03,1.772227599999999939e+03,-7.596537299999999959e+01,-1.211611000000000082e+01,-9.322214100000000059e+00,-1.003965700000000005e+01
6.855999999999999872e-01,4.808568100000000413e+03,4.233812700000000405e+03,3.700317000000000007e+03,1.761524400000000014e+03,-7.409826099999999371e+01,-1.225209899999999941e+01,-9.299660899999999231e+00,-9.939266299999999887e+00
6.874000000000000110e-01,4.794068400000000111e+03,4.216835100000000239e+03,3.684450299999999970e+03,1.750863599999999906e+03,-7.246817199999999559e+01,-1.233560699999999954e+01,-9.240471799999999902e+00,-9.812812299999999155e+00
6.892000000000000348e-01,4.780742400000000089e+03,4.201808399999999892e+03,3.670740699999999833e+03,1.742221900000000005e+03,-7.119241700000000606e+01,-1.247574700000000014e+01,-9.259559599999999335e+00,-9.775217599999999507e+00
6.909999999999999476e-01,4.768500299999999697e+03,4.188553200000000288e+03,3.658968400000000202e+03,1.735512400000000071e+03,-6.996557500000000118e+01,-1.249216299999999968e+01,-9.182108599999999399e+00,-9.667103100000000282e+00
6.927999999999999714e-01,4.756911100000000260e+03,4.176483299999999872e+03,3.648493199999999888e+03,1.730145199999999932e+03,-6.900723800000000097e+01,-1.264625000000000021e+01,-9.246218499999999452e+00,-9.673875400000000013e+00
6.945999999999999952e-01,4.745877300000000105e+03,4.165378399999999601e+03,3.639083099999999831e+03,1.726003799999999956e+03,-6.798623200000000111e+01,-1.263683299999999932e+01,-9.177462999999999482e+00,-9.586239799999999533e+00
6.964000000000000190e-01,4.735175900000000183e+03,4.154890900000000329e+03,3.630342900000000100e+03,1.722665799999999990e+03,-6.710140699999999470e+01,-1.267436599999999913e+01,-9.163897699999999702e+00,-9.527778400000000758e+00
6.982000000000000428e-01,4.724740399999999681e+03,4.144905200000000150e+03,3.622155000000000200e+03,1.720010600000000068e+03,-6.627292599999999823e+01,-1.270067300000000010e+01,-9.157772599999999485e+00,-9.486346199999999840e+00
6.999999999999999556e-01,4.714489800000000287e+03,4.135268600000000333e+03,3.614341600000000199e+03,1.717827700000000050e+03,-6.550339300000000264e+01,-1.272329399999999922e+01,-9.161431099999999716e+00,-9.440501599999999272e+00
7.013333299999999770e-01,4.718725400000000263e+03,4.156497500000000400e+03,3.646094700000000103e+03,1.763965400000000045e+03,-6.743175800000000208e+01,-1.280166400000000060e+01,-9.198475399999999524e+00,-9.691495800000000216e+00
7.026666700000000487e-01,4.710534200000000055e+03,4.147387899999999718e+03,3.638651600000000144e+03,1.760938000000000102e+03,-6.704359300000000133e+01,-1.290211000000000041e+01,-9.266230000000000189e+00,-9.627779500000000823e+00
7.039999999999999591e-01,4.698641700000000128e+03,4.132689699999999903e+03,3.625021799999999985e+03,1.751545699999999897e+03,-6.629070099999999854e+01,-1.279208700000000043e+01,-9.159756800000000254e+00,-9.455010500000000206e+00
7.053333299999999806e-01,4.688857200000000375e+03,4.120587400000000343e+03,3.614035899999999856e+03,1.744263899999999921e+03,-6.584457100000000196e+01,-1.279447599999999952e+01,-9.173878099999999591e+00,-9.408600599999999758e+00
7.066666700000000523e-01,4.679405800000000454e+03,4.109581199999999626e+03,3.604356099999999969e+03,1.738413700000000063e+03,-6.545264899999999386e+01,-1.276128600000000013e+01,-9.166580700000000803e+00,-9.352055099999999399e+00
7.079999999999999627e-01,4.670947000000000116e+03,4.100138899999999921e+03,3.596337899999999991e+03,1.734118300000000090e+03,-6.509000699999999995e+01,-1.270524699999999996e+01,-9.148856600000000228e+00,-9.301739400000000657e+00
7.093333299999999841e-01,4.662889100000000326e+03,4.091514200000000073e+03,3.589186599999999999e+03,1.730697599999999966e+03,-6.477975499999999442e+01,-1.265797199999999911e+01,-9.148186199999999602e+00,-9.273226199999999864e+00
7.106666699999999448e-01,4.655150400000000445e+03,4.083542899999999918e+03,3.582725699999999961e+03,1.728003300000000081e+03,-6.445355200000000195e+01,-1.253938100000000055e+01,-9.084631599999999807e+00,-9.190314900000000620e+00
7.119999999999999662e-01,4.647552899999999681e+03,4.075955199999999877e+03,3.576652199999999993e+03,1.725704700000000003e+03,-6.426333599999999535e+01,-1.249051599999999951e+01,-9.091935199999999995e+00,-9.171070300000000231e+00
7.133333299999999877e-01,4.640062200000000303e+03,4.068658399999999801e+03,3.570864599999999882e+03,1.723753999999999905e+03,-6.410313299999999970e+01,-1.240716600000000014e+01,-9.072178400000000309e+00,-9.128360000000000696e+00
7.146666699999999484e-01,4.632619499999999789e+03,4.061553100000000086e+03,3.565245100000000093e+03,1.721963700000000017e+03,-6.410867799999999761e+01,-1.241118499999999969e+01,-9.141335500000000280e+00,-9.182485200000000347e+00
7.159999999999999698e-01,4.625213999999999942e+03,4.054604699999999866e+03,3.559776800000000094e+03,1.720414299999999912e+03,-6.400053499999999929e+01,-1.223326699999999967e+01,-9.037906599999999457e+00,-9.083247800000000538e+00
7.173333299999999912e-01,4.617810699999999997e+03,4.047727699999999913e+03,3.554334299999999985e+03,1.718858899999999949e+03,-6.414167500000000643e+01,-1.222465200000000074e+01,-9.100997599999999466e+00,-9.136896699999999427e+00
7.186666699999999519e-01,4.610466800000000148e+03,4.040983900000000176e+03,3.549008299999999963e+03,1.717452800000000025e+03,-6.419244700000000137e+01,-1.205542900000000017e+01,-9.007277300000000153e+00,-9.041645600000000726e+00
7.199999999999999734e-01,4.603036600000000362e+03,4.034202200000000175e+03,3.543607800000000225e+03,1.715965699999999970e+03,-6.443929199999999469e+01,-1.200963499999999939e+01,-9.038465699999999714e+00,-9.078430700000000186e+00
7.215384599999999926e-01,4.588828300000000127e+03,4.014393099999999777e+03,3.520598500000000058e+03,1.692346000000000004e+03,-6.352253999999999934e+01,-1.170706799999999959e+01,-8.854218700000000553e+00,-8.799627400000000321e+00
7.230769200000000119e-01,4.581072699999999713e+03,4.008081299999999828e+03,3.515623300000000199e+03,1.691836999999999989e+03,-6.382303199999999777e+01,-1.159898199999999946e+01,-8.839513500000000690e+00,-8.804889199999999860e+00
7.246153800000000311e-01,4.574676900000000387e+03,4.003946500000000015e+03,3.513185199999999895e+03,1.694208800000000110e+03,-6.414868800000000704e+01,-1.134733300000000078e+01,-8.679497299999999527e+00,-8.664575100000000418e+00
7.261538499999999896e-01,4.567266700000000128e+03,3.998641999999999825e+03,3.509489900000000034e+03,1.695370599999999968e+03,-6.472652800000000184e+01,-1.133518899999999974e+01,-8.750021699999999569e+00,-8.741570199999999957e+00
7.276923100000000089e-01,4.559703499999999622e+03,3.992908399999999801e+03,3.505237799999999879e+03,1.695879300000000057e+03,-6.511589399999999728e+01,-1.111009699999999967e+01,-8.607597200000000726e+00,-8.609671999999999770e+00
7.292307700000000281e-01,4.551671199999999772e+03,3.986504699999999957e+03,3.500226999999999862e+03,1.695540899999999965e+03,-6.575252700000000061e+01,-1.110035099999999986e+01,-8.667801199999999540e+00,-8.650348199999999821e+00
7.307692300000000474e-01,4.543639199999999619e+03,3.979935599999999795e+03,3.494987599999999929e+03,1.694906899999999951e+03,-6.618647099999999739e+01,-1.087254199999999926e+01,-8.509409899999999638e+00,-8.490668299999999391e+00
7.323076899999999556e-01,4.535380699999999706e+03,3.973036799999999857e+03,3.489380200000000059e+03,1.693807800000000043e+03,-6.686811600000000055e+01,-1.089937100000000036e+01,-8.600837999999999539e+00,-8.572584700000000169e+00
7.338461499999999749e-01,4.527297800000000279e+03,3.966211499999999887e+03,3.483805899999999838e+03,1.692666400000000067e+03,-6.730680599999999458e+01,-1.069182499999999969e+01,-8.449061300000000330e+00,-8.408393600000000134e+00
7.353846200000000444e-01,4.519195899999999710e+03,3.959313000000000102e+03,3.478145300000000134e+03,1.691346199999999953e+03,-6.791812799999999584e+01,-1.068935699999999933e+01,-8.498395900000000225e+00,-8.453499900000000622e+00
7.369230799999999526e-01,4.511280999999999949e+03,3.952562899999999900e+03,3.472634300000000167e+03,1.690146400000000085e+03,-6.830250300000000152e+01,-1.050281999999999982e+01,-8.355148200000000358e+00,-8.305198600000000653e+00
7.384615399999999719e-01,4.503371699999999691e+03,3.945766500000000178e+03,3.467049399999999878e+03,1.688755599999999959e+03,-6.881046399999999608e+01,-1.049633500000000019e+01,-8.382414400000000043e+00,-8.320563099999999324e+00
7.399999999999999911e-01,4.495624899999999798e+03,3.939102300000000014e+03,3.461590499999999793e+03,1.687446200000000090e+03,-6.908087299999999686e+01,-1.032531499999999980e+01,-8.238430799999999721e+00,-8.164882699999999716e+00
7.416666699999999723e-01,4.484594100000000253e+03,3.925722800000000007e+03,3.447122600000000148e+03,1.674748000000000047e+03,-6.877285700000000190e+01,-1.033391400000000004e+01,-8.261884800000000695e+00,-8.132823500000000649e+00
7.433333300000000143e-01,4.476823199999999815e+03,3.919381899999999860e+03,3.441990699999999833e+03,1.673881100000000060e+03,-6.891494799999999543e+01,-1.022891100000000009e+01,-8.170705200000000445e+00,-8.029702600000000245e+00
7.449999999999999956e-01,4.469917400000000271e+03,3.914303199999999833e+03,3.438290700000000015e+03,1.674443999999999960e+03,-6.914605400000000657e+01,-1.025691300000000084e+01,-8.203090500000000063e+00,-8.049676099999999224e+00
7.468749999999999556e-01,4.458333499999999731e+03,3.899782799999999952e+03,3.422082300000000032e+03,1.659471299999999928e+03,-6.802849399999999491e+01,-1.014104599999999934e+01,-8.069085199999999958e+00,-7.851080299999999568e+00
7.487500000000000266e-01,4.450583999999999833e+03,3.894163799999999810e+03,3.417807200000000194e+03,1.659770600000000059e+03,-6.789831999999999823e+01,-1.016378699999999924e+01,-8.079932599999999354e+00,-7.852584700000000417e+00
7.506249999999999867e-01,4.443902699999999641e+03,3.890021099999999933e+03,3.415181700000000092e+03,1.661701999999999998e+03,-6.770158800000000099e+01,-1.015092800000000040e+01,-8.045303999999999789e+00,-7.805057699999999876e+00
7.524999999999999467e-01,4.436488500000000386e+03,3.884857899999999972e+03,3.411442399999999907e+03,1.662439699999999903e+03,-6.736153000000000191e+01,-1.017258700000000005e+01,-8.033194299999999899e+00,-7.781839299999999682e+00
7.543750000000000178e-01,4.429066399999999703e+03,3.879385900000000220e+03,3.407300699999999779e+03,1.662546599999999899e+03,-6.686429699999999343e+01,-1.015958200000000033e+01,-7.975316399999999639e+00,-7.701835799999999566e+00
7.562499999999999778e-01,4.421524800000000141e+03,3.873550099999999929e+03,3.402733999999999924e+03,1.662046399999999949e+03,-6.629868899999999599e+01,-1.016885899999999943e+01,-7.934517699999999785e+00,-7.640372799999999742e+00
7.581250000000000488e-01,4.414246600000000399e+03,3.867796100000000024e+03,3.398210099999999784e+03,1.661349899999999934e+03,-6.570204099999999414e+01,-1.021859399999999951e+01,-7.927161800000000369e+00,-7.597297700000000376e+00
7.600000000000000089e-01,4.407042300000000068e+03,3.861989799999999832e+03,3.393626099999999951e+03,1.660463999999999942e+03,-6.500390799999999558e+01,-1.022993300000000083e+01,-7.881846499999999978e+00,-7.521913399999999861e+00
7.620000000000000107e-01,4.398079200000000128e+03,3.851738100000000031e+03,3.383057699999999841e+03,1.651710900000000038e+03,-6.369852199999999698e+01,-1.030335799999999935e+01,-7.895287299999999675e+00,-7.480774199999999929e+00
7.640000000000000124e-01,4.391232600000000275e+03,3.846476299999999810e+03,3.379091300000000047e+03,1.651384099999999989e+03,-6.287903599999999926e+01,-1.029549399999999970e+01,-7.838257699999999772e+00,-7.395453299999999786e+00
7.660000000000000142e-01,4.385234800000000178e+03,3.842288500000000113e+03,3.376298499999999876e+03,1.652127899999999954e+03,-6.215924299999999647e+01,-1.033257399999999926e+01,-7.831958400000000431e+00,-7.362012899999999860e+00
7.680000000000000160e-01,4.379121699999999691e+03,3.837839800000000196e+03,3.373226099999999860e+03,1.652537800000000061e+03,-6.145108700000000113e+01,-1.038274099999999933e+01,-7.840960800000000397e+00,-7.339603699999999620e+00
7.697142900000000232e-01,4.378342999999999847e+03,3.845329000000000178e+03,3.385963600000000042e+03,1.673159000000000106e+03,-6.226267399999999697e+01,-1.043414899999999967e+01,-7.857200599999999646e+00,-7.380506900000000314e+00
7.714285699999999801e-01,4.372863999999999578e+03,3.840373799999999846e+03,3.382200800000000072e+03,1.672148999999999887e+03,-6.170972199999999930e+01,-1.047611000000000026e+01,-7.862500800000000289e+00,-7.348868000000000400e+00
7.731428599999999873e-01,4.366296500000000378e+03,3.833438000000000102e+03,3.376179200000000037e+03,1.668644199999999955e+03,-6.107598899999999986e+01,-1.047681299999999993e+01,-7.830547000000000146e+00,-7.272578099999999601e+00
7.748571400000000553e-01,4.360799100000000180e+03,3.827738400000000183e+03,3.371470200000000204e+03,1.666241700000000037e+03,-6.060411500000000018e+01,-1.050163900000000083e+01,-7.836153099999999760e+00,-7.242777600000000149e+00
7.765714299999999515e-01,4.355635400000000118e+03,3.822630999999999858e+03,3.367468199999999797e+03,1.664581799999999930e+03,-6.031078899999999976e+01,-1.063040999999999947e+01,-7.954393699999999789e+00,-7.329613000000000156e+00
7.782857100000000194e-01,4.351027799999999843e+03,3.818295200000000023e+03,3.364323899999999867e+03,1.663788600000000088e+03,-5.991321700000000305e+01,-1.061499799999999993e+01,-7.937408600000000369e+00,-7.283528600000000353e+00
7.800000000000000266e-01,4.346858900000000176e+03,3.814510400000000118e+03,3.361753900000000158e+03,1.663520099999999957e+03,-5.955975699999999762e+01,-1.060601699999999958e+01,-7.933019100000000101e+00,-7.251858399999999705e+00
7.818181800000000292e-01,4.341010299999999916e+03,3.806672500000000127e+03,3.353610900000000129e+03,1.655780400000000100e+03,-5.867820700000000045e+01,-1.050532899999999970e+01,-7.849292400000000391e+00,-7.121459999999999901e+00
7.836363600000000318e-01,4.337374700000000303e+03,3.803906300000000101e+03,3.352164400000000114e+03,1.656828400000000101e+03,-5.826262700000000194e+01,-1.036913299999999971e+01,-7.733569199999999810e+00,-6.981725400000000192e+00
7.854545499999999736e-01,4.334647299999999632e+03,3.802376499999999851e+03,3.352063299999999799e+03,1.659263200000000097e+03,-5.780871700000000146e+01,-1.010959500000000055e+01,-7.500447999999999560e+00,-6.732654799999999717e+00
7.870707099999999512e-01,4.335760400000000118e+03,3.809854200000000219e+03,3.364272199999999884e+03,1.678162399999999934e+03,-5.841046399999999750e+01,-9.948818499999999787e+00,-7.352351800000000104e+00,-6.608114800000000066e+00
7.886868700000000398e-01,4.332756000000000313e+03,3.807306599999999889e+03,3.363019099999999980e+03,1.679100599999999986e+03,-5.819060000000000343e+01,-9.839691099999999579e+00,-7.262749799999999922e+00,-6.497032299999999871e+00
7.903030300000000175e-01,4.328640900000000329e+03,3.802992000000000189e+03,3.359757300000000214e+03,1.677869699999999966e+03,-5.781418000000000035e+01,-9.608900699999999517e+00,-7.054135900000000348e+00,-6.263314699999999569e+00
7.919191899999999951e-01,4.325420199999999568e+03,3.799642100000000028e+03,3.357454099999999926e+03,1.677415700000000015e+03,-5.753844200000000342e+01,-9.389343900000000076e+00,-6.862099100000000007e+00,-6.047489999999999810e+00
7.935353499999999727e-01,4.322368400000000292e+03,3.796656700000000001e+03,3.355585799999999836e+03,1.677452199999999948e+03,-5.736481799999999964e+01,-9.225058600000000553e+00,-6.728932000000000357e+00,-5.891579899999999981e+00
7.951515200000000005e-01,4.319730800000000272e+03,3.794237700000000132e+03,3.354322200000000066e+03,1.678069500000000062e+03,-5.717883400000000194e+01,-9.023871599999999660e+00,-6.562619800000000225e+00,-5.702281700000000342e+00
7.967676799999999782e-01,4.317298600000000079e+03,3.792124800000000050e+03,3.353376999999999953e+03,1.679016399999999976e+03,-5.700254100000000079e+01,-8.810651899999999870e+00,-6.387158799999999914e+00,-5.508385099999999923e+00
7.983838399999999558e-01,4.315246399999999994e+03,3.790446899999999914e+03,3.352847999999999956e+03,1.680286499999999933e+03,-5.686339199999999749e+01,-8.610063900000000103e+00,-6.226983699999999899e+00,-5.334445699999999846e+00
8.000000000000000444e-01,4.313388100000000122e+03,3.789011599999999817e+03,3.352547599999999875e+03,1.681742899999999963e+03,-5.676797299999999780e+01,-8.424137200000000547e+00,-6.080918099999999882e+00,-5.170255700000000232e+00
8.016666700000000256e-01,4.310634000000000015e+03,3.785403499999999894e+03,3.349131400000000212e+03,1.678882599999999911e+03,-5.648243000000000080e+01,-8.244474999999999554e+00,-5.945281800000000061e+00,-5.006372599999999728e+00
8.033333299999999566e-01,4.309149099999999635e+03,3.784569599999999809e+03,3.349426800000000185e+03,1.680895199999999932e+03,-5.652222700000000088e+01,-8.138334600000000307e+00,-5.881761899999999876e+00,-4.924247799999999842e+00
8.050000000000000488e-01,4.307648400000000038e+03,3.783955599999999777e+03,3.350052599999999984e+03,1.683467900000000100e+03,-5.657637499999999875e+01,-7.996403299999999881e+00,-5.783079599999999765e+00,-4.810001699999999936e+00
8.066666700000000301e-01,4.306180800000000090e+03,3.783362299999999777e+03,3.350668099999999868e+03,1.685936899999999923e+03,-5.669425900000000240e+01,-7.900221600000000066e+00,-5.728450800000000065e+00,-4.740286600000000128e+00
8.085714299999999799e-01,4.300760900000000220e+03,3.773516900000000078e+03,3.338194700000000012e+03,1.670523599999999988e+03,-5.590253400000000283e+01,-7.786303099999999588e+00,-5.667584500000000247e+00,-4.633829699999999718e+00
8.104761900000000407e-01,4.300314999999999600e+03,3.774509900000000016e+03,3.340378799999999956e+03,1.674593800000000101e+03,-5.602251799999999804e+01,-7.647508499999999820e+00,-5.578656099999999896e+00,-4.528334899999999941e+00
8.123809499999999906e-01,4.300895099999999729e+03,3.777143199999999979e+03,3.344474900000000162e+03,1.680805299999999988e+03,-5.628359900000000238e+01,-7.525441999999999965e+00,-5.508096199999999776e+00,-4.450057499999999777e+00
8.142857100000000514e-01,4.300789099999999962e+03,3.778942399999999907e+03,3.347685199999999895e+03,1.686098600000000033e+03,-5.657675100000000157e+01,-7.446983399999999698e+00,-5.474765099999999940e+00,-4.402807000000000137e+00
8.161904800000000515e-01,4.300473600000000260e+03,3.780319899999999961e+03,3.350394800000000032e+03,1.690743699999999990e+03,-5.689116500000000087e+01,-7.368661099999999742e+00,-5.437057300000000204e+00,-4.353855099999999645e+00
8.180952400000000013e-01,4.299751199999999699e+03,3.781141099999999824e+03,3.352515800000000127e+03,1.694757200000000012e+03,-5.729238500000000300e+01,-7.347444099999999700e+00,-5.452063899999999741e+00,-4.356711299999999731e+00
8.199999999999999512e-01,4.298811800000000403e+03,3.781714599999999791e+03,3.354436799999999948e+03,1.698563400000000001e+03,-5.764823899999999668e+01,-7.249522500000000313e+00,-5.386827300000000207e+00,-4.279124900000000231e+00
8.218181799999999537e-01,4.298964700000000448e+03,3.785230799999999817e+03,3.360637400000000071e+03,1.708310799999999972e+03,-5.837678499999999815e+01,-7.185485500000000414e+00,-5.353366600000000197e+00,-4.239195300000000444e+00
8.236363599999999563e-01,4.297811800000000403e+03,3.785247400000000198e+03,3.361980799999999817e+03,1.711282699999999977e+03,-5.880919099999999844e+01,-7.137790500000000371e+00,-5.330707900000000166e+00,-4.205850700000000053e+00
8.254545500000000091e-01,4.296167599999999766e+03,3.784558700000000044e+03,3.362562399999999798e+03,1.713414199999999937e+03,-5.918710999999999700e+01,-7.056347699999999890e+00,-5.270712800000000087e+00,-4.132036799999999843e+00
8.272727300000000117e-01,4.294890400000000227e+03,3.784314899999999852e+03,3.363646799999999985e+03,1.715981500000000096e+03,-5.955652599999999808e+01,-6.939276699999999742e+00,-5.174375900000000250e+00,-4.026144699999999688e+00
8.290909100000000143e-01,4.293764299999999821e+03,3.784356299999999919e+03,3.365100800000000163e+03,1.718883499999999913e+03,-5.999376800000000287e+01,-6.883027700000000415e+00,-5.136662499999999909e+00,-3.976308500000000024e+00
8.309090900000000168e-01,4.292743499999999585e+03,3.784604499999999916e+03,3.366831299999999828e+03,1.722104000000000042e+03,-6.038599700000000325e+01,-6.782301399999999703e+00,-5.052123500000000433e+00,-3.881990300000000005e+00
8.327272700000000194e-01,4.291800699999999779e+03,3.785008400000000165e+03,3.368770500000000084e+03,1.725521799999999985e+03,-6.081945900000000194e+01,-6.726760800000000096e+00,-5.010141700000000142e+00,-3.828647300000000087e+00
8.345454500000000220e-01,4.290707000000000335e+03,3.785360400000000027e+03,3.370740600000000086e+03,1.729103800000000092e+03,-6.121885900000000191e+01,-6.641849699999999856e+00,-4.936021900000000073e+00,-3.741138799999999875e+00
8.363636399999999638e-01,4.289434500000000298e+03,3.785592200000000048e+03,3.372649800000000141e+03,1.732699299999999994e+03,-6.173523000000000138e+01,-6.678761100000000006e+00,-4.980546399999999707e+00,-3.770233199999999840e+00
8.381818199999999663e-01,4.287771700000000237e+03,3.785507799999999861e+03,3.374321600000000217e+03,1.736288500000000113e+03,-6.211442300000000216e+01,-6.585694600000000065e+00,-4.893959399999999960e+00,-3.669802999999999926e+00
8.399999999999999689e-01,4.286027299999999741e+03,3.785364599999999882e+03,3.375969300000000203e+03,1.739889899999999898e+03,-6.255731899999999968e+01,-6.563328300000000226e+00,-4.873943599999999599e+00,-3.631569499999999895e+00
8.418181799999999715e-01,4.284459700000000339e+03,3.785385499999999865e+03,3.377778299999999945e+03,1.743631699999999910e+03,-6.292915500000000151e+01,-6.481416499999999914e+00,-4.794499199999999739e+00,-3.541108299999999875e+00
8.436363599999999741e-01,4.282157900000000154e+03,3.784723700000000008e+03,3.378992099999999937e+03,1.747075800000000072e+03,-6.336098400000000197e+01,-6.468294499999999836e+00,-4.781158399999999808e+00,-3.510188799999999887e+00
8.454545500000000269e-01,4.279509600000000319e+03,3.783753700000000208e+03,3.379958399999999983e+03,1.750443500000000085e+03,-6.376857700000000051e+01,-6.442164000000000001e+00,-4.754672499999999857e+00,-3.468184599999999840e+00
8.472727300000000294e-01,4.276480999999999767e+03,3.782429000000000087e+03,3.380620899999999892e+03,1.753671299999999974e+03,-6.417602599999999313e+01,-6.429346699999999970e+00,-4.741008100000000169e+00,-3.440112300000000012e+00
8.490909100000000320e-01,4.272929600000000391e+03,3.780603599999999915e+03,3.380859699999999975e+03,1.756763699999999972e+03,-6.448594199999999432e+01,-6.329195300000000302e+00,-4.638508999999999993e+00,-3.320925799999999928e+00
8.509090900000000346e-01,4.268610800000000381e+03,3.778021200000000135e+03,3.380398299999999836e+03,1.759459000000000060e+03,-6.480301500000000203e+01,-6.251021599999999623e+00,-4.558576099999999798e+00,-3.225530000000000008e+00
8.527272700000000372e-01,4.263808500000000095e+03,3.774951100000000224e+03,3.379503200000000106e+03,1.761941199999999981e+03,-6.506844300000000203e+01,-6.134238400000000091e+00,-4.439941000000000138e+00,-3.091053099999999887e+00
8.545454500000000397e-01,4.258410700000000361e+03,3.771255700000000161e+03,3.378005000000000109e+03,1.764031099999999924e+03,-6.539107400000000325e+01,-6.089469199999999915e+00,-4.394177599999999906e+00,-3.029449399999999848e+00
8.563636399999999815e-01,4.252755199999999604e+03,3.767250000000000000e+03,3.376208700000000135e+03,1.765935699999999997e+03,-6.567909400000000630e+01,-6.023006099999999918e+00,-4.326900600000000097e+00,-2.944197200000000070e+00
8.581818199999999841e-01,4.246987199999999575e+03,3.763031300000000101e+03,3.374152900000000045e+03,1.767624700000000075e+03,-6.598143899999999462e+01,-5.985646499999999648e+00,-4.289837300000000297e+00,-2.889198500000000003e+00
8.599999999999999867e-01,4.240895300000000134e+03,3.758452699999999822e+03,3.371761300000000119e+03,1.769126299999999901e+03,-6.623361500000000035e+01,-5.910341700000000031e+00,-4.215625000000000178e+00,-2.794647900000000185e+00
8.619999999999999885e-01,4.231600900000000365e+03,3.746984800000000178e+03,3.359645799999999781e+03,1.757696699999999964e+03,-6.574497999999999820e+01,-5.912911099999999642e+00,-4.207928400000000124e+00,-2.764179599999999848e+00
8.639999999999999902e-01,4.224822900000000118e+03,3.742137299999999868e+03,3.357136199999999917e+03,1.759761299999999892e+03,-6.594733100000000547e+01,-5.809640400000000149e+00,-4.115569999999999951e+00,-2.650428699999999971e+00
8.659999999999999920e-01,4.218229900000000271e+03,3.737840999999999894e+03,3.355402500000000146e+03,1.762984300000000076e+03,-6.625781399999999621e+01,-5.766132800000000280e+00,-4.087733199999999734e+00,-2.603469800000000056e+00
8.679999999999999938e-01,4.210821600000000217e+03,3.732544800000000123e+03,3.352625199999999950e+03,1.765298500000000104e+03,-6.650082600000000355e+01,-5.719731300000000296e+00,-4.054774100000000381e+00,-2.549037400000000009e+00
8.699999999999999956e-01,4.203121299999999792e+03,3.726720299999999952e+03,3.349246999999999844e+03,1.767034799999999905e+03,-6.671728699999999890e+01,-5.660974900000000254e+00,-4.009396999999999878e+00,-2.483582499999999804e+00
8.719999999999999973e-01,4.195177300000000287e+03,3.720392600000000130e+03,3.345262400000000071e+03,1.768108199999999897e+03,-6.692696200000000317e+01,-5.590574400000000388e+00,-3.951391699999999840e+00,-2.403227600000000130e+00
8.739999999999999991e-01,4.187461199999999735e+03,3.714065999999999804e+03,3.341158899999999903e+03,1.768892399999999952e+03,-6.713418199999999558e+01,-5.514039799999999936e+00,-3.896861599999999815e+00,-2.330859600000000142e+00
8.760000000000000009e-01,4.179655300000000352e+03,3.707493199999999888e+03,3.336764500000000226e+03,1.769388200000000097e+03,-6.732189599999999530e+01,-5.416383599999999632e+00,-3.822562899999999875e+00,-2.234856800000000199e+00
8.780000000000000027e-01,4.172027600000000348e+03,3.700913700000000063e+03,3.332257399999999961e+03,1.769641800000000103e+03,-6.751497600000000432e+01,-5.321531300000000186e+00,-3.754897399999999941e+00,-2.142857799999999813e+00
8.800000000000000044e-01,4.164408499999999549e+03,3.694227400000000216e+03,3.327593600000000151e+03,1.769745599999999968e+03,-6.768383900000000608e+01,-5.201750099999999932e+00,-3.665086099999999902e+00,-2.032302699999999795e+00
8.820000000000000062e-01,4.156950600000000122e+03,3.687542100000000119e+03,3.322807600000000093e+03,1.769824399999999969e+03,-6.785392099999999971e+01,-5.082469500000000195e+00,-3.575395799999999902e+00,-1.919769199999999953e+00
8.842499999999999805e-01,4.146275800000000345e+03,3.673375500000000102e+03,3.307010000000000218e+03,1.755461600000000089e+03,-6.704520999999999731e+01,-5.011302999999999841e+00,-3.518481299999999923e+00,-1.846865100000000037e+00
8.864999999999999547e-01,4.138729199999999764e+03,3.666996299999999792e+03,3.302441200000000208e+03,1.756890799999999899e+03,-6.719268399999999986e+01,-4.874850600000000256e+00,-3.428165100000000187e+00,-1.736874800000000052e+00
8.887500000000000400e-01,4.132204499999999825e+03,3.662018300000000181e+03,3.299386500000000069e+03,1.760001099999999951e+03,-6.742780999999999381e+01,-4.759701899999999597e+00,-3.366303700000000010e+00,-1.659719600000000073e+00
8.910000000000000142e-01,4.125493000000000393e+03,3.656578700000000026e+03,3.295667800000000170e+03,1.762348600000000033e+03,-6.757177900000000648e+01,-4.628147600000000139e+00,-3.284053600000000017e+00,-1.562612700000000077e+00
8.932499999999999885e-01,4.119040600000000268e+03,3.651100500000000011e+03,3.291675799999999981e+03,1.764123800000000074e+03,-6.774808099999999911e+01,-4.536050300000000313e+00,-3.239172400000000174e+00,-1.504845699999999953e+00
8.954999999999999627e-01,4.112717400000000453e+03,3.645530000000000200e+03,3.287425600000000031e+03,1.765461299999999937e+03,-6.786062400000000139e+01,-4.371655999999999764e+00,-3.120173700000000050e+00,-1.373703399999999908e+00
8.977500000000000480e-01,4.106796900000000278e+03,3.640199200000000019e+03,3.283268900000000031e+03,1.766619999999999891e+03,-6.800849700000000553e+01,-4.242960899999999924e+00,-3.035862199999999955e+00,-1.276801599999999981e+00
9.000000000000000222e-01,4.101149999999999636e+03,3.635036700000000110e+03,3.279180100000000039e+03,1.767648400000000038e+03,-6.818172800000000677e+01,-4.151663100000000384e+00,-2.988561799999999824e+00,-1.220721600000000073e+00
9.024999999999999689e-01,4.093632900000000063e+03,3.624429900000000089e+03,3.266785199999999804e+03,1.756792300000000068e+03,-6.732101799999999514e+01,-3.985897700000000210e+00,-2.841303900000000215e+00,-1.075958799999999993e+00
9.050000000000000266e-01,4.088816600000000108e+03,3.620480100000000220e+03,3.263896499999999833e+03,1.759185400000000072e+03,-6.735554199999999980e+01,-3.816328799999999966e+00,-2.724673500000000193e+00,-9.561387999999999554e-01
9.074999999999999734e-01,4.084983000000000175e+03,3.617884300000000167e+03,3.262549300000000130e+03,1.763135700000000043e+03,-6.742398199999999520e+01,-3.644719300000000217e+00,-2.605933199999999950e+00,-8.367053199999999746e-01
9.100000000000000311e-01,4.080973899999999958e+03,3.614930699999999888e+03,3.260722999999999956e+03,1.766399699999999939e+03,-6.744138300000000186e+01,-3.517204700000000184e+00,-2.520697199999999860e+00,-7.503021600000000513e-01
9.124999999999999778e-01,4.076809900000000198e+03,3.611665300000000116e+03,3.258508800000000065e+03,1.769165700000000015e+03,-6.729443299999999795e+01,-3.259899599999999786e+00,-2.296754799999999985e+00,-5.264677399999999619e-01
9.150000000000000355e-01,4.072737999999999829e+03,3.608350800000000163e+03,3.256168400000000020e+03,1.771551300000000083e+03,-6.721506399999999815e+01,-3.100963199999999809e+00,-2.162538399999999861e+00,-3.926382400000000272e-01
9.174999999999999822e-01,4.068460300000000188e+03,3.604779100000000199e+03,3.253565000000000055e+03,1.773632399999999961e+03,-6.711100100000000168e+01,-2.961148300000000066e+00,-2.040111599999999914e+00,-2.710772000000000181e-01
9.200000000000000400e-01,4.064283199999999852e+03,3.601267100000000028e+03,3.251010299999999916e+03,1.775666099999999915e+03,-6.678691600000000506e+01,-2.657835599999999854e+00,-1.746549300000000082e+00,2.240795199999999834e-02
9.224999999999999867e-01,4.060043099999999868e+03,3.597667300000000068e+03,3.248358600000000024e+03,1.777459599999999909e+03,-6.667619299999999782e+01,-2.621521599999999896e+00,-1.712943399999999894e+00,5.515302400000000188e-02
9.250000000000000444e-01,4.055876299999999901e+03,3.594134700000000066e+03,3.245779500000000098e+03,1.779256599999999935e+03,-6.633785100000000057e+01,-2.420817800000000020e+00,-1.508023799999999914e+00,2.582399200000000117e-01
9.274999999999999911e-01,4.051582800000000134e+03,3.590499400000000151e+03,3.243126299999999901e+03,1.780943500000000085e+03,-6.591176900000000671e+01,-2.211559700000000017e+00,-1.287179099999999909e+00,4.789184499999999955e-01
9.300000000000000488e-01,4.047167500000000018e+03,3.586753200000000106e+03,3.240373399999999947e+03,1.782447599999999966e+03,-6.553967900000000668e+01,-2.144119799999999909e+00,-1.201263399999999981e+00,5.669013800000000103e-01
9.324999999999999956e-01,4.042649899999999889e+03,3.582916099999999915e+03,3.237549300000000130e+03,1.783881499999999960e+03,-6.494786899999999719e+01,-1.955648800000000076e+00,-9.892595499999999875e-01,7.801539899999999639e-01
9.350000000000000533e-01,4.038123399999999947e+03,3.579079900000000180e+03,3.234735599999999977e+03,1.785253200000000106e+03,-6.424842099999999334e+01,-1.761225599999999947e+00,-7.656515600000000088e-01,1.007428800000000013e+00
9.375000000000000000e-01,4.033583099999999831e+03,3.575228900000000067e+03,3.231909099999999853e+03,1.786531899999999951e+03,-6.349603199999999958e+01,-1.626146499999999939e+00,-5.915783300000000411e-01,1.197152299999999947e+00
9.399999999999999467e-01,4.029032200000000103e+03,3.571366500000000087e+03,3.229073600000000170e+03,1.787746599999999944e+03,-6.259771299999999883e+01,-1.473547500000000010e+00,-3.945884199999999953e-01,1.415332899999999894e+00
9.422222199999999992e-01,4.026995800000000145e+03,3.574203899999999976e+03,3.236103099999999813e+03,1.803546499999999924e+03,-6.304004499999999922e+01,-1.455226099999999967e+00,-3.600256299999999854e-01,1.495655200000000074e+00
9.444444400000000517e-01,4.022349299999999857e+03,3.569671499999999924e+03,3.232454000000000178e+03,1.803357999999999947e+03,-6.195471700000000226e+01,-1.270730399999999927e+00,-3.254832399999999654e-02,1.873429400000000022e+00
9.466666700000000434e-01,4.017145899999999983e+03,3.564087399999999889e+03,3.227469099999999798e+03,1.801344900000000052e+03,-6.101345500000000044e+01,-1.389232999999999940e+00,2.329245200000000168e-02,1.998715199999999914e+00
9.488888899999999849e-01,4.012372400000000198e+03,3.559136300000000119e+03,3.223213200000000143e+03,1.800085600000000113e+03,-5.996447700000000225e+01,-1.388168499999999916e+00,1.735999000000000014e-01,2.214096300000000017e+00
9.511111100000000373e-01,4.007721100000000206e+03,3.554540500000000065e+03,3.219414800000000014e+03,1.799450700000000097e+03,-5.868505199999999888e+01,-1.273095300000000041e+00,4.027958099999999764e-01,2.499572600000000033e+00
9.533333299999999788e-01,4.003260800000000017e+03,3.550276800000000094e+03,3.215989999999999782e+03,1.799169000000000096e+03,-5.747130299999999892e+01,-1.311544499999999891e+00,4.362341800000000269e-01,2.583164000000000016e+00
9.555555599999999705e-01,3.998846399999999903e+03,3.546166999999999916e+03,3.212743199999999888e+03,1.799152800000000070e+03,-5.602160299999999893e+01,-1.176822000000000035e+00,6.381718499999999850e-01,2.835983000000000143e+00
9.577777800000000230e-01,3.994460199999999986e+03,3.542148000000000138e+03,3.209601299999999810e+03,1.799198799999999892e+03,-5.468608199999999897e+01,-1.197338999999999931e+00,6.878134399999999982e-01,2.942666899999999863e+00
9.599999999999999645e-01,3.990066100000000006e+03,3.538172099999999773e+03,3.206506300000000010e+03,1.799380000000000109e+03,-5.309247799999999984e+01,-9.800261500000000403e-01,9.673556100000000324e-01,3.284196300000000068e+00
9.622222200000000170e-01,3.985651400000000194e+03,3.534189899999999852e+03,3.203389900000000125e+03,1.799464600000000019e+03,-5.177610800000000069e+01,-1.047730100000000109e+00,9.546045100000000172e-01,3.336153899999999783e+00
9.644444399999999584e-01,3.981256800000000112e+03,3.530255200000000059e+03,3.200325600000000122e+03,1.799651499999999942e+03,-5.025840199999999669e+01,-9.054957099999999537e-01,1.144510499999999986e+00,3.580003000000000046e+00
9.666666699999999501e-01,3.976827200000000175e+03,3.526287800000000061e+03,3.197210500000000138e+03,1.799742899999999963e+03,-4.895982800000000168e+01,-9.471013099999999740e-01,1.163306399999999963e+00,3.656218200000000085e+00
9.688888900000000026e-01,3.972482100000000173e+03,3.522412699999999859e+03,3.194182800000000043e+03,1.799971199999999953e+03,-4.743780199999999780e+01,-7.413538499999999809e-01,1.411543100000000051e+00,3.961757799999999996e+00
9.711111100000000551e-01,3.968122600000000148e+03,3.518516200000000026e+03,3.191112700000000132e+03,1.800107799999999997e+03,-4.617201599999999928e+01,-7.467985700000000504e-01,1.441994500000000068e+00,4.046938199999999597e+00
9.733333299999999966e-01,3.963870800000000145e+03,3.514733299999999872e+03,3.188151199999999790e+03,1.800384099999999989e+03,-4.476841900000000152e+01,-5.470431599999999728e-01,1.689404399999999917e+00,4.351192099999999563e+00
9.755555599999999883e-01,3.959571600000000217e+03,3.510898200000000088e+03,3.185121099999999842e+03,1.800565700000000106e+03,-4.360689299999999946e+01,-5.424941800000000480e-01,1.724609899999999918e+00,4.441973100000000230e+00
9.777777800000000408e-01,3.955336600000000089e+03,3.507133100000000013e+03,3.182158300000000054e+03,1.800845399999999927e+03,-4.237977500000000219e+01,-4.103494100000000255e-01,1.879649300000000078e+00,4.647889300000000112e+00
9.799999999999999822e-01,3.951135499999999865e+03,3.503398400000000038e+03,3.179220299999999952e+03,1.801135199999999941e+03,-4.126942199999999872e+01,-3.086319699999999777e-01,1.991277500000000034e+00,4.807077099999999881e+00
9.825000000000000400e-01,3.944249200000000201e+03,3.493266999999999825e+03,3.166822400000000016e+03,1.786688900000000103e+03,-3.905813500000000005e+01,-3.097908300000000101e-02,2.219132500000000174e+00,5.062400399999999578e+00
9.849999999999999867e-01,3.940058799999999792e+03,3.490106499999999869e+03,3.164631400000000212e+03,1.788358099999999922e+03,-3.804012800000000283e+01,1.507067900000000071e-01,2.409028800000000192e+00,5.299468499999999693e+00
9.875000000000000444e-01,3.936362399999999980e+03,3.487834299999999985e+03,3.163543999999999869e+03,1.791488700000000108e+03,-3.721941400000000044e+01,2.563729699999999778e-01,2.482146399999999975e+00,5.400637699999999874e+00
9.899999999999999911e-01,3.932240699999999833e+03,3.484946500000000015e+03,3.161749400000000151e+03,1.793877500000000055e+03,-3.623771099999999734e+01,5.812642099999999479e-01,2.796888899999999900e+00,5.749359899999999968e+00
9.925000000000000488e-01,3.928028099999999995e+03,3.481738699999999881e+03,3.159507999999999811e+03,1.795543899999999894e+03,-3.559619899999999859e+01,6.581199899999999881e-01,2.848933699999999902e+00,5.820505599999999724e+00
9.949999999999999956e-01,3.923638699999999972e+03,3.478220699999999852e+03,3.156918099999999868e+03,1.796803699999999935e+03,-3.481157300000000276e+01,1.001918099999999923e+00,3.173590799999999934e+00,6.168345600000000317e+00
9.975000000000000533e-01,3.919216499999999996e+03,3.474547599999999875e+03,3.154114500000000135e+03,1.797714199999999892e+03,-3.437742699999999729e+01,1.102068400000000059e+00,3.252812800000000060e+00,6.266944600000000420e+00
1.000000000000000000e+00,3.914693800000000010e+03,3.470741599999999835e+03,3.151189199999999801e+03,1.798512300000000096e+03,-3.382722100000000154e+01,1.419745400000000046e+00,3.550359400000000054e+00,6.578716499999999634e+00
1.002499999999999947e+00,3.910292399999999816e+03,3.466999899999999798e+03,3.148301199999999881e+03,1.799196699999999964e+03,-3.355057000000000045e+01,1.553505799999999937e+00,3.664627299999999810e+00,6.700361400000000245e+00
1.004999999999999893e+00,3.905879399999999805e+03,3.463218299999999999e+03,3.145377800000000207e+03,1.799847500000000082e+03,-3.316146100000000274e+01,1.883628999999999998e+00,3.978501399999999855e+00,7.012269599999999770e+00
1.007500000000000062e+00,3.901644600000000082e+03,3.459594799999999850e+03,3.142599799999999959e+03,1.800534599999999955e+03,-3.288681600000000316e+01,2.169490500000000210e+00,4.250492500000000007e+00,7.278986299999999687e+00
1.010000000000000009e+00,3.897433599999999842e+03,3.455954699999999775e+03,3.139793400000000020e+03,1.801124900000000025e+03,-3.268415399999999948e+01,2.445102200000000003e+00,4.517084200000000216e+00,7.541706800000000044e+00
1.012499999999999956e+00,3.893225300000000061e+03,3.452328799999999774e+03,3.137013399999999820e+03,1.801684299999999894e+03,-3.254738100000000145e+01,2.710537700000000161e+00,4.779077400000000253e+00,7.799948699999999846e+00
1.014999999999999902e+00,3.889006600000000162e+03,3.448673099999999977e+03,3.134203599999999824e+03,1.802203800000000001e+03,-3.246336600000000061e+01,2.970395700000000083e+00,5.041587899999999678e+00,8.058484200000000541e+00
1.017500000000000071e+00,3.884690999999999804e+03,3.444941600000000108e+03,3.131328899999999976e+03,1.802626700000000028e+03,-3.254724499999999665e+01,3.102186899999999969e+00,5.182392100000000390e+00,8.195157299999999978e+00
1.020000000000000018e+00,3.880410300000000007e+03,3.441283500000000004e+03,3.128556000000000040e+03,1.803211700000000064e+03,-3.230872000000000099e+01,3.581930199999999953e+00,5.676664999999999850e+00,8.685995800000000600e+00
1.022222200000000081e+00,3.878694700000000012e+03,3.444175600000000031e+03,3.135454200000000128e+03,1.819499099999999999e+03,-3.344074599999999720e+01,3.463266799999999979e+00,5.615562599999999627e+00,8.647135799999999151e+00
1.024444399999999922e+00,3.874593499999999949e+03,3.440110700000000179e+03,3.132082800000000134e+03,1.818850300000000061e+03,-3.320060399999999845e+01,3.928246999999999822e+00,6.088392299999999757e+00,9.115989799999999477e+00
1.026666700000000043e+00,3.870022100000000137e+03,3.435109899999999925e+03,3.127498999999999796e+03,1.816388899999999921e+03,-3.331929199999999724e+01,4.029801800000000433e+00,6.228016199999999891e+00,9.260447799999999674e+00
1.028888900000000106e+00,3.866011100000000170e+03,3.430886300000000119e+03,3.123814300000000003e+03,1.815023699999999963e+03,-3.318165199999999970e+01,4.441796899999999937e+00,6.658733899999999650e+00,9.693989099999999581e+00
1.031111099999999947e+00,3.861996200000000044e+03,3.426874899999999798e+03,3.120444800000000214e+03,1.814087099999999964e+03,-3.346647200000000311e+01,4.442146199999999823e+00,6.683318400000000103e+00,9.727545199999999781e+00
1.033333300000000010e+00,3.858126200000000154e+03,3.423170300000000225e+03,3.117466800000000148e+03,1.813801699999999983e+03,-3.337745300000000270e+01,4.800176999999999694e+00,7.059136299999999586e+00,1.011461800000000011e+01
1.035555599999999909e+00,3.854050600000000031e+03,3.419397800000000188e+03,3.114488699999999881e+03,1.813630499999999984e+03,-3.344210300000000302e+01,4.983504499999999560e+00,7.259135299999999624e+00,1.032999099999999970e+01
1.037777799999999973e+00,3.849915500000000065e+03,3.415628099999999904e+03,3.111537499999999909e+03,1.813616400000000112e+03,-3.343541599999999647e+01,5.228563699999999592e+00,7.517529699999999870e+00,1.060621699999999912e+01
1.040000000000000036e+00,3.845800299999999879e+03,3.411924500000000080e+03,3.108666900000000169e+03,1.813740099999999984e+03,-3.343769999999999953e+01,5.457856099999999877e+00,7.758466499999999932e+00,1.086314699999999966e+01
1.042499999999999982e+00,3.839178300000000036e+03,3.402097299999999905e+03,3.096624600000000100e+03,1.798577800000000025e+03,-3.233859100000000097e+01,6.008533100000000182e+00,8.292304100000000844e+00,1.140666200000000075e+01
1.044687499999999991e+00,3.838418999999999869e+03,3.406483600000000024e+03,3.105469300000000203e+03,1.818051200000000108e+03,-3.361234199999999817e+01,5.875146700000000166e+00,8.205570800000000276e+00,1.138168100000000038e+01
1.046875000000000000e+00,3.835088499999999840e+03,3.403881699999999910e+03,3.103874499999999898e+03,1.819970299999999952e+03,-3.333101599999999820e+01,6.358990999999999616e+00,8.681273900000000765e+00,1.189788099999999993e+01
1.049062500000000009e+00,3.830835999999999785e+03,3.399665500000000065e+03,3.100246299999999792e+03,1.819055000000000064e+03,-3.318716200000000072e+01,6.629293999999999798e+00,8.977044499999999871e+00,1.224229899999999915e+01
1.051250000000000018e+00,3.826807400000000143e+03,3.395694399999999860e+03,3.096876299999999901e+03,1.818436099999999897e+03,-3.307616099999999904e+01,6.912695700000000443e+00,9.267130299999999821e+00,1.258748800000000045e+01
1.053437500000000027e+00,3.822540700000000015e+03,3.391599600000000009e+03,3.093454499999999825e+03,1.817962800000000016e+03,-3.295814800000000133e+01,7.219852900000000240e+00,9.585668000000000077e+00,1.297327899999999978e+01
1.055625000000000036e+00,3.818217399999999998e+03,3.387532499999999800e+03,3.090103099999999813e+03,1.817669599999999946e+03,-3.285831799999999703e+01,7.493924299999999761e+00,9.863617800000000102e+00,1.331198999999999977e+01
1.057812500000000044e+00,3.813970299999999952e+03,3.383561400000000049e+03,3.086842000000000098e+03,1.817484699999999975e+03,-3.271872100000000216e+01,7.795880999999999617e+00,1.016923300000000019e+01,1.369773600000000080e+01
1.060000000000000053e+00,3.809968800000000101e+03,3.379822000000000116e+03,3.083779799999999796e+03,1.817444600000000037e+03,-3.252073500000000195e+01,8.145105300000000881e+00,1.051787999999999990e+01,1.413403500000000079e+01
1.062500000000000000e+00,3.802840799999999945e+03,3.368920599999999922e+03,3.070090400000000045e+03,1.799487699999999904e+03,-3.122085300000000174e+01,8.687378300000000664e+00,1.102854800000000068e+01,1.474126500000000028e+01
1.064999999999999947e+00,3.798835599999999886e+03,3.365766799999999876e+03,3.067773999999999887e+03,1.800823799999999892e+03,-3.121837199999999868e+01,8.857994599999999608e+00,1.118945700000000087e+01,1.503701000000000043e+01
1.067499999999999893e+00,3.795242799999999988e+03,3.363469900000000052e+03,3.066589599999999791e+03,1.804065100000000029e+03,-3.082349500000000120e+01,9.432021400000000000e+00,1.173817500000000003e+01,1.574186399999999963e+01
1.070000000000000062e+00,3.790980199999999968e+03,3.360261800000000221e+03,3.064346199999999953e+03,1.805987499999999955e+03,-3.072137899999999888e+01,9.638703500000000091e+00,1.193127999999999922e+01,1.611602399999999946e+01
1.072500000000000009e+00,3.786634199999999964e+03,3.356726299999999810e+03,3.061659099999999853e+03,1.807311799999999948e+03,-3.023580300000000065e+01,1.021246499999999990e+01,1.249050899999999942e+01,1.688182899999999975e+01
1.074999999999999956e+00,3.781911999999999807e+03,3.352627599999999802e+03,3.058307899999999790e+03,1.807748900000000049e+03,-3.015105799999999903e+01,1.038445300000000060e+01,1.265203900000000026e+01,1.727972899999999967e+01
1.077499999999999902e+00,3.777248599999999897e+03,3.348478999999999814e+03,3.054874499999999898e+03,1.808088899999999967e+03,-2.962951199999999830e+01,1.099397100000000016e+01,1.325204500000000074e+01,1.813579599999999914e+01
1.080000000000000071e+00,3.772574700000000121e+03,3.344233600000000024e+03,3.051291900000000169e+03,1.808087399999999889e+03,-2.934862299999999991e+01,1.135439500000000024e+01,1.360293899999999923e+01,1.880084400000000144e+01
1.082500000000000018e+00,3.768131800000000112e+03,3.340137700000000223e+03,3.047815900000000056e+03,1.808085299999999961e+03,-2.888289500000000132e+01,1.188864799999999988e+01,1.412549300000000052e+01,1.970159999999999911e+01
1.084999999999999964e+00,3.763796299999999974e+03,3.336093800000000101e+03,3.044354299999999967e+03,1.807968900000000076e+03,-2.846364200000000011e+01,1.236683900000000058e+01,1.459512499999999946e+01,2.061253999999999920e+01
1.087499999999999911e+00,3.759583599999999933e+03,3.332144099999999980e+03,3.040974299999999857e+03,1.807867400000000089e+03,-2.795111800000000102e+01,1.292524799999999985e+01,1.514635299999999951e+01,2.167644800000000060e+01
1.090000000000000080e+00,3.755401299999999992e+03,3.328208399999999983e+03,3.037599000000000160e+03,1.807712399999999889e+03,-2.743877099999999913e+01,1.346978200000000037e+01,1.568522699999999936e+01,2.281026500000000112e+01
1.092500000000000027e+00,3.751319500000000062e+03,3.324360299999999825e+03,3.034302200000000084e+03,1.807588199999999915e+03,-2.681829000000000107e+01,1.411085600000000007e+01,1.632582999999999984e+01,2.413631699999999825e+01
1.094999999999999973e+00,3.747200200000000223e+03,3.320488800000000083e+03,3.031000000000000000e+03,1.807444999999999936e+03,-2.620202600000000004e+01,1.472905100000000012e+01,1.694398899999999841e+01,2.556059300000000079e+01
1.097499999999999920e+00,3.743201799999999821e+03,3.316717000000000098e+03,3.027778200000000197e+03,1.807335499999999911e+03,-2.550501300000000171e+01,1.540538500000000077e+01,1.762447999999999837e+01,2.718433500000000080e+01
1.100000000000000089e+00,3.739200699999999870e+03,3.312970400000000154e+03,3.024603200000000015e+03,1.807290700000000015e+03,-2.471178700000000106e+01,1.613189099999999954e+01,1.836251999999999995e+01,2.903049000000000035e+01
1.102500000000000036e+00,3.735356200000000172e+03,3.309371900000000096e+03,3.021573400000000220e+03,1.807372100000000046e+03,-2.378547500000000170e+01,1.693737399999999838e+01,1.918301400000000001e+01,3.114574199999999848e+01
1.104999999999999982e+00,3.731470600000000104e+03,3.305788100000000213e+03,3.018582899999999881e+03,1.807461900000000014e+03,-2.279263800000000018e+01,1.774483599999999939e+01,2.003626500000000021e+01,3.348061400000000276e+01
1.107499999999999929e+00,3.727735900000000129e+03,3.302313299999999799e+03,3.015690799999999854e+03,1.807676899999999932e+03,-2.166328400000000087e+01,1.859920299999999926e+01,2.095556399999999897e+01,3.609353000000000122e+01
1.110000000000000098e+00,3.723878600000000006e+03,3.298751200000000154e+03,3.012735599999999977e+03,1.807865500000000111e+03,-2.044308399999999892e+01,1.945616899999999916e+01,2.189786000000000143e+01,3.898608899999999977e+01
1.112500000000000044e+00,3.720059600000000046e+03,3.295240299999999934e+03,3.009828500000000076e+03,1.808068500000000085e+03,-1.912957199999999958e+01,2.031984900000000138e+01,2.286761500000000069e+01,4.220729500000000201e+01
1.114999999999999991e+00,3.716473300000000108e+03,3.291947999999999865e+03,3.007139000000000124e+03,1.808486300000000028e+03,-1.755977299999999985e+01,2.135987199999999930e+01,2.403758200000000045e+01,4.589752200000000215e+01
1.117499999999999938e+00,3.712651699999999892e+03,3.288446300000000065e+03,3.004261300000000119e+03,1.808733300000000099e+03,-1.610378700000000052e+01,2.225377699999999948e+01,2.508684200000000075e+01,4.987203600000000137e+01
1.120000000000000107e+00,3.708636700000000019e+03,3.284776400000000194e+03,3.001251499999999851e+03,1.809008700000000090e+03,-1.434140000000000015e+01,2.334338800000000091e+01,2.636780999999999864e+01,5.445444100000000276e+01
1.122500000000000053e+00,3.704361699999999928e+03,3.280882200000000012e+03,2.998042600000000220e+03,1.809132700000000114e+03,-1.254947100000000049e+01,2.438606800000000163e+01,2.765132900000000049e+01,5.949670900000000273e+01
1.125000000000000000e+00,3.700044499999999971e+03,3.276916700000000219e+03,2.994766000000000076e+03,1.809291999999999916e+03,-1.056450500000000048e+01,2.550683599999999984e+01,2.907070099999999968e+01,6.521797200000000316e+01
1.127499999999999947e+00,3.695476200000000063e+03,3.272739099999999780e+03,2.991300999999999931e+03,1.809310400000000072e+03,-8.549766299999999930e+00,2.657143999999999906e+01,3.050449599999999961e+01,7.157242999999999711e+01
1.129999999999999893e+00,3.690828700000000026e+03,3.268474700000000212e+03,2.987758100000000013e+03,1.809350500000000011e+03,-6.294147800000000181e+00,2.783189399999999836e+01,3.223092199999999963e+01,7.878501900000000546e+01
1.132500000000000062e+00,3.686013399999999820e+03,3.264051800000000185e+03,2.984070200000000114e+03,1.809319899999999961e+03,-3.923232500000000122e+00,2.908715099999999865e+01,3.407668799999999720e+01,8.693573299999999904e+01
1.135000000000000009e+00,3.681314100000000053e+03,3.259709199999999782e+03,2.980441100000000006e+03,1.809342599999999948e+03,-1.416928100000000024e+00,3.040935299999999941e+01,3.610758700000000232e+01,9.603196099999999547e+01
1.137499999999999956e+00,3.676574399999999969e+03,3.255338499999999840e+03,2.976790800000000218e+03,1.809418799999999919e+03,1.388095899999999938e+00,3.198658400000000057e+01,3.850119099999999861e+01,1.065478600000000000e+02
1.139999999999999902e+00,3.671709299999999985e+03,3.250813400000000001e+03,2.972979800000000068e+03,1.809361000000000104e+03,4.019892699999999763e+00,3.324136899999999883e+01,4.076082900000000109e+01,1.187456200000000024e+02
1.142222199999999965e+00,3.669656300000000101e+03,3.252777199999999993e+03,2.978587199999999939e+03,1.825878400000000056e+03,5.193950400000000300e+00,3.445652700000000124e+01,4.304088099999999883e+01,1.326850399999999865e+02
1.144444400000000028e+00,3.664947299999999814e+03,3.247800799999999981e+03,2.974156500000000051e+03,1.824712600000000066e+03,7.789178099999999993e+00,3.571157399999999882e+01,4.562790900000000249e+01,1.467776200000000131e+02
1.146666699999999928e+00,3.659689199999999801e+03,3.241853700000000117e+03,2.968477300000000014e+03,1.821566600000000108e+03,9.833899799999999303e+00,3.696476700000000193e+01,4.832818799999999726e+01,1.619021500000000060e+02
1.148888899999999991e+00,3.654795700000000124e+03,3.236565300000000207e+03,2.963594300000000203e+03,1.819519800000000032e+03,1.206856200000000001e+01,3.844494499999999704e+01,5.135272700000000157e+01,1.807717199999999877e+02
1.151111100000000054e+00,3.649863100000000031e+03,3.231472499999999854e+03,2.958996900000000096e+03,1.818012899999999945e+03,1.403723699999999930e+01,3.987661500000000103e+01,5.436148399999999725e+01,2.021308500000000095e+02
1.153333299999999895e+00,3.645161000000000058e+03,3.226764799999999923e+03,2.954843400000000202e+03,1.817135199999999941e+03,1.609866999999999848e+01,4.140787100000000009e+01,5.753475999999999857e+01,2.257074399999999912e+02
1.155555600000000016e+00,3.640580500000000029e+03,3.222252100000000155e+03,2.950907999999999902e+03,1.816629599999999982e+03,1.822075600000000151e+01,4.308374400000000293e+01,6.093463299999999805e+01,2.519543400000000020e+02
1.157777800000000079e+00,3.636058500000000095e+03,3.217855300000000170e+03,2.947114700000000084e+03,1.816450599999999895e+03,2.052436799999999906e+01,4.499072799999999717e+01,6.465751600000000110e+01,2.812514800000000150e+02
1.159999999999999920e+00,3.631670500000000175e+03,3.213611699999999928e+03,2.943471500000000106e+03,1.816533300000000054e+03,2.299311000000000149e+01,4.713097900000000351e+01,6.869219699999999307e+01,3.143525900000000206e+02
1.162222199999999983e+00,3.627244200000000092e+03,3.209367400000000089e+03,2.939866300000000138e+03,1.816918599999999969e+03,2.587035900000000055e+01,4.974090199999999840e+01,7.344579199999999730e+01,3.543703100000000177e+02
1.164444400000000046e+00,3.622922599999999875e+03,3.205237500000000182e+03,2.936366599999999835e+03,1.817505799999999908e+03,2.885114000000000090e+01,5.247595100000000201e+01,7.836038299999999879e+01,4.005800199999999904e+02
1.166388900000000062e+00,3.622119200000000092e+03,3.208929700000000139e+03,2.944332499999999982e+03,1.838733400000000074e+03,2.968601299999999910e+01,5.488399900000000287e+01,8.261066099999999324e+01,4.545448600000000283e+02
1.168333300000000019e+00,3.618202699999999822e+03,3.204427000000000135e+03,2.940213000000000193e+03,1.837798399999999901e+03,3.281276199999999932e+01,5.746280800000000255e+01,8.734935099999999863e+01,5.020923099999999977e+02
1.170666699999999949e+00,3.608991700000000037e+03,3.188842399999999998e+03,2.920043999999999869e+03,1.808660599999999931e+03,3.924660800000000194e+01,6.120405199999999724e+01,9.383150200000000041e+01,5.438297400000000152e+02
1.173000000000000043e+00,3.604711600000000089e+03,3.184913799999999810e+03,2.916641200000000026e+03,1.809550400000000081e+03,4.312397899999999851e+01,6.594597400000000675e+01,1.024439799999999963e+02,6.248782300000000305e+02
1.175333299999999914e+00,3.601438299999999799e+03,3.182853599999999915e+03,2.915575200000000223e+03,1.813853900000000067e+03,4.696386600000000300e+01,7.044610199999999622e+01,1.116650999999999954e+02,7.218027100000000473e+02
1.177666700000000066e+00,3.597791999999999916e+03,3.180094099999999798e+03,2.913659700000000157e+03,1.817054499999999962e+03,5.009029400000000010e+01,7.499550899999999842e+01,1.214784400000000062e+02,8.048237699999999677e+02
1.179999999999999938e+00,3.594159900000000107e+03,3.177030200000000150e+03,2.911314400000000205e+03,1.819322699999999941e+03,5.345873900000000134e+01,8.021715000000000373e+01,1.327604499999999916e+02,8.836998099999999567e+02
1.182222200000000001e+00,3.591379199999999855e+03,3.176038300000000163e+03,2.912075100000000020e+03,1.826960600000000113e+03,5.530773200000000145e+01,8.525541400000000181e+01,1.444111800000000017e+02,9.597390000000000327e+02
1.184444400000000064e+00,3.587542500000000018e+03,3.172083299999999781e+03,2.908502199999999903e+03,1.826750700000000052e+03,5.829785900000000254e+01,9.064585200000000498e+01,1.573546000000000049e+02,1.028491299999999910e+03
1.186666699999999963e+00,3.583583399999999983e+03,3.167942199999999957e+03,2.904713499999999840e+03,1.826668699999999944e+03,6.185144600000000281e+01,9.682297199999999293e+01,1.757647900000000050e+02,1.099821999999999889e+03
1.188888900000000026e+00,3.579718199999999797e+03,3.163987099999999828e+03,2.901051699999999983e+03,1.826356199999999944e+03,6.544887900000000514e+01,1.033344799999999992e+02,1.943965900000000033e+02,1.164848600000000033e+03
1.191111100000000089e+00,3.576114199999999983e+03,3.160469999999999800e+03,2.897951399999999921e+03,1.827304499999999962e+03,6.878455200000000502e+01,1.096352200000000039e+02,2.133601500000000044e+02,1.230390699999999924e+03
1.193333299999999930e+00,3.572573600000000170e+03,3.157053699999999935e+03,2.894954499999999825e+03,1.828411100000000033e+03,7.219238199999999495e+01,1.162985400000000027e+02,2.336371800000000007e+02,1.296353499999999940e+03
1.195555600000000052e+00,3.569245800000000145e+03,3.153851599999999962e+03,2.892236899999999878e+03,1.830139599999999973e+03,7.562963999999999487e+01,1.228179200000000009e+02,2.545952399999999898e+02,1.364938200000000052e+03
1.197777799999999893e+00,3.565869200000000092e+03,3.150587599999999838e+03,2.889434400000000096e+03,1.831741700000000037e+03,7.853148400000000606e+01,1.287045999999999992e+02,2.776577700000000277e+02,1.451819799999999987e+03
1.199999999999999956e+00,3.562574099999999817e+03,3.147482599999999820e+03,2.886832899999999881e+03,1.833711700000000064e+03,8.098150499999999852e+01,1.344274800000000027e+02,3.039898800000000278e+02,1.516787399999999934e+03
1.201999999999999957e+00,3.562021900000000187e+03,3.150469300000000203e+03,2.893031199999999899e+03,1.851432999999999993e+03,8.150536800000000426e+01,1.424020800000000122e+02,3.310163800000000265e+02,1.567673399999999901e+03
1.203999999999999959e+00,3.559437199999999848e+03,3.147275000000000091e+03,2.890376699999999801e+03,1.853299099999999953e+03,8.416366399999999715e+01,1.514812100000000044e+02,3.608969200000000228e+02,1.576149899999999889e+03
1.205999999999999961e+00,3.556396299999999883e+03,3.143759300000000167e+03,2.887216600000000199e+03,1.854731299999999919e+03,8.831063699999999983e+01,1.601516100000000051e+02,3.854276300000000219e+02,1.570126299999999901e+03
1.207999999999999963e+00,3.553201399999999921e+03,3.141097800000000007e+03,2.885039499999999862e+03,1.857706899999999905e+03,9.353153700000000015e+01,1.702578100000000063e+02,4.165256099999999719e+02,1.578087899999999991e+03
1.209999999999999964e+00,3.550388600000000224e+03,3.138886599999999817e+03,2.883407099999999900e+03,1.861497200000000021e+03,9.812615599999999461e+01,1.804623300000000086e+02,4.577943099999999959e+02,1.580717200000000048e+03
1.211999999999999966e+00,3.550006499999999960e+03,3.136251800000000003e+03,2.881752399999999852e+03,1.865849699999999984e+03,1.011406499999999937e+02,1.890424600000000055e+02,4.945794099999999958e+02,1.583312200000000075e+03
1.213999999999999968e+00,3.548774800000000141e+03,3.134751499999999851e+03,2.881349799999999959e+03,1.873442500000000109e+03,1.075434599999999961e+02,1.958928400000000067e+02,5.002647000000000048e+02,1.585296399999999949e+03
1.215999999999999970e+00,3.547288399999999911e+03,3.133288500000000113e+03,2.880870100000000093e+03,1.880692500000000109e+03,1.151944299999999970e+02,2.059285800000000108e+02,5.057266999999999939e+02,1.585049899999999980e+03
1.217999999999999972e+00,3.548397199999999884e+03,3.131794400000000223e+03,2.880721000000000004e+03,1.888506599999999935e+03,1.273156599999999941e+02,2.169727900000000034e+02,5.027454700000000116e+02,1.575099200000000110e+03
1.219999999999999973e+00,3.546969799999999850e+03,3.131032400000000052e+03,2.880992600000000039e+03,1.896539999999999964e+03,1.419462399999999889e+02,2.304535199999999975e+02,5.047953299999999786e+02,1.569914600000000064e+03
1.221818199999999965e+00,3.547497299999999996e+03,3.135353000000000065e+03,2.888635699999999815e+03,1.916719700000000103e+03,1.498175300000000050e+02,2.451739699999999971e+02,5.075441000000000145e+02,1.584868199999999888e+03
1.223636399999999957e+00,3.546063999999999851e+03,3.134423099999999977e+03,2.888475800000000163e+03,1.922394099999999980e+03,1.641728799999999922e+02,2.573953999999999951e+02,5.051522299999999746e+02,1.569588099999999940e+03
1.225454499999999891e+00,3.544303699999999935e+03,3.132737500000000182e+03,2.887354899999999816e+03,1.927028199999999970e+03,1.754904600000000130e+02,2.694401899999999728e+02,5.026921300000000201e+02,1.544677200000000084e+03
1.227272700000000105e+00,3.543501000000000204e+03,3.132424700000000030e+03,2.887985900000000129e+03,1.935201299999999947e+03,1.914345199999999920e+02,2.837375900000000115e+02,5.013415200000000027e+02,1.533679300000000012e+03
1.228863599999999945e+00,3.546333299999999781e+03,3.139562500000000000e+03,2.899704099999999926e+03,1.962557900000000018e+03,1.890360599999999920e+02,2.969300000000000068e+02,5.042135400000000232e+02,1.553529399999999896e+03
1.230454500000000007e+00,3.545213099999999940e+03,3.138358400000000074e+03,2.899117999999999938e+03,1.966712800000000016e+03,1.973634600000000034e+02,3.066836500000000001e+02,5.057338700000000244e+02,1.541358400000000074e+03
1.232045499999999905e+00,3.543859800000000178e+03,3.136606200000000172e+03,2.897790100000000166e+03,1.971002799999999979e+03,2.165376899999999978e+02,3.290303499999999985e+02,5.004342700000000264e+02,1.520853299999999990e+03
1.233636399999999966e+00,3.542490800000000036e+03,3.134958900000000085e+03,2.896425400000000081e+03,1.973864000000000033e+03,2.287582800000000134e+02,3.438069399999999973e+02,5.006507500000000164e+02,1.508549400000000105e+03
1.235227300000000028e+00,3.541137799999999970e+03,3.133503099999999904e+03,2.895279199999999946e+03,1.976890300000000025e+03,2.366591799999999921e+02,3.494234900000000152e+02,5.047199299999999766e+02,1.491341499999999996e+03
1.236818200000000090e+00,3.540671800000000076e+03,3.133293000000000120e+03,2.895727300000000014e+03,1.983144999999999982e+03,2.511899699999999882e+02,3.598842099999999959e+02,5.095224499999999921e+02,1.476242099999999937e+03
1.238409099999999929e+00,3.540841199999999844e+03,3.133964300000000094e+03,2.897331599999999980e+03,1.992281099999999924e+03,2.666753499999999804e+02,3.696387100000000032e+02,5.159737599999999702e+02,1.461166099999999915e+03
1.239999999999999991e+00,3.541012600000000020e+03,3.134615400000000136e+03,2.898829400000000078e+03,2.000451700000000073e+03,2.832469500000000266e+02,3.822268100000000004e+02,5.237478599999999460e+02,1.447548000000000002e+03
1.241538500000000100e+00,3.541897100000000137e+03,3.136836299999999937e+03,2.902673999999999978e+03,2.011871399999999994e+03,2.980403099999999768e+02,3.940167799999999829e+02,5.327427900000000136e+02,1.441102599999999939e+03
1.243076899999999929e+00,3.542225899999999911e+03,3.137508800000000065e+03,2.904064699999999903e+03,2.019103499999999940e+03,3.205007100000000264e+02,4.085492499999999723e+02,5.428635900000000447e+02,1.428822100000000091e+03
1.244615400000000038e+00,3.542178699999999935e+03,3.137675299999999879e+03,2.904814699999999903e+03,2.025429900000000089e+03,3.442202700000000277e+02,4.228943600000000060e+02,5.534013599999999542e+02,1.415250399999999900e+03
1.246153800000000089e+00,3.542350800000000163e+03,3.138139000000000124e+03,2.905906700000000001e+03,2.032402700000000095e+03,3.687180900000000179e+02,4.380998999999999910e+02,5.643858900000000176e+02,1.402952800000000025e+03
1.247692299999999976e+00,3.542732800000000225e+03,3.138914000000000215e+03,2.907383800000000065e+03,2.040275100000000066e+03,3.945738900000000058e+02,4.551153100000000222e+02,5.765241700000000264e+02,1.391455999999999904e+03
1.249230800000000086e+00,3.543367099999999937e+03,3.140016999999999825e+03,2.909250500000000102e+03,2.048996900000000096e+03,4.213856400000000235e+02,4.727192600000000198e+02,5.900224399999999605e+02,1.382069199999999910e+03
1.250769199999999914e+00,3.544094000000000051e+03,3.141234399999999823e+03,2.911233999999999924e+03,2.058001900000000205e+03,4.489087299999999914e+02,4.913480999999999881e+02,6.049173899999999549e+02,1.373676400000000058e+03
1.252307700000000024e+00,3.544713200000000143e+03,3.142364399999999932e+03,2.913144999999999982e+03,2.067131400000000212e+03,4.766494700000000080e+02,5.104000199999999836e+02,6.205089699999999766e+02,1.365318999999999960e+03
1.253846199999999911e+00,3.545743500000000040e+03,3.144045599999999922e+03,2.915764900000000125e+03,2.077646400000000085e+03,5.044993099999999799e+02,5.291007100000000491e+02,6.360501500000000306e+02,1.355950800000000072e+03
1.255384599999999962e+00,3.546520500000000084e+03,3.145507599999999911e+03,2.918220400000000154e+03,2.088719500000000153e+03,5.326759299999999939e+02,5.471126400000000558e+02,6.511307399999999461e+02,1.345817199999999957e+03
1.256923100000000071e+00,3.547441800000000057e+03,3.147081400000000031e+03,2.920730500000000120e+03,2.099566899999999805e+03,5.603214600000000019e+02,5.660028899999999794e+02,6.669389700000000403e+02,1.334442399999999907e+03
1.258461499999999900e+00,3.548178300000000036e+03,3.148461899999999787e+03,2.923028299999999945e+03,2.110077499999999873e+03,5.884828800000000228e+02,5.849492800000000443e+02,6.820052299999999832e+02,1.322667799999999943e+03
1.260000000000000009e+00,3.548785699999999906e+03,3.149671299999999974e+03,2.925089399999999841e+03,2.120016399999999976e+03,6.169344800000000077e+02,6.050664799999999559e+02,6.972276200000000017e+02,1.312452700000000050e+03
1.261538499999999896e+00,3.549114799999999832e+03,3.150539499999999862e+03,2.926726999999999862e+03,2.129172500000000127e+03,6.450065499999999474e+02,6.234815800000000081e+02,7.109572100000000319e+02,1.305130599999999959e+03
1.263076899999999947e+00,3.555056900000000041e+03,3.159380599999999959e+03,2.939754300000000057e+03,2.175122199999999793e+03,7.273711799999999812e+02,6.411458900000000085e+02,7.237157099999999446e+02,1.293282500000000027e+03
1.264615400000000056e+00,3.554574999999999818e+03,3.159266599999999926e+03,2.940257099999999809e+03,2.183152399999999943e+03,7.512622999999999820e+02,6.590513700000000199e+02,7.368250699999999824e+02,1.284057900000000018e+03
1.266324800000000028e+00,3.552742999999999938e+03,3.155131800000000112e+03,2.934406700000000001e+03,2.179309200000000146e+03,7.945278600000000324e+02,6.859104899999999816e+02,7.567156599999999571e+02,1.266355000000000018e+03
1.268034200000000000e+00,3.549358400000000074e+03,3.151654700000000048e+03,2.930735700000000179e+03,2.177655900000000202e+03,8.083996600000000399e+02,6.977681000000000040e+02,7.630410100000000284e+02,1.249614399999999932e+03
1.269743599999999972e+00,3.548033899999999903e+03,3.150876999999999953e+03,2.930325400000000172e+03,2.181153200000000197e+03,8.280965599999999540e+02,7.143644799999999577e+02,7.747541099999999687e+02,1.240567399999999907e+03
1.271452999999999944e+00,3.545323600000000170e+03,3.148454900000000180e+03,2.927966499999999996e+03,2.181405299999999897e+03,8.434495699999999943e+02,7.253863000000000056e+02,7.810017400000000407e+02,1.225665899999999965e+03
1.273162399999999916e+00,3.542460599999999886e+03,3.145755299999999806e+03,2.925226700000000164e+03,2.181273000000000138e+03,8.591256700000000137e+02,7.354739299999999957e+02,7.868575299999999970e+02,1.209939800000000105e+03
1.274871800000000110e+00,3.538778899999999794e+03,3.142076700000000073e+03,2.921339100000000144e+03,2.179469000000000051e+03,8.711103399999999510e+02,7.417192599999999629e+02,7.892455999999999676e+02,1.190725500000000011e+03
1.276581200000000083e+00,3.534672099999999773e+03,3.137835099999999784e+03,2.916750100000000202e+03,2.176678399999999783e+03,8.806641799999999876e+02,7.451530199999999695e+02,7.900534800000000359e+02,1.167241899999999987e+03
1.278290600000000055e+00,3.530190399999999954e+03,3.133173400000000129e+03,2.911693200000000161e+03,2.173478900000000067e+03,8.894748799999999846e+02,7.473425399999999854e+02,7.890915099999999711e+02,1.138233899999999949e+03
1.280000000000000027e+00,3.525332199999999830e+03,3.128030000000000200e+03,2.906042100000000119e+03,2.169338699999999790e+03,8.956507000000000289e+02,7.473833799999999883e+02,7.856935700000000224e+02,1.108967799999999897e+03
1.281538499999999914e+00,3.521358499999999822e+03,3.126486199999999826e+03,2.905819300000000112e+03,2.172401499999999942e+03,8.837025300000000243e+02,7.383216099999999642e+02,7.744205500000000484e+02,1.089840300000000070e+03
1.283216799999999935e+00,3.516781100000000151e+03,3.119398599999999988e+03,2.896896099999999933e+03,2.164092000000000098e+03,9.036086500000000115e+02,7.425591100000000324e+02,7.774736000000000331e+02,1.063699800000000096e+03
1.284895099999999957e+00,3.509057299999999941e+03,3.110591600000000199e+03,2.886862000000000080e+03,2.153361499999999978e+03,8.988124900000000252e+02,7.299356199999999717e+02,7.636402900000000500e+02,1.030225200000000086e+03
1.286405599999999927e+00,3.504922099999999773e+03,3.108741199999999935e+03,2.886004699999999957e+03,2.155202900000000227e+03,8.825898200000000315e+02,7.180709200000000010e+02,7.502506399999999758e+02,1.008795600000000036e+03
1.288104899999999997e+00,3.497090900000000147e+03,3.096950699999999870e+03,2.871041099999999915e+03,2.136594900000000052e+03,8.921817800000000034e+02,7.150201200000000199e+02,7.437341800000000376e+02,9.789106000000000449e+02
1.289804200000000067e+00,3.488750599999999849e+03,3.087492799999999988e+03,2.860192300000000159e+03,2.124582300000000032e+03,8.817562199999999848e+02,6.963512899999999490e+02,7.209193299999999454e+02,9.448208300000000008e+02
1.291503499999999915e+00,3.482375399999999900e+03,3.080577800000000025e+03,2.852257700000000114e+03,2.116460099999999784e+03,8.739288400000000365e+02,6.836303000000000338e+02,7.058702399999999670e+02,9.185615199999999732e+02
1.292919600000000058e+00,3.479362999999999829e+03,3.082187600000000202e+03,2.855991300000000138e+03,2.124262400000000071e+03,8.445104900000000043e+02,6.646403599999999869e+02,6.833168799999999692e+02,9.018871500000000196e+02
1.294335699999999978e+00,3.474544800000000123e+03,3.076648000000000138e+03,2.849348100000000159e+03,2.116090000000000146e+03,8.391468200000000479e+02,6.605643700000000536e+02,6.772697799999999688e+02,8.863770899999999529e+02
1.295751700000000062e+00,3.466840400000000045e+03,3.067236499999999978e+03,2.838145100000000184e+03,2.101632099999999809e+03,8.285744999999999436e+02,6.466742199999999912e+02,6.601825099999999793e+02,8.547548299999999699e+02
1.297167799999999982e+00,3.462264799999999923e+03,3.061660600000000159e+03,2.831506400000000212e+03,2.094074999999999818e+03,8.230611499999999978e+02,6.378007199999999557e+02,6.492934400000000323e+02,8.301739599999999655e+02
1.298583899999999902e+00,3.455439699999999903e+03,3.053514299999999821e+03,2.821916499999999814e+03,2.082838499999999840e+03,8.128496900000000096e+02,6.267776099999999815e+02,6.358472100000000182e+02,8.023532199999999648e+02
1.300000000000000044e+00,3.450033899999999903e+03,3.047180499999999938e+03,2.814484300000000076e+03,2.074513399999999820e+03,8.041295900000000074e+02,6.171760799999999563e+02,6.239462300000000141e+02,7.771510200000000168e+02
1.301428599999999935e+00,3.443505400000000009e+03,3.039364599999999882e+03,2.805268099999999777e+03,2.063428600000000188e+03,7.931273999999999660e+02,6.056731899999999769e+02,6.107795800000000099e+02,7.493949900000000071e+02
1.302857099999999990e+00,3.437747100000000046e+03,3.032758200000000215e+03,2.797563999999999851e+03,2.054397899999999936e+03,7.818251000000000204e+02,5.954048599999999851e+02,5.991930999999999585e+02,7.240267300000000432e+02
1.304285700000000103e+00,3.431760600000000068e+03,3.025944399999999860e+03,2.789632399999999961e+03,2.044755400000000009e+03,7.680002100000000382e+02,5.832398600000000215e+02,5.858618699999999535e+02,6.976351300000000037e+02
1.305714299999999994e+00,3.425977100000000064e+03,3.019385800000000017e+03,2.781997400000000198e+03,2.035297800000000052e+03,7.537151499999999942e+02,5.716141999999999825e+02,5.730333799999999655e+02,6.725220199999999977e+02
1.307142900000000107e+00,3.420308399999999892e+03,3.012978500000000167e+03,2.774563900000000103e+03,2.026098099999999931e+03,7.393371700000000146e+02,5.597920299999999543e+02,5.596881200000000263e+02,6.479959700000000566e+02
1.308571399999999940e+00,3.414888399999999820e+03,3.006884700000000066e+03,2.767517499999999927e+03,2.017321799999999939e+03,7.250971500000000560e+02,5.484755800000000363e+02,5.463119400000000496e+02,6.259447499999999991e+02
1.310000000000000053e+00,3.410024499999999989e+03,3.001449300000000221e+03,2.761229699999999866e+03,2.009318299999999908e+03,7.106966999999999643e+02,5.372362799999999652e+02,5.321353500000000167e+02,6.048099600000000464e+02
1.311666699999999963e+00,3.400510200000000168e+03,2.987119499999999789e+03,2.743739300000000185e+03,1.984180299999999988e+03,7.035784800000000132e+02,5.273446699999999510e+02,5.216290199999999686e+02,5.829766899999999623e+02
1.312857099999999999e+00,3.407859399999999823e+03,3.004513399999999820e+03,2.766159500000000207e+03,2.020491800000000012e+03,6.722843000000000302e+02,5.188984400000000505e+02,5.119568399999999997e+02,5.810885899999999538e+02
1.314047600000000093e+00,3.403145500000000084e+03,2.999331499999999778e+03,2.760065700000000106e+03,2.011504300000000057e+03,6.554328600000000051e+02,5.090490500000000225e+02,5.013727400000000216e+02,5.784702499999999645e+02
1.315238099999999966e+00,3.397166900000000169e+03,2.991653099999999995e+03,2.751004300000000057e+03,1.998930000000000064e+03,6.451109199999999646e+02,5.024624299999999835e+02,4.945222499999999854e+02,5.606348299999999654e+02
1.316428600000000060e+00,3.391878700000000208e+03,2.984824999999999818e+03,2.743002100000000155e+03,1.988033599999999979e+03,6.335507099999999809e+02,4.944550399999999968e+02,4.861373600000000010e+02,5.455409200000000283e+02
1.317619000000000096e+00,3.386755599999999959e+03,2.978446300000000065e+03,2.735678399999999783e+03,1.978517900000000054e+03,6.214077999999999520e+02,4.865148500000000240e+02,4.778396700000000124e+02,5.340209899999999834e+02
1.318809499999999968e+00,3.382313000000000102e+03,2.972992099999999937e+03,2.729448699999999917e+03,1.970425899999999956e+03,6.093459299999999530e+02,4.793008300000000190e+02,4.701641799999999876e+02,5.234409500000000435e+02
1.320000000000000062e+00,3.378069899999999961e+03,2.967868199999999888e+03,2.723642299999999977e+03,1.962918499999999995e+03,5.972838900000000422e+02,4.724427600000000211e+02,4.628465299999999729e+02,5.134418399999999565e+02
1.321111099999999983e+00,3.376747199999999793e+03,2.968009700000000066e+03,2.724324999999999818e+03,1.965140100000000075e+03,5.793832899999999881e+02,4.649719299999999862e+02,4.547133000000000038e+02,5.040628800000000069e+02
1.322222199999999903e+00,3.373059499999999844e+03,2.963570600000000013e+03,2.719302200000000084e+03,1.958458800000000110e+03,5.684182799999999816e+02,4.601754199999999742e+02,4.494944800000000100e+02,4.966730400000000145e+02
1.323407400000000012e+00,3.367142199999999775e+03,2.954736899999999878e+03,2.708847499999999854e+03,1.943507499999999936e+03,5.658971500000000106e+02,4.580502099999999928e+02,4.471245000000000118e+02,4.909550600000000031e+02
1.324592599999999898e+00,3.364165399999999863e+03,2.951059900000000198e+03,2.704779300000000148e+03,1.938424199999999928e+03,5.587718800000000101e+02,4.561236700000000042e+02,4.447843799999999987e+02,4.879363900000000172e+02
1.325555599999999945e+00,3.369975899999999911e+03,2.963463999999999942e+03,2.720590599999999995e+03,1.963904600000000073e+03,5.297595700000000534e+02,4.516958999999999946e+02,4.395125400000000013e+02,4.858132800000000202e+02
1.326518499999999934e+00,3.366340499999999793e+03,2.959200699999999870e+03,2.715871200000000044e+03,1.957347500000000082e+03,5.180053400000000465e+02,4.473863499999999931e+02,4.348353599999999801e+02,4.805111299999999801e+02
1.327481499999999981e+00,3.362951399999999921e+03,2.954434600000000046e+03,2.710439300000000003e+03,1.949860799999999927e+03,5.146950500000000375e+02,4.480317800000000261e+02,4.353236999999999739e+02,4.798034499999999980e+02
1.328444399999999970e+00,3.359830399999999827e+03,2.950117099999999937e+03,2.705608000000000175e+03,1.943418200000000070e+03,5.114485900000000242e+02,4.476770399999999768e+02,4.347312000000000012e+02,4.783330900000000270e+02
1.329407400000000017e+00,3.357322700000000168e+03,2.946736300000000028e+03,2.701999699999999848e+03,1.939118799999999965e+03,5.088804799999999773e+02,4.475745900000000006e+02,4.343268100000000231e+02,4.771671200000000113e+02
1.330370400000000064e+00,3.354445700000000215e+03,2.943009100000000217e+03,2.697979100000000017e+03,1.934077399999999898e+03,5.047728200000000243e+02,4.474246899999999982e+02,4.338496099999999842e+02,4.760052400000000148e+02
1.331333300000000053e+00,3.352403600000000097e+03,2.940350300000000061e+03,2.695205399999999827e+03,1.930728699999999890e+03,5.019770899999999756e+02,4.492412699999999859e+02,4.353182800000000157e+02,4.766311900000000037e+02
1.332416700000000009e+00,3.346170900000000074e+03,2.930065200000000004e+03,2.682968100000000049e+03,1.912539199999999937e+03,5.129283100000000104e+02,4.542270599999999945e+02,4.400613900000000172e+02,4.789221499999999878e+02
1.333499999999999908e+00,3.344426800000000185e+03,2.927920200000000023e+03,2.680795799999999872e+03,1.909667799999999943e+03,5.057385899999999879e+02,4.570006500000000074e+02,4.423296500000000151e+02,4.803379499999999780e+02
1.334583300000000028e+00,3.342432499999999891e+03,2.925985599999999977e+03,2.679035600000000159e+03,1.907965599999999995e+03,4.994587599999999838e+02,4.554601299999999924e+02,4.405466099999999869e+02,4.781900099999999725e+02
1.335666699999999985e+00,3.340519999999999982e+03,2.924106600000000071e+03,2.677270300000000134e+03,1.905821899999999914e+03,4.921722800000000007e+02,4.543287199999999757e+02,4.391692499999999768e+02,4.760059099999999717e+02
1.336750000000000105e+00,3.338654700000000048e+03,2.922239799999999832e+03,2.675522699999999986e+03,1.903865800000000036e+03,4.869675799999999981e+02,4.541679700000000253e+02,4.387706299999999828e+02,4.743804200000000151e+02
1.337833300000000003e+00,3.336607500000000073e+03,2.920132500000000164e+03,2.673490600000000086e+03,1.901434799999999996e+03,4.808232399999999984e+02,4.535900800000000004e+02,4.379527699999999868e+02,4.718435000000000059e+02
1.338916699999999960e+00,3.334596500000000106e+03,2.918050299999999879e+03,2.671502700000000004e+03,1.899185799999999972e+03,4.758184899999999971e+02,4.538417299999999841e+02,4.379905600000000163e+02,4.700417699999999854e+02
1.340000000000000080e+00,3.332862599999999929e+03,2.916262499999999818e+03,2.669850300000000061e+03,1.897462199999999939e+03,4.721379600000000210e+02,4.555974499999999807e+02,4.395659699999999930e+02,4.696849500000000148e+02
1.341111100000000000e+00,3.330397199999999884e+03,2.913037299999999959e+03,2.666391000000000076e+03,1.892913099999999986e+03,4.726480999999999995e+02,4.588349799999999732e+02,4.426576999999999771e+02,4.706782799999999725e+02
1.342222199999999921e+00,3.328598500000000058e+03,2.911172399999999925e+03,2.664667399999999816e+03,1.891116500000000087e+03,4.690120400000000132e+02,4.605778399999999806e+02,4.442856600000000071e+02,4.705265299999999797e+02
1.343333300000000063e+00,3.326673699999999826e+03,2.909221500000000106e+03,2.662852300000000014e+03,1.889148100000000113e+03,4.638947800000000257e+02,4.611796899999999937e+02,4.447942100000000210e+02,4.691826399999999921e+02
1.344444399999999984e+00,3.324976400000000012e+03,2.907517400000000180e+03,2.661323600000000170e+03,1.887633299999999963e+03,4.598061400000000276e+02,4.632000899999999888e+02,4.467593600000000151e+02,4.690057300000000282e+02
1.345555599999999963e+00,3.323185399999999845e+03,2.905693699999999808e+03,2.659670000000000073e+03,1.886091499999999996e+03,4.567282000000000153e+02,4.644763599999999997e+02,4.480394200000000069e+02,4.683846199999999840e+02
1.346759299999999993e+00,3.318300600000000031e+03,2.898523599999999988e+03,2.651342999999999847e+03,1.873912600000000111e+03,4.620985699999999952e+02,4.654147699999999759e+02,4.489587000000000216e+02,4.671363099999999804e+02
1.347963000000000022e+00,3.316321300000000065e+03,2.896529100000000199e+03,2.649518900000000031e+03,1.872044000000000096e+03,4.579173000000000116e+02,4.661499900000000025e+02,4.497486900000000105e+02,4.666816200000000094e+02
1.349166700000000052e+00,3.314857800000000225e+03,2.895305400000000191e+03,2.648591100000000097e+03,1.871471099999999979e+03,4.525519300000000271e+02,4.673212899999999763e+02,4.509736399999999890e+02,4.663361699999999814e+02
1.350370400000000082e+00,3.313177700000000186e+03,2.893787400000000162e+03,2.647289699999999812e+03,1.870515000000000100e+03,4.474403199999999856e+02,4.675921999999999912e+02,4.513944299999999998e+02,4.653233799999999860e+02
1.351745999999999892e+00,3.306986300000000028e+03,2.884284400000000005e+03,2.635945600000000013e+03,1.853479599999999891e+03,4.570658300000000054e+02,4.682869800000000282e+02,4.521831500000000119e+02,4.639217600000000061e+02
1.353121699999999983e+00,3.304869200000000092e+03,2.882317300000000159e+03,2.634168700000000172e+03,1.851875500000000102e+03,4.508507500000000050e+02,4.679489199999999869e+02,4.521065199999999891e+02,4.635416200000000231e+02
1.354497400000000074e+00,3.303447000000000116e+03,2.881434299999999894e+03,2.633668000000000120e+03,1.852157500000000027e+03,4.431354200000000105e+02,4.679589799999999968e+02,4.522934300000000007e+02,4.647538700000000063e+02
1.355873000000000106e+00,3.301749499999999898e+03,2.880150999999999840e+03,2.632671100000000024e+03,1.851729700000000093e+03,4.354017900000000054e+02,4.681173999999999751e+02,4.528136099999999828e+02,4.660248100000000022e+02
1.357248699999999975e+00,3.299869599999999991e+03,2.878531500000000051e+03,2.631233900000000176e+03,1.850600699999999961e+03,4.278478200000000129e+02,4.676128699999999867e+02,4.527304399999999873e+02,4.667985100000000216e+02
1.358624300000000007e+00,3.297912200000000212e+03,2.876767600000000130e+03,2.629640600000000177e+03,1.849407500000000027e+03,4.217621100000000069e+02,4.681612600000000270e+02,4.537159399999999891e+02,4.687536200000000122e+02
1.360000000000000098e+00,3.296038700000000063e+03,2.875028299999999945e+03,2.628056099999999788e+03,1.848257599999999911e+03,4.166283900000000244e+02,4.692592300000000023e+02,4.552862999999999829e+02,4.714711899999999787e+02
1.361333300000000079e+00,3.295098199999999906e+03,2.875043299999999817e+03,2.628747800000000097e+03,1.851020299999999907e+03,4.087658599999999751e+02,4.714085000000000036e+02,4.579609800000000064e+02,4.754935300000000211e+02
1.362666699999999897e+00,3.293304700000000139e+03,2.873264099999999871e+03,2.627083700000000135e+03,1.849797900000000027e+03,4.050197099999999750e+02,4.733365000000000009e+02,4.604214600000000246e+02,4.791776699999999778e+02
1.364000000000000101e+00,3.291238699999999881e+03,2.871048299999999927e+03,2.624908199999999852e+03,1.847881699999999910e+03,4.017074799999999755e+02,4.749230699999999956e+02,4.625866599999999949e+02,4.826446700000000192e+02
1.365454500000000015e+00,3.286693600000000060e+03,2.864155699999999797e+03,2.616757000000000062e+03,1.836092200000000048e+03,4.098292200000000207e+02,4.764519500000000107e+02,4.646057500000000005e+02,4.860973500000000058e+02
1.366909099999999988e+00,3.284718899999999849e+03,2.862223500000000058e+03,2.615035699999999906e+03,1.835186699999999973e+03,4.080611400000000231e+02,4.799041500000000156e+02,4.687554700000000025e+02,4.918900699999999802e+02
1.368363599999999902e+00,3.282992900000000191e+03,2.860717599999999948e+03,2.613753299999999854e+03,1.834562599999999975e+03,4.025593400000000202e+02,4.806462599999999838e+02,4.702473499999999831e+02,4.950344099999999798e+02
1.369818200000000097e+00,3.281070600000000013e+03,2.858982800000000225e+03,2.612228000000000065e+03,1.833701199999999972e+03,3.973688500000000090e+02,4.820759199999999964e+02,4.724615699999999947e+02,4.990017199999999775e+02
1.371272700000000011e+00,3.279122299999999996e+03,2.857143700000000081e+03,2.610549599999999828e+03,1.832573799999999892e+03,3.924678999999999860e+02,4.831970699999999965e+02,4.744196200000000090e+02,5.027825199999999768e+02
1.372727299999999984e+00,3.277298499999999876e+03,2.855340900000000147e+03,2.608844000000000051e+03,1.831219499999999925e+03,3.876288499999999999e+02,4.839696000000000140e+02,4.760651700000000233e+02,5.063670200000000250e+02
1.374181799999999898e+00,3.275384900000000016e+03,2.853439100000000053e+03,2.607064400000000205e+03,1.829974500000000035e+03,3.839491300000000251e+02,4.856820599999999786e+02,4.786391100000000165e+02,5.108011399999999753e+02
1.375636400000000092e+00,3.273626600000000053e+03,2.851663100000000213e+03,2.605399600000000191e+03,1.828816299999999956e+03,3.807346200000000067e+02,4.878449600000000146e+02,4.816603400000000192e+02,5.157474600000000464e+02
1.377090900000000007e+00,3.271751099999999951e+03,2.849767899999999827e+03,2.603631300000000010e+03,1.827625700000000052e+03,3.779338099999999940e+02,4.902251699999999914e+02,4.848845999999999776e+02,5.209148099999999886e+02
1.378545499999999979e+00,3.269744099999999889e+03,2.847707100000000082e+03,2.601671200000000226e+03,1.826114600000000110e+03,3.749490200000000186e+02,4.921913200000000188e+02,4.876845599999999763e+02,5.257500700000000506e+02
1.379999999999999893e+00,3.267815300000000207e+03,2.845711200000000190e+03,2.599774899999999889e+03,1.824651299999999992e+03,3.724055299999999988e+02,4.944291799999999739e+02,4.907419100000000185e+02,5.308893399999999474e+02
1.381666700000000025e+00,3.262266500000000178e+03,2.836893300000000181e+03,2.589171899999999823e+03,1.808830500000000029e+03,3.897300700000000120e+02,4.975319999999999823e+02,4.944029199999999946e+02,5.369858100000000150e+02
1.383499999999999952e+00,3.258140899999999874e+03,2.830826599999999871e+03,2.582097499999999854e+03,1.798655600000000049e+03,3.996250099999999748e+02,5.009910300000000234e+02,4.986695100000000025e+02,5.442019699999999602e+02
1.385562500000000030e+00,3.253981000000000222e+03,2.824926899999999932e+03,2.575270399999999881e+03,1.788789500000000089e+03,4.084894400000000019e+02,5.043030899999999974e+02,5.028063000000000216e+02,5.515945600000000013e+02
1.387367199999999912e+00,3.255532900000000154e+03,2.830131699999999910e+03,2.582622400000000198e+03,1.802321099999999888e+03,3.843876099999999951e+02,5.071737699999999904e+02,5.070687599999999975e+02,5.585726799999999912e+02
1.389472700000000005e+00,3.250682299999999941e+03,2.822844300000000203e+03,2.573963600000000042e+03,1.789572699999999941e+03,3.981327900000000000e+02,5.109704800000000091e+02,5.113307500000000232e+02,5.677535299999999552e+02
1.391578100000000040e+00,3.248586999999999989e+03,2.821228000000000065e+03,2.572690399999999954e+03,1.789378200000000106e+03,3.950429599999999937e+02,5.160266900000000305e+02,5.173823599999999487e+02,5.797321100000000342e+02
1.393683599999999911e+00,3.246869499999999789e+03,2.820223500000000058e+03,2.572129500000000007e+03,1.790266300000000001e+03,3.905370100000000093e+02,5.203726599999999962e+02,5.225336399999999912e+02,5.912151000000000067e+02
1.395789100000000005e+00,3.244640699999999924e+03,2.818545599999999922e+03,2.570807499999999891e+03,1.790208399999999983e+03,3.866099699999999757e+02,5.245795600000000150e+02,5.274549299999999903e+02,6.020949799999999641e+02
1.397894500000000040e+00,3.242207199999999830e+03,2.816463099999999940e+03,2.568968600000000151e+03,1.789359899999999925e+03,3.831839200000000005e+02,5.278464300000000549e+02,5.312205300000000534e+02,6.124217599999999493e+02
1.399999999999999911e+00,3.239693900000000212e+03,2.814202999999999975e+03,2.566936599999999999e+03,1.788360300000000052e+03,3.812747499999999832e+02,5.319014700000000175e+02,5.356864900000000489e+02,6.231857199999999466e+02
1.402222199999999974e+00,3.236385000000000218e+03,2.809958700000000135e+03,2.562339699999999993e+03,1.783129899999999907e+03,3.893381899999999973e+02,5.381871999999999616e+02,5.422524100000000544e+02,6.356949499999999489e+02
1.404444400000000037e+00,3.233657200000000103e+03,2.807430800000000090e+03,2.560068800000000010e+03,1.781970800000000054e+03,3.891361299999999801e+02,5.432794699999999466e+02,5.476084499999999480e+02,6.469795400000000427e+02
1.406666699999999937e+00,3.231238600000000133e+03,2.805369000000000142e+03,2.558394200000000183e+03,1.781903199999999970e+03,3.903181900000000155e+02,5.498818199999999479e+02,5.543160500000000184e+02,6.604699200000000019e+02
1.408888900000000000e+00,3.228806300000000192e+03,2.803137200000000121e+03,2.556444300000000112e+03,1.781318199999999933e+03,3.917002200000000016e+02,5.560490999999999531e+02,5.604392299999999523e+02,6.718585600000000113e+02
1.411111100000000063e+00,3.225838000000000193e+03,2.800237999999999829e+03,2.553757099999999809e+03,1.779971000000000004e+03,3.938305100000000039e+02,5.624698200000000270e+02,5.666902599999999666e+02,6.830198699999999690e+02
1.413333299999999904e+00,3.223131499999999960e+03,2.797595600000000104e+03,2.551354800000000068e+03,1.778837399999999889e+03,3.962821099999999888e+02,5.682524100000000544e+02,5.721521199999999681e+02,6.933735299999999597e+02
1.415555600000000025e+00,3.220246099999999842e+03,2.794712399999999889e+03,2.548687699999999950e+03,1.777359400000000051e+03,3.987230000000000132e+02,5.733366899999999760e+02,5.769072599999999511e+02,7.035215100000000348e+02
1.417777800000000088e+00,3.217674599999999828e+03,2.792143199999999979e+03,2.546359100000000126e+03,1.776193299999999908e+03,4.012394899999999893e+02,5.799136200000000372e+02,5.836342799999999897e+02,7.157803199999999606e+02
1.419999999999999929e+00,3.215170700000000124e+03,2.789663399999999911e+03,2.544177900000000136e+03,1.775518299999999954e+03,4.057262999999999806e+02,5.870414700000000039e+02,5.909342599999999948e+02,7.289401800000000549e+02
1.422500000000000098e+00,3.210017199999999775e+03,2.782230900000000020e+03,2.535904799999999796e+03,1.765166899999999941e+03,4.272995199999999727e+02,5.949894399999999450e+02,5.987627599999999575e+02,7.421746500000000424e+02
1.425000000000000044e+00,3.207337199999999939e+03,2.779738699999999881e+03,2.533835300000000188e+03,1.764877700000000004e+03,4.327889200000000187e+02,6.030788499999999885e+02,6.064592699999999468e+02,7.579465000000000146e+02
1.427499999999999991e+00,3.204934999999999945e+03,2.777819100000000162e+03,2.532474200000000110e+03,1.765824200000000019e+03,4.374465299999999957e+02,6.111285000000000309e+02,6.139001200000000154e+02,7.773674600000000510e+02
1.429999999999999938e+00,3.202777099999999791e+03,2.776052200000000084e+03,2.531243899999999940e+03,1.767072400000000016e+03,4.441229900000000157e+02,6.204853299999999763e+02,6.226175899999999501e+02,8.026003600000000233e+02
1.432500000000000107e+00,3.200104899999999816e+03,2.773568699999999808e+03,2.529152500000000146e+03,1.767295900000000074e+03,4.518984100000000126e+02,6.301220200000000204e+02,6.315880700000000161e+02,8.209372399999999743e+02
1.435000000000000053e+00,3.197796600000000126e+03,2.771480900000000020e+03,2.527547999999999774e+03,1.768220600000000104e+03,4.609164700000000039e+02,6.402174300000000358e+02,6.412594299999999521e+02,8.442959899999999607e+02
1.437500000000000000e+00,3.195412200000000212e+03,2.769221799999999803e+03,2.525722499999999854e+03,1.768893600000000106e+03,4.708182199999999966e+02,6.505529900000000225e+02,6.512302700000000186e+02,8.666266600000000153e+02
1.439999999999999947e+00,3.193190200000000004e+03,2.767056099999999788e+03,2.523958599999999933e+03,1.769512199999999893e+03,4.806648200000000202e+02,6.598630900000000565e+02,6.603724899999999707e+02,8.914905800000000227e+02
1.442499999999999893e+00,3.190771999999999935e+03,2.764726299999999810e+03,2.522080100000000130e+03,1.770152599999999893e+03,4.911729599999999891e+02,6.694095999999999549e+02,6.694652800000000070e+02,9.193431399999999485e+02
1.445000000000000062e+00,3.189113499999999931e+03,2.763252800000000207e+03,2.521179399999999987e+03,1.771976599999999962e+03,5.022765600000000177e+02,6.787181399999999485e+02,6.783267899999999599e+02,9.439485499999999547e+02
1.447500000000000009e+00,3.186558300000000145e+03,2.760759500000000116e+03,2.519161799999999857e+03,1.772669000000000096e+03,5.137121200000000272e+02,6.885417200000000548e+02,6.877419599999999491e+02,9.730111699999999928e+02
1.449999999999999956e+00,3.184233900000000176e+03,2.758483200000000124e+03,2.517371399999999994e+03,1.773736100000000079e+03,5.265834200000000465e+02,6.997975199999999631e+02,6.981743500000000040e+02,1.005058800000000019e+03
1.452499999999999902e+00,3.181550000000000182e+03,2.755764900000000125e+03,2.515097900000000209e+03,1.774471000000000004e+03,5.404943500000000540e+02,7.123047699999999622e+02,7.102094100000000481e+02,1.039221000000000004e+03
1.455000000000000071e+00,3.179483499999999822e+03,2.753729899999999816e+03,2.513568800000000010e+03,1.776091400000000021e+03,5.575884700000000294e+02,7.250751599999999826e+02,7.205349700000000439e+02,1.075651100000000042e+03
1.457500000000000018e+00,3.177428300000000036e+03,2.751710399999999936e+03,2.512080300000000079e+03,1.777913600000000088e+03,5.759681699999999864e+02,7.389541900000000396e+02,7.336720800000000509e+02,1.115628200000000106e+03
1.459999999999999964e+00,3.175032000000000153e+03,2.749347499999999854e+03,2.510268900000000031e+03,1.779621499999999969e+03,5.949336200000000190e+02,7.529071900000000142e+02,7.473248599999999442e+02,1.160720700000000079e+03
1.462499999999999911e+00,3.173082300000000032e+03,2.747446300000000065e+03,2.508947000000000116e+03,1.781981199999999944e+03,6.152550700000000461e+02,7.669513100000000350e+02,7.607937600000000202e+02,1.208301999999999907e+03
1.465000000000000080e+00,3.171003600000000006e+03,2.745389299999999821e+03,2.507432800000000043e+03,1.783956500000000005e+03,6.340515599999999949e+02,7.813948100000000068e+02,7.760525499999999965e+02,1.260338700000000017e+03
1.467500000000000027e+00,3.169132900000000063e+03,2.743546299999999974e+03,2.506150999999999840e+03,1.786332799999999907e+03,6.551057899999999563e+02,7.971943400000000111e+02,7.915247100000000273e+02,1.318310799999999972e+03
1.469999999999999973e+00,3.167255799999999908e+03,2.741668999999999869e+03,2.504807899999999790e+03,1.788627899999999954e+03,6.767246199999999590e+02,8.136859299999999848e+02,8.081196400000000040e+02,1.381471800000000030e+03
1.472499999999999920e+00,3.165211899999999787e+03,2.739582199999999830e+03,2.503197999999999865e+03,1.790378699999999981e+03,7.011531400000000076e+02,8.296670900000000302e+02,8.227434299999999894e+02,1.445946400000000040e+03
1.475000000000000089e+00,3.163240400000000136e+03,2.737575499999999920e+03,2.501672999999999774e+03,1.792123399999999947e+03,7.268409799999999450e+02,8.453560800000000199e+02,8.381969199999999773e+02,1.511586700000000064e+03
1.477500000000000036e+00,3.161359399999999823e+03,2.735701000000000022e+03,2.500323699999999917e+03,1.794191100000000006e+03,7.540034399999999550e+02,8.614828199999999470e+02,8.541883100000000013e+02,1.577304000000000087e+03
1.479999999999999982e+00,3.159950699999999870e+03,2.734297999999999774e+03,2.499452999999999975e+03,1.796859200000000101e+03,7.824227300000000014e+02,8.782671100000000024e+02,8.698463199999999915e+02,1.642411000000000058e+03
1.482857099999999928e+00,3.156743300000000090e+03,2.728730300000000170e+03,2.493168900000000122e+03,1.790352100000000064e+03,8.197356200000000399e+02,8.989739100000000462e+02,8.911712499999999864e+02,1.700613700000000108e+03
1.485714299999999932e+00,3.154867900000000191e+03,2.727087100000000191e+03,2.492186999999999898e+03,1.793309299999999894e+03,8.483345199999999977e+02,9.183233099999999922e+02,9.120318700000000263e+02,1.773015000000000100e+03
1.488571400000000100e+00,3.153351299999999810e+03,2.725885999999999967e+03,2.491513800000000174e+03,1.795982299999999896e+03,8.780561199999999644e+02,9.397658000000000129e+02,9.333071800000000167e+02,1.848763999999999896e+03
1.490857099999999935e+00,3.154777000000000044e+03,2.731898299999999836e+03,2.500235000000000127e+03,1.813859099999999899e+03,8.922654899999999998e+02,9.574899400000000469e+02,9.502083900000000085e+02,1.943759099999999989e+03
1.493142900000000051e+00,3.153469399999999951e+03,2.730386500000000069e+03,2.499026899999999841e+03,1.815213899999999967e+03,9.103176200000000335e+02,9.762240799999999581e+02,9.692732200000000375e+02,2.004720100000000002e+03
1.495428600000000108e+00,3.151519499999999880e+03,2.727754399999999805e+03,2.496651899999999841e+03,1.816368600000000015e+03,9.331303400000000465e+02,9.918186299999999846e+02,9.862658500000000004e+02,2.057129399999999805e+03
1.497714299999999943e+00,3.149993100000000140e+03,2.725713900000000194e+03,2.494967900000000100e+03,1.818223999999999933e+03,9.561458900000000085e+02,1.010315799999999967e+03,1.005730900000000020e+03,2.112022300000000087e+03
1.500000000000000000e+00,3.148710599999999886e+03,2.724097000000000207e+03,2.493823499999999967e+03,1.821114000000000033e+03,9.790778400000000374e+02,1.027754799999999932e+03,1.024313300000000027e+03,2.165250199999999950e+03
1.502222200000000063e+00,3.148028200000000197e+03,2.723774399999999787e+03,2.494349099999999908e+03,1.826680800000000090e+03,9.999554000000000542e+02,1.044347199999999930e+03,1.043509999999999991e+03,2.222230399999999918e+03
1.504197500000000076e+00,3.148880400000000009e+03,2.726864900000000034e+03,2.499284200000000055e+03,1.839545900000000074e+03,1.014865199999999959e+03,1.058133199999999988e+03,1.059738399999999956e+03,2.290472600000000057e+03
1.506172800000000089e+00,3.148590499999999793e+03,2.726257399999999961e+03,2.499236800000000130e+03,1.843864600000000110e+03,1.037497399999999971e+03,1.076878200000000106e+03,1.081402399999999943e+03,2.334496399999999994e+03
1.508148100000000102e+00,3.148372800000000097e+03,2.725443600000000060e+03,2.498811299999999846e+03,1.847239000000000033e+03,1.058595100000000002e+03,1.095408200000000079e+03,1.102474099999999908e+03,2.374540100000000166e+03
1.510123499999999952e+00,3.147417800000000170e+03,2.724048800000000028e+03,2.497916799999999967e+03,1.850196500000000015e+03,1.078349300000000085e+03,1.112908400000000029e+03,1.123964600000000019e+03,2.414562399999999798e+03
1.512098799999999965e+00,3.146613899999999830e+03,2.722966399999999794e+03,2.497345299999999952e+03,1.853283500000000004e+03,1.096155299999999897e+03,1.130397099999999909e+03,1.145361300000000028e+03,2.452454499999999825e+03
1.514074099999999978e+00,3.145373999999999796e+03,2.721481999999999971e+03,2.496351599999999962e+03,1.855626099999999951e+03,1.111063300000000027e+03,1.146603699999999890e+03,1.165693099999999959e+03,2.490747299999999996e+03
1.516049399999999991e+00,3.144596900000000005e+03,2.720525399999999991e+03,2.495898299999999836e+03,1.858628699999999981e+03,1.126410100000000057e+03,1.162217499999999973e+03,1.186480099999999993e+03,2.536516099999999824e+03
1.518024700000000005e+00,3.143753000000000156e+03,2.719562899999999900e+03,2.495473199999999906e+03,1.861822799999999916e+03,1.141518399999999929e+03,1.177946200000000090e+03,1.207583499999999958e+03,2.567059600000000046e+03
1.520000000000000018e+00,3.142906199999999899e+03,2.718612500000000182e+03,2.495041999999999916e+03,1.864957599999999957e+03,1.155683600000000069e+03,1.192930100000000039e+03,1.228041400000000067e+03,2.601169899999999870e+03
1.521818200000000010e+00,3.143613400000000183e+03,2.720835500000000138e+03,2.498749200000000201e+03,1.874974999999999909e+03,1.165351200000000063e+03,1.205629899999999907e+03,1.246217900000000100e+03,2.647621599999999944e+03
1.523636400000000002e+00,3.142668599999999969e+03,2.719707600000000184e+03,2.498097099999999955e+03,1.877834700000000112e+03,1.180768600000000106e+03,1.220390499999999975e+03,1.266432499999999891e+03,2.676772899999999936e+03
1.525454499999999936e+00,3.141507799999999861e+03,2.718184099999999944e+03,2.496976700000000164e+03,1.880127400000000080e+03,1.193658100000000104e+03,1.233012600000000020e+03,1.283345399999999927e+03,2.695135800000000017e+03
1.527272699999999928e+00,3.140747800000000097e+03,2.717176500000000033e+03,2.496449099999999817e+03,1.883385399999999890e+03,1.209353299999999990e+03,1.247235500000000002e+03,1.302089999999999918e+03,2.715806799999999839e+03
1.529090899999999920e+00,3.140053800000000138e+03,2.716304399999999987e+03,2.496079699999999775e+03,1.886886700000000019e+03,1.223467499999999973e+03,1.259298999999999978e+03,1.318521099999999933e+03,2.735606099999999969e+03
1.530909099999999912e+00,3.139380799999999908e+03,2.715604899999999816e+03,2.496014400000000023e+03,1.891267700000000104e+03,1.239140900000000101e+03,1.272700700000000097e+03,1.335325900000000047e+03,2.755849099999999908e+03
1.532727299999999904e+00,3.139146900000000187e+03,2.715406899999999951e+03,2.496500799999999799e+03,1.896540700000000015e+03,1.255787900000000036e+03,1.287108699999999999e+03,1.350705500000000029e+03,2.775029399999999896e+03
1.534545499999999896e+00,3.139103500000000167e+03,2.715460500000000138e+03,2.497306099999999788e+03,1.902550199999999904e+03,1.273075900000000047e+03,1.302626400000000103e+03,1.366454799999999977e+03,2.792975800000000163e+03
1.536363600000000051e+00,3.139283100000000104e+03,2.715718800000000101e+03,2.498347299999999905e+03,1.908993500000000040e+03,1.289783899999999903e+03,1.317309099999999944e+03,1.382297700000000077e+03,2.810121099999999842e+03
1.538181800000000043e+00,3.138959299999999985e+03,2.715610799999999927e+03,2.498998799999999846e+03,1.914838700000000017e+03,1.304683500000000095e+03,1.330003999999999905e+03,1.396759299999999939e+03,2.828503600000000006e+03
1.540000000000000036e+00,3.138531800000000203e+03,2.715686099999999897e+03,2.499851200000000063e+03,1.920762199999999893e+03,1.319762300000000096e+03,1.344297000000000025e+03,1.411074599999999919e+03,2.845161000000000058e+03
1.541818200000000028e+00,3.138504899999999907e+03,2.715895300000000134e+03,2.500807299999999941e+03,1.926819400000000087e+03,1.333463400000000092e+03,1.357917699999999968e+03,1.424562400000000025e+03,2.860988699999999881e+03
1.543636400000000020e+00,3.138409299999999803e+03,2.715961699999999837e+03,2.501601799999999912e+03,1.932716200000000072e+03,1.346097400000000107e+03,1.369610699999999952e+03,1.436862000000000080e+03,2.875515899999999874e+03
1.545454499999999953e+00,3.138490699999999833e+03,2.716275799999999890e+03,2.502719999999999800e+03,1.939373700000000099e+03,1.360330999999999904e+03,1.381179900000000089e+03,1.447265699999999924e+03,2.888199799999999868e+03
1.547272699999999945e+00,3.138704600000000028e+03,2.716711099999999988e+03,2.503931999999999789e+03,1.945987100000000055e+03,1.373604299999999967e+03,1.392554300000000012e+03,1.458551500000000033e+03,2.900975699999999961e+03
1.549090899999999937e+00,3.139103200000000015e+03,2.717365600000000086e+03,2.505376400000000103e+03,1.952950399999999945e+03,1.387568199999999933e+03,1.404556700000000092e+03,1.469402800000000070e+03,2.912721199999999953e+03
1.550909099999999929e+00,3.139565399999999954e+03,2.718022599999999784e+03,2.506750700000000052e+03,1.959491999999999962e+03,1.399843200000000024e+03,1.415346900000000005e+03,1.482248700000000099e+03,2.925708399999999983e+03
1.552727299999999921e+00,3.139506100000000060e+03,2.718148700000000190e+03,2.507565700000000106e+03,1.965330400000000054e+03,1.410806000000000040e+03,1.423167599999999993e+03,1.494077999999999975e+03,2.936724000000000160e+03
1.554545499999999913e+00,3.139579000000000178e+03,2.718409599999999955e+03,2.508515300000000025e+03,1.971355000000000018e+03,1.422878600000000006e+03,1.430182199999999966e+03,1.506851799999999912e+03,2.947307099999999991e+03
1.556363600000000069e+00,3.139883899999999812e+03,2.718923400000000129e+03,2.509742099999999937e+03,1.977718000000000075e+03,1.436226100000000088e+03,1.437662100000000009e+03,1.520726499999999987e+03,2.958104200000000219e+03
1.558181800000000061e+00,3.139984199999999873e+03,2.719155200000000150e+03,2.510624200000000201e+03,1.983578400000000101e+03,1.449666400000000067e+03,1.443927200000000084e+03,1.532137600000000020e+03,2.966446100000000115e+03
1.560000000000000053e+00,3.139940099999999802e+03,2.719349900000000162e+03,2.511465299999999843e+03,1.989381300000000010e+03,1.463497800000000097e+03,1.449391000000000076e+03,1.543032899999999927e+03,2.974020700000000033e+03
1.561818200000000045e+00,3.139939300000000003e+03,2.719668999999999869e+03,2.512478099999999813e+03,1.995710000000000036e+03,1.478033400000000029e+03,1.454565100000000029e+03,1.553856600000000071e+03,2.981349299999999857e+03
1.563636400000000037e+00,3.140200600000000122e+03,2.720168999999999869e+03,2.513652199999999993e+03,2.002293699999999944e+03,1.492939399999999978e+03,1.459757800000000088e+03,1.565650599999999940e+03,2.989001200000000154e+03
1.565272699999999961e+00,3.141879800000000159e+03,2.724091199999999844e+03,2.519438200000000052e+03,2.015943400000000111e+03,1.503109099999999899e+03,1.463455999999999904e+03,1.576132000000000062e+03,3.019338499999999840e+03
1.566909099999999944e+00,3.143596700000000055e+03,2.726140600000000177e+03,2.522465499999999793e+03,2.026127199999999903e+03,1.534073100000000068e+03,1.472841599999999971e+03,1.581594200000000001e+03,3.022682899999999790e+03
1.568545499999999926e+00,3.143414800000000014e+03,2.725720699999999852e+03,2.522463900000000194e+03,2.030518000000000029e+03,1.544721900000000005e+03,1.475449800000000096e+03,1.590453800000000001e+03,3.021698400000000220e+03
1.570181800000000072e+00,3.143987200000000030e+03,2.726255400000000009e+03,2.523568400000000111e+03,2.036796000000000049e+03,1.562697599999999966e+03,1.478954400000000078e+03,1.599427500000000009e+03,3.022306999999999789e+03
1.571818200000000054e+00,3.144112799999999879e+03,2.726349299999999857e+03,2.524104299999999967e+03,2.041591599999999971e+03,1.575417300000000068e+03,1.481260800000000017e+03,1.609757000000000062e+03,3.024043999999999869e+03
1.573454499999999978e+00,3.144827099999999973e+03,2.727144200000000183e+03,2.525360400000000027e+03,2.046963299999999890e+03,1.590080400000000054e+03,1.486544300000000021e+03,1.623295299999999997e+03,3.027559099999999944e+03
1.575090899999999960e+00,3.143934999999999945e+03,2.725948499999999967e+03,2.524062199999999848e+03,2.046803000000000111e+03,1.591643000000000029e+03,1.489130100000000084e+03,1.632186200000000099e+03,3.029794499999999971e+03
1.576727299999999943e+00,3.144792100000000119e+03,2.726988499999999931e+03,2.525581999999999880e+03,2.052882200000000012e+03,1.602639300000000048e+03,1.493129599999999982e+03,1.643028299999999945e+03,3.033625199999999950e+03
1.578363600000000089e+00,3.145271600000000035e+03,2.727577900000000227e+03,2.526511700000000019e+03,2.058122499999999945e+03,1.606101799999999912e+03,1.496582499999999982e+03,1.653116099999999960e+03,3.036767699999999877e+03
1.580000000000000071e+00,3.145282799999999952e+03,2.727651899999999841e+03,2.526870800000000145e+03,2.063286300000000210e+03,1.605249700000000075e+03,1.498756599999999935e+03,1.662812200000000075e+03,3.039650500000000193e+03
1.581818200000000063e+00,3.143933899999999994e+03,2.724666799999999967e+03,2.523409599999999955e+03,2.063530499999999847e+03,1.613089500000000044e+03,1.498893199999999979e+03,1.669238800000000083e+03,3.019418099999999868e+03
1.583636400000000055e+00,3.143081099999999878e+03,2.724012400000000071e+03,2.522671100000000024e+03,2.063839800000000196e+03,1.627525000000000091e+03,1.499032600000000002e+03,1.678257200000000012e+03,3.022279399999999896e+03
1.585454499999999989e+00,3.141590400000000045e+03,2.722496799999999894e+03,2.520386800000000221e+03,2.057993199999999888e+03,1.649479800000000068e+03,1.503476100000000088e+03,1.689577299999999923e+03,3.028727600000000166e+03
1.587272699999999981e+00,3.140465299999999843e+03,2.721599600000000009e+03,2.519188799999999901e+03,2.058424199999999928e+03,1.662592200000000048e+03,1.508082300000000032e+03,1.701068999999999960e+03,3.033351700000000164e+03
1.589090899999999973e+00,3.140867000000000189e+03,2.722631300000000010e+03,2.520427099999999882e+03,2.064929599999999937e+03,1.673250600000000077e+03,1.508372800000000097e+03,1.707582000000000107e+03,3.036642100000000028e+03
1.590909099999999965e+00,3.140283399999999801e+03,2.722603999999999814e+03,2.520188200000000052e+03,2.068414600000000064e+03,1.684913600000000088e+03,1.510322400000000016e+03,1.715507700000000114e+03,3.039160800000000108e+03
1.592727299999999957e+00,3.140664000000000215e+03,2.724375300000000152e+03,2.522025999999999840e+03,2.075670500000000175e+03,1.692163099999999986e+03,1.513279099999999971e+03,1.724021400000000085e+03,3.041141000000000076e+03
1.594545499999999949e+00,3.140699000000000069e+03,2.724350899999999911e+03,2.522313200000000052e+03,2.080320299999999861e+03,1.699921000000000049e+03,1.515325000000000045e+03,1.731760199999999941e+03,3.042931599999999889e+03
1.596363600000000105e+00,3.140612500000000182e+03,2.722081099999999878e+03,2.520465999999999894e+03,2.081617900000000191e+03,1.710193999999999960e+03,1.516932099999999991e+03,1.739706300000000056e+03,3.045358200000000124e+03
1.598181800000000097e+00,3.140873999999999796e+03,2.718497400000000198e+03,2.518028699999999844e+03,2.083229299999999967e+03,1.720558399999999892e+03,1.519531500000000051e+03,1.747897400000000061e+03,3.046868300000000090e+03
1.600000000000000089e+00,3.141596100000000206e+03,2.717983600000000024e+03,2.518020500000000084e+03,2.088041700000000219e+03,1.731045499999999947e+03,1.522153000000000020e+03,1.755785599999999931e+03,3.048445299999999861e+03
1.602000000000000091e+00,3.140241399999999885e+03,2.715758299999999963e+03,2.515733400000000074e+03,2.090795599999999922e+03,1.741577199999999948e+03,1.527110699999999952e+03,1.761747800000000097e+03,3.032528600000000097e+03
1.604000000000000092e+00,3.140158399999999801e+03,2.715890199999999822e+03,2.516101700000000164e+03,2.094931500000000142e+03,1.748792200000000093e+03,1.533386299999999892e+03,1.770203700000000026e+03,3.034064899999999852e+03
1.606000000000000094e+00,3.140397100000000137e+03,2.716410899999999856e+03,2.516918599999999969e+03,2.100561400000000049e+03,1.760995499999999993e+03,1.541507100000000037e+03,1.781395299999999907e+03,3.038960799999999836e+03
1.608000000000000096e+00,3.139774699999999939e+03,2.715794300000000021e+03,2.516454400000000078e+03,2.104145500000000084e+03,1.770898500000000013e+03,1.549587500000000091e+03,1.791626199999999926e+03,3.041974799999999959e+03
1.610400000000000054e+00,3.139383200000000215e+03,2.713588099999999940e+03,2.514143500000000131e+03,2.107400099999999838e+03,1.780193600000000060e+03,1.557766900000000078e+03,1.797766699999999901e+03,3.016538500000000113e+03
1.612800000000000011e+00,3.138021200000000135e+03,2.712388800000000174e+03,2.513289499999999862e+03,2.110697099999999864e+03,1.786846299999999928e+03,1.567311300000000074e+03,1.807929900000000089e+03,3.018204900000000180e+03
1.615199999999999969e+00,3.139364799999999832e+03,2.714280299999999897e+03,2.515820600000000013e+03,2.118588699999999790e+03,1.798611300000000028e+03,1.578896099999999933e+03,1.820970399999999927e+03,3.024925200000000132e+03
1.617599999999999927e+00,3.138352100000000064e+03,2.713469399999999951e+03,2.515487900000000081e+03,2.123099799999999959e+03,1.805128500000000031e+03,1.584714199999999892e+03,1.829492199999999912e+03,3.027971599999999853e+03
1.620000000000000107e+00,3.138387799999999970e+03,2.713659200000000055e+03,2.516214199999999892e+03,2.129011500000000069e+03,1.813426099999999906e+03,1.591145999999999958e+03,1.839637199999999893e+03,3.031686299999999846e+03
1.622000000000000108e+00,3.138958500000000186e+03,2.716626099999999951e+03,2.520093800000000101e+03,2.136596100000000206e+03,1.824768800000000056e+03,1.597952099999999973e+03,1.851446099999999888e+03,3.060446899999999914e+03
1.624000000000000110e+00,3.140637200000000121e+03,2.718067000000000007e+03,2.521724200000000110e+03,2.140847200000000157e+03,1.830494799999999941e+03,1.605053100000000086e+03,1.858684899999999971e+03,3.060201399999999921e+03
1.625777800000000051e+00,3.140498599999999897e+03,2.719107800000000225e+03,2.523307400000000143e+03,2.145280000000000200e+03,1.835167099999999891e+03,1.609225899999999911e+03,1.866026399999999967e+03,3.074499400000000151e+03
1.627555599999999991e+00,3.140494400000000041e+03,2.718395399999999881e+03,2.522488899999999830e+03,2.145967999999999847e+03,1.845958800000000110e+03,1.615370699999999943e+03,1.871943299999999908e+03,3.071592399999999998e+03
1.629333300000000095e+00,3.138641000000000076e+03,2.715584600000000137e+03,2.519425499999999829e+03,2.143118899999999940e+03,1.845664099999999962e+03,1.619348899999999958e+03,1.875993500000000040e+03,3.064814800000000105e+03
1.631111100000000036e+00,3.139342299999999796e+03,2.715784400000000005e+03,2.519751200000000154e+03,2.145673699999999826e+03,1.848717499999999973e+03,1.623097299999999905e+03,1.880293400000000020e+03,3.060543700000000172e+03
1.632888899999999976e+00,3.138946199999999862e+03,2.714530900000000202e+03,2.518085099999999784e+03,2.143468899999999849e+03,1.848651100000000042e+03,1.629151299999999992e+03,1.885997200000000021e+03,3.057092000000000098e+03
1.634666699999999917e+00,3.138938299999999799e+03,2.714067100000000210e+03,2.517628900000000158e+03,2.144608499999999822e+03,1.850316499999999905e+03,1.634743999999999915e+03,1.891841699999999946e+03,3.055148799999999937e+03
1.636444400000000021e+00,3.138439100000000053e+03,2.713063099999999849e+03,2.516549899999999980e+03,2.144862000000000080e+03,1.850319700000000012e+03,1.640509000000000015e+03,1.897797000000000025e+03,3.053851500000000215e+03
1.638222199999999962e+00,3.137801800000000185e+03,2.711957100000000082e+03,2.515382799999999861e+03,2.145203899999999976e+03,1.850671800000000076e+03,1.646538099999999986e+03,1.903859099999999899e+03,3.052705500000000029e+03
1.639999999999999902e+00,3.136754199999999855e+03,2.710396600000000035e+03,2.513696899999999914e+03,2.145010400000000118e+03,1.852263899999999921e+03,1.653884600000000091e+03,1.910776900000000069e+03,3.052127599999999802e+03
1.641999999999999904e+00,3.134869499999999789e+03,2.706671200000000226e+03,2.509882099999999809e+03,2.144206000000000131e+03,1.848717599999999948e+03,1.657948499999999967e+03,1.913128300000000081e+03,3.034224400000000060e+03
1.643999999999999906e+00,3.134092799999999897e+03,2.705501299999999901e+03,2.508800200000000132e+03,2.145814499999999953e+03,1.850006100000000060e+03,1.664451499999999896e+03,1.919700700000000097e+03,3.034184799999999996e+03
1.645999999999999908e+00,3.135331200000000081e+03,2.706505999999999858e+03,2.509912200000000212e+03,2.149533600000000206e+03,1.854084100000000035e+03,1.672245100000000093e+03,1.926348400000000083e+03,3.035691100000000006e+03
1.647750000000000048e+00,3.135390300000000025e+03,2.707920300000000225e+03,2.511482500000000073e+03,2.152614799999999832e+03,1.863516599999999926e+03,1.684595700000000079e+03,1.937996200000000044e+03,3.056675799999999981e+03
1.649499999999999966e+00,3.135000599999999849e+03,2.707331999999999880e+03,2.510958999999999833e+03,2.153454999999999927e+03,1.866047600000000102e+03,1.690932499999999891e+03,1.942799400000000105e+03,3.055684999999999945e+03
1.651250000000000107e+00,3.133502899999999954e+03,2.705331099999999878e+03,2.508948600000000170e+03,2.153011899999999969e+03,1.866362000000000080e+03,1.695534499999999980e+03,1.945607199999999921e+03,3.050702699999999822e+03
1.653000000000000025e+00,3.133227600000000166e+03,2.704707499999999982e+03,2.508490200000000186e+03,2.155729600000000119e+03,1.877208399999999983e+03,1.700683199999999943e+03,1.948533899999999903e+03,3.046085199999999986e+03
1.654749999999999943e+00,3.132860999999999876e+03,2.704051100000000133e+03,2.508049100000000180e+03,2.157887499999999818e+03,1.892303900000000112e+03,1.706106899999999996e+03,1.951054100000000062e+03,3.041008299999999963e+03
1.656500000000000083e+00,3.132440300000000207e+03,2.703001299999999901e+03,2.506626000000000204e+03,2.154174300000000130e+03,1.884733300000000099e+03,1.712348199999999906e+03,1.954443299999999908e+03,3.037403200000000197e+03
1.658250000000000002e+00,3.131940799999999854e+03,2.702026600000000144e+03,2.505601999999999862e+03,2.154465900000000147e+03,1.883922100000000000e+03,1.718906099999999924e+03,1.957797600000000102e+03,3.033898099999999886e+03
1.659999999999999920e+00,3.131764200000000073e+03,2.701347999999999956e+03,2.504606400000000122e+03,2.150253700000000208e+03,1.878029099999999971e+03,1.723096000000000004e+03,1.960026299999999992e+03,3.030173400000000129e+03
1.661999999999999922e+00,3.130827000000000226e+03,2.698720400000000154e+03,2.502248000000000047e+03,2.152231499999999869e+03,1.879269900000000007e+03,1.723861599999999953e+03,1.957658400000000029e+03,3.007835300000000188e+03
1.664250000000000007e+00,3.129556500000000142e+03,2.695906800000000203e+03,2.499557699999999841e+03,2.152586999999999989e+03,1.888606800000000021e+03,1.727175099999999929e+03,1.956961099999999988e+03,2.990054799999999886e+03
1.666500000000000092e+00,3.128458099999999831e+03,2.694391399999999976e+03,2.497986699999999928e+03,2.151868800000000192e+03,1.886937100000000100e+03,1.734385600000000068e+03,1.961226699999999937e+03,2.989155299999999897e+03
1.668749999999999956e+00,3.127896999999999935e+03,2.693622800000000097e+03,2.497254600000000210e+03,2.152227800000000116e+03,1.886495499999999993e+03,1.739827800000000025e+03,1.965450100000000020e+03,2.988871000000000095e+03
1.671000000000000041e+00,3.127266799999999876e+03,2.692690099999999802e+03,2.496334699999999884e+03,2.151885299999999916e+03,1.886796299999999974e+03,1.743788999999999987e+03,1.967666099999999915e+03,2.985751999999999953e+03
1.673249999999999904e+00,3.127703700000000026e+03,2.693065399999999954e+03,2.497099499999999807e+03,2.155044600000000173e+03,1.900115700000000061e+03,1.745525200000000041e+03,1.967751999999999953e+03,2.980925600000000031e+03
1.675499999999999989e+00,3.126439800000000105e+03,2.691211499999999887e+03,2.494935699999999997e+03,2.150745800000000145e+03,1.895220399999999927e+03,1.750366800000000012e+03,1.969273300000000063e+03,2.975243100000000140e+03
1.677750000000000075e+00,3.125890600000000177e+03,2.690083900000000085e+03,2.493617799999999988e+03,2.148141700000000128e+03,1.895928499999999985e+03,1.753118999999999915e+03,1.970045100000000048e+03,2.968802200000000084e+03
1.679999999999999938e+00,3.124432400000000143e+03,2.687974200000000110e+03,2.491250100000000202e+03,2.144227199999999812e+03,1.894056800000000067e+03,1.757103200000000015e+03,1.971668499999999995e+03,2.962692599999999857e+03
1.682500000000000107e+00,3.124097800000000007e+03,2.686249099999999999e+03,2.489626299999999901e+03,2.142894699999999830e+03,1.889730000000000018e+03,1.755942199999999957e+03,1.968497399999999971e+03,2.943936400000000049e+03
1.685416699999999990e+00,3.122170300000000225e+03,2.682499600000000100e+03,2.485918599999999969e+03,2.139882700000000114e+03,1.884095900000000029e+03,1.755545000000000073e+03,1.965787600000000111e+03,2.922316899999999805e+03
1.688333300000000037e+00,3.120349600000000009e+03,2.680008899999999812e+03,2.483314100000000053e+03,2.136155699999999797e+03,1.886168200000000070e+03,1.761266100000000051e+03,1.968133399999999938e+03,2.915729100000000017e+03
1.691249999999999920e+00,3.119460199999999986e+03,2.678553399999999783e+03,2.481656300000000101e+03,2.132366500000000087e+03,1.887043499999999995e+03,1.766054799999999886e+03,1.970098199999999906e+03,2.909757999999999811e+03
1.694166700000000025e+00,3.117883899999999812e+03,2.676307600000000093e+03,2.479150900000000092e+03,2.127365200000000186e+03,1.887038900000000012e+03,1.769097800000000007e+03,1.970049800000000005e+03,2.900578899999999976e+03
1.697083300000000072e+00,3.116619799999999941e+03,2.674351099999999860e+03,2.476938999999999851e+03,2.122603700000000117e+03,1.888613599999999906e+03,1.772579199999999901e+03,1.970077800000000025e+03,2.890739000000000033e+03
1.699999999999999956e+00,3.115378499999999804e+03,2.672428899999999885e+03,2.474775700000000143e+03,2.117718699999999899e+03,1.890606500000000096e+03,1.776359799999999950e+03,1.970590899999999920e+03,2.880901600000000144e+03
1.702499999999999902e+00,3.114660899999999856e+03,2.672052499999999782e+03,2.473668599999999969e+03,2.109544899999999870e+03,1.892486000000000104e+03,1.782643700000000081e+03,1.973723300000000108e+03,2.884098399999999856e+03
1.705000000000000071e+00,3.115069899999999961e+03,2.672010900000000220e+03,2.473508800000000065e+03,2.107006300000000010e+03,1.897440200000000004e+03,1.784009700000000066e+03,1.972153800000000047e+03,2.873309000000000196e+03
1.707500000000000018e+00,3.114231299999999919e+03,2.670533899999999903e+03,2.471670999999999822e+03,2.102116500000000087e+03,1.895831799999999930e+03,1.782506699999999910e+03,1.967916400000000067e+03,2.858234300000000076e+03
1.709999999999999964e+00,3.114082399999999780e+03,2.669724600000000009e+03,2.470333500000000186e+03,2.098071199999999862e+03,1.898232799999999997e+03,1.783047700000000077e+03,1.965718000000000075e+03,2.845704200000000128e+03
1.712499999999999911e+00,3.113393099999999777e+03,2.668400299999999788e+03,2.467955399999999827e+03,2.091909599999999955e+03,1.894792599999999993e+03,1.783496300000000019e+03,1.963672499999999900e+03,2.832994200000000092e+03
1.715000000000000080e+00,3.112915399999999863e+03,2.667701199999999972e+03,2.465178600000000188e+03,2.085899199999999837e+03,1.892361799999999903e+03,1.783271600000000035e+03,1.961544599999999946e+03,2.821203399999999874e+03
1.717500000000000027e+00,3.112101700000000164e+03,2.666952299999999923e+03,2.461343800000000101e+03,2.079220299999999952e+03,1.889399100000000089e+03,1.782337700000000041e+03,1.958417300000000068e+03,2.808690099999999802e+03
1.719999999999999973e+00,3.110614099999999780e+03,2.662852100000000064e+03,2.461201399999999921e+03,2.073760800000000017e+03,1.886836600000000089e+03,1.781723099999999931e+03,1.955553599999999960e+03,2.796458599999999933e+03
1.722499999999999920e+00,3.108968899999999849e+03,2.659933899999999994e+03,2.460038100000000213e+03,2.068635200000000168e+03,1.883828199999999924e+03,1.780919399999999996e+03,1.952705300000000079e+03,2.784303100000000086e+03
1.725416700000000025e+00,3.108716600000000199e+03,2.658112500000000182e+03,2.457930499999999938e+03,2.069246200000000044e+03,1.877129899999999907e+03,1.776945699999999988e+03,1.946835900000000038e+03,2.760805800000000090e+03
1.728333300000000072e+00,3.107218600000000151e+03,2.655689899999999852e+03,2.454969700000000103e+03,2.061809799999999996e+03,1.872846500000000106e+03,1.777429200000000037e+03,1.945082300000000032e+03,2.749193499999999858e+03
1.731249999999999956e+00,3.106975199999999859e+03,2.654641099999999824e+03,2.453237399999999980e+03,2.055253900000000158e+03,1.871746799999999894e+03,1.778860500000000002e+03,1.943945400000000063e+03,2.738968299999999999e+03
1.734166700000000061e+00,3.105683300000000145e+03,2.652598800000000210e+03,2.450494099999999889e+03,2.048097999999999956e+03,1.868236499999999978e+03,1.778213799999999992e+03,1.941038700000000063e+03,2.726851000000000113e+03
1.737083300000000108e+00,3.104581599999999980e+03,2.650837599999999838e+03,2.448192199999999957e+03,2.041078500000000076e+03,1.864333699999999908e+03,1.778654500000000098e+03,1.938889699999999948e+03,2.714679500000000189e+03
1.739999999999999991e+00,3.104168799999999919e+03,2.649736199999999826e+03,2.446441499999999905e+03,2.035031600000000026e+03,1.861532200000000103e+03,1.777892100000000028e+03,1.935721600000000080e+03,2.701766799999999876e+03
1.742857099999999937e+00,3.103224999999999909e+03,2.648061999999999898e+03,2.443782099999999900e+03,2.026288000000000011e+03,1.857147400000000061e+03,1.777413099999999986e+03,1.932918200000000070e+03,2.690285400000000209e+03
1.745714299999999941e+00,3.102842200000000048e+03,2.646950600000000122e+03,2.441749800000000050e+03,2.019904999999999973e+03,1.853945500000000038e+03,1.776765699999999924e+03,1.929726200000000063e+03,2.677146900000000187e+03
1.749285699999999943e+00,3.103115699999999833e+03,2.645903499999999894e+03,2.441094099999999798e+03,2.028033300000000054e+03,1.846961700000000064e+03,1.771958800000000110e+03,1.922293200000000070e+03,2.650466499999999996e+03
1.752857099999999946e+00,3.100818400000000111e+03,2.642503299999999854e+03,2.436482800000000225e+03,2.017038900000000012e+03,1.842404299999999921e+03,1.770999900000000025e+03,1.918633599999999888e+03,2.635987299999999777e+03
1.756428600000000007e+00,3.100752599999999802e+03,2.641631400000000212e+03,2.434525399999999991e+03,2.007541999999999916e+03,1.840228900000000067e+03,1.770795800000000099e+03,1.915554900000000089e+03,2.623120399999999790e+03
1.760000000000000009e+00,3.099959600000000137e+03,2.640114099999999780e+03,2.431954499999999825e+03,1.997376199999999926e+03,1.834850599999999986e+03,1.768695799999999963e+03,1.910877999999999929e+03,2.608667899999999918e+03
1.763333299999999992e+00,3.099548099999999977e+03,2.639082399999999780e+03,2.428974600000000009e+03,1.981409300000000030e+03,1.829716400000000021e+03,1.768069400000000087e+03,1.907419799999999896e+03,2.597377899999999954e+03
1.766666700000000034e+00,3.098867400000000089e+03,2.637811299999999846e+03,2.426146799999999985e+03,1.972368400000000065e+03,1.823228900000000067e+03,1.765485100000000102e+03,1.902124800000000050e+03,2.582052400000000034e+03
1.770000000000000018e+00,3.097576300000000174e+03,2.636142400000000180e+03,2.422468899999999849e+03,1.962710000000000036e+03,1.817069400000000087e+03,1.763203199999999924e+03,1.897035300000000007e+03,2.566685399999999845e+03
1.773333300000000001e+00,3.098408600000000206e+03,2.634699000000000069e+03,2.418335799999999836e+03,1.951618199999999888e+03,1.811986400000000003e+03,1.761573599999999942e+03,1.892611000000000104e+03,2.552216499999999996e+03
1.776666700000000043e+00,3.099123000000000047e+03,2.633655000000000200e+03,2.414571699999999964e+03,1.940539899999999989e+03,1.807944799999999987e+03,1.759995699999999943e+03,1.888004100000000108e+03,2.537490499999999884e+03
1.780000000000000027e+00,3.098879399999999805e+03,2.632850699999999961e+03,2.411315700000000106e+03,1.934201499999999896e+03,1.800679799999999886e+03,1.757333800000000110e+03,1.882780199999999923e+03,2.522396200000000135e+03
1.782857099999999972e+00,3.099069199999999910e+03,2.632159400000000005e+03,2.404596599999999853e+03,1.910531500000000051e+03,1.796971500000000106e+03,1.758291099999999915e+03,1.881246499999999969e+03,2.515532299999999850e+03
1.785714299999999977e+00,3.100442199999999957e+03,2.633550099999999929e+03,2.402637600000000020e+03,1.908323000000000093e+03,1.790227499999999964e+03,1.755403600000000097e+03,1.876178300000000036e+03,2.501391399999999976e+03
1.788571399999999922e+00,3.099589599999999791e+03,2.632644499999999880e+03,2.397904100000000199e+03,1.902876199999999926e+03,1.784145400000000109e+03,1.752189599999999928e+03,1.870615900000000011e+03,2.486002700000000004e+03
1.791428599999999927e+00,3.100162800000000061e+03,2.633176199999999881e+03,2.395641700000000128e+03,1.899385899999999992e+03,1.779199200000000019e+03,1.749422399999999925e+03,1.865607999999999947e+03,2.471532200000000103e+03
1.794285700000000094e+00,3.100198899999999867e+03,2.633009300000000167e+03,2.392603000000000065e+03,1.896529600000000073e+03,1.774736499999999978e+03,1.746796000000000049e+03,1.860711399999999912e+03,2.457350699999999961e+03
1.797142900000000099e+00,3.100193600000000060e+03,2.632926699999999983e+03,2.390593199999999797e+03,1.892702600000000075e+03,1.770496799999999894e+03,1.744327399999999898e+03,1.856129400000000032e+03,2.443636300000000119e+03
1.800000000000000044e+00,3.100325600000000122e+03,2.633168999999999869e+03,2.389946100000000115e+03,1.898118999999999915e+03,1.762677500000000009e+03,1.740571500000000015e+03,1.850787100000000009e+03,2.429787699999999859e+03
1.802857099999999990e+00,3.100217700000000150e+03,2.632577800000000025e+03,2.387620899999999892e+03,1.895947799999999916e+03,1.757030500000000075e+03,1.737103200000000015e+03,1.845611400000000003e+03,2.415935500000000047e+03
1.805714299999999994e+00,3.100001900000000205e+03,2.632048699999999826e+03,2.386836899999999787e+03,1.888477000000000089e+03,1.752610699999999952e+03,1.734251700000000028e+03,1.841023200000000088e+03,2.402416999999999916e+03
1.808571399999999940e+00,3.100292899999999918e+03,2.632243100000000140e+03,2.387754300000000057e+03,1.880366600000000062e+03,1.747401000000000067e+03,1.730586399999999912e+03,1.835795499999999947e+03,2.388408500000000004e+03
1.811428599999999944e+00,3.099991399999999885e+03,2.630618699999999990e+03,2.384329900000000180e+03,1.878577199999999948e+03,1.743359400000000051e+03,1.727761600000000044e+03,1.831302899999999909e+03,2.374791000000000167e+03
1.814285699999999890e+00,3.098308700000000044e+03,2.627718499999999949e+03,2.381511399999999867e+03,1.870595600000000104e+03,1.738747599999999920e+03,1.724670100000000048e+03,1.826626400000000103e+03,2.361080300000000079e+03
1.817142899999999894e+00,3.098190900000000056e+03,2.626616599999999835e+03,2.379786300000000210e+03,1.862918699999999944e+03,1.733806700000000092e+03,1.721459299999999985e+03,1.821947699999999941e+03,2.347365600000000086e+03
1.820000000000000062e+00,3.097475399999999809e+03,2.624431399999999940e+03,2.376774199999999837e+03,1.854603299999999990e+03,1.729569600000000037e+03,1.718519399999999905e+03,1.817398400000000038e+03,2.333655000000000200e+03
1.822857100000000008e+00,3.097505500000000211e+03,2.623367200000000139e+03,2.375030999999999949e+03,1.847819899999999961e+03,1.725479499999999916e+03,1.715442500000000109e+03,1.812712299999999914e+03,2.319842999999999847e+03
1.825714300000000012e+00,3.095929399999999987e+03,2.620559400000000096e+03,2.371282900000000154e+03,1.841786200000000008e+03,1.721598700000000008e+03,1.712405899999999974e+03,1.808102100000000064e+03,2.306100199999999859e+03
1.828571399999999958e+00,3.096129500000000007e+03,2.619616399999999885e+03,2.369162899999999809e+03,1.835315900000000056e+03,1.717357500000000073e+03,1.709122699999999895e+03,1.803365199999999959e+03,2.292290800000000218e+03
1.831428599999999962e+00,3.095248999999999796e+03,2.617691600000000108e+03,2.366268399999999929e+03,1.828313200000000052e+03,1.713134499999999889e+03,1.705834599999999909e+03,1.798590200000000095e+03,2.278277500000000146e+03
1.834285699999999908e+00,3.094160600000000159e+03,2.615444300000000112e+03,2.362886599999999817e+03,1.820975200000000086e+03,1.708716200000000072e+03,1.702327500000000100e+03,1.793638400000000047e+03,2.264119900000000143e+03
1.837142899999999912e+00,3.093978700000000117e+03,2.614206599999999980e+03,2.360534999999999854e+03,1.816754100000000108e+03,1.704597400000000107e+03,1.698847299999999905e+03,1.788724899999999934e+03,2.249950899999999820e+03
1.840000000000000080e+00,3.093127399999999852e+03,2.612245399999999790e+03,2.357212899999999991e+03,1.808124600000000100e+03,1.700466400000000021e+03,1.695796499999999924e+03,1.784196999999999889e+03,2.236014999999999873e+03
1.842857100000000026e+00,3.092136500000000069e+03,2.610238699999999881e+03,2.354067900000000009e+03,1.800769700000000057e+03,1.696508700000000090e+03,1.692940299999999979e+03,1.779855199999999968e+03,2.222159400000000005e+03
1.845714300000000030e+00,3.091526400000000194e+03,2.608579000000000178e+03,2.351055100000000039e+03,1.792837500000000091e+03,1.692389799999999923e+03,1.689721500000000106e+03,1.775183099999999968e+03,2.208137799999999970e+03
1.848571399999999976e+00,3.091056999999999789e+03,2.607265600000000177e+03,2.348592700000000150e+03,1.785758700000000090e+03,1.687916400000000067e+03,1.686263400000000047e+03,1.770433800000000019e+03,2.194520700000000033e+03
1.851428599999999980e+00,3.091033500000000004e+03,2.606389599999999973e+03,2.346482199999999921e+03,1.779177200000000084e+03,1.683635199999999941e+03,1.683159200000000055e+03,1.765980499999999893e+03,2.181169300000000021e+03
1.854285699999999926e+00,3.090773599999999988e+03,2.605172500000000127e+03,2.343747100000000046e+03,1.771967599999999948e+03,1.679768299999999954e+03,1.680289600000000064e+03,1.761784699999999930e+03,2.167982599999999820e+03
1.857142899999999930e+00,3.090236399999999776e+03,2.603750199999999950e+03,2.340734599999999773e+03,1.763862300000000005e+03,1.675987300000000005e+03,1.677499000000000024e+03,1.757661000000000058e+03,2.155045500000000175e+03
1.860000000000000098e+00,3.089578100000000177e+03,2.602157499999999800e+03,2.337439100000000053e+03,1.755049400000000105e+03,1.672142000000000053e+03,1.674520999999999958e+03,1.753488599999999906e+03,2.142199999999999818e+03
1.863333300000000081e+00,3.089292399999999816e+03,2.600351900000000114e+03,2.338631100000000060e+03,1.764306900000000041e+03,1.667452600000000075e+03,1.670483500000000049e+03,1.748136199999999917e+03,2.128159299999999803e+03
1.866666699999999901e+00,3.087604600000000119e+03,2.596853599999999915e+03,2.333505700000000161e+03,1.753480499999999893e+03,1.662758299999999963e+03,1.667387199999999893e+03,1.743579700000000003e+03,2.113355399999999918e+03
1.870000000000000107e+00,3.087026199999999790e+03,2.594994400000000041e+03,2.329387299999999868e+03,1.741945999999999913e+03,1.659191100000000006e+03,1.664876600000000053e+03,1.739583800000000110e+03,2.099621999999999844e+03
1.873333300000000090e+00,3.084813000000000102e+03,2.592063799999999901e+03,2.324118199999999888e+03,1.732680000000000064e+03,1.656100899999999911e+03,1.662690900000000056e+03,1.735599600000000009e+03,2.085846599999999853e+03
1.876666699999999910e+00,3.082432999999999993e+03,2.589083000000000084e+03,2.318682899999999790e+03,1.723923800000000028e+03,1.652593000000000075e+03,1.659840500000000020e+03,1.731229399999999941e+03,2.071913300000000163e+03
1.879999999999999893e+00,3.080703300000000127e+03,2.586978799999999865e+03,2.314648099999999886e+03,1.715285499999999956e+03,1.649330099999999902e+03,1.657359699999999975e+03,1.727074900000000071e+03,2.057845899999999801e+03
1.883999999999999897e+00,3.079847400000000107e+03,2.584071500000000015e+03,2.315267600000000130e+03,1.724960199999999986e+03,1.644656300000000101e+03,1.653748800000000074e+03,1.722037600000000111e+03,2.044522400000000061e+03
1.887999999999999901e+00,3.077394200000000183e+03,2.580301800000000185e+03,2.310069800000000214e+03,1.710471000000000004e+03,1.639245699999999943e+03,1.650064599999999928e+03,1.716320500000000038e+03,2.026873700000000099e+03
1.891999999999999904e+00,3.076753999999999905e+03,2.578768799999999828e+03,2.306334899999999834e+03,1.696341499999999996e+03,1.635548700000000053e+03,1.648228000000000065e+03,1.712455600000000004e+03,2.012016200000000026e+03
1.895999999999999908e+00,3.075463000000000193e+03,2.576477600000000166e+03,2.301529500000000098e+03,1.684737599999999929e+03,1.631818500000000085e+03,1.645367099999999937e+03,1.708029700000000048e+03,1.997620100000000093e+03
1.899999999999999911e+00,3.074725500000000011e+03,2.575331099999999878e+03,2.297622100000000046e+03,1.673626099999999951e+03,1.628619899999999916e+03,1.643262199999999893e+03,1.703963600000000042e+03,1.983133199999999988e+03
1.905000000000000027e+00,3.075013500000000022e+03,2.572387600000000020e+03,2.299187100000000100e+03,1.686600400000000036e+03,1.624690399999999954e+03,1.640419799999999896e+03,1.699732700000000023e+03,1.972147699999999986e+03
1.909999999999999920e+00,3.072678199999999833e+03,2.568506199999999808e+03,2.295013199999999870e+03,1.668175400000000081e+03,1.618566499999999905e+03,1.636112499999999955e+03,1.693059099999999944e+03,1.951713899999999967e+03
1.915000000000000036e+00,3.071349099999999908e+03,2.563972699999999804e+03,2.289417500000000018e+03,1.653837600000000066e+03,1.616022799999999961e+03,1.633628899999999931e+03,1.689524699999999939e+03,1.937200399999999945e+03
1.919999999999999929e+00,3.069816600000000108e+03,2.560109599999999773e+03,2.282475199999999859e+03,1.642702299999999923e+03,1.613468599999999924e+03,1.631161700000000110e+03,1.685114399999999932e+03,1.921989800000000059e+03
1.925000000000000044e+00,3.068306999999999789e+03,2.557318999999999960e+03,2.276820999999999913e+03,1.633427799999999934e+03,1.611635600000000068e+03,1.629852100000000064e+03,1.682009199999999964e+03,1.905943299999999908e+03
1.929999999999999938e+00,3.067773999999999887e+03,2.555806900000000041e+03,2.272347400000000107e+03,1.625103299999999990e+03,1.609692099999999982e+03,1.628951800000000048e+03,1.679812400000000025e+03,1.892059199999999919e+03
1.935000000000000053e+00,3.066672399999999925e+03,2.553661399999999958e+03,2.267077400000000125e+03,1.616490099999999984e+03,1.607459000000000060e+03,1.627361200000000053e+03,1.676185400000000072e+03,1.877896500000000060e+03
1.939999999999999947e+00,3.066443499999999858e+03,2.552590799999999945e+03,2.262804599999999937e+03,1.609034900000000107e+03,1.605934099999999944e+03,1.625910900000000083e+03,1.672927300000000059e+03,1.864135500000000093e+03
1.945000000000000062e+00,3.065167699999999968e+03,2.550490999999999985e+03,2.257436099999999897e+03,1.602376700000000028e+03,1.604925899999999956e+03,1.625297900000000027e+03,1.671037299999999959e+03,1.851706200000000081e+03
1.949999999999999956e+00,3.063373399999999947e+03,2.547729400000000169e+03,2.251059999999999945e+03,1.595893700000000081e+03,1.604429599999999937e+03,1.624933399999999892e+03,1.668421599999999899e+03,1.840297800000000052e+03
1.955000000000000071e+00,3.062082499999999982e+03,2.545766599999999926e+03,2.245373799999999846e+03,1.589443199999999933e+03,1.603792599999999993e+03,1.624779600000000073e+03,1.666607799999999997e+03,1.829650799999999890e+03
1.959999999999999964e+00,3.061861699999999928e+03,2.545012200000000121e+03,2.240726299999999810e+03,1.583757100000000037e+03,1.603584700000000112e+03,1.624946200000000090e+03,1.665200900000000047e+03,1.820149499999999989e+03
1.963999999999999968e+00,3.060518700000000081e+03,2.545544800000000123e+03,2.230512200000000121e+03,1.549993300000000090e+03,1.603801200000000108e+03,1.622892200000000003e+03,1.659881900000000087e+03,1.800499700000000075e+03
1.967999999999999972e+00,3.061756899999999860e+03,2.547447000000000116e+03,2.228920599999999922e+03,1.550636700000000019e+03,1.606423800000000028e+03,1.625309600000000046e+03,1.661637099999999919e+03,1.798403999999999996e+03
1.971999999999999975e+00,3.061135299999999916e+03,2.547077000000000226e+03,2.226169699999999921e+03,1.553292099999999891e+03,1.606881200000000035e+03,1.625266699999999901e+03,1.660140300000000025e+03,1.790716699999999946e+03
1.975999999999999979e+00,3.061000799999999799e+03,2.546738199999999779e+03,2.223788700000000063e+03,1.556352100000000064e+03,1.607876600000000053e+03,1.626138300000000072e+03,1.659882200000000012e+03,1.784990999999999985e+03
1.979999999999999982e+00,3.060824399999999969e+03,2.546679599999999937e+03,2.223407600000000002e+03,1.554827800000000025e+03,1.607694700000000012e+03,1.626301500000000033e+03,1.658989299999999957e+03,1.779184700000000021e+03
1.983999999999999986e+00,3.060789800000000014e+03,2.546389700000000175e+03,2.223031599999999798e+03,1.552928599999999960e+03,1.607904500000000098e+03,1.627201900000000023e+03,1.659013699999999972e+03,1.774910100000000057e+03
1.987999999999999989e+00,3.060483999999999924e+03,2.545572500000000218e+03,2.222138899999999921e+03,1.550158400000000029e+03,1.607969900000000052e+03,1.628286399999999958e+03,1.659354000000000042e+03,1.771401200000000017e+03
1.991999999999999993e+00,3.061048600000000079e+03,2.546441699999999855e+03,2.224857599999999820e+03,1.546586499999999887e+03,1.607838999999999942e+03,1.628905899999999974e+03,1.659144999999999982e+03,1.767769000000000005e+03
1.995999999999999996e+00,3.061086200000000190e+03,2.545934099999999944e+03,2.224979499999999916e+03,1.543759600000000091e+03,1.607708800000000110e+03,1.629612399999999980e+03,1.658994899999999916e+03,1.764504500000000007e+03
2.000000000000000000e+00,3.060773000000000138e+03,2.544352600000000166e+03,2.223905900000000202e+03,1.541688100000000077e+03,1.607885700000000043e+03,1.629858099999999922e+03,1.658367500000000064e+03,1.761019500000000107e+03
2.004000000000000004e+00,3.061166400000000067e+03,2.543883699999999862e+03,2.224045099999999820e+03,1.539568099999999959e+03,1.608226799999999912e+03,1.630643700000000081e+03,1.658417799999999943e+03,1.758549899999999980e+03
2.008000000000000007e+00,3.061797599999999875e+03,2.543596500000000106e+03,2.224034200000000055e+03,1.537266200000000026e+03,1.608398100000000113e+03,1.631124199999999973e+03,1.658194199999999910e+03,1.756551300000000083e+03
2.012000000000000011e+00,3.062106099999999969e+03,2.542953399999999874e+03,2.223585000000000036e+03,1.535157799999999952e+03,1.608405999999999949e+03,1.631027199999999993e+03,1.657370200000000068e+03,1.754236200000000053e+03
2.016000000000000014e+00,3.062619499999999789e+03,2.542559999999999945e+03,2.223172599999999875e+03,1.533372599999999920e+03,1.608743699999999990e+03,1.631355000000000018e+03,1.657047199999999975e+03,1.752399499999999989e+03
2.020000000000000018e+00,3.062811400000000049e+03,2.541903699999999844e+03,2.222532499999999800e+03,1.531117799999999988e+03,1.609250700000000052e+03,1.632084900000000061e+03,1.657180699999999888e+03,1.751105499999999893e+03
2.023333300000000001e+00,3.062781599999999798e+03,2.543254899999999907e+03,2.217125599999999849e+03,1.508931199999999990e+03,1.610998000000000047e+03,1.630944199999999910e+03,1.654658500000000004e+03,1.738749399999999923e+03
2.026666699999999821e+00,3.062333599999999933e+03,2.542409799999999905e+03,2.215573800000000119e+03,1.510082000000000107e+03,1.612799299999999903e+03,1.633135299999999916e+03,1.657121699999999919e+03,1.742155799999999999e+03
2.029999999999999805e+00,3.062057999999999993e+03,2.541457399999999780e+03,2.214427099999999882e+03,1.511239800000000059e+03,1.612664199999999937e+03,1.632971299999999928e+03,1.656628999999999905e+03,1.740978399999999965e+03
2.033333299999999788e+00,3.062040399999999863e+03,2.540941699999999855e+03,2.214118399999999838e+03,1.512134499999999889e+03,1.612809299999999894e+03,1.633198699999999917e+03,1.656659499999999980e+03,1.740549899999999980e+03
2.036666700000000052e+00,3.062698400000000220e+03,2.541102100000000064e+03,2.214536900000000060e+03,1.512785200000000032e+03,1.612955400000000054e+03,1.633243600000000015e+03,1.656574699999999893e+03,1.740376999999999953e+03
2.040000000000000036e+00,3.063267100000000028e+03,2.541076199999999972e+03,2.214666700000000219e+03,1.512550099999999929e+03,1.613329400000000078e+03,1.633623599999999897e+03,1.656862699999999904e+03,1.740678900000000112e+03
2.043333300000000019e+00,3.063606800000000021e+03,2.540823600000000170e+03,2.214616399999999885e+03,1.511901800000000094e+03,1.613304499999999962e+03,1.633370799999999917e+03,1.656523500000000013e+03,1.740524899999999889e+03
2.046666699999999839e+00,3.064456900000000132e+03,2.541098899999999958e+03,2.215123300000000199e+03,1.512071699999999964e+03,1.614072799999999916e+03,1.633932000000000016e+03,1.657105299999999943e+03,1.741328800000000001e+03
2.049999999999999822e+00,3.065000799999999799e+03,2.541043000000000120e+03,2.215233799999999974e+03,1.511514100000000099e+03,1.614425799999999981e+03,1.634211499999999887e+03,1.657452800000000025e+03,1.741796499999999924e+03
2.053333299999999806e+00,3.064935800000000199e+03,2.540476000000000113e+03,2.214894899999999780e+03,1.510594700000000103e+03,1.614507599999999911e+03,1.634267000000000053e+03,1.657612399999999980e+03,1.742072499999999991e+03
2.056666700000000070e+00,3.064723500000000058e+03,2.539810800000000199e+03,2.214501099999999951e+03,1.509898300000000063e+03,1.615228599999999915e+03,1.635182299999999941e+03,1.658619200000000092e+03,1.742795100000000048e+03
2.060000000000000053e+00,3.064802299999999832e+03,2.539402000000000044e+03,2.214285899999999856e+03,1.509095499999999902e+03,1.615246000000000095e+03,1.635218299999999999e+03,1.659032400000000052e+03,1.743477000000000089e+03
2.063333300000000037e+00,3.064829099999999926e+03,2.538949999999999818e+03,2.214003799999999956e+03,1.508331300000000056e+03,1.615832200000000057e+03,1.636037700000000086e+03,1.660068400000000111e+03,1.744333900000000085e+03
2.066666699999999857e+00,3.065300000000000182e+03,2.538978999999999814e+03,2.214195700000000215e+03,1.507989000000000033e+03,1.616443800000000010e+03,1.636716499999999996e+03,1.660956400000000031e+03,1.745026299999999992e+03
2.069999999999999840e+00,3.065385800000000017e+03,2.538611499999999978e+03,2.213937699999999950e+03,1.507148400000000038e+03,1.616532799999999952e+03,1.636940900000000056e+03,1.661427500000000009e+03,1.745491800000000012e+03
2.073333299999999824e+00,3.065535600000000159e+03,2.538350100000000111e+03,2.213754399999999805e+03,1.506498800000000074e+03,1.616956799999999930e+03,1.637437200000000075e+03,1.662112800000000107e+03,1.746257900000000063e+03
2.076666700000000088e+00,3.066140699999999924e+03,2.538574599999999919e+03,2.214013800000000174e+03,1.506381200000000035e+03,1.617175500000000056e+03,1.637602799999999888e+03,1.662625099999999975e+03,1.746895899999999983e+03
2.080000000000000071e+00,3.066195799999999963e+03,2.538187100000000100e+03,2.213579299999999876e+03,1.505472299999999905e+03,1.616825100000000020e+03,1.637213700000000017e+03,1.662573200000000043e+03,1.747019600000000082e+03
2.083333300000000055e+00,3.066086200000000190e+03,2.537578599999999824e+03,2.212960099999999784e+03,1.504572599999999966e+03,1.616228699999999890e+03,1.636574399999999969e+03,1.662339199999999892e+03,1.746919300000000021e+03
2.086666699999999874e+00,3.065584699999999884e+03,2.536775000000000091e+03,2.212242099999999937e+03,1.503755599999999959e+03,1.615854000000000042e+03,1.636264100000000099e+03,1.662583000000000084e+03,1.747204700000000003e+03
2.089999999999999858e+00,3.065144499999999880e+03,2.536034400000000005e+03,2.211563299999999799e+03,1.503008499999999913e+03,1.615501800000000003e+03,1.636001999999999953e+03,1.662844599999999900e+03,1.747192999999999984e+03
2.093333299999999841e+00,3.064986399999999776e+03,2.535558300000000145e+03,2.211115800000000036e+03,1.502449399999999969e+03,1.615207400000000007e+03,1.635743899999999940e+03,1.662796199999999999e+03,1.747402700000000095e+03
2.096666700000000105e+00,3.064811099999999897e+03,2.535067799999999806e+03,2.210614000000000033e+03,1.501881100000000060e+03,1.614872200000000021e+03,1.635645899999999983e+03,1.663220299999999952e+03,1.747669900000000098e+03
2.100000000000000089e+00,3.064811099999999897e+03,2.534736800000000130e+03,2.210195299999999861e+03,1.501267399999999952e+03,1.614152299999999968e+03,1.635262300000000096e+03,1.663817700000000059e+03,1.747846900000000005e+03
2.103333300000000072e+00,3.064597800000000007e+03,2.534315200000000004e+03,2.209742099999999937e+03,1.500872299999999996e+03,1.613856700000000046e+03,1.635322499999999991e+03,1.665068500000000085e+03,1.748233999999999924e+03
2.106666699999999892e+00,3.064635000000000218e+03,2.534111199999999826e+03,2.209424899999999980e+03,1.500495300000000043e+03,1.613419200000000046e+03,1.634814000000000078e+03,1.664037399999999934e+03,1.748518000000000029e+03
2.109999999999999876e+00,3.064222299999999905e+03,2.533569599999999809e+03,2.208833599999999933e+03,1.500172499999999900e+03,1.613501199999999926e+03,1.635317199999999957e+03,1.664988100000000031e+03,1.749513400000000047e+03
2.113333299999999859e+00,3.063826900000000023e+03,2.532974000000000160e+03,2.208079699999999775e+03,1.499554599999999937e+03,1.613024699999999939e+03,1.634940299999999979e+03,1.664932099999999991e+03,1.749144600000000082e+03
2.116666700000000123e+00,3.063094000000000051e+03,2.532140800000000127e+03,2.207110499999999774e+03,1.498931199999999990e+03,1.612731700000000046e+03,1.635027900000000045e+03,1.665388099999999895e+03,1.749312899999999900e+03
2.120000000000000107e+00,3.062296200000000226e+03,2.531229499999999916e+03,2.205967999999999847e+03,1.498013099999999895e+03,1.611806599999999889e+03,1.634267800000000079e+03,1.664897899999999936e+03,1.748787499999999909e+03
2.123333300000000090e+00,3.061532099999999900e+03,2.530414000000000215e+03,2.204887200000000121e+03,1.497344499999999925e+03,1.611388899999999921e+03,1.634095000000000027e+03,1.664878699999999981e+03,1.748401800000000094e+03
2.126666699999999910e+00,3.060923600000000079e+03,2.529747499999999945e+03,2.203803499999999985e+03,1.496587399999999889e+03,1.610701399999999921e+03,1.633504300000000057e+03,1.664466100000000097e+03,1.747702700000000050e+03
2.129999999999999893e+00,3.060117699999999786e+03,2.528936599999999999e+03,2.202370899999999892e+03,1.495415299999999888e+03,1.609452399999999898e+03,1.632518700000000081e+03,1.663750600000000077e+03,1.746869799999999941e+03
2.133333299999999877e+00,3.058894600000000082e+03,2.527916700000000219e+03,2.200744299999999839e+03,1.494216599999999971e+03,1.607977300000000014e+03,1.631295399999999972e+03,1.662895400000000109e+03,1.745533200000000079e+03
2.136666700000000141e+00,3.057763100000000122e+03,2.527080500000000029e+03,2.199088900000000194e+03,1.493116700000000037e+03,1.606440299999999979e+03,1.630088799999999992e+03,1.661937300000000050e+03,1.744249199999999973e+03
2.140000000000000124e+00,3.056821899999999914e+03,2.526656399999999849e+03,2.197622699999999895e+03,1.492603100000000040e+03,1.605731500000000096e+03,1.629831699999999955e+03,1.661676899999999932e+03,1.743292300000000068e+03
2.143333300000000108e+00,3.055715299999999843e+03,2.526151100000000042e+03,2.195288700000000063e+03,1.491272300000000087e+03,1.604075700000000097e+03,1.628585900000000038e+03,1.660563900000000103e+03,1.741779600000000073e+03
2.146666699999999928e+00,3.053485700000000179e+03,2.523173600000000079e+03,2.194438400000000001e+03,1.490082300000000032e+03,1.602655299999999897e+03,1.627777800000000070e+03,1.659965500000000020e+03,1.740661499999999933e+03
2.149999999999999911e+00,3.051057200000000194e+03,2.520086400000000140e+03,2.194021400000000085e+03,1.489333100000000059e+03,1.601518900000000031e+03,1.627177200000000084e+03,1.659355399999999918e+03,1.739514200000000073e+03
2.153333299999999895e+00,3.049424300000000130e+03,2.518012000000000171e+03,2.192861699999999928e+03,1.488188300000000027e+03,1.600308999999999969e+03,1.626399699999999939e+03,1.658868999999999915e+03,1.738718000000000075e+03
2.156666700000000159e+00,3.047304599999999937e+03,2.514122199999999793e+03,2.193594000000000051e+03,1.487761299999999892e+03,1.599889599999999973e+03,1.626399799999999914e+03,1.658904899999999998e+03,1.737795200000000023e+03
2.160000000000000142e+00,3.044497899999999845e+03,2.510026800000000094e+03,2.193511300000000119e+03,1.486855099999999993e+03,1.598764799999999923e+03,1.625759600000000091e+03,1.658379200000000083e+03,1.736711399999999912e+03
2.163333300000000126e+00,3.042781899999999951e+03,2.507764400000000023e+03,2.191485799999999927e+03,1.485034799999999905e+03,1.597070600000000013e+03,1.624488000000000056e+03,1.657196699999999964e+03,1.735131100000000060e+03
2.166666699999999945e+00,3.041139900000000125e+03,2.505719700000000103e+03,2.189210999999999785e+03,1.483218499999999949e+03,1.595353399999999965e+03,1.623336800000000039e+03,1.655991899999999987e+03,1.733378400000000056e+03
2.169999999999999929e+00,3.039153999999999996e+03,2.503434799999999996e+03,2.186943699999999808e+03,1.481500099999999975e+03,1.593657699999999977e+03,1.622131000000000085e+03,1.654677300000000059e+03,1.731486900000000105e+03
2.173333299999999912e+00,3.037440399999999954e+03,2.501523400000000038e+03,2.185150200000000041e+03,1.480312400000000025e+03,1.592547800000000052e+03,1.621420499999999947e+03,1.653769500000000107e+03,1.729813900000000103e+03
2.176666700000000176e+00,3.035497299999999996e+03,2.499432299999999941e+03,2.183145100000000184e+03,1.478834700000000112e+03,1.591146999999999935e+03,1.620580699999999979e+03,1.652815800000000081e+03,1.728062599999999975e+03
2.180000000000000160e+00,3.033585900000000038e+03,2.497435399999999845e+03,2.181231800000000021e+03,1.477551799999999957e+03,1.590093499999999949e+03,1.620117199999999912e+03,1.652258900000000040e+03,1.726556900000000041e+03
2.183333300000000143e+00,3.031362399999999980e+03,2.495202200000000175e+03,2.179099400000000060e+03,1.476148699999999963e+03,1.588935600000000022e+03,1.619495899999999892e+03,1.651664399999999887e+03,1.724917200000000093e+03
2.186666699999999963e+00,3.029204499999999825e+03,2.493008400000000165e+03,2.176939800000000105e+03,1.474679100000000062e+03,1.587779800000000023e+03,1.618900699999999915e+03,1.651042400000000043e+03,1.723109899999999925e+03
2.189999999999999947e+00,3.026869400000000041e+03,2.490705699999999979e+03,2.174662200000000212e+03,1.473049899999999980e+03,1.586286299999999983e+03,1.617831899999999905e+03,1.649982700000000023e+03,1.720928599999999960e+03
2.193333299999999930e+00,3.024639400000000023e+03,2.488513500000000022e+03,2.172451300000000174e+03,1.471525000000000091e+03,1.584923800000000028e+03,1.616932600000000093e+03,1.649165899999999965e+03,1.719058800000000019e+03
2.196666700000000194e+00,3.022148400000000038e+03,2.486194500000000062e+03,2.170139799999999923e+03,1.470147400000000061e+03,1.583903499999999894e+03,1.616228399999999965e+03,1.648411100000000033e+03,1.717035699999999906e+03
2.200000000000000178e+00,3.019950800000000072e+03,2.484108299999999872e+03,2.167932099999999991e+03,1.468808399999999892e+03,1.582831799999999930e+03,1.615420200000000023e+03,1.647567000000000007e+03,1.714982700000000023e+03
2.203333300000000161e+00,3.017495499999999993e+03,2.481929000000000087e+03,2.165745399999999790e+03,1.467701800000000048e+03,1.582012400000000071e+03,1.615115199999999959e+03,1.647181599999999889e+03,1.713202600000000075e+03
2.206666699999999981e+00,3.014385200000000168e+03,2.478965099999999893e+03,2.163472900000000209e+03,1.466416099999999915e+03,1.580761799999999994e+03,1.614565499999999929e+03,1.646691399999999931e+03,1.711410200000000032e+03
2.209999999999999964e+00,3.011700499999999920e+03,2.476328599999999824e+03,2.161266799999999876e+03,1.465335900000000038e+03,1.579899400000000014e+03,1.614012799999999970e+03,1.646082900000000109e+03,1.709343200000000024e+03
2.213333299999999948e+00,3.008749800000000050e+03,2.473399699999999939e+03,2.158741599999999835e+03,1.463775499999999965e+03,1.578146600000000035e+03,1.612995799999999917e+03,1.645151100000000042e+03,1.707039600000000064e+03
2.216666700000000212e+00,3.006418099999999868e+03,2.470911900000000060e+03,2.157153899999999794e+03,1.463117500000000064e+03,1.577218800000000101e+03,1.612667899999999918e+03,1.644762400000000071e+03,1.705261299999999892e+03
2.220000000000000195e+00,3.004098800000000210e+03,2.468551599999999780e+03,2.154815399999999954e+03,1.461753500000000031e+03,1.575559299999999894e+03,1.611858099999999922e+03,1.643911299999999983e+03,1.703300400000000081e+03
2.223333300000000179e+00,3.001852899999999863e+03,2.466184499999999844e+03,2.152373300000000199e+03,1.460593800000000101e+03,1.574168599999999969e+03,1.611056199999999990e+03,1.642870899999999892e+03,1.700967699999999923e+03
2.226666699999999999e+00,2.999514999999999873e+03,2.463196699999999964e+03,2.149421699999999873e+03,1.459007399999999961e+03,1.572364399999999932e+03,1.610050600000000031e+03,1.641737100000000055e+03,1.698609699999999975e+03
2.229999999999999982e+00,2.996771200000000135e+03,2.460188000000000102e+03,2.146569599999999809e+03,1.457453800000000001e+03,1.570449399999999969e+03,1.608824900000000071e+03,1.640335000000000036e+03,1.696039899999999989e+03
2.233333299999999966e+00,2.993779500000000098e+03,2.456980599999999868e+03,2.143470499999999902e+03,1.455473500000000058e+03,1.568103499999999940e+03,1.607377400000000080e+03,1.638812899999999900e+03,1.693462399999999889e+03
2.236666699999999786e+00,2.990362900000000081e+03,2.453943000000000211e+03,2.140518999999999778e+03,1.453752500000000055e+03,1.566118600000000015e+03,1.606130900000000111e+03,1.637408699999999953e+03,1.690916799999999967e+03
2.240000000000000213e+00,2.987622499999999945e+03,2.451623599999999897e+03,2.138142400000000180e+03,1.452172600000000102e+03,1.564427200000000084e+03,1.605051500000000033e+03,1.636116899999999987e+03,1.688422399999999925e+03
2.243333300000000197e+00,2.984870800000000145e+03,2.449363499999999931e+03,2.135952000000000226e+03,1.450160200000000032e+03,1.562526900000000069e+03,1.604123399999999947e+03,1.635038099999999986e+03,1.686146400000000085e+03
2.246666700000000017e+00,2.981690099999999802e+03,2.446633499999999913e+03,2.133476799999999912e+03,1.448441199999999981e+03,1.560903499999999894e+03,1.603414899999999989e+03,1.634156899999999951e+03,1.684036800000000085e+03
2.250000000000000000e+00,2.978503499999999804e+03,2.443693200000000161e+03,2.130742499999999836e+03,1.447057999999999993e+03,1.559327199999999948e+03,1.602690100000000029e+03,1.633266300000000001e+03,1.681901299999999992e+03
2.253333299999999983e+00,2.975672500000000127e+03,2.441113899999999830e+03,2.128265300000000025e+03,1.445888899999999921e+03,1.558159699999999930e+03,1.602396099999999933e+03,1.632788399999999911e+03,1.680081599999999980e+03
2.256666699999999803e+00,2.972366300000000138e+03,2.438179200000000037e+03,2.125323400000000220e+03,1.444105000000000018e+03,1.556600899999999911e+03,1.601870599999999968e+03,1.632162299999999959e+03,1.678226200000000063e+03
2.259999999999999787e+00,2.969310100000000148e+03,2.435653499999999894e+03,2.122661000000000058e+03,1.442477399999999989e+03,1.555224799999999959e+03,1.601455699999999979e+03,1.631666300000000092e+03,1.676541699999999992e+03
2.263333300000000214e+00,2.966062600000000202e+03,2.433301699999999983e+03,2.119965299999999843e+03,1.440652199999999993e+03,1.554038199999999961e+03,1.601117400000000089e+03,1.631191499999999905e+03,1.674906899999999951e+03
2.266666700000000034e+00,2.962884900000000016e+03,2.430862299999999777e+03,2.117250500000000102e+03,1.438836399999999912e+03,1.553033200000000079e+03,1.600825700000000097e+03,1.630760099999999966e+03,1.673285100000000057e+03
2.270000000000000018e+00,2.960965700000000197e+03,2.426794800000000123e+03,2.113804599999999937e+03,1.436701000000000022e+03,1.551937500000000000e+03,1.600445799999999963e+03,1.630255499999999984e+03,1.671685099999999920e+03
2.273333300000000001e+00,2.958481600000000071e+03,2.423633200000000215e+03,2.110790800000000218e+03,1.434668100000000095e+03,1.550983300000000099e+03,1.600152199999999993e+03,1.629805499999999938e+03,1.670051300000000083e+03
2.276666699999999821e+00,2.956758800000000065e+03,2.419048699999999826e+03,2.107294300000000021e+03,1.432457499999999982e+03,1.549958000000000084e+03,1.599766200000000026e+03,1.629267200000000003e+03,1.668356099999999969e+03
2.279999999999999805e+00,2.952860200000000077e+03,2.415836999999999989e+03,2.104347600000000057e+03,1.430089699999999993e+03,1.548731700000000046e+03,1.599225100000000111e+03,1.628611599999999953e+03,1.666640599999999949e+03
2.283333299999999788e+00,2.949017400000000180e+03,2.412757099999999809e+03,2.101480900000000020e+03,1.427686699999999973e+03,1.547527399999999943e+03,1.598638599999999997e+03,1.627904299999999921e+03,1.664832799999999907e+03
2.286666700000000052e+00,2.945261599999999817e+03,2.409283699999999953e+03,2.098452200000000175e+03,1.425219299999999976e+03,1.546318899999999985e+03,1.598085600000000113e+03,1.627238200000000006e+03,1.663044000000000096e+03
2.290000000000000036e+00,2.942002500000000055e+03,2.405939800000000105e+03,2.095428100000000086e+03,1.422763799999999947e+03,1.545157899999999927e+03,1.597579400000000078e+03,1.626609500000000025e+03,1.661255200000000059e+03
2.293333300000000019e+00,2.938677400000000034e+03,2.402723300000000108e+03,2.092529100000000199e+03,1.420440100000000029e+03,1.544164899999999989e+03,1.597161399999999958e+03,1.626080999999999904e+03,1.659620599999999968e+03
2.296666699999999839e+00,2.935327800000000025e+03,2.399469399999999951e+03,2.089535899999999856e+03,1.417965400000000045e+03,1.543043400000000020e+03,1.596709100000000035e+03,1.625540600000000040e+03,1.657937899999999900e+03
2.299999999999999822e+00,2.931904300000000148e+03,2.396145700000000033e+03,2.086448400000000220e+03,1.415403099999999995e+03,1.541935199999999895e+03,1.596280600000000049e+03,1.625010600000000068e+03,1.656225100000000111e+03
2.303333299999999806e+00,2.928281100000000151e+03,2.392711999999999989e+03,2.083260299999999916e+03,1.412744500000000016e+03,1.540779199999999946e+03,1.595839099999999917e+03,1.624499900000000025e+03,1.654584000000000060e+03
2.306666700000000070e+00,2.924568900000000212e+03,2.389173600000000079e+03,2.079967000000000098e+03,1.410066399999999931e+03,1.539698599999999942e+03,1.595361400000000003e+03,1.623899200000000064e+03,1.652786000000000058e+03
2.310000000000000053e+00,2.921346900000000005e+03,2.386044199999999819e+03,2.077028400000000147e+03,1.407623399999999947e+03,1.538817299999999932e+03,1.595099899999999934e+03,1.623518499999999904e+03,1.651208399999999983e+03
2.313333300000000037e+00,2.917372899999999845e+03,2.382214699999999993e+03,2.073404100000000199e+03,1.404541300000000092e+03,1.537385800000000017e+03,1.594350500000000011e+03,1.622682800000000043e+03,1.649248299999999972e+03
2.316666699999999857e+00,2.914392800000000079e+03,2.379378999999999905e+03,2.070614700000000084e+03,1.402047399999999925e+03,1.536371200000000044e+03,1.593781799999999976e+03,1.621992799999999988e+03,1.647446999999999889e+03
2.319999999999999840e+00,2.910519099999999980e+03,2.375603399999999965e+03,2.066928100000000086e+03,1.398834399999999960e+03,1.534909699999999930e+03,1.592982500000000073e+03,1.621107799999999997e+03,1.645445200000000114e+03
2.323333299999999824e+00,2.906989199999999983e+03,2.372199900000000071e+03,2.063613199999999779e+03,1.395842799999999897e+03,1.533540700000000015e+03,1.592188100000000077e+03,1.620211499999999887e+03,1.643405600000000049e+03
2.326666700000000088e+00,2.903340200000000095e+03,2.368665300000000116e+03,2.060170399999999972e+03,1.392725200000000086e+03,1.532096000000000004e+03,1.591271300000000110e+03,1.619159400000000005e+03,1.641171900000000051e+03
2.330000000000000071e+00,2.899792199999999866e+03,2.365182499999999891e+03,2.056636800000000221e+03,1.389486599999999953e+03,1.530700199999999995e+03,1.590380799999999908e+03,1.618127899999999954e+03,1.638925799999999981e+03
2.333333300000000055e+00,2.896050200000000132e+03,2.361561400000000049e+03,2.053123599999999897e+03,1.386314699999999903e+03,1.529274799999999914e+03,1.589450299999999970e+03,1.617034200000000055e+03,1.636552799999999934e+03
2.336666699999999874e+00,2.892580500000000029e+03,2.358189199999999801e+03,2.049902900000000045e+03,1.383333900000000085e+03,1.527851899999999887e+03,1.588460499999999911e+03,1.615877700000000004e+03,1.634167400000000043e+03
2.339999999999999858e+00,2.888779700000000048e+03,2.354482199999999921e+03,2.046333599999999933e+03,1.379959000000000060e+03,1.526107700000000023e+03,1.587269999999999982e+03,1.614554799999999886e+03,1.631660399999999981e+03
2.343999999999999861e+00,2.883722299999999905e+03,2.348321100000000115e+03,2.043142700000000104e+03,1.389786399999999958e+03,1.520974500000000035e+03,1.584882000000000062e+03,1.612499099999999999e+03,1.635470900000000029e+03
2.347999999999999865e+00,2.878908699999999953e+03,2.343545599999999922e+03,2.038858699999999999e+03,1.384458499999999958e+03,1.519001800000000003e+03,1.583207300000000032e+03,1.610125800000000027e+03,1.630218200000000024e+03
2.351999999999999869e+00,2.874751000000000204e+03,2.339554799999999886e+03,2.035205600000000004e+03,1.378423299999999927e+03,1.517597800000000007e+03,1.582256800000000112e+03,1.608833900000000085e+03,1.627106800000000021e+03
2.355999999999999872e+00,2.870572599999999966e+03,2.335538199999999961e+03,2.031528499999999894e+03,1.373044900000000098e+03,1.516011899999999969e+03,1.581351599999999962e+03,1.607769600000000082e+03,1.624818999999999960e+03
2.359999999999999876e+00,2.866170200000000023e+03,2.331215200000000095e+03,2.027458399999999983e+03,1.367815499999999929e+03,1.513932700000000068e+03,1.579918400000000020e+03,1.606148699999999963e+03,1.621812400000000025e+03
2.363999999999999879e+00,2.861607199999999921e+03,2.326704200000000128e+03,2.023130400000000009e+03,1.362698200000000043e+03,1.511685099999999920e+03,1.578269999999999982e+03,1.604290500000000065e+03,1.618519800000000032e+03
2.367999999999999883e+00,2.857055299999999988e+03,2.322193299999999908e+03,2.018746599999999944e+03,1.357727300000000014e+03,1.509420900000000074e+03,1.576540400000000091e+03,1.602361499999999978e+03,1.615116500000000087e+03
2.371999999999999886e+00,2.852638199999999870e+03,2.317821399999999812e+03,2.014466200000000072e+03,1.353010800000000017e+03,1.507277700000000095e+03,1.574734699999999975e+03,1.600317900000000009e+03,1.611495200000000068e+03
2.375999999999999890e+00,2.848219300000000203e+03,2.313448800000000119e+03,2.010152299999999968e+03,1.348358400000000074e+03,1.505217799999999897e+03,1.572971199999999953e+03,1.598301699999999983e+03,1.607935999999999922e+03
2.379999999999999893e+00,2.843680400000000191e+03,2.308948300000000017e+03,2.005657799999999952e+03,1.343493999999999915e+03,1.502884199999999964e+03,1.570933500000000095e+03,1.596038999999999987e+03,1.604211900000000014e+03
2.383999999999999897e+00,2.839090400000000045e+03,2.304401499999999942e+03,2.001089699999999993e+03,1.338569500000000062e+03,1.500483600000000024e+03,1.568800500000000056e+03,1.593689000000000078e+03,1.600426200000000108e+03
2.387999999999999901e+00,2.834622600000000148e+03,2.299982100000000173e+03,1.996630799999999908e+03,1.333728000000000065e+03,1.498053000000000111e+03,1.566543100000000095e+03,1.591178900000000112e+03,1.596367400000000089e+03
2.391999999999999904e+00,2.830204699999999775e+03,2.295608499999999822e+03,1.992205300000000079e+03,1.328970299999999952e+03,1.495676099999999906e+03,1.564303599999999960e+03,1.588626999999999953e+03,1.592179000000000087e+03
2.395999999999999908e+00,2.825681599999999889e+03,2.291158399999999801e+03,1.987700199999999995e+03,1.324027399999999943e+03,1.493195300000000088e+03,1.562059899999999971e+03,1.586077700000000050e+03,1.588034000000000106e+03
2.399999999999999911e+00,2.820998300000000199e+03,2.286562899999999900e+03,1.983048399999999901e+03,1.318930699999999888e+03,1.490509700000000066e+03,1.559603900000000067e+03,1.583312200000000075e+03,1.583668100000000095e+03
2.403999999999999915e+00,2.816557600000000093e+03,2.282210700000000088e+03,1.978619200000000092e+03,1.314034400000000005e+03,1.487942600000000084e+03,1.557176500000000033e+03,1.580571899999999914e+03,1.579398799999999937e+03
2.407999999999999918e+00,2.811907299999999850e+03,2.277764500000000226e+03,1.974115500000000111e+03,1.309090599999999995e+03,1.485385099999999966e+03,1.554772799999999961e+03,1.577851499999999987e+03,1.575117799999999988e+03
2.411999999999999922e+00,2.807877100000000155e+03,2.273498700000000099e+03,1.969710299999999961e+03,1.304174999999999955e+03,1.482803000000000111e+03,1.552290500000000065e+03,1.575035300000000007e+03,1.570739900000000034e+03
2.415999999999999925e+00,2.803697599999999966e+03,2.269100899999999911e+03,1.965157300000000077e+03,1.299070500000000038e+03,1.479979599999999891e+03,1.549579300000000103e+03,1.571982700000000023e+03,1.566098099999999931e+03
2.419999999999999929e+00,2.799190000000000055e+03,2.264577299999999923e+03,1.960520199999999932e+03,1.293895099999999957e+03,1.477028199999999970e+03,1.546692299999999932e+03,1.568746100000000069e+03,1.561264599999999973e+03
2.423333299999999912e+00,2.796245499999999993e+03,2.262769299999999930e+03,1.955641699999999901e+03,1.273345499999999902e+03,1.478537499999999909e+03,1.545759099999999989e+03,1.566967300000000023e+03,1.550281799999999976e+03
2.426666700000000176e+00,2.792601500000000215e+03,2.259197700000000168e+03,1.951597600000000057e+03,1.270365000000000009e+03,1.476128699999999981e+03,1.543425099999999929e+03,1.564700800000000072e+03,1.547577099999999973e+03
2.430000000000000160e+00,2.789035199999999804e+03,2.255564600000000155e+03,1.947622499999999945e+03,1.268930299999999988e+03,1.473411700000000110e+03,1.540737699999999904e+03,1.561853100000000040e+03,1.543958100000000059e+03
2.433333300000000143e+00,2.784676399999999830e+03,2.251150200000000041e+03,1.942870400000000018e+03,1.266013999999999896e+03,1.470412900000000036e+03,1.537772500000000036e+03,1.558593299999999999e+03,1.539382900000000063e+03
2.436666699999999963e+00,2.781279899999999998e+03,2.247755799999999908e+03,1.939194300000000112e+03,1.263248599999999897e+03,1.468001299999999901e+03,1.535241899999999987e+03,1.555723199999999906e+03,1.535165899999999965e+03
2.439999999999999947e+00,2.776929799999999886e+03,2.243412699999999859e+03,1.934646999999999935e+03,1.259277499999999918e+03,1.465135500000000093e+03,1.532427500000000009e+03,1.552610799999999927e+03,1.530744899999999916e+03
2.443333299999999930e+00,2.773754600000000210e+03,2.240234800000000178e+03,1.931319099999999935e+03,1.256050999999999931e+03,1.462790500000000065e+03,1.529855600000000095e+03,1.549732600000000048e+03,1.526425199999999904e+03
2.446666700000000194e+00,2.769735099999999875e+03,2.236229299999999967e+03,1.927235300000000052e+03,1.252026100000000042e+03,1.460024400000000014e+03,1.526939800000000105e+03,1.546517200000000003e+03,1.521733400000000074e+03
2.450000000000000178e+00,2.766595299999999952e+03,2.233081700000000183e+03,1.924043300000000045e+03,1.248665600000000040e+03,1.457669499999999971e+03,1.524294499999999971e+03,1.543574599999999919e+03,1.517326700000000073e+03
2.453333300000000161e+00,2.762677999999999884e+03,2.229121200000000044e+03,1.920031199999999899e+03,1.244508900000000040e+03,1.454896799999999985e+03,1.521429599999999937e+03,1.540441800000000057e+03,1.512746100000000069e+03
2.456666699999999981e+00,2.759144699999999830e+03,2.225518099999999777e+03,1.916358600000000024e+03,1.240566299999999956e+03,1.452171000000000049e+03,1.518543699999999944e+03,1.537294699999999921e+03,1.508179200000000037e+03
2.459999999999999964e+00,2.755598599999999806e+03,2.221892100000000028e+03,1.912680800000000090e+03,1.236612200000000030e+03,1.449471999999999980e+03,1.515705500000000029e+03,1.534185600000000022e+03,1.503595399999999927e+03
2.463333299999999948e+00,2.752088600000000042e+03,2.218295999999999822e+03,1.909051099999999906e+03,1.232704700000000003e+03,1.446780400000000100e+03,1.512845499999999902e+03,1.531048700000000053e+03,1.498962099999999964e+03
2.466666700000000212e+00,2.748596799999999803e+03,2.214681599999999889e+03,1.905405500000000075e+03,1.228771899999999960e+03,1.443995799999999917e+03,1.509839300000000094e+03,1.527757299999999987e+03,1.494141900000000078e+03
2.470000000000000195e+00,2.745199999999999818e+03,2.211109800000000178e+03,1.901802400000000034e+03,1.224861799999999903e+03,1.441140799999999899e+03,1.506711099999999988e+03,1.524302200000000084e+03,1.489170599999999922e+03
2.473333300000000179e+00,2.741849499999999807e+03,2.207496999999999844e+03,1.898178599999999960e+03,1.220958100000000059e+03,1.438275100000000066e+03,1.503577199999999948e+03,1.520835700000000088e+03,1.484179399999999987e+03
2.476666699999999999e+00,2.738478399999999965e+03,2.203776100000000042e+03,1.894451000000000022e+03,1.216966200000000072e+03,1.435334100000000035e+03,1.500376800000000003e+03,1.517295800000000099e+03,1.479105299999999943e+03
2.479999999999999982e+00,2.734223599999999806e+03,2.200233900000000176e+03,1.890800500000000056e+03,1.213028499999999894e+03,1.432394199999999955e+03,1.497158599999999979e+03,1.513744699999999966e+03,1.474044699999999921e+03
2.483333299999999966e+00,2.730155400000000100e+03,2.196790599999999813e+03,1.887274899999999889e+03,1.209248499999999922e+03,1.429528299999999945e+03,1.493942600000000084e+03,1.510171000000000049e+03,1.468905500000000075e+03
2.486666699999999786e+00,2.726316400000000158e+03,2.193100800000000163e+03,1.883558299999999917e+03,1.205263899999999921e+03,1.426341100000000097e+03,1.490428699999999935e+03,1.506334299999999985e+03,1.463569300000000112e+03
2.490000000000000213e+00,2.722788500000000113e+03,2.189581599999999980e+03,1.880027199999999993e+03,1.201462099999999964e+03,1.423215400000000045e+03,1.486914099999999962e+03,1.502469100000000026e+03,1.458154600000000073e+03
2.493333300000000197e+00,2.719318299999999908e+03,2.185998000000000047e+03,1.876444400000000087e+03,1.197625600000000077e+03,1.419994599999999991e+03,1.483295599999999922e+03,1.498527599999999893e+03,1.452747499999999945e+03
2.496666700000000017e+00,2.715870399999999790e+03,2.182358200000000124e+03,1.872817399999999907e+03,1.193773400000000038e+03,1.416699299999999994e+03,1.479559299999999894e+03,1.494453199999999924e+03,1.447162600000000111e+03
2.500000000000000000e+00,2.712440500000000156e+03,2.178718400000000202e+03,1.869200700000000097e+03,1.189972999999999956e+03,1.413426999999999907e+03,1.475840400000000045e+03,1.490396600000000035e+03,1.441593200000000024e+03
2.503333299999999983e+00,2.708876000000000204e+03,2.175084199999999782e+03,1.865585499999999911e+03,1.186172399999999925e+03,1.410111900000000105e+03,1.472087299999999914e+03,1.486310899999999947e+03,1.435972700000000032e+03
2.506666699999999803e+00,2.705240299999999934e+03,2.171410300000000007e+03,1.861917500000000018e+03,1.182305000000000064e+03,1.406659200000000055e+03,1.468240000000000009e+03,1.482161700000000110e+03,1.430297299999999950e+03
2.509999999999999787e+00,2.701699999999999818e+03,2.167767199999999775e+03,1.858273799999999937e+03,1.178488299999999981e+03,1.403082900000000109e+03,1.464228399999999965e+03,1.477840899999999920e+03,1.424420399999999972e+03
2.513333300000000214e+00,2.698103500000000167e+03,2.164039800000000014e+03,1.854554200000000037e+03,1.174563300000000027e+03,1.399408599999999979e+03,1.460137400000000071e+03,1.473454999999999927e+03,1.418545800000000099e+03
2.516666700000000034e+00,2.694522399999999834e+03,2.160335099999999784e+03,1.850871000000000095e+03,1.170754799999999932e+03,1.395732999999999947e+03,1.456017200000000003e+03,1.469017299999999977e+03,1.412590300000000070e+03
2.520000000000000018e+00,2.691003099999999904e+03,2.156709100000000035e+03,1.847281500000000051e+03,1.167104800000000068e+03,1.392191299999999956e+03,1.452046199999999999e+03,1.464704099999999926e+03,1.406713999999999942e+03
2.523333300000000001e+00,2.687449099999999817e+03,2.153064499999999953e+03,1.843686999999999898e+03,1.163492600000000039e+03,1.388722199999999930e+03,1.448114399999999932e+03,1.460389400000000023e+03,1.400749099999999999e+03
2.526666699999999821e+00,2.683971100000000206e+03,2.149475800000000163e+03,1.840135099999999966e+03,1.159884900000000016e+03,1.385098199999999906e+03,1.444082000000000107e+03,1.455998199999999997e+03,1.394729800000000068e+03
2.529999999999999805e+00,2.680411099999999806e+03,2.145833500000000186e+03,1.836537700000000086e+03,1.156251899999999978e+03,1.381389200000000073e+03,1.439995799999999917e+03,1.451563100000000077e+03,1.388656300000000101e+03
2.533333299999999788e+00,2.676694700000000012e+03,2.142046899999999823e+03,1.832795399999999972e+03,1.152487200000000030e+03,1.377494500000000016e+03,1.435754699999999957e+03,1.446988399999999956e+03,1.382433299999999917e+03
2.536666700000000052e+00,2.673106800000000021e+03,2.138387700000000223e+03,1.829184199999999919e+03,1.148876500000000078e+03,1.373679100000000062e+03,1.431585399999999936e+03,1.442488200000000006e+03,1.376268600000000106e+03
2.540000000000000036e+00,2.669491300000000138e+03,2.134666999999999916e+03,1.825514100000000099e+03,1.145254300000000057e+03,1.369829600000000028e+03,1.427388699999999972e+03,1.437970800000000054e+03,1.370098999999999933e+03
2.543333300000000019e+00,2.665874099999999999e+03,2.130934799999999996e+03,1.821830500000000029e+03,1.141598999999999933e+03,1.365786399999999958e+03,1.422978200000000015e+03,1.433246699999999919e+03,1.363741800000000012e+03
2.546666699999999839e+00,2.662323100000000068e+03,2.127266399999999976e+03,1.818220199999999977e+03,1.138059099999999944e+03,1.361751299999999901e+03,1.418515900000000101e+03,1.428457100000000082e+03,1.357331500000000005e+03
2.549999999999999822e+00,2.658769099999999980e+03,2.123577600000000075e+03,1.814601300000000037e+03,1.134562699999999950e+03,1.357757599999999911e+03,1.414100500000000011e+03,1.423694500000000062e+03,1.350953500000000076e+03
2.553333299999999806e+00,2.655228099999999813e+03,2.119847400000000107e+03,1.810944500000000062e+03,1.131037000000000035e+03,1.353669200000000046e+03,1.409598199999999906e+03,1.418845800000000054e+03,1.344474899999999934e+03
2.556666700000000070e+00,2.651877700000000004e+03,2.116156800000000203e+03,1.807326999999999998e+03,1.127585399999999936e+03,1.349629200000000083e+03,1.405114399999999932e+03,1.413993199999999888e+03,1.337951600000000099e+03
2.560000000000000053e+00,2.647817700000000059e+03,2.112453199999999924e+03,1.803741899999999987e+03,1.124200199999999995e+03,1.345569400000000087e+03,1.400547900000000027e+03,1.409048900000000003e+03,1.331317000000000007e+03
2.564000000000000057e+00,2.642941200000000208e+03,2.106395500000000084e+03,1.801124600000000100e+03,1.135811400000000049e+03,1.336761400000000094e+03,1.393890900000000101e+03,1.402311200000000099e+03,1.331320300000000088e+03
2.568000000000000060e+00,2.638470299999999952e+03,2.101825299999999970e+03,1.797116999999999962e+03,1.131003400000000056e+03,1.331948200000000043e+03,1.388591100000000097e+03,1.396336000000000013e+03,1.323396799999999985e+03
2.572000000000000064e+00,2.634323300000000017e+03,2.097583799999999883e+03,1.793168499999999995e+03,1.124734300000000076e+03,1.327407099999999900e+03,1.383239700000000084e+03,1.390328099999999949e+03,1.314944099999999935e+03
2.576000000000000068e+00,2.630171800000000076e+03,2.093352199999999812e+03,1.789241500000000087e+03,1.119266900000000078e+03,1.322827999999999975e+03,1.377925400000000081e+03,1.384472700000000032e+03,1.306960299999999961e+03
2.580000000000000071e+00,2.625928899999999885e+03,2.089012900000000172e+03,1.785147300000000087e+03,1.114327800000000025e+03,1.318063200000000052e+03,1.372427500000000009e+03,1.378472899999999981e+03,1.298773699999999963e+03
2.583333300000000055e+00,2.622816100000000006e+03,2.086919300000000021e+03,1.780073100000000068e+03,1.093446999999999889e+03,1.317978499999999940e+03,1.368853699999999890e+03,1.374133000000000038e+03,1.283240999999999985e+03
2.586666699999999874e+00,2.619153200000000197e+03,2.083237999999999829e+03,1.776116199999999935e+03,1.090722700000000032e+03,1.313770199999999932e+03,1.363923199999999952e+03,1.369094599999999900e+03,1.276527499999999918e+03
2.589999999999999858e+00,2.615244900000000143e+03,2.079206700000000183e+03,1.772022300000000087e+03,1.089739299999999957e+03,1.309150300000000016e+03,1.358795100000000048e+03,1.363823699999999917e+03,1.270220199999999977e+03
2.593333299999999841e+00,2.611501699999999801e+03,2.075330699999999979e+03,1.768087299999999914e+03,1.088237800000000107e+03,1.304689200000000028e+03,1.353768900000000031e+03,1.358585800000000063e+03,1.263819600000000037e+03
2.596666700000000105e+00,2.607796100000000024e+03,2.071525599999999940e+03,1.764262699999999995e+03,1.086185300000000097e+03,1.300361200000000053e+03,1.348832900000000109e+03,1.353396199999999908e+03,1.257293300000000045e+03
2.600000000000000089e+00,2.604258100000000013e+03,2.067936999999999898e+03,1.760706500000000005e+03,1.083994099999999889e+03,1.296273799999999937e+03,1.344037000000000035e+03,1.348299099999999953e+03,1.250679100000000062e+03
2.603333300000000072e+00,2.600570499999999811e+03,2.064162299999999959e+03,1.756945500000000038e+03,1.081409400000000005e+03,1.292052100000000110e+03,1.339131699999999910e+03,1.343128300000000081e+03,1.244295499999999947e+03
2.606666699999999892e+00,2.596989099999999780e+03,2.060631699999999910e+03,1.753615900000000011e+03,1.078816000000000031e+03,1.287861100000000079e+03,1.334230000000000018e+03,1.337958599999999933e+03,1.237941700000000083e+03
2.609999999999999876e+00,2.593310399999999845e+03,2.056937300000000050e+03,1.750072699999999941e+03,1.076072699999999941e+03,1.283593000000000075e+03,1.329239800000000059e+03,1.332716100000000097e+03,1.230934299999999894e+03
2.613333299999999859e+00,2.589665199999999913e+03,2.053297199999999975e+03,1.746616600000000062e+03,1.073322300000000041e+03,1.279324299999999994e+03,1.324219800000000077e+03,1.327431299999999965e+03,1.224038299999999936e+03
2.616666700000000123e+00,2.586124099999999999e+03,2.049708999999999833e+03,1.743190599999999904e+03,1.070644000000000005e+03,1.275117700000000013e+03,1.319225100000000111e+03,1.322158200000000079e+03,1.217061200000000099e+03
2.620000000000000107e+00,2.582691299999999956e+03,2.046267900000000054e+03,1.739951299999999947e+03,1.068158200000000079e+03,1.271067500000000109e+03,1.314362800000000107e+03,1.317017399999999952e+03,1.210141000000000076e+03
2.623333300000000090e+00,2.579056199999999990e+03,2.042595800000000054e+03,1.736472800000000007e+03,1.065446899999999914e+03,1.266825000000000045e+03,1.309361799999999903e+03,1.311750099999999975e+03,1.203110899999999901e+03
2.626666699999999910e+00,2.575447200000000066e+03,2.038971099999999979e+03,1.733060300000000097e+03,1.062813400000000001e+03,1.262608600000000024e+03,1.304409100000000080e+03,1.306562899999999900e+03,1.196189399999999978e+03
2.629999999999999893e+00,2.571680400000000191e+03,2.035182800000000043e+03,1.729489100000000008e+03,1.060027499999999918e+03,1.258326600000000099e+03,1.299419799999999896e+03,1.301344900000000052e+03,1.189214899999999943e+03
2.633333299999999877e+00,2.567901899999999841e+03,2.031382200000000012e+03,1.725910499999999956e+03,1.057282500000000027e+03,1.254017200000000003e+03,1.294443199999999933e+03,1.296175500000000056e+03,1.182335800000000063e+03
2.636666700000000141e+00,2.564170700000000124e+03,2.027651200000000017e+03,1.722404299999999921e+03,1.054626400000000103e+03,1.249735699999999952e+03,1.289443500000000085e+03,1.290953700000000026e+03,1.175336900000000014e+03
2.640000000000000124e+00,2.560452600000000075e+03,2.023938900000000103e+03,1.718919900000000098e+03,1.051900399999999991e+03,1.245356999999999971e+03,1.284365999999999985e+03,1.285676400000000058e+03,1.168309400000000096e+03
2.643333300000000108e+00,2.556799700000000030e+03,2.020289299999999912e+03,1.715507700000000114e+03,1.049325399999999945e+03,1.241029399999999896e+03,1.279295900000000074e+03,1.280391000000000076e+03,1.161194300000000112e+03
2.646666699999999928e+00,2.553237099999999828e+03,2.016719299999999976e+03,1.712166500000000042e+03,1.046810600000000022e+03,1.236655400000000100e+03,1.274216499999999996e+03,1.275128200000000106e+03,1.154139699999999948e+03
2.649999999999999911e+00,2.549660899999999856e+03,2.013165500000000065e+03,1.708864199999999983e+03,1.044382599999999911e+03,1.232350300000000061e+03,1.269208200000000033e+03,1.269935899999999947e+03,1.147127799999999979e+03
2.653333299999999895e+00,2.545996900000000096e+03,2.009526399999999967e+03,1.705481500000000096e+03,1.041889899999999898e+03,1.227941100000000006e+03,1.264116700000000037e+03,1.264685500000000047e+03,1.140095199999999977e+03
2.656666700000000159e+00,2.542332399999999780e+03,2.005892299999999977e+03,1.702109300000000076e+03,1.039418599999999969e+03,1.223516399999999976e+03,1.259005400000000009e+03,1.259417200000000093e+03,1.133018700000000081e+03
2.660000000000000142e+00,2.538688500000000204e+03,2.002273699999999963e+03,1.698750399999999900e+03,1.036954400000000078e+03,1.219060099999999920e+03,1.253873299999999972e+03,1.254137099999999919e+03,1.125923299999999927e+03
2.663333300000000126e+00,2.535023900000000140e+03,1.998637600000000020e+03,1.695381699999999910e+03,1.034500500000000102e+03,1.214633900000000040e+03,1.248801799999999957e+03,1.248918499999999995e+03,1.118950499999999920e+03
2.666666699999999945e+00,2.531366399999999885e+03,1.995010399999999890e+03,1.692023100000000113e+03,1.032056199999999990e+03,1.210210800000000063e+03,1.243744300000000067e+03,1.243699900000000071e+03,1.112007100000000037e+03
2.669999999999999929e+00,2.527748799999999846e+03,1.991430699999999888e+03,1.688718699999999899e+03,1.029670699999999897e+03,1.205848099999999931e+03,1.238790299999999888e+03,1.238572799999999916e+03,1.105151499999999942e+03
2.673333299999999912e+00,2.524190599999999904e+03,1.987916799999999967e+03,1.685483899999999949e+03,1.027348899999999958e+03,1.201538000000000011e+03,1.233921399999999949e+03,1.233519399999999905e+03,1.098328199999999924e+03
2.676666700000000176e+00,2.520628200000000106e+03,1.984416500000000042e+03,1.682276299999999992e+03,1.025076800000000048e+03,1.197315800000000081e+03,1.229201999999999998e+03,1.228617500000000064e+03,1.091661000000000058e+03
2.680000000000000160e+00,2.517114900000000034e+03,1.980961900000000014e+03,1.679112200000000030e+03,1.022823099999999954e+03,1.193053300000000036e+03,1.224398500000000013e+03,1.223600699999999961e+03,1.084880599999999959e+03
2.683333300000000143e+00,2.513537800000000061e+03,1.977441700000000083e+03,1.675882399999999961e+03,1.020503400000000056e+03,1.188748499999999922e+03,1.219576800000000048e+03,1.218562200000000075e+03,1.078099799999999959e+03
2.686666699999999963e+00,2.510144999999999982e+03,1.974122800000000097e+03,1.672851499999999987e+03,1.018331599999999980e+03,1.184495899999999892e+03,1.214822499999999991e+03,1.213578600000000051e+03,1.071383900000000040e+03
2.689999999999999947e+00,2.506520899999999983e+03,1.970522099999999909e+03,1.669523300000000063e+03,1.016059899999999971e+03,1.180167099999999891e+03,1.210015499999999975e+03,1.208541999999999916e+03,1.064627500000000055e+03
2.693333299999999930e+00,2.503039699999999812e+03,1.967101200000000063e+03,1.666386600000000044e+03,1.013870199999999954e+03,1.175837899999999991e+03,1.205248900000000049e+03,1.203561699999999973e+03,1.057989600000000110e+03
2.696666700000000194e+00,2.499448300000000017e+03,1.963570899999999938e+03,1.663148400000000038e+03,1.011532000000000039e+03,1.171421599999999899e+03,1.200432800000000043e+03,1.198565800000000081e+03,1.051464899999999943e+03
2.700000000000000178e+00,2.495821600000000217e+03,1.960017200000000003e+03,1.659892100000000028e+03,1.009144099999999980e+03,1.166942500000000109e+03,1.195593200000000024e+03,1.193539299999999912e+03,1.044880000000000109e+03
2.703333300000000161e+00,2.492303899999999885e+03,1.956563100000000077e+03,1.656728800000000092e+03,1.006813800000000015e+03,1.162512699999999995e+03,1.190803300000000036e+03,1.188555399999999963e+03,1.038360599999999977e+03
2.706666699999999981e+00,2.488839399999999841e+03,1.953177200000000084e+03,1.653639200000000073e+03,1.004538900000000012e+03,1.158135899999999992e+03,1.186083499999999958e+03,1.183639300000000048e+03,1.031906099999999924e+03
2.709999999999999964e+00,2.485302700000000186e+03,1.949713199999999915e+03,1.650467100000000073e+03,1.002169200000000046e+03,1.153730700000000070e+03,1.181396099999999933e+03,1.178758299999999963e+03,1.025204999999999927e+03
2.713333299999999948e+00,2.482044800000000123e+03,1.946524499999999989e+03,1.647566700000000083e+03,1.000023000000000025e+03,1.149485500000000002e+03,1.176852499999999964e+03,1.173992999999999938e+03,1.018629400000000032e+03
2.716666700000000212e+00,2.478380799999999908e+03,1.942946999999999889e+03,1.644284400000000005e+03,9.975862700000000132e+02,1.145100799999999936e+03,1.172308600000000069e+03,1.169289700000000039e+03,1.012272299999999973e+03
2.720000000000000195e+00,2.474904300000000148e+03,1.939496000000000095e+03,1.641066299999999956e+03,9.954401900000000296e+02,1.140820099999999911e+03,1.167820600000000013e+03,1.164627099999999928e+03,1.005939899999999966e+03
2.723333300000000179e+00,2.471477100000000064e+03,1.936158100000000104e+03,1.638031099999999924e+03,9.931655899999999519e+02,1.136532300000000077e+03,1.163420599999999922e+03,1.160073799999999892e+03,9.996809600000000273e+02
2.726666699999999999e+00,2.468114500000000135e+03,1.932876500000000078e+03,1.635047600000000102e+03,9.908680799999999635e+02,1.132245400000000018e+03,1.159008000000000038e+03,1.155496100000000069e+03,9.931679900000000316e+02
2.729999999999999982e+00,2.464803800000000138e+03,1.929634099999999989e+03,1.632083000000000084e+03,9.887166899999999714e+02,1.128059299999999894e+03,1.154685799999999972e+03,1.151101400000000012e+03,9.886296800000000076e+02
2.733333299999999966e+00,2.461536700000000110e+03,1.926447100000000091e+03,1.629182999999999993e+03,9.865508200000000443e+02,1.123886500000000069e+03,1.150403299999999945e+03,1.146732999999999947e+03,9.840091099999999642e+02
2.736666699999999786e+00,2.458298600000000079e+03,1.923289700000000039e+03,1.626310799999999972e+03,9.844008499999999913e+02,1.119720199999999977e+03,1.146107999999999947e+03,1.142323699999999917e+03,9.787998499999999922e+02
2.740000000000000213e+00,2.455210999999999785e+03,1.920286000000000058e+03,1.623592799999999897e+03,9.823923099999999522e+02,1.115712800000000016e+03,1.141962500000000091e+03,1.138091699999999946e+03,9.741132999999999811e+02
2.743333300000000197e+00,2.451950299999999970e+03,1.917113000000000056e+03,1.620703600000000051e+03,9.802240900000000465e+02,1.111627999999999929e+03,1.137789600000000064e+03,1.133834599999999909e+03,9.696243799999999737e+02
2.746666700000000017e+00,2.448633299999999963e+03,1.913887300000000096e+03,1.617758199999999988e+03,9.779996800000000121e+02,1.107515699999999924e+03,1.133601200000000063e+03,1.129546100000000024e+03,9.649522100000000364e+02
2.750000000000000000e+00,2.445222999999999956e+03,1.910571500000000015e+03,1.614723199999999906e+03,9.757041699999999764e+02,1.103400699999999915e+03,1.129447300000000041e+03,1.125302300000000059e+03,9.603091899999999441e+02
2.753333299999999983e+00,2.442047000000000025e+03,1.907477900000000091e+03,1.611899400000000014e+03,9.735797099999999773e+02,1.099382599999999911e+03,1.125311899999999923e+03,1.121068199999999933e+03,9.557677300000000287e+02
2.756666699999999803e+00,2.438704400000000078e+03,1.904231099999999969e+03,1.608935500000000047e+03,9.713733899999999721e+02,1.095347500000000082e+03,1.121141100000000051e+03,1.116807000000000016e+03,9.512727999999999611e+02
2.759999999999999787e+00,2.435475500000000011e+03,1.901091400000000021e+03,1.606037900000000036e+03,9.692346700000000510e+02,1.091456300000000056e+03,1.117110200000000077e+03,1.112683299999999917e+03,9.469808399999999438e+02
2.763333300000000214e+00,2.432364700000000084e+03,1.898065900000000056e+03,1.603257200000000012e+03,9.671525799999999435e+02,1.087589899999999943e+03,1.113130799999999908e+03,1.108630000000000109e+03,9.428502899999999727e+02
2.766666700000000034e+00,2.429159400000000005e+03,1.894974699999999984e+03,1.600450599999999895e+03,9.650675999999999704e+02,1.083697699999999941e+03,1.109136299999999892e+03,1.104619400000000041e+03,9.401063000000000329e+02
2.770000000000000018e+00,2.426239999999999782e+03,1.892143600000000106e+03,1.597891300000000001e+03,9.631795799999999872e+02,1.079943099999999959e+03,1.105221600000000080e+03,1.100624600000000100e+03,9.355930600000000368e+02
2.773333300000000001e+00,2.423152599999999893e+03,1.889162900000000036e+03,1.595194099999999935e+03,9.611829900000000180e+02,1.076175400000000081e+03,1.101377999999999929e+03,1.096770199999999932e+03,9.320348500000000058e+02
2.776666699999999821e+00,2.420163100000000213e+03,1.886266399999999976e+03,1.592572699999999941e+03,9.592424700000000257e+02,1.072419399999999996e+03,1.097505300000000034e+03,1.092899899999999889e+03,9.284954500000000053e+02
2.779999999999999805e+00,2.417097600000000057e+03,1.883310500000000047e+03,1.589907099999999900e+03,9.573338400000000092e+02,1.068807199999999966e+03,1.093836600000000089e+03,1.089240900000000011e+03,9.248212099999999509e+02
2.783333299999999788e+00,2.414120499999999993e+03,1.880442199999999957e+03,1.587329799999999977e+03,9.555160700000000134e+02,1.065282799999999952e+03,1.090242099999999937e+03,1.085716799999999921e+03,9.217189200000000255e+02
2.786666700000000052e+00,2.411171699999999873e+03,1.877596700000000055e+03,1.584762500000000045e+03,9.536748400000000174e+02,1.061758399999999938e+03,1.086600899999999911e+03,1.082153199999999970e+03,9.185500500000000557e+02
2.790000000000000036e+00,2.408374699999999848e+03,1.874902700000000095e+03,1.582325100000000020e+03,9.518912199999999757e+02,1.058287100000000009e+03,1.083016399999999976e+03,1.078659499999999980e+03,9.153151800000000549e+02
2.793333300000000019e+00,2.405496500000000196e+03,1.872132100000000037e+03,1.579830699999999979e+03,9.501170600000000377e+02,1.054835600000000113e+03,1.079429200000000037e+03,1.075191800000000057e+03,9.122552299999999832e+02
2.796666699999999839e+00,2.402674599999999828e+03,1.869414899999999989e+03,1.577392200000000003e+03,9.484076199999999517e+02,1.051447100000000091e+03,1.075880499999999984e+03,1.071797800000000052e+03,9.092649400000000242e+02
2.799999999999999822e+00,2.399825400000000172e+03,1.866677799999999934e+03,1.574934600000000046e+03,9.466797299999999495e+02,1.048055900000000065e+03,1.072345700000000079e+03,1.068472299999999905e+03,9.063590699999999742e+02
2.803333299999999806e+00,2.397016700000000128e+03,1.863974699999999984e+03,1.572508100000000013e+03,9.450356699999999819e+02,1.044765200000000050e+03,1.068910499999999956e+03,1.065271500000000060e+03,9.036026200000000017e+02
2.806666700000000070e+00,2.394236399999999776e+03,1.861303000000000111e+03,1.570109999999999900e+03,9.433916199999999890e+02,1.041478900000000067e+03,1.065454700000000003e+03,1.062069300000000112e+03,9.008971900000000232e+02
2.810000000000000053e+00,2.391456799999999930e+03,1.858639100000000099e+03,1.567721700000000055e+03,9.417578300000000127e+02,1.038240600000000086e+03,1.062056599999999889e+03,1.058938900000000103e+03,8.982695099999999684e+02
2.813333300000000037e+00,2.388679099999999835e+03,1.855976200000000063e+03,1.565331100000000106e+03,9.401137899999999945e+02,1.034979399999999941e+03,1.058685400000000072e+03,1.055887300000000096e+03,8.957856799999999566e+02
2.816666699999999857e+00,2.386024300000000039e+03,1.853441100000000006e+03,1.563070699999999988e+03,9.386023500000000013e+02,1.031878799999999956e+03,1.055450900000000047e+03,1.052953600000000051e+03,8.933893299999999726e+02
2.819999999999999840e+00,2.383531800000000203e+03,1.851060300000000097e+03,1.560951600000000099e+03,9.372146000000000186e+02,1.028938900000000103e+03,1.052403199999999970e+03,1.050195699999999988e+03,8.911242899999999736e+02
2.823333299999999824e+00,2.380971599999999853e+03,1.848615900000000011e+03,1.558772699999999986e+03,9.357929299999999557e+02,1.026025499999999965e+03,1.049413700000000063e+03,1.047505499999999984e+03,8.888946999999999434e+02
2.826666700000000088e+00,2.378393999999999778e+03,1.846159699999999930e+03,1.556581300000000056e+03,9.343822599999999738e+02,1.023146799999999985e+03,1.046488399999999956e+03,1.044890499999999975e+03,8.867331100000000106e+02
2.830000000000000071e+00,2.375829499999999825e+03,1.843719299999999976e+03,1.554399699999999939e+03,9.330109800000000178e+02,1.020283199999999965e+03,1.043563300000000027e+03,1.042300400000000081e+03,8.845922100000000228e+02
2.833333300000000055e+00,2.373449300000000221e+03,1.841530500000000075e+03,1.552423600000000079e+03,9.317158899999999448e+02,1.017487899999999968e+03,1.040768600000000106e+03,1.039866600000000062e+03,8.827300500000000056e+02
2.836666699999999874e+00,2.371001900000000205e+03,1.839151000000000067e+03,1.550350100000000111e+03,9.304195200000000341e+02,1.014717599999999948e+03,1.037985699999999952e+03,1.037440599999999904e+03,8.808970500000000357e+02
2.839999999999999858e+00,2.368578799999999774e+03,1.836803200000000061e+03,1.548291099999999915e+03,9.291259400000000142e+02,1.011970599999999990e+03,1.035287499999999909e+03,1.035111799999999903e+03,8.791974400000000287e+02
2.843333299999999841e+00,2.366109399999999823e+03,1.834441000000000031e+03,1.546202199999999948e+03,9.277913899999999785e+02,1.009217499999999973e+03,1.032596000000000004e+03,1.032795299999999997e+03,8.775025399999999536e+02
2.846666700000000105e+00,2.363721500000000106e+03,1.832194500000000062e+03,1.544214799999999968e+03,9.265187600000000430e+02,1.006510400000000004e+03,1.030001400000000103e+03,1.030558299999999917e+03,8.758469999999999800e+02
2.850000000000000089e+00,2.361303399999999783e+03,1.829931599999999889e+03,1.542281999999999925e+03,9.252388799999999947e+02,1.003845400000000041e+03,1.027464999999999918e+03,1.028366500000000087e+03,8.742419200000000501e+02
2.853333300000000072e+00,2.358978099999999813e+03,1.827721900000000005e+03,1.540261600000000044e+03,9.240611999999999853e+02,1.001279599999999959e+03,1.025034900000000107e+03,1.026265200000000050e+03,8.727258100000000240e+02
2.856666699999999892e+00,2.356640800000000127e+03,1.825520800000000008e+03,1.538310199999999895e+03,9.228596800000000258e+02,9.986996699999999691e+02,1.022631600000000049e+03,1.024190700000000106e+03,8.712741499999999633e+02
2.859999999999999876e+00,2.354306999999999789e+03,1.823335900000000038e+03,1.536380900000000111e+03,9.216825400000000172e+02,9.961879099999999880e+02,1.020336999999999989e+03,1.022193899999999985e+03,8.699045800000000099e+02
2.863333299999999859e+00,2.352148599999999988e+03,1.821326299999999947e+03,1.534623100000000022e+03,9.206551699999999983e+02,9.938489700000000084e+02,1.018228399999999965e+03,1.020357200000000034e+03,8.686338899999999512e+02
2.866666700000000123e+00,2.349944100000000162e+03,1.819269399999999905e+03,1.532811999999999898e+03,9.195575800000000299e+02,9.914311300000000529e+02,1.016127399999999966e+03,1.018521200000000022e+03,8.674120100000000093e+02
2.870000000000000107e+00,2.347806099999999788e+03,1.817268600000000106e+03,1.531043499999999995e+03,9.184532600000000002e+02,9.889699500000000398e+02,1.013975900000000024e+03,1.016656399999999962e+03,8.662002800000000207e+02
2.873333300000000090e+00,2.345705399999999827e+03,1.815307000000000016e+03,1.529312100000000100e+03,9.173789500000000317e+02,9.865501299999999674e+02,1.011870900000000006e+03,1.014797199999999975e+03,8.649592699999999468e+02
2.876666699999999910e+00,2.343606699999999819e+03,1.813353599999999915e+03,1.527590200000000095e+03,9.163115599999999858e+02,9.841485400000000254e+02,1.009822999999999979e+03,1.012974900000000048e+03,8.637418000000000120e+02
2.879999999999999893e+00,2.341387000000000171e+03,1.811291400000000067e+03,1.525763200000000097e+03,9.151497100000000273e+02,9.817150799999999435e+02,1.007795600000000036e+03,1.011165700000000015e+03,8.625351899999999432e+02
2.883333299999999877e+00,2.339416400000000067e+03,1.809448100000000068e+03,1.524132399999999961e+03,9.141247600000000375e+02,9.794045999999999594e+02,1.005880999999999972e+03,1.009416399999999953e+03,8.613921699999999646e+02
2.886666700000000141e+00,2.337406399999999849e+03,1.807620300000000043e+03,1.522553699999999935e+03,9.131587399999999661e+02,9.771788000000000238e+02,1.004028099999999995e+03,1.007705699999999979e+03,8.602599599999999782e+02
2.890000000000000124e+00,2.335458999999999833e+03,1.805828199999999924e+03,1.520990800000000036e+03,9.122166499999999587e+02,9.750218800000000101e+02,1.002255300000000034e+03,1.006057500000000005e+03,8.591586700000000292e+02
2.893333300000000108e+00,2.333546499999999924e+03,1.804077700000000050e+03,1.519470100000000002e+03,9.113087799999999561e+02,9.729551000000000158e+02,1.000584299999999985e+03,1.004489500000000021e+03,8.580672200000000203e+02
2.896666699999999928e+00,2.331578300000000127e+03,1.802262600000000020e+03,1.517870400000000018e+03,9.102549800000000459e+02,9.706846299999999701e+02,9.987731999999999744e+02,1.002803700000000049e+03,8.569310400000000527e+02
2.899999999999999911e+00,2.329634799999999814e+03,1.800476499999999987e+03,1.516298700000000053e+03,9.092229300000000194e+02,9.685020200000000159e+02,9.970488900000000285e+02,1.001197400000000016e+03,8.558908000000000129e+02
2.903333299999999895e+00,2.327750199999999950e+03,1.798737599999999929e+03,1.514759900000000016e+03,9.081517000000000053e+02,9.663507499999999482e+02,9.953192699999999604e+02,9.995711000000000013e+02,8.547767900000000054e+02
2.906666700000000159e+00,2.325868500000000040e+03,1.797006100000000060e+03,1.513224799999999959e+03,9.070529500000000098e+02,9.642555599999999458e+02,9.936544300000000476e+02,9.979980900000000474e+02,8.537446499999999787e+02
2.910000000000000142e+00,2.324044899999999870e+03,1.795329899999999952e+03,1.511737000000000080e+03,9.059756300000000238e+02,9.622145900000000438e+02,9.920284500000000207e+02,9.964576299999999947e+02,8.527109000000000378e+02
2.913333300000000126e+00,2.322141799999999876e+03,1.793580500000000029e+03,1.510176799999999957e+03,9.048213899999999512e+02,9.601620199999999841e+02,9.903560800000000199e+02,9.948991499999999633e+02,8.516708499999999731e+02
2.916666699999999945e+00,2.320348800000000210e+03,1.791937300000000050e+03,1.508713999999999942e+03,9.037412799999999606e+02,9.582470499999999447e+02,9.886841100000000324e+02,9.933596499999999878e+02,8.506594999999999800e+02
2.919999999999999929e+00,2.318534900000000107e+03,1.790275100000000066e+03,1.507231999999999971e+03,9.026474500000000489e+02,9.563501599999999598e+02,9.872382199999999557e+02,9.918752500000000509e+02,8.496866099999999733e+02
2.923999999999999932e+00,2.316478599999999915e+03,1.787919399999999996e+03,1.507280500000000075e+03,9.127668800000000147e+02,9.518766699999999901e+02,9.850629099999999880e+02,9.897086299999999710e+02,8.585168200000000525e+02
2.927999999999999936e+00,2.314518300000000181e+03,1.786057800000000043e+03,1.505862800000000107e+03,9.110842099999999846e+02,9.498169100000000071e+02,9.834702899999999772e+02,9.879678999999999860e+02,8.570161399999999503e+02
2.931999999999999940e+00,2.312311299999999846e+03,1.784001099999999951e+03,1.504104399999999941e+03,9.080448499999999967e+02,9.477702199999999948e+02,9.816508599999999660e+02,9.860887500000000045e+02,8.548547300000000178e+02
2.935999999999999943e+00,2.310397500000000036e+03,1.782232500000000073e+03,1.502599699999999984e+03,9.055779599999999618e+02,9.457351599999999507e+02,9.797915000000000418e+02,9.841926200000000335e+02,8.527664499999999634e+02
2.939999999999999947e+00,2.308442300000000159e+03,1.780423800000000028e+03,1.501036800000000085e+03,9.034660400000000209e+02,9.435759500000000344e+02,9.778976400000000240e+02,9.823036100000000488e+02,8.507554900000000089e+02
2.943333299999999930e+00,2.306627100000000155e+03,1.779194500000000062e+03,1.497915099999999939e+03,8.894477900000000545e+02,9.441205599999999549e+02,9.767401599999999462e+02,9.811881399999999758e+02,8.389515499999999975e+02
2.946666700000000194e+00,2.304528099999999995e+03,1.777354199999999992e+03,1.496073799999999892e+03,8.883728999999999587e+02,9.422382499999999936e+02,9.750162100000000009e+02,9.796137300000000323e+02,8.379979499999999462e+02
2.950000000000000178e+00,2.302478399999999965e+03,1.775524899999999889e+03,1.494359799999999950e+03,8.886692500000000337e+02,9.403213799999999765e+02,9.733868599999999560e+02,9.780803899999999658e+02,8.377049399999999650e+02
2.953333300000000161e+00,2.300726099999999860e+03,1.773890799999999899e+03,1.492738599999999906e+03,8.885825200000000450e+02,9.385454300000000103e+02,9.718354299999999739e+02,9.765677699999999959e+02,8.373370800000000145e+02
2.956666699999999981e+00,2.298991300000000138e+03,1.772279600000000073e+03,1.491139599999999973e+03,8.881062799999999697e+02,9.368248800000000074e+02,9.702902199999999766e+02,9.750202399999999443e+02,8.369416599999999562e+02
2.959999999999999964e+00,2.297277000000000044e+03,1.770693500000000085e+03,1.489579600000000028e+03,8.873744199999999864e+02,9.351350200000000541e+02,9.687463099999999940e+02,9.734364699999999857e+02,8.362711299999999710e+02
2.963333299999999948e+00,2.295606699999999819e+03,1.769169300000000021e+03,1.488107899999999972e+03,8.865123300000000199e+02,9.334661499999999705e+02,9.672254699999999730e+02,9.718555099999999811e+02,8.354909699999999475e+02
2.966666700000000212e+00,2.293880299999999806e+03,1.767598500000000058e+03,1.486617099999999937e+03,8.855658600000000433e+02,9.318069799999999532e+02,9.656634900000000243e+02,9.702145199999999932e+02,8.346038600000000542e+02
2.970000000000000195e+00,2.292255500000000211e+03,1.766113100000000031e+03,1.485206100000000106e+03,8.845627600000000257e+02,9.301449300000000449e+02,9.641204099999999926e+02,9.685937400000000252e+02,8.336839099999999689e+02
2.973333300000000179e+00,2.290581299999999828e+03,1.764572400000000016e+03,1.483755900000000111e+03,8.835187499999999545e+02,9.284974700000000212e+02,9.625697499999999991e+02,9.669567200000000184e+02,8.327307799999999816e+02
2.976666699999999999e+00,2.288855500000000120e+03,1.762990900000000011e+03,1.482275200000000041e+03,8.824116699999999582e+02,9.268281600000000253e+02,9.610031500000000051e+02,9.652938000000000329e+02,8.317279999999999518e+02
2.979999999999999982e+00,2.287203300000000127e+03,1.761467100000000073e+03,1.480847600000000057e+03,8.813075800000000299e+02,9.251566299999999501e+02,9.594260399999999436e+02,9.636158100000000104e+02,8.306903800000000047e+02
2.983999999999999986e+00,2.285285100000000057e+03,1.759244699999999966e+03,1.480901800000000094e+03,8.911407000000000380e+02,9.209081499999999778e+02,9.570496000000000549e+02,9.610949200000000019e+02,8.384669999999999845e+02
2.987999999999999989e+00,2.283329200000000128e+03,1.757372100000000046e+03,1.479407899999999927e+03,8.893790400000000318e+02,9.189986800000000358e+02,9.552661299999999756e+02,9.590258000000000038e+02,8.364703200000000152e+02
2.991999999999999993e+00,2.281243800000000192e+03,1.755395500000000084e+03,1.477663600000000088e+03,8.863445199999999886e+02,9.171647600000000011e+02,9.534132499999999482e+02,9.569724899999999934e+02,8.346131599999999935e+02
2.995999999999999996e+00,2.279263899999999921e+03,1.753544900000000098e+03,1.476046900000000051e+03,8.838279199999999491e+02,9.153236000000000558e+02,9.515588299999999435e+02,9.549325099999999793e+02,8.323158600000000433e+02
3.000000000000000000e+00,2.277136700000000019e+03,1.751538600000000088e+03,1.474262699999999995e+03,8.815707099999999627e+02,9.133800999999999704e+02,9.496609700000000203e+02,9.529019600000000310e+02,8.304817600000000084e+02
3.004000000000000004e+00,2.275079099999999926e+03,1.749580699999999979e+03,1.472492199999999912e+03,8.795884600000000546e+02,9.114410699999999679e+02,9.477504400000000260e+02,9.508572699999999713e+02,8.289487900000000309e+02
3.008000000000000007e+00,2.272851900000000114e+03,1.747439000000000078e+03,1.470514300000000048e+03,8.775997800000000097e+02,9.094067199999999502e+02,9.457783399999999574e+02,9.487793599999999969e+02,8.273911699999999882e+02
3.012000000000000011e+00,2.270585300000000188e+03,1.745248399999999947e+03,1.468470299999999952e+03,8.756683900000000449e+02,9.073343499999999722e+02,9.437450400000000172e+02,9.466450300000000198e+02,8.258687499999999773e+02
3.016000000000000014e+00,2.268318400000000111e+03,1.743043200000000070e+03,1.466411200000000008e+03,8.738169799999999441e+02,9.053030199999999468e+02,9.417043499999999767e+02,9.444941700000000537e+02,8.243048900000000003e+02
3.020000000000000018e+00,2.266012299999999868e+03,1.740737499999999955e+03,1.464296000000000049e+03,8.719858600000000024e+02,9.032932799999999816e+02,9.396162100000000237e+02,9.422884199999999737e+02,8.227290100000000166e+02
3.023333300000000001e+00,2.264008800000000065e+03,1.739424400000000105e+03,1.460923399999999901e+03,8.584705199999999650e+02,9.040729900000000043e+02,9.384564100000000053e+02,9.410198000000000320e+02,8.124299899999999752e+02
3.026666699999999821e+00,2.261935100000000148e+03,1.737674899999999980e+03,1.458888599999999997e+03,8.574792899999999918e+02,9.022726800000000367e+02,9.365578799999999546e+02,9.391542699999999968e+02,8.116442299999999932e+02
3.029999999999999805e+00,2.259910499999999956e+03,1.735736499999999978e+03,1.456916799999999967e+03,8.577191599999999880e+02,9.003405000000000200e+02,9.346484400000000505e+02,9.372418599999999742e+02,8.113109600000000228e+02
3.033333299999999788e+00,2.257868500000000040e+03,1.733767800000000079e+03,1.454904099999999971e+03,8.574647899999999936e+02,8.984995900000000120e+02,9.327679799999999659e+02,9.353317600000000311e+02,8.110255300000000034e+02
3.036666700000000052e+00,2.255882900000000063e+03,1.731874000000000024e+03,1.452940399999999954e+03,8.567438499999999522e+02,8.966295000000000073e+02,9.308183800000000474e+02,9.333128500000000258e+02,8.103814899999999852e+02
3.040000000000000036e+00,2.253933799999999792e+03,1.730014799999999923e+03,1.451032500000000027e+03,8.557414099999999735e+02,8.947634399999999459e+02,9.288765499999999520e+02,9.312927899999999681e+02,8.094270900000000211e+02
3.043333300000000019e+00,2.251851400000000012e+03,1.728044200000000046e+03,1.449056399999999940e+03,8.544810899999999947e+02,8.928742899999999736e+02,9.269294700000000375e+02,9.292612800000000561e+02,8.082583300000000008e+02
3.046666699999999839e+00,2.249781100000000151e+03,1.726080300000000079e+03,1.447108300000000099e+03,8.531019700000000512e+02,8.909464699999999766e+02,9.249375400000000127e+02,9.272262899999999490e+02,8.071454300000000330e+02
3.049999999999999822e+00,2.247659599999999955e+03,1.724058299999999917e+03,1.445116600000000062e+03,8.515894299999999930e+02,8.890029799999999796e+02,9.230193000000000438e+02,9.252563099999999849e+02,8.068652100000000473e+02
3.053333299999999806e+00,2.245549700000000030e+03,1.722039199999999937e+03,1.443137099999999919e+03,8.500077999999999747e+02,8.870315399999999499e+02,9.210588299999999435e+02,9.232507000000000517e+02,8.060426999999999680e+02
3.056666700000000070e+00,2.243393799999999828e+03,1.719978000000000065e+03,1.441131300000000010e+03,8.483691499999999905e+02,8.850745799999999690e+02,9.191156899999999723e+02,9.212412299999999732e+02,8.047890499999999747e+02
3.060000000000000053e+00,2.241231000000000222e+03,1.717892599999999902e+03,1.439100300000000061e+03,8.466620400000000473e+02,8.831020899999999756e+02,9.171831399999999803e+02,9.192614300000000185e+02,8.035053900000000340e+02
3.063333300000000037e+00,2.239030400000000100e+03,1.715775699999999915e+03,1.437051099999999906e+03,8.448877999999999702e+02,8.810849799999999732e+02,9.152093399999999974e+02,9.172508199999999761e+02,8.022090200000000095e+02
3.066666699999999857e+00,2.236894999999999982e+03,1.713696200000000090e+03,1.435025399999999991e+03,8.430874300000000403e+02,8.790756900000000087e+02,9.132517100000000028e+02,9.152570699999999988e+02,8.008883299999999963e+02
3.069999999999999840e+00,2.234562100000000100e+03,1.711456300000000056e+03,1.432871799999999894e+03,8.411485699999999497e+02,8.770356299999999692e+02,9.112664099999999507e+02,9.132605700000000297e+02,7.995316500000000133e+02
3.073333299999999824e+00,2.232314499999999953e+03,1.709252400000000080e+03,1.430717100000000073e+03,8.391393100000000231e+02,8.749605800000000499e+02,9.092517800000000534e+02,9.112534600000000182e+02,7.982078699999999571e+02
3.076666700000000088e+00,2.229914400000000114e+03,1.706910100000000057e+03,1.428439900000000080e+03,8.370279799999999568e+02,8.728071499999999787e+02,9.071973400000000538e+02,9.091953499999999622e+02,7.967857000000000198e+02
3.080000000000000071e+00,2.227575100000000020e+03,1.704615199999999959e+03,1.426204999999999927e+03,8.349251400000000558e+02,8.706803999999999633e+02,9.051545399999999972e+02,9.071649099999999635e+02,7.953886899999999969e+02
3.083333300000000055e+00,2.225150999999999840e+03,1.702232899999999972e+03,1.423870599999999968e+03,8.326506399999999530e+02,8.684197599999999966e+02,9.030344900000000052e+02,9.050574199999999792e+02,7.939009700000000294e+02
3.086666699999999874e+00,2.222689699999999903e+03,1.699804100000000062e+03,1.421489800000000059e+03,8.303477100000000064e+02,8.661680199999999559e+02,9.009100499999999556e+02,9.029511599999999589e+02,7.924012000000000171e+02
3.089999999999999858e+00,2.220198499999999967e+03,1.697334299999999985e+03,1.419057800000000043e+03,8.279546000000000276e+02,8.638815499999999474e+02,8.987769700000000057e+02,9.008450000000000273e+02,7.909445799999999736e+02
3.093333299999999841e+00,2.217695999999999913e+03,1.694854599999999891e+03,1.416614600000000110e+03,8.255298299999999472e+02,8.615776200000000244e+02,8.965978800000000319e+02,8.987041100000000142e+02,7.894439599999999473e+02
3.096666700000000105e+00,2.215238800000000083e+03,1.692431000000000040e+03,1.414232799999999997e+03,8.231561900000000378e+02,8.593192699999999604e+02,8.944630499999999529e+02,8.965883599999999660e+02,7.878525600000000395e+02
3.100000000000000089e+00,2.212844399999999951e+03,1.690050199999999904e+03,1.411869400000000041e+03,8.207160199999999577e+02,8.570058699999999590e+02,8.922928699999999935e+02,8.944477399999999534e+02,7.863071200000000545e+02
3.103333300000000072e+00,2.210291999999999916e+03,1.687522999999999911e+03,1.409378699999999981e+03,8.181615699999999833e+02,8.546021399999999630e+02,8.901175899999999501e+02,8.923051100000000133e+02,7.846982900000000427e+02
3.106666699999999892e+00,2.207788599999999860e+03,1.685021700000000010e+03,1.406875000000000000e+03,8.155339999999999918e+02,8.521936200000000099e+02,8.879530499999999620e+02,8.901889899999999898e+02,7.832456200000000308e+02
3.109999999999999876e+00,2.205047000000000025e+03,1.682296700000000101e+03,1.404180000000000064e+03,8.127930400000000191e+02,8.496791799999999739e+02,8.856537299999999959e+02,8.879458799999999883e+02,7.816500999999999522e+02
3.113333299999999859e+00,2.202385299999999916e+03,1.679634199999999964e+03,1.401515000000000100e+03,8.100006799999999885e+02,8.471764299999999821e+02,8.834624599999999646e+02,8.858317200000000184e+02,7.802000299999999697e+02
3.116666700000000123e+00,2.199624400000000151e+03,1.676878699999999981e+03,1.398771899999999960e+03,8.071517499999999927e+02,8.446459700000000339e+02,8.812078800000000456e+02,8.836587100000000419e+02,7.786672499999999673e+02
3.120000000000000107e+00,2.196919899999999870e+03,1.674183199999999943e+03,1.396082000000000107e+03,8.042948000000000093e+02,8.420917799999999716e+02,8.789359699999999975e+02,8.814475599999999531e+02,7.770687900000000354e+02
3.122857100000000052e+00,2.194389400000000023e+03,1.672167099999999891e+03,1.392010600000000068e+03,7.913252199999999448e+02,8.422015900000000101e+02,8.776462400000000343e+02,8.801351200000000290e+02,7.693237199999999802e+02
3.125714299999999835e+00,2.191938900000000103e+03,1.669791699999999992e+03,1.389345700000000079e+03,7.890563899999999649e+02,8.398771400000000540e+02,8.756124800000000050e+02,8.782419099999999617e+02,7.678258100000000468e+02
3.128571399999999780e+00,2.189561900000000151e+03,1.667425700000000006e+03,1.386843699999999899e+03,7.879341699999999946e+02,8.373906200000000126e+02,8.735194099999999935e+02,8.762753199999999651e+02,7.671881499999999505e+02
3.131428600000000007e+00,2.187156500000000051e+03,1.665015000000000100e+03,1.384319099999999935e+03,7.864740399999999454e+02,8.349556999999999789e+02,8.714860099999999647e+02,8.743460700000000543e+02,7.665189400000000433e+02
3.134285699999999952e+00,2.184654799999999796e+03,1.662498700000000099e+03,1.381706100000000106e+03,7.846015300000000252e+02,8.325222499999999854e+02,8.694012300000000550e+02,8.723250199999999950e+02,7.655212999999999965e+02
3.137142900000000179e+00,2.182226999999999862e+03,1.660066000000000031e+03,1.379192999999999984e+03,7.824791699999999537e+02,8.301049199999999928e+02,8.673814499999999725e+02,8.703705200000000559e+02,7.644169900000000553e+02
3.140000000000000124e+00,2.179729200000000219e+03,1.657569099999999935e+03,1.376646799999999985e+03,7.801273099999999658e+02,8.276368999999999687e+02,8.653188699999999471e+02,8.683686900000000151e+02,7.632142400000000180e+02
3.142500000000000071e+00,2.177329499999999825e+03,1.655676999999999907e+03,1.372616500000000087e+03,7.682480100000000220e+02,8.277452700000000050e+02,8.641790600000000495e+02,8.671852800000000343e+02,7.563560499999999820e+02
3.145000000000000018e+00,2.175087799999999788e+03,1.653569099999999935e+03,1.370165099999999939e+03,7.662901799999999639e+02,8.255858799999999746e+02,8.623057099999999764e+02,8.654035000000000082e+02,7.550091099999999642e+02
3.147499999999999964e+00,2.172896200000000135e+03,1.651477599999999939e+03,1.367871699999999919e+03,7.653193499999999858e+02,8.232488899999999603e+02,8.604303800000000138e+02,8.636135399999999436e+02,7.544495299999999816e+02
3.149999999999999911e+00,2.170706200000000081e+03,1.649299199999999928e+03,1.365575599999999895e+03,7.640227999999999611e+02,8.208888600000000224e+02,8.585290700000000470e+02,8.618017999999999574e+02,7.538660599999999476e+02
3.152499999999999858e+00,2.168457199999999830e+03,1.647216599999999971e+03,1.363274400000000014e+03,7.623911299999999756e+02,8.186173199999999497e+02,8.566949100000000499e+02,8.600246399999999767e+02,7.531010999999999740e+02
3.154999999999999805e+00,2.166250799999999799e+03,1.645015499999999975e+03,1.361006599999999935e+03,7.605450299999999970e+02,8.163972199999999475e+02,8.549090400000000045e+02,8.582754300000000285e+02,7.521824400000000423e+02
3.157500000000000195e+00,2.164078899999999976e+03,1.642830300000000079e+03,1.358785200000000032e+03,7.584956899999999678e+02,8.141182999999999765e+02,8.530806800000000294e+02,8.564890000000000327e+02,7.511727600000000393e+02
3.160000000000000142e+00,2.161835999999999785e+03,1.640582799999999907e+03,1.356507200000000012e+03,7.563320099999999684e+02,8.118801999999999452e+02,8.512879799999999477e+02,8.547355400000000145e+02,7.501058500000000322e+02
3.162222199999999983e+00,2.159561400000000049e+03,1.638859699999999975e+03,1.352536000000000058e+03,7.452413599999999860e+02,8.119515999999999849e+02,8.502144100000000435e+02,8.535667799999999943e+02,7.437676400000000285e+02
3.164444399999999824e+00,2.157592900000000100e+03,1.636937200000000075e+03,1.350288199999999961e+03,7.433067200000000412e+02,8.100257100000000037e+02,8.486355399999999918e+02,8.520516699999999446e+02,7.426920300000000452e+02
3.166666699999999945e+00,2.155456200000000081e+03,1.634870200000000068e+03,1.348198900000000094e+03,7.422168500000000222e+02,8.077796600000000353e+02,8.468622800000000552e+02,8.503261899999999969e+02,7.420240599999999631e+02
3.168888899999999786e+00,2.153578799999999774e+03,1.632989600000000110e+03,1.346249800000000050e+03,7.410948300000000017e+02,8.056757900000000063e+02,8.452078900000000203e+02,8.487384700000000066e+02,7.416170299999999997e+02
3.170740700000000079e+00,2.151300699999999779e+03,1.631833499999999958e+03,1.341140100000000075e+03,7.241593100000000049e+02,8.074504200000000083e+02,8.447895099999999502e+02,8.481240800000000490e+02,7.320623900000000503e+02
3.172592600000000207e+00,2.149557200000000194e+03,1.630212099999999964e+03,1.339004100000000108e+03,7.230768199999999979e+02,8.058025300000000470e+02,8.433852399999999534e+02,8.467720299999999725e+02,7.312864899999999579e+02
3.174444400000000055e+00,2.147742099999999937e+03,1.628393100000000004e+03,1.337000199999999950e+03,7.233614300000000412e+02,8.036728600000000142e+02,8.417554800000000341e+02,8.451917099999999436e+02,7.313602200000000266e+02
3.176296300000000183e+00,2.146193699999999808e+03,1.626857899999999972e+03,1.335353699999999890e+03,7.235276999999999816e+02,8.017699699999999439e+02,8.403049499999999625e+02,8.437619600000000446e+02,7.315710100000000011e+02
3.178148100000000031e+00,2.144540599999999813e+03,1.625196200000000090e+03,1.333614000000000033e+03,7.230602999999999838e+02,7.998455199999999650e+02,8.388049200000000383e+02,8.422589600000000019e+02,7.314342100000000073e+02
3.180000000000000160e+00,2.142920399999999972e+03,1.623581500000000005e+03,1.331963099999999940e+03,7.222720799999999599e+02,7.979979100000000471e+02,8.373558000000000447e+02,8.407913999999999533e+02,7.311237200000000485e+02
3.181999999999999940e+00,2.141326300000000174e+03,1.621508399999999938e+03,1.331691399999999931e+03,7.273294899999999643e+02,7.945251200000000154e+02,8.353910499999999502e+02,8.389563799999999674e+02,7.342552600000000211e+02
3.184000000000000163e+00,2.139567900000000009e+03,1.619678100000000086e+03,1.330087999999999965e+03,7.258413699999999835e+02,7.925550100000000384e+02,8.338897600000000239e+02,8.374272099999999455e+02,7.337000900000000456e+02
3.185999999999999943e+00,2.137921100000000024e+03,1.618003099999999904e+03,1.328511799999999994e+03,7.236893099999999777e+02,7.908432000000000244e+02,8.324717799999999670e+02,8.359827900000000227e+02,7.326873699999999872e+02
3.188000000000000167e+00,2.136115400000000136e+03,1.616151100000000042e+03,1.326738499999999931e+03,7.212469999999999573e+02,7.890563799999999901e+02,8.310048900000000458e+02,8.345012100000000146e+02,7.315260700000000043e+02
3.189999999999999947e+00,2.134284000000000106e+03,1.614284200000000055e+03,1.324958399999999983e+03,7.189709100000000035e+02,7.872875000000000227e+02,8.295550399999999627e+02,8.330606699999999591e+02,7.304450000000000500e+02
3.192000000000000171e+00,2.132467700000000150e+03,1.612404600000000073e+03,1.323153000000000020e+03,7.167434899999999516e+02,7.854977000000000089e+02,8.280702900000000000e+02,8.315978300000000445e+02,7.293664400000000114e+02
3.193999999999999950e+00,2.130570700000000215e+03,1.610456500000000005e+03,1.321261099999999942e+03,7.144376399999999876e+02,7.836684299999999439e+02,8.265615900000000238e+02,8.301111399999999776e+02,7.282550599999999577e+02
3.196000000000000174e+00,2.128690999999999804e+03,1.608513200000000097e+03,1.319363800000000083e+03,7.121506500000000415e+02,7.818468100000000049e+02,8.250574699999999666e+02,8.286404300000000376e+02,7.271816499999999905e+02
3.197999999999999954e+00,2.126751499999999851e+03,1.606512699999999995e+03,1.317418100000000095e+03,7.099923199999999497e+02,7.800632900000000518e+02,8.235443800000000465e+02,8.271605799999999817e+02,7.260859400000000505e+02
3.200000000000000178e+00,2.124750799999999799e+03,1.604405600000000049e+03,1.315305100000000039e+03,7.078488700000000335e+02,7.782940800000000081e+02,8.220232200000000375e+02,8.256654600000000528e+02,7.249733300000000327e+02
3.201818199999999948e+00,2.122811599999999999e+03,1.602969900000000052e+03,1.311698900000000094e+03,6.979086499999999660e+02,7.785537799999999606e+02,8.212123900000000276e+02,8.246938400000000229e+02,7.196007299999999987e+02
3.203636400000000162e+00,2.120909900000000107e+03,1.601069600000000037e+03,1.309534699999999930e+03,6.959068899999999758e+02,7.769425300000000334e+02,8.197829400000000533e+02,8.233029299999999466e+02,7.184172399999999925e+02
3.205454500000000095e+00,2.119142400000000180e+03,1.599246900000000096e+03,1.307617400000000089e+03,6.948493899999999712e+02,7.751484900000000380e+02,8.183030700000000479e+02,8.218790299999999434e+02,7.178175999999999704e+02
3.207070700000000052e+00,2.117293999999999869e+03,1.598118699999999990e+03,1.303397600000000011e+03,6.831812999999999647e+02,7.761158199999999852e+02,8.177505599999999504e+02,8.210847599999999602e+02,7.114449700000000121e+02
3.208686900000000009e+00,2.115563999999999851e+03,1.596378500000000031e+03,1.301156400000000076e+03,6.820620300000000498e+02,7.746111100000000533e+02,8.163898400000000493e+02,8.197401800000000094e+02,7.106266299999999774e+02
3.210303000000000129e+00,2.113975199999999859e+03,1.594746100000000069e+03,1.299310199999999895e+03,6.819981299999999464e+02,7.728853000000000293e+02,8.150236999999999625e+02,8.184219799999999623e+02,7.105137999999999465e+02
3.211919200000000085e+00,2.112508699999999862e+03,1.593289199999999937e+03,1.297930299999999988e+03,6.816289399999999432e+02,7.711239399999999478e+02,8.135923699999999599e+02,8.170170000000000528e+02,7.103319199999999682e+02
3.213535400000000042e+00,2.110898799999999937e+03,1.591775599999999940e+03,1.296606199999999944e+03,6.809652200000000448e+02,7.694338999999999942e+02,8.122008899999999585e+02,8.156302899999999454e+02,7.099817199999999957e+02
3.214828300000000194e+00,2.108720200000000204e+03,1.591594599999999900e+03,1.290037100000000009e+03,6.577907000000000153e+02,7.735379199999999855e+02,8.126887400000000525e+02,8.154104599999999436e+02,6.972103499999999485e+02
3.216121199999999902e+00,2.107293900000000122e+03,1.590424199999999928e+03,1.288304100000000062e+03,6.570184400000000551e+02,7.723768099999999777e+02,8.115709000000000515e+02,8.142427599999999757e+02,6.963714700000000448e+02
3.217414100000000055e+00,2.105985099999999875e+03,1.589105399999999918e+03,1.286816299999999956e+03,6.585679699999999457e+02,7.706468499999999722e+02,8.102510999999999513e+02,8.129246399999999539e+02,6.969650799999999435e+02
3.218707100000000043e+00,2.104848700000000008e+03,1.587931499999999915e+03,1.285538800000000037e+03,6.598140499999999520e+02,7.689729300000000194e+02,8.090077599999999620e+02,8.116581099999999651e+02,6.976144799999999577e+02
3.220000000000000195e+00,2.103667600000000220e+03,1.586735899999999901e+03,1.284321999999999889e+03,6.604504200000000083e+02,7.673546400000000176e+02,8.077738500000000386e+02,8.103916199999999890e+02,6.980075000000000500e+02
3.221333299999999955e+00,2.102589699999999993e+03,1.585359200000000101e+03,1.283977799999999888e+03,6.636403599999999869e+02,7.649870899999999665e+02,8.063433999999999742e+02,8.090251100000000406e+02,6.999268100000000459e+02
3.222666699999999995e+00,2.101387299999999868e+03,1.584125800000000027e+03,1.282935400000000072e+03,6.634420800000000327e+02,7.634150300000000016e+02,8.051603400000000192e+02,8.078076200000000426e+02,7.000093900000000531e+02
3.224000000000000199e+00,2.100206799999999930e+03,1.582921000000000049e+03,1.281849899999999934e+03,6.626068500000000085e+02,7.619718100000000049e+02,8.040501900000000433e+02,8.066489500000000135e+02,6.997734500000000253e+02
3.225230799999999842e+00,2.098729899999999816e+03,1.582117899999999963e+03,1.278440100000000029e+03,6.537883799999999610e+02,7.627009500000000344e+02,8.036004199999999855e+02,8.058075900000000047e+02,6.949440700000000106e+02
3.226461500000000093e+00,2.097392100000000028e+03,1.580763799999999947e+03,1.276865000000000009e+03,6.529960200000000441e+02,7.615467399999999998e+02,8.025831600000000208e+02,8.047237999999999829e+02,6.943993400000000520e+02
3.227692300000000181e+00,2.096233400000000074e+03,1.579589600000000019e+03,1.275776699999999892e+03,6.529628800000000410e+02,7.601577899999999772e+02,8.015072400000000243e+02,8.036067399999999452e+02,6.943221300000000156e+02
3.228923099999999824e+00,2.095132000000000062e+03,1.578435199999999895e+03,1.274743099999999913e+03,6.527886300000000119e+02,7.587911800000000540e+02,8.004357700000000477e+02,8.024957399999999552e+02,6.942400499999999965e+02
3.230153800000000075e+00,2.093970899999999801e+03,1.577232299999999896e+03,1.273678400000000011e+03,6.523643899999999576e+02,7.574381100000000515e+02,7.993756300000000010e+02,8.013959700000000339e+02,6.940520999999999958e+02
3.231384600000000162e+00,2.092806599999999889e+03,1.576013200000000097e+03,1.272609699999999975e+03,6.517626199999999699e+02,7.561125200000000177e+02,7.983186500000000478e+02,8.003028900000000476e+02,6.937905799999999772e+02
3.232615399999999806e+00,2.091612399999999980e+03,1.574760099999999966e+03,1.271514899999999898e+03,6.510063999999999851e+02,7.548050899999999501e+02,7.972672199999999521e+02,7.992189100000000508e+02,6.934543099999999640e+02
3.233846199999999893e+00,2.090322500000000218e+03,1.573351200000000063e+03,1.270208300000000008e+03,6.503474899999999934e+02,7.535803700000000163e+02,7.962349400000000514e+02,7.981480699999999615e+02,6.930499999999999545e+02
3.235076900000000144e+00,2.089153699999999844e+03,1.572128300000000081e+03,1.269172900000000027e+03,6.494144999999999754e+02,7.523001400000000558e+02,7.951912999999999556e+02,7.970824199999999564e+02,6.926194100000000162e+02
3.236307699999999787e+00,2.088033199999999852e+03,1.570953999999999951e+03,1.268191900000000032e+03,6.484536200000000008e+02,7.510536700000000110e+02,7.941512099999999919e+02,7.960187899999999672e+02,6.921291400000000067e+02
3.237538499999999875e+00,2.086828399999999874e+03,1.569665899999999965e+03,1.267070600000000013e+03,6.474531200000000126e+02,7.498129400000000260e+02,7.931040699999999788e+02,7.949544700000000148e+02,6.915963699999999790e+02
3.238769200000000126e+00,2.085645700000000033e+03,1.568402900000000045e+03,1.265988399999999956e+03,6.463698500000000422e+02,7.485819099999999935e+02,7.920753499999999576e+02,7.939149800000000141e+02,6.910665199999999686e+02
3.240000000000000213e+00,2.084324700000000121e+03,1.567035300000000007e+03,1.264817299999999932e+03,6.452122600000000148e+02,7.473419199999999591e+02,7.910398500000000013e+02,7.928770799999999781e+02,6.905083499999999503e+02
3.241333299999999973e+00,2.083164699999999812e+03,1.565114399999999932e+03,1.265626500000000078e+03,6.513812699999999722e+02,7.440909599999999955e+02,7.893004499999999553e+02,7.915379799999999477e+02,6.939557600000000548e+02
3.242666700000000013e+00,2.081877300000000105e+03,1.563689599999999928e+03,1.264652499999999918e+03,6.502077299999999696e+02,7.427127900000000409e+02,7.881715400000000500e+02,7.904450500000000375e+02,6.934719400000000178e+02
3.244000000000000217e+00,2.080424399999999878e+03,1.562146799999999985e+03,1.263338899999999967e+03,6.480688699999999471e+02,7.415217499999999973e+02,7.870983199999999442e+02,7.893801700000000210e+02,6.924769000000000005e+02
3.245333299999999976e+00,2.079106600000000071e+03,1.560740000000000009e+03,1.262108899999999949e+03,6.460592599999999948e+02,7.403609000000000151e+02,7.860530899999999974e+02,7.883600599999999758e+02,6.914857600000000275e+02
3.246666700000000017e+00,2.077776499999999942e+03,1.559314000000000078e+03,1.260827700000000050e+03,6.441251600000000508e+02,7.391756500000000187e+02,7.849772299999999632e+02,7.873140799999999899e+02,6.905287799999999834e+02
3.248000000000000220e+00,2.076393099999999777e+03,1.557844599999999900e+03,1.259501800000000003e+03,6.422984099999999899e+02,7.379623699999999644e+02,7.838683899999999767e+02,7.862429100000000517e+02,6.895759900000000471e+02
3.249333299999999980e+00,2.074998799999999846e+03,1.556353200000000015e+03,1.258137500000000045e+03,6.405301500000000487e+02,7.367354100000000017e+02,7.827458100000000059e+02,7.851622999999999593e+02,6.886684400000000323e+02
3.250666700000000020e+00,2.073602300000000014e+03,1.554867700000000013e+03,1.256764899999999898e+03,6.388235100000000557e+02,7.354956100000000561e+02,7.816067799999999579e+02,7.840676300000000083e+02,6.877686999999999671e+02
3.251999999999999780e+00,2.072228000000000065e+03,1.553407400000000052e+03,1.255406999999999925e+03,6.371897999999999911e+02,7.342550700000000461e+02,7.804587099999999964e+02,7.829650699999999688e+02,6.868976800000000367e+02
3.253333299999999983e+00,2.070822000000000116e+03,1.551922600000000102e+03,1.254011500000000069e+03,6.355668299999999817e+02,7.330027400000000171e+02,7.793040399999999863e+02,7.818563599999999951e+02,6.860227200000000494e+02
3.254666700000000024e+00,2.069428199999999833e+03,1.550454199999999901e+03,1.252632599999999911e+03,6.339926500000000260e+02,7.317496200000000499e+02,7.781404300000000376e+02,7.807414700000000494e+02,6.851735599999999522e+02
3.255999999999999783e+00,2.067987799999999879e+03,1.548933299999999917e+03,1.251171000000000049e+03,6.323643200000000206e+02,7.304669099999999844e+02,7.769765800000000127e+02,7.796272300000000541e+02,6.843241600000000062e+02
3.257333299999999987e+00,2.066528400000000147e+03,1.547404099999999971e+03,1.249705099999999902e+03,6.307599099999999908e+02,7.291948999999999614e+02,7.758171399999999949e+02,7.785127999999999702e+02,6.834772400000000516e+02
3.258666700000000027e+00,2.065082100000000082e+03,1.545908899999999903e+03,1.248268399999999929e+03,6.291980600000000550e+02,7.279078299999999899e+02,7.746364899999999807e+02,7.773847700000000032e+02,6.826403299999999490e+02
3.259999999999999787e+00,2.063550099999999929e+03,1.544312699999999950e+03,1.246716200000000072e+03,6.275442000000000462e+02,7.265926600000000235e+02,7.734394899999999780e+02,7.762355400000000145e+02,6.817953099999999722e+02
3.261538499999999896e+00,2.062179799999999886e+03,1.541938900000000103e+03,1.248234099999999899e+03,6.380510399999999436e+02,7.218614400000000160e+02,7.709849900000000389e+02,7.744885500000000320e+02,6.872954499999999598e+02
3.263076900000000169e+00,2.060881300000000010e+03,1.540411000000000058e+03,1.247169000000000096e+03,6.365053299999999581e+02,7.202992799999999534e+02,7.696233899999999721e+02,7.732201400000000149e+02,6.866213599999999815e+02
3.264615399999999834e+00,2.059465999999999894e+03,1.538792599999999993e+03,1.245642900000000054e+03,6.334466800000000148e+02,7.190363700000000335e+02,7.683768700000000536e+02,7.720199400000000196e+02,6.851770099999999957e+02
3.266014000000000195e+00,2.057733799999999974e+03,1.537632900000000063e+03,1.242125800000000027e+03,6.223333000000000084e+02,7.200747699999999440e+02,7.679793600000000424e+02,7.712597899999999527e+02,6.795202900000000454e+02
3.267412600000000111e+00,2.056145399999999881e+03,1.536033500000000004e+03,1.240313699999999926e+03,6.197288999999999533e+02,7.189759900000000243e+02,7.668174999999999955e+02,7.701201499999999669e+02,6.779840199999999868e+02
3.268811200000000028e+00,2.054559900000000198e+03,1.534406600000000026e+03,1.238678900000000112e+03,6.182662800000000516e+02,7.175999600000000100e+02,7.655255700000000161e+02,7.689046100000000479e+02,6.770551199999999881e+02
3.270209799999999944e+00,2.053063299999999799e+03,1.532839899999999943e+03,1.237093900000000076e+03,6.168973399999999856e+02,7.162171899999999596e+02,7.642312200000000075e+02,7.676813700000000154e+02,6.762555399999999963e+02
3.271608399999999861e+00,2.051517499999999927e+03,1.531238399999999956e+03,1.235474600000000009e+03,6.154388599999999769e+02,7.148175899999999956e+02,7.629420199999999568e+02,7.664691599999999880e+02,6.754618699999999762e+02
3.273007000000000222e+00,2.049997800000000097e+03,1.529656700000000001e+03,1.233865800000000036e+03,6.139186399999999821e+02,7.134066000000000258e+02,7.616241700000000492e+02,7.652117600000000266e+02,6.746164599999999609e+02
3.274405600000000138e+00,2.048456200000000081e+03,1.528075900000000047e+03,1.232268700000000081e+03,6.123670600000000377e+02,7.120012000000000398e+02,7.603207599999999502e+02,7.639751700000000483e+02,6.737951299999999719e+02
3.275804200000000055e+00,2.046950900000000047e+03,1.526513500000000022e+03,1.230677599999999984e+03,6.107906500000000278e+02,7.106015599999999495e+02,7.590244999999999891e+02,7.627358699999999772e+02,6.729531899999999496e+02
3.277202799999999971e+00,2.045423700000000053e+03,1.524943700000000035e+03,1.229088999999999942e+03,6.091845200000000204e+02,7.091866999999999734e+02,7.577054600000000164e+02,7.614722299999999677e+02,6.720880899999999656e+02
3.278601399999999888e+00,2.043892100000000028e+03,1.523365199999999959e+03,1.227488499999999931e+03,6.075567600000000539e+02,7.077659400000000005e+02,7.563874799999999823e+02,7.602113399999999501e+02,6.712296999999999798e+02
3.279999999999999805e+00,2.042339899999999943e+03,1.521771099999999933e+03,1.225877700000000004e+03,6.059040700000000470e+02,7.063320200000000568e+02,7.550487500000000409e+02,7.589220199999999750e+02,6.703358600000000251e+02
3.281333300000000008e+00,2.040775799999999890e+03,1.520503899999999931e+03,1.223282600000000002e+03,5.999382399999999507e+02,7.061837100000000191e+02,7.542021999999999480e+02,7.578982099999999491e+02,6.672691899999999805e+02
3.282666700000000048e+00,2.039257000000000062e+03,1.518981500000000096e+03,1.221598600000000033e+03,5.983332400000000462e+02,7.048589500000000498e+02,7.529280400000000100e+02,7.566585400000000163e+02,6.663250699999999824e+02
3.283904800000000179e+00,2.037624900000000025e+03,1.517886999999999944e+03,1.218296599999999899e+03,5.900872299999999768e+02,7.054511300000000347e+02,7.523524099999999635e+02,7.557596700000000283e+02,6.620785499999999502e+02
3.285142899999999866e+00,2.036198000000000093e+03,1.516476499999999987e+03,1.216598700000000008e+03,5.889596900000000232e+02,7.041508800000000292e+02,7.511157200000000103e+02,7.545462599999999611e+02,6.613254500000000462e+02
3.286380999999999997e+00,2.034794000000000096e+03,1.515064599999999928e+03,1.215103200000000015e+03,5.885887699999999541e+02,7.026676800000000185e+02,7.498267600000000357e+02,7.533049499999999625e+02,6.609824599999999464e+02
3.287618999999999847e+00,2.033463500000000067e+03,1.513707000000000107e+03,1.213680399999999963e+03,5.880784499999999753e+02,7.011844800000000077e+02,7.485297500000000355e+02,7.520520199999999704e+02,6.606404800000000250e+02
3.288857099999999978e+00,2.032140699999999924e+03,1.512362800000000107e+03,1.212293100000000095e+03,5.873833399999999756e+02,6.997433800000000019e+02,7.472635099999999966e+02,7.508164399999999432e+02,6.602239200000000210e+02
3.290095200000000109e+00,2.030834800000000087e+03,1.511034799999999905e+03,1.210937799999999925e+03,5.865394099999999753e+02,6.983461999999999534e+02,7.460366400000000340e+02,7.496167900000000373e+02,6.597716100000000097e+02
3.291333299999999795e+00,2.029490700000000061e+03,1.509669799999999896e+03,1.209563100000000077e+03,5.855473700000000008e+02,6.969472399999999652e+02,7.447886399999999867e+02,7.483913000000000011e+02,6.592325899999999592e+02
3.292571399999999926e+00,2.028141300000000001e+03,1.508299099999999953e+03,1.208193099999999959e+03,5.844528500000000122e+02,6.955531600000000481e+02,7.435519000000000460e+02,7.471842699999999695e+02,6.586709600000000364e+02
3.293809500000000057e+00,2.026764100000000099e+03,1.506894700000000057e+03,1.206809500000000071e+03,5.832837299999999914e+02,6.941692199999999957e+02,7.423206800000000385e+02,7.459805800000000318e+02,6.580760199999999713e+02
3.295047600000000187e+00,2.025365900000000011e+03,1.505485400000000027e+03,1.205426699999999983e+03,5.820431099999999560e+02,6.927767900000000054e+02,7.410760199999999713e+02,7.447710600000000341e+02,6.574219600000000128e+02
3.296285699999999874e+00,2.024015100000000075e+03,1.504091899999999896e+03,1.204059899999999971e+03,5.807654400000000123e+02,6.913954999999999700e+02,7.398330899999999701e+02,7.435598599999999578e+02,6.567483600000000479e+02
3.297523800000000005e+00,2.022639799999999923e+03,1.502686999999999898e+03,1.202686799999999948e+03,5.794460000000000264e+02,6.900262599999999793e+02,7.386021600000000262e+02,7.423690400000000409e+02,6.560808700000000044e+02
3.298761900000000136e+00,2.021309400000000096e+03,1.501310199999999895e+03,1.201339099999999917e+03,5.781172100000000000e+02,6.886682799999999816e+02,7.373715499999999565e+02,7.411788400000000365e+02,6.554030400000000327e+02
3.299999999999999822e+00,2.019925799999999981e+03,1.499889300000000048e+03,1.199955600000000004e+03,5.767351700000000392e+02,6.872934000000000196e+02,7.361162399999999479e+02,7.399675999999999476e+02,6.546733600000000024e+02
3.301250000000000018e+00,2.018541199999999890e+03,1.498392499999999927e+03,1.198784400000000005e+03,5.762158799999999701e+02,6.856533200000000079e+02,7.347652000000000498e+02,7.387243799999999965e+02,6.544049599999999600e+02
3.302500000000000213e+00,2.017173199999999952e+03,1.496967699999999923e+03,1.197420800000000099e+03,5.747822899999999890e+02,6.842573099999999613e+02,7.334950800000000299e+02,7.375149499999999989e+02,6.537017399999999725e+02
3.303749999999999964e+00,2.015799999999999955e+03,1.495553900000000112e+03,1.196056399999999940e+03,5.732766699999999673e+02,6.829088600000000042e+02,7.322477400000000216e+02,7.363313699999999926e+02,6.529560300000000552e+02
3.305000000000000160e+00,2.014405500000000075e+03,1.494098300000000108e+03,1.194631000000000085e+03,5.716841200000000072e+02,6.815185599999999795e+02,7.309563399999999547e+02,7.350969099999999798e+02,6.521282999999999674e+02
3.306249999999999911e+00,2.012977100000000064e+03,1.492638200000000097e+03,1.193219599999999900e+03,5.701603099999999813e+02,6.801648000000000138e+02,7.297054500000000417e+02,7.339252900000000182e+02,6.514016500000000178e+02
3.307500000000000107e+00,2.011565800000000081e+03,1.491168799999999919e+03,1.191782799999999952e+03,5.685933999999999742e+02,6.787634199999999964e+02,7.284125400000000354e+02,7.327067799999999806e+02,6.506005499999999984e+02
3.308888899999999911e+00,2.010239000000000033e+03,1.489021199999999908e+03,1.192598099999999931e+03,5.762068199999999933e+02,6.745135199999999713e+02,7.260411100000000033e+02,7.309880600000000186e+02,6.542147899999999936e+02
3.310277800000000159e+00,2.008745899999999892e+03,1.487400900000000092e+03,1.191341799999999921e+03,5.746290299999999434e+02,6.728850800000000163e+02,7.246252600000000257e+02,7.297029800000000250e+02,6.535575800000000299e+02
3.311666699999999963e+00,2.007223899999999958e+03,1.485780999999999949e+03,1.189792500000000018e+03,5.718921599999999899e+02,6.715047799999999825e+02,7.232616600000000062e+02,7.284225300000000516e+02,6.523064000000000533e+02
3.313055600000000211e+00,2.005568800000000010e+03,1.484033200000000079e+03,1.188090999999999894e+03,5.691935899999999720e+02,6.701114599999999655e+02,7.218911200000000008e+02,7.271490700000000516e+02,6.510348500000000058e+02
3.314444400000000179e+00,2.003988599999999906e+03,1.482388899999999921e+03,1.186494599999999991e+03,5.667461399999999685e+02,6.687059000000000424e+02,7.204987999999999602e+02,7.258621900000000551e+02,6.498071300000000292e+02
3.315833299999999983e+00,2.002410100000000057e+03,1.480744099999999889e+03,1.184885600000000068e+03,5.644583099999999831e+02,6.672704700000000457e+02,7.190821099999999433e+02,7.245629300000000512e+02,6.486386700000000474e+02
3.317222199999999788e+00,2.000804100000000062e+03,1.479070300000000088e+03,1.183234300000000076e+03,5.622647399999999607e+02,6.658001799999999548e+02,7.176373599999999442e+02,7.232401800000000094e+02,6.474904199999999719e+02
3.318611100000000036e+00,1.999243600000000015e+03,1.477433999999999969e+03,1.181597800000000007e+03,5.601599200000000565e+02,6.643084900000000061e+02,7.161798800000000256e+02,7.219113599999999451e+02,6.463902299999999741e+02
3.319999999999999840e+00,1.997536700000000110e+03,1.475678699999999935e+03,1.179861900000000105e+03,5.580792400000000271e+02,6.627868300000000090e+02,7.147008700000000090e+02,7.205613200000000234e+02,6.452930599999999686e+02
3.321538499999999949e+00,1.995964799999999968e+03,1.473386899999999969e+03,1.180080600000000004e+03,5.645145300000000361e+02,6.586122699999999668e+02,7.122098799999999983e+02,7.186951500000000124e+02,6.481231099999999969e+02
3.323076899999999778e+00,1.994286100000000033e+03,1.471580999999999904e+03,1.178556800000000067e+03,5.624884299999999939e+02,6.568586900000000242e+02,7.105989299999999957e+02,7.172619899999999689e+02,6.472111200000000508e+02
3.324615399999999887e+00,1.992440399999999954e+03,1.469714699999999993e+03,1.176741800000000012e+03,5.594029900000000453e+02,6.552877899999999727e+02,7.090157699999999750e+02,7.158100600000000213e+02,6.457240600000000086e+02
3.326153800000000160e+00,1.990713600000000042e+03,1.467940399999999954e+03,1.174975200000000086e+03,5.565043299999999817e+02,6.537539799999999559e+02,7.074630100000000539e+02,7.144034900000000334e+02,6.443010000000000446e+02
3.327692299999999825e+00,1.988854299999999967e+03,1.466003300000000081e+03,1.173035699999999906e+03,5.536780999999999722e+02,6.521177400000000262e+02,7.058402599999999438e+02,7.129347000000000207e+02,6.428703400000000556e+02
3.329450500000000090e+00,1.987163800000000037e+03,1.463454700000000003e+03,1.173305299999999988e+03,5.612554699999999457e+02,6.471659600000000410e+02,7.029128699999999981e+02,7.107431199999999762e+02,6.460890299999999797e+02
3.331208800000000192e+00,1.985238299999999981e+03,1.461355299999999943e+03,1.171496200000000044e+03,5.585175100000000157e+02,6.451435099999999920e+02,7.010521599999999580e+02,7.090981799999999566e+02,6.448666399999999612e+02
3.332967000000000013e+00,1.983130100000000084e+03,1.459155799999999999e+03,1.169344499999999925e+03,5.545983499999999822e+02,6.433639699999999948e+02,6.992616400000000567e+02,7.074843700000000126e+02,6.430493699999999535e+02
3.334725300000000114e+00,1.980984600000000000e+03,1.456929699999999912e+03,1.167128999999999905e+03,5.508652399999999716e+02,6.415383699999999862e+02,6.974374599999999873e+02,7.058621100000000297e+02,6.412879500000000235e+02
3.336483499999999935e+00,1.979015699999999924e+03,1.454932299999999941e+03,1.165061300000000074e+03,5.474949800000000550e+02,6.396626999999999725e+02,6.955609100000000353e+02,7.042027699999999868e+02,6.395802700000000414e+02
3.338241800000000037e+00,1.976912399999999934e+03,1.452762199999999893e+03,1.162837999999999965e+03,5.442929900000000316e+02,6.377104900000000498e+02,6.936332899999999881e+02,7.025051799999999957e+02,6.379521399999999858e+02
3.339999999999999858e+00,1.974810699999999997e+03,1.450596199999999953e+03,1.160609400000000051e+03,5.412832799999999907e+02,6.357311999999999443e+02,6.916801600000000008e+02,7.007848999999999933e+02,6.363831400000000258e+02
3.341818200000000072e+00,1.972683899999999994e+03,1.448236799999999903e+03,1.158824499999999944e+03,5.409488400000000183e+02,6.328878399999999829e+02,6.893760300000000143e+02,6.988357399999999870e+02,6.359569000000000187e+02
3.343838400000000100e+00,1.970433600000000069e+03,1.445395999999999958e+03,1.157890599999999949e+03,5.455428699999999935e+02,6.282068799999999555e+02,6.862596499999999651e+02,6.963300299999999652e+02,6.376177699999999504e+02
3.345858600000000127e+00,1.968254699999999957e+03,1.443120699999999943e+03,1.155768600000000106e+03,5.422748000000000275e+02,6.258404100000000199e+02,6.840107500000000300e+02,6.943537499999999909e+02,6.360645500000000538e+02
3.347878800000000155e+00,1.965869599999999991e+03,1.440631800000000112e+03,1.153230000000000018e+03,5.380077800000000252e+02,6.236176400000000513e+02,6.817713499999999840e+02,6.923507899999999609e+02,6.340366900000000214e+02
3.349899000000000182e+00,1.963426600000000008e+03,1.438115199999999959e+03,1.150636099999999942e+03,5.339655800000000454e+02,6.213570799999999963e+02,6.795024499999999534e+02,6.903384399999999914e+02,6.320543099999999868e+02
3.351919200000000210e+00,1.961009900000000016e+03,1.435630499999999984e+03,1.148063400000000001e+03,5.302326399999999467e+02,6.190555900000000520e+02,6.771909000000000560e+02,6.882818300000000136e+02,6.300937300000000505e+02
3.353939399999999793e+00,1.958597800000000007e+03,1.433157600000000002e+03,1.145482299999999896e+03,5.267221600000000308e+02,6.167069500000000062e+02,6.748621699999999919e+02,6.862227599999999939e+02,6.282289100000000417e+02
3.355959599999999821e+00,1.956170200000000023e+03,1.430674600000000055e+03,1.142877400000000080e+03,5.233626299999999674e+02,6.143131200000000263e+02,6.725106200000000172e+02,6.841466500000000224e+02,6.264243800000000419e+02
3.357979799999999848e+00,1.953762400000000071e+03,1.428213799999999992e+03,1.140274300000000039e+03,5.201154800000000478e+02,6.118708900000000313e+02,6.701192600000000539e+02,6.820344800000000305e+02,6.246482899999999745e+02
3.359999999999999876e+00,1.951316399999999931e+03,1.425727499999999964e+03,1.137641399999999976e+03,5.169414299999999685e+02,6.094021000000000186e+02,6.677207899999999654e+02,6.799151900000000524e+02,6.229150700000000143e+02
3.362222200000000161e+00,1.948695600000000013e+03,1.422668799999999919e+03,1.136045299999999997e+03,5.205342299999999796e+02,6.046254000000000133e+02,6.643737800000000107e+02,6.771155499999999847e+02,6.238128400000000511e+02
3.364444400000000002e+00,1.946223500000000058e+03,1.420082400000000007e+03,1.133428300000000036e+03,5.171206300000000056e+02,6.018016400000000203e+02,6.617773399999999810e+02,6.748206699999999501e+02,6.220860099999999875e+02
3.366666700000000123e+00,1.943639499999999998e+03,1.417543799999999919e+03,1.130822100000000091e+03,5.130889600000000428e+02,5.991910199999999804e+02,6.592373599999999669e+02,6.725534099999999853e+02,6.200029500000000553e+02
3.368888899999999964e+00,1.940864499999999907e+03,1.414932700000000068e+03,1.128122699999999895e+03,5.091734900000000152e+02,5.965653300000000172e+02,6.566960199999999759e+02,6.702991399999999658e+02,6.179419799999999441e+02
3.371111099999999805e+00,1.938232400000000098e+03,1.412128899999999931e+03,1.125182399999999916e+03,5.053332300000000146e+02,5.938678700000000390e+02,6.541121299999999792e+02,6.680097399999999652e+02,6.158966900000000351e+02
3.373333300000000090e+00,1.935793699999999944e+03,1.409354299999999967e+03,1.122242700000000013e+03,5.016680999999999813e+02,5.911427899999999909e+02,6.515046599999999444e+02,6.656962700000000268e+02,6.138751099999999497e+02
3.375555600000000211e+00,1.933310400000000072e+03,1.406643600000000106e+03,1.119349600000000009e+03,4.981354299999999853e+02,5.883871199999999817e+02,6.488816000000000486e+02,6.633735699999999724e+02,6.118899400000000242e+02
3.377777800000000052e+00,1.930622000000000071e+03,1.403904500000000098e+03,1.116431399999999940e+03,4.946670100000000048e+02,5.855958900000000540e+02,6.462407299999999850e+02,6.610359700000000203e+02,6.099199800000000096e+02
3.379999999999999893e+00,1.927952700000000050e+03,1.401222999999999956e+03,1.113559299999999894e+03,4.912812000000000126e+02,5.827816500000000133e+02,6.435806999999999789e+02,6.586790499999999611e+02,6.079743799999999965e+02
3.382499999999999840e+00,1.925048199999999952e+03,1.397878400000000056e+03,1.111881100000000060e+03,4.959284400000000232e+02,5.771767300000000205e+02,6.397473199999999451e+02,6.554096100000000433e+02,6.088824299999999994e+02
3.384999999999999787e+00,1.922089699999999993e+03,1.394849300000000085e+03,1.108914700000000039e+03,4.921363000000000056e+02,5.739030299999999443e+02,6.368193700000000490e+02,6.528093000000000075e+02,6.068734699999999975e+02
3.387500000000000178e+00,1.919209000000000060e+03,1.391900100000000066e+03,1.105879200000000083e+03,4.874998299999999745e+02,5.708887499999999591e+02,6.339721700000000055e+02,6.502682899999999790e+02,6.045036400000000185e+02
3.390000000000000124e+00,1.916079199999999901e+03,1.388729199999999992e+03,1.102588700000000017e+03,4.828897699999999986e+02,5.678211400000000140e+02,6.310958699999999908e+02,6.477106499999999869e+02,6.020846599999999853e+02
3.392500000000000071e+00,1.913128999999999905e+03,1.385682000000000016e+03,1.099406300000000101e+03,4.786192399999999907e+02,5.647293399999999792e+02,6.281849399999999832e+02,6.451235699999999724e+02,5.997086100000000215e+02
3.395000000000000018e+00,1.910105600000000095e+03,1.382618699999999990e+03,1.096170200000000023e+03,4.745004099999999880e+02,5.615829199999999446e+02,6.252272199999999884e+02,6.424935400000000527e+02,5.973333800000000338e+02
3.397499999999999964e+00,1.907188300000000027e+03,1.379755000000000109e+03,1.093041999999999916e+03,4.705656000000000176e+02,5.584031599999999571e+02,6.222293600000000424e+02,6.398119799999999486e+02,5.949571600000000444e+02
3.399999999999999911e+00,1.904192800000000034e+03,1.376721299999999928e+03,1.089801099999999906e+03,4.667037900000000263e+02,5.551909000000000560e+02,6.192349799999999505e+02,6.371344800000000532e+02,5.926160200000000486e+02
3.402499999999999858e+00,1.901226499999999987e+03,1.373693999999999960e+03,1.086563300000000027e+03,4.629209999999999923e+02,5.519585700000000088e+02,6.162375200000000177e+02,6.344454299999999876e+02,5.902952299999999468e+02
3.404999999999999805e+00,1.898240000000000009e+03,1.370637799999999970e+03,1.083276100000000042e+03,4.591396399999999858e+02,5.486895799999999781e+02,6.132338799999999992e+02,6.317403000000000475e+02,5.879629700000000412e+02
3.407500000000000195e+00,1.895230399999999918e+03,1.367585600000000113e+03,1.080021400000000085e+03,4.554443200000000047e+02,5.454047399999999470e+02,6.102256099999999606e+02,6.290187600000000430e+02,5.856190800000000536e+02
3.410000000000000142e+00,1.892246699999999919e+03,1.364566499999999905e+03,1.076802300000000059e+03,4.518070000000000164e+02,5.421095599999999877e+02,6.072218800000000556e+02,6.262914100000000417e+02,5.832805600000000368e+02
3.412500000000000089e+00,1.889309999999999945e+03,1.361585399999999936e+03,1.073599999999999909e+03,4.481892700000000218e+02,5.388176700000000210e+02,6.042303699999999935e+02,6.235573000000000548e+02,5.809125500000000102e+02
3.415000000000000036e+00,1.886391200000000026e+03,1.358594200000000001e+03,1.070369500000000016e+03,4.445817000000000121e+02,5.355072699999999486e+02,6.012490299999999479e+02,6.208294799999999896e+02,5.785501100000000179e+02
3.417499999999999982e+00,1.883489399999999932e+03,1.355652900000000045e+03,1.067249199999999973e+03,4.410426100000000247e+02,5.322102499999999736e+02,5.982921400000000176e+02,6.181199699999999666e+02,5.762015699999999470e+02
3.419999999999999929e+00,1.880669000000000096e+03,1.352836299999999937e+03,1.064210700000000088e+03,4.375408300000000281e+02,5.288957400000000462e+02,5.953364199999999755e+02,6.154118899999999712e+02,5.738710200000000441e+02
3.422222200000000214e+00,1.878001099999999951e+03,1.350616700000000037e+03,1.059742999999999938e+03,4.251080600000000231e+02,5.284716600000000426e+02,5.936060199999999440e+02,6.137422900000000254e+02,5.687191400000000385e+02
3.424444400000000055e+00,1.875186799999999948e+03,1.347823000000000093e+03,1.056497399999999971e+03,4.220722299999999905e+02,5.256117199999999912e+02,5.909464400000000524e+02,6.112855200000000195e+02,5.664504100000000335e+02
3.426666700000000176e+00,1.872513699999999972e+03,1.345106199999999944e+03,1.053464400000000069e+03,4.200818499999999744e+02,5.224608200000000124e+02,5.881776200000000472e+02,6.087086500000000342e+02,5.644718800000000556e+02
3.428888900000000017e+00,1.869983600000000024e+03,1.342532999999999902e+03,1.050617400000000089e+03,4.179857299999999896e+02,5.193153800000000047e+02,5.854612700000000132e+02,6.061864500000000362e+02,5.626047499999999673e+02
3.431111099999999858e+00,1.867361699999999928e+03,1.339891300000000001e+03,1.047739299999999957e+03,4.155918199999999842e+02,5.161764100000000326e+02,5.827665200000000141e+02,6.036727499999999509e+02,5.606584800000000541e+02
3.433333300000000143e+00,1.864844399999999951e+03,1.337356199999999944e+03,1.044989299999999957e+03,4.130837300000000027e+02,5.130982400000000325e+02,5.801226799999999457e+02,6.011988000000000056e+02,5.586926999999999452e+02
3.435555599999999821e+00,1.862217000000000098e+03,1.334719200000000001e+03,1.042193899999999985e+03,4.104102300000000128e+02,5.100479000000000269e+02,5.775031999999999925e+02,5.987410300000000234e+02,5.567090299999999843e+02
3.437777800000000106e+00,1.859637500000000045e+03,1.332137799999999970e+03,1.039475599999999986e+03,4.077012599999999907e+02,5.070361399999999890e+02,5.749083900000000540e+02,5.962981399999999894e+02,5.546808200000000397e+02
3.439999999999999947e+00,1.857093699999999899e+03,1.329567199999999957e+03,1.036749600000000100e+03,4.049111500000000206e+02,5.040585500000000252e+02,5.723293499999999767e+02,5.938786599999999680e+02,5.526290099999999939e+02
3.442222199999999788e+00,1.854580500000000029e+03,1.327018299999999954e+03,1.034046499999999924e+03,4.020725400000000036e+02,5.010732800000000111e+02,5.697549699999999575e+02,5.914589099999999462e+02,5.505592100000000073e+02
3.444444400000000073e+00,1.852063599999999951e+03,1.324463299999999890e+03,1.031345700000000079e+03,3.992089500000000157e+02,4.981139099999999758e+02,5.671897000000000162e+02,5.890433399999999438e+02,5.484611999999999625e+02
3.446666700000000194e+00,1.849592000000000098e+03,1.321946899999999914e+03,1.028688799999999901e+03,3.963553400000000124e+02,4.951883900000000267e+02,5.646335299999999506e+02,5.866276599999999917e+02,5.463283699999999499e+02
3.448888900000000035e+00,1.847022699999999986e+03,1.319330600000000004e+03,1.025941800000000057e+03,3.934355899999999906e+02,4.922764999999999986e+02,5.620852599999999484e+02,5.842173900000000231e+02,5.441756900000000314e+02
3.451111099999999876e+00,1.844495300000000043e+03,1.316759800000000041e+03,1.023248299999999972e+03,3.905518500000000017e+02,4.894138500000000249e+02,5.595606800000000476e+02,5.818257499999999709e+02,5.420294499999999971e+02
3.453333300000000161e+00,1.841969200000000001e+03,1.314185500000000047e+03,1.020556100000000015e+03,3.876755800000000249e+02,4.865834300000000212e+02,5.570510100000000193e+02,5.794467499999999518e+02,5.398844500000000153e+02
3.455555599999999838e+00,1.839445400000000063e+03,1.311608999999999924e+03,1.017863699999999994e+03,3.847935899999999947e+02,4.837653700000000185e+02,5.545457400000000234e+02,5.770721700000000283e+02,5.377504599999999755e+02
3.457777800000000124e+00,1.836919900000000098e+03,1.309027700000000095e+03,1.015166799999999967e+03,3.818852699999999913e+02,4.808581300000000169e+02,5.520159800000000132e+02,5.746789800000000241e+02,5.355926699999999983e+02
3.459999999999999964e+00,1.834410900000000083e+03,1.306461199999999963e+03,1.012487600000000043e+03,3.790065099999999916e+02,4.779923800000000256e+02,5.494955999999999676e+02,5.722915600000000040e+02,5.334511400000000094e+02
3.462222199999999805e+00,1.831900200000000041e+03,1.303893399999999929e+03,1.009809600000000046e+03,3.761361299999999801e+02,4.751164800000000241e+02,5.469754000000000360e+02,5.698975299999999606e+02,5.313001199999999926e+02
3.464444400000000091e+00,1.829391000000000076e+03,1.301332699999999932e+03,1.007143900000000031e+03,3.732904199999999832e+02,4.722754800000000159e+02,5.444612399999999752e+02,5.675011100000000397e+02,5.291408500000000004e+02
3.466666700000000212e+00,1.826862699999999904e+03,1.298748599999999897e+03,1.004456000000000017e+03,3.704388999999999896e+02,4.694336700000000064e+02,5.419519099999999980e+02,5.651091599999999744e+02,5.269842499999999745e+02
3.468888900000000053e+00,1.824356299999999919e+03,1.296186899999999923e+03,1.001792699999999968e+03,3.676203300000000240e+02,4.666198499999999854e+02,5.394523199999999861e+02,5.627229899999999816e+02,5.248324199999999564e+02
3.471111099999999894e+00,1.821866999999999962e+03,1.293640599999999949e+03,9.991453599999999824e+02,3.648279999999999745e+02,4.638383799999999724e+02,5.369766200000000254e+02,5.603495500000000220e+02,5.226837299999999686e+02
3.473333300000000179e+00,1.819372000000000071e+03,1.291087600000000066e+03,9.964951300000000174e+02,3.620425200000000245e+02,4.610545599999999808e+02,5.344766799999999876e+02,5.579623699999999644e+02,5.205281300000000329e+02
3.475555599999999856e+00,1.816926999999999907e+03,1.288583499999999958e+03,9.938834000000000515e+02,3.592475900000000024e+02,4.583366399999999885e+02,5.320005499999999756e+02,5.555920700000000352e+02,5.183952299999999696e+02
3.477777800000000141e+00,1.814454799999999977e+03,1.286053200000000061e+03,9.912549400000000333e+02,3.564477800000000229e+02,4.556524600000000191e+02,5.295182200000000421e+02,5.532106499999999869e+02,5.162363599999999906e+02
3.479999999999999982e+00,1.812005499999999984e+03,1.283548199999999952e+03,9.886529100000000199e+02,3.536810199999999895e+02,4.530011999999999830e+02,5.270470800000000509e+02,5.508304299999999785e+02,5.140770400000000109e+02
3.482499999999999929e+00,1.809294599999999946e+03,1.280229700000000093e+03,9.874522299999999859e+02,3.594411200000000122e+02,4.477009499999999775e+02,5.233161199999999553e+02,5.473574700000000348e+02,5.143204600000000255e+02
3.484999999999999876e+00,1.806765200000000050e+03,1.277574100000000044e+03,9.849705400000000282e+02,3.563640300000000138e+02,4.447171399999999721e+02,5.206193100000000413e+02,5.447506399999999758e+02,5.120672799999999825e+02
3.487499999999999822e+00,1.804128600000000006e+03,1.274875800000000027e+03,9.822644000000000233e+02,3.522978400000000079e+02,4.419932999999999765e+02,5.180470100000000002e+02,5.422690499999999929e+02,5.095218300000000227e+02
3.490000000000000213e+00,1.801399599999999964e+03,1.272108300000000099e+03,9.795277899999999818e+02,3.484628200000000220e+02,4.392912099999999782e+02,5.154449299999999994e+02,5.397541400000000067e+02,5.069277500000000032e+02
3.492500000000000160e+00,1.798641000000000076e+03,1.269248299999999972e+03,9.765654600000000300e+02,3.448633600000000001e+02,4.365773899999999799e+02,5.128087000000000444e+02,5.372080799999999954e+02,5.043497899999999845e+02
3.495000000000000107e+00,1.795876899999999978e+03,1.266413399999999911e+03,9.736397299999999859e+02,3.414608600000000251e+02,4.338488199999999892e+02,5.101392000000000166e+02,5.346298799999999574e+02,5.017981700000000274e+02
3.497500000000000053e+00,1.793101200000000063e+03,1.263586999999999989e+03,9.706841899999999441e+02,3.381913900000000126e+02,4.311106599999999958e+02,5.074578000000000202e+02,5.320370699999999715e+02,4.992775899999999751e+02
3.500000000000000000e+00,1.790306700000000092e+03,1.260653399999999920e+03,9.677226200000000063e+02,3.350572900000000232e+02,4.283704700000000116e+02,5.047664500000000203e+02,5.294316499999999905e+02,4.967824400000000082e+02
3.501999999999999780e+00,1.788103900000000067e+03,1.259483099999999922e+03,9.620889300000000048e+02,3.138677299999999946e+02,4.310598299999999767e+02,5.048187399999999911e+02,5.292199600000000146e+02,4.894036600000000021e+02
3.504000000000000004e+00,1.785507900000000063e+03,1.256931299999999965e+03,9.588982200000000375e+02,3.116834099999999808e+02,4.290043299999999817e+02,5.024905999999999722e+02,5.269782099999999900e+02,4.870772200000000112e+02
3.506285699999999839e+00,1.782925199999999904e+03,1.253633399999999938e+03,9.580733099999999922e+02,3.226254200000000196e+02,4.231419300000000021e+02,4.982411799999999857e+02,5.230312900000000127e+02,4.884072899999999890e+02
3.508571400000000118e+00,1.780701900000000023e+03,1.251313699999999926e+03,9.558404600000000073e+02,3.219593199999999911e+02,4.201714000000000055e+02,4.955041200000000003e+02,5.203567399999999452e+02,4.867545999999999822e+02
3.510857099999999953e+00,1.778397400000000061e+03,1.248996499999999969e+03,9.534743700000000217e+02,3.195627999999999815e+02,4.175917299999999841e+02,4.930379300000000171e+02,5.179275099999999838e+02,4.847099200000000110e+02
3.513142900000000068e+00,1.776010600000000068e+03,1.246603699999999890e+03,9.510405700000000024e+02,3.170244200000000205e+02,4.151019099999999753e+02,4.906503599999999778e+02,5.155572700000000168e+02,4.825944400000000201e+02
3.515428599999999904e+00,1.773583000000000084e+03,1.244167400000000043e+03,9.485745399999999563e+02,3.145449699999999780e+02,4.126263400000000274e+02,4.882152899999999818e+02,5.131590700000000425e+02,4.804446100000000115e+02
3.517714300000000183e+00,1.771239000000000033e+03,1.241787199999999984e+03,9.461276900000000296e+02,3.121362599999999929e+02,4.101728699999999890e+02,4.857951699999999846e+02,5.107720299999999725e+02,4.783005400000000122e+02
3.520000000000000018e+00,1.768825199999999995e+03,1.239345299999999952e+03,9.436437700000000177e+02,3.097639800000000037e+02,4.077178400000000238e+02,4.833194700000000239e+02,5.083538899999999785e+02,4.761556499999999801e+02
3.522222199999999859e+00,1.766483600000000024e+03,1.237117700000000013e+03,9.408280899999999747e+02,3.052798300000000040e+02,4.059453700000000254e+02,4.812048700000000281e+02,5.062431300000000078e+02,4.734371899999999869e+02
3.524444400000000144e+00,1.764082400000000007e+03,1.234705600000000004e+03,9.383278699999999617e+02,3.030630499999999756e+02,4.036099199999999882e+02,4.787863600000000019e+02,5.038871500000000196e+02,4.713430700000000115e+02
3.526666699999999821e+00,1.761741400000000112e+03,1.232338199999999915e+03,9.359173299999999927e+02,3.011383700000000090e+02,4.012306800000000067e+02,4.763505700000000047e+02,5.015108900000000176e+02,4.693219700000000216e+02
3.528888900000000106e+00,1.759442199999999957e+03,1.230011099999999942e+03,9.335569900000000416e+02,2.992028300000000058e+02,3.988679399999999760e+02,4.739392500000000155e+02,4.991590800000000172e+02,4.673206999999999880e+02
3.531111099999999947e+00,1.757149200000000064e+03,1.227695600000000013e+03,9.312200199999999768e+02,2.972272699999999759e+02,3.965295899999999847e+02,4.715636000000000081e+02,4.968491200000000276e+02,4.653270400000000109e+02
3.533333299999999788e+00,1.754871399999999994e+03,1.225395600000000059e+03,9.289051699999999983e+02,2.952216599999999858e+02,3.942092900000000100e+02,4.691865099999999984e+02,4.945172900000000027e+02,4.633235900000000242e+02
3.535555599999999909e+00,1.752602699999999913e+03,1.223104800000000068e+03,9.266054199999999810e+02,2.931959100000000262e+02,3.919086500000000228e+02,4.668292900000000145e+02,4.922054400000000101e+02,4.613258900000000153e+02
3.537777800000000195e+00,1.750324299999999994e+03,1.220804100000000062e+03,9.243015500000000202e+02,2.911483900000000062e+02,3.896297599999999761e+02,4.644907200000000103e+02,4.899103600000000256e+02,4.593317400000000248e+02
3.540000000000000036e+00,1.748083800000000110e+03,1.218539600000000064e+03,9.220359399999999823e+02,2.891156500000000165e+02,3.873746699999999805e+02,4.621739799999999718e+02,4.876369700000000194e+02,4.573426299999999856e+02
3.542499999999999982e+00,1.745558500000000095e+03,1.215437799999999925e+03,9.211939499999999725e+02,2.955195499999999811e+02,3.824723599999999806e+02,4.583409700000000271e+02,4.840870800000000145e+02,4.575779400000000123e+02
3.544999999999999929e+00,1.743203299999999899e+03,1.212998399999999947e+03,9.190396899999999505e+02,2.931484600000000000e+02,3.798996900000000210e+02,4.558793600000000197e+02,4.816675599999999804e+02,4.554967100000000073e+02
3.547499999999999876e+00,1.740799299999999903e+03,1.210564699999999903e+03,9.167108200000000124e+02,2.898299799999999777e+02,3.775982500000000073e+02,4.535608399999999847e+02,4.793985900000000129e+02,4.531655400000000213e+02
3.549999999999999822e+00,1.738331599999999980e+03,1.208062200000000075e+03,9.142788699999999835e+02,2.866806399999999826e+02,3.753274799999999800e+02,4.512095299999999725e+02,4.771124800000000050e+02,4.508192500000000109e+02
3.552500000000000213e+00,1.735856600000000071e+03,1.205548700000000053e+03,9.118136299999999892e+02,2.837875199999999722e+02,3.730344799999999736e+02,4.488019400000000019e+02,4.747833800000000224e+02,4.484774400000000014e+02
3.555000000000000160e+00,1.733379300000000057e+03,1.203031300000000101e+03,9.093275599999999486e+02,2.810825500000000261e+02,3.707158900000000017e+02,4.463572700000000282e+02,4.724245799999999917e+02,4.461646900000000073e+02
3.557500000000000107e+00,1.730958000000000084e+03,1.200570699999999988e+03,9.068794100000000071e+02,2.785373299999999972e+02,3.683805800000000090e+02,4.438964599999999905e+02,4.700539299999999798e+02,4.438860799999999927e+02
3.560000000000000053e+00,1.728502799999999979e+03,1.198094800000000077e+03,9.044082600000000411e+02,2.760837799999999902e+02,3.660275500000000193e+02,4.414220700000000193e+02,4.676678400000000124e+02,4.416198999999999728e+02
3.562857099999999999e+00,1.725657600000000002e+03,1.194675799999999981e+03,9.031807599999999638e+02,2.824645399999999995e+02,3.608237199999999802e+02,4.371891699999999901e+02,4.637420299999999997e+02,4.415439799999999764e+02
3.566285699999999892e+00,1.722491400000000112e+03,1.190791500000000042e+03,9.021360300000000052e+02,2.899148000000000138e+02,3.545375300000000038e+02,4.322732799999999997e+02,4.591449099999999817e+02,4.415533800000000042e+02
3.569714299999999785e+00,1.719494599999999991e+03,1.187730499999999893e+03,8.995694799999999987e+02,2.854849399999999946e+02,3.513823199999999929e+02,4.293736799999999789e+02,4.562828999999999837e+02,4.385809800000000109e+02
3.573142900000000122e+00,1.716443199999999933e+03,1.184649200000000064e+03,8.966803300000000263e+02,2.801837100000000191e+02,3.485584499999999935e+02,4.265542199999999866e+02,4.535053700000000276e+02,4.352985699999999838e+02
3.576571400000000178e+00,1.713177300000000059e+03,1.181387899999999945e+03,8.935837699999999586e+02,2.754135999999999740e+02,3.457137799999999856e+02,4.236246899999999869e+02,4.506383799999999837e+02,4.320166800000000080e+02
3.580000000000000071e+00,1.710140900000000101e+03,1.178289899999999989e+03,8.905377999999999474e+02,2.712450400000000172e+02,3.427758000000000038e+02,4.205621199999999931e+02,4.476485700000000065e+02,4.288160100000000057e+02
3.584000000000000075e+00,1.706269199999999955e+03,1.173948000000000093e+03,8.879830600000000231e+02,2.756614700000000084e+02,3.369640200000000050e+02,4.154347999999999956e+02,4.427405400000000100e+02,4.273318399999999997e+02
3.588000000000000078e+00,1.702984999999999900e+03,1.170571500000000015e+03,8.848530899999999519e+02,2.714994199999999864e+02,3.333562299999999823e+02,4.119499400000000264e+02,4.393155800000000113e+02,4.239193099999999959e+02
3.592000000000000082e+00,1.699638999999999896e+03,1.167155799999999999e+03,8.815812700000000177e+02,2.666243999999999801e+02,3.300243600000000015e+02,4.085887299999999982e+02,4.360084899999999948e+02,4.203402500000000259e+02
3.596000000000000085e+00,1.696270500000000084e+03,1.163776499999999942e+03,8.782358900000000403e+02,2.622047800000000279e+02,3.267247800000000097e+02,4.051564300000000003e+02,4.326277000000000044e+02,4.167880499999999984e+02
3.600000000000000089e+00,1.692962199999999939e+03,1.160566000000000031e+03,8.749182200000000194e+02,2.582456399999999803e+02,3.233950500000000261e+02,4.016484600000000000e+02,4.291751199999999926e+02,4.132880700000000047e+02
3.604999999999999982e+00,1.688508800000000065e+03,1.155574499999999944e+03,8.719674099999999726e+02,2.651122300000000109e+02,3.162746599999999830e+02,3.951911999999999807e+02,4.228729299999999967e+02,4.116937699999999722e+02
3.609999999999999876e+00,1.684810500000000047e+03,1.151880300000000034e+03,8.685381399999999985e+02,2.605688599999999724e+02,3.120782100000000128e+02,3.910498900000000049e+02,4.187407099999999787e+02,4.076946599999999989e+02
3.615000000000000213e+00,1.680994999999999891e+03,1.148108600000000024e+03,8.648811399999999594e+02,2.549484400000000051e+02,3.082828000000000088e+02,3.870995899999999779e+02,4.147883499999999799e+02,4.035399199999999951e+02
3.620000000000000107e+00,1.677191700000000083e+03,1.144327900000000000e+03,8.611560799999999745e+02,2.499219400000000064e+02,3.046163500000000113e+02,3.830796599999999899e+02,4.107584499999999821e+02,3.994029699999999821e+02
3.625000000000000000e+00,1.673452700000000050e+03,1.140590999999999894e+03,8.574149400000000014e+02,2.454260800000000131e+02,3.009523199999999861e+02,3.789594700000000103e+02,4.066421399999999835e+02,3.953439200000000255e+02
3.629999999999999893e+00,1.669777399999999943e+03,1.136905400000000100e+03,8.536811300000000529e+02,2.412536900000000060e+02,2.972125800000000027e+02,3.747937699999999950e+02,4.024963399999999751e+02,3.913683399999999892e+02
3.634999999999999787e+00,1.666125700000000052e+03,1.133265599999999949e+03,8.499853299999999763e+02,2.373407599999999888e+02,2.934444899999999734e+02,3.706160499999999729e+02,3.983352800000000116e+02,3.873754900000000134e+02
3.640000000000000124e+00,1.662577399999999898e+03,1.129727900000000091e+03,8.463804599999999709e+02,2.337053200000000004e+02,2.898535200000000032e+02,3.664655300000000011e+02,3.941877600000000257e+02,3.834500800000000140e+02
3.645000000000000018e+00,1.659124800000000050e+03,1.126290600000000040e+03,8.428683700000000272e+02,2.302168599999999969e+02,2.862915100000000166e+02,3.623426200000000108e+02,3.900891300000000115e+02,3.796053400000000124e+02
3.649999999999999911e+00,1.655707300000000032e+03,1.122894199999999955e+03,8.393982200000000375e+02,2.268569099999999992e+02,2.828438199999999938e+02,3.582553899999999771e+02,3.860404100000000085e+02,3.758463800000000106e+02
3.654999999999999805e+00,1.652378500000000031e+03,1.119586999999999989e+03,8.360186800000000176e+02,2.236058899999999880e+02,2.794669099999999844e+02,3.542058299999999917e+02,3.820527700000000095e+02,3.722043100000000209e+02
3.660000000000000142e+00,1.649102399999999989e+03,1.116339500000000044e+03,8.327071300000000065e+02,2.204479200000000105e+02,2.761716900000000123e+02,3.501949799999999868e+02,3.781214400000000069e+02,3.686642699999999877e+02
3.665000000000000036e+00,1.645899100000000089e+03,1.113159400000000005e+03,8.294653799999999819e+02,2.173760800000000017e+02,2.729323099999999727e+02,3.462164099999999962e+02,3.742384799999999814e+02,3.652069000000000187e+02
3.669999999999999929e+00,1.642839899999999943e+03,1.110116099999999960e+03,8.263558299999999690e+02,2.144236300000000028e+02,2.697719900000000166e+02,3.422767299999999864e+02,3.704010499999999979e+02,3.617854100000000130e+02
3.674999999999999822e+00,1.639765900000000101e+03,1.107066800000000057e+03,8.232577199999999493e+02,2.115275499999999909e+02,2.666815000000000282e+02,3.383775299999999788e+02,3.666016500000000065e+02,3.584152399999999830e+02
3.680000000000000160e+00,1.636763899999999921e+03,1.104076099999999997e+03,8.202237800000000334e+02,2.087224999999999966e+02,2.636409199999999942e+02,3.345254299999999716e+02,3.628566900000000146e+02,3.551485999999999876e+02
3.685000000000000053e+00,1.633684500000000071e+03,1.101040600000000040e+03,8.171706599999999980e+02,2.059356899999999939e+02,2.605881299999999783e+02,3.307024999999999864e+02,3.591412500000000136e+02,3.519047400000000039e+02
3.689999999999999947e+00,1.630763799999999947e+03,1.098141699999999901e+03,8.142448500000000422e+02,2.032516099999999994e+02,2.575453400000000101e+02,3.269294699999999807e+02,3.554647299999999746e+02,3.487114000000000260e+02
3.694999999999999840e+00,1.627872299999999996e+03,1.095271899999999960e+03,8.113603799999999637e+02,2.006408199999999908e+02,2.545316100000000006e+02,3.232166900000000282e+02,3.518335099999999898e+02,3.456274500000000103e+02
3.700000000000000178e+00,1.625082599999999957e+03,1.092498599999999897e+03,8.085711499999999887e+02,1.981167399999999930e+02,2.516183800000000019e+02,3.195828500000000076e+02,3.482609100000000240e+02,3.426536600000000021e+02
3.704000000000000181e+00,1.623427899999999909e+03,1.091378999999999905e+03,8.051133599999999433e+02,1.836037100000000066e+02,2.511655199999999866e+02,3.184994399999999928e+02,3.474083999999999719e+02,3.377432699999999954e+02
3.708000000000000185e+00,1.620733999999999924e+03,1.088700000000000045e+03,8.020143799999999601e+02,1.821950400000000059e+02,2.488058800000000019e+02,3.154662400000000275e+02,3.443790000000000191e+02,3.352801699999999983e+02
3.712000000000000188e+00,1.618314800000000105e+03,1.086242999999999938e+03,7.993253499999999576e+02,1.821844000000000108e+02,2.461603000000000065e+02,3.122626000000000204e+02,3.411821699999999851e+02,3.332069200000000251e+02
3.716000000000000192e+00,1.616086700000000064e+03,1.084061799999999948e+03,7.970331999999999653e+02,1.817800000000000011e+02,2.435093400000000088e+02,3.091682000000000130e+02,3.380895499999999743e+02,3.311832600000000184e+02
3.720000000000000195e+00,1.614005400000000009e+03,1.082036200000000008e+03,7.949635799999999790e+02,1.809440899999999885e+02,2.409013500000000079e+02,3.062231899999999882e+02,3.351335399999999822e+02,3.291939699999999789e+02
3.724000000000000199e+00,1.611982600000000048e+03,1.080081300000000056e+03,7.930075100000000248e+02,1.798292299999999955e+02,2.383633700000000033e+02,3.034150999999999954e+02,3.322927999999999997e+02,3.272466400000000135e+02
3.728000000000000203e+00,1.609979299999999967e+03,1.078134000000000015e+03,7.910849200000000110e+02,1.785254500000000064e+02,2.358704400000000021e+02,3.006954099999999812e+02,3.295262799999999856e+02,3.253099399999999832e+02
3.732000000000000206e+00,1.607947899999999890e+03,1.076148300000000063e+03,7.891407000000000380e+02,1.770110999999999990e+02,2.334202400000000068e+02,2.980433499999999754e+02,3.268228100000000040e+02,3.233911499999999819e+02
3.736000000000000210e+00,1.605935699999999997e+03,1.074164500000000089e+03,7.872072600000000193e+02,1.754352100000000121e+02,2.310061000000000035e+02,2.954494300000000067e+02,3.241731500000000210e+02,3.214953899999999862e+02
3.740000000000000213e+00,1.603956799999999930e+03,1.072222400000000107e+03,7.853166899999999941e+02,1.738018399999999986e+02,2.286285699999999963e+02,2.928936899999999923e+02,3.215704999999999814e+02,3.196254099999999880e+02
3.744000000000000217e+00,1.601980299999999943e+03,1.070267399999999952e+03,7.834172600000000557e+02,1.721274699999999882e+02,2.262872900000000129e+02,2.903835599999999886e+02,3.189870599999999854e+02,3.177644399999999791e+02
3.748000000000000220e+00,1.599977200000000039e+03,1.068282500000000027e+03,7.814978099999999586e+02,1.704053499999999985e+02,2.239272400000000118e+02,2.878702299999999923e+02,3.164292300000000182e+02,3.159320000000000164e+02
3.751999999999999780e+00,1.597930499999999938e+03,1.066262699999999995e+03,7.795610000000000355e+02,1.686632099999999923e+02,2.216530099999999948e+02,2.854209500000000048e+02,3.139133699999999862e+02,3.141233700000000226e+02
3.755999999999999783e+00,1.595915899999999965e+03,1.064259800000000041e+03,7.776307600000000093e+02,1.669105299999999943e+02,2.194330600000000118e+02,2.830236300000000256e+02,3.114495900000000006e+02,3.123320400000000063e+02
3.759999999999999787e+00,1.593962899999999991e+03,1.062308999999999969e+03,7.757441400000000158e+02,1.651601400000000126e+02,2.172938000000000045e+02,2.806877000000000066e+02,3.090296500000000037e+02,3.105712199999999825e+02
3.763999999999999790e+00,1.591983600000000024e+03,1.060334800000000087e+03,7.738360199999999622e+02,1.633886200000000031e+02,2.152177599999999984e+02,2.784042000000000030e+02,3.066459300000000212e+02,3.088302299999999718e+02
3.767999999999999794e+00,1.590000399999999900e+03,1.058355900000000020e+03,7.719234300000000530e+02,1.616072399999999902e+02,2.131979399999999885e+02,2.761595399999999927e+02,3.042883400000000051e+02,3.071107600000000275e+02
3.771999999999999797e+00,1.588077700000000050e+03,1.056422800000000052e+03,7.700415600000000040e+02,1.598196599999999989e+02,2.112360999999999933e+02,2.739497700000000009e+02,3.019494000000000256e+02,3.054179399999999873e+02
3.775999999999999801e+00,1.586223600000000033e+03,1.054548399999999901e+03,7.682049200000000155e+02,1.580333500000000129e+02,2.093324499999999944e+02,2.717615999999999872e+02,2.996285700000000247e+02,3.037347800000000007e+02
3.779999999999999805e+00,1.584286299999999983e+03,1.052597500000000082e+03,7.663011199999999690e+02,1.562418000000000120e+02,2.074725099999999998e+02,2.696101800000000139e+02,2.973366899999999760e+02,3.020760200000000282e+02
3.783999999999999808e+00,1.582426200000000108e+03,1.050708200000000033e+03,7.644450199999999995e+02,1.544728200000000129e+02,2.056589899999999886e+02,2.674984299999999848e+02,2.950527200000000221e+02,3.004297500000000127e+02
3.787999999999999812e+00,1.580547800000000052e+03,1.048802100000000110e+03,7.625703800000000001e+02,1.527103999999999928e+02,2.038639100000000042e+02,2.652410499999999729e+02,2.927592500000000086e+02,2.987921799999999735e+02
3.791999999999999815e+00,1.578673299999999927e+03,1.046909300000000030e+03,7.607264800000000378e+02,1.509707999999999970e+02,2.021002499999999884e+02,2.629803499999999872e+02,2.904681299999999737e+02,2.971693000000000211e+02
3.795999999999999819e+00,1.576811300000000074e+03,1.045023999999999887e+03,7.588794199999999819e+02,1.492583700000000135e+02,2.003646699999999896e+02,2.607401500000000283e+02,2.882147199999999998e+02,2.955543900000000122e+02
3.799999999999999822e+00,1.574991700000000037e+03,1.043175400000000081e+03,7.570677100000000337e+02,1.475877999999999872e+02,1.986386300000000062e+02,2.585381699999999796e+02,2.859994399999999928e+02,2.939523300000000177e+02
3.803999999999999826e+00,1.573101899999999887e+03,1.041274300000000039e+03,7.552192999999999756e+02,1.459331699999999898e+02,1.969193999999999960e+02,2.563786099999999806e+02,2.838249500000000012e+02,2.923564999999999827e+02
3.807999999999999829e+00,1.571220700000000079e+03,1.039379100000000108e+03,7.533755899999999883e+02,1.443109100000000069e+02,1.952021599999999921e+02,2.542487500000000011e+02,2.816842599999999948e+02,2.907705500000000143e+02
3.811999999999999833e+00,1.569445699999999988e+03,1.037591599999999971e+03,7.516381900000000087e+02,1.427664000000000044e+02,1.934851199999999949e+02,2.521397900000000050e+02,2.795727099999999723e+02,2.891881900000000201e+02
3.815999999999999837e+00,1.567670800000000099e+03,1.035800500000000056e+03,7.498994699999999511e+02,1.412620400000000132e+02,1.917569900000000018e+02,2.500549800000000005e+02,2.774963500000000067e+02,2.876287199999999871e+02
3.819999999999999840e+00,1.565865299999999934e+03,1.033993099999999913e+03,7.481576700000000528e+02,1.397906000000000120e+02,1.900090199999999925e+02,2.479885899999999879e+02,2.754473499999999717e+02,2.860807399999999916e+02
3.823333299999999824e+00,1.564776399999999967e+03,1.033307099999999991e+03,7.449080999999999904e+02,1.272229999999999990e+02,1.900142800000000136e+02,2.472463700000000131e+02,2.747718800000000101e+02,2.828980000000000246e+02
3.826666700000000088e+00,1.562888899999999921e+03,1.031461199999999963e+03,7.427583799999999883e+02,1.264229600000000033e+02,1.886405799999999999e+02,2.454497700000000009e+02,2.729804399999999873e+02,2.815694899999999734e+02
3.830000000000000071e+00,1.561285599999999931e+03,1.029860699999999952e+03,7.410634800000000268e+02,1.269574599999999975e+02,1.870468500000000063e+02,2.435840300000000127e+02,2.710562899999999900e+02,2.804538800000000265e+02
3.833333300000000055e+00,1.559906700000000001e+03,1.028518000000000029e+03,7.397045600000000150e+02,1.272428599999999932e+02,1.854382999999999981e+02,2.417470899999999858e+02,2.691691599999999767e+02,2.793218699999999899e+02
3.836666699999999874e+00,1.558540500000000065e+03,1.027208000000000084e+03,7.384498499999999694e+02,1.271853600000000029e+02,1.838294199999999989e+02,2.399766600000000096e+02,2.673766400000000090e+02,2.781804500000000075e+02
3.839999999999999858e+00,1.557240999999999985e+03,1.025965999999999894e+03,7.372863300000000208e+02,1.268969600000000071e+02,1.821983099999999922e+02,2.382210599999999943e+02,2.655750899999999888e+02,2.770093499999999835e+02
3.843999999999999861e+00,1.555297900000000027e+03,1.023688099999999963e+03,7.378238599999999678e+02,1.367608099999999922e+02,1.788548299999999927e+02,2.352577400000000125e+02,2.625064100000000167e+02,2.772978800000000206e+02
3.847999999999999865e+00,1.553989199999999983e+03,1.022399199999999951e+03,7.370149800000000369e+02,1.357214899999999886e+02,1.767648900000000083e+02,2.332825699999999927e+02,2.604450499999999806e+02,2.758613399999999842e+02
3.851999999999999869e+00,1.552616400000000112e+03,1.021059499999999957e+03,7.359412099999999555e+02,1.335004800000000103e+02,1.747871499999999969e+02,2.314017499999999927e+02,2.584993200000000115e+02,2.742384200000000192e+02
3.855999999999999872e+00,1.551093599999999924e+03,1.019547599999999989e+03,7.346329299999999876e+02,1.315124500000000012e+02,1.728062099999999930e+02,2.295371900000000096e+02,2.565778799999999933e+02,2.726522299999999746e+02
3.859999999999999876e+00,1.549496599999999944e+03,1.017949299999999994e+03,7.331970599999999649e+02,1.298284099999999910e+02,1.708003999999999962e+02,2.276627300000000105e+02,2.546436699999999860e+02,2.711003499999999917e+02
3.863999999999999879e+00,1.547886500000000069e+03,1.016332999999999970e+03,7.317149399999999559e+02,1.283667900000000088e+02,1.687837600000000009e+02,2.257846299999999928e+02,2.526953699999999969e+02,2.695681599999999776e+02
3.867999999999999883e+00,1.546326499999999896e+03,1.014769800000000032e+03,7.302618499999999813e+02,1.270634600000000063e+02,1.667553900000000056e+02,2.239012500000000045e+02,2.507364800000000002e+02,2.680543299999999931e+02
3.871999999999999886e+00,1.544765799999999899e+03,1.013214399999999955e+03,7.288064100000000280e+02,1.258678199999999947e+02,1.647169100000000128e+02,2.220202999999999918e+02,2.487754300000000001e+02,2.665636000000000081e+02
3.875999999999999890e+00,1.543314900000000080e+03,1.011754900000000021e+03,7.274212300000000369e+02,1.247763599999999968e+02,1.626697299999999871e+02,2.201393500000000074e+02,2.468055500000000109e+02,2.650974199999999996e+02
3.879999999999999893e+00,1.541843000000000075e+03,1.010290100000000052e+03,7.260272899999999936e+02,1.237437099999999930e+02,1.606164300000000082e+02,2.182629000000000019e+02,2.448336400000000026e+02,2.636442200000000184e+02
3.883999999999999897e+00,1.540353599999999915e+03,1.008819100000000049e+03,7.246272500000000036e+02,1.227482700000000051e+02,1.585594700000000046e+02,2.163873399999999947e+02,2.428567600000000084e+02,2.622131699999999910e+02
3.887999999999999901e+00,1.538897999999999911e+03,1.007386100000000056e+03,7.232621599999999944e+02,1.217927799999999934e+02,1.565055099999999868e+02,2.145100899999999911e+02,2.408729800000000125e+02,2.608037199999999984e+02
3.891999999999999904e+00,1.537386099999999942e+03,1.005899199999999951e+03,7.218536000000000286e+02,1.208531600000000026e+02,1.544581000000000017e+02,2.126329599999999971e+02,2.388875400000000013e+02,2.594027199999999880e+02
3.895999999999999908e+00,1.535826000000000022e+03,1.004369800000000055e+03,7.204168499999999540e+02,1.199218800000000016e+02,1.524212100000000021e+02,2.107522600000000068e+02,2.368959199999999896e+02,2.580098499999999717e+02
3.899999999999999911e+00,1.534367999999999938e+03,1.002929200000000037e+03,7.190511400000000322e+02,1.190215800000000002e+02,1.504017499999999927e+02,2.088697300000000041e+02,2.349009100000000103e+02,2.566191600000000221e+02
3.903999999999999915e+00,1.532915400000000091e+03,1.001503699999999981e+03,7.176938800000000356e+02,1.181220500000000015e+02,1.484038199999999961e+02,2.069843799999999874e+02,2.329005200000000002e+02,2.552322900000000061e+02
3.907999999999999918e+00,1.531484600000000000e+03,1.000095400000000041e+03,7.163541800000000421e+02,1.172353700000000032e+02,1.464291000000000054e+02,2.050972899999999868e+02,2.308980400000000088e+02,2.538514999999999873e+02
3.911999999999999922e+00,1.529983099999999922e+03,9.986241800000000239e+02,7.149635899999999538e+02,1.163344100000000054e+02,1.444820499999999868e+02,2.032077400000000011e+02,2.288864800000000059e+02,2.524471499999999935e+02
3.915999999999999925e+00,1.528502500000000055e+03,9.971647199999999884e+02,7.135835100000000466e+02,1.154324900000000014e+02,1.425697199999999896e+02,2.013083699999999965e+02,2.268553799999999967e+02,2.510653299999999888e+02
3.919999999999999929e+00,1.527005000000000109e+03,9.957019599999999855e+02,7.122011300000000347e+02,1.145213700000000046e+02,1.406880099999999914e+02,1.994040400000000091e+02,2.248124899999999968e+02,2.496637000000000057e+02
3.923999999999999932e+00,1.525486900000000105e+03,9.942185899999999492e+02,7.108054899999999634e+02,1.136043599999999998e+02,1.388490600000000086e+02,1.975062800000000038e+02,2.227708599999999990e+02,2.482666700000000048e+02
3.927999999999999936e+00,1.524032799999999952e+03,9.927849499999999807e+02,7.094440499999999474e+02,1.126927699999999959e+02,1.370467099999999903e+02,1.956081499999999949e+02,2.207414200000000051e+02,2.468737800000000107e+02
3.931999999999999940e+00,1.522689300000000003e+03,9.914473699999999781e+02,7.081653300000000399e+02,1.118078900000000004e+02,1.352914199999999880e+02,1.937106300000000090e+02,2.187302200000000028e+02,2.455040400000000034e+02
3.935999999999999943e+00,1.521322799999999916e+03,9.900985200000000077e+02,7.068739199999999983e+02,1.109185399999999930e+02,1.335792999999999893e+02,1.918113099999999918e+02,2.167334099999999921e+02,2.441387000000000000e+02
3.939999999999999947e+00,1.519914700000000039e+03,9.887136799999999539e+02,7.055570800000000418e+02,1.100226399999999956e+02,1.319092699999999923e+02,1.899076399999999865e+02,2.147475300000000118e+02,2.427911100000000033e+02
3.943999999999999950e+00,1.518498399999999947e+03,9.873198399999999992e+02,7.042344900000000507e+02,1.091207200000000057e+02,1.302881099999999890e+02,1.880025699999999915e+02,2.127740200000000073e+02,2.414609299999999905e+02
3.947999999999999954e+00,1.517087500000000091e+03,9.859347400000000334e+02,7.029173700000000053e+02,1.082150100000000066e+02,1.287120899999999892e+02,1.860941100000000006e+02,2.108095399999999984e+02,2.401419899999999927e+02
3.951999999999999957e+00,1.515760199999999941e+03,9.846237899999999854e+02,7.016576599999999644e+02,1.073217999999999961e+02,1.271842800000000011e+02,1.841832699999999932e+02,2.088525099999999952e+02,2.388137399999999957e+02
3.955999999999999961e+00,1.514398899999999912e+03,9.832837799999999788e+02,7.003717500000000200e+02,1.064180199999999985e+02,1.257032600000000002e+02,1.822693299999999965e+02,2.069024400000000128e+02,2.375005199999999945e+02
3.959999999999999964e+00,1.513075700000000097e+03,9.819847899999999754e+02,6.991221199999999953e+02,1.055315099999999973e+02,1.242671100000000024e+02,1.803512499999999932e+02,2.049562799999999925e+02,2.361738900000000001e+02
3.963999999999999968e+00,1.511687100000000100e+03,9.806258400000000393e+02,6.978253999999999451e+02,1.046380900000000054e+02,1.228838200000000001e+02,1.784369900000000086e+02,2.030210700000000088e+02,2.348503599999999949e+02
3.967999999999999972e+00,1.510297499999999900e+03,9.792771000000000186e+02,6.965394800000000259e+02,1.037472499999999940e+02,1.215490900000000067e+02,1.765176800000000128e+02,2.010833299999999895e+02,2.335308599999999899e+02
3.971999999999999975e+00,1.508946599999999989e+03,9.779629599999999527e+02,6.952842299999999796e+02,1.028780500000000018e+02,1.202492699999999957e+02,1.746026799999999923e+02,1.991548600000000135e+02,2.322046100000000024e+02
3.975999999999999979e+00,1.507626099999999951e+03,9.766810500000000275e+02,6.940581300000000056e+02,1.020159600000000069e+02,1.189843999999999937e+02,1.726868299999999863e+02,1.972300999999999931e+02,2.308723999999999990e+02
3.979999999999999982e+00,1.506257100000000037e+03,9.753538499999999658e+02,6.927909499999999525e+02,1.011440000000000055e+02,1.177588599999999985e+02,1.707755999999999972e+02,1.953136800000000051e+02,2.295431499999999971e+02
3.983999999999999986e+00,1.504913399999999911e+03,9.740591799999999694e+02,6.915593400000000202e+02,1.002881900000000002e+02,1.165687900000000070e+02,1.688671999999999969e+02,1.934016499999999894e+02,2.281937299999999880e+02
3.987999999999999989e+00,1.503591100000000097e+03,9.727912800000000288e+02,6.903594200000000001e+02,9.944074200000000019e+01,1.154127500000000026e+02,1.669649599999999907e+02,1.914988600000000076e+02,2.268729299999999967e+02
3.991999999999999993e+00,1.502267599999999902e+03,9.715048299999999699e+02,6.891120100000000548e+02,9.859704800000000091e+01,1.142858200000000011e+02,1.650695499999999925e+02,1.896043400000000076e+02,2.255885900000000106e+02
3.995999999999999996e+00,1.500941900000000032e+03,9.702344500000000380e+02,6.878956299999999828e+02,9.774948999999999444e+01,1.132070599999999985e+02,1.631846199999999953e+02,1.877192000000000007e+02,2.243715300000000070e+02
4.000000000000000000e+00,1.499614499999999907e+03,9.689632599999999911e+02,6.866730900000000020e+02,9.685319599999999696e+01,1.121073700000000031e+02,1.613066200000000094e+02,1.858301500000000033e+02,2.229617800000000045e+02
4.003999999999999559e+00,1.498275300000000016e+03,9.676938699999999471e+02,6.854602300000000241e+02,9.599293099999999868e+01,1.110904000000000025e+02,1.594359900000000039e+02,1.839468999999999994e+02,2.215222500000000139e+02
4.008000000000000007e+00,1.496923800000000028e+03,9.664106100000000197e+02,6.842268299999999499e+02,9.515538700000000460e+01,1.100743599999999986e+02,1.575905899999999917e+02,1.820751999999999953e+02,2.200952200000000119e+02
4.011999999999999567e+00,1.495650599999999940e+03,9.652082799999999452e+02,6.830701999999999998e+02,9.436918599999999913e+01,1.090957599999999985e+02,1.557414699999999925e+02,1.801978799999999978e+02,2.184731700000000103e+02
4.016000000000000014e+00,1.494421900000000051e+03,9.640592799999999443e+02,6.819619199999999637e+02,9.360949599999999293e+01,1.081500800000000027e+02,1.539179800000000000e+02,1.783506800000000112e+02,2.169966599999999914e+02
4.019999999999999574e+00,1.493114800000000059e+03,9.628309799999999541e+02,6.807797199999999975e+02,9.283703800000000683e+01,1.072339900000000057e+02,1.521050500000000056e+02,1.765150999999999897e+02,2.155240400000000136e+02
4.024000000000000021e+00,1.491777700000000095e+03,9.615704100000000381e+02,6.795646299999999655e+02,9.205657600000000684e+01,1.063431900000000070e+02,1.503047799999999938e+02,1.746864199999999983e+02,2.139685499999999934e+02
4.027999999999999581e+00,1.490493099999999913e+03,9.603683999999999514e+02,6.784015200000000050e+02,9.129603400000000590e+01,1.054813900000000046e+02,1.485320800000000077e+02,1.728818400000000111e+02,2.125130299999999863e+02
4.032000000000000028e+00,1.489287900000000036e+03,9.592461899999999559e+02,6.773053400000000011e+02,9.054561999999999955e+01,1.046388199999999955e+02,1.467688200000000052e+02,1.710763000000000034e+02,2.109925399999999911e+02
4.035999999999999588e+00,1.488049800000000005e+03,9.580958299999999781e+02,6.761871800000000121e+02,8.979185400000000072e+01,1.038182099999999934e+02,1.450257200000000068e+02,1.692799200000000042e+02,2.094627199999999903e+02
4.040000000000000036e+00,1.486794499999999971e+03,9.569357999999999720e+02,6.750612999999999602e+02,8.903120199999999329e+01,1.030158899999999988e+02,1.432982900000000086e+02,1.674881699999999967e+02,2.079211699999999894e+02
4.043999999999999595e+00,1.485495100000000093e+03,9.557381000000000313e+02,6.738973099999999476e+02,8.825248999999999455e+01,1.022319899999999961e+02,1.415889300000000048e+02,1.657014100000000099e+02,2.063481899999999882e+02
4.048000000000000043e+00,1.484223700000000008e+03,9.545680399999999963e+02,6.727460600000000568e+02,8.746991500000000030e+01,1.014659900000000050e+02,1.398977500000000020e+02,1.639203100000000006e+02,2.048045899999999904e+02
4.051999999999999602e+00,1.482951900000000023e+03,9.533838100000000395e+02,6.715840500000000475e+02,8.667242400000000657e+01,1.007177800000000047e+02,1.382294799999999952e+02,1.621493499999999983e+02,2.033103600000000029e+02
4.056000000000000050e+00,1.481659000000000106e+03,9.521605499999999438e+02,6.703892200000000230e+02,8.583902399999999489e+01,9.999190000000000111e+01,1.365764299999999878e+02,1.603754000000000133e+02,2.018094800000000077e+02
4.059999999999999609e+00,1.480478100000000040e+03,9.510819500000000062e+02,6.693152199999999539e+02,8.502641199999999344e+01,9.928616700000000606e+01,1.349431899999999871e+02,1.586105100000000050e+02,2.003135000000000048e+02
4.064000000000000057e+00,1.479158899999999903e+03,9.498543899999999667e+02,6.681002300000000105e+02,8.415507200000000410e+01,9.859888999999999726e+01,1.333358200000000124e+02,1.568517899999999941e+02,1.987585500000000138e+02
4.067999999999999616e+00,1.477906400000000076e+03,9.486942699999999604e+02,6.669548399999999901e+02,8.329768099999999720e+01,9.791407599999999434e+01,1.317401600000000030e+02,1.550919000000000096e+02,1.971722300000000132e+02
4.072000000000000064e+00,1.476625800000000027e+03,9.475171599999999899e+02,6.657924299999999675e+02,8.243561300000000358e+01,9.724517299999999409e+01,1.301731499999999926e+02,1.533401200000000131e+02,1.955069699999999955e+02
4.075999999999999623e+00,1.475359699999999975e+03,9.463592099999999618e+02,6.646378600000000461e+02,8.156560299999999586e+01,9.657609499999999514e+01,1.286161899999999889e+02,1.515834000000000117e+02,1.939280799999999942e+02
4.080000000000000071e+00,1.474104000000000042e+03,9.452104799999999614e+02,6.634929899999999634e+02,8.069911199999999951e+01,9.591849600000000464e+01,1.270895199999999932e+02,1.498361299999999972e+02,1.922976600000000076e+02
4.083999999999999631e+00,1.472845800000000054e+03,9.440588099999999940e+02,6.623400500000000193e+02,7.981908599999999865e+01,9.526362000000000307e+01,1.255675099999999986e+02,1.480818199999999933e+02,1.907648499999999956e+02
4.088000000000000078e+00,1.471604199999999992e+03,9.429342400000000453e+02,6.612078500000000076e+02,7.894276700000000346e+01,9.462529499999999416e+01,1.240788900000000012e+02,1.463506700000000080e+02,1.893609600000000057e+02
4.091999999999999638e+00,1.470388400000000047e+03,9.418210599999999886e+02,6.600861800000000130e+02,7.805991600000000119e+01,9.399631700000000478e+01,1.226003099999999932e+02,1.446099900000000105e+02,1.879733899999999949e+02
4.096000000000000085e+00,1.469114299999999957e+03,9.406691899999999578e+02,6.589233500000000276e+02,7.715996800000000633e+01,9.338175999999999988e+01,1.211484899999999953e+02,1.428852300000000071e+02,1.865821100000000001e+02
4.099999999999999645e+00,1.467825399999999945e+03,9.394918599999999742e+02,6.577329200000000355e+02,7.624334000000000344e+01,9.278010999999999342e+01,1.197278699999999958e+02,1.411621000000000095e+02,1.851804999999999950e+02
4.104000000000000092e+00,1.466574100000000044e+03,9.383481199999999944e+02,6.565600500000000466e+02,7.532053700000000163e+01,9.219167400000000612e+01,1.183443299999999994e+02,1.394481000000000108e+02,1.837800200000000075e+02
4.107999999999999652e+00,1.465314300000000003e+03,9.371976799999999912e+02,6.553754999999999882e+02,7.439498000000000388e+01,9.161320100000000366e+01,1.169870300000000043e+02,1.377400399999999934e+02,1.823881100000000117e+02
4.112000000000000099e+00,1.464045699999999897e+03,9.360590300000000070e+02,6.542089300000000094e+02,7.349520200000000614e+01,9.104215399999999647e+01,1.156547800000000024e+02,1.360397600000000011e+02,1.809825500000000034e+02
4.115999999999999659e+00,1.462723999999999933e+03,9.348566600000000335e+02,6.529736199999999826e+02,7.257333599999999763e+01,9.048563199999999540e+01,1.143480700000000070e+02,1.343475200000000029e+02,1.795642899999999997e+02
4.120000000000000107e+00,1.461526599999999917e+03,9.337744500000000016e+02,6.518306199999999535e+02,7.162577199999999777e+01,8.994890800000000297e+01,1.130650299999999930e+02,1.326636399999999867e+02,1.781342600000000118e+02
4.123999999999999666e+00,1.460177699999999959e+03,9.325157100000000128e+02,6.505514699999999948e+02,7.063947299999999530e+01,8.942304500000000189e+01,1.117931399999999940e+02,1.309864100000000064e+02,1.766910200000000088e+02
4.127200000000000202e+00,1.460369999999999891e+03,9.334014200000000301e+02,6.476438100000000304e+02,5.627550200000000302e+01,8.888842400000000055e+01,1.109865099999999956e+02,1.301039700000000039e+02,1.747344799999999907e+02
4.130399999999999849e+00,1.458266399999999976e+03,9.312864100000000462e+02,6.447740499999999884e+02,5.598624300000000176e+01,8.860181199999999535e+01,1.100314800000000020e+02,1.287848199999999963e+02,1.736216200000000072e+02
4.133600000000000385e+00,1.457063599999999951e+03,9.301709299999999985e+02,6.432985899999999901e+02,5.776949400000000168e+01,8.825802000000000191e+01,1.090287500000000023e+02,1.273968299999999942e+02,1.726122900000000016e+02
4.136800000000000033e+00,1.456014899999999898e+03,9.292977700000000141e+02,6.422845700000000306e+02,5.877427899999999994e+01,8.786547199999999691e+01,1.080246199999999988e+02,1.260211699999999979e+02,1.715484199999999930e+02
4.139999999999999680e+00,1.455048800000000028e+03,9.285687900000000354e+02,6.415507300000000441e+02,5.934304699999999855e+01,8.747141299999999831e+01,1.070318199999999962e+02,1.246663499999999942e+02,1.704562899999999956e+02
4.143333300000000108e+00,1.453848799999999983e+03,9.274288800000000492e+02,6.412244299999999839e+02,6.185994300000000123e+01,8.708206400000000258e+01,1.060005199999999945e+02,1.232192200000000071e+02,1.694027499999999975e+02
4.146666699999999928e+00,1.452941700000000083e+03,9.267175099999999475e+02,6.406985700000000179e+02,6.166322000000000259e+01,8.664918799999999521e+01,1.050162600000000026e+02,1.218721199999999953e+02,1.681886299999999892e+02
4.150000000000000355e+00,1.451885700000000043e+03,9.258054899999999634e+02,6.398978899999999612e+02,6.093842000000000070e+01,8.623334800000000655e+01,1.040740100000000012e+02,1.205826699999999931e+02,1.669357400000000098e+02
4.153333299999999895e+00,1.450826499999999896e+03,9.248669599999999491e+02,6.390316500000000133e+02,6.025304700000000224e+01,8.582686699999999291e+01,1.031500800000000027e+02,1.193096199999999953e+02,1.656728699999999890e+02
4.156666699999999715e+00,1.449729499999999916e+03,9.238550599999999804e+02,6.380755299999999579e+02,5.956962500000000205e+01,8.543353399999999453e+01,1.022522699999999958e+02,1.180649300000000039e+02,1.643953700000000140e+02
4.160000000000000142e+00,1.448601200000000063e+03,9.228224400000000287e+02,6.370991099999999960e+02,5.891197100000000120e+01,8.504650999999999783e+01,1.013628599999999977e+02,1.168278899999999965e+02,1.631028900000000021e+02
4.163333299999999682e+00,1.447478000000000065e+03,9.217835800000000290e+02,6.361081299999999601e+02,5.824970400000000126e+01,8.467118299999999920e+01,1.004933800000000019e+02,1.156185700000000054e+02,1.618017800000000079e+02
4.166666700000000390e+00,1.446369200000000092e+03,9.207562400000000480e+02,6.351207299999999805e+02,5.758708099999999774e+01,8.430100199999999688e+01,9.963398700000000474e+01,1.144226699999999965e+02,1.604827799999999911e+02
4.169999999999999929e+00,1.445246499999999969e+03,9.197141599999999926e+02,6.341186099999999897e+02,5.692207799999999907e+01,8.394072199999999384e+01,9.879005700000000445e+01,1.132543799999999976e+02,1.591503800000000126e+02
4.173333300000000357e+00,1.444129300000000057e+03,9.186754899999999679e+02,6.331116799999999785e+02,5.626005099999999715e+01,8.358991699999999980e+01,9.796006199999999353e+01,1.121064899999999938e+02,1.578037699999999859e+02
4.176666700000000176e+00,1.443039399999999887e+03,9.176548500000000104e+02,6.321105099999999766e+02,5.559838599999999786e+01,8.324963200000000541e+01,9.713987099999999941e+01,1.109773600000000044e+02,1.564416400000000067e+02
4.179999999999999716e+00,1.441932399999999916e+03,9.166187300000000278e+02,6.310932099999999991e+02,5.494968200000000280e+01,8.291868700000000558e+01,9.633458000000000254e+01,1.098649900000000059e+02,1.550671600000000012e+02
4.184000000000000163e+00,1.439637799999999970e+03,9.138064000000000533e+02,6.314130800000000363e+02,6.326926600000000178e+01,8.263554600000000505e+01,9.539736399999999605e+01,1.084230699999999956e+02,1.536396599999999921e+02
4.187999999999999723e+00,1.438939000000000078e+03,9.132752500000000282e+02,6.314925500000000511e+02,6.199505800000000022e+01,8.224900700000000597e+01,9.442257999999999640e+01,1.071003500000000059e+02,1.518257999999999868e+02
4.192000000000000171e+00,1.437799199999999928e+03,9.122243499999999585e+02,6.306651900000000524e+02,5.946700599999999781e+01,8.202000800000000424e+01,9.348760000000000048e+01,1.058399299999999954e+02,1.499680799999999863e+02
4.195999999999999730e+00,1.436455999999999904e+03,9.108831599999999753e+02,6.293386000000000422e+02,5.737542799999999943e+01,8.163241600000000631e+01,9.258494399999999303e+01,1.046115099999999956e+02,1.481441299999999899e+02
4.200000000000000178e+00,1.434964199999999892e+03,9.093894000000000233e+02,6.277769700000000057e+02,5.553681900000000127e+01,8.135215700000000538e+01,9.170392099999999402e+01,1.034003699999999952e+02,1.463230200000000139e+02
4.203999999999999737e+00,1.433521700000000010e+03,9.079627500000000282e+02,6.262527099999999791e+02,5.406776500000000141e+01,8.106272199999999373e+01,9.083345500000000072e+01,1.022021199999999936e+02,1.444912199999999984e+02
4.208000000000000185e+00,1.432051699999999983e+03,9.065085699999999633e+02,6.246705600000000231e+02,5.274300699999999864e+01,8.077831500000000631e+01,8.997535200000000088e+01,1.010242800000000045e+02,1.426912800000000061e+02
4.211999999999999744e+00,1.430661299999999983e+03,9.051670800000000554e+02,6.231887600000000020e+02,5.141729899999999986e+01,8.052393800000000113e+01,8.914057900000000245e+01,9.986941099999999949e+01,1.410577099999999859e+02
4.216000000000000192e+00,1.429179599999999937e+03,9.037451800000000048e+02,6.216411299999999756e+02,5.025280599999999964e+01,8.020569500000000573e+01,8.831340000000000146e+01,9.873455199999999365e+01,1.392876400000000103e+02
4.219999999999999751e+00,1.427702099999999973e+03,9.023418500000000222e+02,6.201292799999999943e+02,4.940658299999999770e+01,7.979376700000000255e+01,8.750717299999999454e+01,9.762050899999999842e+01,1.374816999999999894e+02
4.224000000000000199e+00,1.426282200000000103e+03,9.010005800000000136e+02,6.186734699999999521e+02,4.862133699999999692e+01,7.935803599999999847e+01,8.669961299999999937e+01,9.652338100000000054e+01,1.356420799999999929e+02
4.227999999999999758e+00,1.424782300000000077e+03,8.995997599999999466e+02,6.171922499999999445e+02,4.787374400000000207e+01,7.892023600000000272e+01,8.591967499999999802e+01,9.544745299999999588e+01,1.337846399999999960e+02
4.232000000000000206e+00,1.423464699999999993e+03,8.983758199999999761e+02,6.158804699999999457e+02,4.717008599999999774e+01,7.847818900000000042e+01,8.515207900000000052e+01,9.438781699999999830e+01,1.319074899999999957e+02
4.235999999999999766e+00,1.422102200000000039e+03,8.971138300000000072e+02,6.145504600000000437e+02,4.649392999999999887e+01,7.803069200000000194e+01,8.440868199999999888e+01,9.334644400000000530e+01,1.300271700000000124e+02
4.240000000000000213e+00,1.420747200000000021e+03,8.958504299999999603e+02,6.132258199999999988e+02,4.584219199999999717e+01,7.757950499999999749e+01,8.368258400000000563e+01,9.231956300000000226e+01,1.281665399999999977e+02
4.243999999999999773e+00,1.419353499999999940e+03,8.945514100000000326e+02,6.118813800000000356e+02,4.521284399999999692e+01,7.712426399999999660e+01,8.298022299999999518e+01,9.130823599999999374e+01,1.263708400000000012e+02
4.248000000000000220e+00,1.417883100000000013e+03,8.931846000000000458e+02,6.104914300000000367e+02,4.459625199999999978e+01,7.666703200000000606e+01,8.229995300000000213e+01,9.031068600000000401e+01,1.243815400000000011e+02
4.251999999999999780e+00,1.416374099999999999e+03,8.917854899999999816e+02,6.090838199999999460e+02,4.399529100000000170e+01,7.620783400000000540e+01,8.164229699999999923e+01,8.932578200000000379e+01,1.224742799999999932e+02
4.256000000000000227e+00,1.414955300000000079e+03,8.904636199999999917e+02,6.077469300000000203e+02,4.342334600000000222e+01,7.574973900000000526e+01,8.136265400000000625e+01,8.838272100000000364e+01,1.205564099999999996e+02
4.259999999999999787e+00,1.413511799999999994e+03,8.891140699999999697e+02,6.063913900000000012e+02,4.285083499999999646e+01,7.529374799999999368e+01,8.090688199999999597e+01,8.739503100000000302e+01,1.186136599999999959e+02
4.264000000000000234e+00,1.412050099999999929e+03,8.877631499999999960e+02,6.050550700000000006e+02,4.233444099999999821e+01,7.482546499999999412e+01,8.039289399999999830e+01,8.646050900000000183e+01,1.166898300000000006e+02
4.267999999999999794e+00,1.410541600000000017e+03,8.863597899999999754e+02,6.036714699999999993e+02,4.181743900000000025e+01,7.435891399999999862e+01,7.985882800000000259e+01,8.551810299999999643e+01,1.147697699999999941e+02
4.272000000000000242e+00,1.409080400000000054e+03,8.849886699999999564e+02,6.023147300000000541e+02,4.133389499999999828e+01,7.389424200000000553e+01,7.930541399999999896e+01,8.461033799999999871e+01,1.128853600000000057e+02
4.275999999999999801e+00,1.407687100000000100e+03,8.836757300000000441e+02,6.010128799999999956e+02,4.090933499999999867e+01,7.343254299999999546e+01,7.874400900000000547e+01,8.371377900000000238e+01,1.110669900000000041e+02
4.280000000000000249e+00,1.406179200000000037e+03,8.822604800000000296e+02,5.996310200000000350e+02,4.050001499999999766e+01,7.297369000000000483e+01,7.817008400000000279e+01,8.284692200000000639e+01,1.093043600000000026e+02
4.283999999999999808e+00,1.404641100000000051e+03,8.808027799999999843e+02,5.982060599999999795e+02,4.009344399999999808e+01,7.251815000000000566e+01,7.759033100000000616e+01,8.200503500000000656e+01,1.075758399999999995e+02
4.288000000000000256e+00,1.403129599999999982e+03,8.793762100000000146e+02,5.968182900000000473e+02,3.970424500000000023e+01,7.206377299999999764e+01,7.700780899999999463e+01,8.148142199999999491e+01,1.058837099999999936e+02
4.291999999999999815e+00,1.401655500000000075e+03,8.779948900000000549e+02,5.954911499999999478e+02,3.933152199999999965e+01,7.161366999999999905e+01,7.643931899999999757e+01,8.099762699999999427e+01,1.042034699999999958e+02
4.296000000000000263e+00,1.400116500000000087e+03,8.765562899999999900e+02,5.941218300000000454e+02,3.895446700000000106e+01,7.116142999999999574e+01,7.586366900000000157e+01,8.036569299999999316e+01,1.025386100000000056e+02
4.299999999999999822e+00,1.398605700000000070e+03,8.751232899999999972e+02,5.927578099999999495e+02,3.857949399999999684e+01,7.070946600000000615e+01,7.527635800000000188e+01,7.967658699999999783e+01,1.009004000000000048e+02
4.304000000000000270e+00,1.397139499999999998e+03,8.737245599999999968e+02,5.914240099999999529e+02,3.821037700000000115e+01,7.025964399999999443e+01,7.468170700000000295e+01,7.896982400000000268e+01,9.929097299999999393e+01
4.307999999999999829e+00,1.395584499999999935e+03,8.722640499999999975e+02,5.900455799999999726e+02,3.783593700000000126e+01,6.981086500000000683e+01,7.407938000000000045e+01,7.824481699999999762e+01,9.770636299999999608e+01
4.312000000000000277e+00,1.394001199999999926e+03,8.707253799999999728e+02,5.885476099999999633e+02,3.745218400000000258e+01,6.936410899999999913e+01,7.347192900000000293e+01,7.750952100000000655e+01,9.614773099999999317e+01
4.315999999999999837e+00,1.392475500000000011e+03,8.692733399999999619e+02,5.871646399999999630e+02,3.709595199999999693e+01,6.891907500000000653e+01,7.285840799999999717e+01,7.676453700000000424e+01,9.461253499999999406e+01
4.320000000000000284e+00,1.390825399999999945e+03,8.677192999999999756e+02,5.857185799999999745e+02,3.672524700000000308e+01,6.847445100000000195e+01,7.223825800000000186e+01,7.601454499999999825e+01,9.310826799999999537e+01
4.323999999999999844e+00,1.389238700000000108e+03,8.662094399999999723e+02,5.843004200000000310e+02,3.632737399999999894e+01,6.803343999999999880e+01,7.161929600000000562e+01,7.528290599999999699e+01,9.162856499999999471e+01
4.328000000000000291e+00,1.387712899999999991e+03,8.647538799999999810e+02,5.829222600000000511e+02,3.576422399999999868e+01,6.759538399999999569e+01,7.099470599999999365e+01,7.457868499999999301e+01,9.018414099999999678e+01
4.331999999999999851e+00,1.386050899999999956e+03,8.631290800000000445e+02,5.813248599999999442e+02,3.430330399999999713e+01,6.718768400000000440e+01,7.035917800000000000e+01,7.384234499999999457e+01,8.877592199999999423e+01
4.336000000000000298e+00,1.384463099999999940e+03,8.616102200000000266e+02,5.798998299999999517e+02,3.335280999999999807e+01,6.675171100000000024e+01,6.972620299999999816e+01,7.311253000000000668e+01,8.739955799999999897e+01
4.339999999999999858e+00,1.382867600000000039e+03,8.601005999999999858e+02,5.785075699999999870e+02,3.279485600000000289e+01,6.619904200000000571e+01,6.908889100000000383e+01,7.236965800000000115e+01,8.607679899999999407e+01
4.344000000000000306e+00,1.381335600000000113e+03,8.586623799999999846e+02,5.771978800000000547e+02,3.314895200000000131e+01,6.557100900000000365e+01,6.845509099999999592e+01,7.162748700000000213e+01,8.477746299999999735e+01
4.347999999999999865e+00,1.379730800000000045e+03,8.571437799999999925e+02,5.757911199999999781e+02,3.344446500000000100e+01,6.493852800000000514e+01,6.782429199999999980e+01,7.087944799999999645e+01,8.351007500000000050e+01
4.352000000000000313e+00,1.378140100000000075e+03,8.556753400000000056e+02,5.744821299999999837e+02,3.352270200000000244e+01,6.431556100000000242e+01,6.719999199999999462e+01,7.013180800000000659e+01,8.224928500000000042e+01
4.355999999999999872e+00,1.376629400000000032e+03,8.542963300000000118e+02,5.732968499999999494e+02,3.343109499999999912e+01,6.369397599999999926e+01,6.657578999999999780e+01,6.937783600000000206e+01,8.105225299999999322e+01
4.360000000000000320e+00,1.375144800000000032e+03,8.529466300000000274e+02,5.721434100000000171e+02,3.324180799999999891e+01,6.307625999999999777e+01,6.595590699999999629e+01,6.862094100000000196e+01,8.058760100000000648e+01
4.363999999999999879e+00,1.373535200000000032e+03,8.513808000000000220e+02,5.706480000000000246e+02,3.302554599999999851e+01,6.246378399999999687e+01,6.534974699999999359e+01,6.789369000000000653e+01,7.969434599999999591e+01
4.368000000000000327e+00,1.371968000000000075e+03,8.499248300000000427e+02,5.693506300000000238e+02,3.279314500000000265e+01,6.184955599999999976e+01,6.473141999999999996e+01,6.713202900000000284e+01,7.869601299999999355e+01
4.371999999999999886e+00,1.370349799999999959e+03,8.484378600000000006e+02,5.680594399999999951e+02,3.253912400000000105e+01,6.123971000000000231e+01,6.412049500000000535e+01,6.638122699999999554e+01,7.770258300000000418e+01
4.376000000000000334e+00,1.368751999999999953e+03,8.469499399999999696e+02,5.667411200000000235e+02,3.226851299999999867e+01,6.063110300000000308e+01,6.350698400000000277e+01,6.561957599999999502e+01,7.669945500000000038e+01
4.379999999999999893e+00,1.367053499999999985e+03,8.453519000000000005e+02,5.653047299999999495e+02,3.197218700000000169e+01,6.002558599999999700e+01,6.289685300000000012e+01,6.486085300000000586e+01,7.570751300000000583e+01
4.384000000000000341e+00,1.365485899999999901e+03,8.439187299999999823e+02,5.640426200000000563e+02,3.168750500000000159e+01,5.942254199999999997e+01,6.228742499999999893e+01,6.409913699999999892e+01,7.472442800000000318e+01
4.387999999999999901e+00,1.363864499999999907e+03,8.423991600000000517e+02,5.626759499999999434e+02,3.136066299999999885e+01,5.882190500000000100e+01,6.167994399999999899e+01,6.333851899999999802e+01,7.376078599999999597e+01
4.392000000000000348e+00,1.362292099999999891e+03,8.409302999999999884e+02,5.613493700000000217e+02,3.102050900000000055e+01,5.822326400000000035e+01,6.107312100000000044e+01,6.257651800000000009e+01,7.283235200000000020e+01
4.395999999999999908e+00,1.360650499999999965e+03,8.394059399999999869e+02,5.599850199999999631e+02,3.064150800000000174e+01,5.762694700000000125e+01,6.046764999999999901e+01,6.181465299999999985e+01,7.189714200000000233e+01
4.400000000000000355e+00,1.358849899999999934e+03,8.377001999999999953e+02,5.584272399999999834e+02,3.019197700000000140e+01,5.703257700000000341e+01,5.986196000000000339e+01,6.105011999999999972e+01,7.096466399999999908e+01
4.403999999999999915e+00,1.357050600000000031e+03,8.358338099999999713e+02,5.563258299999999963e+02,3.032552099999999839e+01,5.644091600000000142e+01,5.925845999999999947e+01,6.028766300000000200e+01,7.004865499999999656e+01
4.408000000000000362e+00,1.355369099999999889e+03,8.342325399999999718e+02,5.548002699999999550e+02,3.020580500000000157e+01,5.585115299999999650e+01,5.865672699999999651e+01,5.952690100000000228e+01,6.914545400000000086e+01
4.411999999999999922e+00,1.353671000000000049e+03,8.326173999999999751e+02,5.533134599999999637e+02,3.004814199999999857e+01,5.526317699999999888e+01,5.805709099999999978e+01,5.876939200000000341e+01,6.825830700000000206e+01
4.416000000000000369e+00,1.351967200000000048e+03,8.310044699999999693e+02,5.518505999999999858e+02,2.988151200000000074e+01,5.467764300000000333e+01,5.745977400000000301e+01,5.801520399999999711e+01,6.738266299999999376e+01
4.419999999999999929e+00,1.350218399999999974e+03,8.293327100000000200e+02,5.503343099999999595e+02,2.969282000000000110e+01,5.409461300000000250e+01,5.686474900000000332e+01,5.726438300000000226e+01,6.651977300000000071e+01
4.424000000000000377e+00,1.348427699999999959e+03,8.276184799999999768e+02,5.487811299999999619e+02,2.948775200000000041e+01,5.351350200000000257e+01,5.627142099999999658e+01,5.651708099999999746e+01,6.566873999999999967e+01
4.427999999999999936e+00,1.346666300000000092e+03,8.259216900000000123e+02,5.472363900000000285e+02,2.923591899999999910e+01,5.293369899999999717e+01,5.568567500000000337e+01,5.577414300000000225e+01,6.483006000000000313e+01
4.432000000000000384e+00,1.344746200000000044e+03,8.239792800000000170e+02,5.453448600000000397e+02,2.890460099999999954e+01,5.236162000000000205e+01,5.509498899999999821e+01,5.503583199999999920e+01,6.400285200000000430e+01
4.435999999999999943e+00,1.342914099999999962e+03,8.222330799999999726e+02,5.437954899999999725e+02,2.865720999999999918e+01,5.179767300000000319e+01,5.448252899999999954e+01,5.430306499999999659e+01,6.318651899999999699e+01
4.440000000000000391e+00,1.341124299999999948e+03,8.205167999999999893e+02,5.422895399999999881e+02,2.847688399999999831e+01,5.122148099999999715e+01,5.387591400000000164e+01,5.357630400000000037e+01,6.238039599999999751e+01
4.443999999999999950e+00,1.339278299999999945e+03,8.187086199999999963e+02,5.406689900000000080e+02,2.831622000000000128e+01,5.063601100000000343e+01,5.327687099999999987e+01,5.285616499999999718e+01,6.158407299999999651e+01
4.448000000000000398e+00,1.337472800000000007e+03,8.169577199999999948e+02,5.391435800000000427e+02,2.809438899999999961e+01,5.005307400000000229e+01,5.268301699999999954e+01,5.214278500000000349e+01,6.079878500000000230e+01
4.451999999999999957e+00,1.335667300000000068e+03,8.151918699999999944e+02,5.375950100000000020e+02,2.779685100000000020e+01,4.947529200000000316e+01,5.209407499999999658e+01,5.143652199999999652e+01,6.002402099999999763e+01
4.456000000000000405e+00,1.333520099999999957e+03,8.128448799999999892e+02,5.350035100000000057e+02,2.809847699999999904e+01,4.890275299999999703e+01,5.151235700000000151e+01,5.073490199999999817e+01,5.925822999999999752e+01
4.459999999999999964e+00,1.331789199999999937e+03,8.113233599999999797e+02,5.341224600000000464e+02,2.746337799999999874e+01,4.833347899999999697e+01,5.093048000000000286e+01,5.004492900000000333e+01,5.849996099999999899e+01
4.464000000000000412e+00,1.329843200000000024e+03,8.093465899999999920e+02,5.323005500000000438e+02,2.730227400000000060e+01,4.776969400000000121e+01,5.034873900000000191e+01,4.936973900000000270e+01,5.780162599999999884e+01
4.467999999999999972e+00,1.327850100000000111e+03,8.073560099999999693e+02,5.305465500000000247e+02,2.706091100000000083e+01,4.720653200000000282e+01,4.976723499999999945e+01,4.870952599999999677e+01,5.703829499999999797e+01
4.472000000000000419e+00,1.325978399999999965e+03,8.055325699999999642e+02,5.290518200000000206e+02,2.672130500000000097e+01,4.664618899999999968e+01,4.918895700000000204e+01,4.806525599999999798e+01,5.606308700000000300e+01
4.475999999999999979e+00,1.324030199999999923e+03,8.035737500000000182e+02,5.273201299999999492e+02,2.646903400000000062e+01,4.608506400000000269e+01,4.861232199999999892e+01,4.743265699999999896e+01,5.512186200000000014e+01
4.480000000000000426e+00,1.322108099999999922e+03,8.016463899999999967e+02,5.256351200000000290e+02,2.617753000000000085e+01,4.552796399999999721e+01,4.804089900000000313e+01,4.681471100000000263e+01,5.421735100000000074e+01
4.483999999999999986e+00,1.320163999999999987e+03,7.997039700000000266e+02,5.239524699999999484e+02,2.584659299999999860e+01,4.497339000000000198e+01,4.747342199999999934e+01,4.621027600000000035e+01,5.332580099999999845e+01
4.488000000000000433e+00,1.318145700000000033e+03,7.976717399999999998e+02,5.221716499999999996e+02,2.551255400000000151e+01,4.442384899999999703e+01,4.691181199999999762e+01,4.562039899999999903e+01,5.244695699999999761e+01
4.491999999999999993e+00,1.316122499999999945e+03,7.956262900000000400e+02,5.203698799999999665e+02,2.516944499999999962e+01,4.387870000000000203e+01,4.635606299999999891e+01,4.504360899999999646e+01,5.158274099999999862e+01
4.496000000000000441e+00,1.314161299999999983e+03,7.936690899999999829e+02,5.186487799999999879e+02,2.480856100000000097e+01,4.333783900000000244e+01,4.580600900000000308e+01,4.447871299999999906e+01,5.073190600000000217e+01
4.500000000000000000e+00,1.312125500000000102e+03,7.916156600000000481e+02,5.168343899999999849e+02,2.443110100000000173e+01,4.280197100000000177e+01,4.526224299999999801e+01,4.392533000000000243e+01,4.989415900000000192e+01
4.503999999999999559e+00,1.310171199999999999e+03,7.896458300000000463e+02,5.150854500000000371e+02,2.404797100000000043e+01,4.227170000000000272e+01,4.472520600000000002e+01,4.338302999999999798e+01,4.906930299999999789e+01
4.508000000000000007e+00,1.308113900000000058e+03,7.875669599999999946e+02,5.132434200000000146e+02,2.365875499999999931e+01,4.174729899999999816e+01,4.419504799999999989e+01,4.285121000000000180e+01,4.825670399999999916e+01
4.511999999999999567e+00,1.306097500000000082e+03,7.855178399999999783e+02,5.114185699999999883e+02,2.327803700000000120e+01,4.122996799999999951e+01,4.367226000000000141e+01,4.232951700000000272e+01,4.745592099999999647e+01
4.516000000000000014e+00,1.303996499999999969e+03,7.833766100000000279e+02,5.095037599999999998e+02,2.287873099999999837e+01,4.071418299999999846e+01,4.315390699999999669e+01,4.181501300000000043e+01,4.666473299999999824e+01
4.519999999999999574e+00,1.301882200000000012e+03,7.812236199999999826e+02,5.075737199999999802e+02,2.248393400000000142e+01,4.020749699999999649e+01,4.264373400000000203e+01,4.131002999999999759e+01,4.588446799999999826e+01
4.524000000000000021e+00,1.299746900000000096e+03,7.790387399999999616e+02,5.056059999999999945e+02,2.207678200000000146e+01,3.970514899999999869e+01,4.213964800000000110e+01,4.081261400000000350e+01,4.511402100000000104e+01
4.527999999999999581e+00,1.297568999999999960e+03,7.768242900000000191e+02,5.036139900000000011e+02,2.163992199999999855e+01,3.921073899999999668e+01,4.164324700000000234e+01,4.032361600000000124e+01,4.435380700000000331e+01
4.532000000000000028e+00,1.295430599999999913e+03,7.746282599999999547e+02,5.016196400000000040e+02,2.117111099999999979e+01,3.872170899999999705e+01,4.115304900000000288e+01,3.984143499999999705e+01,4.360321400000000125e+01
4.535999999999999588e+00,1.293277800000000070e+03,7.724172899999999800e+02,4.996064900000000080e+02,2.068794199999999961e+01,3.823890000000000100e+01,4.066933900000000079e+01,3.936595599999999706e+01,4.286206800000000072e+01
4.540000000000000036e+00,1.291154299999999921e+03,7.702505099999999629e+02,4.976232400000000098e+02,2.019576400000000049e+01,3.776184599999999847e+01,4.019185699999999883e+01,3.889670499999999720e+01,4.212947799999999887e+01
4.543999999999999595e+00,1.288985100000000102e+03,7.680304800000000114e+02,4.955900500000000193e+02,1.969613299999999967e+01,3.729160199999999747e+01,3.972120199999999812e+01,3.843392800000000165e+01,4.140414200000000022e+01
4.548000000000000043e+00,1.286833200000000033e+03,7.658070199999999659e+02,4.935398500000000013e+02,1.919109399999999965e+01,3.682788099999999787e+01,3.925720900000000313e+01,3.797737200000000257e+01,4.068644199999999955e+01
4.551999999999999602e+00,1.284680499999999938e+03,7.635747800000000325e+02,4.914716099999999983e+02,1.868093599999999910e+01,3.637039299999999997e+01,3.879951400000000206e+01,3.752665900000000221e+01,3.997811500000000251e+01
4.556000000000000050e+00,1.282561599999999999e+03,7.613844000000000278e+02,4.894350900000000024e+02,1.816570099999999854e+01,3.591835100000000125e+01,3.834733299999999900e+01,3.707747299999999768e+01,3.927409099999999853e+01
4.559999999999999609e+00,1.280348400000000083e+03,7.591152799999999843e+02,4.873436100000000124e+02,1.764542000000000144e+01,3.547184899999999885e+01,3.790103799999999978e+01,3.662668099999999782e+01,3.856788199999999733e+01
4.564000000000000057e+00,1.278116999999999962e+03,7.568045600000000377e+02,4.852038499999999885e+02,1.712842799999999954e+01,3.503196599999999705e+01,3.746176700000000181e+01,3.621359799999999751e+01,3.786732899999999802e+01
4.567999999999999616e+00,1.275885399999999890e+03,7.544902399999999716e+02,4.830534099999999853e+02,1.661931999999999832e+01,3.459715299999999871e+01,3.702938799999999731e+01,3.583564100000000252e+01,3.718072999999999695e+01
4.572000000000000064e+00,1.273672700000000077e+03,7.521919900000000325e+02,4.809113199999999892e+02,1.612024500000000060e+01,3.416848199999999736e+01,3.660369099999999776e+01,3.547314500000000237e+01,3.649647699999999872e+01
4.575999999999999623e+00,1.271447300000000041e+03,7.498729600000000346e+02,4.787393200000000206e+02,1.561477799999999938e+01,3.374537899999999979e+01,3.618430500000000194e+01,3.509774399999999872e+01,3.584203000000000117e+01
4.580000000000000071e+00,1.269197599999999966e+03,7.475257800000000543e+02,4.765329899999999839e+02,1.510056600000000060e+01,3.333104099999999903e+01,3.577174099999999868e+01,3.471165599999999785e+01,3.520888599999999968e+01
4.583999999999999631e+00,1.266978399999999965e+03,7.452164199999999710e+02,4.743554100000000062e+02,1.457030699999999968e+01,3.292269300000000243e+01,3.536498399999999975e+01,3.431780899999999690e+01,3.458947100000000319e+01
4.588000000000000078e+00,1.264814800000000105e+03,7.429689600000000382e+02,4.722287200000000098e+02,1.402664900000000081e+01,3.252079299999999762e+01,3.496303300000000291e+01,3.391807399999999717e+01,3.397939199999999715e+01
4.591999999999999638e+00,1.262563499999999976e+03,7.406250199999999495e+02,4.700230599999999868e+02,1.346758499999999970e+01,3.212508299999999650e+01,3.456563899999999734e+01,3.351360199999999878e+01,3.337880499999999984e+01
4.596000000000000085e+00,1.260251199999999926e+03,7.382261799999999994e+02,4.677764799999999923e+02,1.288236500000000007e+01,3.173575900000000161e+01,3.417203800000000058e+01,3.310481999999999658e+01,3.278663199999999733e+01
4.599999999999999645e+00,1.258085299999999961e+03,7.359829799999999977e+02,4.656625199999999722e+02,1.226150600000000068e+01,3.135122900000000001e+01,3.378172800000000109e+01,3.269026900000000069e+01,3.220303200000000032e+01
4.604000000000000092e+00,1.255841899999999896e+03,7.336371900000000323e+02,4.634545200000000023e+02,1.162443299999999979e+01,3.097177900000000150e+01,3.339457500000000323e+01,3.227567100000000266e+01,3.162699699999999936e+01
4.607999999999999652e+00,1.253543100000000095e+03,7.312180499999999483e+02,4.611722399999999880e+02,1.097640099999999919e+01,3.059681399999999840e+01,3.301023599999999902e+01,3.186608999999999980e+01,3.106722299999999848e+01
4.612000000000000099e+00,1.251234600000000000e+03,7.287857000000000198e+02,4.588690100000000029e+02,1.032278299999999938e+01,3.022561299999999918e+01,3.262809800000000138e+01,3.146055000000000135e+01,3.049595599999999962e+01
4.615999999999999659e+00,1.248988900000000058e+03,7.264346299999999701e+02,4.566469900000000166e+02,9.669770800000000222e+00,2.985859200000000158e+01,3.224887499999999818e+01,3.105952900000000128e+01,2.988329900000000094e+01
4.620000000000000107e+00,1.246789199999999937e+03,7.241686600000000453e+02,4.545364500000000021e+02,9.019012099999999421e+00,2.949606800000000106e+01,3.187263799999999847e+01,3.066233899999999934e+01,2.924731900000000095e+01
4.623999999999999666e+00,1.244520400000000109e+03,7.217864499999999452e+02,4.522887999999999806e+02,8.374927599999999472e+00,2.913668499999999995e+01,3.149887599999999921e+01,3.026838899999999910e+01,2.861982700000000079e+01
4.628000000000000114e+00,1.242255900000000111e+03,7.194094900000000052e+02,4.500465199999999868e+02,7.736243499999999607e+00,2.878074099999999902e+01,3.112771199999999894e+01,2.987794999999999845e+01,2.799764300000000006e+01
4.631999999999999673e+00,1.240083699999999908e+03,7.171704499999999598e+02,4.479694499999999948e+02,7.101904900000000076e+00,2.842807099999999920e+01,3.075924399999999892e+01,2.949116799999999827e+01,2.737750199999999978e+01
4.636000000000000121e+00,1.237867299999999886e+03,7.148597600000000511e+02,4.458104999999999905e+02,6.476489299999999893e+00,2.807937799999999839e+01,3.039360900000000143e+01,2.910833600000000132e+01,2.675920500000000146e+01
4.639999999999999680e+00,1.235608099999999922e+03,7.124637900000000172e+02,4.435449399999999969e+02,5.860267099999999729e+00,2.773421899999999951e+01,3.003054300000000154e+01,2.872907299999999964e+01,2.614352299999999829e+01
4.644000000000000128e+00,1.233356600000000071e+03,7.100815499999999929e+02,4.412909700000000157e+02,5.251745500000000177e+00,2.739262899999999945e+01,2.967011000000000109e+01,2.835322700000000040e+01,2.553197099999999864e+01
4.647999999999999687e+00,1.231093299999999999e+03,7.077037199999999757e+02,4.390540199999999800e+02,4.650274600000000369e+00,2.705439000000000149e+01,2.931208900000000028e+01,2.798052900000000065e+01,2.492580799999999996e+01
4.652000000000000135e+00,1.228851400000000012e+03,7.053485600000000204e+02,4.368341599999999971e+02,4.056635700000000178e+00,2.671964499999999987e+01,2.895648999999999873e+01,2.761093400000000031e+01,2.432659200000000155e+01
4.655999999999999694e+00,1.226619699999999966e+03,7.030076699999999619e+02,4.346265900000000215e+02,3.470966100000000054e+00,2.638758400000000037e+01,2.860269600000000167e+01,2.724371700000000018e+01,2.373572000000000060e+01
4.660000000000000142e+00,1.224401499999999942e+03,7.006825900000000047e+02,4.324354500000000030e+02,2.894941900000000068e+00,2.605932699999999969e+01,2.825176300000000040e+01,2.687980299999999900e+01,2.315738400000000041e+01
4.663999999999999702e+00,1.222174800000000005e+03,6.983445600000000013e+02,4.302332400000000234e+02,2.327704799999999796e+00,2.573414899999999861e+01,2.790325500000000147e+01,2.651831599999999867e+01,2.259767499999999885e+01
4.668000000000000149e+00,1.219977300000000014e+03,6.960364200000000210e+02,4.280561799999999835e+02,1.770615999999999968e+00,2.541151699999999991e+01,2.755605699999999914e+01,2.615797999999999845e+01,2.200722299999999976e+01
4.671999999999999709e+00,1.217811999999999898e+03,6.937599999999999909e+02,4.259067600000000198e+02,1.223789000000000016e+00,2.509147099999999853e+01,2.721118900000000096e+01,2.579956200000000166e+01,2.142476699999999923e+01
4.676000000000000156e+00,1.215654999999999973e+03,6.914947700000000168e+02,4.237724900000000048e+02,6.880241799999999852e-01,2.477503799999999856e+01,2.686873500000000092e+01,2.544408900000000173e+01,2.083934100000000100e+01
4.679999999999999716e+00,1.213501899999999978e+03,6.892387099999999691e+02,4.216529100000000199e+02,1.633583500000000133e-01,2.446127299999999849e+01,2.652881000000000000e+01,2.509019299999999930e+01,2.028146999999999878e+01
4.684000000000000163e+00,1.211369300000000067e+03,6.869999699999999621e+02,4.195505099999999743e+02,-3.530617400000000128e-01,2.415005299999999977e+01,2.619097899999999868e+01,2.473834099999999836e+01,1.973962399999999917e+01
4.687999999999999723e+00,1.209237699999999904e+03,6.847708599999999706e+02,4.174673300000000040e+02,-8.592166300000000367e-01,2.384140999999999977e+01,2.585523699999999891e+01,2.438824500000000128e+01,1.920777999999999963e+01
4.692000000000000171e+00,1.207110899999999901e+03,6.825367099999999709e+02,4.153811200000000099e+02,-1.355053499999999911e+00,2.353509299999999982e+01,2.552093599999999896e+01,2.403889099999999956e+01,1.868195199999999900e+01
4.695999999999999730e+00,1.205010099999999966e+03,6.803234400000000051e+02,4.133143999999999778e+02,-1.839764100000000013e+00,2.323026700000000133e+01,2.518748599999999982e+01,2.368961200000000034e+01,1.816122899999999873e+01
4.700000000000000178e+00,1.202928699999999935e+03,6.781404999999999745e+02,4.112826099999999769e+02,-2.310334000000000110e+00,2.292845200000000006e+01,2.485661199999999837e+01,2.334250099999999861e+01,1.765166100000000071e+01
4.703999999999999737e+00,1.200859799999999950e+03,6.759778300000000399e+02,4.092770300000000248e+02,-2.766654299999999900e+00,2.262905900000000159e+01,2.452750299999999939e+01,2.299651000000000067e+01,1.715136000000000038e+01
4.708000000000000185e+00,1.198818899999999985e+03,6.738386900000000423e+02,4.072977900000000204e+02,-3.206477700000000208e+00,2.233282600000000073e+01,2.420091599999999943e+01,2.265235399999999899e+01,1.666087800000000030e+01
4.711999999999999744e+00,1.196761999999999944e+03,6.716720100000000002e+02,4.052918900000000235e+02,-3.635277199999999986e+00,2.203681500000000071e+01,2.387371299999999863e+01,2.230684099999999859e+01,1.617594899999999924e+01
4.716000000000000192e+00,1.194761099999999942e+03,6.695616599999999607e+02,4.033394799999999805e+02,-4.048679400000000150e+00,2.174378099999999847e+01,2.354872900000000158e+01,2.196296800000000005e+01,1.570076500000000053e+01
4.719999999999999751e+00,1.192784100000000080e+03,6.674777100000000019e+02,4.014166799999999853e+02,-4.441936799999999685e+00,2.145312600000000103e+01,2.322526699999999877e+01,2.161983899999999892e+01,1.523437799999999953e+01
4.724000000000000199e+00,1.190803599999999960e+03,6.653972099999999728e+02,3.995072099999999864e+02,-4.803068699999999858e+00,2.116407799999999995e+01,2.290294000000000096e+01,2.127683400000000091e+01,1.478181000000000012e+01
4.727999999999999758e+00,1.188848400000000083e+03,6.633430799999999863e+02,3.976276500000000169e+02,-5.142409800000000253e+00,2.087537899999999880e+01,2.258121200000000073e+01,2.093236299999999872e+01,1.434212400000000009e+01
4.732000000000000206e+00,1.186916099999999915e+03,6.613085600000000568e+02,3.957676299999999969e+02,-5.455201200000000306e+00,2.058924800000000133e+01,2.226058700000000101e+01,2.058784700000000001e+01,1.391408599999999929e+01
4.735999999999999766e+00,1.184987699999999904e+03,6.592859200000000328e+02,3.939203800000000228e+02,-5.745417100000000055e+00,2.030346600000000024e+01,2.193964599999999976e+01,2.024244399999999899e+01,1.349930999999999948e+01
4.740000000000000213e+00,1.183098099999999931e+03,6.573014600000000200e+02,3.921141299999999887e+02,-6.002784300000000073e+00,2.002312600000000131e+01,2.162302899999999894e+01,1.990096399999999832e+01,1.310449599999999926e+01
4.743999999999999773e+00,1.181215899999999920e+03,6.553209299999999757e+02,3.903140700000000152e+02,-6.231581799999999838e+00,1.974177699999999902e+01,2.130485900000000044e+01,1.955776200000000031e+01,1.272432200000000080e+01
4.748000000000000220e+00,1.179384299999999939e+03,6.533751499999999623e+02,3.885443999999999960e+02,-6.423488299999999818e+00,1.946280300000000096e+01,2.098890799999999857e+01,1.921660899999999828e+01,1.236703100000000077e+01
4.751999999999999780e+00,1.177556399999999940e+03,6.514237799999999652e+02,3.867649599999999737e+02,-6.575468500000000382e+00,1.918480200000000124e+01,2.067407199999999889e+01,1.888021300000000124e+01,1.201326800000000006e+01
4.756000000000000227e+00,1.175744099999999889e+03,6.494829899999999725e+02,3.849810699999999883e+02,-6.679774400000000334e+00,1.890711399999999998e+01,2.036024000000000100e+01,1.854930099999999982e+01,1.165090400000000059e+01
4.759999999999999787e+00,1.173944799999999987e+03,6.475407800000000407e+02,3.831534100000000080e+02,-6.722819000000000322e+00,1.863087099999999907e+01,2.004649500000000018e+01,1.821849399999999974e+01,1.131621900000000025e+01
4.764000000000000234e+00,1.172182600000000093e+03,6.456348199999999906e+02,3.813576299999999719e+02,-6.722227900000000034e+00,1.835499799999999837e+01,1.973270700000000133e+01,1.788826399999999950e+01,1.099168700000000065e+01
4.767999999999999794e+00,1.170450199999999995e+03,6.437497200000000248e+02,3.795629099999999880e+02,-6.665028600000000303e+00,1.808167299999999855e+01,1.942130399999999923e+01,1.756150999999999840e+01,1.066925999999999952e+01
4.772000000000000242e+00,1.168754200000000083e+03,6.418956500000000460e+02,3.777871000000000095e+02,-6.563112199999999952e+00,1.780811999999999884e+01,1.910993399999999909e+01,1.723589000000000127e+01,1.034928299999999979e+01
4.775999999999999801e+00,1.167057000000000016e+03,6.400521700000000465e+02,3.760186699999999860e+02,-6.401490899999999762e+00,1.753620300000000043e+01,1.879987500000000011e+01,1.691441899999999876e+01,1.003750800000000076e+01
4.780000000000000249e+00,1.165387400000000071e+03,6.382438100000000532e+02,3.742806600000000117e+02,-6.191248800000000330e+00,1.726271699999999854e+01,1.849078799999999845e+01,1.659344700000000117e+01,9.733087700000000453e+00
4.783999999999999808e+00,1.163726200000000063e+03,6.364399499999999534e+02,3.725434500000000071e+02,-5.918544400000000039e+00,1.699445700000000059e+01,1.818862400000000079e+01,1.627352399999999832e+01,9.437327700000000874e+00
4.788000000000000256e+00,1.162205699999999979e+03,6.347599199999999655e+02,3.708813900000000103e+02,-5.615701800000000077e+00,1.672921600000000097e+01,1.789019599999999954e+01,1.595326799999999956e+01,9.148588600000000071e+00
4.791999999999999815e+00,1.160668499999999995e+03,6.330564100000000280e+02,3.691941299999999728e+02,-5.291407300000000369e+00,1.646725400000000050e+01,1.759558200000000028e+01,1.563393499999999925e+01,8.868077800000000011e+00
4.796000000000000263e+00,1.159186799999999948e+03,6.314064300000000003e+02,3.675387000000000057e+02,-4.953960399999999709e+00,1.620908500000000174e+01,1.730502500000000055e+01,1.531602499999999978e+01,8.592959000000000458e+00
4.799999999999999822e+00,1.157729700000000093e+03,6.297740199999999504e+02,3.658885799999999904e+02,-4.609185000000000088e+00,1.595278500000000044e+01,1.701448099999999997e+01,1.499886700000000062e+01,8.324242699999999218e+00
4.804000000000000270e+00,1.156294399999999996e+03,6.281708599999999478e+02,3.642610099999999989e+02,-4.255454600000000198e+00,1.570075100000000035e+01,1.672751399999999933e+01,1.468396100000000004e+01,8.063058099999999229e+00
4.807999999999999829e+00,1.154884399999999914e+03,6.265938899999999876e+02,3.626519999999999868e+02,-3.894229300000000116e+00,1.545130299999999934e+01,1.644371200000000144e+01,1.437071000000000076e+01,7.808249299999999948e+00
4.812000000000000277e+00,1.153519500000000107e+03,6.250582500000000437e+02,3.610718400000000088e+02,-3.528712699999999813e+00,1.520608299999999957e+01,1.616468400000000116e+01,1.406071599999999933e+01,7.561154400000000386e+00
4.815999999999999837e+00,1.152188699999999926e+03,6.235529999999999973e+02,3.595111099999999738e+02,-3.165784100000000212e+00,1.496259399999999928e+01,1.588848999999999911e+01,1.375261300000000020e+01,7.320332999999999757e+00
4.820000000000000284e+00,1.150882100000000037e+03,6.220710100000000011e+02,3.579656800000000203e+02,-2.815110999999999919e+00,1.472053599999999918e+01,1.561438300000000012e+01,1.344607899999999923e+01,7.084964499999999887e+00
4.823999999999999844e+00,1.149628699999999981e+03,6.206358500000000049e+02,3.564518600000000106e+02,-2.473190999999999917e+00,1.448204499999999939e+01,1.534448700000000088e+01,1.314343599999999945e+01,6.857005499999999643e+00
4.828000000000000291e+00,1.148403499999999894e+03,6.192321600000000217e+02,3.549712400000000230e+02,-2.139286699999999986e+00,1.424747499999999967e+01,1.507904500000000070e+01,1.284513300000000058e+01,6.636683299999999619e+00
4.831999999999999851e+00,1.147217699999999923e+03,6.178658699999999726e+02,3.535251000000000090e+02,-1.816538999999999904e+00,1.401520700000000019e+01,1.481635999999999953e+01,1.254984199999999994e+01,6.419845099999999860e+00
4.836000000000000298e+00,1.146075399999999945e+03,6.165423399999999674e+02,3.521211299999999937e+02,-1.491180100000000008e+00,1.378582399999999986e+01,1.455693600000000032e+01,1.225840400000000052e+01,6.209975700000000209e+00
4.839999999999999858e+00,1.144976499999999987e+03,6.152623999999999569e+02,3.507644300000000044e+02,-1.113371099999999947e+00,1.355868399999999951e+01,1.430093100000000028e+01,1.197035799999999917e+01,6.005842799999999926e+00
4.844000000000000306e+00,1.143920900000000074e+03,6.140140400000000227e+02,3.494149699999999825e+02,-7.974990800000000268e-01,1.333472300000000033e+01,1.404935399999999923e+01,1.168709899999999990e+01,5.807838300000000231e+00
4.847999999999999865e+00,1.142902900000000045e+03,6.127977600000000393e+02,3.480828999999999951e+02,-5.171484200000000531e-01,1.311316700000000068e+01,1.380061800000000005e+01,1.140792000000000073e+01,5.615519100000000208e+00
4.852000000000000313e+00,1.141921599999999899e+03,6.116183200000000397e+02,3.467867299999999773e+02,-2.469688499999999898e-01,1.289603199999999994e+01,1.355596700000000077e+01,1.113440600000000025e+01,5.430005699999999713e+00
4.855999999999999872e+00,1.141032600000000002e+03,6.105175699999999779e+02,3.455451600000000099e+02,3.198353900000000007e-03,1.268168900000000043e+01,1.331411600000000028e+01,1.086577899999999985e+01,5.250576599999999594e+00
4.860000000000000320e+00,1.140047700000000077e+03,6.092233499999999822e+02,3.439609500000000253e+02,3.869012600000000246e-01,1.246809400000000068e+01,1.307308699999999924e+01,1.060040000000000049e+01,5.076247099999999790e+00
4.863999999999999879e+00,1.139149599999999964e+03,6.080411699999999655e+02,3.424494599999999878e+02,6.649767500000000053e-01,1.225775699999999979e+01,1.283594800000000014e+01,1.034140099999999940e+01,4.907593099999999708e+00
4.868000000000000327e+00,1.138403600000000097e+03,6.071618399999999838e+02,3.415065000000000168e+02,6.881533600000000472e-01,1.204980699999999949e+01,1.260119899999999937e+01,1.008586999999999989e+01,4.744602500000000056e+00
4.871999999999999886e+00,1.137696799999999939e+03,6.062815299999999752e+02,3.404398400000000038e+02,8.849047399999999675e-01,1.184623200000000054e+01,1.237056899999999970e+01,9.824000299999999797e+00,4.589154599999999640e+00
4.876000000000000334e+00,1.137031799999999976e+03,6.054769700000000512e+02,3.395222200000000043e+02,9.939351199999999498e-01,1.164372799999999941e+01,1.214328599999999980e+01,9.589337300000000397e+00,4.435125600000000112e+00
4.879999999999999893e+00,1.136425700000000006e+03,6.047381199999999808e+02,3.387084600000000023e+02,1.094635000000000025e+00,1.144316300000000020e+01,1.191708999999999996e+01,9.353524800000000639e+00,4.288346100000000050e+00
4.884000000000000341e+00,1.135967200000000048e+03,6.041602699999999686e+02,3.380652299999999855e+02,1.212648900000000030e+00,1.124560699999999969e+01,1.169376199999999955e+01,9.122960499999999584e+00,4.147322299999999906e+00
4.887999999999999901e+00,1.135544799999999896e+03,6.035800100000000157e+02,3.373270400000000109e+02,1.408515100000000020e+00,1.105070399999999964e+01,1.147335200000000022e+01,8.899902400000000213e+00,4.014073200000000341e+00
4.892000000000000348e+00,1.135015699999999924e+03,6.028704500000000053e+02,3.364876100000000179e+02,1.593082099999999945e+00,1.085927799999999976e+01,1.125679399999999930e+01,8.684332299999999449e+00,3.888841799999999793e+00
4.895999999999999908e+00,1.134556800000000067e+03,6.022400699999999460e+02,3.357154100000000199e+02,1.787303599999999992e+00,1.066876099999999994e+01,1.104133599999999937e+01,8.476543100000000663e+00,3.765089000000000130e+00
4.900000000000000355e+00,1.134244300000000067e+03,6.017280799999999772e+02,3.350270600000000059e+02,1.981280200000000047e+00,1.048204199999999986e+01,1.082863599999999948e+01,8.278092300000000847e+00,3.646298600000000167e+00
4.903999999999999915e+00,1.133938000000000102e+03,6.012318599999999833e+02,3.343542699999999854e+02,2.172447299999999970e+00,1.029720299999999966e+01,1.061758299999999977e+01,8.086891400000000729e+00,3.532271800000000184e+00
4.908000000000000362e+00,1.133653399999999920e+03,6.007717199999999593e+02,3.337204800000000091e+02,2.361440800000000007e+00,1.011464900000000000e+01,1.040892400000000073e+01,7.902988200000000241e+00,3.423131399999999935e+00
4.911999999999999922e+00,1.133487499999999955e+03,6.004150799999999890e+02,3.331614200000000210e+02,2.553034199999999920e+00,9.935675200000000373e+00,1.020306599999999975e+01,7.726097300000000168e+00,3.318021400000000121e+00
4.916000000000000369e+00,1.133371300000000019e+03,6.001146899999999960e+02,3.326535600000000272e+02,2.742020500000000194e+00,9.760066000000000130e+00,1.000107500000000016e+01,7.556612399999999674e+00,3.218628499999999892e+00
4.919999999999999929e+00,1.133240000000000009e+03,5.997999099999999544e+02,3.321471399999999790e+02,2.930828299999999942e+00,9.586745499999999254e+00,9.804551999999999268e+00,7.394484300000000232e+00,3.127552000000000110e+00
4.924000000000000377e+00,1.133171599999999899e+03,5.995438400000000456e+02,3.316900899999999979e+02,3.120005700000000104e+00,9.414482100000000742e+00,9.609876099999999255e+00,7.236064200000000390e+00,3.041175400000000195e+00
4.927999999999999936e+00,1.133061400000000049e+03,5.992704899999999952e+02,3.312360100000000216e+02,3.314249999999999918e+00,9.245812199999999592e+00,9.418994400000000766e+00,7.082393500000000230e+00,2.961274500000000032e+00
4.932000000000000384e+00,1.133137300000000096e+03,5.991743000000000166e+02,3.309232099999999832e+02,3.521703000000000028e+00,9.079361699999999757e+00,9.232106599999999830e+00,6.936279500000000375e+00,2.882038200000000217e+00
4.935999999999999943e+00,1.133359300000000076e+03,5.992174400000000105e+02,3.307203900000000090e+02,3.736119799999999991e+00,8.916758200000000301e+00,9.049926700000000324e+00,6.797090700000000041e+00,2.807275900000000046e+00
4.940000000000000391e+00,1.133633900000000040e+03,5.992947500000000218e+02,3.305436300000000074e+02,3.937699999999999978e+00,8.754900499999999752e+00,8.869128899999999760e+00,6.661099600000000009e+00,2.734219099999999791e+00
4.943999999999999950e+00,1.133897699999999986e+03,5.994059700000000248e+02,3.304353600000000029e+02,4.148032500000000233e+00,8.594857499999999817e+00,8.690740399999999255e+00,6.529011999999999816e+00,2.656440499999999982e+00
4.948000000000000398e+00,1.134263099999999895e+03,5.995972600000000057e+02,3.303747700000000123e+02,4.333225999999999800e+00,8.439303499999999403e+00,8.517303699999999367e+00,6.403291300000000241e+00,2.585527200000000025e+00
4.951999999999999957e+00,1.134781600000000026e+03,5.999262599999999566e+02,3.304299899999999752e+02,4.546392299999999942e+00,8.287114900000000617e+00,8.347803799999999441e+00,6.282624499999999834e+00,2.519390000000000018e+00
4.956000000000000405e+00,1.135319500000000062e+03,6.002803000000000111e+02,3.305203700000000140e+02,4.764105100000000093e+00,8.136903800000000686e+00,8.181781199999999643e+00,6.166987999999999914e+00,2.460069100000000120e+00
4.959999999999999964e+00,1.135868699999999990e+03,6.006518800000000056e+02,3.306265399999999772e+02,4.984816200000000030e+00,7.986894999999999634e+00,8.017039199999999255e+00,6.052724699999999736e+00,2.399434999999999985e+00
4.964000000000000412e+00,1.136492199999999912e+03,6.010855900000000247e+02,3.307579700000000003e+02,5.223058299999999932e+00,7.840060799999999830e+00,7.856723800000000146e+00,5.943409299999999895e+00,2.343592300000000073e+00
4.967999999999999972e+00,1.137213600000000042e+03,6.016074800000000096e+02,3.309738699999999767e+02,5.452274599999999971e+00,7.696874099999999608e+00,7.701196000000000375e+00,5.839076699999999676e+00,2.292310099999999906e+00
4.972000000000000419e+00,1.138045100000000048e+03,6.022333899999999858e+02,3.312640099999999848e+02,5.679854100000000017e+00,7.556028699999999709e+00,7.548640200000000355e+00,5.738018399999999630e+00,2.243640500000000149e+00
4.975999999999999979e+00,1.138989900000000034e+03,6.029881699999999682e+02,3.316880699999999820e+02,5.918690899999999644e+00,7.419404199999999783e+00,7.400129899999999594e+00,5.641291500000000347e+00,2.198556599999999861e+00
4.980000000000000426e+00,1.140080200000000104e+03,6.038426600000000235e+02,3.321655200000000150e+02,6.121829700000000152e+00,7.284774600000000433e+00,7.255729299999999604e+00,5.548146599999999928e+00,2.155717199999999778e+00
4.983999999999999986e+00,1.141316100000000006e+03,6.048729399999999714e+02,3.328791200000000003e+02,6.358160800000000279e+00,7.150869000000000142e+00,7.113227099999999581e+00,5.456772299999999909e+00,2.116691199999999995e+00
4.988000000000000433e+00,1.142582699999999932e+03,6.059519599999999855e+02,3.336451099999999883e+02,6.619064999999999976e+00,7.018862300000000332e+00,6.972970100000000393e+00,5.367081200000000329e+00,2.077542600000000128e+00
4.991999999999999993e+00,1.143969000000000051e+03,6.071415799999999763e+02,3.345198700000000258e+02,6.881147699999999645e+00,6.891984400000000122e+00,6.837907500000000027e+00,5.281866199999999623e+00,2.041562100000000157e+00
4.996000000000000441e+00,1.145511899999999969e+03,6.084591500000000224e+02,3.354965399999999818e+02,7.147962200000000266e+00,6.767156299999999902e+00,6.705149800000000049e+00,5.198617200000000160e+00,2.007141299999999795e+00
5.000000000000000000e+00,1.147156400000000076e+03,6.098731900000000223e+02,3.365723499999999717e+02,7.416104599999999714e+00,6.646729699999999852e+00,6.576882999999999591e+00,5.119495200000000246e+00,1.975958000000000103e+00
5.003999999999999559e+00,1.148938799999999901e+03,6.114046200000000226e+02,3.377578300000000127e+02,7.682102300000000383e+00,6.529151599999999611e+00,6.451346199999999698e+00,5.043851599999999991e+00,1.946930199999999944e+00
5.008000000000000007e+00,1.150856399999999894e+03,6.130495499999999538e+02,3.390423000000000116e+02,7.946298999999999779e+00,6.412426299999999912e+00,6.328524800000000283e+00,4.966750700000000407e+00,1.917318300000000031e+00
5.011999999999999567e+00,1.152810799999999972e+03,6.147408299999999599e+02,3.403720900000000142e+02,8.213613399999999842e+00,6.299504899999999630e+00,6.211237099999999955e+00,4.891275199999999934e+00,1.889794399999999985e+00
5.016000000000000014e+00,1.154966100000000097e+03,6.165972600000000057e+02,3.418431299999999737e+02,8.485405599999999993e+00,6.189884300000000117e+00,6.096059300000000292e+00,4.821251700000000362e+00,1.865554500000000004e+00
5.019999999999999574e+00,1.157215200000000095e+03,6.185583699999999681e+02,3.434424999999999955e+02,8.767385900000000731e+00,6.082962199999999875e+00,5.984001799999999704e+00,4.753114599999999967e+00,1.843833800000000078e+00
5.024000000000000021e+00,1.159607799999999997e+03,6.206246099999999615e+02,3.451151699999999778e+02,9.051710500000000437e+00,5.976259599999999672e+00,5.873479299999999625e+00,4.683987600000000029e+00,1.823146200000000050e+00
5.027999999999999581e+00,1.162163800000000037e+03,6.227491800000000239e+02,3.466666200000000231e+02,9.371960899999999484e+00,5.872648500000000382e+00,5.768070599999999715e+00,4.614878599999999942e+00,1.803285500000000097e+00
5.032000000000000028e+00,1.164904600000000073e+03,6.250869800000000396e+02,3.485090799999999831e+02,9.712044799999999256e+00,5.774267100000000319e+00,5.659775500000000292e+00,4.559301600000000398e+00,1.786108800000000052e+00
5.035999999999999588e+00,1.167816399999999931e+03,6.275593499999999949e+02,3.504638400000000047e+02,1.006651399999999974e+01,5.677259199999999950e+00,5.553834799999999738e+00,4.503122300000000244e+00,1.768890300000000027e+00
5.040000000000000036e+00,1.170847400000000107e+03,6.300784499999999753e+02,3.522945300000000088e+02,1.048546999999999940e+01,5.586662600000000367e+00,5.457699299999999809e+00,4.446649700000000038e+00,1.754634599999999933e+00
5.043999999999999595e+00,1.174181299999999965e+03,6.329959099999999808e+02,3.547407099999999787e+02,1.092734500000000075e+01,5.496281200000000311e+00,5.362997199999999687e+00,4.389378699999999967e+00,1.740037199999999951e+00
5.048000000000000043e+00,1.177729000000000042e+03,6.360952300000000150e+02,3.573474100000000249e+02,1.134898100000000021e+01,5.410660199999999698e+00,5.272338399999999758e+00,4.335120700000000049e+00,1.727767099999999889e+00
5.051999999999999602e+00,1.181463500000000067e+03,6.393420899999999847e+02,3.600737599999999929e+02,1.178552499999999981e+01,5.326796899999999724e+00,5.183337400000000095e+00,4.281563499999999856e+00,1.715467199999999970e+00
5.056000000000000050e+00,1.185502500000000055e+03,6.429620300000000270e+02,3.633197499999999991e+02,1.238628800000000041e+01,5.245023299999999722e+00,5.097200800000000420e+00,4.230065399999999975e+00,1.704836999999999936e+00
5.059999999999999609e+00,1.189699299999999994e+03,6.466198500000000422e+02,3.664208199999999920e+02,1.287362899999999932e+01,5.169358899999999757e+00,5.015837099999999715e+00,4.182099100000000291e+00,1.697315399999999919e+00
5.064000000000000057e+00,1.194243099999999913e+03,6.506068500000000085e+02,3.698879900000000021e+02,1.339073400000000014e+01,5.095671499999999909e+00,4.936324899999999793e+00,4.134675699999999843e+00,1.690423199999999904e+00
5.067999999999999616e+00,1.198948499999999967e+03,6.547273300000000518e+02,3.734542999999999893e+02,1.393117799999999917e+01,5.022913400000000195e+00,4.856115899999999819e+00,4.085344000000000086e+00,1.681111400000000033e+00
5.072000000000000064e+00,1.203963400000000092e+03,6.591308599999999842e+02,3.772982999999999834e+02,1.451541600000000010e+01,4.955436899999999589e+00,4.781347300000000189e+00,4.039550400000000430e+00,1.673799199999999932e+00
5.075999999999999623e+00,1.209276000000000067e+03,6.637789199999999710e+02,3.813373700000000213e+02,1.511547499999999999e+01,4.894969399999999915e+00,4.712373600000000273e+00,3.998820499999999889e+00,1.671250899999999984e+00
5.080000000000000071e+00,1.214940299999999979e+03,6.687326299999999719e+02,3.856522800000000188e+02,1.577600200000000008e+01,4.833539400000000263e+00,4.641306000000000154e+00,3.954781000000000102e+00,1.664611400000000074e+00
5.083999999999999631e+00,1.220897500000000036e+03,6.739624800000000278e+02,3.902320799999999963e+02,1.652302099999999996e+01,4.777423299999999706e+00,4.575390699999999811e+00,3.914953699999999870e+00,1.662147299999999994e+00
5.088000000000000078e+00,1.227132599999999911e+03,6.794652700000000323e+02,3.950891899999999737e+02,1.737187799999999882e+01,4.720455699999999588e+00,4.508115100000000375e+00,3.872415900000000022e+00,1.656080999999999914e+00
5.091999999999999638e+00,1.233789899999999989e+03,6.853429300000000239e+02,4.002893300000000067e+02,1.835532900000000112e+01,4.668468899999999699e+00,4.446826699999999910e+00,3.834770999999999930e+00,1.654987100000000044e+00
5.096000000000000085e+00,1.240860699999999952e+03,6.916240699999999606e+02,4.058707999999999743e+02,1.953584100000000134e+01,4.623319200000000073e+00,4.390025099999999902e+00,3.799122000000000110e+00,1.652834700000000101e+00
5.099999999999999645e+00,1.248389599999999973e+03,6.983701099999999542e+02,4.119525300000000243e+02,2.115798300000000154e+01,4.599477199999999932e+00,4.336966699999999619e+00,3.767845100000000169e+00,1.656695000000000029e+00
5.104000000000000092e+00,1.256057199999999966e+03,7.050504700000000184e+02,4.177270800000000008e+02,2.185970299999999966e+01,4.573986200000000224e+00,4.277656499999999973e+00,3.729449799999999815e+00,1.652449700000000021e+00
5.107999999999999652e+00,1.264045200000000023e+03,7.119859400000000278e+02,4.236482199999999807e+02,2.204982700000000051e+01,4.525203499999999934e+00,4.224514799999999681e+00,3.697010500000000199e+00,1.654969499999999982e+00
5.112000000000000099e+00,1.272683999999999969e+03,7.196121200000000044e+02,4.303411600000000021e+02,2.289859500000000025e+01,4.479030100000000125e+00,4.172362800000000149e+00,3.662459300000000084e+00,1.652986400000000078e+00
5.115999999999999659e+00,1.281889799999999923e+03,7.278297300000000405e+02,4.376830600000000118e+02,2.421863199999999949e+01,4.454309199999999969e+00,4.132978999999999736e+00,3.639307599999999976e+00,1.661717000000000111e+00
5.120000000000000107e+00,1.291549700000000030e+03,7.364304899999999634e+02,4.453251200000000267e+02,2.545179900000000117e+01,4.428282300000000227e+00,4.085114899999999771e+00,3.607012300000000060e+00,1.660613200000000012e+00
5.123999999999999666e+00,1.301735100000000102e+03,7.455253999999999905e+02,4.534402299999999855e+02,2.680284699999999987e+01,4.417651199999999889e+00,4.045631300000000152e+00,3.582908300000000157e+00,1.667700699999999925e+00
5.128000000000000114e+00,1.312426999999999907e+03,7.551085500000000366e+02,4.620337000000000103e+02,2.823299599999999998e+01,4.414583900000000227e+00,4.002634500000000095e+00,3.554357399999999778e+00,1.668852900000000083e+00
5.131999999999999673e+00,1.323751700000000028e+03,7.652778200000000197e+02,4.711722800000000007e+02,2.973357299999999981e+01,4.427638400000000196e+00,3.969531100000000201e+00,3.535914200000000118e+00,1.680172699999999963e+00
5.136000000000000121e+00,1.335649400000000014e+03,7.759980699999999842e+02,4.808343699999999785e+02,3.130968000000000018e+01,4.443235900000000349e+00,3.932250300000000198e+00,3.512610000000000010e+00,1.685214999999999907e+00
5.139999999999999680e+00,1.348146999999999935e+03,7.873106500000000096e+02,4.910891100000000051e+02,3.302369999999999806e+01,4.424706200000000145e+00,3.913340600000000169e+00,3.500859499999999791e+00,1.697962999999999889e+00
5.144000000000000128e+00,1.361348500000000058e+03,7.993012599999999566e+02,5.020058799999999906e+02,3.500694000000000017e+01,4.465367200000000203e+00,3.868588299999999869e+00,3.474019000000000190e+00,1.700960400000000039e+00
5.147999999999999687e+00,1.375231099999999969e+03,8.119623199999999770e+02,5.135882400000000416e+02,3.717943499999999801e+01,4.485389200000000187e+00,3.847960899999999906e+00,3.462105199999999883e+00,1.714128199999999991e+00
5.152000000000000135e+00,1.389971800000000030e+03,8.254434499999999844e+02,5.259569999999999936e+02,3.964008900000000324e+01,4.505816000000000265e+00,3.822144699999999951e+00,3.446661399999999986e+00,1.723982399999999915e+00
5.155999999999999694e+00,1.405477300000000014e+03,8.396934599999999591e+02,5.391032000000000153e+02,4.243801599999999752e+01,4.563214699999999624e+00,3.801944400000000002e+00,3.436775700000000100e+00,1.739563399999999982e+00
5.160000000000000142e+00,1.421721800000000030e+03,8.546992000000000189e+02,5.530078800000000001e+02,4.555101299999999753e+01,4.603221800000000030e+00,3.775035599999999825e+00,3.419213000000000058e+00,1.746728300000000011e+00
5.163999999999999702e+00,1.438729800000000068e+03,8.705079200000000128e+02,5.677530400000000554e+02,4.914455900000000099e+01,4.685082399999999758e+00,3.759106300000000012e+00,3.409664600000000156e+00,1.760458899999999938e+00
5.168000000000000149e+00,1.456716100000000097e+03,8.873054899999999634e+02,5.834718699999999671e+02,5.316801199999999739e+01,4.756854699999999880e+00,3.740059500000000092e+00,3.395457200000000064e+00,1.767998600000000087e+00
5.171999999999999709e+00,1.475656099999999924e+03,9.050921799999999848e+02,6.001981299999999919e+02,5.758718799999999760e+01,4.855542500000000317e+00,3.743762100000000093e+00,3.402221299999999893e+00,1.794002199999999991e+00
5.176000000000000156e+00,1.495551099999999906e+03,9.239545200000000023e+02,6.181125500000000557e+02,6.262125199999999836e+01,4.947025599999999912e+00,3.731104800000000221e+00,3.391539600000000210e+00,1.802370400000000039e+00
5.179999999999999716e+00,1.516541199999999890e+03,9.439290300000000116e+02,6.370458099999999604e+02,6.924717699999999354e+01,5.037741399999999814e+00,3.734029099999999879e+00,3.393012699999999882e+00,1.822603900000000055e+00
5.184000000000000163e+00,1.538435300000000097e+03,9.649487900000000309e+02,6.571882200000000012e+02,7.685368599999999617e+01,5.048382199999999820e+00,3.724989299999999837e+00,3.380503699999999778e+00,1.827989300000000039e+00
5.187999999999999723e+00,1.561188300000000027e+03,9.867510899999999765e+02,6.779553600000000415e+02,8.502703099999999381e+01,5.115294399999999797e+00,3.742899700000000163e+00,3.390435099999999924e+00,1.852862000000000009e+00
5.192000000000000171e+00,1.584778399999999920e+03,1.009463799999999992e+03,6.996451299999999947e+02,9.349677200000000710e+01,5.406922299999999737e+00,3.744764899999999841e+00,3.386398199999999914e+00,1.863706400000000096e+00
5.195999999999999730e+00,1.609326000000000022e+03,1.033223099999999931e+03,7.224090899999999920e+02,1.030743400000000065e+02,5.643036999999999637e+00,3.757960900000000048e+00,3.394060300000000030e+00,1.887509799999999904e+00
5.200000000000000178e+00,1.634856600000000071e+03,1.058108199999999897e+03,7.463928799999999910e+02,1.138264099999999956e+02,5.669363500000000222e+00,3.758866400000000052e+00,3.388655599999999879e+00,1.894994099999999904e+00
5.203999999999999737e+00,1.661421499999999924e+03,1.084150499999999965e+03,7.715674199999999701e+02,1.257278000000000020e+02,5.903780600000000156e+00,3.780568999999999846e+00,3.401894500000000043e+00,1.917758599999999980e+00
5.208000000000000185e+00,1.689132000000000062e+03,1.111484099999999899e+03,7.980814800000000560e+02,1.388873299999999915e+02,6.480304399999999632e+00,3.798471800000000176e+00,3.413576500000000014e+00,1.936385299999999976e+00
5.211999999999999744e+00,1.717557600000000093e+03,1.139713199999999915e+03,8.255904799999999568e+02,1.531530799999999886e+02,6.579781299999999611e+00,3.830631200000000014e+00,3.437878200000000106e+00,1.964497600000000066e+00
5.216000000000000192e+00,1.747220000000000027e+03,1.169329400000000078e+03,8.545518799999999828e+02,1.688909600000000069e+02,6.567746999999999780e+00,3.866264900000000004e+00,3.457415500000000197e+00,1.983039699999999961e+00
5.219999999999999751e+00,1.777717200000000048e+03,1.200030099999999948e+03,8.847727300000000241e+02,1.863246800000000007e+02,6.576606599999999858e+00,3.919666299999999826e+00,3.483060299999999998e+00,2.009233699999999789e+00
5.224000000000000199e+00,1.809625199999999950e+03,1.232332400000000007e+03,9.167016099999999597e+02,2.057537299999999902e+02,6.529867600000000216e+00,3.997871799999999975e+00,3.504926799999999787e+00,2.030290799999999951e+00
5.227999999999999758e+00,1.842624800000000050e+03,1.265996799999999894e+03,9.501905900000000429e+02,2.273191400000000044e+02,6.357608899999999785e+00,4.097029100000000312e+00,3.540906199999999782e+00,2.062965099999999996e+00
5.232000000000000206e+00,1.876610599999999977e+03,1.301008800000000065e+03,9.853544200000000046e+02,2.521160800000000108e+02,5.961857499999999810e+00,4.192251599999999634e+00,3.563690600000000153e+00,2.078912799999999894e+00
5.235999999999999766e+00,1.912370400000000018e+03,1.338270700000000033e+03,1.023232499999999959e+03,2.821732499999999959e+02,5.219263699999999950e+00,4.313334700000000410e+00,3.606725599999999865e+00,2.109192900000000037e+00
5.240000000000000213e+00,1.949662800000000061e+03,1.377443700000000035e+03,1.063378799999999956e+03,3.176293499999999881e+02,4.144488100000000230e+00,4.431245800000000123e+00,3.642730499999999871e+00,2.124170799999999915e+00
5.243999999999999773e+00,1.988197499999999991e+03,1.418253400000000056e+03,1.105483799999999974e+03,3.584037500000000023e+02,2.684497799999999934e+00,4.573448199999999630e+00,3.704273000000000149e+00,2.154808399999999846e+00
5.248000000000000220e+00,2.027672399999999925e+03,1.460236599999999953e+03,1.148991400000000112e+03,4.038018500000000017e+02,9.120708499999999885e-01,4.720971500000000098e+00,3.769661699999999893e+00,2.171512799999999910e+00
5.251999999999999780e+00,2.067643900000000031e+03,1.502927799999999934e+03,1.193398699999999963e+03,4.527252500000000168e+02,-1.247976100000000033e+00,4.928612900000000074e+00,3.878810399999999881e+00,2.197407899999999970e+00
5.256000000000000227e+00,2.109041099999999915e+03,1.547444500000000062e+03,1.240113900000000058e+03,5.095913699999999835e+02,-4.060247099999999776e+00,5.124189999999999579e+00,3.987665900000000097e+00,2.206234199999999923e+00
5.259999999999999787e+00,2.149352499999999964e+03,1.590644800000000032e+03,1.285120200000000068e+03,5.613873800000000074e+02,-6.465496299999999863e+00,5.367471199999999776e+00,4.135376400000000174e+00,2.225047099999999833e+00
5.264000000000000234e+00,2.187967599999999948e+03,1.632003200000000106e+03,1.328356800000000021e+03,6.135501100000000179e+02,-9.058598200000000489e+00,5.639453699999999792e+00,4.312936900000000406e+00,2.246606900000000184e+00
5.267999999999999794e+00,2.226002500000000055e+03,1.672835100000000011e+03,1.371207300000000032e+03,6.644997399999999743e+02,-1.211873800000000045e+01,5.954365899999999989e+00,4.522292300000000154e+00,2.291076499999999960e+00
5.272000000000000242e+00,2.264060699999999997e+03,1.713932000000000016e+03,1.414789099999999962e+03,7.177464300000000321e+02,-1.965934599999999932e+01,6.100410600000000017e+00,4.693806900000000226e+00,2.312874599999999781e+00
5.275999999999999801e+00,2.301458999999999833e+03,1.754440700000000106e+03,1.457969399999999951e+03,7.697091900000000351e+02,-2.983341400000000121e+01,6.204201799999999878e+00,4.907258200000000237e+00,2.359763300000000008e+00
5.280000000000000249e+00,2.337310599999999795e+03,1.793282999999999902e+03,1.499461700000000064e+03,8.182136699999999792e+02,-4.111454499999999967e+01,6.342844499999999996e+00,5.177229399999999870e+00,2.408107199999999892e+00
5.283999999999999808e+00,2.372143099999999777e+03,1.830953500000000076e+03,1.539861200000000053e+03,8.637502399999999625e+02,-5.274709899999999863e+01,6.416667399999999688e+00,5.485464499999999965e+00,2.472464899999999854e+00
5.288000000000000256e+00,2.404270100000000184e+03,1.865383000000000038e+03,1.576466699999999946e+03,9.007726000000000113e+02,-5.802053899999999942e+01,6.812390800000000191e+00,5.916474499999999637e+00,2.560331999999999830e+00
5.291999999999999815e+00,2.434215999999999894e+03,1.897721199999999953e+03,1.611444899999999961e+03,9.381945200000000114e+02,-6.365005200000000229e+01,7.377981100000000403e+00,6.479621899999999712e+00,2.668172999999999906e+00
5.296000000000000263e+00,2.462857300000000123e+03,1.928699200000000019e+03,1.645197799999999916e+03,9.731289000000000442e+02,-7.262541000000000224e+01,8.002610900000000527e+00,7.080660499999999580e+00,2.787641799999999837e+00
5.299999999999999822e+00,2.490242200000000139e+03,1.958480199999999968e+03,1.677859899999999925e+03,1.007746200000000044e+03,-8.585927900000000079e+01,8.399157799999999341e+00,7.630173000000000094e+00,2.962308000000000163e+00
5.304000000000000270e+00,2.516768199999999979e+03,1.987203999999999951e+03,1.709449299999999994e+03,1.041527399999999943e+03,-9.764510699999999588e+01,8.962848199999999821e+00,8.275416299999999836e+00,3.152515900000000038e+00
5.307999999999999829e+00,2.542157099999999900e+03,2.014904099999999971e+03,1.739984500000000025e+03,1.074761299999999892e+03,-1.080735899999999958e+02,9.672046699999999220e+00,9.004218299999999786e+00,3.371060599999999852e+00
5.312000000000000277e+00,2.565819199999999910e+03,2.040679399999999987e+03,1.768625700000000052e+03,1.106755599999999959e+03,-1.142262000000000057e+02,1.077236500000000063e+01,9.889252400000000165e+00,3.633718500000000073e+00
5.315999999999999837e+00,2.588088699999999790e+03,2.065104400000000169e+03,1.795833399999999983e+03,1.137981600000000071e+03,-1.200130699999999990e+02,1.214364499999999936e+01,1.094102499999999978e+01,3.945276900000000087e+00
5.320000000000000284e+00,2.608893500000000131e+03,2.087832199999999830e+03,1.821134299999999939e+03,1.166905500000000075e+03,-1.271293299999999959e+02,1.361473900000000015e+01,1.210704899999999995e+01,4.309143399999999957e+00
5.325000000000000178e+00,2.629265600000000177e+03,2.109976500000000215e+03,1.844803499999999985e+03,1.185565000000000055e+03,-1.268242300000000000e+02,1.560426700000000011e+01,1.383151200000000003e+01,5.028979999999999784e+00
5.330000000000000071e+00,2.650517299999999977e+03,2.133360799999999927e+03,1.870732999999999947e+03,1.214749299999999948e+03,-1.466214099999999974e+02,1.781559299999999979e+01,1.565092399999999984e+01,5.641668199999999800e+00
5.334999999999999964e+00,2.670501499999999851e+03,2.155179700000000139e+03,1.894606500000000096e+03,1.240644199999999955e+03,-1.832523799999999881e+02,2.059278799999999876e+01,1.785383399999999909e+01,6.484824299999999653e+00
5.339999999999999858e+00,2.688018599999999878e+03,2.174405099999999948e+03,1.915765499999999975e+03,1.263755900000000111e+03,-2.188075100000000077e+02,2.356287700000000029e+01,2.031053599999999904e+01,7.464631100000000075e+00
5.344999999999999751e+00,2.704192799999999806e+03,2.192314400000000205e+03,1.935568700000000035e+03,1.285264200000000073e+03,-2.489424300000000017e+02,2.797216799999999992e+01,2.345684599999999875e+01,8.746673100000000645e+00
5.349999999999999645e+00,2.719073499999999967e+03,2.208907400000000052e+03,1.954017599999999902e+03,1.305412100000000009e+03,-2.749423400000000015e+02,3.275047399999999698e+01,2.689687299999999937e+01,1.025049500000000080e+01
5.355000000000000426e+00,2.731401299999999992e+03,2.222574399999999969e+03,1.969007000000000062e+03,1.319490399999999909e+03,-3.231034000000000219e+02,3.862931199999999876e+01,3.077865800000000007e+01,1.188859700000000075e+01
5.360000000000000320e+00,2.745525000000000091e+03,2.238699399999999969e+03,1.987277599999999893e+03,1.341145199999999932e+03,-3.296663699999999722e+02,4.246627199999999647e+01,3.408046900000000079e+01,1.371482100000000059e+01
5.365000000000000213e+00,2.757937500000000000e+03,2.252945700000000215e+03,2.003399400000000014e+03,1.359690900000000056e+03,-3.446039000000000101e+02,4.960867300000000313e+01,3.882881900000000286e+01,1.596895199999999981e+01
5.370000000000000107e+00,2.769296699999999873e+03,2.266245699999999943e+03,2.018699299999999994e+03,1.378353100000000040e+03,-3.487506500000000074e+02,5.724450600000000122e+01,4.456188600000000122e+01,1.864916799999999952e+01
5.375000000000000000e+00,2.779472499999999854e+03,2.278276800000000094e+03,2.032600100000000111e+03,1.395366400000000112e+03,-3.541344599999999900e+02,6.785774700000000337e+01,5.199934499999999815e+01,2.169495300000000171e+01
5.379999999999999893e+00,2.788453599999999824e+03,2.289142600000000130e+03,2.045365500000000111e+03,1.411804399999999987e+03,-3.543937300000000050e+02,8.031452600000000075e+01,6.098768400000000156e+01,2.542578200000000166e+01
5.384999999999999787e+00,2.796181000000000040e+03,2.298711699999999837e+03,2.056768000000000029e+03,1.426980999999999995e+03,-3.536994700000000194e+02,9.474019400000000246e+01,7.204610200000000475e+01,2.992929200000000023e+01
5.389999999999999680e+00,2.802889000000000124e+03,2.307247299999999996e+03,2.067120699999999943e+03,1.441486100000000079e+03,-3.507947599999999966e+02,1.110488399999999984e+02,8.671772099999999739e+01,3.540602499999999964e+01
5.394999999999999574e+00,2.808382900000000063e+03,2.314541400000000067e+03,2.076195799999999963e+03,1.454985599999999977e+03,-3.463032900000000041e+02,1.291792499999999961e+02,1.051172100000000000e+02,4.196665099999999882e+01
5.400000000000000355e+00,2.813074700000000121e+03,2.321034900000000107e+03,2.084472200000000157e+03,1.468153600000000097e+03,-3.386787899999999922e+02,1.521176800000000071e+02,1.289895600000000115e+02,5.012725499999999812e+01
5.403999999999999915e+00,2.819729400000000169e+03,2.329513500000000022e+03,2.096288500000000113e+03,1.497704099999999926e+03,-3.809730500000000006e+02,1.754384300000000110e+02,1.513490299999999991e+02,5.680470499999999845e+01
5.408000000000000362e+00,2.822588299999999890e+03,2.333555699999999888e+03,2.101764799999999923e+03,1.507509199999999964e+03,-3.670774700000000053e+02,1.989747600000000034e+02,1.760233100000000093e+02,6.532933699999999533e+01
5.411999999999999922e+00,2.823669499999999971e+03,2.335875300000000152e+03,2.105456599999999980e+03,1.514528199999999970e+03,-3.480745600000000195e+02,2.228476799999999969e+02,2.022003899999999987e+02,7.495174599999999998e+01
5.416000000000000369e+00,2.824415100000000166e+03,2.337808300000000145e+03,2.108737599999999929e+03,1.521101300000000037e+03,-3.310355099999999879e+02,2.475755000000000052e+02,2.311332199999999943e+02,8.690871699999999578e+01
5.419999999999999929e+00,2.824309999999999945e+03,2.338872899999999845e+03,2.111124800000000050e+03,1.526966400000000021e+03,-3.173933499999999981e+02,2.715956600000000094e+02,2.617722099999999728e+02,1.006218400000000059e+02
5.424000000000000377e+00,2.823699399999999969e+03,2.339415599999999813e+03,2.112985900000000129e+03,1.532747900000000072e+03,-3.031741900000000101e+02,2.970875199999999836e+02,2.932937600000000202e+02,1.155025600000000026e+02
5.427999999999999936e+00,2.822729299999999967e+03,2.339604800000000068e+03,2.114510900000000220e+03,1.538765799999999899e+03,-2.864893700000000081e+02,3.266256000000000199e+02,3.264800700000000120e+02,1.324349300000000085e+02
5.432000000000000384e+00,2.821201900000000023e+03,2.339171299999999974e+03,2.115378299999999854e+03,1.544490900000000011e+03,-2.681433799999999792e+02,3.595721399999999903e+02,3.649865300000000161e+02,1.563782600000000116e+02
5.435999999999999943e+00,2.819232599999999820e+03,2.338335900000000038e+03,2.115790100000000166e+03,1.549843399999999974e+03,-2.485543299999999931e+02,3.927512500000000273e+02,4.043563100000000077e+02,1.889457400000000007e+02
5.440000000000000391e+00,2.816495300000000043e+03,2.336584400000000187e+03,2.115206400000000031e+03,1.554297000000000025e+03,-2.289067799999999977e+02,4.226928199999999833e+02,4.389362600000000043e+02,2.271602200000000096e+02
5.443999999999999950e+00,2.813057800000000043e+03,2.334068200000000161e+03,2.113739300000000185e+03,1.557646999999999935e+03,-2.100223400000000140e+02,4.481488400000000070e+02,4.677992899999999850e+02,2.690361100000000079e+02
5.448000000000000398e+00,2.808819300000000112e+03,2.330655699999999797e+03,2.111283300000000054e+03,1.559906899999999951e+03,-1.916233799999999974e+02,4.703351999999999862e+02,4.920518200000000206e+02,3.126088599999999929e+02
5.451999999999999957e+00,2.804288000000000011e+03,2.326933899999999994e+03,2.108489999999999782e+03,1.562005200000000059e+03,-1.716259499999999889e+02,4.944652699999999754e+02,5.204056600000000117e+02,3.634559899999999857e+02
5.456000000000000405e+00,2.799276600000000144e+03,2.322626299999999901e+03,2.105007900000000063e+03,1.563207300000000032e+03,-1.521645100000000070e+02,5.151631999999999607e+02,5.437495900000000120e+02,4.169626499999999965e+02
5.459999999999999964e+00,2.793524300000000039e+03,2.317512000000000171e+03,2.100646999999999935e+03,1.563406600000000026e+03,-1.331755599999999902e+02,5.331621300000000474e+02,5.631072900000000345e+02,4.670538999999999987e+02
5.463333300000000392e+00,2.790729299999999967e+03,2.315384700000000066e+03,2.101183500000000095e+03,1.581306399999999940e+03,-1.579937500000000057e+02,5.458093699999999444e+02,5.734316000000000031e+02,5.103520300000000134e+02
5.466666700000000212e+00,2.785668000000000120e+03,2.310550699999999779e+03,2.096969200000000001e+03,1.580523699999999963e+03,-1.379156800000000089e+02,5.591569600000000264e+02,5.836911999999999807e+02,5.481164800000000241e+02
5.469999999999999751e+00,2.779539999999999964e+03,2.304629199999999855e+03,2.091523999999999887e+03,1.577009299999999939e+03,-1.147122800000000069e+02,5.695226000000000113e+02,5.926060300000000325e+02,5.784289099999999735e+02
5.473333300000000179e+00,2.772945600000000013e+03,2.298215299999999843e+03,2.085559699999999793e+03,1.572794300000000021e+03,-9.504504099999999767e+01,5.779578299999999444e+02,5.989195700000000215e+02,5.980167599999999766e+02
5.476666699999999999e+00,2.766052700000000186e+03,2.291455899999999929e+03,2.079240999999999985e+03,1.568396999999999935e+03,-7.798036199999999951e+01,5.842390900000000329e+02,6.020248100000000022e+02,6.057154100000000199e+02
5.480000000000000426e+00,2.758927700000000186e+03,2.284447799999999916e+03,2.072658500000000004e+03,1.563938900000000103e+03,-6.230046200000000312e+01,5.898971699999999601e+02,6.040757499999999709e+02,6.069217999999999620e+02
5.483333299999999966e+00,2.751449099999999817e+03,2.277085700000000088e+03,2.065691200000000208e+03,1.559235500000000002e+03,-4.766361500000000007e+01,5.946100800000000390e+02,6.050869800000000396e+02,6.023875900000000456e+02
5.486666699999999786e+00,2.743917899999999918e+03,2.269613899999999830e+03,2.058572200000000066e+03,1.554456300000000056e+03,-3.344478900000000010e+01,5.995669500000000198e+02,6.068219000000000278e+02,5.960135599999999840e+02
5.490000000000000213e+00,2.735944300000000112e+03,2.261655600000000049e+03,2.050910100000000057e+03,1.549114499999999907e+03,-2.012771599999999950e+01,6.037317199999999957e+02,6.082662400000000389e+02,5.853933700000000044e+02
5.493333299999999753e+00,2.727798099999999977e+03,2.253526800000000094e+03,2.043035000000000082e+03,1.543524899999999889e+03,-7.349526400000000237e+00,6.072009900000000471e+02,6.086974900000000162e+02,5.751366699999999810e+02
5.496666699999999572e+00,2.720021600000000035e+03,2.245671400000000176e+03,2.035455400000000054e+03,1.538552400000000034e+03,6.684894500000000406e+00,6.118188499999999976e+02,6.102369899999999916e+02,5.645792900000000145e+02
5.500000000000000000e+00,2.711636399999999867e+03,2.237244000000000142e+03,2.027276100000000042e+03,1.532824100000000044e+03,1.976265799999999828e+01,6.157395800000000463e+02,6.115951700000000528e+02,5.559175000000000182e+02
5.503333300000000428e+00,2.703181999999999789e+03,2.228749499999999898e+03,2.019017499999999927e+03,1.527019700000000057e+03,3.283192900000000236e+01,6.193065299999999525e+02,6.124648600000000442e+02,5.426875000000000000e+02
5.506666700000000247e+00,2.694689899999999852e+03,2.220053199999999833e+03,2.010465500000000020e+03,1.520709200000000010e+03,4.530030500000000160e+01,6.228423299999999472e+02,6.142862300000000459e+02,5.360938700000000381e+02
5.509999999999999787e+00,2.685858400000000074e+03,2.211163700000000063e+03,2.001759900000000016e+03,1.514300600000000031e+03,5.814239899999999750e+01,6.274940400000000409e+02,6.177689199999999801e+02,5.345401900000000524e+02
5.513333300000000214e+00,2.677235900000000129e+03,2.202363800000000083e+03,1.993193800000000010e+03,1.508183500000000095e+03,7.209672199999999975e+01,6.343879200000000083e+02,6.247912499999999909e+02,5.420911300000000210e+02
5.516666700000000034e+00,2.668400299999999788e+03,2.193353200000000015e+03,1.984387799999999970e+03,1.501607400000000098e+03,8.512024800000000369e+01,6.399223600000000260e+02,6.304771500000000515e+02,5.464396799999999530e+02
5.519999999999999574e+00,2.659698699999999917e+03,2.184449200000000019e+03,1.975635999999999967e+03,1.494980800000000045e+03,9.785785500000000070e+01,6.451150800000000345e+02,6.361813600000000406e+02,5.513441199999999753e+02
5.523333300000000001e+00,2.650677499999999782e+03,2.175036599999999908e+03,1.966475500000000011e+03,1.487877400000000080e+03,1.103392900000000054e+02,6.497792100000000346e+02,6.410422499999999673e+02,5.538283500000000004e+02
5.526666699999999821e+00,2.641606200000000172e+03,2.165483000000000175e+03,1.957268000000000029e+03,1.480586299999999937e+03,1.223047100000000000e+02,6.541377800000000207e+02,6.461579199999999901e+02,5.574996599999999489e+02
5.530000000000000249e+00,2.634632999999999811e+03,2.155459699999999884e+03,1.947766300000000001e+03,1.473144000000000005e+03,1.348942199999999900e+02,6.592836200000000417e+02,6.518427199999999857e+02,5.617886200000000372e+02
5.533333299999999788e+00,2.626501499999999851e+03,2.145663500000000113e+03,1.938448000000000093e+03,1.465602499999999964e+03,1.472371100000000013e+02,6.640288699999999835e+02,6.571979800000000296e+02,5.650381200000000490e+02
5.536666699999999608e+00,2.617324000000000069e+03,2.135883299999999963e+03,1.929105800000000045e+03,1.457917500000000018e+03,1.590672600000000045e+02,6.683519800000000259e+02,6.625045300000000452e+02,5.689173500000000558e+02
5.540000000000000036e+00,2.607708599999999933e+03,2.125414400000000114e+03,1.919421900000000051e+03,1.449917200000000093e+03,1.704793200000000013e+02,6.722831300000000283e+02,6.672468300000000454e+02,5.715746599999999944e+02
5.543333299999999575e+00,2.597055800000000090e+03,2.118048299999999927e+03,1.910932600000000093e+03,1.442116999999999962e+03,1.815755000000000052e+02,6.757877600000000484e+02,6.717713899999999967e+02,5.744709199999999782e+02
5.546666700000000283e+00,2.587792300000000068e+03,2.109953500000000076e+03,1.901814900000000080e+03,1.434434799999999996e+03,1.932672000000000025e+02,6.799774200000000519e+02,6.770513499999999567e+02,5.783809199999999464e+02
5.549999999999999822e+00,2.579156599999999798e+03,2.100686799999999948e+03,1.892154600000000073e+03,1.426770500000000084e+03,2.050244299999999953e+02,6.840084200000000010e+02,6.820480900000000020e+02,5.815309999999999491e+02
5.553333300000000250e+00,2.570440099999999802e+03,2.091183500000000095e+03,1.882325100000000020e+03,1.418885099999999966e+03,2.157836299999999881e+02,6.874868699999999535e+02,6.869549799999999777e+02,5.860714799999999514e+02
5.556666700000000070e+00,2.561517199999999775e+03,2.081624099999999999e+03,1.872497399999999971e+03,1.410865999999999985e+03,2.263840999999999894e+02,6.908624700000000303e+02,6.917838600000000042e+02,5.909884200000000192e+02
5.559999999999999609e+00,2.552630299999999806e+03,2.072128999999999905e+03,1.862738800000000083e+03,1.402857099999999946e+03,2.371804400000000044e+02,6.941546200000000226e+02,6.959745900000000347e+02,5.941786399999999730e+02
5.563333300000000037e+00,2.543571800000000167e+03,2.062524800000000141e+03,1.852928300000000036e+03,1.394771999999999935e+03,2.476651599999999860e+02,6.973588200000000370e+02,7.002369300000000294e+02,5.981738100000000031e+02
5.566666699999999857e+00,2.534525700000000143e+03,2.052910400000000209e+03,1.843145299999999907e+03,1.386597500000000082e+03,2.576952900000000000e+02,6.999972900000000209e+02,7.038348499999999603e+02,6.011081599999999980e+02
5.570000000000000284e+00,2.525729899999999816e+03,2.043479499999999916e+03,1.833566199999999981e+03,1.378466400000000021e+03,2.675103500000000167e+02,7.025025399999999536e+02,7.073955899999999701e+02,6.046023599999999760e+02
5.573333299999999824e+00,2.516857399999999870e+03,2.033941199999999981e+03,1.823961399999999912e+03,1.370192099999999982e+03,2.769358100000000036e+02,7.046772300000000087e+02,7.105483100000000150e+02,6.076508700000000545e+02
5.576666699999999643e+00,2.507947999999999865e+03,2.024313400000000001e+03,1.814407500000000027e+03,1.361851699999999937e+03,2.865832399999999893e+02,7.069856499999999642e+02,7.135333399999999529e+02,6.108538999999999533e+02
5.580000000000000071e+00,2.499052200000000084e+03,2.014606099999999969e+03,1.804895800000000008e+03,1.353380400000000009e+03,2.958198699999999803e+02,7.088238999999999805e+02,7.161640300000000252e+02,6.139033799999999701e+02
5.583333299999999610e+00,2.490182099999999991e+03,2.004817399999999907e+03,1.795636999999999944e+03,1.344872499999999945e+03,3.044814900000000080e+02,7.101613099999999577e+02,7.186686300000000074e+02,6.176403099999999995e+02
5.586666700000000318e+00,2.481568900000000212e+03,1.994986100000000079e+03,1.786430000000000064e+03,1.335935099999999920e+03,3.121784900000000107e+02,7.108369500000000016e+02,7.206058900000000449e+02,6.208560099999999693e+02
5.589999999999999858e+00,2.472844399999999951e+03,1.984972800000000007e+03,1.777199699999999893e+03,1.326574900000000071e+03,3.175839799999999968e+02,7.107089300000000094e+02,7.218871799999999439e+02,6.236743900000000167e+02
5.593333300000000285e+00,2.465148000000000138e+03,1.978455999999999904e+03,1.765312899999999900e+03,1.317360799999999927e+03,3.251042400000000043e+02,7.108398100000000568e+02,7.230967799999999670e+02,6.264016800000000558e+02
5.596666700000000105e+00,2.457051399999999830e+03,1.971030299999999897e+03,1.754183299999999917e+03,1.308306499999999915e+03,3.321591999999999985e+02,7.106024099999999635e+02,7.238930400000000418e+02,6.290721200000000408e+02
5.599999999999999645e+00,2.448713499999999840e+03,1.963477300000000014e+03,1.743324200000000019e+03,1.299507100000000037e+03,3.387119999999999891e+02,7.100536600000000362e+02,7.242925800000000436e+02,6.314754000000000360e+02
5.603333300000000072e+00,2.439812899999999900e+03,1.954149799999999914e+03,1.733735200000000077e+03,1.290629400000000032e+03,3.447772899999999936e+02,7.090229100000000244e+02,7.240895199999999932e+02,6.331686799999999948e+02
5.606666699999999892e+00,2.431313900000000103e+03,1.945033899999999903e+03,1.724561699999999973e+03,1.281767900000000054e+03,3.504531099999999810e+02,7.077738399999999501e+02,7.236676599999999553e+02,6.349957100000000310e+02
5.610000000000000320e+00,2.423040800000000218e+03,1.936174800000000005e+03,1.715442700000000059e+03,1.272752799999999979e+03,3.547619799999999941e+02,7.061144299999999703e+02,7.228479700000000321e+02,6.365453700000000481e+02
5.613333299999999859e+00,2.415010999999999967e+03,1.927585199999999986e+03,1.706540799999999990e+03,1.264138200000000097e+03,3.611339100000000144e+02,7.043709800000000314e+02,7.215875800000000027e+02,6.374051299999999856e+02
5.616666699999999679e+00,2.407187699999999950e+03,1.919198000000000093e+03,1.697829999999999927e+03,1.255536399999999958e+03,3.666434699999999793e+02,7.024112800000000334e+02,7.200623199999999997e+02,6.382778799999999819e+02
5.620000000000000107e+00,2.399422000000000025e+03,1.910845000000000027e+03,1.689141000000000076e+03,1.246819799999999987e+03,3.712786600000000021e+02,7.001262199999999893e+02,7.181571000000000140e+02,6.385668100000000322e+02
5.623999999999999666e+00,2.389287800000000061e+03,1.899929399999999987e+03,1.676146799999999985e+03,1.224408100000000104e+03,3.921381799999999771e+02,6.963370999999999640e+02,7.145769299999999475e+02,6.325005999999999631e+02
5.628000000000000114e+00,2.380007999999999811e+03,1.890011500000000069e+03,1.665587199999999939e+03,1.214400000000000091e+03,3.959660499999999956e+02,6.933508500000000367e+02,7.117924600000000055e+02,6.311711299999999483e+02
5.631999999999999673e+00,2.371348500000000058e+03,1.880731399999999894e+03,1.655754699999999957e+03,1.205792300000000068e+03,3.981086900000000242e+02,6.906117199999999912e+02,7.090678900000000340e+02,6.304899400000000469e+02
5.636000000000000121e+00,2.363173299999999927e+03,1.871963500000000067e+03,1.646483099999999922e+03,1.197336600000000089e+03,4.017242100000000278e+02,6.882605399999999918e+02,7.064704600000000028e+02,6.298946499999999560e+02
5.639999999999999680e+00,2.355118599999999788e+03,1.863352300000000014e+03,1.637464099999999917e+03,1.188642700000000104e+03,4.055511799999999880e+02,6.858846600000000535e+02,7.037543100000000322e+02,6.290412199999999530e+02
5.644000000000000128e+00,2.347150299999999788e+03,1.854832300000000032e+03,1.628639499999999998e+03,1.179831100000000106e+03,4.093734999999999786e+02,6.833832599999999502e+02,7.008339499999999589e+02,6.278954800000000205e+02
5.647999999999999687e+00,2.339392899999999827e+03,1.846517900000000054e+03,1.620075000000000045e+03,1.170926500000000033e+03,4.130654900000000112e+02,6.807417299999999614e+02,6.977012099999999464e+02,6.264528000000000247e+02
5.652000000000000135e+00,2.331776100000000042e+03,1.838352599999999939e+03,1.611765400000000000e+03,1.162117799999999988e+03,4.167110799999999813e+02,6.781105700000000525e+02,6.946246999999999616e+02,6.251065200000000459e+02
5.655999999999999694e+00,2.324335000000000036e+03,1.830350200000000086e+03,1.603700499999999920e+03,1.153300700000000006e+03,4.201055499999999938e+02,6.753362100000000510e+02,6.912478800000000092e+02,6.230698700000000372e+02
5.660000000000000142e+00,2.317012700000000223e+03,1.822480199999999968e+03,1.595935500000000047e+03,1.144597400000000107e+03,4.232893199999999752e+02,6.724448999999999614e+02,6.876358800000000429e+02,6.205113999999999805e+02
5.663999999999999702e+00,2.309830699999999979e+03,1.814736200000000053e+03,1.588456599999999980e+03,1.135891300000000001e+03,4.261652900000000272e+02,6.693985000000000127e+02,6.837659499999999753e+02,6.174989600000000110e+02
5.668000000000000149e+00,2.302646600000000035e+03,1.806930599999999913e+03,1.581194500000000062e+03,1.127441900000000032e+03,4.287865400000000022e+02,6.661315600000000359e+02,6.795481200000000399e+02,6.137972300000000132e+02
5.671999999999999709e+00,2.295339500000000044e+03,1.798377799999999979e+03,1.571725400000000036e+03,1.119963500000000067e+03,4.312083999999999833e+02,6.627007899999999836e+02,6.750935100000000375e+02,6.095115799999999808e+02
5.674666700000000397e+00,2.292485499999999774e+03,1.794513799999999947e+03,1.571844599999999900e+03,1.142840899999999920e+03,4.016514599999999859e+02,6.628866199999999935e+02,6.746933500000000095e+02,6.189667500000000473e+02
5.677333299999999916e+00,2.289317300000000159e+03,1.790986799999999903e+03,1.568396500000000060e+03,1.137292200000000093e+03,4.083271899999999732e+02,6.613918300000000272e+02,6.719179599999999937e+02,6.163950200000000450e+02
5.679999999999999716e+00,2.284582300000000032e+03,1.785422800000000052e+03,1.561724500000000035e+03,1.127850599999999986e+03,4.131489700000000198e+02,6.585167099999999891e+02,6.682447600000000421e+02,6.120741199999999935e+02
5.682222200000000001e+00,2.281681900000000041e+03,1.781900100000000066e+03,1.560719100000000026e+03,1.134375299999999925e+03,3.991647800000000075e+02,6.566423600000000533e+02,6.660722700000000032e+02,6.148318799999999555e+02
5.684444400000000286e+00,2.278322900000000118e+03,1.778260600000000068e+03,1.557317700000000059e+03,1.127568299999999908e+03,4.053661700000000110e+02,6.544780899999999519e+02,6.630732500000000300e+02,6.112511200000000144e+02
5.686666699999999963e+00,2.274413199999999961e+03,1.773836000000000013e+03,1.552533400000000029e+03,1.119285699999999906e+03,4.089830799999999726e+02,6.515471099999999751e+02,6.596929099999999835e+02,6.070257199999999784e+02
5.688888900000000248e+00,2.270451000000000022e+03,1.769361000000000104e+03,1.547695200000000114e+03,1.111907899999999927e+03,4.124462800000000016e+02,6.487492999999999483e+02,6.564674300000000358e+02,6.029855999999999767e+02
5.691111099999999645e+00,2.266772199999999884e+03,1.765227900000000091e+03,1.543234600000000000e+03,1.105530700000000024e+03,4.174901399999999967e+02,6.462394299999999703e+02,6.534785000000000537e+02,5.993492999999999711e+02
5.693333299999999930e+00,2.263155000000000200e+03,1.761196799999999939e+03,1.538840400000000045e+03,1.099372900000000072e+03,4.201248499999999808e+02,6.436082800000000361e+02,6.505282600000000457e+02,5.957504000000000133e+02
5.695555599999999608e+00,2.259700600000000122e+03,1.757351200000000063e+03,1.534619599999999991e+03,1.093611699999999928e+03,4.222281899999999837e+02,6.409832800000000361e+02,6.475937400000000252e+02,5.922069699999999557e+02
5.697777799999999893e+00,2.256384599999999864e+03,1.753667400000000043e+03,1.530564399999999978e+03,1.088192099999999982e+03,4.240102299999999786e+02,6.384472200000000157e+02,6.447776000000000067e+02,5.888735500000000229e+02
5.700000000000000178e+00,2.253138899999999921e+03,1.750065299999999979e+03,1.526589699999999993e+03,1.082982099999999946e+03,4.254539300000000139e+02,6.359108999999999696e+02,6.419705800000000409e+02,5.856416100000000142e+02
5.702499999999999680e+00,2.248927499999999782e+03,1.745692000000000007e+03,1.520147400000000061e+03,1.069730499999999893e+03,4.343745999999999867e+02,6.324462600000000521e+02,6.379258200000000443e+02,5.782701100000000451e+02
5.704687500000000355e+00,2.246269299999999930e+03,1.742484600000000000e+03,1.518218100000000049e+03,1.073578299999999899e+03,4.258045799999999872e+02,6.305836199999999963e+02,6.361934999999999718e+02,5.794988600000000361e+02
5.706875000000000142e+00,2.243686099999999897e+03,1.739642599999999902e+03,1.515246799999999894e+03,1.070122299999999996e+03,4.266718799999999874e+02,6.283758699999999635e+02,6.336144199999999955e+02,5.768013499999999567e+02
5.709062499999999929e+00,2.241023000000000138e+03,1.736724300000000085e+03,1.512077399999999898e+03,1.065571500000000015e+03,4.279353199999999902e+02,6.259796400000000176e+02,6.309148300000000518e+02,5.737617900000000191e+02
5.711249999999999716e+00,2.238292600000000220e+03,1.733732799999999997e+03,1.508815800000000081e+03,1.061224300000000085e+03,4.313075699999999983e+02,6.236763799999999947e+02,6.282444699999999784e+02,5.706973699999999781e+02
5.713437500000000391e+00,2.235537800000000061e+03,1.730695300000000088e+03,1.505484200000000101e+03,1.056845900000000029e+03,4.323394799999999805e+02,6.212019699999999602e+02,6.255108199999999670e+02,5.675887599999999793e+02
5.715625000000000178e+00,2.232751999999999953e+03,1.727609099999999899e+03,1.502084700000000112e+03,1.052404600000000073e+03,4.324374700000000189e+02,6.185317999999999756e+02,6.226482700000000250e+02,5.643314800000000560e+02
5.717812499999999964e+00,2.230057899999999790e+03,1.724626600000000053e+03,1.498804000000000087e+03,1.048177899999999909e+03,4.326563499999999749e+02,6.158668900000000122e+02,6.198272200000000112e+02,5.611951099999999997e+02
5.719999999999999751e+00,2.227451000000000022e+03,1.721745499999999993e+03,1.495628899999999931e+03,1.044109300000000076e+03,4.328301099999999906e+02,6.131736200000000281e+02,6.170066900000000487e+02,5.581338899999999512e+02
5.721818200000000409e+00,2.226385299999999916e+03,1.720077099999999973e+03,1.496630200000000059e+03,1.053691900000000032e+03,4.214091999999999985e+02,6.121308000000000220e+02,6.163931999999999789e+02,5.620350300000000061e+02
5.723471100000000256e+00,2.225661500000000160e+03,1.718924099999999953e+03,1.497388200000000097e+03,1.058425899999999956e+03,4.155341999999999985e+02,6.107857900000000200e+02,6.152053700000000163e+02,5.634269799999999577e+02
5.725124000000000102e+00,2.223979299999999967e+03,1.717021899999999960e+03,1.495646700000000010e+03,1.054039700000000039e+03,4.173495199999999841e+02,6.084006399999999530e+02,6.127452799999999797e+02,5.605082700000000386e+02
5.726776899999999948e+00,2.221967099999999846e+03,1.714746699999999919e+03,1.493290400000000091e+03,1.048934799999999996e+03,4.190593000000000075e+02,6.058014600000000200e+02,6.101991600000000062e+02,5.572840400000000045e+02
5.728665900000000200e+00,2.218707300000000032e+03,1.711472700000000032e+03,1.487449200000000019e+03,1.034432700000000068e+03,4.283222400000000221e+02,6.020668399999999565e+02,6.061392100000000482e+02,5.490464799999999741e+02
5.730554899999999563e+00,2.216108799999999974e+03,1.708582900000000109e+03,1.484058199999999943e+03,1.029824699999999893e+03,4.289860199999999963e+02,5.993603100000000268e+02,6.035503700000000435e+02,5.457373000000000047e+02
5.732129099999999866e+00,2.215436999999999898e+03,1.707192000000000007e+03,1.485686799999999948e+03,1.040299700000000030e+03,4.174640400000000113e+02,5.984973199999999451e+02,6.034351500000000215e+02,5.501281900000000178e+02
5.733703300000000169e+00,2.214276400000000194e+03,1.705719499999999925e+03,1.484422900000000027e+03,1.038247499999999945e+03,4.176188999999999965e+02,5.965698399999999992e+02,6.015478900000000522e+02,5.480666099999999687e+02
5.735277400000000192e+00,2.212701799999999821e+03,1.703975300000000061e+03,1.482577199999999948e+03,1.034518399999999929e+03,4.190697499999999991e+02,5.945368899999999712e+02,5.995036900000000060e+02,5.453824499999999489e+02
5.736851599999999607e+00,2.211051399999999830e+03,1.702090799999999945e+03,1.480520500000000084e+03,1.030888400000000047e+03,4.201323100000000181e+02,5.924269799999999577e+02,5.974228000000000520e+02,5.427044899999999643e+02
5.738425799999999910e+00,2.209361300000000028e+03,1.700118400000000065e+03,1.478355800000000045e+03,1.027515100000000075e+03,4.209553300000000036e+02,5.904116599999999835e+02,5.954259399999999687e+02,5.401549599999999600e+02
5.740000000000000213e+00,2.207731499999999869e+03,1.698246599999999944e+03,1.476276499999999942e+03,1.024427400000000034e+03,4.216340000000000146e+02,5.884363899999999603e+02,5.934809199999999691e+02,5.377332999999999856e+02
5.741428599999999882e+00,2.206904399999999896e+03,1.696913600000000088e+03,1.476725400000000036e+03,1.028923600000000079e+03,4.161602899999999750e+02,5.872910000000000537e+02,5.928059799999999768e+02,5.393232600000000048e+02
5.742976200000000198e+00,2.205052099999999882e+03,1.695085600000000113e+03,1.473258399999999938e+03,1.020441799999999944e+03,4.215674500000000080e+02,5.849110699999999952e+02,5.900460199999999986e+02,5.340174799999999777e+02
5.744394800000000245e+00,2.204068800000000010e+03,1.693637500000000045e+03,1.473259499999999889e+03,1.023460900000000038e+03,4.174183800000000133e+02,5.837006599999999708e+02,5.892209199999999782e+02,5.347472699999999577e+02
5.745955399999999713e+00,2.202086999999999989e+03,1.691759399999999914e+03,1.469395999999999958e+03,1.014211800000000039e+03,4.233984600000000000e+02,5.812213900000000422e+02,5.862600700000000415e+02,5.288968399999999974e+02
5.747515899999999789e+00,2.200374800000000050e+03,1.689898599999999988e+03,1.467139200000000073e+03,1.010982200000000034e+03,4.243173800000000142e+02,5.794227499999999509e+02,5.843805200000000468e+02,5.263953000000000202e+02
5.749076399999999865e+00,2.199025799999999890e+03,1.688347099999999955e+03,1.465315399999999954e+03,1.008837700000000041e+03,4.244486999999999739e+02,5.776265100000000530e+02,5.825452299999999468e+02,5.242000199999999950e+02
5.750168799999999969e+00,2.200704600000000028e+03,1.688423399999999901e+03,1.473341699999999946e+03,1.035977699999999913e+03,4.010722099999999841e+02,5.787555499999999711e+02,5.858003899999999931e+02,5.375520199999999704e+02
5.751261099999999793e+00,2.200611399999999776e+03,1.688147099999999909e+03,1.473794699999999921e+03,1.034965500000000020e+03,4.009442700000000173e+02,5.773410300000000461e+02,5.843964300000000094e+02,5.361180900000000520e+02
5.752353499999999897e+00,2.199553399999999783e+03,1.686989399999999932e+03,1.472688900000000103e+03,1.030511099999999942e+03,4.034721499999999992e+02,5.756104400000000396e+02,5.826005699999999479e+02,5.332992900000000418e+02
5.753445799999999721e+00,2.198490899999999783e+03,1.685754300000000057e+03,1.471327800000000025e+03,1.026307499999999891e+03,4.057342699999999809e+02,5.738015900000000329e+02,5.807512299999999641e+02,5.304176099999999678e+02
5.754538199999999826e+00,2.197104499999999916e+03,1.684145700000000033e+03,1.469569500000000062e+03,1.022584799999999973e+03,4.074987699999999791e+02,5.720559100000000399e+02,5.790140199999999595e+02,5.277956699999999728e+02
5.755630599999999930e+00,2.195880900000000111e+03,1.682699399999999969e+03,1.467926099999999906e+03,1.019330299999999966e+03,4.089784599999999841e+02,5.704150399999999763e+02,5.774009899999999789e+02,5.253697600000000421e+02
5.756722899999999754e+00,2.194687800000000152e+03,1.681285000000000082e+03,1.466299800000000005e+03,1.016448399999999992e+03,4.102053900000000226e+02,5.688476000000000568e+02,5.758692600000000539e+02,5.231501600000000280e+02
5.757815299999999858e+00,2.193565200000000004e+03,1.679959100000000035e+03,1.464744699999999966e+03,1.013821299999999951e+03,4.112503500000000258e+02,5.673493499999999585e+02,5.744053599999999733e+02,5.210723199999999906e+02
5.758907599999999682e+00,2.192574900000000071e+03,1.678775699999999915e+03,1.463313100000000077e+03,1.011449799999999982e+03,4.121702199999999721e+02,5.659305100000000266e+02,5.730087200000000394e+02,5.191153100000000222e+02
5.759999999999999787e+00,2.191558199999999943e+03,1.677578899999999976e+03,1.461871499999999969e+03,1.009229199999999992e+03,4.129240500000000225e+02,5.645273200000000315e+02,5.716271699999999782e+02,5.172651299999999992e+02
5.761176500000000367e+00,2.189992099999999937e+03,1.676247599999999920e+03,1.458411200000000008e+03,1.001486300000000028e+03,4.180888299999999731e+02,5.628122499999999491e+02,5.693129400000000260e+02,5.124979100000000471e+02
5.762352899999999778e+00,2.188872600000000148e+03,1.675000099999999975e+03,1.456713199999999915e+03,9.993161599999999680e+02,4.187684600000000046e+02,5.614629499999999780e+02,5.679206000000000358e+02,5.107844299999999862e+02
5.763529400000000358e+00,2.187912100000000009e+03,1.673918899999999894e+03,1.455347600000000057e+03,9.978547399999999925e+02,4.188623200000000111e+02,5.601848700000000463e+02,5.666200199999999541e+02,5.093780899999999860e+02
5.764705900000000049e+00,2.187055199999999786e+03,1.672933099999999968e+03,1.454098500000000058e+03,9.964949699999999666e+02,4.189370799999999804e+02,5.589802899999999681e+02,5.653664700000000494e+02,5.079851800000000139e+02
5.765882399999999741e+00,2.186273000000000138e+03,1.672015699999999924e+03,1.452924199999999928e+03,9.951095800000000509e+02,4.190012300000000209e+02,5.577445400000000291e+02,5.640569900000000416e+02,5.065366799999999898e+02
5.767058800000000041e+00,2.185481900000000223e+03,1.671103499999999940e+03,1.451767599999999902e+03,9.937069199999999682e+02,4.190742399999999748e+02,5.565269299999999930e+02,5.627440500000000156e+02,5.050622200000000248e+02
5.768235299999999732e+00,2.184709299999999985e+03,1.670242999999999938e+03,1.450677300000000059e+03,9.923306999999999789e+02,4.191556400000000053e+02,5.553055100000000266e+02,5.614094700000000557e+02,5.035823800000000006e+02
5.769411800000000312e+00,2.183864199999999983e+03,1.669326000000000022e+03,1.449546399999999949e+03,9.909239300000000412e+02,4.192158499999999890e+02,5.540784899999999880e+02,5.600611300000000483e+02,5.021182800000000270e+02
5.770588199999999723e+00,2.183155900000000202e+03,1.668473400000000083e+03,1.448472700000000032e+03,9.895464899999999489e+02,4.192780399999999759e+02,5.528514499999999998e+02,5.586984200000000556e+02,5.006448300000000131e+02
5.771764700000000303e+00,2.182450299999999970e+03,1.667604800000000068e+03,1.447393000000000029e+03,9.881667599999999538e+02,4.193274000000000115e+02,5.516188399999999774e+02,5.573173799999999574e+02,4.991403999999999996e+02
5.772941199999999995e+00,2.181694700000000012e+03,1.666770600000000059e+03,1.446362100000000055e+03,9.868262999999999465e+02,4.193763000000000147e+02,5.503861399999999549e+02,5.559279099999999971e+02,4.976299999999999955e+02
5.774117600000000294e+00,2.180956799999999930e+03,1.665926099999999906e+03,1.445330200000000104e+03,9.854921399999999494e+02,4.194134900000000243e+02,5.491502100000000155e+02,5.545296200000000226e+02,4.961368800000000192e+02
5.775294099999999986e+00,2.179720499999999902e+03,1.665045000000000073e+03,1.444285699999999906e+03,9.841603900000000067e+02,4.194384299999999826e+02,5.479113399999999956e+02,5.531194799999999532e+02,4.946007099999999923e+02
5.776470599999999678e+00,2.178461699999999837e+03,1.664175600000000031e+03,1.443266000000000076e+03,9.828574399999999969e+02,4.194737200000000144e+02,5.466935999999999467e+02,5.517218199999999797e+02,4.930637699999999768e+02
5.777647100000000258e+00,2.177188099999999849e+03,1.663286599999999908e+03,1.442243199999999888e+03,9.815587699999999813e+02,4.194447499999999991e+02,5.453950099999999566e+02,5.502472000000000207e+02,4.914922599999999875e+02
5.778823499999999669e+00,2.176320600000000013e+03,1.662453500000000076e+03,1.441251999999999953e+03,9.802843199999999797e+02,4.194703600000000279e+02,5.441818600000000288e+02,5.488332500000000209e+02,4.898876999999999953e+02
5.780000000000000249e+00,2.175736499999999978e+03,1.661686200000000099e+03,1.440308700000000044e+03,9.790388699999999744e+02,4.194519500000000107e+02,5.429060500000000502e+02,5.473576600000000099e+02,4.882570400000000177e+02
5.781250000000000000e+00,2.174772699999999986e+03,1.660795599999999922e+03,1.437941800000000057e+03,9.737844900000000052e+02,4.224503199999999765e+02,5.412892100000000255e+02,5.450321500000000015e+02,4.843899000000000115e+02
5.782499999999999751e+00,2.173981000000000222e+03,1.659897099999999909e+03,1.436741299999999910e+03,9.724184699999999566e+02,4.224716500000000110e+02,5.399600199999999859e+02,5.434669099999999844e+02,4.826722599999999943e+02
5.783958300000000108e+00,2.172434099999999944e+03,1.658770299999999907e+03,1.432482299999999896e+03,9.622800999999999476e+02,4.289681600000000117e+02,5.377650099999999611e+02,5.398868700000000445e+02,4.758584200000000237e+02
5.785192300000000287e+00,2.172385699999999815e+03,1.658063599999999951e+03,1.434481500000000096e+03,9.712358199999999897e+02,4.213752799999999752e+02,5.374364100000000235e+02,5.405430400000000191e+02,4.799571500000000128e+02
5.786426299999999578e+00,2.172071699999999964e+03,1.657622499999999945e+03,1.434169900000000098e+03,9.714037299999999959e+02,4.203840500000000020e+02,5.363200100000000248e+02,5.392658400000000256e+02,4.788117899999999736e+02
5.787660299999999758e+00,2.171543000000000120e+03,1.657026000000000067e+03,1.433480700000000070e+03,9.703460900000000038e+02,4.202504500000000007e+02,5.350758200000000215e+02,5.377485199999999850e+02,4.770315600000000131e+02
5.789031300000000435e+00,2.170308399999999892e+03,1.656113800000000083e+03,1.430400200000000041e+03,9.625223200000000361e+02,4.249142200000000003e+02,5.329824599999999464e+02,5.345310899999999492e+02,4.713489099999999894e+02
5.790250099999999733e+00,2.170234199999999873e+03,1.655508199999999988e+03,1.431736799999999903e+03,9.684724099999999680e+02,4.195905099999999948e+02,5.323872300000000450e+02,5.345440200000000459e+02,4.736500500000000216e+02
5.791468799999999639e+00,2.169767400000000180e+03,1.654963500000000067e+03,1.431282300000000077e+03,9.681073199999999588e+02,4.189955199999999991e+02,5.311929999999999836e+02,5.331407699999999750e+02,4.722435699999999770e+02
5.792890700000000059e+00,2.168203300000000127e+03,1.653913800000000037e+03,1.427227599999999939e+03,9.574266900000000078e+02,4.257252799999999979e+02,5.287699599999999691e+02,5.292287800000000288e+02,4.649221000000000004e+02
5.794312500000000199e+00,2.167275599999999940e+03,1.652945400000000063e+03,1.425829799999999977e+03,9.557767000000000053e+02,4.258503200000000106e+02,5.272415700000000243e+02,5.273238000000000056e+02,4.627412800000000175e+02
5.795734399999999731e+00,2.166545999999999822e+03,1.652117199999999912e+03,1.424830799999999954e+03,9.552633899999999585e+02,4.252209399999999846e+02,5.259142500000000382e+02,5.257406399999999849e+02,4.612433599999999956e+02
5.797156300000000151e+00,2.165936499999999796e+03,1.651424400000000105e+03,1.424009000000000015e+03,9.548327699999999822e+02,4.246132200000000125e+02,5.245917399999999589e+02,5.241306299999999965e+02,4.596686100000000010e+02
5.798578100000000290e+00,2.165349000000000160e+03,1.650805299999999988e+03,1.423269999999999982e+03,9.542550999999999704e+02,4.240812399999999798e+02,5.232757800000000543e+02,5.225119200000000319e+02,4.580649300000000039e+02
5.799999999999999822e+00,2.164791999999999916e+03,1.650211000000000013e+03,1.422559299999999894e+03,9.536085299999999734e+02,4.235853200000000243e+02,5.219123600000000351e+02,5.208262200000000348e+02,4.563347999999999729e+02
5.801538500000000376e+00,2.163760800000000017e+03,1.649393499999999904e+03,1.420335399999999936e+03,9.484181499999999687e+02,4.262039500000000203e+02,5.199298400000000129e+02,5.179445899999999483e+02,4.519909900000000107e+02
5.803076899999999760e+00,2.163023400000000038e+03,1.648619500000000016e+03,1.419303200000000061e+03,9.474306599999999889e+02,4.258205300000000193e+02,5.184399899999999661e+02,5.160736900000000560e+02,4.500350999999999999e+02
5.804615400000000314e+00,2.162378099999999904e+03,1.647905799999999999e+03,1.418465500000000020e+03,9.469476600000000417e+02,4.251345400000000154e+02,5.170190800000000309e+02,5.143204299999999876e+02,4.483553600000000188e+02
5.806153799999999698e+00,2.161876000000000204e+03,1.647345000000000027e+03,1.417806299999999965e+03,9.465488100000000031e+02,4.246173099999999749e+02,5.156558800000000247e+02,5.125840100000000348e+02,4.466226700000000278e+02
5.807692300000000252e+00,2.161322599999999966e+03,1.646794399999999996e+03,1.417159000000000106e+03,9.459897399999999834e+02,4.240747099999999818e+02,5.142123400000000402e+02,5.107500099999999748e+02,4.448051199999999881e+02
5.809230799999999917e+00,2.160809099999999944e+03,1.646207699999999932e+03,1.416488900000000058e+03,9.453275800000000118e+02,4.235719500000000153e+02,5.127285200000000032e+02,5.088401999999999816e+02,4.428432799999999929e+02
5.810769200000000190e+00,2.160274499999999989e+03,1.645633700000000090e+03,1.415830699999999979e+03,9.446034899999999652e+02,4.230980500000000006e+02,5.112154699999999821e+02,5.068975300000000175e+02,4.408609400000000278e+02
5.812307699999999855e+00,2.159754300000000057e+03,1.645050999999999931e+03,1.415172399999999925e+03,9.438546199999999544e+02,4.226378500000000145e+02,5.096545800000000099e+02,5.049173000000000116e+02,4.388909699999999816e+02
5.813846200000000408e+00,2.159266299999999774e+03,1.644496799999999894e+03,1.414549600000000055e+03,9.431220600000000331e+02,4.222478300000000218e+02,5.081098900000000071e+02,5.029456099999999878e+02,4.368891600000000039e+02
5.815384599999999793e+00,2.158741199999999935e+03,1.643910900000000083e+03,1.413898100000000113e+03,9.423466600000000426e+02,4.218645599999999831e+02,5.065798800000000028e+02,5.010160300000000007e+02,4.349888799999999947e+02
5.816923100000000346e+00,2.158276299999999992e+03,1.643377700000000004e+03,1.413297100000000000e+03,9.415832699999999704e+02,4.215039899999999875e+02,5.050467199999999934e+02,4.990794000000000210e+02,4.329809300000000007e+02
5.818461499999999731e+00,2.157734699999999975e+03,1.642766800000000103e+03,1.412622299999999996e+03,9.407262500000000500e+02,4.210729200000000105e+02,5.034847899999999754e+02,4.971411499999999819e+02,4.309946600000000103e+02
5.820000000000000284e+00,2.157286599999999908e+03,1.642242099999999937e+03,1.412027299999999968e+03,9.399358200000000352e+02,4.207334999999999923e+02,5.019843700000000126e+02,4.952534400000000119e+02,4.289793399999999792e+02
5.821666699999999750e+00,2.156330699999999979e+03,1.641439900000000080e+03,1.409970100000000002e+03,9.348726699999999710e+02,4.231295099999999820e+02,4.996920600000000263e+02,4.920545500000000061e+02,4.244188800000000015e+02
5.823500000000000121e+00,2.155252199999999903e+03,1.640545200000000023e+03,1.407566800000000057e+03,9.292995700000000170e+02,4.258441500000000133e+02,4.972693199999999933e+02,4.886628400000000170e+02,4.195107800000000111e+02
5.825333299999999603e+00,2.154519499999999880e+03,1.639754799999999932e+03,1.406525799999999890e+03,9.287076499999999442e+02,4.252342899999999872e+02,4.956509100000000103e+02,4.866833399999999870e+02,4.175294999999999845e+02
5.827166700000000255e+00,2.153989999999999782e+03,1.639161800000000085e+03,1.405827600000000075e+03,9.287226200000000063e+02,4.244030000000000200e+02,4.942206800000000158e+02,4.849043599999999969e+02,4.158239899999999807e+02
5.828999999999999737e+00,2.153625000000000000e+03,1.638734799999999950e+03,1.405315800000000081e+03,9.286388399999999592e+02,4.236275699999999915e+02,4.927599200000000224e+02,4.830628300000000195e+02,4.140419999999999732e+02
5.830833300000000108e+00,2.153172599999999875e+03,1.638235599999999977e+03,1.404751299999999901e+03,9.283294799999999896e+02,4.228656399999999849e+02,4.912428899999999885e+02,4.811329299999999876e+02,4.121423199999999838e+02
5.832666699999999871e+00,2.152829900000000180e+03,1.637841100000000097e+03,1.404293100000000095e+03,9.279433699999999590e+02,4.221817100000000096e+02,4.896289300000000253e+02,4.790217200000000162e+02,4.101325499999999806e+02
5.834500000000000242e+00,2.152399399999999787e+03,1.637363800000000083e+03,1.403766399999999976e+03,9.274383800000000520e+02,4.215079299999999876e+02,4.879687000000000126e+02,4.768472199999999930e+02,4.080700499999999806e+02
5.836333299999999724e+00,2.152023000000000138e+03,1.636948100000000068e+03,1.403300999999999931e+03,9.269122999999999593e+02,4.208718200000000138e+02,4.862739399999999819e+02,4.746209299999999871e+02,4.059771499999999946e+02
5.838166700000000375e+00,2.151611300000000028e+03,1.636497399999999971e+03,1.402806700000000092e+03,9.263344499999999471e+02,4.202606900000000110e+02,4.846048200000000179e+02,4.724334999999999809e+02,4.038735899999999788e+02
5.839999999999999858e+00,2.151218699999999899e+03,1.636047499999999900e+03,1.402313799999999901e+03,9.257338099999999486e+02,4.196663699999999722e+02,4.829420000000000073e+02,4.702620200000000068e+02,4.017620299999999816e+02
5.841999999999999638e+00,2.150456799999999930e+03,1.635420200000000023e+03,1.400568299999999908e+03,9.210061899999999468e+02,4.216403999999999996e+02,4.804526700000000119e+02,4.667764599999999859e+02,3.971468899999999849e+02
5.844000000000000306e+00,2.149851900000000114e+03,1.634805499999999938e+03,1.399789199999999937e+03,9.202964500000000498e+02,4.210996099999999842e+02,4.787591600000000085e+02,4.645666800000000194e+02,3.948561000000000263e+02
5.846000000000000085e+00,2.149424399999999878e+03,1.634318899999999985e+03,1.399232400000000098e+03,9.200988899999999830e+02,4.203380399999999781e+02,4.772435500000000275e+02,4.625627799999999752e+02,3.928606100000000083e+02
5.847999999999999865e+00,2.149101500000000215e+03,1.633939900000000080e+03,1.398800700000000006e+03,9.198830500000000256e+02,4.196129399999999805e+02,4.757329899999999725e+02,4.605433400000000006e+02,3.908183200000000284e+02
5.849999999999999645e+00,2.148773599999999988e+03,1.633577700000000050e+03,1.398398599999999988e+03,9.195659600000000182e+02,4.189207000000000107e+02,4.742173300000000040e+02,4.585040700000000129e+02,3.887137799999999856e+02
5.852000000000000313e+00,2.148491899999999987e+03,1.633238900000000058e+03,1.398019000000000005e+03,9.191870000000000118e+02,4.182562899999999786e+02,4.726897599999999784e+02,4.564484499999999798e+02,3.865642700000000218e+02
5.854000000000000092e+00,2.148170000000000073e+03,1.632878699999999981e+03,1.397628999999999905e+03,9.187583899999999630e+02,4.176260399999999890e+02,4.711746699999999919e+02,4.544080099999999902e+02,3.844216099999999869e+02
5.855999999999999872e+00,2.147897599999999784e+03,1.632545200000000023e+03,1.397259499999999889e+03,9.183094999999999573e+02,4.169980300000000284e+02,4.696319300000000112e+02,4.523410400000000209e+02,3.822384299999999939e+02
5.857999999999999652e+00,2.147595800000000054e+03,1.632190200000000004e+03,1.396876700000000028e+03,9.178401000000000067e+02,4.163999000000000024e+02,4.681214800000000196e+02,4.503142500000000155e+02,3.800713999999999828e+02
5.860000000000000320e+00,2.147337799999999788e+03,1.631875999999999976e+03,1.396532600000000002e+03,9.173809499999999844e+02,4.157993099999999913e+02,4.665853999999999928e+02,4.482711300000000278e+02,3.778721800000000144e+02
5.862222199999999717e+00,2.146580899999999929e+03,1.631274499999999989e+03,1.394727499999999964e+03,9.121978900000000294e+02,4.179845399999999813e+02,4.639376199999999812e+02,4.446680099999999811e+02,3.728825899999999933e+02
5.864444400000000002e+00,2.146141900000000078e+03,1.630791999999999916e+03,1.394073000000000093e+03,9.116769000000000460e+02,4.174041300000000092e+02,4.623097900000000209e+02,4.425512899999999945e+02,3.704475899999999911e+02
5.866666699999999679e+00,2.145838200000000143e+03,1.630434700000000021e+03,1.393652399999999943e+03,9.117360400000000027e+02,4.165699000000000183e+02,4.608716699999999946e+02,4.406482300000000123e+02,3.683399900000000002e+02
5.868888899999999964e+00,2.145631600000000162e+03,1.630180000000000064e+03,1.393357199999999921e+03,9.117402100000000473e+02,4.157490500000000111e+02,4.594198999999999842e+02,4.387228200000000129e+02,3.661630099999999857e+02
5.871111100000000249e+00,2.145454299999999876e+03,1.629964699999999993e+03,1.393114199999999983e+03,9.116500600000000532e+02,4.149782000000000153e+02,4.579720399999999927e+02,4.367832500000000095e+02,3.639389899999999898e+02
5.873333299999999646e+00,2.145287600000000111e+03,1.629759199999999964e+03,1.392884399999999914e+03,9.114707100000000537e+02,4.142306699999999751e+02,4.565107899999999859e+02,4.348230899999999792e+02,3.616634099999999989e+02
5.875555600000000211e+00,2.145123000000000047e+03,1.629557600000000093e+03,1.392664500000000089e+03,9.112570299999999861e+02,4.135225699999999733e+02,4.550735900000000242e+02,4.328865200000000186e+02,3.593560400000000072e+02
5.877777799999999608e+00,2.144952600000000075e+03,1.629348099999999931e+03,1.392439000000000078e+03,9.110034500000000435e+02,4.128242200000000253e+02,4.536273100000000227e+02,4.309408799999999928e+02,3.570136499999999842e+02
5.879999999999999893e+00,2.144799599999999828e+03,1.629154800000000023e+03,1.392231999999999971e+03,9.107498600000000124e+02,4.121599400000000060e+02,4.522176299999999856e+02,4.290387799999999743e+02,3.546878300000000195e+02
5.882222200000000178e+00,2.144646600000000035e+03,1.628959299999999985e+03,1.392024300000000039e+03,9.104813199999999824e+02,4.114983199999999783e+02,4.508069600000000037e+02,4.271390599999999722e+02,3.523373500000000149e+02
5.884444399999999575e+00,2.144508800000000065e+03,1.628779299999999921e+03,1.391834700000000112e+03,9.102267399999999498e+02,4.108695399999999722e+02,4.494388700000000085e+02,4.252878000000000043e+02,3.500169399999999769e+02
5.886666700000000141e+00,2.144350699999999961e+03,1.628580400000000054e+03,1.391630000000000109e+03,9.099575300000000198e+02,4.102362699999999904e+02,4.480645900000000097e+02,4.234362300000000232e+02,3.476674100000000180e+02
5.888888900000000426e+00,2.144254800000000159e+03,1.628438200000000052e+03,1.391477100000000064e+03,9.097251899999999978e+02,4.096291200000000003e+02,4.467398400000000152e+02,4.216446300000000065e+02,3.453602900000000204e+02
5.891111099999999823e+00,2.144133699999999862e+03,1.628274400000000014e+03,1.391307499999999891e+03,9.094838399999999865e+02,4.090202699999999822e+02,4.454064000000000192e+02,4.198509700000000180e+02,3.430411599999999908e+02
5.893333300000000108e+00,2.144043700000000172e+03,1.628141100000000051e+03,1.391167999999999893e+03,9.092720399999999472e+02,4.084389499999999771e+02,4.441209499999999935e+02,4.181138300000000072e+02,3.407724699999999984e+02
5.895555599999999785e+00,2.143953399999999874e+03,1.628007900000000063e+03,1.391029600000000073e+03,9.090618600000000242e+02,4.078512400000000184e+02,4.428315200000000118e+02,4.163801799999999957e+02,3.385080399999999941e+02
5.897777800000000070e+00,2.143882999999999811e+03,1.627895199999999932e+03,1.390912100000000009e+03,9.088772699999999531e+02,4.072912000000000035e+02,4.415901299999999878e+02,4.147052199999999971e+02,3.363289700000000266e+02
5.900000000000000355e+00,2.143809299999999894e+03,1.627780700000000024e+03,1.390793899999999894e+03,9.086931399999999712e+02,4.067185400000000186e+02,4.403439700000000130e+02,4.130294799999999782e+02,3.341588300000000231e+02
5.902222199999999752e+00,2.143765300000000025e+03,1.627697400000000016e+03,1.390707300000000032e+03,9.085465599999999995e+02,4.061835599999999999e+02,4.391520399999999995e+02,4.114169499999999857e+02,3.320393700000000194e+02
5.904444400000000037e+00,2.143710099999999784e+03,1.627603100000000040e+03,1.390608699999999999e+03,9.083898900000000367e+02,4.056290999999999940e+02,4.379511800000000221e+02,4.097990100000000098e+02,3.299064099999999939e+02
5.906666699999999715e+00,2.143683700000000044e+03,1.627539600000000064e+03,1.390543699999999944e+03,9.082708999999999833e+02,4.051046900000000051e+02,4.367921000000000049e+02,4.082308800000000133e+02,3.278464000000000169e+02
5.908888900000000000e+00,2.143651199999999790e+03,1.627470100000000002e+03,1.390472600000000057e+03,9.081481599999999617e+02,4.045725800000000163e+02,4.356409899999999880e+02,4.066756399999999871e+02,3.258045000000000186e+02
5.911111100000000285e+00,2.143640199999999822e+03,1.627423800000000028e+03,1.390426500000000033e+03,9.080558600000000524e+02,4.040619699999999739e+02,4.345211499999999774e+02,4.051574400000000082e+02,3.237936000000000263e+02
5.913333299999999682e+00,2.143632399999999961e+03,1.627381699999999910e+03,1.390385199999999941e+03,9.079722199999999930e+02,4.035543000000000120e+02,4.334175599999999804e+02,4.036605700000000070e+02,3.218198800000000119e+02
5.915555600000000247e+00,2.143635099999999966e+03,1.627350899999999911e+03,1.390355999999999995e+03,9.079050999999999476e+02,4.030563000000000216e+02,4.323360500000000002e+02,4.021911999999999807e+02,3.198869900000000257e+02
5.917777799999999644e+00,2.143630799999999908e+03,1.627316100000000006e+03,1.390324800000000096e+03,9.078413500000000340e+02,4.025627099999999814e+02,4.312740900000000011e+02,4.007483500000000163e+02,3.179955299999999738e+02
5.919999999999999929e+00,2.143679700000000139e+03,1.627328400000000101e+03,1.390336800000000039e+03,9.078161099999999806e+02,4.020827199999999948e+02,4.302300500000000056e+02,3.993301999999999907e+02,3.161459100000000149e+02
5.922222200000000214e+00,2.143683500000000095e+03,1.627305499999999938e+03,1.390319999999999936e+03,9.077768899999999803e+02,4.016074300000000221e+02,4.292168899999999780e+02,3.979473600000000033e+02,3.143416900000000282e+02
5.924444399999999611e+00,2.143724000000000160e+03,1.627315100000000029e+03,1.390334599999999909e+03,9.077671800000000530e+02,4.011341100000000210e+02,4.282039399999999887e+02,3.965653300000000172e+02,3.124958799999999997e+02
5.926666700000000176e+00,2.143754300000000057e+03,1.627317800000000034e+03,1.390346800000000030e+03,9.077591999999999643e+02,4.006664599999999723e+02,4.272153299999999945e+02,3.952153400000000261e+02,3.107504299999999944e+02
5.928888899999999573e+00,2.143796400000000176e+03,1.627331400000000031e+03,1.390367500000000064e+03,9.077646300000000110e+02,4.002010599999999840e+02,4.262357499999999959e+02,3.938762500000000273e+02,3.090189700000000244e+02
5.931111099999999858e+00,2.143844500000000153e+03,1.627352699999999913e+03,1.390397300000000087e+03,9.077822899999999890e+02,3.997424700000000257e+02,4.252733299999999872e+02,3.925575299999999856e+02,3.073481100000000197e+02
5.933333300000000143e+00,2.143897500000000036e+03,1.627379300000000057e+03,1.390432999999999993e+03,9.078102499999999964e+02,3.992902300000000082e+02,4.243271899999999732e+02,3.912606299999999919e+02,3.057439200000000028e+02
5.935555599999999821e+00,2.143948199999999815e+03,1.627403900000000021e+03,1.390467399999999998e+03,9.078417200000000093e+02,3.988386100000000170e+02,4.233954600000000141e+02,3.899858100000000150e+02,3.042072600000000193e+02
5.937777800000000106e+00,2.144029100000000199e+03,1.627458200000000033e+03,1.390530899999999974e+03,9.078989000000000260e+02,3.983961100000000215e+02,4.224796000000000049e+02,3.887330799999999726e+02,3.027331899999999791e+02
5.940000000000000391e+00,2.144099999999999909e+03,1.627504100000000108e+03,1.390587399999999889e+03,9.079533699999999499e+02,3.979406900000000178e+02,4.215631799999999885e+02,3.874919699999999807e+02,3.013138999999999896e+02
5.942499999999999893e+00,2.143692500000000109e+03,1.627313400000000001e+03,1.389227799999999888e+03,9.031121799999999666e+02,4.004745199999999841e+02,4.195979300000000194e+02,3.849487100000000055e+02,2.979315799999999967e+02
5.945416699999999999e+00,2.143028400000000147e+03,1.626914399999999887e+03,1.387348300000000108e+03,8.974989799999999605e+02,4.034651200000000131e+02,4.174353399999999965e+02,3.821445699999999874e+02,2.940967299999999796e+02
5.948333299999999824e+00,2.142863400000000183e+03,1.626735799999999927e+03,1.386977300000000014e+03,8.982139700000000175e+02,4.027812999999999874e+02,4.166890900000000215e+02,3.810353099999999813e+02,2.927342499999999745e+02
5.951249999999999929e+00,2.143007300000000214e+03,1.626861200000000053e+03,1.387055499999999938e+03,8.995642400000000407e+02,4.017973000000000070e+02,4.160796300000000087e+02,3.800485699999999838e+02,2.916612400000000207e+02
5.954166700000000034e+00,2.143298699999999826e+03,1.627160900000000083e+03,1.387352699999999913e+03,9.007093899999999849e+02,4.009085299999999847e+02,4.154291200000000117e+02,3.789933599999999956e+02,2.906309200000000033e+02
5.957083299999999859e+00,2.143581599999999980e+03,1.627462199999999939e+03,1.387671399999999949e+03,9.015695600000000240e+02,4.000836699999999837e+02,4.146965999999999894e+02,3.778388600000000110e+02,2.895559099999999830e+02
5.959999999999999964e+00,2.143850100000000111e+03,1.627748100000000022e+03,1.387984699999999975e+03,9.022570399999999609e+02,3.993445800000000077e+02,4.139401399999999853e+02,3.766533299999999826e+02,2.884900700000000029e+02
5.962857099999999910e+00,2.144145199999999932e+03,1.628022899999999936e+03,1.388461700000000064e+03,9.036109599999999773e+02,3.981757200000000125e+02,4.133258400000000279e+02,3.756373500000000263e+02,2.876831900000000246e+02
5.965714300000000136e+00,2.144416400000000067e+03,1.628301899999999932e+03,1.388804000000000087e+03,9.041015300000000252e+02,3.975511000000000195e+02,4.125330700000000093e+02,3.744147699999999759e+02,2.866351599999999848e+02
5.968571400000000082e+00,2.144624099999999999e+03,1.628514899999999898e+03,1.389070200000000114e+03,9.044252400000000307e+02,3.970067700000000173e+02,4.117065000000000055e+02,3.731580000000000155e+02,2.855238600000000133e+02
5.971428600000000309e+00,2.144809900000000198e+03,1.628699399999999969e+03,1.389307499999999891e+03,9.047407899999999472e+02,3.965106599999999730e+02,4.109078499999999963e+02,3.719359400000000164e+02,2.844440099999999916e+02
5.974285700000000254e+00,2.144987099999999828e+03,1.628869200000000092e+03,1.389529500000000098e+03,9.050533000000000357e+02,3.960314000000000192e+02,4.101106800000000021e+02,3.707183200000000056e+02,2.833629599999999868e+02
5.977142899999999592e+00,2.145151199999999790e+03,1.629026000000000067e+03,1.389741899999999987e+03,9.053702299999999923e+02,3.955901499999999942e+02,4.093523200000000202e+02,3.695473400000000197e+02,2.823409399999999891e+02
5.980000000000000426e+00,2.145322099999999864e+03,1.629185799999999972e+03,1.389956300000000056e+03,9.056850699999999961e+02,3.951622899999999845e+02,4.086000399999999786e+02,3.683858299999999986e+02,2.813307899999999790e+02
5.982857100000000372e+00,2.145499899999999798e+03,1.629351100000000088e+03,1.390176300000000083e+03,9.060073499999999740e+02,3.947701599999999758e+02,4.078871500000000196e+02,3.672694000000000187e+02,2.803749599999999873e+02
5.985714299999999710e+00,2.145683500000000095e+03,1.629518800000000056e+03,1.390397099999999909e+03,9.063259699999999839e+02,3.943804200000000151e+02,4.071733100000000150e+02,3.661581300000000283e+02,2.794255400000000122e+02
5.988571399999999656e+00,2.145865800000000036e+03,1.629686699999999973e+03,1.390619899999999916e+03,9.066524699999999939e+02,3.940256200000000035e+02,4.064992300000000114e+02,3.650907599999999888e+02,2.785234100000000126e+02
5.991428599999999882e+00,2.146043000000000120e+03,1.629847600000000057e+03,1.390834399999999960e+03,9.069701800000000276e+02,3.936757099999999809e+02,4.058331800000000271e+02,3.640377199999999789e+02,2.776336099999999760e+02
5.994285699999999828e+00,2.146220899999999801e+03,1.630009199999999964e+03,1.391049999999999955e+03,9.072921499999999924e+02,3.933492899999999963e+02,4.051973499999999717e+02,3.630218699999999785e+02,2.767843700000000240e+02
5.997142900000000054e+00,2.146394999999999982e+03,1.630166999999999916e+03,1.391261299999999892e+03,9.076131000000000313e+02,3.930337400000000230e+02,4.045771599999999921e+02,3.620286800000000085e+02,2.759508900000000153e+02
6.000000000000000000e+00,2.146564499999999953e+03,1.630319500000000062e+03,1.391467000000000098e+03,9.079298499999999876e+02,3.927320500000000152e+02,4.039794099999999730e+02,3.610652900000000045e+02,2.751388000000000034e+02
6.002500000000000391e+00,2.147220499999999902e+03,1.630701900000000023e+03,1.393114600000000110e+03,9.140051499999999578e+02,3.888188200000000165e+02,4.046184799999999768e+02,3.614744800000000282e+02,2.762079100000000267e+02
6.004999999999999893e+00,2.147708799999999883e+03,1.631176300000000083e+03,1.393809400000000096e+03,9.142996900000000551e+02,3.885367600000000152e+02,4.040302300000000173e+02,3.605398099999999886e+02,2.755362900000000081e+02
6.007500000000000284e+00,2.147897399999999834e+03,1.631361100000000079e+03,1.394107700000000023e+03,9.138184899999999971e+02,3.885985999999999763e+02,4.032956399999999917e+02,3.594826400000000035e+02,2.746835899999999810e+02
6.009999999999999787e+00,2.147979800000000068e+03,1.631412700000000086e+03,1.394234999999999900e+03,9.134589300000000094e+02,3.886389899999999784e+02,4.026118700000000104e+02,3.585051100000000019e+02,2.738330100000000016e+02
6.012500000000000178e+00,2.148001699999999801e+03,1.631395299999999907e+03,1.394281199999999899e+03,9.132630500000000211e+02,3.886370800000000258e+02,4.019923000000000002e+02,3.576107200000000148e+02,2.730419800000000237e+02
6.014999999999999680e+00,2.148060699999999997e+03,1.631412499999999909e+03,1.394352699999999913e+03,9.132111400000000003e+02,3.886107200000000148e+02,4.014270999999999958e+02,3.567810099999999807e+02,2.722551100000000019e+02
6.017500000000000071e+00,2.148114799999999832e+03,1.631427599999999984e+03,1.394418699999999944e+03,9.132265899999999874e+02,3.885557600000000207e+02,4.009036399999999958e+02,3.560026700000000233e+02,2.714853699999999890e+02
6.019999999999999574e+00,2.148222699999999804e+03,1.631497800000000097e+03,1.394534499999999980e+03,9.133245500000000447e+02,3.884922000000000253e+02,4.004187000000000012e+02,3.552714899999999716e+02,2.707533799999999928e+02
6.022499999999999964e+00,2.148314699999999903e+03,1.631557700000000068e+03,1.394641300000000001e+03,9.134532400000000507e+02,3.884165399999999977e+02,3.999643800000000056e+02,3.545798700000000281e+02,2.700525099999999838e+02
6.025000000000000355e+00,2.148433399999999892e+03,1.631647799999999961e+03,1.394778800000000047e+03,9.136500399999999900e+02,3.883561900000000264e+02,3.995393199999999752e+02,3.539239999999999782e+02,2.693862799999999993e+02
6.027499999999999858e+00,2.148530799999999999e+03,1.631717000000000098e+03,1.394892200000000003e+03,9.138224400000000287e+02,3.882592799999999897e+02,3.991317799999999920e+02,3.532979599999999891e+02,2.687557800000000157e+02
6.030000000000000249e+00,2.148629600000000210e+03,1.631789399999999887e+03,1.395008399999999938e+03,9.140045999999999822e+02,3.881571999999999889e+02,3.987441200000000094e+02,3.527000400000000013e+02,2.681443100000000186e+02
6.032499999999999751e+00,2.148715700000000197e+03,1.631848799999999983e+03,1.395110400000000027e+03,9.141758200000000443e+02,3.880409300000000030e+02,3.983713399999999751e+02,3.521280699999999797e+02,2.675723300000000222e+02
6.035000000000000142e+00,2.148813500000000204e+03,1.631923199999999952e+03,1.395230199999999968e+03,9.143736999999999853e+02,3.879354299999999967e+02,3.980189199999999801e+02,3.515828999999999951e+02,2.670131299999999896e+02
6.037499999999999645e+00,2.148907900000000154e+03,1.631996100000000069e+03,1.395351300000000037e+03,9.145873100000000022e+02,3.878399200000000064e+02,3.976825299999999856e+02,3.510602400000000216e+02,2.664495600000000195e+02
6.040000000000000036e+00,2.149024800000000141e+03,1.632093800000000101e+03,1.395500099999999975e+03,9.148477799999999434e+02,3.877735599999999749e+02,3.973675499999999943e+02,3.505645999999999844e+02,2.659049400000000105e+02
6.042500000000000426e+00,2.149122800000000097e+03,1.632166199999999890e+03,1.395617099999999937e+03,9.150521700000000465e+02,3.876715399999999931e+02,3.970590799999999945e+02,3.500863299999999754e+02,2.653634900000000130e+02
6.044999999999999929e+00,2.149178199999999833e+03,1.632195600000000013e+03,1.395690900000000056e+03,9.151988800000000310e+02,3.875373799999999846e+02,3.967545499999999947e+02,3.496243799999999737e+02,2.648360900000000129e+02
6.047500000000000320e+00,2.149251000000000204e+03,1.632246000000000095e+03,1.395791099999999915e+03,9.153776400000000422e+02,3.874212099999999737e+02,3.964624600000000214e+02,3.491821600000000103e+02,2.643291800000000080e+02
6.049999999999999822e+00,2.149306300000000192e+03,1.632274899999999889e+03,1.395868199999999888e+03,9.155374299999999721e+02,3.873056199999999762e+02,3.961798600000000192e+02,3.487575600000000122e+02,2.638003699999999867e+02
6.052500000000000213e+00,2.149354600000000119e+03,1.632297399999999925e+03,1.395940900000000056e+03,9.156955699999999752e+02,3.871944599999999923e+02,3.959085299999999847e+02,3.483542299999999727e+02,2.633113399999999729e+02
6.054999999999999716e+00,2.149392699999999877e+03,1.632310400000000072e+03,1.396007800000000088e+03,9.158476299999999810e+02,3.870849999999999795e+02,3.956459300000000212e+02,3.479673199999999724e+02,2.628156799999999862e+02
6.057500000000000107e+00,2.149466899999999896e+03,1.632363299999999981e+03,1.396122299999999996e+03,9.160543599999999742e+02,3.870032699999999863e+02,3.953971700000000169e+02,3.476002399999999852e+02,2.623425300000000107e+02
6.059999999999999609e+00,2.149548699999999826e+03,1.632422499999999900e+03,1.396247800000000097e+03,9.162699800000000323e+02,3.869289800000000241e+02,3.951583499999999844e+02,3.472513200000000211e+02,2.618903199999999742e+02
6.062500000000000000e+00,2.149594300000000203e+03,1.632447300000000041e+03,1.396309899999999971e+03,9.164283199999999852e+02,3.868365699999999947e+02,3.949232499999999959e+02,3.469157700000000091e+02,2.614451999999999998e+02
6.065000000000000391e+00,2.149657799999999952e+03,1.632494400000000041e+03,1.396330799999999954e+03,9.165539700000000494e+02,3.867353699999999890e+02,3.946947400000000243e+02,3.465970599999999990e+02,2.610323799999999892e+02
6.067499999999999893e+00,2.149683899999999994e+03,1.632502099999999928e+03,1.396383800000000065e+03,9.167266399999999749e+02,3.866589599999999791e+02,3.944755999999999858e+02,3.462930999999999813e+02,2.606419000000000210e+02
6.070000000000000284e+00,2.149666900000000169e+03,1.632464300000000094e+03,1.396390699999999924e+03,9.168332299999999577e+02,3.865572900000000232e+02,3.942608099999999922e+02,3.460043200000000070e+02,2.602757399999999848e+02
6.072499999999999787e+00,2.149650700000000143e+03,1.632424899999999980e+03,1.396398500000000013e+03,9.169254200000000310e+02,3.864491699999999810e+02,3.940480800000000272e+02,3.457267699999999877e+02,2.599462800000000016e+02
6.075000000000000178e+00,2.149667899999999918e+03,1.632427100000000110e+03,1.396389599999999973e+03,9.170152000000000498e+02,3.863495100000000093e+02,3.938445899999999824e+02,3.454629499999999780e+02,2.596184700000000021e+02
6.077499999999999680e+00,2.149687800000000152e+03,1.632438100000000077e+03,1.396348700000000008e+03,9.170860000000000127e+02,3.862456799999999930e+02,3.936415999999999826e+02,3.452067200000000184e+02,2.592941299999999956e+02
6.080000000000000071e+00,2.149697299999999814e+03,1.632417599999999993e+03,1.396385600000000068e+03,9.171995799999999690e+02,3.861563199999999938e+02,3.934457899999999881e+02,3.449612300000000005e+02,2.589761700000000246e+02
6.082499999999999574e+00,2.149746299999999792e+03,1.632443199999999933e+03,1.396449200000000019e+03,9.173437400000000252e+02,3.860834199999999896e+02,3.932571599999999989e+02,3.447270700000000261e+02,2.586777999999999906e+02
6.084999999999999964e+00,2.149716699999999946e+03,1.632396700000000010e+03,1.396443899999999985e+03,9.174363200000000234e+02,3.860004599999999755e+02,3.930713999999999828e+02,3.445028699999999731e+02,2.584071900000000142e+02
6.087500000000000355e+00,2.149782299999999850e+03,1.632451999999999998e+03,1.396547600000000102e+03,9.176233200000000352e+02,3.859467999999999961e+02,3.928944799999999873e+02,3.442896200000000135e+02,2.581564900000000193e+02
6.090625000000000178e+00,2.148879100000000108e+03,1.632007200000000012e+03,1.394056900000000041e+03,9.085153099999999995e+02,3.915409399999999778e+02,3.910854199999999992e+02,3.424196900000000028e+02,2.557888800000000060e+02
6.093750000000000000e+00,2.148271000000000186e+03,1.631413399999999911e+03,1.393243699999999990e+03,9.086347600000000284e+02,3.915257799999999975e+02,3.910189199999999801e+02,3.423792700000000195e+02,2.555921899999999880e+02
6.096874999999999822e+00,2.148067599999999857e+03,1.631204099999999926e+03,1.392920000000000073e+03,9.098249600000000328e+02,3.909157099999999900e+02,3.911759299999999939e+02,3.425371099999999842e+02,2.556378599999999892e+02
6.099999999999999645e+00,2.148049199999999928e+03,1.631159100000000080e+03,1.392883599999999888e+03,9.108071099999999660e+02,3.903553699999999935e+02,3.912829399999999964e+02,3.426188799999999901e+02,2.557048299999999870e+02
6.103333300000000072e+00,2.148028699999999844e+03,1.631146999999999935e+03,1.392366800000000012e+03,9.089629599999999527e+02,3.913681000000000267e+02,3.908496999999999844e+02,3.421587799999999788e+02,2.552024299999999926e+02
6.106666699999999892e+00,2.147927099999999882e+03,1.630982600000000048e+03,1.392171100000000024e+03,9.094782099999999900e+02,3.909726800000000253e+02,3.908595500000000129e+02,3.421531499999999824e+02,2.552674100000000124e+02
6.110000000000000320e+00,2.147835300000000188e+03,1.630869899999999916e+03,1.392084900000000061e+03,9.101532600000000457e+02,3.904809799999999882e+02,3.908865299999999934e+02,3.421596000000000117e+02,2.553898700000000019e+02
6.113333299999999859e+00,2.147695999999999913e+03,1.630761099999999942e+03,1.392030700000000024e+03,9.106361100000000306e+02,3.900392800000000193e+02,3.908647500000000150e+02,3.421145799999999895e+02,2.555190699999999993e+02
6.116666699999999679e+00,2.147528699999999844e+03,1.630612499999999955e+03,1.391943400000000111e+03,9.109278699999999844e+02,3.896389899999999784e+02,3.907934999999999945e+02,3.420270800000000122e+02,2.556566100000000006e+02
6.120000000000000107e+00,2.147386599999999817e+03,1.630469399999999951e+03,1.391861000000000104e+03,9.111303299999999581e+02,3.892955799999999726e+02,3.906917300000000068e+02,3.419133899999999926e+02,2.558140500000000088e+02
6.123333299999999646e+00,2.147238299999999981e+03,1.630297299999999950e+03,1.391745300000000043e+03,9.112470899999999574e+02,3.889848000000000070e+02,3.905627499999999941e+02,3.417808899999999994e+02,2.559825800000000129e+02
6.126666700000000354e+00,2.146980399999999918e+03,1.630027800000000070e+03,1.391539999999999964e+03,9.112616100000000188e+02,3.886893299999999840e+02,3.904104500000000257e+02,3.416332899999999881e+02,2.561555000000000177e+02
6.129999999999999893e+00,2.146830699999999979e+03,1.629793599999999969e+03,1.391353800000000092e+03,9.112513500000000022e+02,3.884208699999999794e+02,3.902431599999999889e+02,3.414784999999999968e+02,2.563638900000000262e+02
6.133333300000000321e+00,2.146614900000000034e+03,1.629521700000000010e+03,1.391137500000000045e+03,9.112015000000000100e+02,3.881694400000000087e+02,3.900630899999999883e+02,3.413183700000000158e+02,2.565977199999999812e+02
6.136666700000000141e+00,2.146311299999999846e+03,1.629178799999999910e+03,1.390852200000000039e+03,9.110732000000000426e+02,3.879075300000000084e+02,3.898655299999999784e+02,3.411521000000000186e+02,2.568606800000000021e+02
6.139999999999999680e+00,2.146011399999999867e+03,1.628856399999999894e+03,1.390590799999999945e+03,9.109611999999999625e+02,3.876773499999999899e+02,3.896647500000000264e+02,3.409862800000000220e+02,2.571603099999999813e+02
6.144000000000000128e+00,2.144703500000000076e+03,1.627842200000000048e+03,1.388310400000000072e+03,9.034867299999999659e+02,3.912407900000000041e+02,3.880845299999999725e+02,3.395633799999999951e+02,2.560445599999999899e+02
6.147999999999999687e+00,2.143900299999999788e+03,1.626984899999999925e+03,1.387296900000000051e+03,9.035081199999999626e+02,3.911074800000000096e+02,3.879736199999999826e+02,3.395665000000000191e+02,2.565834899999999834e+02
6.152000000000000135e+00,2.143397699999999986e+03,1.626415299999999888e+03,1.386696699999999964e+03,9.042967899999999872e+02,3.905678399999999897e+02,3.880060899999999720e+02,3.396882200000000012e+02,2.573217799999999897e+02
6.155999999999999694e+00,2.143035400000000209e+03,1.626022600000000011e+03,1.386330899999999929e+03,9.047744199999999637e+02,3.900405200000000150e+02,3.879737400000000207e+02,3.397267100000000255e+02,2.580711000000000013e+02
6.160000000000000142e+00,2.142611199999999826e+03,1.625549099999999953e+03,1.385872599999999920e+03,9.046765000000000327e+02,3.892835999999999785e+02,3.878050099999999816e+02,3.396608400000000074e+02,2.588156799999999862e+02
6.163333299999999682e+00,2.143047399999999925e+03,1.625596199999999953e+03,1.387265699999999924e+03,9.124788399999999911e+02,3.847447799999999916e+02,3.891617299999999773e+02,3.409691100000000006e+02,2.612055500000000166e+02
6.166666700000000390e+00,2.142975699999999961e+03,1.625518600000000106e+03,1.387465099999999893e+03,9.117600999999999658e+02,3.840905300000000011e+02,3.887962699999999927e+02,3.406260199999999827e+02,2.617659199999999942e+02
6.169999999999999929e+00,2.142490899999999783e+03,1.625006300000000010e+03,1.387079400000000078e+03,9.100643800000000283e+02,3.838410799999999767e+02,3.882128799999999842e+02,3.401168999999999869e+02,2.621547299999999723e+02
6.173333300000000357e+00,2.141826799999999821e+03,1.624285900000000083e+03,1.386436200000000099e+03,9.088545400000000427e+02,3.838148699999999849e+02,3.877001900000000205e+02,3.396904799999999796e+02,2.626021000000000072e+02
6.176666700000000176e+00,2.141177999999999884e+03,1.623539800000000014e+03,1.385737499999999955e+03,9.079647300000000314e+02,3.838303300000000036e+02,3.872649999999999864e+02,3.393501999999999725e+02,2.631305699999999774e+02
6.179999999999999716e+00,2.140375399999999900e+03,1.622649300000000039e+03,1.384870699999999943e+03,9.068991999999999507e+02,3.835996700000000033e+02,3.868309899999999857e+02,3.390506700000000251e+02,2.637293900000000235e+02
6.183333300000000143e+00,2.139600600000000213e+03,1.621791300000000092e+03,1.384037600000000111e+03,9.059311000000000149e+02,3.833368500000000267e+02,3.864171699999999987e+02,3.387816599999999880e+02,2.643689499999999839e+02
6.186666699999999963e+00,2.138880200000000059e+03,1.620988000000000056e+03,1.383258800000000065e+03,9.050709500000000389e+02,3.830814599999999928e+02,3.860222699999999918e+02,3.385385800000000245e+02,2.650995300000000157e+02
6.190000000000000391e+00,2.138186200000000099e+03,1.620230199999999968e+03,1.382538099999999986e+03,9.043768099999999777e+02,3.828969299999999976e+02,3.856485500000000002e+02,3.383107200000000034e+02,2.658306299999999851e+02
6.193333299999999930e+00,2.137468800000000101e+03,1.619443800000000010e+03,1.381779500000000098e+03,9.036494199999999637e+02,3.826751300000000242e+02,3.852750800000000027e+02,3.380909199999999828e+02,2.666007500000000050e+02
6.196666699999999750e+00,2.136713600000000042e+03,1.618618099999999913e+03,1.380973400000000083e+03,9.028643899999999576e+02,3.824091999999999985e+02,3.848992400000000202e+02,3.378798899999999890e+02,2.674428599999999960e+02
6.200000000000000178e+00,2.135942599999999857e+03,1.617776599999999917e+03,1.380149200000000064e+03,9.020568600000000288e+02,3.821169199999999933e+02,3.845166699999999764e+02,3.376690500000000270e+02,2.683088599999999815e+02
6.203999999999999737e+00,2.134127800000000207e+03,1.616255699999999933e+03,1.377226400000000012e+03,8.936554300000000239e+02,3.854077100000000087e+02,3.826241999999999734e+02,3.360786200000000008e+02,2.674489800000000059e+02
6.208000000000000185e+00,2.132765699999999924e+03,1.614784300000000030e+03,1.375519299999999930e+03,8.929882300000000441e+02,3.851407600000000002e+02,3.823153399999999920e+02,3.360453699999999913e+02,2.688121699999999805e+02
6.211999999999999744e+00,2.131723500000000058e+03,1.613625600000000077e+03,1.374270899999999983e+03,8.930631600000000390e+02,3.844408700000000181e+02,3.821567400000000134e+02,3.361506099999999719e+02,2.704479600000000232e+02
6.216000000000000192e+00,2.130832199999999830e+03,1.612667500000000018e+03,1.373297100000000000e+03,8.927521000000000413e+02,3.837136300000000233e+02,3.819200999999999908e+02,3.361680000000000064e+02,2.720894000000000119e+02
6.219999999999999751e+00,2.129901600000000144e+03,1.611681599999999889e+03,1.372314100000000053e+03,8.920915400000000091e+02,3.829954200000000242e+02,3.815928900000000112e+02,3.361043700000000172e+02,2.737695899999999938e+02
6.224000000000000199e+00,2.128874699999999848e+03,1.610594000000000051e+03,1.371229000000000042e+03,8.912212200000000166e+02,3.823045799999999872e+02,3.811949200000000246e+02,3.359773999999999887e+02,2.754522499999999923e+02
6.227999999999999758e+00,2.127789800000000014e+03,1.609441700000000083e+03,1.370077999999999975e+03,8.902238599999999451e+02,3.816404099999999744e+02,3.807542199999999752e+02,3.358247400000000198e+02,2.772164700000000153e+02
6.232000000000000206e+00,2.126643399999999929e+03,1.608222600000000057e+03,1.368860699999999952e+03,8.891089899999999489e+02,3.809760699999999929e+02,3.802669200000000274e+02,3.356505599999999845e+02,2.791402100000000246e+02
6.235999999999999766e+00,2.125449900000000071e+03,1.606954600000000028e+03,1.367599300000000085e+03,8.879210500000000366e+02,3.803222299999999905e+02,3.797589500000000271e+02,3.354873600000000238e+02,2.813434199999999805e+02
6.240000000000000213e+00,2.124217700000000150e+03,1.605640900000000101e+03,1.366288800000000037e+03,8.866550499999999602e+02,3.796649600000000078e+02,3.792312699999999950e+02,3.353394700000000057e+02,2.837654400000000123e+02
6.243999999999999773e+00,2.122961899999999787e+03,1.604299199999999928e+03,1.364948100000000068e+03,8.853366800000000012e+02,3.790011400000000208e+02,3.786623099999999909e+02,3.351358399999999733e+02,2.853885399999999777e+02
6.248000000000000220e+00,2.121670000000000073e+03,1.602914999999999964e+03,1.363562799999999925e+03,8.839609500000000253e+02,3.783291500000000269e+02,3.780642000000000280e+02,3.349016100000000051e+02,2.870327500000000214e+02
6.251999999999999780e+00,2.120349600000000009e+03,1.601497299999999996e+03,1.362141699999999901e+03,8.825316699999999628e+02,3.776334400000000073e+02,3.774292399999999930e+02,3.346353100000000040e+02,2.885406600000000026e+02
6.256000000000000227e+00,2.119021099999999933e+03,1.600060099999999920e+03,1.360691600000000108e+03,8.810548199999999497e+02,3.769206800000000044e+02,3.767599200000000224e+02,3.343219500000000153e+02,2.896816000000000031e+02
6.259999999999999787e+00,2.117602699999999913e+03,1.598546900000000051e+03,1.359171900000000051e+03,8.795088899999999512e+02,3.761697199999999839e+02,3.760609499999999912e+02,3.339985100000000102e+02,2.912893199999999752e+02
6.264000000000000234e+00,2.116160199999999804e+03,1.597009399999999914e+03,1.357626500000000078e+03,8.779250899999999547e+02,3.753885000000000218e+02,3.753555400000000191e+02,3.337225700000000188e+02,2.936152500000000032e+02
6.267999999999999794e+00,2.114686499999999796e+03,1.595435199999999895e+03,1.356040099999999939e+03,8.762932200000000194e+02,3.745815699999999993e+02,3.746363600000000247e+02,3.334723399999999742e+02,2.961414599999999950e+02
6.272000000000000242e+00,2.113188200000000052e+03,1.593835000000000036e+03,1.354426099999999906e+03,8.746239100000000235e+02,3.737528300000000172e+02,3.738920899999999961e+02,3.331808399999999892e+02,2.977081400000000144e+02
6.275999999999999801e+00,2.111632799999999861e+03,1.592174500000000080e+03,1.352748299999999972e+03,8.728886999999999716e+02,3.729135099999999738e+02,3.731277799999999729e+02,3.328706900000000246e+02,2.994230600000000209e+02
6.280000000000000249e+00,2.110068400000000111e+03,1.590503300000000081e+03,1.351053599999999960e+03,8.711238799999999856e+02,3.720611299999999915e+02,3.723456300000000283e+02,3.325498900000000049e+02,3.009744900000000030e+02
6.283999999999999808e+00,2.108457800000000134e+03,1.588790500000000065e+03,1.349324800000000096e+03,8.693328699999999571e+02,3.711959899999999948e+02,3.715269000000000119e+02,3.321750499999999988e+02,3.024082900000000222e+02
6.288000000000000256e+00,2.106838799999999992e+03,1.587066100000000006e+03,1.347576600000000099e+03,8.675165299999999888e+02,3.703283200000000193e+02,3.707175399999999854e+02,3.318657400000000166e+02,3.049884500000000003e+02
6.291999999999999815e+00,2.105201300000000174e+03,1.585319500000000062e+03,1.345804900000000089e+03,8.656644999999999754e+02,3.694427900000000022e+02,3.699325999999999794e+02,3.316834799999999746e+02,3.090668800000000260e+02
6.296000000000000263e+00,2.103542699999999968e+03,1.583551999999999907e+03,1.344008299999999963e+03,8.637824799999999641e+02,3.685482400000000212e+02,3.691274199999999723e+02,3.314619599999999764e+02,3.118895099999999729e+02
6.299999999999999822e+00,2.101853399999999965e+03,1.581751500000000078e+03,1.342176999999999907e+03,8.618585799999999608e+02,3.676240799999999922e+02,3.682695200000000000e+02,3.311480000000000246e+02,3.137749000000000024e+02
6.304000000000000270e+00,2.100119599999999991e+03,1.579907600000000002e+03,1.340300799999999981e+03,8.598933899999999539e+02,3.666899000000000228e+02,3.674180900000000065e+02,3.308872400000000198e+02,3.168804999999999836e+02
6.309333299999999589e+00,2.096543900000000122e+03,1.576762600000000020e+03,1.335244999999999891e+03,8.470058800000000474e+02,3.693334399999999960e+02,3.637075199999999882e+02,3.277028099999999995e+02,3.154742100000000278e+02
6.314666700000000077e+00,2.093583200000000033e+03,1.573573300000000017e+03,1.331589199999999892e+03,8.453082900000000564e+02,3.683266199999999913e+02,3.628797799999999825e+02,3.278977699999999800e+02,3.193372100000000273e+02
6.320000000000000284e+00,2.091269499999999880e+03,1.571059700000000021e+03,1.328869699999999966e+03,8.443716399999999567e+02,3.667626500000000078e+02,3.622397799999999961e+02,3.282726299999999924e+02,3.243779200000000174e+02
6.325000000000000178e+00,2.089556000000000040e+03,1.569132900000000063e+03,1.327263799999999947e+03,8.450460699999999861e+02,3.644172599999999989e+02,3.621331599999999753e+02,3.291462000000000216e+02,3.303149000000000228e+02
6.330000000000000071e+00,2.087638100000000122e+03,1.567156999999999925e+03,1.325349899999999934e+03,8.426846199999999953e+02,3.627767600000000243e+02,3.611608100000000263e+02,3.289785999999999717e+02,3.346252200000000130e+02
6.334999999999999964e+00,2.085396499999999833e+03,1.564810600000000022e+03,1.322972999999999956e+03,8.399839899999999489e+02,3.613050200000000132e+02,3.600435200000000009e+02,3.286735899999999901e+02,3.391944700000000239e+02
6.339999999999999858e+00,2.083034099999999853e+03,1.562307700000000068e+03,1.320399499999999989e+03,8.373201900000000251e+02,3.598818800000000238e+02,3.589371199999999931e+02,3.284813399999999888e+02,3.438335700000000088e+02
6.344999999999999751e+00,2.080613299999999981e+03,1.559748800000000074e+03,1.317784000000000106e+03,8.345859299999999621e+02,3.584590400000000159e+02,3.578536799999999971e+02,3.283727700000000027e+02,3.487022200000000112e+02
6.349999999999999645e+00,2.078230500000000120e+03,1.557220600000000104e+03,1.315197400000000016e+03,8.318224699999999530e+02,3.570381800000000112e+02,3.568043099999999868e+02,3.283580999999999790e+02,3.538951299999999947e+02
6.355000000000000426e+00,2.075727800000000116e+03,1.554584000000000060e+03,1.312505499999999984e+03,8.289634200000000419e+02,3.555688700000000040e+02,3.557626700000000142e+02,3.283954400000000078e+02,3.592350099999999884e+02
6.360000000000000320e+00,2.073245300000000043e+03,1.551955400000000054e+03,1.309809099999999944e+03,8.260717700000000150e+02,3.540568000000000097e+02,3.547210900000000038e+02,3.284780700000000024e+02,3.647592300000000023e+02
6.365000000000000213e+00,2.070705699999999979e+03,1.549273999999999887e+03,1.307062599999999975e+03,8.231481499999999869e+02,3.525858400000000188e+02,3.537027600000000120e+02,3.286268099999999777e+02,3.704635499999999979e+02
6.370000000000000107e+00,2.068165100000000166e+03,1.546590400000000045e+03,1.304309700000000021e+03,8.202093399999999974e+02,3.511462099999999964e+02,3.527064100000000053e+02,3.288556199999999876e+02,3.764401899999999728e+02
6.375000000000000000e+00,2.065645300000000134e+03,1.543920699999999897e+03,1.301564100000000053e+03,8.172663099999999758e+02,3.497434400000000210e+02,3.517397500000000150e+02,3.291705400000000168e+02,3.826004800000000046e+02
6.379999999999999893e+00,2.063025700000000143e+03,1.541160399999999981e+03,1.298733400000000074e+03,8.142623099999999567e+02,3.483599100000000135e+02,3.508033800000000042e+02,3.296196299999999724e+02,3.890720999999999776e+02
6.384999999999999787e+00,2.060435599999999795e+03,1.538422000000000025e+03,1.295913800000000037e+03,8.112462699999999813e+02,3.469995000000000118e+02,3.499105999999999881e+02,3.302237999999999829e+02,3.958524699999999825e+02
6.389999999999999680e+00,2.057804500000000189e+03,1.535643100000000004e+03,1.293051300000000083e+03,8.081755000000000564e+02,3.456343600000000151e+02,3.489782200000000216e+02,3.307013499999999908e+02,4.027080300000000079e+02
6.394999999999999574e+00,2.055177200000000084e+03,1.532863599999999906e+03,1.290179900000000089e+03,8.050823100000000068e+02,3.442601999999999975e+02,3.478344599999999787e+02,3.305865600000000200e+02,4.091857600000000161e+02
6.400000000000000355e+00,2.052563000000000102e+03,1.530102300000000014e+03,1.287330099999999902e+03,8.020211600000000089e+02,3.429369399999999928e+02,3.467815400000000068e+02,3.308113099999999918e+02,4.163499100000000226e+02
6.405000000000000249e+00,2.049945900000000165e+03,1.527339400000000069e+03,1.284477399999999989e+03,7.989620800000000145e+02,3.416536500000000274e+02,3.458249000000000137e+02,3.313120299999999929e+02,4.232853099999999813e+02
6.410000000000000142e+00,2.047164899999999989e+03,1.524428799999999910e+03,1.281491400000000112e+03,7.958201400000000376e+02,3.403307800000000043e+02,3.445916399999999840e+02,3.308120099999999866e+02,4.297325299999999970e+02
6.415000000000000036e+00,2.044855099999999993e+03,1.521948599999999942e+03,1.278884399999999914e+03,7.929099599999999555e+02,3.391125599999999736e+02,3.437127399999999966e+02,3.315409599999999841e+02,4.378870299999999816e+02
6.419999999999999929e+00,2.041912199999999984e+03,1.518897200000000112e+03,1.275777199999999993e+03,7.896959500000000389e+02,3.378351999999999862e+02,3.429279399999999782e+02,3.325812500000000114e+02,4.464989800000000173e+02
6.424999999999999822e+00,2.039649200000000064e+03,1.516466400000000021e+03,1.273213700000000017e+03,7.868482599999999820e+02,3.367099600000000237e+02,3.421708699999999794e+02,3.336313599999999724e+02,4.551916100000000256e+02
6.429999999999999716e+00,2.036696699999999964e+03,1.513409200000000055e+03,1.270100500000000011e+03,7.836538900000000467e+02,3.355267099999999800e+02,3.414792199999999980e+02,3.347661100000000260e+02,4.638168999999999755e+02
6.434999999999999609e+00,2.034321999999999889e+03,1.510882399999999961e+03,1.267450499999999920e+03,7.807545599999999695e+02,3.344696700000000078e+02,3.408587899999999991e+02,3.359542000000000144e+02,4.723778500000000236e+02
6.440000000000000391e+00,2.031564599999999928e+03,1.508001700000000028e+03,1.264488100000000031e+03,7.776464499999999589e+02,3.333853300000000104e+02,3.403102400000000216e+02,3.372660999999999945e+02,4.811501799999999776e+02
6.443999999999999950e+00,2.030691399999999931e+03,1.506459800000000087e+03,1.264351000000000113e+03,7.838453500000000531e+02,3.304301800000000071e+02,3.427731699999999933e+02,3.420051700000000210e+02,4.889113500000000272e+02
6.448000000000000398e+00,2.029017599999999902e+03,1.504821599999999989e+03,1.263081100000000106e+03,7.799425599999999577e+02,3.293318100000000186e+02,3.419339499999999816e+02,3.422406799999999976e+02,4.954942300000000159e+02
6.451999999999999957e+00,2.026877500000000055e+03,1.502589699999999993e+03,1.260827900000000000e+03,7.760441100000000461e+02,3.287117000000000075e+02,3.409307699999999954e+02,3.423553999999999746e+02,5.018529700000000275e+02
6.456000000000000405e+00,2.024418899999999894e+03,1.499963899999999967e+03,1.258047800000000052e+03,7.728614000000000033e+02,3.282100199999999859e+02,3.403340900000000033e+02,3.432502499999999941e+02,5.094795700000000238e+02
6.459999999999999964e+00,2.022221199999999953e+03,1.497627500000000055e+03,1.255603399999999965e+03,7.698888299999999845e+02,3.277161500000000274e+02,3.400287400000000275e+02,3.446187600000000089e+02,5.165764400000000478e+02
6.464000000000000412e+00,2.020023799999999937e+03,1.495324200000000019e+03,1.253209700000000112e+03,7.670471599999999626e+02,3.272262299999999868e+02,3.399468100000000277e+02,3.462927199999999743e+02,5.231984599999999546e+02
6.467999999999999972e+00,2.017922600000000102e+03,1.493101599999999962e+03,1.250870400000000018e+03,7.644044400000000223e+02,3.267245300000000157e+02,3.399636699999999792e+02,3.482985899999999901e+02,5.303706100000000561e+02
6.472000000000000419e+00,2.015922499999999900e+03,1.490978100000000040e+03,1.248621200000000044e+03,7.618708599999999933e+02,3.262449899999999730e+02,3.402181100000000242e+02,3.505659699999999930e+02,5.344869499999999789e+02
6.475999999999999979e+00,2.013845600000000104e+03,1.488785900000000083e+03,1.246315700000000106e+03,7.593264599999999973e+02,3.257681900000000041e+02,3.405846099999999979e+02,3.527242499999999836e+02,5.350545600000000377e+02
6.480000000000000426e+00,2.011842300000000023e+03,1.486664399999999887e+03,1.244068299999999908e+03,7.568403200000000197e+02,3.252896099999999819e+02,3.408265900000000101e+02,3.543881299999999896e+02,5.396856199999999717e+02
6.483999999999999986e+00,2.009878699999999981e+03,1.484571799999999939e+03,1.241850899999999911e+03,7.543913700000000517e+02,3.248318399999999997e+02,3.412973299999999881e+02,3.567338700000000244e+02,5.460648099999999658e+02
6.488000000000000433e+00,2.007824800000000096e+03,1.482448499999999967e+03,1.239622800000000097e+03,7.519628300000000536e+02,3.244653799999999819e+02,3.424619900000000143e+02,3.610087399999999889e+02,5.506701699999999846e+02
6.491999999999999993e+00,2.005855099999999993e+03,1.480377899999999954e+03,1.237436300000000074e+03,7.495585399999999936e+02,3.240095299999999838e+02,3.424893299999999954e+02,3.605290499999999838e+02,5.519504600000000210e+02
6.496000000000000441e+00,2.003979700000000093e+03,1.478388999999999896e+03,1.235321300000000065e+03,7.471965300000000525e+02,3.235585599999999999e+02,3.427825000000000273e+02,3.616927699999999959e+02,5.481278399999999920e+02
6.500000000000000000e+00,2.002123900000000049e+03,1.476407500000000027e+03,1.233214199999999892e+03,7.448498600000000351e+02,3.231478399999999738e+02,3.431294899999999757e+02,3.624403500000000236e+02,5.614972000000000207e+02
6.503999999999999559e+00,2.000223999999999933e+03,1.474432000000000016e+03,1.231130200000000059e+03,7.425419000000000551e+02,3.228014600000000200e+02,3.438457399999999780e+02,3.645688799999999787e+02,5.694448099999999613e+02
6.508000000000000007e+00,1.998437100000000100e+03,1.472540099999999939e+03,1.229116800000000012e+03,7.402926899999999932e+02,3.225984700000000203e+02,3.455757500000000277e+02,3.693952300000000264e+02,5.843169900000000325e+02
6.511999999999999567e+00,1.996596600000000080e+03,1.470603100000000040e+03,1.227070400000000063e+03,7.380466499999999996e+02,3.224798400000000242e+02,3.475628500000000258e+02,3.742520999999999844e+02,5.918154899999999543e+02
6.516000000000000014e+00,1.994806100000000015e+03,1.468713700000000017e+03,1.225068400000000111e+03,7.358419900000000098e+02,3.224063499999999749e+02,3.495561000000000149e+02,3.785913199999999961e+02,5.945630899999999883e+02
6.519999999999999574e+00,1.993050600000000031e+03,1.466861100000000079e+03,1.223102900000000091e+03,7.336694199999999455e+02,3.223746899999999869e+02,3.515079999999999814e+02,3.826479899999999930e+02,5.971799300000000130e+02
6.524000000000000021e+00,1.991360200000000077e+03,1.465070300000000088e+03,1.221196099999999888e+03,7.315474799999999505e+02,3.224521500000000174e+02,3.536105200000000082e+02,3.868694699999999784e+02,5.997192300000000387e+02
6.527999999999999581e+00,1.989751099999999951e+03,1.463353299999999990e+03,1.219358699999999999e+03,7.294872299999999541e+02,3.226451099999999883e+02,3.558713999999999942e+02,3.914017699999999991e+02,6.026281199999999671e+02
6.532000000000000028e+00,1.988093499999999949e+03,1.461614100000000008e+03,1.217514100000000099e+03,7.274496500000000196e+02,3.229376599999999939e+02,3.583265400000000227e+02,3.962198000000000206e+02,6.052584299999999757e+02
6.535999999999999588e+00,1.986517599999999902e+03,1.459948200000000043e+03,1.215734099999999899e+03,7.254512899999999718e+02,3.232196299999999951e+02,3.610486200000000281e+02,4.012585300000000075e+02,6.074488999999999805e+02
6.540000000000000036e+00,1.985006699999999910e+03,1.458339799999999968e+03,1.214007900000000063e+03,7.234994599999999991e+02,3.236043900000000235e+02,3.643066099999999778e+02,4.067246799999999780e+02,6.094348599999999578e+02
6.543999999999999595e+00,1.983567700000000059e+03,1.456795900000000074e+03,1.212338899999999967e+03,7.215943800000000010e+02,3.241278699999999731e+02,3.679883100000000127e+02,4.126473799999999983e+02,6.115384199999999737e+02
6.548000000000000043e+00,1.982042099999999891e+03,1.455169599999999946e+03,1.210587800000000016e+03,7.196086599999999862e+02,3.244906199999999785e+02,3.706143000000000143e+02,4.182624299999999948e+02,6.122021499999999605e+02
6.551999999999999602e+00,1.980508299999999963e+03,1.453546700000000101e+03,1.208849600000000009e+03,7.176542500000000473e+02,3.249332099999999741e+02,3.733962099999999964e+02,4.241602399999999875e+02,6.120049999999999955e+02
6.556000000000000050e+00,1.979153199999999970e+03,1.452086299999999937e+03,1.207257800000000088e+03,7.158222299999999905e+02,3.257002200000000016e+02,3.778140900000000215e+02,4.314143700000000194e+02,6.114233699999999772e+02
6.559999999999999609e+00,1.977893900000000031e+03,1.450726000000000113e+03,1.205768199999999979e+03,7.140934799999999996e+02,3.267059499999999730e+02,3.827393999999999892e+02,4.389776899999999955e+02,6.112227799999999434e+02
6.564000000000000057e+00,1.976666500000000042e+03,1.449417599999999993e+03,1.204345199999999977e+03,7.124684300000000121e+02,3.279526599999999803e+02,3.878967299999999909e+02,4.470847200000000043e+02,6.102887299999999868e+02
6.567999999999999616e+00,1.975479499999999916e+03,1.448148200000000088e+03,1.202961600000000089e+03,7.109066199999999753e+02,3.293790700000000129e+02,3.938987000000000194e+02,4.560277699999999754e+02,6.075345800000000054e+02
6.572000000000000064e+00,1.974382599999999911e+03,1.446973199999999906e+03,1.201669200000000046e+03,7.094305600000000140e+02,3.309516100000000165e+02,3.992229199999999878e+02,4.655964299999999980e+02,6.016017600000000130e+02
6.575999999999999623e+00,1.973332599999999957e+03,1.445842200000000048e+03,1.200412600000000111e+03,7.079567799999999806e+02,3.322905000000000086e+02,4.021145799999999895e+02,4.746855100000000220e+02,5.929897700000000214e+02
6.580000000000000071e+00,1.972277299999999968e+03,1.444719900000000052e+03,1.199206400000000031e+03,7.065388199999999870e+02,3.336733600000000024e+02,4.053606100000000083e+02,4.780093899999999962e+02,6.042688399999999547e+02
6.583999999999999631e+00,1.971379699999999957e+03,1.443745300000000043e+03,1.198129500000000007e+03,7.052670600000000150e+02,3.354829100000000039e+02,4.108294500000000085e+02,4.836078600000000165e+02,6.136926099999999451e+02
6.588000000000000078e+00,1.970531899999999951e+03,1.442819999999999936e+03,1.197088500000000067e+03,7.040457800000000361e+02,3.375493500000000040e+02,4.168932699999999727e+02,4.901604600000000005e+02,6.212328499999999849e+02
6.591999999999999638e+00,1.969609400000000051e+03,1.441834900000000061e+03,1.196006200000000035e+03,7.028377500000000282e+02,3.399672199999999975e+02,4.244950699999999983e+02,5.004219499999999812e+02,6.218249799999999823e+02
6.596000000000000085e+00,1.968672000000000025e+03,1.440851200000000063e+03,1.194977499999999964e+03,7.017252499999999600e+02,3.428153199999999856e+02,4.324983799999999974e+02,5.106016900000000192e+02,6.225763500000000477e+02
6.599999999999999645e+00,1.968070899999999938e+03,1.440167300000000068e+03,1.194165299999999888e+03,7.007944800000000214e+02,3.459856899999999769e+02,4.404087499999999977e+02,5.197977600000000393e+02,6.242001199999999699e+02
6.605000000000000426e+00,1.966949200000000019e+03,1.439462299999999914e+03,1.192039199999999937e+03,6.946763499999999567e+02,3.519484199999999987e+02,4.523732499999999845e+02,5.376341200000000526e+02,6.415264700000000175e+02
6.610000000000000320e+00,1.966253999999999905e+03,1.438568099999999959e+03,1.190630300000000034e+03,6.949631600000000162e+02,3.565324800000000209e+02,4.648428200000000174e+02,5.530311900000000378e+02,6.372464599999999564e+02
6.615000000000000213e+00,1.965938200000000052e+03,1.438222199999999930e+03,1.190254300000000057e+03,6.948415199999999459e+02,3.610889599999999859e+02,4.768703399999999988e+02,5.670003900000000385e+02,6.352183700000000499e+02
6.620000000000000107e+00,1.965749399999999923e+03,1.438035599999999931e+03,1.190073799999999892e+03,6.949761499999999614e+02,3.665492300000000228e+02,4.894587999999999965e+02,5.811877299999999877e+02,6.344376499999999623e+02
6.625000000000000000e+00,1.965859400000000051e+03,1.438076800000000048e+03,1.190005400000000009e+03,6.953326600000000326e+02,3.727089599999999905e+02,5.030818600000000060e+02,5.962704599999999573e+02,6.351474100000000362e+02
6.629999999999999893e+00,1.966036800000000085e+03,1.438245599999999968e+03,1.190185600000000022e+03,6.954155799999999772e+02,3.795985699999999952e+02,5.171818899999999530e+02,6.111200300000000425e+02,6.360575199999999541e+02
6.634999999999999787e+00,1.966446999999999889e+03,1.438614499999999907e+03,1.190500600000000077e+03,6.956147999999999456e+02,3.868724300000000085e+02,5.312768999999999551e+02,6.249945099999999911e+02,6.370047299999999950e+02
6.639999999999999680e+00,1.966984099999999899e+03,1.439117700000000013e+03,1.190950399999999945e+03,6.959939299999999776e+02,3.946411699999999882e+02,5.452502899999999499e+02,6.376730099999999766e+02,6.387142599999999675e+02
6.644999999999999574e+00,1.967770099999999957e+03,1.439897300000000087e+03,1.191703800000000001e+03,6.968351800000000367e+02,4.034172399999999925e+02,5.607859799999999950e+02,6.527115000000000009e+02,6.399176099999999678e+02
6.650000000000000355e+00,1.968544399999999996e+03,1.440730099999999993e+03,1.192573799999999892e+03,6.980865700000000516e+02,4.135909300000000144e+02,5.811543900000000349e+02,6.768754800000000387e+02,6.357455300000000307e+02
6.655000000000000249e+00,1.969675700000000006e+03,1.441884299999999939e+03,1.193718299999999999e+03,6.994438499999999976e+02,4.239529899999999998e+02,6.030055899999999838e+02,7.037655799999999999e+02,6.324586600000000089e+02
6.660000000000000142e+00,1.971155500000000075e+03,1.443397400000000061e+03,1.195225400000000036e+03,7.011658300000000281e+02,4.344658800000000269e+02,6.218762299999999641e+02,7.238280300000000125e+02,6.354584800000000087e+02
6.665000000000000036e+00,1.972945200000000114e+03,1.445212099999999964e+03,1.197022699999999986e+03,7.032534500000000435e+02,4.452090499999999906e+02,6.407353900000000522e+02,7.415377099999999473e+02,6.408527900000000272e+02
6.669999999999999929e+00,1.974911499999999933e+03,1.447278800000000047e+03,1.199142000000000053e+03,7.057077600000000075e+02,4.567220500000000243e+02,6.616632299999999987e+02,7.601364899999999807e+02,6.467113399999999501e+02
6.674999999999999822e+00,1.977425799999999981e+03,1.450068199999999933e+03,1.202319999999999936e+03,7.078230600000000550e+02,4.745304199999999923e+02,6.804475499999999784e+02,7.758874200000000201e+02,6.512712400000000343e+02
6.679999999999999716e+00,1.979966400000000021e+03,1.452672499999999900e+03,1.204912000000000035e+03,7.108730500000000347e+02,4.898625000000000114e+02,6.983392800000000307e+02,7.889500500000000329e+02,6.547874199999999973e+02
6.684999999999999609e+00,1.982672199999999975e+03,1.455410399999999981e+03,1.207541999999999916e+03,7.140560299999999643e+02,5.039366499999999860e+02,7.158539799999999786e+02,8.034091399999999794e+02,6.593215999999999894e+02
6.690000000000000391e+00,1.985583499999999958e+03,1.458464400000000069e+03,1.210611400000000003e+03,7.171600700000000188e+02,5.185490099999999529e+02,7.337336400000000367e+02,8.168129999999999882e+02,6.638293800000000147e+02
6.695000000000000284e+00,1.988928599999999960e+03,1.461918899999999894e+03,1.214058899999999994e+03,7.208109899999999470e+02,5.349863599999999906e+02,7.528065699999999651e+02,8.306513999999999669e+02,6.689524300000000494e+02
6.700000000000000178e+00,1.992465599999999995e+03,1.465605800000000045e+03,1.217756399999999985e+03,7.251135299999999688e+02,5.522545199999999568e+02,7.735139799999999468e+02,8.454177799999999934e+02,6.749961600000000317e+02
6.705000000000000071e+00,1.996283599999999979e+03,1.469564300000000003e+03,1.221719299999999976e+03,7.298501700000000483e+02,5.687768099999999549e+02,7.975987199999999575e+02,8.609691800000000512e+02,6.815651500000000169e+02
6.709999999999999964e+00,2.000860300000000052e+03,1.474320099999999911e+03,1.226522999999999911e+03,7.358609000000000151e+02,5.910929999999999609e+02,8.083227500000000418e+02,8.699657799999999952e+02,6.862078599999999824e+02
6.714999999999999858e+00,2.005925500000000056e+03,1.479441000000000031e+03,1.231498399999999947e+03,7.414126300000000356e+02,6.112503799999999501e+02,8.238207499999999754e+02,8.813761399999999639e+02,6.930256200000000035e+02
6.719999999999999751e+00,2.010697300000000041e+03,1.484298700000000053e+03,1.236262099999999919e+03,7.468077799999999797e+02,6.286963899999999512e+02,8.388408799999999701e+02,8.917145199999999932e+02,6.986919000000000324e+02
6.724999999999999645e+00,2.015448499999999967e+03,1.489072100000000091e+03,1.240868999999999915e+03,7.516731399999999894e+02,6.419015299999999797e+02,8.566521099999999933e+02,9.034142000000000507e+02,7.048026099999999587e+02
6.730000000000000426e+00,2.021196099999999888e+03,1.495151100000000042e+03,1.247172600000000102e+03,7.602716400000000476e+02,6.697121100000000524e+02,8.657413599999999860e+02,9.102373000000000047e+02,7.092890899999999874e+02
6.735000000000000320e+00,2.027439699999999903e+03,1.501640300000000025e+03,1.253764499999999998e+03,7.684839200000000119e+02,6.935155899999999747e+02,8.796039200000000164e+02,9.201241099999999733e+02,7.152499500000000126e+02
6.740000000000000213e+00,2.033750099999999975e+03,1.508182999999999993e+03,1.260371100000000069e+03,7.762185699999999997e+02,7.164378299999999626e+02,8.938077100000000428e+02,9.301948700000000372e+02,7.214379500000000007e+02
6.745000000000000107e+00,2.040515599999999949e+03,1.515025399999999991e+03,1.267162100000000009e+03,7.832294399999999541e+02,7.392631400000000212e+02,9.075308800000000247e+02,9.402473700000000463e+02,7.279491299999999683e+02
6.750000000000000000e+00,2.047259199999999964e+03,1.521836800000000039e+03,1.273834599999999909e+03,7.884134699999999611e+02,7.607777800000000070e+02,9.198431600000000117e+02,9.492021300000000110e+02,7.341272599999999784e+02
6.754999999999999893e+00,2.053744000000000142e+03,1.528294100000000071e+03,1.280092799999999897e+03,7.920085599999999886e+02,7.803981199999999490e+02,9.297295299999999543e+02,9.562835499999999911e+02,7.394754299999999603e+02
6.759999999999999787e+00,2.061788900000000012e+03,1.536788999999999987e+03,1.289095000000000027e+03,8.021265899999999647e+02,7.963090700000000197e+02,9.373144899999999780e+02,9.617349600000000009e+02,7.441871700000000374e+02
6.764999999999999680e+00,2.070572700000000168e+03,1.546362200000000030e+03,1.299638200000000097e+03,8.156961300000000392e+02,8.132251499999999851e+02,9.451181400000000394e+02,9.675068700000000490e+02,7.491646799999999757e+02
6.769999999999999574e+00,2.079633800000000065e+03,1.555840400000000045e+03,1.309433600000000069e+03,8.253917400000000271e+02,8.311533200000000079e+02,9.524127899999999727e+02,9.730141599999999471e+02,7.541217299999999568e+02
6.775000000000000355e+00,2.088886599999999817e+03,1.565449699999999893e+03,1.319198699999999917e+03,8.344697599999999511e+02,8.484788899999999785e+02,9.628898599999999988e+02,9.793988299999999754e+02,7.591770099999999957e+02
6.780000000000000249e+00,2.098500300000000152e+03,1.575167500000000018e+03,1.328826399999999921e+03,8.443019399999999450e+02,8.652588600000000270e+02,9.725384800000000496e+02,9.852144200000000183e+02,7.639152699999999641e+02
6.785000000000000142e+00,2.107395599999999831e+03,1.584156600000000026e+03,1.337673700000000053e+03,8.526358400000000302e+02,8.787617999999999938e+02,9.785403000000000020e+02,9.896044200000000046e+02,7.683743299999999863e+02
6.790000000000000036e+00,2.117017800000000079e+03,1.594188200000000052e+03,1.347685199999999895e+03,8.616795799999999872e+02,8.911796399999999494e+02,9.836894899999999780e+02,9.929546199999999772e+02,7.726217100000000073e+02
6.794999999999999929e+00,2.126835999999999785e+03,1.604205300000000079e+03,1.358080600000000004e+03,8.708135399999999890e+02,9.026341899999999896e+02,9.886633500000000367e+02,9.964378900000000385e+02,7.765079399999999623e+02
6.799999999999999822e+00,2.137292899999999918e+03,1.613898699999999963e+03,1.368436500000000024e+03,8.802918600000000424e+02,9.130501199999999926e+02,9.930524799999999459e+02,9.995804699999999912e+02,7.804055899999999610e+02
6.806666700000000070e+00,2.151371099999999842e+03,1.628236599999999953e+03,1.382664099999999962e+03,8.987286500000000160e+02,9.259878899999999931e+02,9.990435800000000199e+02,1.003790499999999952e+03,8.049669499999999971e+02
6.813333300000000037e+00,2.165417500000000018e+03,1.642007800000000088e+03,1.395974400000000060e+03,9.077354500000000144e+02,9.350497900000000300e+02,1.003124199999999973e+03,1.006363799999999969e+03,8.074446900000000369e+02
6.820000000000000284e+00,2.179822400000000016e+03,1.656495400000000018e+03,1.410226200000000063e+03,9.174589200000000346e+02,9.445711999999999762e+02,1.006926399999999944e+03,1.008857200000000034e+03,8.075239400000000387e+02
6.826666699999999643e+00,2.193495800000000145e+03,1.669715099999999893e+03,1.423166799999999967e+03,9.253446599999999762e+02,9.553417600000000220e+02,1.009293300000000045e+03,1.010308499999999981e+03,8.083012999999999693e+02
6.833333299999999610e+00,2.207103999999999814e+03,1.682837700000000041e+03,1.435908300000000054e+03,9.326561400000000503e+02,9.629762799999999743e+02,1.010924899999999980e+03,1.010694499999999948e+03,8.097192199999999502e+02
6.839999999999999858e+00,2.221514400000000023e+03,1.696811999999999898e+03,1.449579700000000003e+03,9.397909200000000283e+02,9.680114099999999553e+02,1.011442300000000046e+03,1.010075100000000020e+03,8.111872499999999491e+02
6.846666700000000105e+00,2.234800900000000183e+03,1.708980499999999893e+03,1.460124299999999948e+03,9.451184399999999641e+02,9.724107900000000200e+02,1.011541299999999978e+03,1.009036299999999983e+03,8.129266499999999951e+02
6.853333300000000072e+00,2.248248900000000049e+03,1.721825800000000072e+03,1.472265599999999949e+03,9.512284300000000030e+02,9.765176300000000538e+02,1.011286299999999983e+03,1.007813300000000027e+03,8.145999000000000478e+02
6.860000000000000320e+00,2.261318699999999808e+03,1.734074200000000019e+03,1.483556700000000092e+03,9.554788800000000037e+02,9.785073700000000372e+02,1.009818700000000035e+03,1.005855300000000057e+03,8.156242200000000366e+02
6.866666699999999679e+00,2.273830100000000130e+03,1.745713500000000067e+03,1.494169599999999946e+03,9.587799599999999600e+02,9.793493799999999965e+02,1.007741999999999962e+03,1.003321199999999976e+03,8.164714300000000549e+02
6.873333299999999646e+00,2.286128600000000006e+03,1.757106700000000046e+03,1.504514499999999998e+03,9.620477899999999636e+02,9.801325799999999617e+02,1.005455699999999979e+03,1.000513400000000047e+03,8.171944499999999607e+02
6.879999999999999893e+00,2.298299399999999878e+03,1.768261999999999944e+03,1.514549500000000080e+03,9.652504599999999755e+02,9.805070799999999736e+02,1.002742600000000039e+03,9.973736999999999853e+02,8.176165099999999484e+02
6.886666700000000141e+00,2.310097699999999804e+03,1.779070099999999911e+03,1.524165600000000040e+03,9.679681399999999485e+02,9.804463799999999765e+02,9.997323800000000347e+02,9.942584600000000137e+02,8.177227100000000064e+02
6.893333300000000108e+00,2.320707800000000134e+03,1.788547900000000027e+03,1.532293400000000020e+03,9.688999000000000024e+02,9.785526899999999841e+02,9.955224200000000110e+02,9.898444500000000517e+02,8.173719899999999825e+02
6.900000000000000355e+00,2.330697799999999916e+03,1.797390699999999924e+03,1.539756100000000060e+03,9.694207499999999982e+02,9.762976999999999634e+02,9.910450399999999718e+02,9.853513900000000376e+02,8.168929699999999912e+02
6.906666699999999715e+00,2.340321300000000065e+03,1.805906999999999925e+03,1.546898999999999887e+03,9.696925300000000334e+02,9.739251199999999926e+02,9.862017200000000230e+02,9.805932999999999993e+02,8.159457300000000259e+02
6.913333299999999682e+00,2.349452699999999822e+03,1.813909699999999930e+03,1.553509399999999914e+03,9.696689400000000205e+02,9.710254800000000159e+02,9.808826500000000124e+02,9.754417700000000195e+02,8.147452799999999797e+02
6.919999999999999929e+00,2.358337500000000091e+03,1.821687899999999900e+03,1.559913000000000011e+03,9.698488999999999578e+02,9.683251999999999953e+02,9.757073699999999690e+02,9.703005000000000564e+02,8.134329099999999926e+02
6.926666700000000176e+00,2.366209100000000035e+03,1.828412499999999909e+03,1.565190900000000056e+03,9.690507499999999936e+02,9.644160399999999527e+02,9.698617699999999786e+02,9.646359499999999798e+02,8.116997599999999693e+02
6.933333300000000143e+00,2.372951199999999972e+03,1.834032600000000002e+03,1.569368899999999940e+03,9.676165899999999738e+02,9.599231999999999516e+02,9.636799099999999498e+02,9.586782899999999472e+02,8.096857700000000477e+02
6.940000000000000391e+00,2.379519400000000132e+03,1.839539800000000014e+03,1.573465799999999945e+03,9.665045099999999820e+02,9.554965399999999818e+02,9.575407300000000532e+02,9.526746600000000171e+02,8.075400499999999511e+02
6.946666699999999750e+00,2.385315999999999804e+03,1.844298500000000104e+03,1.576818400000000111e+03,9.651223099999999704e+02,9.507202200000000403e+02,9.513672100000000000e+02,9.466072599999999966e+02,8.053359000000000378e+02
6.953333299999999717e+00,2.390737999999999829e+03,1.848755599999999959e+03,1.579902299999999968e+03,9.639497199999999566e+02,9.458665200000000368e+02,9.453161400000000185e+02,9.405783800000000383e+02,8.030932199999999739e+02
6.959999999999999964e+00,2.395656700000000001e+03,1.852755699999999933e+03,1.582528299999999945e+03,9.627197300000000268e+02,9.407542700000000195e+02,9.392544699999999693e+02,9.345274100000000317e+02,8.008676100000000133e+02
6.966666700000000212e+00,2.399561200000000099e+03,1.855793300000000045e+03,1.584212500000000091e+03,9.610358999999999696e+02,9.352421900000000505e+02,9.329726500000000442e+02,9.282549500000000080e+02,7.985366199999999708e+02
6.973333300000000179e+00,2.402952200000000175e+03,1.858389699999999948e+03,1.585479299999999967e+03,9.594087399999999661e+02,9.297659899999999880e+02,9.267026899999999614e+02,9.219392299999999523e+02,7.961485800000000381e+02
6.980000000000000426e+00,2.405960199999999986e+03,1.860669200000000046e+03,1.586451700000000073e+03,9.579182899999999563e+02,9.242992799999999534e+02,9.203570099999999456e+02,9.155451399999999467e+02,7.937008600000000342e+02
6.986666699999999786e+00,2.408092099999999846e+03,1.862155400000000100e+03,1.586662499999999909e+03,9.561362199999999802e+02,9.185433000000000447e+02,9.139267399999999952e+02,9.091178700000000390e+02,7.912613700000000563e+02
6.993333299999999753e+00,2.410166299999999865e+03,1.863672600000000102e+03,1.586935799999999972e+03,9.548250100000000202e+02,9.129204300000000103e+02,9.075152500000000373e+02,9.026623299999999972e+02,7.886942999999999984e+02
7.000000000000000000e+00,2.411386599999999817e+03,1.864386199999999917e+03,1.586400000000000091e+03,9.530527799999999843e+02,9.069328199999999924e+02,9.008826900000000251e+02,8.960538299999999481e+02,7.860002100000000382e+02
7.006666700000000247e+00,2.412105000000000018e+03,1.864654299999999921e+03,1.585432299999999941e+03,9.513069900000000416e+02,9.008690299999999525e+02,8.941670699999999670e+02,8.894106100000000197e+02,7.831448400000000447e+02
7.013333300000000214e+00,2.412334100000000035e+03,1.864530099999999948e+03,1.584096500000000106e+03,9.494148300000000518e+02,8.946382099999999582e+02,8.874125999999999976e+02,8.828397800000000188e+02,7.802614200000000437e+02
7.019999999999999574e+00,2.412032499999999800e+03,1.863948499999999967e+03,1.582317500000000109e+03,9.473968999999999596e+02,8.882691200000000435e+02,8.805801900000000160e+02,8.761718299999999999e+02,7.771520699999999806e+02
7.026666699999999821e+00,2.411600500000000011e+03,1.863319500000000062e+03,1.580492700000000013e+03,9.455900900000000320e+02,8.819496699999999691e+02,8.738467900000000554e+02,8.697381800000000567e+02,7.741339699999999766e+02
7.033333299999999788e+00,2.410580699999999979e+03,1.862147400000000061e+03,1.578105999999999995e+03,9.435188799999999674e+02,8.754614199999999755e+02,8.671575199999999768e+02,8.634815899999999829e+02,7.712629899999999452e+02
7.040000000000000036e+00,2.409072900000000118e+03,1.860641100000000051e+03,1.575622399999999971e+03,9.413098599999999578e+02,8.688370899999999892e+02,8.604135999999999740e+02,8.570761400000000094e+02,7.680895000000000437e+02
7.046666700000000283e+00,2.407229800000000068e+03,1.858944600000000037e+03,1.573065800000000081e+03,9.391326900000000251e+02,8.621583500000000413e+02,8.537800300000000107e+02,8.510286099999999578e+02,7.647591899999999896e+02
7.053333300000000250e+00,2.405050400000000081e+03,1.856907200000000103e+03,1.569954099999999926e+03,9.369668199999999842e+02,8.554341699999999946e+02,8.472471399999999448e+02,8.450759399999999459e+02,7.616398500000000240e+02
7.059999999999999609e+00,2.402578500000000076e+03,1.854801600000000008e+03,1.567236000000000104e+03,9.347909700000000157e+02,8.485199000000000069e+02,8.406501700000000028e+02,8.391489900000000262e+02,7.580034000000000560e+02
7.066666699999999857e+00,2.399714100000000144e+03,1.852164500000000089e+03,1.563445500000000038e+03,9.324213600000000497e+02,8.414806999999999562e+02,8.340213700000000472e+02,8.329003000000000156e+02,7.541169599999999491e+02
7.073333299999999824e+00,2.396512200000000121e+03,1.849182700000000068e+03,1.559145400000000109e+03,9.300093699999999899e+02,8.343325099999999566e+02,8.274191299999999956e+02,8.265393599999999878e+02,7.504797600000000557e+02
7.080000000000000071e+00,2.392797700000000077e+03,1.845684600000000046e+03,1.554193199999999933e+03,9.273168600000000197e+02,8.269812500000000455e+02,8.207337499999999864e+02,8.200521800000000212e+02,7.465872100000000273e+02
7.086666700000000318e+00,2.388657099999999900e+03,1.841854000000000042e+03,1.548733500000000049e+03,9.246196899999999914e+02,8.197375799999999799e+02,8.142254900000000362e+02,8.137501399999999876e+02,7.429690000000000509e+02
7.093333300000000285e+00,2.384439100000000053e+03,1.838032200000000103e+03,1.542858199999999897e+03,9.216022500000000264e+02,8.124014100000000553e+02,8.076050900000000183e+02,8.074364799999999605e+02,7.392078999999999951e+02
7.099999999999999645e+00,2.380956999999999880e+03,1.835456899999999905e+03,1.537889400000000023e+03,9.179243699999999535e+02,8.050617399999999861e+02,8.009557200000000421e+02,8.009528500000000122e+02,7.350907600000000457e+02
7.106666699999999892e+00,2.376723700000000008e+03,1.832331400000000031e+03,1.533024499999999989e+03,9.142135500000000548e+02,7.978524499999999762e+02,7.943760499999999638e+02,7.943839000000000397e+02,7.307610399999999800e+02
7.113333299999999859e+00,2.372963799999999992e+03,1.830356600000000071e+03,1.530916099999999915e+03,9.097263500000000249e+02,7.905012000000000398e+02,7.877810699999999997e+02,7.876389100000000099e+02,7.261901500000000169e+02
7.120000000000000107e+00,2.367838099999999940e+03,1.826027900000000045e+03,1.526489499999999907e+03,9.068306800000000294e+02,7.835281899999999951e+02,7.814328199999999924e+02,7.810114200000000437e+02,7.216514499999999543e+02
7.126666700000000354e+00,2.362776400000000194e+03,1.822147500000000036e+03,1.524626400000000103e+03,9.028026099999999587e+02,7.764088799999999537e+02,7.751054199999999810e+02,7.743961299999999710e+02,7.170003400000000511e+02
7.133333300000000321e+00,2.357480599999999868e+03,1.816833699999999908e+03,1.519216300000000047e+03,9.002038099999999758e+02,7.695227200000000494e+02,7.688406099999999697e+02,7.678436400000000503e+02,7.123511099999999487e+02
7.139999999999999680e+00,2.351963799999999992e+03,1.811624900000000025e+03,1.513623000000000047e+03,8.962945399999999836e+02,7.626930499999999711e+02,7.626160099999999602e+02,7.613619099999999662e+02,7.079503600000000461e+02
7.146666699999999928e+00,2.346079699999999775e+03,1.806391499999999951e+03,1.506756200000000035e+03,8.942915299999999661e+02,7.562278999999999769e+02,7.564890100000000075e+02,7.549349300000000085e+02,7.033863999999999805e+02
7.153333299999999895e+00,2.339877599999999802e+03,1.800972500000000082e+03,1.500484200000000101e+03,8.920334800000000541e+02,7.496457199999999830e+02,7.502514999999999645e+02,7.483999000000000024e+02,6.985926799999999730e+02
7.160000000000000142e+00,2.333576500000000124e+03,1.795348600000000033e+03,1.495109200000000101e+03,8.890847199999999475e+02,7.431054000000000315e+02,7.440444700000000466e+02,7.419555800000000545e+02,6.949852600000000393e+02
7.166666700000000390e+00,2.326979800000000068e+03,1.789348099999999931e+03,1.489814900000000080e+03,8.858897500000000491e+02,7.366955400000000509e+02,7.377906699999999773e+02,7.353865799999999808e+02,6.903303200000000288e+02
7.173333300000000357e+00,2.320020300000000134e+03,1.782179699999999912e+03,1.483976000000000113e+03,8.831590499999999793e+02,7.306321199999999862e+02,7.316010300000000370e+02,7.288735699999999724e+02,6.859062999999999874e+02
7.179999999999999716e+00,2.313122699999999895e+03,1.774489199999999983e+03,1.478380400000000009e+03,8.820462700000000495e+02,7.246124499999999671e+02,7.253226300000000037e+02,7.222971700000000510e+02,6.817673300000000154e+02
7.186666699999999963e+00,2.307282400000000052e+03,1.768425500000000056e+03,1.473713799999999992e+03,8.793923399999999901e+02,7.182830400000000282e+02,7.188944199999999682e+02,7.156121200000000044e+02,6.768789900000000443e+02
7.193333299999999930e+00,2.301109199999999873e+03,1.761012999999999920e+03,1.470265100000000075e+03,8.755943099999999504e+02,7.118952900000000454e+02,7.124628999999999905e+02,7.089664500000000089e+02,6.719817199999999957e+02
7.200000000000000178e+00,2.295369400000000041e+03,1.754767499999999927e+03,1.464890599999999949e+03,8.716935399999999845e+02,7.056102300000000014e+02,7.058961699999999837e+02,7.021480099999999993e+02,6.667338300000000118e+02
7.206666700000000425e+00,2.289146200000000135e+03,1.748379899999999907e+03,1.459043100000000095e+03,8.676437899999999672e+02,6.993576399999999467e+02,6.993348899999999730e+02,6.953848000000000411e+02,6.616106800000000021e+02
7.213333300000000392e+00,2.282602300000000014e+03,1.742444199999999910e+03,1.453688900000000103e+03,8.638477199999999812e+02,6.932712299999999459e+02,6.927570399999999609e+02,6.887304199999999810e+02,6.564109200000000328e+02
7.219999999999999751e+00,2.275697099999999864e+03,1.736465799999999945e+03,1.448128600000000006e+03,8.598379200000000537e+02,6.871933000000000220e+02,6.861099199999999882e+02,6.818044599999999491e+02,6.511365899999999556e+02
7.226666699999999999e+00,2.269472800000000007e+03,1.730680299999999988e+03,1.442441900000000032e+03,8.557940599999999449e+02,6.811671900000000051e+02,6.794119200000000092e+02,6.749017499999999927e+02,6.458237299999999550e+02
7.233333299999999966e+00,2.263737099999999828e+03,1.723368099999999913e+03,1.436396199999999908e+03,8.517650499999999738e+02,6.752094200000000228e+02,6.726797500000000127e+02,6.679695400000000518e+02,6.404713299999999663e+02
7.240000000000000213e+00,2.257042199999999866e+03,1.716444500000000062e+03,1.430621200000000044e+03,8.477166399999999840e+02,6.692572199999999611e+02,6.658416999999999462e+02,6.609514900000000353e+02,6.350711400000000140e+02
7.246666699999999572e+00,2.250005000000000109e+03,1.710284699999999930e+03,1.425121200000000044e+03,8.437391099999999824e+02,6.633182100000000219e+02,6.587323300000000472e+02,6.536837000000000444e+02,6.295789700000000266e+02
7.253333300000000428e+00,2.243159299999999803e+03,1.704147400000000061e+03,1.419537299999999959e+03,8.397541199999999435e+02,6.574476600000000417e+02,6.516046700000000556e+02,6.463991399999999885e+02,6.240367999999999711e+02
7.259999999999999787e+00,2.236469599999999900e+03,1.697967399999999998e+03,1.413875099999999975e+03,8.357757599999999911e+02,6.515321900000000142e+02,6.442596499999999651e+02,6.389702700000000277e+02,6.184462499999999636e+02
7.266666700000000034e+00,2.229815700000000106e+03,1.691835199999999986e+03,1.408174700000000030e+03,8.317980499999999893e+02,6.456392399999999725e+02,6.369395600000000286e+02,6.316077800000000479e+02,6.128440799999999626e+02
7.273333300000000001e+00,2.223113199999999779e+03,1.685789099999999962e+03,1.402385199999999941e+03,8.277331500000000233e+02,6.396726800000000139e+02,6.296423499999999649e+02,6.243154200000000174e+02,6.071743999999999915e+02
7.280000000000000249e+00,2.216539900000000216e+03,1.679727399999999989e+03,1.396875000000000000e+03,8.239254899999999679e+02,6.337753500000000031e+02,6.224580600000000459e+02,6.171618799999999965e+02,6.015614000000000487e+02
7.286666699999999608e+00,2.210155699999999797e+03,1.673169399999999996e+03,1.391245200000000068e+03,8.199539899999999761e+02,6.278364699999999630e+02,6.154200899999999592e+02,6.102065000000000055e+02,5.959947200000000294e+02
7.293333299999999575e+00,2.203645399999999881e+03,1.666694500000000062e+03,1.385792599999999993e+03,8.160651599999999917e+02,6.219507999999999583e+02,6.084814800000000332e+02,6.033707699999999932e+02,5.904486500000000433e+02
7.299999999999999822e+00,2.197099700000000212e+03,1.660626400000000103e+03,1.380289199999999937e+03,8.119945199999999659e+02,6.160206500000000460e+02,6.016472199999999475e+02,5.966850100000000339e+02,5.850096600000000535e+02
7.306666700000000070e+00,2.190922799999999825e+03,1.654705899999999929e+03,1.374847199999999930e+03,8.079692099999999755e+02,6.101606699999999819e+02,5.949266800000000330e+02,5.901379600000000210e+02,5.796625299999999470e+02
7.313333300000000037e+00,2.184735299999999825e+03,1.648775399999999991e+03,1.369365500000000111e+03,8.039202500000000100e+02,6.043384600000000546e+02,5.883228100000000040e+02,5.837477699999999459e+02,5.744433699999999590e+02
7.320000000000000284e+00,2.178052599999999984e+03,1.642740099999999984e+03,1.363818800000000010e+03,7.999928200000000516e+02,5.986459499999999707e+02,5.818524200000000519e+02,5.775058400000000347e+02,5.693497300000000223e+02
7.326666699999999643e+00,2.172588099999999940e+03,1.637124600000000100e+03,1.358561599999999999e+03,7.959489399999999932e+02,5.929835699999999861e+02,5.755030299999999670e+02,5.714179799999999432e+02,5.643470800000000054e+02
7.333333299999999610e+00,2.166492900000000191e+03,1.631535599999999931e+03,1.353388999999999896e+03,7.918123100000000250e+02,5.873510999999999740e+02,5.692841200000000299e+02,5.654973400000000083e+02,5.594401800000000549e+02
7.339999999999999858e+00,2.160023299999999836e+03,1.625669799999999896e+03,1.348101599999999962e+03,7.878296900000000278e+02,5.818088000000000193e+02,5.632205099999999902e+02,5.597437800000000152e+02,5.546319999999999482e+02
7.346666700000000105e+00,2.154257000000000062e+03,1.620154099999999971e+03,1.343052500000000009e+03,7.839815999999999576e+02,5.763603900000000522e+02,5.573310599999999795e+02,5.541726800000000139e+02,5.499047100000000228e+02
7.353333300000000072e+00,2.148420399999999972e+03,1.614526699999999892e+03,1.337881499999999960e+03,7.800598099999999704e+02,5.709621799999999894e+02,5.516045299999999543e+02,5.487768300000000181e+02,5.452546899999999823e+02
7.360000000000000320e+00,2.142715799999999945e+03,1.609038299999999936e+03,1.332805900000000065e+03,7.761985100000000557e+02,5.656751199999999926e+02,5.460620000000000118e+02,5.435694300000000112e+02,5.407001999999999953e+02
7.366666699999999679e+00,2.137085799999999836e+03,1.603599699999999984e+03,1.327759499999999889e+03,7.723465499999999793e+02,5.604913199999999733e+02,5.407224300000000312e+02,5.385715000000000146e+02,5.362518599999999651e+02
7.373333299999999646e+00,2.131727199999999812e+03,1.598359400000000051e+03,1.322856800000000021e+03,7.685128099999999449e+02,5.554178500000000440e+02,5.355918100000000095e+02,5.337917400000000043e+02,5.319589799999999968e+02
7.379999999999999893e+00,2.126216899999999896e+03,1.593071500000000015e+03,1.317932099999999991e+03,7.646842299999999568e+02,5.504835100000000239e+02,5.306938099999999849e+02,5.292590999999999894e+02,5.278922199999999521e+02
7.386666700000000141e+00,2.120918599999999969e+03,1.587921399999999949e+03,1.313127199999999903e+03,7.609087500000000546e+02,5.456949200000000246e+02,5.259901499999999714e+02,5.249556700000000546e+02,5.239273299999999836e+02
7.393333300000000108e+00,2.115605500000000120e+03,1.582840200000000095e+03,1.308393700000000081e+03,7.571131199999999808e+02,5.410570800000000418e+02,5.214902899999999590e+02,5.208066199999999526e+02,5.197730400000000373e+02
7.400000000000000355e+00,2.110276199999999790e+03,1.577867700000000013e+03,1.303776900000000069e+03,7.535061500000000478e+02,5.366113500000000158e+02,5.172229700000000321e+02,5.168932700000000295e+02,5.157818999999999505e+02
7.406666699999999715e+00,2.105236199999999826e+03,1.572994899999999916e+03,1.299214899999999943e+03,7.499706200000000536e+02,5.323065400000000409e+02,5.132190900000000511e+02,5.133001699999999801e+02,5.121136199999999690e+02
7.413333299999999682e+00,2.100345100000000002e+03,1.568301899999999932e+03,1.294837199999999939e+03,7.464345499999999447e+02,5.281695799999999963e+02,5.095022000000000162e+02,5.099610000000000127e+02,5.085929300000000239e+02
7.419999999999999929e+00,2.095591100000000097e+03,1.563743300000000090e+03,1.290590799999999945e+03,7.429029600000000073e+02,5.242443299999999908e+02,5.060320500000000266e+02,5.068719899999999825e+02,5.051833599999999933e+02
7.426666700000000176e+00,2.090864900000000034e+03,1.559178499999999985e+03,1.286296800000000076e+03,7.395317999999999756e+02,5.205625700000000506e+02,5.028145999999999844e+02,5.040396200000000135e+02,5.017366799999999785e+02
7.433333300000000143e+00,2.086069599999999809e+03,1.554528499999999894e+03,1.281874499999999898e+03,7.362320600000000468e+02,5.170586100000000442e+02,4.998530299999999897e+02,5.014944100000000162e+02,4.983818600000000174e+02
7.440000000000000391e+00,2.081715000000000146e+03,1.550297600000000102e+03,1.277887999999999920e+03,7.330158999999999878e+02,5.137270899999999756e+02,4.971391300000000228e+02,4.991677999999999997e+02,4.947253000000000043e+02
7.446666699999999750e+00,2.077291999999999916e+03,1.546090599999999995e+03,1.274061799999999948e+03,7.299268499999999449e+02,5.105563799999999901e+02,4.947415700000000243e+02,4.972862000000000080e+02,4.927985300000000279e+02
7.453333299999999717e+00,2.073171899999999823e+03,1.542168899999999894e+03,1.270489900000000034e+03,7.271741600000000290e+02,5.075099000000000160e+02,4.925717900000000213e+02,4.956139200000000073e+02,4.903489099999999894e+02
7.459999999999999964e+00,2.069099999999999909e+03,1.538249900000000025e+03,1.266842100000000073e+03,7.241614499999999452e+02,5.047141799999999989e+02,4.906598399999999742e+02,4.942515900000000215e+02,4.887243199999999774e+02
7.466666700000000212e+00,2.065129199999999855e+03,1.534419000000000096e+03,1.263277900000000045e+03,7.212209400000000414e+02,5.021514199999999732e+02,4.890539999999999736e+02,4.932352000000000203e+02,4.867148799999999937e+02
7.473333300000000179e+00,2.061379800000000159e+03,1.530818199999999933e+03,1.259955799999999954e+03,7.186223999999999705e+02,4.996999400000000264e+02,4.876313499999999976e+02,4.923609999999999900e+02,4.846462000000000216e+02
7.480000000000000426e+00,2.057799399999999878e+03,1.527395899999999983e+03,1.256835100000000011e+03,7.167807099999999991e+02,4.973202299999999809e+02,4.864438599999999724e+02,4.917311300000000074e+02,4.829092899999999986e+02
7.486666699999999786e+00,2.054289000000000215e+03,1.524018399999999929e+03,1.253711700000000064e+03,7.144079600000000028e+02,4.952419300000000248e+02,4.855310799999999745e+02,4.913573700000000031e+02,4.813731099999999969e+02
7.493333299999999753e+00,2.050832600000000184e+03,1.520708399999999983e+03,1.250665600000000040e+03,7.121709899999999607e+02,4.933469499999999925e+02,4.848650299999999902e+02,4.912156499999999824e+02,4.799892199999999889e+02
7.500000000000000000e+00,2.047592399999999998e+03,1.517618600000000015e+03,1.247848600000000033e+03,7.102000399999999445e+02,4.916456400000000144e+02,4.844952999999999861e+02,4.913594100000000253e+02,4.788808000000000220e+02
7.506666700000000247e+00,2.044394900000000007e+03,1.514526299999999992e+03,1.244960499999999911e+03,7.079008599999999660e+02,4.902766100000000051e+02,4.844011100000000170e+02,4.916436699999999860e+02,4.772518200000000093e+02
7.513333300000000214e+00,2.041427500000000009e+03,1.511684899999999971e+03,1.242356299999999919e+03,7.059551300000000538e+02,4.891592699999999923e+02,4.846707999999999856e+02,4.922925299999999993e+02,4.761653000000000020e+02
7.519999999999999574e+00,2.038534400000000005e+03,1.508918100000000095e+03,1.239826999999999998e+03,7.040814400000000433e+02,4.882440399999999840e+02,4.851157699999999977e+02,4.931312100000000100e+02,4.750652000000000044e+02
7.526666699999999821e+00,2.035765200000000050e+03,1.506253500000000031e+03,1.237371599999999944e+03,7.021533100000000331e+02,4.874277200000000221e+02,4.854840899999999806e+02,4.940655100000000175e+02,4.746748699999999985e+02
7.533333299999999788e+00,2.033135899999999992e+03,1.503732199999999921e+03,1.235059600000000046e+03,7.003105199999999968e+02,4.864010400000000232e+02,4.851059799999999882e+02,4.948054200000000264e+02,4.743016099999999824e+02
7.540000000000000036e+00,2.030682700000000068e+03,1.501399799999999914e+03,1.232949000000000069e+03,6.987467799999999443e+02,4.862154199999999946e+02,4.857537300000000187e+02,4.960640300000000025e+02,4.739901199999999903e+02
7.546666700000000283e+00,2.028374800000000050e+03,1.499193700000000035e+03,1.230938200000000052e+03,6.971767399999999952e+02,4.857848799999999869e+02,4.868698499999999854e+02,4.976818299999999908e+02,4.739289899999999989e+02
7.553333300000000250e+00,2.026139499999999998e+03,1.497088199999999915e+03,1.229045499999999947e+03,6.957579200000000128e+02,4.855473999999999819e+02,4.886980899999999792e+02,4.996831599999999867e+02,4.741549400000000105e+02
7.559999999999999609e+00,2.024088999999999942e+03,1.495168400000000020e+03,1.227336800000000039e+03,6.945345899999999801e+02,4.859843999999999937e+02,4.907847600000000057e+02,5.017654999999999745e+02,4.746718500000000063e+02
7.566666699999999857e+00,2.022161800000000085e+03,1.493358899999999949e+03,1.225721600000000080e+03,6.933080800000000181e+02,4.865998299999999972e+02,4.927078099999999949e+02,5.041786500000000046e+02,4.753885200000000282e+02
7.573333299999999824e+00,2.020457200000000057e+03,1.491749499999999898e+03,1.224304399999999987e+03,6.922498000000000502e+02,4.873812500000000227e+02,4.948794800000000009e+02,5.068361600000000067e+02,4.763458200000000033e+02
7.580000000000000071e+00,2.018859099999999899e+03,1.490255499999999984e+03,1.222992700000000013e+03,6.912090100000000348e+02,4.882951699999999846e+02,4.971929200000000151e+02,5.094053599999999733e+02,4.773277199999999993e+02
7.586666700000000318e+00,2.017405299999999897e+03,1.488937599999999975e+03,1.221888400000000047e+03,6.905567700000000286e+02,4.896200400000000172e+02,4.997149000000000001e+02,5.120824499999999944e+02,4.785073499999999740e+02
7.593333300000000285e+00,2.016000900000000001e+03,1.487668599999999969e+03,1.220830899999999929e+03,6.898505499999999984e+02,4.909195199999999772e+02,5.024338599999999815e+02,5.152137500000000045e+02,4.799239799999999718e+02
7.599999999999999645e+00,2.014927699999999959e+03,1.486712600000000066e+03,1.220054799999999886e+03,6.893815200000000232e+02,4.923989300000000071e+02,5.053224900000000162e+02,5.183627000000000180e+02,4.815660199999999804e+02
7.606666699999999892e+00,2.013793100000000095e+03,1.485720000000000027e+03,1.219268700000000081e+03,6.889373900000000503e+02,4.940638000000000147e+02,5.083428099999999858e+02,5.216671900000000051e+02,4.833081199999999740e+02
7.613333299999999859e+00,2.013031600000000026e+03,1.485044300000000021e+03,1.218768100000000004e+03,6.886984800000000178e+02,4.959572800000000257e+02,5.114986900000000105e+02,5.249582500000000209e+02,4.851548000000000229e+02
7.620000000000000107e+00,2.012310699999999997e+03,1.484450599999999895e+03,1.218362599999999929e+03,6.885654899999999543e+02,4.980177899999999909e+02,5.147632999999999583e+02,5.282979900000000271e+02,4.872467300000000137e+02
7.626666700000000354e+00,2.011823300000000017e+03,1.484063799999999901e+03,1.218130799999999908e+03,6.885390599999999495e+02,5.002754800000000159e+02,5.181854700000000093e+02,5.317758700000000545e+02,4.895499500000000239e+02
7.633333300000000321e+00,2.011503400000000056e+03,1.483885899999999992e+03,1.218159400000000005e+03,6.888179699999999457e+02,5.026872500000000059e+02,5.216699300000000221e+02,5.352554699999999457e+02,4.920539999999999736e+02
7.639999999999999680e+00,2.011080099999999902e+03,1.483688400000000001e+03,1.218242199999999912e+03,6.891105400000000145e+02,5.052294499999999857e+02,5.252679000000000542e+02,5.388267600000000357e+02,4.949078400000000215e+02
7.650000000000000355e+00,2.011534100000000080e+03,1.484205400000000054e+03,1.219512199999999893e+03,6.941922899999999572e+02,5.092265300000000252e+02,5.316270700000000033e+02,5.447844499999999925e+02,5.097138400000000047e+02
7.660000000000000142e+00,2.011680399999999963e+03,1.484491199999999935e+03,1.220036599999999908e+03,6.948267499999999472e+02,5.140841199999999844e+02,5.372198799999999892e+02,5.496968200000000024e+02,5.132375299999999925e+02
7.669999999999999929e+00,2.012532099999999900e+03,1.485603699999999890e+03,1.221485100000000102e+03,6.967731499999999869e+02,5.188771699999999782e+02,5.428191699999999855e+02,5.550399200000000519e+02,5.167222900000000436e+02
7.679999999999999716e+00,2.013618799999999965e+03,1.486958900000000085e+03,1.223177899999999909e+03,6.985955000000000155e+02,5.237892799999999625e+02,5.484553600000000415e+02,5.606388899999999467e+02,5.211475599999999986e+02
7.690000000000000391e+00,2.015150200000000041e+03,1.488732099999999946e+03,1.225250299999999925e+03,7.006893000000000029e+02,5.290059800000000223e+02,5.541021100000000388e+02,5.659718000000000302e+02,5.256288500000000568e+02
7.700000000000000178e+00,2.016962899999999991e+03,1.490811899999999923e+03,1.227677899999999909e+03,7.033107099999999718e+02,5.342397999999999456e+02,5.594269500000000335e+02,5.713667900000000373e+02,5.299129799999999477e+02
7.709999999999999964e+00,2.019116899999999987e+03,1.493202500000000100e+03,1.230394999999999982e+03,7.060965200000000550e+02,5.395825899999999820e+02,5.647892699999999877e+02,5.768815299999999979e+02,5.348958099999999831e+02
7.719999999999999751e+00,2.021455799999999954e+03,1.495832699999999932e+03,1.233453400000000101e+03,7.090726899999999659e+02,5.452277400000000398e+02,5.700755799999999454e+02,5.822000799999999572e+02,5.392788900000000467e+02
7.730000000000000426e+00,2.024110699999999952e+03,1.498638599999999997e+03,1.236269199999999955e+03,7.122501700000000255e+02,5.508666699999999992e+02,5.753131600000000390e+02,5.874845500000000129e+02,5.444249899999999798e+02
7.740000000000000213e+00,2.026996599999999944e+03,1.501625099999999975e+03,1.239228699999999890e+03,7.153984799999999495e+02,5.563144499999999653e+02,5.802804999999999609e+02,5.925762399999999843e+02,5.489480300000000170e+02
7.750000000000000000e+00,2.030139200000000073e+03,1.504964300000000094e+03,1.242751199999999926e+03,7.187966099999999869e+02,5.616779000000000224e+02,5.849267899999999827e+02,5.971645600000000513e+02,5.531444000000000187e+02
7.759999999999999787e+00,2.033498900000000049e+03,1.508536200000000008e+03,1.246503600000000006e+03,7.222658099999999877e+02,5.668902600000000120e+02,5.895254099999999653e+02,6.019207999999999856e+02,5.574309799999999768e+02
7.769999999999999574e+00,2.037052300000000059e+03,1.512294599999999946e+03,1.250412700000000086e+03,7.258391800000000558e+02,5.718540000000000418e+02,5.937450099999999793e+02,6.060478699999999890e+02,5.613347199999999475e+02
7.780000000000000249e+00,2.040784000000000106e+03,1.516198900000000094e+03,1.254406799999999976e+03,7.291820400000000291e+02,5.764045899999999847e+02,5.975246399999999767e+02,6.097941899999999578e+02,5.647686800000000176e+02
7.790000000000000036e+00,2.044590200000000095e+03,1.520168200000000070e+03,1.258467300000000023e+03,7.327501800000000003e+02,5.807740999999999758e+02,6.011067399999999452e+02,6.132445000000000164e+02,5.679126400000000103e+02
7.799999999999999822e+00,2.048653699999999844e+03,1.524385399999999890e+03,1.262741899999999987e+03,7.364647999999999683e+02,5.849214299999999866e+02,6.043738899999999603e+02,6.162412500000000364e+02,5.711337300000000141e+02
7.809999999999999609e+00,2.052814600000000155e+03,1.528674999999999955e+03,1.267023200000000088e+03,7.399827900000000227e+02,5.887705799999999954e+02,6.073045700000000124e+02,6.186708499999999731e+02,5.739357700000000477e+02
7.820000000000000284e+00,2.056812399999999798e+03,1.532771199999999908e+03,1.271094900000000052e+03,7.432484699999999975e+02,5.922558699999999590e+02,6.098952399999999443e+02,6.206881399999999758e+02,5.764757299999999987e+02
7.830000000000000071e+00,2.060890899999999874e+03,1.536919599999999946e+03,1.275179699999999912e+03,7.463522400000000516e+02,5.953524999999999636e+02,6.121330299999999625e+02,6.222773700000000190e+02,5.784669000000000096e+02
7.839999999999999858e+00,2.064909799999999905e+03,1.540976899999999887e+03,1.279130200000000059e+03,7.492336000000000240e+02,5.981197700000000168e+02,6.139626399999999649e+02,6.234747099999999591e+02,5.801235199999999850e+02
7.849999999999999645e+00,2.068800699999999779e+03,1.544850200000000086e+03,1.282806299999999965e+03,7.519882000000000062e+02,6.005557199999999511e+02,6.152898599999999760e+02,6.241886500000000524e+02,5.814239700000000539e+02
7.860000000000000320e+00,2.072475399999999809e+03,1.548457100000000082e+03,1.286154800000000023e+03,7.544016900000000305e+02,6.027058500000000549e+02,6.163493200000000343e+02,6.245158199999999624e+02,5.826084499999999480e+02
7.870000000000000107e+00,2.076057400000000143e+03,1.551963299999999890e+03,1.289364000000000033e+03,7.566085500000000366e+02,6.044414199999999937e+02,6.170009800000000268e+02,6.243912000000000262e+02,5.840494300000000294e+02
7.879999999999999893e+00,2.079510699999999815e+03,1.555363100000000031e+03,1.292471700000000055e+03,7.585806900000000041e+02,6.057320200000000341e+02,6.169231800000000021e+02,6.234637699999999541e+02,5.842867099999999709e+02
7.889999999999999680e+00,2.082834499999999935e+03,1.558593499999999949e+03,1.295444300000000112e+03,7.602470399999999700e+02,6.068472699999999804e+02,6.165467599999999493e+02,6.221501899999999523e+02,5.840466800000000376e+02
7.900000000000000355e+00,2.085854499999999916e+03,1.561502500000000055e+03,1.298073900000000094e+03,7.616937199999999848e+02,6.077948699999999462e+02,6.157951100000000224e+02,6.204047699999999850e+02,5.835187399999999798e+02
7.910000000000000142e+00,2.088598399999999856e+03,1.564140200000000050e+03,1.300372399999999971e+03,7.627532200000000557e+02,6.082144700000000057e+02,6.146716400000000249e+02,6.182337400000000116e+02,5.827101000000000113e+02
7.919999999999999929e+00,2.090946800000000167e+03,1.566346700000000055e+03,1.302204700000000003e+03,7.633286399999999503e+02,6.080017400000000407e+02,6.131274700000000166e+02,6.156202600000000302e+02,5.815543199999999615e+02
7.929999999999999716e+00,2.092882999999999811e+03,1.568114100000000008e+03,1.303602599999999939e+03,7.636428300000000036e+02,6.073153200000000425e+02,6.110781899999999496e+02,6.125000999999999749e+02,5.797582800000000134e+02
7.940000000000000391e+00,2.094582499999999982e+03,1.569638099999999895e+03,1.304790799999999990e+03,7.639385300000000143e+02,6.065432799999999816e+02,6.087112100000000510e+02,6.091181500000000142e+02,5.779619400000000269e+02
7.950000000000000178e+00,2.095879300000000057e+03,1.570772999999999911e+03,1.305542099999999891e+03,7.637822400000000016e+02,6.052229999999999563e+02,6.059274299999999585e+02,6.054096399999999676e+02,5.759887599999999566e+02
7.959999999999999964e+00,2.096768300000000181e+03,1.571478699999999890e+03,1.305882399999999961e+03,7.633302300000000287e+02,6.035120500000000447e+02,6.027101699999999482e+02,6.013195799999999736e+02,5.734949599999999919e+02
7.969999999999999751e+00,2.097241300000000138e+03,1.571760800000000017e+03,1.305828199999999924e+03,7.626365899999999556e+02,6.013540900000000420e+02,5.990444300000000339e+02,5.969240700000000288e+02,5.707627999999999702e+02
7.980000000000000426e+00,2.097255599999999959e+03,1.571600699999999961e+03,1.305343800000000101e+03,7.616090900000000374e+02,5.988671000000000504e+02,5.949819099999999708e+02,5.922614700000000312e+02,5.677905600000000277e+02
7.990000000000000213e+00,2.096912200000000212e+03,1.571073599999999942e+03,1.304501099999999951e+03,7.602947699999999713e+02,5.959697800000000143e+02,5.906730900000000020e+02,5.874063999999999623e+02,5.645475000000000136e+02
8.000000000000000000e+00,2.096088799999999992e+03,1.570075800000000072e+03,1.303220700000000079e+03,7.587084300000000212e+02,5.926490599999999631e+02,5.860741000000000440e+02,5.823465700000000425e+02,5.609893499999999449e+02
