# Probe 0 (0.82450002 0 0.021)
# Probe 1 (0.82450002 0 0.061)
# Probe 2 (0.82450002 0 0.101)
# Probe 3 (0.82450002 0 0.141)
# Probe 4 (0.8035 0 0.161)
# Probe 5 (0.7635 0 0.161)
# Probe 6 (0.7235 0 0.161)
# Probe 7 (0.6835 0 0.161)
# Time          0               1               2               3               4               5               6               7              
0.00011976048   2.3802238       2.3511485       2.3022867       2.1779882       1.9071548       1.7499267       1.6274459       1.4792637      
0.00026382019   2.7119595       2.6710317       2.6078909       2.4549212       2.130507        1.9465025       1.8060818       1.6516601      
0.00043694457   0.40777637      0.40610539      0.40232058      0.39025855      0.35218986      0.33014337      0.31171843      0.28534338     
0.00064506218   1.5350375       1.5128828       1.4773508       1.3884223       1.1972894       1.0899476       1.0083059       0.91454317     
0.00089320241   1.2166056       1.2023431       1.1784193       1.119347        0.9908168       0.92025743      0.86444475      0.79530489     
0.0011917461    0.97375934      0.96047108      0.93927108      0.88571005      0.76223982      0.6937629       0.64208827      0.58417515     
0.0015466188    0.93801737      0.9258702       0.90577516      0.85593537      0.74607375      0.68658257      0.64011062      0.58432383     
0.0019757672    0.9609845       0.94789046      0.92666164      0.87351289      0.75182958      0.68494809      0.63367309      0.57437616     
0.0024907453    0.9894031       0.97617129      0.95446864      0.90024932      0.77690607      0.70948087      0.65713329      0.5953838      
0.0031160758    1.0467768       1.0332761       1.0111255       0.955886        0.83098362      0.76425169      0.71312069      0.65399005     
0.0038501595    1.0525073       1.0388491       1.0162882       0.96016892      0.8338203       0.76686124      0.71513007      0.65448598     
0.0047473729    1.0583077       1.0444998       1.0217067       0.96454238      0.83114769      0.75947268      0.70424853      0.64006876     
0.0058368462    1.0744997       1.0604646       1.037165        0.97914131      0.84596594      0.77613238      0.72208615      0.65846421     
0.0071244057    1.0921092       1.0783137       1.0552758       0.99733716      0.85986677      0.78754867      0.73196401      0.66776561     
0.008733855     1.117853        1.1036987       1.0798796       1.020253        0.88000585      0.80770154      0.75188325      0.68660068     
0.010611546     1.1264459       1.1124483       1.0886735       1.028857        0.88570245      0.81258524      0.75618625      0.69048184     
0.012958659     1.1500906       1.135827        1.1113793       1.0497595       0.90116723      0.82616561      0.7680622       0.69984801     
0.015305773     1.1605366       1.1465391       1.1222787       1.060867        0.91037552      0.83590025      0.77847334      0.71163175     
0.017652886     1.1673121       1.1534327       1.1291223       1.0673236       0.91409534      0.83937184      0.78171494      0.71454742     
0.02            1.1786591       1.1647624       1.1401813       1.0774314       0.92053307      0.84493432      0.78653246      0.71837669     
0.022857143     1.2020445       1.1879786       1.162886        1.0985776       0.9366404       0.85953266      0.79998006      0.73053478     
0.026285714     1.2369285       1.2227525       1.1972059       1.1313542       0.96395119      0.88557795      0.82503115      0.75451394     
0.030857143     1.2667587       1.2524292       1.2262571       1.1583633       0.98343973      0.90328273      0.84125757      0.7690688      
0.035428571     1.2708034       1.2568648       1.2307827       1.1623443       0.98293727      0.90290961      0.84066715      0.76807258     
0.04            1.2826849       1.2689909       1.2429067       1.1738145       0.99003176      0.91047375      0.84849451      0.77625414     
0.045           1.2896919       1.2762619       1.250178        1.1802953       0.9919445       0.91280191      0.85081224      0.77845562     
0.05            1.2905973       1.2775301       1.2515983       1.181211        0.9891035       0.91105277      0.84955065      0.77769933     
0.055           1.2929566       1.2801773       1.254307        1.1831842       0.98670745      0.90947372      0.84821587      0.77651014     
0.06            1.3056042       1.2929511       1.2669          1.1943891       0.99249455      0.91560583      0.85412543      0.78197513     
0.066666667     1.3389552       1.3261154       1.2993246       1.2238763       1.0124794       0.93478055      0.8719224       0.7978962      
0.073333333     1.3584619       1.3457883       1.3187786       1.2414751       1.0225248       0.94618247      0.8835983       0.80978619     
0.08            1.3661644       1.3536957       1.3265889       1.2476818       1.0216127       0.94715383      0.88506626      0.81146402     
0.086666667     1.3714596       1.359237        1.3320563       1.2514646       1.0182956       0.94586782      0.88422724      0.81082062     
0.093333333     1.3873237       1.3752482       1.3477734       1.2648294       1.0230468       0.95209442      0.8903519       0.81642298     
0.1             1.3981297       1.386255        1.3586331       1.2736674       1.0239468       0.95536626      0.89422704      0.8206739      
0.10666667      1.4057045       1.3939786       1.3661311       1.2789203       1.0209618       0.95496182      0.89438554      0.82103272     
0.11333333      1.4173936       1.4057866       1.3776099       1.2877257       1.0206016       0.95702546      0.89670722      0.82308799     
0.12            1.4301066       1.4185496       1.3900272       1.297527        1.020964        0.96025693      0.90056017      0.82718794     
0.12666667      1.4384487       1.4269456       1.3980687       1.3028622       1.0170688       0.95984053      0.90108196      0.8282154      
0.13333333      1.4296509       1.4183518       1.3894297       1.2923621       0.9990124       0.94659793      0.88982942      0.81876134     
0.14            1.4283227       1.4171145       1.3878268       1.2877596       0.98429504      0.93532331      0.8791491       0.807904       
0.14666667      1.4238313       1.4126827       1.3831587       1.2807763       0.96900939      0.92529433      0.87139937      0.8023595      
0.15333333      1.4254475       1.414228        1.3841183       1.2782303       0.95545093      0.91548866      0.86240466      0.79342439     
0.16            1.4254905       1.414141        1.3834731       1.2743819       0.94167949      0.90676372      0.85562395      0.78829166     
0.16666667      1.4447774       1.432959        1.401095        1.2870167       0.9403811       0.90852326      0.85756355      0.78954187     
0.17333333      1.4545234       1.4423297       1.409492        1.2911387       0.93230434      0.90520711      0.85590835      0.78928768     
0.18            1.4562604       1.4436453       1.4096849       1.286542        0.91503542      0.89281872      0.84498726      0.77914027     
0.18666667      1.4571625       1.4440123       1.4088062       1.2807016       0.89623538      0.87931489      0.83339796      0.76911872     
0.19333333      1.512957        1.49834         1.460373        1.3234635       0.91791343      0.90229866      0.8549331       0.78794358     
0.2             1.5253249       1.5099117       1.4703414       1.3277179       0.90848767      0.89971667      0.85543501      0.79170698     
0.20666667      1.5717086       1.5545751       1.511697        1.3587643       0.91576356      0.90839395      0.86234352      0.79528031     
0.21333333      1.5862823       1.5678274       1.5225475       1.3619644       0.90185635      0.90140536      0.85837185      0.79435778     
0.22            1.6131147       1.5927951       1.5440024       1.3728076       0.88996227      0.8938336       0.85113627      0.78634928     
0.22666667      1.6842848       1.661279        1.6076782       1.4227295       0.9108927       0.91729176      0.87367677      0.80690579     
0.23333333      1.7496183       1.7236853       1.6650289       1.4661218       0.92611978      0.93758058      0.89490216      0.82841541     
0.24            1.8073414       1.7782014       1.7138196       1.4991682       0.92769199      0.94416335      0.90190938      0.83474366     
0.24666667      1.9038943       1.8701852       1.7980747       1.5631889       0.95218962      0.97168689      0.92833129      0.85859861     
0.25333333      1.9844657       1.9461312       1.8661207       1.6107157       0.96140191      0.98759763      0.94559149      0.87596357     
0.26            2.0961874       2.0517552       1.9614701       1.6800868       0.98248911      1.0135407       0.97003659      0.8975726      
0.26666667      2.2333441       2.1815134       2.0789838       1.7675423       1.016371        1.0536761       1.0091876       0.93457068     
0.27333333      2.380172        2.3198023       2.2031171       1.8576295       1.0472252       1.0920676       1.0469792       0.97014646     
0.28            2.5429609       2.4716554       2.3372575       1.9506202       1.0718336       1.1249072       1.0800667       1.0017586      
0.28666667      2.7194544       2.6356196       2.4810281       2.0483248       1.0950864       1.1586966       1.1143672       1.0340192      
0.29333333      2.9598495       2.8593713       2.6783844       2.1874256       1.1431347       1.2166569       1.171825        1.0885589      
0.3             3.2098336       3.0894483       2.8771615       2.3193148       1.1763011       1.2647893       1.2217952       1.137377       
0.30666667      3.4897173       3.3440868       3.0928026       2.4545899       1.1982464       1.3042954       1.2641838       1.1793676      
0.31333333      3.8201897       3.6412934       3.3396583       2.6018          1.2130686       1.339984        1.3037781       1.2188558      
0.32            4.1943531       3.9738333       3.61043         2.7554744       1.2204267       1.374961        1.3455182       1.2624781      
0.325           4.2124658       3.975           3.5844997       2.680472        1.1057429       1.3074776       1.3011986       1.2335292      
0.33            4.6716468       4.3808298       3.9133278       2.8711639       1.1399833       1.3498115       1.3429965       1.2706         
0.335           5.0200725       4.6819634       4.146164        2.9871066       1.1358575       1.379042        1.3857827       1.3200678      
0.34            5.5201638       5.1102991       4.4739857       3.1485344       1.1303952       1.4015125       1.4171501       1.3563264      
0.345           6.0426715       5.5476416       4.7939734       3.283786        1.094912        1.4060745       1.4374311       1.3843466      
0.35            6.6628832       6.0592863       5.1583902       3.4254546       1.0411732       1.3963191       1.4467973       1.4044691      
0.355           7.4600294       6.7075648       5.6112513       3.6007699       0.99330038      1.396545        1.46651         1.4350056      
0.36            8.4324377       7.4783034       6.1252214       3.7744369       0.92365573      1.3834419       1.4789498       1.4630595      
0.36333333      8.4281961       7.4200009       5.9864179       3.554957        0.78557092      1.2574488       1.3992191       1.4071851      
0.36666667      9.4760046       8.2470931       6.5335588       3.7553211       0.76094357      1.2221616       1.3886502       1.4073795      
0.37            10.258042       8.8467603       6.8974427       3.8482409       0.68693743      1.2238128       1.4076818       1.4377268      
0.37333333      11.415628       9.7209037       7.4218126       3.9839903       0.61093045      1.197736        1.4051687       1.4508086      
0.37666667      12.664688       10.637382       7.9399431       4.091389        0.47922331      1.1528733       1.3855462       1.4480239      
0.38            14.262831       11.774228       8.561642        4.2184523       0.3478993       1.0971125       1.3673751       1.4514111      
0.3825          15.029781       12.23602        8.7044034       4.1173016       0.31180173      1.0289857       1.3314396       1.4331914      
0.3846875       16.338649       13.114536       9.138452        4.1900628       0.19180886      0.92971164      1.2909983       1.41758        
0.386875        17.77564        14.086558       9.63339         4.2824201       0.077335601     0.87513021      1.266262        1.412513       
0.3890625       19.298355       15.073079       10.085078       4.326118        -0.087836448    0.81351798      1.2434554       1.407379       
0.39088542      20.537146       15.850065       10.404875       4.3129718       -0.15587436     0.73587287      1.199252        1.3854702      
0.39270833      22.258095       16.93443        10.880336       4.3575896       -0.31927995     0.66244776      1.167364        1.3707807      
0.39453125      24.055836       18.054853       11.358374       4.3886083       -0.47434222     0.5815618       1.124784        1.3533433      
0.39635417      26.243158       19.400792       11.92927        4.4505546       -0.63942027     0.51050454      1.1025484       1.348297       
0.39817708      28.803241       20.96359        12.595255       4.5403101       -0.82224614     0.4312787       1.0701181       1.3405026      
0.4             31.694425       22.674229       13.279165       4.6276165       -1.1144694      0.33530471      1.0340728       1.3304132      
0.40153846      33.893214       23.899803       13.666909       4.60845         -1.3387846      0.23362011      0.99026897      1.312144       
0.40295858      36.678101       25.49233        14.245293       4.6191457       -1.5859603      0.11281648      0.92523775      1.2780012      
0.4043787       39.704032       27.218505       14.875347       4.6446422       -1.8392028      0.011643205     0.86275068      1.2460376      
0.40579882      43.234607       29.239414       15.628798       4.6925716       -2.0968356      -0.11153527     0.80789768      1.2136142      
0.40708983      46.416852       31.005312       16.20591        4.6797761       -2.305862       -0.21387848     0.76388991      1.1894917      
0.40838085      50.621035       33.398229       17.110146       4.7608773       -2.5476687      -0.33456112     0.69335071      1.1536435      
0.40967187      55.088451       35.890046       18.004732       4.8146558       -2.7796203      -0.41952859     0.65852652      1.1365192      
0.41096288      60.440652       38.869718       19.116225       4.9072634       -3.0259526      -0.53522796     0.60750344      1.1151656      
0.41209252      64.706807       41.194283       19.858062       4.8412891       -3.2529395      -0.65027109     0.55783676      1.0915304      
0.41322216      70.782354       44.550528       21.148972       4.9399715       -3.5026256      -0.77848372     0.4823641       1.0524162      
0.4143518       76.757255       47.798683       22.316558       4.9377463       -3.7553505      -0.85838801     0.4467139       1.0336817      
0.41548144      83.986569       51.780654       23.875981       5.0431791       -3.9916899      -1.0242605      0.35284581      0.98711878     
0.41661108      91.708741       55.936587       25.430629       5.0527594       -4.247414       -1.1734594      0.2689208       0.9452482      
0.41774072      100.57142       60.748259       27.335776       5.1315642       -4.515676       -1.3562195      0.18354371      0.89531301     
0.41887036      110.39612       66.038079       29.438926       5.1817073       -4.7959268      -1.5095656      0.1066535       0.854926       
0.42            121.59645       72.074703       31.894292       5.2711874       -5.0794851      -1.6770182      0.015643812     0.80615198     
0.42105263      131.99158       77.845389       34.330143       5.3476342       -5.3336741      -1.8499997      -0.068705956    0.75696589     
0.42204986      143.50391       84.09929        36.993273       5.4892161       -5.6005943      -2.031592       -0.16977958     0.70156033     
0.42304709      156.81368       91.246075       40.097851       5.739061        -5.8600559      -2.2041191      -0.28144675     0.64991975     
0.42404432      171.32002       99.078039       43.555141       6.0924373       -6.1085252      -2.3706951      -0.37773641     0.60162308     
0.42504155      187.37623       107.65225       47.354099       6.4769207       -6.3887848      -2.5577937      -0.4845157      0.54668071     
0.42603878      204.98601       117.0408        51.571182       6.9765364       -6.6627481      -2.7549814      -0.60070549     0.48102891     
0.42703601      224.30731       127.31066       56.213656       7.5938146       -6.9682126      -2.9727443      -0.73495364     0.41023812     
0.42796201      240.9169        136.82693       60.779729       8.3039752       -7.2322684      -3.1956535      -0.87340324     0.33820303     
0.42888801      263.16556       148.52553       66.265347       9.2547559       -7.5527953      -3.4328101      -1.0232224      0.25617669     
0.42981401      284.84548       160.32653       71.883327       10.415331       -7.8873136      -3.6698564      -1.1735272      0.17026452     
0.43074001      308.96535       173.15666       77.870907       11.53148        -8.1629159      -3.8909559      -1.3164121      0.090776703    
0.43166601      334.38705       186.59017       84.034548       12.82126        -8.468303       -4.098651       -1.4448493      0.0071411116   
0.43259201      362.04495       201.05472       90.625138       14.33729        -8.8002462      -4.3221604      -1.6059037      -0.072895182   
0.43351801      391.89749       216.71005       97.736853       15.929538       -9.0749793      -4.542322       -1.7590141      -0.15461163    
0.434444        423.91891       233.30059       105.13215       17.209399       -9.4208057      -4.8140309      -1.8907905      -0.22860781    
0.43537         458.27411       251.00103       112.89551       17.920141       -9.7075548      -5.1052175      -2.1059964      -0.31835652    
0.436296        495.54077       269.43196       120.30386       17.36664        -9.8766886      -5.3048699      -2.243405       -0.40948094    
0.437222        535.57554       288.92518       127.74942       19.331859       -9.9725762      -5.5632756      -2.4398376      -0.54671749    
0.4379165       539.24497       298.97331       131.70448       19.534093       -10.014735      -5.7659049      -2.582593       -0.63153258    
0.438611        586.86164       319.62079       140.43639       18.907912       -10.242362      -6.0675062      -2.8087321      -0.77729385    
0.4393055       614.42759       335.94111       147.98884       18.945018       -10.254354      -6.2138648      -2.948285       -0.85414265    
0.44            656.25076       356.33229       157.53549       20.604674       -10.46207       -6.4371292      -3.1280791      -0.96196102    
0.44055556      660.968         369.15867       164.80418       20.173329       -10.319393      -6.7236965      -3.3249745      -1.0441242     
0.44111111      711.43516       391.02299       173.02681       21.910315       -11.210073      -7.3640992      -3.7224981      -1.2504275     
0.4416358       734.65719       408.48348       179.02345       24.340947       -11.45069       -7.6254602      -3.9148258      -1.3841474     
0.44216049      781.59055       429.63765       187.12194       27.391158       -11.763288      -7.9940736      -4.1717475      -1.5349889     
0.44268519      817.14603       448.85134       194.76515       29.787361       -11.756734      -8.2101346      -4.3498514      -1.6485939     
0.44320988      858.61096       469.15346       202.92422       33.437744       -11.772038      -8.2684001      -4.4151544      -1.7078994     
0.44373457      897.23698       488.7002        210.85659       37.5036         -12.686581      -8.8191876      -4.7416935      -1.8752652     
0.44424286      933.2527        507.20192       217.78532       41.043566       -14.540889      -10.097445      -5.5131097      -2.2746558     
0.44475116      976.69303       528.08082       227.07051       46.933903       -14.132405      -10.009977      -5.5656175      -2.3834936     
0.44524306      1013.3783       547.2047        235.57415       54.28221        -14.531563      -10.436003      -5.8173581      -2.5024708     
0.44573495      1060.6372       570.4244        247.40688       63.898036       -14.143452      -10.303712      -5.8641705      -2.5870706     
0.44622685      1104.1081       591.75824       256.27444       71.000456       -14.109008      -10.332821      -5.9723515      -2.6893334     
0.44671875      1151.1935       613.96987       265.62108       75.418939       -14.110535      -10.248546      -5.9561897      -2.710606      
0.44719308      1191.4387       633.42849       273.06258       79.074996       -14.290809      -10.057136      -5.8382003      -2.6716436     
0.44766741      1241.5698       654.61448       279.58832       79.224088       -14.030043      -9.6852106      -5.5771424      -2.5427142     
0.44814174      1287.7371       674.50767       283.92769       78.269405       -14.133917      -9.482125       -5.4128914      -2.4693737     
0.44861607      1342.1811       700.3763        295.74501       78.711971       -15.453273      -9.5254295      -5.3253192      -2.414063      
0.4490904       1403.7443       726.7748        305.11487       77.681611       -15.827987      -9.611626       -5.296175       -2.3791799     
0.44956473      1465.7527       751.53074       314.30818       75.937147       -17.004812      -9.9772072      -5.4125492      -2.4197314     
0.45006165      1537.7084       774.58535       322.03227       73.107615       -16.2484        -10.032583      -5.4999376      -2.4837018     
0.45055857      1599.5257       795.69822       333.38985       73.19918        -16.237155      -10.217581      -5.6167208      -2.5630591     
0.45105548      1675.1739       821.21078       347.73235       74.82222        -15.274835      -10.169798      -5.6486317      -2.6084868     
0.4515524       1752.5893       847.21984       360.23342       72.916285       -14.784052      -10.125992      -5.6898062      -2.6494908     
0.45204932      1841.2742       880.43808       373.58427       72.915022       -14.431229      -10.17988       -5.7936833      -2.7164929     
0.45254624      1929.0459       906.16036       385.92597       71.422549       -15.369322      -10.81949       -6.1807664      -2.9024722     
0.45304315      2037.2231       939.28049       397.26604       68.603755       -14.683959      -10.943076      -6.3969714      -3.0601532     
0.45354007      2152.5724       971.2324        408.61512       62.462269       -14.656028      -11.327744      -6.7361442      -3.2756766     
0.45403699      2274.8489       1005.0905       424.8206        58.513959       -13.98662       -11.389065      -6.9018109      -3.4101053     
0.45453391      2407.0911       1042.6987       448.20191       54.003601       -13.381596      -11.462694      -7.0514871      -3.5175464     
0.45503082      2564.816        1085.0177       473.50736       51.009258       -14.739431      -12.837313      -7.9856757      -4.0178609     
0.45552774      2764.8836       1131.2416       508.11689       49.331886       -15.553223      -13.861339      -8.7828701      -4.5047189     
0.45602466      2893.3167       1133.7828       514.28817       52.747425       -15.303818      -14.162491      -9.1995408      -4.8129333     
0.45652158      3057.6155       1153.3522       525.75611       60.282541       -14.501757      -13.987928      -9.2287163      -4.8850542     
0.45701849      3228.388        1168.2918       529.36323       75.504483       -13.582742      -13.514633      -9.0893492      -4.893501      
0.45751541      3429.3028       1190.7897       530.00294       94.515936       -13.621981      -13.523088      -9.2257843      -5.0404808     
0.45801233      3638.6819       1217.8402       525.85338       116.66149       -13.294451      -13.241704      -9.1425693      -5.0885938     
0.45850925      3859.479        1241.4145       525.39757       142.71541       -13.618167      -13.313601      -9.2331266      -5.1953372     
0.45900616      4090.72         1269.1427       516.94064       158.58392       -14.146933      -13.435724      -9.393357       -5.3817507     
0.45950308      4334.5477       1300.3825       508.02036       181.19335       -14.927541      -13.350111      -9.3247543      -5.4038839     
0.46            4618.9564       1344.317        496.99786       192.08903       -16.759921      -13.441028      -9.3283307      -5.4591083     
0.4604878       4985.5047       1395.5497       490.73123       197.23003       -18.255505      -13.720318      -9.4062521      -5.5428195     
0.46097561      5429.3255       1451.6486       479.59127       197.09589       -19.593129      -13.717262      -9.3029214      -5.5506819     
0.46146341      5942.6642       1507.7254       467.33617       190.40508       -24.409665      -14.31047       -9.4184483      -5.5931526     
0.46195122      6551.0312       1572.9569       458.93037       192.57629       -27.522428      -16.707241      -10.849534      -6.2777365     
0.46243902      7530.508        1639.5688       443.28867       185.13377       -27.908032      -15.405979      -9.819659       -5.7955943     
0.46292683      8188.4606       1672.7646       432.70794       192.61836       -26.531105      -15.165097      -9.6168047      -5.5990043     
0.46341463      8931.0336       1724.87         417.63062       189.24277       -26.88258       -15.488093      -9.835894       -5.7286576     
0.46390244      9691.7038       1799.9044       411.25651       186.78133       -25.709526      -15.241277      -9.7987258      -5.7453881     
0.46440549      10348.554       1862.4876       398.97616       176.60526       -25.922872      -15.169833      -9.808273       -5.7451044     
0.46489282      11052.06        1945.621        387.49158       169.83808       -25.805261      -15.406696      -9.9996335      -5.8555674     
0.46539639      11891.96        2023.2382       376.30449       161.59721       -25.222177      -15.410711      -10.100441      -5.9526421     
0.46589996      12697.393       2111.0271       348.73895       153.02682       -25.06277       -15.954506      -10.515054      -6.2018204     
0.46640353      13244.714       2251.8387       334.27442       143.09934       -25.25433       -16.774108      -11.138485      -6.6018329     
0.46690711      13865.753       2395.6187       313.59776       133.7386        -24.417363      -16.964828      -11.40648       -6.8103317     
0.46743082      13970.763       2638.9964       308.41308       125.56259       -23.596652      -16.95877       -11.551515      -6.9656774     
0.46795454      14244.024       3003.8992       301.44232       118.17175       -22.487926      -16.869604      -11.634061      -7.0938625     
0.46847825      14311.819       3352.673        328.31634       111.3048        -22.96945       -17.750329      -12.331978      -7.5629842     
0.46900197      14320.691       3766.6633       353.161         105.38281       -22.44135       -18.191795      -12.78255       -7.8787854     
0.46952569      14283.836       4244.7821       388.0672        97.888746       -21.588341      -18.538803      -13.277508      -8.2953411     
0.4700494       14153.492       4770.3584       430.7852        82.124945       -20.49488       -18.540788      -13.474582      -8.4875152     
0.47060221      13971.505       5345.4783       518.80249       74.236453       -18.460472      -17.854681      -13.27704       -8.513579      
0.47115502      13729.013       5870.6985       636.21318       68.925002       -16.737237      -17.418699      -13.194365      -8.5861958     
0.47170783      13374.869       6248.1569       794.06069       71.062236       -14.449069      -16.745215      -12.974115      -8.605308      
0.47226065      13032.523       6541.5919       970.35861       72.093974       -12.816995      -16.281137      -12.851907      -8.6490975     
0.47281346      12680.227       6818.6136       1199.2166       73.911114       -11.529092      -15.783906      -12.671926      -8.6526761     
0.47336627      12348.889       7033.0083       1449.0306       74.102719       -10.703501      -15.308977      -12.485816      -8.6356151     
0.47391908      12060.743       7349.2902       1768.2562       76.912468       -10.315377      -14.810264      -12.287012      -8.6140083     
0.47447189      11687.994       7379.1103       2179.4831       82.432307       -10.178474      -14.482634      -12.114892      -8.599654      
0.4750247       11353.457       7406.358        2123.8282       94.645445       -9.6237955      -13.948053      -11.78537       -8.511494      
0.47557751      11054.735       7425.2612       2162.103        102.13254       -8.7431749      -13.314899      -11.422284      -8.4078576     
0.47613032      10743.955       7282.0869       2323.768        150.83176       -8.3597143      -12.673489      -11.054924      -8.2934757     
0.47677527      10338.922       7024.2978       2444.8077       224.72751       -10.696796      -13.029185      -11.217228      -8.3930541     
0.47742022      10040.226       6842.9008       2490.6044       357.63278       -13.817841      -14.033556      -11.701928      -8.6630079     
0.47806516      9824.7108       6704.8206       2643.3903       572.07922       -14.38719       -13.093963      -11.123298      -8.5341858     
0.47871011      9626.3443       6580.9448       2753.4814       929.5106        -18.263667      -14.587637      -11.813706      -8.881206      
0.47935505      9460.6263       6479.8819       2937.5582       1136.9219       -20.717838      -14.682142      -11.702534      -8.9033344     
0.48            9279.0334       6318.4234       2972.5525       1233.0538       -21.017546      -13.549683      -10.826754      -8.4835821     
0.480625        9139.5447       6194.3629       2979.7397       1108.6095       -21.170982      -12.141598      -9.7824576      -7.9393252     
0.48127083      8992.7109       6076.3275       2989.8963       1107.6234       -25.649825      -13.145792      -10.296944      -8.2402375     
0.48191667      8881.6826       5993.573        3053.2891       1081.5183       -31.593111      -14.665786      -11.285727      -8.8947216     
0.4825625       8789.7802       5922.4831       3117.1546       1095.7348       -44.317138      -15.868277      -11.327704      -8.8619096     
0.48320833      8698.8777       5854.7436       3104.7158       1067.8575       -60.185116      -18.327231      -12.228139      -9.2612053     
0.48388         8591.7484       5776.5008       3096.3957       1074.8457       -76.171111      -20.819521      -13.348508      -9.8317571     
0.48455167      8517.2119       5726.3439       3053.0105       1035.9192       -81.624037      -21.292892      -13.624232      -10.050637     
0.48522333      8454.6121       5687.1856       3012.2634       1045.1127       -80.938677      -19.67435       -12.350705      -9.3939979     
0.485895        8409.6266       5671.1629       3002.86         1099.2248       -76.730761      -19.135204      -12.126751      -9.2914667     
0.48656667      8371.3113       5652.8196       3007.5552       1127.7665       -72.355988      -18.044833      -11.505076      -9.051124      
0.48727368      8321.2455       5626.5181       2998.7688       1164.1518       -69.175627      -17.353704      -11.202208      -8.9203585     
0.4879807       8290.1249       5600.2195       2963.0382       1201.0538       -67.168616      -17.08746       -11.105035      -8.9236771     
0.48868772      8274.419        5589.3819       2940.5188       1270.8776       -64.402498      -17.448899      -11.329601      -9.0653261     
0.48939474      8265.5624       5584.0244       2922.5546       1366.7977       -60.533995      -18.074829      -11.834175      -9.3742722     
0.49010175      8260.6983       5586.1546       2901.2646       1406.8264       -55.750921      -18.689138      -12.33558       -9.6514387     
0.49080877      8257.7135       5589.0042       2900.7574       1410.5109       -49.97496       -19.052788      -12.807901      -10.004837     
0.49151579      8259.7432       5600.0548       2913.7516       1422.1839       -42.941174      -19.040467      -13.124808      -10.257748     
0.49228708      8237.9164       5630.6319       2910.9013       1494.4761       -42.846069      -19.244285      -13.421281      -10.561885     
0.49305837      8246.6641       5670.1619       2920.9271       1550.7808       -44.233361      -19.651849      -13.704382      -10.795308     
0.49382967      8279.1354       5740.7474       2943.5697       1565.816        -42.478097      -19.709563      -13.999604      -11.11581      
0.49460096      8310.8895       5813.4358       2978.9779       1581.8336       -41.286499      -19.532261      -14.091438      -11.297858     
0.49537225      8335.4668       5883.1201       3014.4813       1581.5572       -39.870252      -19.282628      -14.166581      -11.469827     
0.49614354      8358.892        5952.9597       3061.4997       1596.0907       -38.651833      -19.010836      -14.206715      -11.648633     
0.49691483      8375.205        6009.7469       3131.537        1572.5464       -37.669237      -18.801443      -14.285528      -11.870324     
0.49768612      8397.5727       6085.8699       3195.9195       1619.8115       -36.519833      -18.407621      -14.22788       -11.99091      
0.49845742      8415.7143       6152.6772       3256.7728       1567.2266       -35.098738      -17.932728      -14.156649      -12.128769     
0.49922871      8430.2856       6217.5227       3331.1379       1599.8058       -33.754551      -17.302473      -13.978093      -12.21094      
0.5             8442.7374       6281.059        3402.8628       1592.5931       -32.557957      -16.732156      -13.808528      -12.298431     
0.50076923      8455.6271       6345.2503       3480.891        1609.9087       -31.466373      -16.237495      -13.663152      -12.384344     
0.50153846      8468.996        6411.9726       3565.9691       1621.5807       -30.127844      -15.620747      -13.440173      -12.433972     
0.50230769      8481.1907       6479.0571       3660.3753       1637.1772       -28.570565      -15.022839      -13.193747      -12.461703     
0.50307692      8500.0548       6550.4365       3751.3106       1636.0509       -27.232429      -14.476542      -12.945764      -12.449968     
0.50384615      8520.3419       6622.398        3819.5151       1643.4411       -29.824715      -16.35015       -13.682073      -12.726163     
0.50461538      8523.405        6684.0328       3874.625        1652.0152       -28.564795      -15.6706        -13.543028      -12.846167     
0.50538462      8530.2421       6746.2337       3925.6784       1660.0556       -28.316533      -15.479344      -13.437782      -12.870338     
0.50615385      8534.3529       6808.9834       3980.6754       1671.0568       -27.80718       -15.136211      -13.345219      -12.945655     
0.50692308      8540.3291       6873.9246       4043.0906       1689.3082       -27.443443      -14.821185      -13.227288      -12.997739     
0.50774038      8530.4025       6929.6666       4101.8547       1712.216        -26.928523      -14.264064      -12.97256       -12.995802     
0.50855769      8535.0456       6997.2447       4162.2376       1733.3582       -26.267281      -13.673644      -12.647615      -12.931663     
0.509375        8547.8938       7069.098        4224.2455       1758.7339       -25.66655       -13.195888      -12.435326      -12.950455     
0.51019231      8556.0743       7137.2114       4287.373        1784.6135       -24.882392      -12.60702       -12.145693      -12.932083     
0.51100962      8562.3644       7204.7086       4346.9605       1814.0925       -24.077429      -12.065017      -11.853327      -12.892648     
0.51182692      8564.1649       7268.4355       4407.6366       1846.0753       -23.277883      -11.648677      -11.616623      -12.838497     
0.51273504      8540.2071       7320.0377       4481.5752       1877.1635       -22.383378      -11.214431      -11.414678      -12.815496     
0.51364316      8531.2779       7387.3832       4547.5438       1930.9513       -21.568594      -10.894978      -11.243515      -12.818626     
0.51455128      8535.3293       7457.9097       4624.8539       2009.019        -20.614815      -10.561693      -11.103084      -12.869044     
0.5154594       8536.3816       7525.9466       4697.4561       2112.6123       -19.453457      -9.9966138      -10.824465      -12.867721     
0.51636752      8534.6241       7588.5425       4765.2483       2189.6245       -20.336053      -11.267024      -11.51091       -13.086792     
0.51727564      8530.0543       7648.2988       4837.2942       2223.0116       -20.755326      -11.97144       -11.873558      -13.213431     
0.51818376      8518.7771       7706.5511       4901.4525       2257.024        -21.307743      -11.862585      -11.844544      -13.315568     
0.51909188      8507.9605       7769.3726       4964.4869       2296.5245       -21.619403      -11.933308      -11.84021       -13.326199     
0.52            8515.4872       7852.6003       5047.0858       2333.8388       -24.114202      -12.938374      -12.403913      -13.512929     
0.52090909      8532.1104       7935.5197       5147.0251       2373.0094       -25.822806      -12.804418      -12.355859      -13.610506     
0.52181818      8547.4987       8016.0635       5249.1715       2416.5172       -27.879054      -13.012772      -12.418839      -13.647597     
0.52272727      8558.8328       8083.5522       5340.0313       2445.8719       -29.366333      -13.07546       -12.447072      -13.712665     
0.52363636      8593.0082       8188.8339       5463.7189       2477.0761       -30.779176      -13.155745      -12.460578      -13.750109     
0.52454545      8593.4483       8247.8057       5539.1109       2502.6698       -31.898388      -13.200305      -12.462569      -13.787605     
0.52545455      8582.6757       8285.4702       5613.914        2523.2068       -32.969664      -13.279508      -12.473293      -13.810569     
0.52636364      8580.3079       8331.0573       5695.1965       2548.1978       -33.910841      -13.287647      -12.454118      -13.835666     
0.52727273      8542.7607       8339.9671       5769.7519       2567.0566       -34.56167       -13.159791      -12.362966      -13.80643      
0.52818182      8498.3929       8344.7195       5849.6963       2583.1572       -35.290725      -13.123838      -12.314655      -13.796161     
0.52909091      8451.5692       8340.4059       5930.4807       2607.3555       -36.11884       -13.145331      -12.32538       -13.824688     
0.53            8399.8722       8329.0535       6005.5209       2634.7234       -36.881103      -13.213285      -12.372576      -13.897216     
0.53090909      8341.9178       8310.8485       6072.0206       2658.8986       -37.382387      -13.112722      -12.292         -13.893317     
0.53181818      8288.5378       8297.5101       6129.4853       2684.1928       -37.722542      -12.967784      -12.154277      -13.816814     
0.53272727      8230.9906       8273.8097       6166.2369       2710.0006       -37.842552      -12.733115      -11.948259      -13.698831     
0.53363636      8171.5448       8246.2447       6202.6857       2730.3176       -37.900759      -12.567536      -11.824307      -13.659814     
0.53454545      8107.9747       8211.7363       6231.905        2750.7629       -37.688213      -12.200519      -11.515804      -13.458664     
0.53545455      8041.6061       8174.0167       6260.8535       2770.8802       -37.794269      -12.10074       -11.309607      -13.206566     
0.53636364      7981.6499       8139.8458       6289.3115       2799.6553       -38.132358      -12.487634      -11.625852      -13.392559     
0.53727273      7920.2742       8104.5702       6316.7226       2829.8926       -37.825658      -12.454231      -11.624551      -13.453105     
0.53818182      7862.1554       8069.6912       6341.6694       2861.4098       -37.345327      -12.350648      -11.537133      -13.403012     
0.53909091      7803.0095       8032.2895       6363.492        2890.4232       -36.854299      -12.156486      -11.361778      -13.256198     
0.54            7744.4469       7993.539        6381.1488       2926.3908       -36.545048      -11.983799      -11.207483      -13.141723     
0.54086957      7696.2336       7966.0283       6403.6328       2968.1716       -36.464513      -11.86489       -11.0893        -13.058684     
0.54173913      7642.4843       7927.7124       6415.9849       3010.2595       -36.322865      -11.542007      -10.756604      -12.727818     
0.5426087       7583.3479       7882.9833       6421.7785       3071.7227       -36.706508      -11.541736      -10.76647       -12.743754     
0.54347826      7529.0569       7841.4357       6427.3706       3129.6301       -37.189394      -11.50066       -10.722626      -12.70896      
0.54434783      7472.8827       7798.0225       6430.0561       3179.4479       -37.830549      -11.46182       -10.678981      -12.67346      
0.54521739      7418.8079       7755.7892       6431.5953       3217.9676       -38.633801      -11.424722      -10.642927      -12.6446       
0.54608696      7367.2454       7715.08         6432.3147       3245.3068       -39.316977      -11.343544      -10.560737      -12.602757     
0.54695652      7314.6722       7672.7048       6428.2339       3266.4256       -39.53914       -11.2756        -10.471798      -12.518646     
0.5478882       7251.524        7615.5388       6412.7229       3287.1389       -39.74682       -11.134233      -10.332776      -12.380064     
0.54881988      7192.155        7569.0487       6404.3319       3309.2465       -40.582847      -11.341431      -10.494242      -12.47463      
0.54975155      7141.9863       7531.6763       6401.0414       3333.699        -41.207127      -11.320976      -10.476278      -12.503435     
0.55068323      7103.3427       7488.8566       6393.2842       3356.1146       -41.781573      -11.214123      -10.369071      -12.431383     
0.55161491      7064.1366       7445.8392       6382.6842       3376.971        -42.358646      -11.076288      -10.210403      -12.273106     
0.55254658      7033.3484       7405.3395       6372.2573       3398.1864       -42.907419      -10.961626      -10.085373      -12.173025     
0.55347826      6990.5915       7362.7991       6360.1488       3419.2773       -43.466313      -10.971073      -10.060777      -12.128771     
0.55440994      6946.5415       7323.2165       6347.7831       3440.0353       -44.122614      -11.176333      -10.196676      -12.180722     
0.55534161      6897.872        7280.2262       6332.9268       3460.1498       -44.517469      -11.239848      -10.214984      -12.178574     
0.55627329      6859.3953       7244.1785       6321.678        3482.6388       -44.745531      -11.249843      -10.201888      -12.162505     
0.55720497      6817.515        7207.3613       6312.7771       3509.4883       -45.09437       -11.386055      -10.268306      -12.165296     
0.55813665      6778.3256       7170.621        6299.8451       3532.5648       -45.268858      -11.386631      -10.229151      -12.113394     
0.55906832      6738.3258       7133.6469       6286.8402       3556.8847       -45.304228      -11.284975      -10.082108      -11.934215     
0.56            6700.8312       7096.7022       6270.0478       3576.9506       -45.273711      -11.205108      -9.9756854      -11.834241     
0.56095238      6656.1461       7052.7683       6248.0563       3595.413        -44.947887      -10.90878       -9.6644477      -11.530065     
0.56190476      6619.3797       7014.879        6226.9078       3611.8988       -44.884659      -10.938666      -9.6603299      -11.514797     
0.56285714      6580.4115       6977.0428       6207.0661       3629.8047       -44.54387       -10.738378      -9.4494475      -11.302166     
0.56380952      6544.0897       6939.2573       6183.7217       3642.9439       -45.008925      -11.320494      -9.8314611      -11.489266     
0.56482143      6497.2383       6886.96         6149.8552       3652.584        -44.511871      -11.131752      -9.6105711      -11.253123     
0.56583333      6460.4068       6847.8412       6125.3125       3664.6574       -44.054944      -11.037991      -9.4769952      -11.095227     
0.56684524      6426.1232       6812.4154       6103.5434       3677.4091       -43.71733       -11.057992      -9.4306807      -11.013161     
0.56785714      6394.2292       6778.4572       6081.5043       3688.1818       -43.906365      -11.356935      -9.4429551      -10.931936     
0.56886905      6358.149        6741.5722       6057.3428       3697.1739       -44.286328      -11.952001      -9.7508955      -11.060556     
0.56988095      6329.8403       6710.1603       6035.4354       3705.1617       -44.067984      -12.094317      -9.6733375      -10.926467     
0.57089286      6296.6953       6676.0381       6012.0702       3712.1605       -43.576166      -12.058057      -9.5098803      -10.731483     
0.57190476      6267.6308       6644.7276       5990.0361       3717.1998       -43.286986      -12.229104      -9.5124717      -10.680214     
0.57291667      6237.2572       6614.7431       5967.8076       3722.1215       -42.878018      -12.337541      -9.4926668      -10.602383     
0.57392857      6210.5822       6587.6771       5946.6354       3726.3958       -42.45887       -12.373232      -9.3717035      -10.43609      
0.57494048      6181.7576       6559.1976       5923.7626       3728.6964       -42.210101      -12.738529      -9.5944187      -10.550264     
0.57595238      6155.4685       6533.1382       5902.9529       3731.9455       -41.754313      -12.852816      -9.6291696      -10.522091     
0.57696429      6126.9107       6505.3846       5880.7219       3733.1806       -41.19051       -12.820337      -9.5070723      -10.353739     
0.57797619      6102.0503       6479.4156       5861.1711       3733.07         -40.747409      -12.877421      -9.4503587      -10.262819     
0.5789881       6076.0576       6453.353        5840.402        3732.7176       -40.183081      -12.792397      -9.2717215      -10.061418     
0.58            6052.8277       6430.4226       5820.1955       3732.7132       -39.803583      -12.863141      -9.2526127      -10.016617     
0.58105263      6023.2808       6399.0418       5793.0543       3728.679        -39.380878      -12.82592       -9.1349432      -9.8699677     
0.58210526      5999.585        6375.9643       5771.5601       3727.514        -38.818271      -12.744406      -8.9779361      -9.7061457     
0.58315789      5977.9306       6354.9782       5750.0098       3726.1659       -38.308243      -12.678581      -8.8471345      -9.5625473     
0.58421053      5956.4908       6333.8825       5725.9718       3724.2566       -37.80159       -12.623932      -8.7307803      -9.4305668     
0.58526316      5935.4821       6313.6341       5701.5832       3721.3997       -37.392558      -12.644132      -8.6899531      -9.3579258     
0.58631579      5916.0695       6293.6166       5678.3171       3718.0982       -36.876273      -12.552741      -8.5492368      -9.1844084     
0.58736842      5896.305        6274.0303       5656.138        3714.4801       -36.637875      -12.707508      -8.6417265      -9.2177007     
0.58842105      5876.0966       6253.8887       5637.3387       3711.0636       -36.236309      -12.698208      -8.6024031      -9.1784139     
0.58947368      5856.6503       6235.4638       5624.2502       3706.8797       -35.756317      -12.59353       -8.4684185      -9.0310959     
0.59052632      5835.8947       6216.1857       5609.2823       3702.1965       -35.460603      -12.658115      -8.5032116      -9.0398016     
0.59157895      5821.4216       6199.5491       5596.8707       3697.6579       -34.965226      -12.515879      -8.3404092      -8.8665508     
0.59263158      5804.2303       6181.7151       5583.1066       3692.7502       -34.62433       -12.505582      -8.3078216      -8.8272888     
0.59368421      5789.4264       6165.434        5570.0683       3689.2827       -34.184058      -12.373288      -8.1513943      -8.6656627     
0.59473684      5770.1516       6146.9541       5556.9787       3683.5139       -33.856573      -12.332173      -8.0846901      -8.5913359     
0.59578947      5750.9626       6129.7797       5544.1872       3678.635        -33.457415      -12.224066      -7.9644556      -8.4605308     
0.59684211      5733.2955       6113.2205       5532.1124       3673.1211       -33.222668      -12.242021      -7.9633816      -8.4674171     
0.59789474      5716.6558       6096.5173       5519.7415       3669.7771       -32.985347      -12.253616      -7.95512        -8.4444563     
0.59894737      5703.129        6079.7882       5508.4699       3664.5659       -32.629543      -12.133524      -7.8121799      -8.2617661     
0.6             5686.6779       6063.6193       5497.1648       3658.0016       -32.442247      -12.173629      -7.8400277      -8.2496303     
0.60105263      5671.7488       6049.4655       5487.0444       3650.9314       -32.204737      -12.143482      -7.7961932      -8.1503592     
0.60210526      5655.4569       6033.7853       5475.7388       3640.5988       -32.030772      -12.182185      -7.8451926      -8.1657589     
0.60315789      5641.1082       6019.6762       5465.8348       3626.3783       -31.889613      -12.255022      -7.9075956      -8.1847931     
0.60421053      5626.3986       6005.4775       5456.0726       3612.1222       -31.719576      -12.288282      -7.9308496      -8.1482147     
0.60526316      5611.7189       5991.1378       5446.2854       3598.7775       -31.672482      -12.41341       -8.0475127      -8.1842712     
0.60631579      5597.3398       5977.2332       5436.8661       3586.1653       -31.598816      -12.513976      -8.1725406      -8.2750757     
0.60736842      5582.5757       5962.7719       5426.9247       3576.8316       -31.426781      -12.506708      -8.1903763      -8.2562011     
0.60842105      5568.1386       5948.298        5417.241        3571.3067       -31.179327      -12.425129      -8.1415614      -8.1876735     
0.60947368      5553.7619       5934.1583       5407.5735       3567.242        -31.06982       -12.414597      -8.157007       -8.1808488     
0.61052632      5540.9142       5921.2426       5398.9634       3563.3728       -30.903712      -12.400664      -8.1750968      -8.1847082     
0.61171053      5510.9814       5885.0925       5370.7561       3548.0995       -30.740391      -12.354918      -8.1782012      -8.1768027     
0.61289474      5498.8981       5873.3288       5363.9051       3545.958        -30.492492      -12.230599      -8.0922016      -8.0872143     
0.61407895      5490.8601       5866.0744       5360.8304       3545.7398       -30.371066      -12.211558      -8.1184455      -8.1212069     
0.61526316      5479.5234       5855.9618       5355.5019       3544.3339       -30.171065      -12.104395      -8.0567056      -8.06287       
0.61644737      5468.1879       5845.1939       5349.5348       3542.5148       -29.955852      -11.959973      -7.9566314      -7.9610561     
0.61763158      5455.735        5833.1708       5342.5258       3540.2264       -29.889504      -11.949663      -7.9857769      -7.9855532     
0.61881579      5442.4072       5820.4446       5335.2188       3537.6639       -29.760486      -11.87082       -7.9474438      -7.9449779     
0.62            5429.1879       5807.5941       5328.2816       3535.3795       -29.64108       -11.799028      -7.9170822      -7.9180386     
0.62125         5409.9308       5785.559        5313.7959       3528.5043       -29.41338       -11.629747      -7.7917695      -7.7993168     
0.6225          5397.1424       5772.624        5307.8129       3526.9862       -29.279052      -11.567667      -7.7744133      -7.7950366     
0.62375         5386.9969       5762.9068       5304.6361       3527.2739       -29.1884        -11.5449        -7.7956609      -7.8378025     
0.625           5375.027        5751.848        5300.3429       3527.4924       -29.013222      -11.391668      -7.6873242      -7.7462761     
0.62625         5363.0236       5741.1586       5296.7789       3527.6271       -28.903903      -11.309583      -7.6469952      -7.7200248     
0.6275          5353.224        5731.5409       5294.3327       3528.5479       -28.884219      -11.303468      -7.6817871      -7.7755308     
0.62875         5343.1713       5721.8095       5292.1505       3529.801        -28.759407      -11.202843      -7.6131153      -7.7126753     
0.63            5332.7601       5711.9967       5289.7344       3531.2455       -28.751368      -11.217471      -7.6538043      -7.7544234     
0.63125         5322.9047       5703.0051       5288.3159       3533.0289       -28.67862       -11.180165      -7.6469341      -7.7622616     
0.6325          5313.291        5694.1778       5287.455        3534.8785       -28.37633       -10.927317      -7.4290863      -7.5737195     
0.63375         5303.7629       5685.2845       5285.7364       3536.8993       -28.270432      -10.879855      -7.4027785      -7.5394867     
0.635           5291.5768       5674.748        5282.7069       3538.5678       -28.073836      -10.742882      -7.2862194      -7.4274355     
0.63625         5277.9029       5663.9176       5278.8561       3540.6627       -27.722661      -10.457068      -7.0317309      -7.2042303     
0.6375          5266.5308       5653.4209       5274.8998       3542.6553       -27.602183      -10.390867      -6.980372       -7.1567189     
0.63875         5255.8574       5643.1409       5270.3623       3543.649        -27.403446      -10.243741      -6.850166       -7.0387986     
0.64            5244.2083       5632.1546       5265.6768       3543.6192       -27.258284      -10.143352      -6.7467141      -6.9257466     
0.64133333      5224.6308       5609.9151       5251.542        3537.5658       -27.188594      -10.079323      -6.678605       -6.8468617     
0.64257778      5219.6789       5609.9441       5257.1441       3545.1724       -26.982901      -9.9687166      -6.5919785      -6.7761299     
0.64382222      5211.1116       5602.365        5255.221        3548.3705       -26.923913      -9.9596312      -6.5701244      -6.7319693     
0.64497778      5205.4923       5601.9307       5259.9844       3555.9059       -26.863626      -10.020611      -6.6258933      -6.7463795     
0.64613333      5194.4173       5591.0015       5254.4099       3557.2234       -26.923825      -10.138757      -6.7148012      -6.7653938     
0.64728889      5178.0439       5574.7791       5244.6248       3556.5392       -26.883807      -10.167472      -6.7268857      -6.7113639     
0.64844444      5163.165        5560.2424       5236.3264       3556.665        -26.932734      -10.268707      -6.797662       -6.7144803     
0.6496          5149.3149       5546.8345       5229.0601       3556.9795       -26.860027      -10.2538        -6.7823636      -6.6552828     
0.65075556      5135.4652       5533.4844       5221.6453       3558.1667       -26.918121      -10.356092      -6.8803884      -6.7111739     
0.65191111      5121.1271       5519.7777       5213.9151       3559.3655       -26.934931      -10.408733      -6.928991       -6.7235989     
0.65306667      5106.0524       5505.7312       5205.6879       3560.5729       -26.840324      -10.344179      -6.8726682      -6.6422375     
0.65422222      5090.9449       5491.5228       5196.4265       3561.6034       -26.986465      -10.506632      -7.0350439      -6.7656794     
0.65537778      5076.0146       5477.5663       5186.9869       3562.9027       -27.071889      -10.604648      -7.1411213      -6.8481234     
0.65653333      5060.9486       5463.366        5177.45         3565.3404       -27.100429      -10.645416      -7.1933672      -6.8912748     
0.65768889      5046.0271       5449.2488       5167.9516       3570.0783       -27.010891      -10.564702      -7.1283875      -6.8265059     
0.65884444      5030.6166       5434.5735       5158.0531       3574.9178       -27.058401      -10.613853      -7.1933475      -6.889159      
0.66            5015.3759       5419.9986       5148.267        3579.0406       -27.089435      -10.6425        -7.2365012      -6.9419106     
0.66117647      4997.8431       5402.0136       5135.2755       3580.3145       -27.183408      -10.712084      -7.3215572      -7.0461204     
0.66235294      4981.667        5386.2923       5124.4237       3582.2833       -27.127149      -10.648539      -7.2733897      -7.0134651     
0.66352941      4966.5369       5371.5212       5115.0409       3583.8131       -27.099142      -10.63082       -7.2697005      -7.0198771     
0.66470588      4951.2489       5356.0856       5105.436        3584.2398       -27.064099      -10.613827      -7.2661791      -7.0299977     
0.66588235      4934.8607       5339.8346       5094.8521       3583.8779       -27.070366      -10.629734      -7.2972177      -7.0751356     
0.66705882      4917.3075       5322.4068       5083.2416       3582.6124       -27.085014      -10.637238      -7.3135477      -7.0907541     
0.66823529      4900.2504       5305.3635       5071.7721       3581.1663       -27.083793      -10.61731       -7.3046404      -7.0914974     
0.66941176      4882.5348       5287.626        5059.5296       3579.4022       -27.125658      -10.642496      -7.3395172      -7.134928      
0.67073529      4852.3238       5251.1035       5029.7543       3566.6553       -27.224627      -10.626963      -7.3375308      -7.142964      
0.67205882      4831.4585       5231.3687       5016.523        3565.1675       -27.319329      -10.702733      -7.4263939      -7.244365      
0.67338235      4814.3524       5215.0323       5005.6249       3564.7517       -27.467538      -10.848322      -7.5790055      -7.4006634     
0.67470588      4797.5846       5197.1953       4993.0068       3563.1415       -27.422814      -10.838921      -7.5914941      -7.4432516     
0.67602941      4779.6783       5178.0216       4978.8242       3560.4943       -27.366261      -10.818643      -7.5915405      -7.4556643     
0.67735294      4759.9011       5157.5394       4963.342        3557.2815       -27.394035      -10.885374      -7.676635       -7.551654      
0.67867647      4740.5825       5136.9071       4947.3588       3553.0716       -27.410735      -10.942771      -7.7545141      -7.6501025     
0.68            4719.5619       5114.961        4930.1781       3548.2137       -27.42828       -11.007439      -7.8379093      -7.7486847     
0.68133333      4698.1259       5091.7175       4911.4586       3542.2015       -27.403503      -11.031731      -7.8858388      -7.8183053     
0.68266667      4677.0715       5069.3887       4893.4498       3536.7062       -27.345049      -11.028443      -7.9043264      -7.8571937     
0.684           4656.5542       5047.3581       4875.3958       3530.858        -27.281387      -11.033252      -7.935678       -7.9173068     
0.68533333      4636.0595       5025.217        4856.9936       3523.8937       -27.193442      -11.017505      -7.9385766      -7.9305104     
0.68666667      4616.3372       5003.6798       4838.8295       3516.5339       -27.151411      -11.056164      -8.0095036      -8.036345      
0.688           4596.5378       4981.9327       4820.3146       3509.0276       -27.023995      -11.007978      -7.9927648      -8.0549844     
0.68933333      4578.1811       4960.849        4802.0357       3501.5073       -27.02078       -11.088159      -8.1004876      -8.1844        
0.69066667      4559.6869       4940.0665       4783.8539       3494.0406       -26.927284      -11.081681      -8.1260753      -8.2467648     
0.692           4540.4293       4918.9417       4765.2221       3486.2443       -26.78637       -11.031812      -8.1092204      -8.2657968     
0.69333333      4522.3402       4898.1711       4746.5516       3478.3688       -26.613438      -10.950443      -8.0626315      -8.2570685     
0.69466667      4503.845        4877.4367       4727.7482       3470.4131       -26.433337      -10.861443      -8.0093735      -8.2463342     
0.696           4486.3608       4857.0906       4709.0332       3462.7932       -26.29453       -10.81168       -7.9911186      -8.2632274     
0.69733333      4469.3828       4837.3839       4690.7084       3455.4199       -26.218826      -10.823511      -8.0330851      -8.3355915     
0.69866667      4452.9548       4818.1757       4672.6379       3448.1037       -26.101847      -10.791611      -8.0328911      -8.3673143     
0.7             4436.8661       4799.4925       4654.8253       3440.9249       -25.903438      -10.678465      -7.9532899      -8.3249901     
0.70133333      4421.835        4781.0433       4637.3503       3433.761        -25.716151      -10.575368      -7.8838984      -8.2914262     
0.70266667      4406.9659       4762.5753       4619.8255       3426.4217       -25.558566      -10.500517      -7.8412505      -8.2824764     
0.704           4392.2521       4744.7187       4602.5077       3418.9492       -25.388538      -10.411766      -7.7851107      -8.2610193     
0.70533333      4378.6201       4727.3356       4585.6947       3411.5449       -25.159113      -10.262123      -7.6683945      -8.1789292     
0.70666667      4365.4259       4710.9611       4569.3712       3404.0962       -24.932569      -10.114994      -7.5553999      -8.1011374     
0.708           4352.8097       4695.7203       4553.7841       3396.6972       -24.785941      -10.045675      -7.5153171      -8.0845262     
0.70933333      4340.9919       4681.2338       4538.9064       3389.4772       -24.642561      -9.9810191      -7.4802372      -8.0752534     
0.71066667      4329.8984       4667.3511       4524.6334       3382.5278       -24.480165      -9.8989303      -7.4267729      -8.0452995     
0.712           4319.6098       4654.2424       4511.0655       3375.6498       -24.318135      -9.8246363      -7.380454       -8.0205912     
0.71333333      4309.6695       4641.5022       4497.885        3368.6519       -24.158875      -9.7642257      -7.3488415      -8.0095003     
0.71466667      4300.0294       4629.0872       4485.2097       3361.4513       -23.965719      -9.6707151      -7.2860596      -7.9699595     
0.716           4291.1323       4617.4491       4473.0857       3354.7429       -23.773678      -9.5633481      -7.2087067      -7.9150981     
0.71733333      4282.7748       4606.4151       4461.4541       3348.2631       -23.623586      -9.4819477      -7.1520425      -7.8764901     
0.71866667      4274.9031       4595.8883       4450.1011       3341.9733       -23.517805      -9.4412751      -7.1328945      -7.8703537     
0.72            4267.5551       4585.9806       4439.0901       3335.7586       -23.44789       -9.4412833      -7.1566128      -7.9112252     
0.72142857      4255.3372       4568.2379       4420.3401       3324.229        -23.361449      -9.3976983      -7.1391518      -7.9037358     
0.72285714      4247.9753       4558.851        4409.4014       3318.4122       -23.197648      -9.3068216      -7.0741571      -7.8593792     
0.72428571      4244.5702       4553.3772       4401.8107       3314.3604       -22.945188      -9.1347894      -6.9235928      -7.7253639     
0.72571429      4240.3933       4547.1227       4393.5986       3309.7948       -22.820597      -9.0938452      -6.9032244      -7.7172945     
0.72714286      4236.5764       4541.2272       4385.7256       3305.2706       -22.649983      -9.0065458      -6.8364787      -7.6628984     
0.72857143      4232.9334       4535.5441       4378.0889       3300.6605       -22.500924      -8.9369902      -6.7863346      -7.6219969     
0.73            4229.3916       4530.0631       4370.891        3295.8109       -22.323293      -8.835237       -6.7015944      -7.5454906     
0.73142857      4226.4321       4525.2024       4364.1307       3291.4846       -22.093563      -8.6811195      -6.5636633      -7.4130571     
0.73285714      4224.0795       4520.9881       4358.0114       3287.3888       -21.976112      -8.6379076      -6.5342994      -7.3889794     
0.73428571      4222.6415       4517.7345       4352.775        3283.7289       -21.851357      -8.5869816      -6.4959691      -7.358442      
0.73571429      4221.7806       4515.1587       4348.2463       3280.3972       -21.727865      -8.5354743      -6.4563646      -7.3248074     
0.73714286      4221.4482       4513.1872       4344.3493       3277.4113       -21.491862      -8.3711316      -6.3045633      -7.1806662     
0.73857143      4221.6543       4511.7663       4341.0535       3274.4853       -21.427777      -8.3752193      -6.3141485      -7.1844765     
0.74            4222.293        4510.8683       4338.2449       3272.2612       -21.359071      -8.3749918      -6.3214822      -7.1888854     
0.74153846      4217.7268       4501.8521       4328.0928       3264.9113       -21.214328      -8.2664041      -6.2304284      -7.0946943     
0.74307692      4218.2758       4501.6718       4326.4443       3263.6206       -20.972825      -8.0843205      -6.0575312      -6.9247875     
0.74461538      4221.9203       4504.5414       4327.3029       3264.0582       -20.910008      -8.0922609      -6.073794       -6.9393256     
0.74615385      4224.573        4506.4548       4327.6347       3265.1028       -20.799183      -8.0501278      -6.0408212      -6.9022326     
0.74769231      4227.0033       4508.1758       4327.9305       3265.228        -20.601121      -7.9235497      -5.9259636      -6.7844104     
0.74923077      4228.7291       4509.3362       4327.9425       3264.5179       -20.508971      -7.9028731      -5.9147653      -6.76506       
0.75076923      4230.0499       4510.2141       4327.8892       3263.6888       -20.435372      -7.8822199      -5.903652       -6.7426264     
0.75230769      4231.2175       4511.0749       4328.0398       3263.0616       -20.297232      -7.781849       -5.8152411      -6.6450982     
0.75384615      4232.53         4512.1676       4328.5197       3262.5375       -20.278718      -7.7957539      -5.8380205      -6.6494342     
0.75538462      4233.7126       4513.2449       4329.1452       3262.1701       -20.222364      -7.7736942      -5.8283979      -6.6286589     
0.75692308      4234.9438       4514.4358       4330.0313       3262.0461       -20.086669      -7.6733751      -5.7424003      -6.5336458     
0.75846154      4236.2467       4515.7473       4331.1458       3262.073        -20.022688      -7.6440639      -5.7289002      -6.5137407     
0.76            4237.5121       4517.0923       4332.4595       3262.2994       -19.990378      -7.645402       -5.7458726      -6.5211044     
0.76153846      4238.953        4518.6765       4334.1527       3262.8795       -19.861343      -7.5507548      -5.6665506      -6.4292387     
0.76307692      4240.7503       4520.597        4336.2522       3263.7513       -19.863059      -7.5857388      -5.7185397      -6.4713536     
0.76461538      4242.2815       4522.3456       4338.3389       3264.7812       -19.802624      -7.5554682      -5.7038827      -6.4414356     
0.76615385      4243.6799       4524.2154       4340.7256       3266.0638       -19.568171      -7.3513725      -5.5212402      -6.2504181     
0.76769231      4245.2186       4526.1527       4343.2766       3267.4669       -19.478303      -7.2873761      -5.475094       -6.1878974     
0.76923077      4246.6881       4528.0898       4345.9216       3269.11         -19.449685      -7.2844766      -5.4942644      -6.1999037     
0.77076923      4247.97         4529.8816       4348.5822       3270.8677       -19.457935      -7.3150014      -5.5395736      -6.2311991     
0.77230769      4249.2538       4531.7334       4351.4374       3272.8783       -19.385515      -7.2609087      -5.4937491      -6.1591604     
0.77384615      4250.4288       4533.4722       4354.3107       3275.0076       -19.222739      -7.1136638      -5.3602307      -6.0062377     
0.77538462      4251.25         4534.9247       4357.0166       3277.1168       -19.219057      -7.1192016      -5.3713575      -5.9897646     
0.77692308      4251.9545       4536.3029       4359.8022       3279.4943       -19.042786      -6.9498449      -5.2021357      -5.7949147     
0.77846154      4252.1073       4537.2058       4362.3019       3281.7836       -18.974303      -6.8859922      -5.1384648      -5.703158      
0.78            4252.0611       4537.918        4364.7157       3284.1114       -18.847018      -6.7624687      -5.0196503      -5.5663178     
0.78166667      4246.6862       4530.1949       4359.4715       3281.2534       -18.794323      -6.6883262      -4.9548355      -5.4765778     
0.78333333      4245.5368       4530.5777       4362.1772       3284.2549       -18.954958      -6.8374476      -5.092201       -5.5671463     
0.785           4247.2187       4533.6168       4367.0369       3288.6197       -18.971401      -6.8539902      -5.1135506      -5.5712665     
0.78666667      4247.49         4535.1534       4370.7659       3292.4309       -18.83507       -6.7204281      -4.9796155      -5.3975987     
0.78833333      4247.3702       4536.1151       4373.9633       3295.8564       -19.063704      -6.9515409      -5.2018023      -5.5641038     
0.79            4246.5119       4536.2476       4376.5032       3299.0422       -19.287498      -7.1760878      -5.4270171      -5.7549724     
0.79166667      4245.7376       4536.3535       4379.0313       3302.3776       -19.399322      -7.2917073      -5.5470295      -5.8375451     
0.79333333      4244.6117       4536.0837       4381.2836       3305.7902       -19.241069      -7.1337796      -5.3983113      -5.6611488     
0.795           4243.1757       4535.4551       4383.1518       3309.1264       -19.162792      -7.0551461      -5.3294125      -5.5663919     
0.79666667      4241.3381       4534.4947       4384.7798       3312.4266       -19.202137      -7.09251        -5.3763698      -5.5870463     
0.79833333      4239.3595       4533.2968       4386.1722       3315.7756       -19.122265      -7.0112712      -5.3056215      -5.4960373     
0.8             4236.9504       4531.6813       4387.179        3319.0285       -19.182966      -7.0699755      -5.3727516      -5.5396884     
0.80166667      4234.3384       4529.7709       4387.8972       3322.3114       -19.11017       -6.9960123      -5.309038       -5.4582686     
0.80333333      4231.3949       4527.5074       4388.2685       3325.4827       -19.091784      -6.9775589      -5.2997976      -5.4297161     
0.805           4228.2565       4524.9637       4388.343        3328.6078       -19.040594      -6.9259517      -5.2585331      -5.3759098     
0.80666667      4224.7968       4522.0679       4387.9457       3331.6544       -19.010842      -6.89739        -5.2401926      -5.34702       
0.80833333      4220.9307       4518.73         4386.8829       3334.4891       -19.080708      -6.9700279      -5.3230334      -5.4193593     
0.81            4216.7332       4515.0264       4385.4904       3337.1971       -19.130182      -7.0208306      -5.3805105      -5.4635212     
0.81166667      4212.4285       4511.1429       4383.9621       3339.9267       -19.04084       -6.9334245      -5.3022841      -5.3777894     
0.81333333      4207.7597       4506.8411       4382.0258       3342.4777       -19.116764      -7.0123062      -5.3876811      -5.4530387     
0.815           4202.7518       4502.1599       4379.72         3344.9197       -19.156492      -7.057579       -5.4405683      -5.4975615     
0.81666667      4197.4632       4497.1477       4377.119        3347.2648       -19.135193      -7.0420816      -5.4303368      -5.4733578     
0.81833333      4192.0111       4491.8983       4374.3834       3349.5232       -19.120129      -7.0339593      -5.4258264      -5.4511672     
0.82            4186.3391       4486.3389       4371.9194       3351.6321       -19.047787      -6.9680816      -5.3710942      -5.4219818     
0.82166667      4180.4366       4480.501        4369.3327       3353.5621       -19.040362      -6.9711054      -5.3782331      -5.4164914     
0.82333333      4174.3778       4474.437        4366.4444       3355.3482       -18.963135      -6.9031716      -5.3158345      -5.3587164     
0.825           4168.1838       4468.1272       4363.2876       3356.9495       -18.939163      -6.8913569      -5.3046013      -5.3270728     
0.82666667      4161.793        4461.579        4359.8471       3358.4198       -18.965486      -6.9310463      -5.3472578      -5.3486467     
0.82833333      4155.4489       4454.9693       4356.2056       3359.8222       -18.958814      -6.9384432      -5.3607273      -5.3554287     
0.83            4148.6287       4447.8719       4352.0931       3360.9965       -18.96683       -6.9599108      -5.3892259      -5.3807721     
0.83166667      4142.0379       4440.8848       4348.0191       3362.0516       -18.944361      -6.9518748      -5.388119       -5.3818376     
0.83333333      4135.0718       4433.5075       4343.5393       3362.8556       -18.918547      -6.9389551      -5.3826409      -5.3852861     
0.835           4128.4266       4426.3114       4339.1418       3363.6634       -18.855364      -6.8905583      -5.3422639      -5.3607328     
0.83666667      4121.6195       4418.9249       4334.497        3364.3974       -18.726862      -6.7759942      -5.2343083      -5.2683638     
0.83833333      4114.9648       4411.6111       4329.8375       3365.0699       -18.72616       -6.7908519      -5.2553499      -5.3095808     
0.84            4108.0393       4404.022        4324.9564       3365.5405       -18.658015      -6.7364416      -5.2045141      -5.2769753     
0.84166667      4101.3927       4396.6117       4320.1299       3365.9354       -18.568402      -6.6635755      -5.1354746      -5.2307582     
0.84333333      4094.5131       4388.9173       4314.9465       3365.9185       -18.450888      -6.5630948      -5.038328       -5.1585183     
0.845           4087.7119       4381.2425       4309.6515       3365.6639       -18.348056      -6.478547       -4.9517326      -5.0982043     
0.84666667      4080.9216       4373.4941       4304.1976       3364.8848       -18.228884      -6.3795365      -4.8551663      -5.0257552     
0.84833333      4074.4461       4366.0156       4298.8962       3363.1119       -18.164727      -6.3358162      -4.8130764      -5.0077096     
0.85            4068.1657       4358.6955       4293.6687       3361.2461       -18.120832      -6.3126157      -4.7896228      -5.0067592     
0.85166667      4062.1172       4351.5813       4288.5509       3359.5497       -17.993976      -6.2080321      -4.6869931      -4.9335664     
0.85333333      4056.25         4344.5942       4283.4586       3357.9024       -17.924412      -6.1603299      -4.6394059      -4.9108748     
0.855           4050.5639       4337.762        4278.4027       3356.3225       -17.876526      -6.1334569      -4.6112414      -4.9054712     
0.85666667      4045.0384       4331.0751       4273.3958       3355.6133       -17.780571      -6.058626       -4.5354366      -4.8549492     
0.85833333      4039.7218       4324.5808       4268.4851       3355.3617       -17.678087      -5.9813592      -4.4549156      -4.7957742     
0.86            4034.6648       4318.271        4263.6687       3355.1831       -17.587024      -5.9159451      -4.3849831      -4.7441282     
0.86166667      4029.8454       4312.2119       4258.98         3355.0631       -17.42636       -5.7799687      -4.2434519      -4.6218228     
0.86333333      4025.2007       4306.3369       4254.3511       3354.9053       -17.267221      -5.6573958      -4.1146732      -4.5073556     
0.865           4020.686        4300.5782       4249.7172       3354.6438       -17.093403      -5.5196686      -3.9721555      -4.3818052     
0.86666667      4016.4113       4295.0708       4245.2346       3354.4257       -16.940923      -5.396509       -3.8420599      -4.2673808     
0.86833333      4012.3736       4289.8011       4240.8626       3354.1994       -16.782472      -5.2664881      -3.7073027      -4.1509287     
0.87            4008.4886       4284.6603       4236.5176       3353.9231       -16.610938      -5.1213699      -3.5554812      -4.0154234     
0.87166667      4004.9079       4279.795        4232.3203       3353.6589       -16.479612      -5.0161287      -3.4434889      -3.9182467     
0.87333333      4001.5567       4275.1466       4228.2561       3353.4146       -16.326577      -4.8889318      -3.3088785      -3.8014406     
0.875           3998.4295       4270.8166       4224.4096       3353.2574       -16.141113      -4.7285673      -3.1395673      -3.6477626     
0.87666667      3995.6575       4266.839        4220.8199       3353.1756       -15.978601      -4.5928145      -2.9962596      -3.5183904     
0.87833333      3993.0717       4263.1205       4217.4474       3353.1519       -15.837491      -4.4759391      -2.8676496      -3.4053562     
0.88            3990.9527       4259.8431       4214.4286       3353.2937       -15.643057      -4.3078624      -2.6896755      -3.2402828     
0.88166667      3988.5879       4256.3763       4211.2249       3353.2193       -15.653052      -4.1551958      -2.5151955      -3.0824279     
0.88333333      3986.5121       4253.2055       4208.2592       3353.1894       -15.841265      -4.0150707      -2.3389348      -2.9191465     
0.885           3984.409        4250.1097       4205.3505       3353.1225       -16.154203      -3.9065907      -2.1967192      -2.7900223     
0.88666667      3982.3911       4247.1019       4202.5404       3353.1007       -16.535279      -3.8287667      -2.0650992      -2.6693257     
0.88833333      3980.7316       4244.4826       4200.0547       3353.257        -16.738676      -3.724547       -1.8664616      -2.4709429     
0.89            3979.0711       4241.8947       4197.5982       3353.3916       -16.958265      -3.6830861      -1.6350492      -2.2312703     
0.89166667      3977.5923       4239.5465       4195.3542       3353.6543       -16.924466      -3.6524031      -1.4630906      -2.0426665     
0.89333333      3976.246        4237.283        4193.1982       3353.9425       -16.864759      -3.6069145      -1.2764058      -1.8388306     
0.895           3974.9936       4235.1585       4191.181        3354.2913       -16.76062       -3.5377408      -1.0967257      -1.6386035     
0.89666667      3973.9234       4233.2589       4189.357        3354.7032       -16.595198      -3.4144529      -0.88259178     -1.4053983     
0.89833333      3973.3112       4231.8254       4187.9568       3355.2602       -16.440681      -3.3086339      -0.70419889     -1.2138258     
0.9             3972.2129       4229.99         4186.2284       3355.5805       -16.291788      -3.2188128      -0.55637962     -1.0526717     
0.90166667      3971.3057       4228.3135       4184.6749       3356.0228       -16.160008      -3.1440032      -0.40767089     -0.88933427    
0.90333333      3970.0724       4226.4425       4182.9323       3356.3123       -16.280547      -3.2803384      -0.35346076     -0.80160766    
0.905           3968.8467       4224.7468       4181.3651       3356.7703       -16.232044      -3.2784763      -0.17486057     -0.57068661    
0.90666667      3967.6039       4223.0273       4179.7797       3357.2351       -16.189938      -3.3065769      -0.030060744    -0.39462273    
0.90833333      3966.3604       4221.2646       4178.2141       3357.8655       -16.171548      -3.3766541      0.070491576     -0.25047608    
0.91            3965.153        4219.6069       4176.7716       3358.6585       -15.970133      -3.2829263      0.32518405      0.044512548    
0.91166667      3963.8662       4217.8791       4175.2836       3359.3427       -15.984314      -3.4209569      0.32857639      0.11181191     
0.91333333      3962.7596       4216.3197       4173.9792       3360.2235       -15.630445      -3.2118216      0.61585977      0.41462829     
0.915           3961.7103       4214.7086       4172.6779       3361.0858       -15.429877      -3.1462359      0.78724109      0.62009555     
0.91666667      3960.6802       4213.1864       4171.4533       3362.1474       -15.214497      -3.0596338      0.97568961      0.84569874     
0.91833333      3959.6328       4211.7668       4170.3479       3363.2092       -14.991608      -2.9561719      1.1705949       1.0705352      
0.92            3958.3974       4210.1814       4169.131        3364.147        -14.777117      -2.8559976      1.3581598       1.2938619      
0.92166667      3957.1621       4208.6216       4167.9726       3364.9418       -14.565663      -2.7535852      1.5448717       1.515352       
0.92333333      3955.8533       4207.0028       4166.7818       3365.5682       -14.386306      -2.6777206      1.6946026       1.7014402      
0.925           3954.6665       4205.5032       4165.7286       3366.2908       -14.215876      -2.6029064      1.8419662       1.8873907      
0.92666667      3953.261        4203.813        4164.5514       3366.9537       -13.984978      -2.4595241      2.0475602       2.1293944      
0.92833333      3951.7285       4202.0151       4163.3549       3367.5787       -13.77945       -2.3339038      2.2280387       2.3437803      
0.93            3949.9754       4200.0334       4162.135        3368.1486       -13.589965      -2.2175178      2.3876339       2.5354645      
0.93166667      3948.3114       4198.1303       4161.0518       3368.7903       -13.340538      -2.0340693      2.6066515       2.7839402      
0.93333333      3946.47         4196.0715       4159.8772       3369.3635       -13.123554      -1.8734333      2.7987063       3.0104818      
0.935           3944.6282       4194.0087       4158.7211       3369.9904       -12.833294      -1.6339544      3.0596953       3.2974706      
0.93666667      3942.6505       4191.8176       4157.4509       3370.5719       -12.620597      -1.4627061      3.2501157       3.5184157      
0.93833333      3940.6787       4189.6319       4156.2552       3371.118        -12.395588      -1.2724285      3.4535927       3.7496429      
0.94            3938.6436       4187.4006       4155.0227       3371.6518       -12.14173       -1.0455911      3.6948133       4.0200279      
0.94166667      3936.5615       4185.0899       4153.7336       3372.1309       -11.91041       -0.8366061      3.9143854       4.2695277      
0.94333333      3934.3465       4182.6668       4152.3578       3372.628        -11.713936      -0.66007105     4.101332        4.4876819      
0.945           3932.0504       4180.1621       4150.9512       3373.0072       -11.527738      -0.49126386     4.2748309       4.6877383      
0.94666667      3929.6977       4177.6151       4149.54         3373.2035       -11.29316       -0.2731727      4.4942926       4.9313908      
0.94833333      3927.2848       4175.0005       4148.0571       3373.2963       -11.077808      -0.073771524    4.6902442       5.1520079      
0.95            3924.7833       4172.3052       4146.5067       3373.2754       -10.822604      0.16734917      4.9282615       5.4167003      
0.95166667      3922.2355       4169.5543       4144.8813       3372.7937       -10.582942      0.39319675      5.1482685       5.6598494      
0.95333333      3919.562        4166.7132       4143.1732       3371.804        -10.327942      0.63620832      5.385945        5.9187755      
0.955           3916.8289       4163.8491       4141.3832       3370.7422       -10.043946      0.90869512      5.65305         6.2058331      
0.95666667      3913.9909       4160.8884       4139.4823       3369.7256       -9.7626524      1.1792673       5.9193757       6.4921106      
0.95833333      3911.1522       4157.9026       4137.5084       3368.6962       -9.5401454      1.3907591       6.1272025       6.7168561      
0.96            3908.2746       4154.8593       4135.4614       3367.953        -9.3067289      1.6130226       6.346471        6.9510224      
0.96166667      3905.171        4151.5832       4133.1982       3367.9235       -9.0833423      1.8263908       6.5587805       7.1760888      
0.96333333      3902.3789       4148.5888       4131.12         3368.2649       -8.7932298      2.1083574       6.8444524       7.4711638      
0.965           3899.1336       4145.2179       4128.718        3368.3803       -8.559104       2.3307932       7.0704511       7.7080409      
0.96666667      3896.2048       4142.0832       4126.4232       3368.593        -8.3368976      2.5427814       7.2907234       7.9442069      
0.96833333      3893.0096       4138.7504       4123.9723       3368.7036       -8.1267244      2.7397017       7.496479        8.1586832      
0.97            3890.0177       4135.5554       4121.5413       3368.8682       -7.8470195      3.0083682       7.77811         8.4506827      
0.97166667      3886.8234       4132.1918       4118.96         3368.9604       -7.5331237      3.3101538       8.0942782       8.772485       
0.97333333      3883.7178       4128.8726       4116.3927       3369.0307       -7.2636787      3.5669395       8.3674937       9.0493346      
0.975           3880.5517       4125.46         4113.7023       3369.0083       -7.0617231      3.7565015       8.5772601       9.2638061      
0.97666667      3877.4116       4122.0643       4110.9628       3368.9551       -6.8638921      3.9405349       8.7824965       9.4692023      
0.97833333      3874.1976       4118.6054       4108.1519       3368.8853       -6.5955259      4.1954457       9.0628723       9.7524764      
0.98            3871.004        4115.1669       4105.3174       3368.7984       -6.312104       4.4639555       9.3585982       10.048902      
0.98166667      3867.734        4111.6671       4102.3997       3368.6477       -6.0758366      4.6838115       9.6073493       10.297848      
0.98333333      3864.5287       4108.2193       4099.4939       3368.5075       -5.8176893      4.9254408       9.8796086       10.571918      
0.985           3861.3228       4104.7681       4096.5365       3368.3264       -5.5731026      5.1516237       10.138192       10.829379      
0.98666667      3858.0632       4101.2505       4093.3626       3368.1038       -5.3274001      5.3779499       10.399221       11.088114      
0.98833333      3854.8971       4097.8308       4090.1809       3367.886        -5.0613946      5.62385         10.681505       11.366528      
0.99            3851.754        4094.4269       4087.0204       3367.479        -4.7450049      5.9194236       11.015392       11.694739      
0.99166667      3848.6174       4091.0163       4083.849        3366.9234       -4.4612156      6.1821948       11.317031       11.987714      
0.99333333      3845.5249       4087.6453       4080.7435       3366.3991       -4.1913227      6.4311367       11.607314       12.270446      
0.995           3842.319        4084.1766       4077.5675       3365.8636       -3.9653496      6.6353248       11.854214       12.50706       
0.99666667      3839.1587       4080.7366       4074.4524       3365.4611       -3.7062305      6.8714114       12.133506       12.771642      
0.99833333      3836.0747       4077.3849       4071.5952       3365.1599       -3.4179118      7.1366218       12.444016       13.068039      
1               3832.872        4073.9087       4068.7627       3364.8647       -3.0521917      7.4784903       12.831315       13.437972      
1.0016667       3830.0784       4070.8103       4066.2844       3364.7249       -2.7842159      7.7197961       13.116895       13.70479       
1.0033333       3826.7985       4067.2449       4063.409        3364.4232       -2.452484       8.0262721       13.472586       14.034912      
1.005           3823.894        4064.0209       4060.8127       3364.1801       -2.1227678      8.3288363       13.824243       14.362788      
1.0066667       3820.8375       4060.6576       4058.084        3363.8316       -1.8367443      8.5871216       14.136233       14.650551      
1.0083333       3817.9511       4057.4372       4055.4629       3363.5661       -1.4945875      8.9012255       14.505771       14.999025      
1.01            3815.068        4054.2264       4052.8138       3363.2986       -1.1957778      9.1723772       14.833198       15.303161      
1.0116667       3812.115        4050.9764       4050.1589       3362.9675       -0.83511676     9.506344        15.219995       15.658655      
1.0133333       3809.2972       4047.8151       4047.5516       3362.6633       -0.5344041      9.7820136       15.549981       15.959978      
1.015           3806.4622       4044.6638       4044.9746       3362.3593       -0.19466171     10.098939       15.916442       16.292623      
1.0166667       3803.7437       4041.6189       4042.4774       3362.0634       0.17842511      10.450871       16.32166        16.66903       
1.0183333       3801.0952       4038.6285       4040.0148       3361.6923       0.43342673      10.680968       16.604681       16.914721      
1.02            3798.3292       4035.5458       4037.4799       3361.3164       0.81547723      11.0397         17.014267       17.288579      
1.0216667       3795.7606       4032.5745       4035.04         3360.8729       1.1568785       11.357085       17.381191       17.615577      
1.0233333       3793.1277       4029.5735       4032.5689       3360.31         1.5221682       11.700144       17.775674       17.968985      
1.025           3790.6334       4026.6861       4030.1795       3359.6917       1.7755552       11.932181       18.054895       18.204629      
1.0266667       3788.1378       4023.8445       4027.8316       3359.0766       2.1591634       12.296559       18.464777       18.577003      
1.0283333       3785.5302       4020.8989       4025.4104       3358.2527       2.5459161       12.66736        18.879369       18.952482      
1.03            3783.0629       4018.0837       4023.0774       3357.0725       2.8948867       13.003891       19.256408       19.2916        
1.0316667       3780.6755       4015.3739       4020.8409       3355.8472       3.2986536       13.39778        19.683768       19.675612      
1.0333333       3778.3295       4012.6436       4018.5741       3354.6519       3.7053067       13.796589       20.115696       20.069725      
1.035           3776.0406       4009.9776       4016.3798       3353.6003       4.1941384       14.276187       20.627676       20.538649      
1.0366667       3773.7797       4007.3411       4014.2008       3352.6336       4.6237431       14.695838       21.078574       20.950648      
1.0383333       3771.4185       4004.6367       4011.9735       3352.0816       5.1263864       15.18811        21.594973       21.434781      
1.04            3769.2597       4002.1114       4009.8724       3351.8304       5.4776044       15.530866       21.962088       21.764271      
1.0416667       3767.0173       3999.5123       4007.7349       3351.6246       6.0286432       16.072802       22.5302         22.291053      
1.0433333       3764.8997       3997.0113       4005.6918       3351.5322       6.6129484       16.648177       23.129552       22.849838      
1.045           3762.693        3994.4225       4003.5636       3351.3111       7.0552385       17.079576       23.582872       23.259017      
1.0466667       3760.56         3991.9202       4001.5066       3351.109        7.4727917       17.486806       24.012834       23.651029      
1.0483333       3758.5016       3989.4866       3999.5336       3351.0268       8.0085449       18.012915       24.559219       24.15795       
1.05            3756.5007       3987.117        3997.6114       3350.976        8.5595039       18.555433       25.121124       24.68549       
1.0516667       3754.4724       3984.7262       3995.6876       3350.9486       9.1558687       19.143402       25.726367       25.250655      
1.0533333       3752.3897       3982.298        3993.7422       3350.9289       9.8129776       19.794652       26.390417       25.864477      
1.055           3750.4587       3980.0071       3991.9121       3350.9727       10.496412       20.472936       27.079542       26.519172      
1.0566667       3748.4641       3977.6686       3990.0494       3350.9884       11.160068       21.133105       27.746688       27.143427      
1.0583333       3746.4428       3975.3048       3988.1649       3350.9822       11.841763       21.814305       28.431786       27.796881      
1.06            3744.5206       3973.0512       3986.3798       3351.025        12.511016       22.484759       29.101105       28.428017      
1.0618182       3738.0309       3964.1007       3977.7463       3345.1534       13.496646       23.588843       30.184191       29.492209      
1.0636364       3736.326        3962.2347       3976.5305       3345.9821       14.041029       24.103337       30.683936       29.923576      
1.0654545       3735.6127       3961.568        3976.4071       3347.8008       15.36356        25.439315       32.014204       31.202715      
1.0672727       3734.1096       3960.0468       3975.3668       3348.5146       15.533699       25.606983       32.171506       31.315321      
1.0690909       3732.7487       3958.5243       3974.4257       3349.5745       17.158803       27.24328        33.784688       32.861286      
1.0709091       3730.8616       3956.3986       3972.7517       3349.6904       17.504625       27.605082       34.13822        33.164768      
1.0727273       3729.0633       3954.3643       3971.3437       3350.3462       19.163101       29.270452       35.777896       34.726954      
1.0745455       3727.0309       3952.022        3969.4629       3350.3327       19.723603       29.844676       36.346691       35.257256      
1.0763636       3725.0684       3949.8066       3967.9086       3350.8971       21.520044       31.642889       38.117373       36.930699      
1.0781818       3722.7788       3947.1935       3965.7928       3350.709        22.044402       32.18072        38.647814       37.405327      
1.08            3720.9752       3945.0965       3964.3256       3351.3151       23.865441       34.004316       40.442406       39.085363      
1.0818182       3718.7857       3942.58         3962.3191       3351.3032       24.722003       34.871651       41.294698       39.848027      
1.0836364       3716.8843       3940.3554       3960.722        3351.7607       26.415457       36.571371       42.970465       41.402426      
1.0854545       3714.795        3937.9541       3958.8572       3352.0085       27.829469       37.997809       44.384403       42.716792      
1.0872727       3712.7279       3935.5621       3957.0869       3352.3147       29.362623       39.537553       45.900789       44.103429      
1.0890909       3710.5775       3933.0818       3955.1745       3352.4903       30.691058       40.87535        47.22524        45.310855      
1.0909091       3708.4816       3930.6457       3953.3353       3352.758        32.194711       42.387533       48.720462       46.678175      
1.0927273       3706.4533       3928.2369       3951.5067       3353.048        33.747516       43.952131       50.269547       48.099958      
1.0945455       3704.4286       3925.8526       3949.7265       3353.4392       35.536091       45.753617       52.059087       49.769741      
1.0963636       3702.2284       3923.3771       3947.8723       3353.8209       37.416907       47.643723       53.941769       51.540496      
1.0981818       3700.0907       3920.9274       3946.0215       3354.1616       39.196408       49.428733       55.719201       53.217228      
1.1             3697.7162       3918.2902       3944.035        3354.5186       41.281583       51.524011       57.813913       55.22387       
1.1015385       3704.6047       3929.2177       3955.9959       3367.2797       42.799209       52.803492       59.14267        56.427875      
1.1030769       3701.7814       3925.7766       3952.8553       3365.8227       44.456283       54.543355       60.868887       58.031425      
1.1046154       3697.0797       3920.0742       3947.6886       3363.0109       46.462642       56.548887       62.853244       59.81851       
1.106014        3698.8931       3923.6333       3952.0845       3368.7927       48.020701       57.997249       64.34381        61.223411      
1.1074126       3695.3714       3919.237        3948.1069       3366.7172       49.885651       59.926086       66.253219       62.958917      
1.1088112       3690.9357       3913.8148       3943.2468       3364.1191       51.843203       61.908565       68.223527       64.760711      
1.1102098       3687.4007       3909.368        3939.3682       3362.4514       53.983992       64.092358       70.392865       66.71877       
1.1114336       3692.7186       3917.8382       3948.8929       3372.8921       55.2208         65.108691       71.483054       67.849919      
1.1126573       3689.6702       3914.0046       3945.4958       3371.3764       57.947501       67.923228       74.26255        70.428074      
1.1138811       3684.8306       3907.8656       3939.9479       3367.7983       59.260387       69.248987       75.581754       71.62483       
1.1151049       3682.1163       3903.6882       3936.4635       3366.3161       62.45115        72.483303       78.767122       74.544078      
1.1163287       3678.542        3900.2935       3932.8565       3364.5655       64.095413       74.152907       80.436146       76.043759      
1.1175524       3676.1398       3897.4633       3930.3221       3364.0346       66.881372       76.956311       83.207826       78.574641      
1.1187762       3673.9275       3894.6462       3927.9205       3363.532        69.103036       79.190732       85.432869       80.604231      
1.12            3672.024        3892.189        3925.8918       3363.4672       71.795606       81.890861       88.112          83.067305      
1.1211765       3672.5474       3893.3306       3927.6362       3366.9289       74.301455       84.331222       90.563481       85.412565      
1.1223529       3670.9255       3891.1777       3925.7658       3366.7955       77.030481       87.098966       93.301982       87.929591      
1.1235294       3668.5801       3888.2548       3923.2189       3366.1188       79.61548        89.7077         95.876372       90.312427      
1.1247059       3666.5277       3885.6573       3920.9569       3365.7526       82.362212       92.502163       98.632738       92.862571      
1.1258824       3664.7124       3883.3455       3918.9722       3365.5758       84.985915       95.16037        101.24251       95.272528      
1.1270588       3663.067        3881.2255       3917.1554       3365.622        87.855643       98.087914       104.10384       97.938951      
1.1282353       3661.3601       3879.1033       3915.3592       3365.7028       90.660303       100.97063       106.9133        100.5595       
1.1294118       3659.8664       3877.2149       3913.7749       3366.0294       93.828213       104.23088       110.08407       103.54203      
1.1305882       3658.3281       3875.2536       3912.1293       3366.2885       96.858661       107.369         113.09322       106.34492      
1.131634        3664.7546       3884.4948       3922.1477       3377.2918       98.92414        109.32059       114.99173       108.51453      
1.1326797       3662.6485       3882.0034       3919.9689       3376.9386       102.78454       113.3404        118.88767       112.10764      
1.1337255       3659.5333       3877.8484       3915.8354       3374.1876       104.56099       115.16161       120.64342       113.73535      
1.1347712       3656.9512       3874.522        3912.8357       3373.2491       108.91073       119.59218       124.98768       117.78719      
1.135817        3654.3035       3871.1201       3909.6193       3371.5621       110.75336       121.50463       126.85626       119.51257      
1.1366536       3669.9937       3893.0119       3932.9081       3395.1735       113.4311        123.70312       129.13288       122.43205      
1.1374902       3665.6772       3888.3669       3928.6309       3392.3219       115.67375       126.18429       131.61235       124.62511      
1.1383268       3661.9287       3882.8265       3922.8377       3387.5136       118.61891       129.18388       134.52836       127.51619      
1.1391634       3657.3235       3876.9646       3917.1238       3383.3109       121.40955       132.14243       137.50117       130.37996      
1.14            3654.1218       3872.681        3912.9895       3380.6121       124.28471       135.0607        140.35362       133.15923      
1.1407692       3658.035        3878.3744       3919.3792       3388.0691       126.63218       137.26578       142.54649       135.53848      
1.1415089       3658.7171       3879.6404       3921.0715       3390.7544       128.9801        139.63765       144.92905       137.98553      
1.1422201       3658.2659       3879.5098       3921.3383       3392.254        131.44194       142.05428       147.26327       140.29403      
1.1429039       3658.271        3879.7812       3921.9224       3393.7289       133.73886       144.36075       149.57761       142.77888      
1.1435878       3654.8088       3875.2195       3917.3798       3390.2859       136.35014       147.08313       152.24469       145.34943      
1.1441739       3663.8655       3888.9548       3932.7934       3406.6786       138.35895       148.65372       153.86242       147.46205      
1.1447601       3662.5923       3886.2632       3929.5708       3403.3136       140.21679       150.77129       155.95134       149.36686      
1.1453462       3656.2718       3878.6751       3922.2413       3397.3345       142.74673       153.36328       158.49728       151.95466      
1.1459324       3652.2929       3873.2898       3916.7814       3392.6987       145.06099       155.81623       160.91176       154.26631      
1.1465185       3648.7094       3868.6395       3912.2229       3389.1538       147.38632       158.1933        163.25836       156.52303      
1.1470802       3649.5323       3870.0525       3914.1536       3392.0232       149.65253       160.35228       165.39449       158.62634      
1.147642        3647.5718       3867.2323       3911.3143       3389.9485       151.831         162.62357       167.63545       160.72392      
1.1482037       3644.6235       3863.4861       3907.7135       3387.4932       154.15373       164.98823       169.96688       162.97889      
1.1487654       3642.6106       3860.6923       3904.9843       3385.7881       156.61884       167.51351       172.4488        165.30002      
1.1493272       3640.6266       3858.079        3902.5199       3384.4976       159.12328       170.05551       174.9505        167.62875      
1.1498889       3639.264        3856.1246       3900.6716       3383.7616       161.74919       172.70665       177.5474        169.91859      
1.1504506       3637.9745       3854.319        3898.9942       3383.2329       164.31057       175.27723       180.04259       172.01874      
1.1510123       3636.7572       3852.6391       3897.4503       3382.8404       166.75526       177.73327       182.42033       173.94609      
1.1515741       3635.7677       3851.1944       3896.0975       3382.5313       168.95189       179.93118       184.51241       175.45853      
1.1521358       3634.7388       3849.7412       3894.7297       3382.1837       170.85329       181.83259       186.29645       176.5961       
1.1526975       3633.7913       3848.4188       3893.5374       3382.1209       173.1745        184.14922       188.484         178.12479      
1.1532593       3633.0402       3847.2875       3892.4994       3382.1431       175.42572       186.40178       190.61592       179.62901      
1.153821        3632.2816       3846.1611       3891.4462       3382.0935       177.43787       188.40512       192.47614       180.91104      
1.1543827       3631.361        3844.9076       3890.2861       3381.9544       179.27813       190.22624       194.11562       182.02079      
1.1549444       3630.6332       3843.8341       3889.2758       3381.9211       181.19791       192.1472        195.87706       182.97175      
1.1555062       3629.8072       3842.6811       3888.1838       3381.7916       182.91679       193.84638       197.35966       184.2869       
1.1560679       3629.1517       3841.7044       3887.2632       3381.8109       184.79283       195.71144       199.01938       184.27076      
1.1566296       3628.2962       3840.5483       3886.1923       3381.774        186.68787       197.61288       200.76879       185.61506      
1.1571914       3627.7145       3839.659        3885.3641       3381.9339       188.81131       199.77238       202.85573       186.23127      
1.1577531       3626.7769       3838.4494       3884.2619       3381.8996       190.78329       201.77143       204.72866       186.7245       
1.1583148       3626.3898       3837.7496       3883.5754       3382.0909       192.76748       203.74838       206.47143       184.59947      
1.1588765       3625.6189       3836.6861       3882.5493       3381.9334       194.25302       205.20725       207.58614       183.30224      
1.1594383       3624.6866       3835.4998       3881.4536       3381.8798       196.14735       207.12632       209.33506       183.05959      
1.16            3623.8715       3834.4329       3880.4804       3381.9828       198.31546       209.33741       211.39256       182.25194      
1.160625        3616.0382       3823.1816       3868.129        3370.6464       201.18921       212.68664       214.64642       183.94121      
1.16125         3614.1794       3821.4788       3867.084        3371.7149       204.62995       216.04724       217.97121       185.12443      
1.1618966       3613.8789       3820.1691       3865.3912       3371.24         207.78247       219.40717       221.31122       187.56321      
1.1625431       3614.0377       3820.6106       3866.2573       3373.9022       210.96698       222.51899       224.33312       189.42197      
1.1632145       3612.8421       3818.4968       3863.9128       3372.9274       214.28416       226.07908       227.97681       192.45788      
1.1638859       3612.6922       3818.5946       3864.4374       3375.4541       218.09135       229.87449       231.75922       192.73155      
1.1645866       3611.1697       3816.0516       3861.6566       3374.1565       222.05807       234.15109       236.26232       197.57068      
1.1652872       3611.6427       3816.6925       3862.5965       3376.9649       226.33896       238.4645        240.68198       202.77129      
1.1659878       3612.5449       3817.7541       3863.8608       3379.8121       230.19116       242.43882       244.73512       208.05326      
1.1667253       3609.9443       3813.8993       3859.7265       3377.1862       234.34685       246.86651       249.2082        214.00324      
1.1674627       3609.01         3813.1998       3859.5055       3379.2541       238.84607       251.35494       253.76539       221.81193      
1.1682002       3610.439        3814.6418       3860.9243       3381.807        242.08417       254.68915       257.15527       228.2577       
1.1689869       3606.4486       3809.1337       3855.1706       3377.8926       246.76975       259.63563       262.2146        235.51498      
1.1697735       3606.5891       3809.4307       3855.7481       3380.3235       251.15908       263.97806       266.48335       240.46264      
1.1705602       3607.4709       3810.4326       3856.9149       3383.1135       255.23606       268.06512       270.51063       244.70624      
1.1713468       3608.1306       3811.2055       3857.8485       3385.6858       259.71086       272.56218       274.93959       249.16297      
1.1721335       3608.0132       3811.1444       3857.9437       3387.3197       263.45684       276.35068       278.87467       254.60906      
1.1729201       3607.9313       3811.0023       3857.8712       3388.6158       267.11071       280.05587       282.57278       259.54344      
1.1737068       3607.9298       3810.9133       3857.8668       3390.0439       271.41376       284.43686       286.98245       264.19534      
1.1746058       3598.6931       3798.3675       3844.7101       3379.0405       277.08866       290.58816       292.93729       269.88932      
1.1755049       3599.372        3799.0665       3845.5714       3381.5387       281.8234        295.16855       297.35502       274.48085      
1.1764039       3599.9586       3799.821        3846.5134       3384.205        285.43999       298.90416       300.96217       277.12706      
1.1773029       3600.3422       3800.4954       3847.3781       3386.6526       289.22563       302.71827       304.62384       279.38188      
1.1782019       3600.4509       3800.6951       3847.674        3388.4962       293.25497       306.83937       308.54082       281.43922      
1.179101        3600.2954       3800.5846       3847.6461       3389.9275       297.31136       310.93982       312.34997       283.37641      
1.18            3599.6764       3799.9405       3847.0818       3390.812        301.18308       314.90352       316.0773        285.32461      
1.1808696       3601.0872       3802.1113       3849.5136       3394.6212       305.0631        318.77319       319.74965       287.34824      
1.1817391       3600.3848       3801.2603       3848.6572       3394.9229       308.83813       322.68132       323.4035        289.1235       
1.1826522       3595.2221       3794.6927       3841.9436       3389.9483       313.32548       327.44649       327.93273       291.52017      
1.1835652       3594.9566       3794.2531       3841.6107       3391.1552       319.03539       333.21605       333.55081       295.43494      
1.1844783       3594.291        3793.4799       3840.9341       3392.0205       323.53778       337.78141       337.76303       296.81837      
1.1853913       3593.3859       3792.4874       3839.9907       3392.3395       327.0131        341.28545       340.95895       297.54342      
1.1863043       3592.2139       3791.1686       3838.6973       3392.3642       330.28138       344.59934       343.96431       298.21878      
1.1872174       3591.2068       3789.9802       3837.5013       3392.4448       333.56384       347.89392       346.91834       298.90803      
1.1881304       3589.9989       3788.59         3836.1349       3392.4471       337.01323       351.34775       349.99758       299.37248      
1.1890435       3589.1439       3787.5          3835.0084       3392.5687       340.51022       354.82511       352.98854       297.17302      
1.1900395       3583.2123       3779.1876       3826.19         3385.3855       344.93469       359.55687       357.21867       297.23189      
1.1910356       3582.2839       3778.2762       3825.4535       3386.1243       348.45463       362.8718        360.19235       298.29825      
1.1920316       3582.309        3778.1346       3825.1879       3387.0984       351.21143       365.63707       362.78205       300.03411      
1.1930277       3582.0775       3777.9439       3825.0397       3388.2756       354.61426       368.99155       365.97302       302.59938      
1.1940237       3581.802        3777.5344       3824.5688       3389.1362       358.2823        372.65985       369.27094       305.87032      
1.1950198       3580.8619       3776.5008       3823.5904       3389.6238       362.07961       376.52822       373.1964        311.17463      
1.1960158       3580.6464       3776.0862       3823.1107       3390.5529       366.68588       381.12387       377.85284       318.87813      
1.1970119       3579.8911       3775.2066       3822.3229       3391.3935       371.8819        386.45099       383.40199       328.11331      
1.1980079       3579.1285       3774.2646       3821.4456       3392.224        377.20214       391.79048       388.80026       338.33516      
1.199004        3578.2797       3773.2209       3820.4313       3392.7251       382.0663        396.72573       393.84991       347.31551      
1.2             3577.2061       3771.9142       3819.1141       3392.8463       386.35282       401.04459       398.30729       355.25997      
1.2010526       3572.9223       3766.0756       3813.0254       3388.4919       391.17344       406.04758       403.48091       363.53417      
1.2021053       3571.9876       3764.9647       3811.921        3388.7418       395.04517       409.81973       407.4376        369.48352      
1.2031579       3571.4284       3764.2317       3811.1083       3389.1691       398.2658        413.07858       410.85932       374.21438      
1.2042105       3570.8607       3763.5732       3810.4243       3389.7555       402.04926       416.77324       414.66569       379.04495      
1.2052632       3570.0254       3762.5286       3809.3112       3389.891        405.51085       420.22404       418.23325       383.70037      
1.2063158       3568.8859       3761.17         3807.8541       3389.547        408.44841       422.96763       421.04002       387.07423      
1.2074561       3563.7342       3753.964        3800.2043       3383.2806       412.2333        426.85932       424.9234        390.83982      
1.2085965       3562.281        3752.4393       3798.9462       3384.3227       418.1741        432.38842       430.47636       394.94968      
1.2097368       3563.0308       3753.1769       3799.6688       3386.4458       423.49603       437.57133       435.67576       397.94643      
1.2108772       3562.5726       3752.5924       3798.9333       3386.7424       426.47265       440.49716       438.75899       399.54913      
1.2120175       3561.5841       3751.4648       3797.7276       3386.6554       429.31654       443.32174       441.59639       401.12858      
1.2131579       3560.3444       3749.9644       3796.0312       3385.8202       431.2442        444.86051       443.20111       401.90519      
1.2142982       3559.2735       3748.6696       3794.6287       3385.4752       433.77135       448.03754       446.25202       404.31552      
1.2154386       3558.2934       3747.4557       3793.3204       3385.4005       437.67347       450.80957       449.18761       407.35168      
1.2165789       3556.6817       3745.5959       3791.4141       3384.7732       440.95022       453.49357       452.0269        410.80549      
1.2177193       3554.9929       3743.5989       3789.2376       3383.3692       442.60846       454.89076       453.53817       413.91301      
1.2188596       3553.325        3741.6259       3787.1447       3382.2167       444.5275        457.07644       455.83845       419.04239      
1.22            3552.1253       3740.0853       3785.3665       3381.0923       446.33055       458.48495       457.40673       423.77694      
1.2211111       3551.0137       3739.2672       3784.5498       3381.0465       447.08509       458.80237       457.90071       426.85784      
1.2222917       3547.1126       3733.5759       3778.2911       3375.2861       448.69104       460.53397       459.70164       431.08822      
1.2234722       3543.344        3729.56         3774.3835       3372.6809       449.20335       460.75353       460.00411       433.30602      
1.2246528       3542.199        3728.1243       3772.6356       3371.0166       448.3183        460.0249        459.39401       434.05791      
1.225749        3544.1776       3731.6129       3776.3422       3375.3072       448.39507       459.86876       459.26756       435.20345      
1.2269366       3541.1114       3726.3614       3770.4681       3370.1379       452.60304       464.34297       463.8699        440.93238      
1.2281242       3536.7538       3721.7927       3766.1907       3367.6583       454.24084       465.5233        465.06191       443.01607      
1.2293118       3536.3629       3721.1421       3765.3136       3367.1044       455.3282        466.54213       466.23077       444.71143      
1.2304993       3535.0289       3719.5896       3763.6672       3366.1795       456.54248       467.45815       467.34321       445.52108      
1.2316869       3533.4792       3717.8292       3761.8204       3364.9182       457.15202       468.02713       468.03274       446.1947       
1.2328745       3531.5115       3715.5853       3759.4191       3362.8875       456.57171       467.30728       467.54936       446.0072       
1.2340621       3530.0024       3713.8348       3757.5979       3361.7073       457.47243       468.14482       468.5374        446.59222      
1.2352497       3528.8155       3712.4248       3756.1766       3361.1311       459.50682       470.16874       470.72865       448.31814      
1.2364373       3526.8545       3710.193        3753.8397       3359.2078       459.10234       469.69059       470.36267       447.21878      
1.2376248       3525.787        3708.9304       3752.644        3359.0491       461.8576        472.36726       473.19454       449.12556      
1.2388124       3523.4331       3706.2899       3749.8836       3356.595        460.58148       471.03691       472.11003       447.44201      
1.24            3522.0954       3704.7145       3748.3055       3355.7907       462.02409       472.40456       473.6807        448.82666      
1.2411765       3520.1123       3702.7241       3746.3584       3354.4108       461.43163       471.75024       473.16187       448.67865      
1.2423529       3519.366        3701.7916       3745.5285       3354.6613       464.63032       474.91461       476.38948       452.76971      
1.2436134       3513.4607       3694.1658       3737.6597       3347.5809       464.18124       474.61637       476.18004       453.59748      
1.2448739       3512.1553       3692.9258       3736.8733       3348.762        469.30513       479.63992       481.20093       459.53623      
1.2461345       3510.9444       3691.6152       3735.5394       3347.8245       468.72171       479.00928       480.66759       459.83081      
1.247395        3510.9779       3691.7454       3736.0281       3350.0543       474.47823       484.68298       486.30028       466.05371      
1.2486555       3508.9644       3689.5858       3733.8544       3348.3027       473.51302       483.68762       485.344         465.54019      
1.249916        3506.8516       3687.3167       3731.6108       3346.6059       472.92713       483.02253       484.67835       465.21772      
1.2511765       3506.1649       3686.5487       3731.0609       3347.3345       476.57202       486.56389       488.14767       468.94491      
1.252437        3504.0683       3684.2747       3728.833        3345.7289       476.39613       486.38777       487.98545       469.12349      
1.2536975       3503.2641       3683.3428       3728.0917       3346.1878       479.70293       489.58548       491.14053       472.3364       
1.254958        3500.9263       3680.8072       3725.6062       3344.3206       479.19531       488.91445       490.49666       472.10664      
1.2562185       3498.7353       3678.3739       3723.1955       3342.4867       478.47917       488.06053       489.72159       471.58321      
1.257479        3496.9134       3676.3286       3721.1783       3341.0619       478.38274       487.77508       489.4043        471.47971      
1.2587395       3496.2276       3675.4858       3720.5552       3341.7538       481.92367       491.20499       492.80688       475.12055      
1.26            3494.29         3673.3576       3718.4382       3340.1588       481.45816       490.59228       492.16756       474.92364      
1.2613333       3491.203        3668.9467       3714.0673       3337.3959       485.72707       494.85104       496.4038        479.37802      
1.2625778       3492.3166       3671.3701       3716.9504       3340.9208       485.63362       494.5764        496.03522       479.54108      
1.2639179       3488.7589       3666.0095       3711.1631       3335.5497       486.0177        495.02177       496.51494       480.4005       
1.2652581       3487.6268       3664.9413       3710.7178       3337.2972       491.9873        500.9353        502.22975       486.48086      
1.2665983       3486.5558       3663.765        3709.5067       3336.533        491.4329        500.34671       501.57876       486.16594      
1.2679385       3485.9074       3663.0891       3709.0688       3337.213        493.95017       502.79509       503.86025       488.73011      
1.2692786       3484.1464       3661.1749       3707.2604       3336.1054       493.5868        502.35067       503.35075       488.61535      
1.2706188       3483.5897       3660.4622       3706.7048       3336.5688       495.95608       504.57934       505.62244       491.26379      
1.2717915       3488.0462       3667.6459       3714.5042       3344.7143       495.04889       503.20466       504.32557       490.3943       
1.2729641       3487.2622       3666.3633       3712.8068       3342.3308       492.75875       500.88701       502.32728       488.8965       
1.2741368       3483.1749       3661.6683       3708.1961       3338.582        491.97991       499.87669       501.49283       488.43746      
1.2753094       3481.8184       3659.9252       3706.7897       3338.8284       496.97477       504.68817       506.41513       493.54884      
1.2764821       3478.9895       3656.7042       3703.5937       3336.1677       495.98916       503.44081       505.388         492.88554      
1.2776547       3476.4785       3653.8654       3700.8002       3333.9703       495.10534       502.35547       504.56792       492.56932      
1.2788274       3475.4159       3652.5662       3699.8162       3334.3669       498.33005       505.3599        507.73813       496.01135      
1.28            3473.0438       3650.0142       3697.4217       3332.8057       498.00707       504.94771       507.40132       495.9465       
1.2811765       3470.7941       3647.3164       3694.8584       3330.9245       497.19012       504.11433       506.66839       495.6261       
1.2823529       3469.0364       3645.3577       3693.1309       3330.2045       497.78806       504.6579        507.15044       496.09979      
1.2835294       3467.1797       3643.2643       3691.1904       3328.9966       497.28182       504.12885       506.60588       495.84259      
1.2847964       3461.8248       3636.1131       3683.9009       3322.481        496.32733       503.30736       505.81606       495.15637      
1.2860633       3459.0481       3633.2392       3681.4454       3321.536        496.30041       503.14388       505.53722       495.07456      
1.2873303       3458.2376       3632.4566       3680.927        3321.7983       495.96304       502.76645       505.137         494.84255      
1.2887381       3452.1636       3624.3079       3672.6685       3314.7132       495.56892       502.52787       504.87656       494.78491      
1.2901458       3450.4603       3622.7412       3671.7258       3315.755        497.37903       504.18159       506.50799       496.77446      
1.2915535       3449.7831       3622.3942       3671.7435       3316.8556       497.44582       504.24322       506.6143        497.26569      
1.2929613       3448.7285       3621.4794       3671.2135       3317.576        497.85714       504.60854       507.02757       498.14311      
1.294369        3448.053        3620.9484       3671.2782       3319.6112       501.80526       508.59051       511.0336        502.66231      
1.2957768       3445.8832       3618.8134       3669.518        3319.1255       501.97597       508.74639       511.17208       503.21723      
1.2971845       3443.7486       3616.6495       3667.7438       3318.7223       502.6813        509.43302       511.82252       504.22704      
1.2985923       3442.0998       3614.9261       3666.4102       3318.843        504.34739       511.11042       513.47216       506.30337      
1.3             3439.4454       3612.1973       3664.0816       3317.8936       504.66572       511.43154       513.75426       507.00932      
1.3014286       3437.5288       3609.8236       3661.9652       3317.1183       506.38339       513.16346       515.45926       509.06503      
1.3028571       3435.3301       3607.5869       3660.2814       3317.3818       509.09198       515.8406        518.10625       512.12919      
1.3042857       3433.2104       3605.3099       3658.3177       3316.6665       509.47927       516.19386       518.47793       513.00112      
1.3058571       3429.3406       3599.6184       3652.8989       3313.8158       516.55207       523.42486       525.74178       520.58918      
1.3071429       3434.1181       3608.4933       3663.3186       3326.407        517.8059        524.1132        526.32238       521.61755      
1.3084286       3434.4633       3608.4006       3662.7052       3324.6803       514.633         521.2358        523.61511       519.40505      
1.3097143       3431.069        3604.5245       3659.313        3323.7319       519.4953        525.9779        528.28061       524.39205      
1.311           3428.5904       3601.6044       3656.7786       3322.9461       523.26845       529.78964       532.10234       528.55848      
1.3122857       3426.1285       3598.6841       3654.142        3321.9076       525.99097       532.42854       534.71864       531.50368      
1.3138286       3417.6001       3586.2186       3641.273        3310.9313       530.48208       537.21887       539.48162       536.43873      
1.3153714       3413.9121       3582.5964       3638.6987       3311.6184       534.61051       540.96564       543.0859        540.33717      
1.3169143       3414.3084       3582.9364       3639.1437       3312.8604       534.92183       541.23964       543.38753       541.08597      
1.3184571       3413.311        3581.9008       3638.3794       3313.4658       535.81421       542.02667       544.16441       542.29683      
1.32            3412.2583       3580.8169       3637.6935       3314.6677       539.25955       545.47143       547.58073       546.10354      
1.3214286       3413.3515       3583.1916       3640.5445       3318.7821       540.02826       546.00185       548.00161       547.01021      
1.3228571       3411.7565       3581.2223       3638.5213       3317.4606       540.49461       546.5864        548.47842       547.95191      
1.3242857       3409.6039       3578.6592       3636.2724       3317.2922       545.56815       551.62649       553.36185       553.18647      
1.3257143       3407.4057       3575.9769       3633.7018       3315.9877       547.94664       554.00022       555.57233       555.84057      
1.3273016       3401.1483       3567.3161       3624.8508       3308.8214       551.3693        557.65652       559.11484       559.73722      
1.3288889       3396.7942       3562.7465       3620.803        3306.9923       552.66402       558.80128       560.15963       561.18986      
1.3307407       3392.3919       3555.5855       3613.3348       3301.3517       558.33418       564.82972       566.14315       567.31431      
1.3325926       3388.7955       3551.9474       3610.2477       3300.7514       559.63146       565.82039       567.02781       568.44333      
1.3344444       3388.9519       3552.1791       3610.7181       3302.8547       562.98197       569.21121       570.41059       572.10085      
1.3362963       3386.9982       3550.0635       3608.6712       3302.2678       563.65372       569.82112       570.96329       572.65381      
1.3381481       3384.6847       3547.5133       3606.1746       3301.2867       564.51736       570.69747       571.80521       573.91431      
1.34            3382.4693       3545.0611       3603.9341       3301.2745       568.15723       574.31687       575.43145       577.74263      
1.3418182       3380.5656       3543.0036       3601.817        3300.4361       568.51929       574.54177       575.68434       578.16957      
1.3436364       3377.6644       3539.6647       3598.4545       3298.6593       569.70973       575.72913       576.9996        579.73817      
1.3456818       3371.7773       3531.556        3590.3844       3293.7719       577.17384       583.51655       584.97203       587.6084       
1.3477273       3367.8883       3527.3205       3586.4473       3292.4873       579.83464       586.08443       587.75125       590.44901      
1.3497727       3366.1578       3525.4394       3584.7621       3293.089        583.92975       590.32281       592.34763       595.22833      
1.3518182       3363.27         3522.3994       3582.039        3293.1809       588.78675       595.23354       597.79685       600.66251      
1.3538636       3360.1404       3518.9404       3578.6777       3292.0485       591.90025       598.44948       601.93083       604.39215      
1.3559091       3356.8652       3515.3055       3575.1832       3291.0335       595.8834        602.5142        606.87761       608.90659      
1.3579545       3353.8422       3511.8884       3571.8799       3290.1423       600.31802       607.09554       612.36295       613.965        
1.36            3350.4982       3508.1929       3568.4402       3289.6617       606.2155        613.13854       619.24169       620.52523      
1.3622222       3344.1355       3500.1516       3560.391        3284.4557       611.07885       618.33973       625.18549       626.06051      
1.3644444       3339.7747       3495.3808       3555.8115       3282.7484       615.06561       622.3581        629.64224       630.5404       
1.3666667       3336.7018       3492.0438       3552.6081       3282.039        619.47781       626.998         634.67385       635.57327      
1.3688889       3333.2413       3488.1642       3548.7091       3280.5036       623.21875       630.79323       638.77904       639.5113       
1.3711111       3328.7422       3483.2645       3543.8474       3278.0121       626.13273       633.78007       642.15457       642.54228      
1.3733333       3324.842        3478.9149       3539.5265       3276.2107       630.50041       638.24352       647.09973       647.26336      
1.3755556       3320.6172       3474.2377       3534.8955       3274.1018       634.63926       642.40063       651.80958       651.64028      
1.3777778       3316.8679       3469.9869       3530.6389       3272.2951       639.23582       647.00791       657.02045       656.36239      
1.38            3312.998        3465.6891       3526.4535       3270.852        644.82719       652.55751       663.24409       662.01373      
1.3822222       3310.0056       3462.2078       3523.0028       3270.0514       651.32961       658.99525       670.4092        668.5536       
1.3844444       3306.7029       3458.418        3519.2462       3268.8922       657.40381       665.03039       677.15221       674.54926      
1.3866667       3303.2948       3454.424        3515.1142       3266.8198       661.62045       669.10521       681.91463       678.72102      
1.3888889       3300.1171       3450.7337       3511.4139       3265.533        667.40499       674.80057       688.32759       684.6161       
1.3911111       3297.2055       3447.3113       3507.9824       3264.5426       673.69565       680.8981        695.24018       690.87811      
1.3933333       3295.3164       3444.8374       3505.3983       3264.2619       680.80013       687.90686       702.90523       697.98299      
1.3955556       3292.7076       3441.7278       3502.2952       3263.6807       687.88936       694.83968       710.36794       704.98888      
1.3977778       3290.4246       3438.9591       3499.551        3263.5385       695.75146       702.56598       718.37917       712.91787      
1.4             3288.8558       3436.9079       3497.5401       3264.2487       704.9926        711.7613        727.72817       722.29053      
1.4022222       3286.7844       3434.3817       3495.0623       3264.4          713.46671       720.19566       736.06792       730.79423      
1.4044444       3285.045        3432.1429       3492.8009       3264.6215       721.84062       728.57946       744.31255       739.59022      
1.4066667       3283.5745       3430.1821       3490.8308       3265.1831       730.84782       737.80515       753.1294        748.77409      
1.4088889       3281.8883       3428.0006       3488.6121       3265.3714       739.09913       746.17872       760.95552       756.9889       
1.4111111       3280.3223       3425.9839       3486.615        3265.8915       747.98206       755.43406       769.46587       766.0486       
1.4133333       3279.2629       3424.5302       3485.285        3267.458        758.82181       766.69441       779.933         777.19258      
1.4155556       3277.7555       3422.5742       3483.3426       3268.0397       767.99538       776.41492       788.67283       786.6696       
1.4177778       3276.2995       3420.6915       3481.4964       3268.8076       777.48682       786.34604       797.57383       796.34546      
1.42            3274.8644       3418.8288       3479.6671       3269.554        786.93558       796.63078       807.0411        806.22069      
1.4222222       3273.4238       3416.9611       3477.8447       3270.3381       796.51371       807.0124        816.16559       816.10787      
1.4244444       3272.3804       3415.5109       3476.4761       3271.6873       806.97268       818.33256       826.17754       826.98997      
1.4266667       3271.6088       3414.341        3475.4013       3273.3717       817.95795       830.24726       836.75007       838.36104      
1.4288889       3270.7537       3413.1256       3474.3399       3275.18         829.35442       842.70438       847.88965       850.09628      
1.4311111       3270.0923       3412.1469       3473.6466       3277.5218       841.82256       856.399         860.21178       862.86287      
1.4333333       3268.5203       3410.1659       3471.8161       3278.2314       851.60335       867.58361       870.03885       873.28278      
1.4355556       3267.1009       3408.4451       3470.3608       3279.4442       862.19982       879.84506       880.59596       883.99026      
1.4377778       3266.3885       3407.4687       3469.7873       3282.1329       875.58282       894.81802       894.41567       898.08783      
1.44            3265.4859       3406.2743       3468.894        3284.0522       887.43224       907.99352       907.09336       910.28892      
1.4425          3260.8417       3399.7191       3462.5354       3281.2729       899.94854       921.96639       920.98333       923.46733      
1.445           3258.7706       3397.6051       3461.0976       3283.4597       913.0037        936.04212       934.80257       937.28578      
1.4475          3258.1845       3396.974        3460.9255       3286.5616       926.48259       950.46953       949.58301       957.94386      
1.45            3257.232        3395.9274       3460.3479       3289.2729       939.72945       964.37018       963.93302       983.69623      
1.4525          3256.0382       3394.5126       3459.2876       3291.2668       952.21121       977.94054       977.6319        1013.4609      
1.455           3254.6068       3392.8241       3457.9721       3292.997        964.36958       990.56022       990.41971       1045.69        
1.4575          3253.0918       3391.0151       3456.5247       3294.6328       976.52881       1002.6051       1002.978        1080.6991      
1.46            3251.2239       3388.8108       3454.6353       3295.5825       987.52631       1013.1464       1014.3601       1116.0651      
1.4625          3249.1145       3386.3364       3452.4429       3295.974        997.63015       1022.9005       1024.6944       1151.1866      
1.465           3247.0652       3383.9438       3450.381        3296.493        1007.7436       1032.6661       1034.825        1187.9716      
1.4675          3245.8286       3382.3432       3449.1274       3298.082        1019.2987       1042.9879       1045.9826       1227.5743      
1.47            3243.9648       3380.1897       3447.4444       3299.3333       1030.8061       1053.5141       1056.552        1267.8083      
1.4725          3242.5163       3378.3319       3445.8786       3300.4793       1041.6801       1064.5348       1065.4674       1311.6663      
1.475           3240.8291       3376.3436       3444.3665       3302.0943       1053.5662       1078.396        1075.3632       1369.2415      
1.4775          3238.8591       3373.9703       3442.3043       3302.8438       1063.588        1090.5524       1083.4283       1450.4323      
1.48            3236.8372       3371.595        3440.3082       3303.8789       1074.3007       1103.3684       1092.3851       1564.2267      
1.4828571       3231.5497       3364.2941       3433.2557       3300.3322       1085.2121       1116.8449       1101.507        1722.2628      
1.4857143       3228.9811       3361.5348       3431.1013       3301.8469       1097.017        1130.2348       1111.7069       1887.5427      
1.4885714       3227.5897       3360.029        3430.0831       3304.2076       1109.4353       1144.107        1124.3952       2052.6506      
1.4914286       3226.0501       3358.2944       3428.8663       3306.6963       1122.6023       1157.8717       1137.8921       2217.6628      
1.4942857       3223.8612       3355.8002       3426.8231       3308.1903       1134.3517       1169.1953       1150.133        2372.1377      
1.4971429       3221.1282       3352.6826       3424.0936       3308.9201       1145.0871       1178.5224       1161.4705       2467.7109      
1.5             3218.4715       3349.5776       3421.3491       3309.6067       1155.4018       1187.4304       1173.3015       2545.6348      
1.5028571       3215.8902       3346.5591       3418.7352       3310.4312       1166.1205       1196.4071       1187.1715       2590.0622      
1.5057143       3213.6962       3343.8731       3416.4377       3311.501        1176.8942       1205.4408       1203.6337       2630.1908      
1.5085714       3210.6991       3340.2639       3413.1084       3311.082        1185.0338       1211.3873       1219.8583       2669.9508      
1.5114286       3207.946        3336.7532       3410.0097       3310.6681       1193.1505       1217.5696       1240.1742       2716.7403      
1.5142857       3205.602        3333.7529       3407.3416       3310.9009       1202.1403       1225.0227       1266.642        2758.0235      
1.5171429       3203.3843       3331.4064       3404.4067       3310.8825       1210.5854       1231.4117       1301.7191       2802.5678      
1.52            3200.7365       3328.2659       3401.3131       3310.4516       1218.2868       1236.3826       1359.291        2842.5422      
1.5228571       3198.9774       3326.0798       3399.4381       3311.7022       1229.0147       1244.839        1445.9452       2807.9997      
1.5257143       3197.692        3323.9608       3397.5284       3312.7775       1239.6535       1253.4981       1555.1483       2720.0462      
1.5285714       3196.2538       3321.7614       3395.5129       3313.6025       1250.2003       1264.0715       1809.4452       2634.9669      
1.5314286       3195.2375       3320.1598       3394.2032       3315.6445       1262.4992       1278.5544       2138.4043       2576.759       
1.5342857       3193.3203       3317.6258       3391.8985       3316.3452       1272.7109       1293.5058       2441.7043       2599.0927      
1.5371429       3191.7091       3315.0536       3389.5942       3317.1449       1282.9007       1310.3446       2650.8246       2623.1513      
1.54            3191.3922       3313.3799       3387.9788       3318.7372       1294.6032       1332.885        2696.9919       2655.9128      
1.5428571       3189.7476       3311.2452       3386.294        3320.8909       1308.0743       1363.873        2715.8383       2694.5098      
1.5457143       3189.5078       3310.2724       3385.7238       3324.1575       1322.976        1412.2733       2747.5261       2729.1469      
1.5485714       3189.5921       3309.4981       3385.2627       3327.7977       1339.0818       1487.8614       2762.9189       2763.625       
1.5514286       3189.3924       3308.871        3385.0204       3331.9616       1356.1205       1592.1049       2769.2662       2802.9679      
1.5542857       3189.264        3308.3689       3385.0607       3336.8745       1374.511        1739.6907       2775.0401       2853.5386      
1.5571429       3189.266        3307.8965       3385.1494       3342.3227       1395.2027       2039.7616       2788.9622       2913.9539      
1.56            3190.026        3308.3775       3386.6182       3350.8797       1422.4603       2340.6032       2803.796        2973.7809      
1.5628571       3190.739        3308.7365       3387.8038       3358.5073       1449.7129       2606.2606       2807.3747       3062.0369      
1.5657143       3190.9432       3308.347        3387.7429       3361.5104       1477.0092       2690.1631       2783.771        3222.9994      
1.5685714       3191.2124       3308.0181       3387.7318       3366.211        1511.2566       2709.6608       2752.7872       3482.3712      
1.5714286       3191.92         3308.4059       3389.1062       3375.4043       1553.0319       2716.9309       2714.7851       3736.5032      
1.5742857       3192.7141       3308.851        3390.5077       3384.9113       1596.2332       2734.216        2630.4363       3910.3915      
1.5771429       3194.2462       3310.2871       3393.465        3399.1047       1640.2036       2747.1413       2518.5508       4001.0474      
1.58            3196.1877       3312.2818       3397.2482       3414.9027       1688.4737       2765.1365       2420.4731       4043.9132      
1.5825          3200.4764       3317.594        3403.8172       3430.4453       1726.1924       2770.367        2427.8676       4082.3925      
1.585           3203.5554       3320.4871       3408.0314       3443.9669       1768.0136       2781.5419       2443.8325       4110.8516      
1.5875          3204.3411       3320.7728       3409.5002       3454.301        1806.7795       2797.2192       2458.9279       4128.2805      
1.59            3206.6608       3322.8779       3413.1413       3468.7726       1885.1508       2804.995        2470.5772       4145.6248      
1.5925          3208.9834       3325.1474       3417.1901       3485.208        2019.9791       2811.4748       2475.2715       4163.5686      
1.595           3211.5225       3327.6007       3421.173        3498.4784       2135.9532       2816.0266       2488.6804       4179.1556      
1.5975          3213.4057       3329.0646       3423.5203       3507.5733       2242.779        2819.3256       2514.8589       4193.4306      
1.6             3214.8429       3329.9843       3425.0886       3515.0296       2324.908        2765.6597       2614.9448       4206.3128      
1.6025          3216.8905       3331.5516       3427.3366       3522.9824       2408.0836       2668.4878       2811.6114       4219.0586      
1.605           3218.6903       3332.748        3428.9905       3529.841        2482.1946       2582.4099       3013.2327       4229.7105      
1.6075          3220.1855       3333.6358       3430.2905       3536.5776       2555.5284       2509.6927       3186.194        4239.5936      
1.61            3222.8877       3335.9845       3433.5399       3547.3958       2628.49         2461.82         3285.1101       4248.2676      
1.6125          3225.0958       3337.5861       3435.599        3555.093        2672.29         2478.2409       3309.6823       4256.4792      
1.615           3226.9037       3338.6394       3436.8411       3559.306        2719.099        2505.2527       3324.898        4263.8185      
1.6175          3228.5411       3339.3811       3437.495        3562.2047       2748.2428       2534.619        3338.3991       4270.0337      
1.62            3230.2697       3340.4809       3439.0041       3567.589        2767.8269       2558.7765       3351.0378       4275.0813      
1.6225          3232.2803       3341.6863       3440.2906       3571.9374       2776.0496       2576.0951       3364.2142       4280.267       
1.625           3233.3261       3341.8401       3440.3296       3573.9298       2775.8396       2609.2871       3375.5776       4284.4048      
1.6275          3233.6073       3341.2845       3439.8001       3575.9249       2778.1506       2700.0786       3384.0258       4286.9477      
1.63            3234.3794       3341.0312       3439.1654       3576.1778       2794.6256       2810.0124       3395.1325       4292.1126      
1.6325          3234.4646       3340.1687       3438.0583       3576.6458       2812.7378       2976.3179       3406.2352       4297.2271      
1.635           3234.8733       3339.6367       3437.3132       3577.4183       2796.528        3114.9401       3416.0417       4301.4061      
1.6375          3234.9857       3338.8544       3436.348        3578.8214       2779.5431       3194.4753       3425.0791       4304.8562      
1.64            3235.5706       3338.5899       3436.0432       3580.387        2750.1024       3212.5414       3434.4064       4310.059       
1.6422222       3238.4707       3341.6995       3439.2034       3584.6348       2719.4214       3221.1443       3445.0001       4318.7539      
1.6444444       3240.7206       3343.1243       3440.5174       3586.131        2723.8421       3223.9655       3452.0601       4321.8146      
1.6466667       3240.0237       3341.6756       3439.2962       3587.2746       2751.5702       3222.3892       3455.3296       4321.2109      
1.6488889       3240.5364       3341.3983       3439.1198       3588.3358       2783.6955       3223.2538       3458.922        4321.5246      
1.6511111       3240.4465       3340.2075       3437.7914       3587.7233       2811.905        3228.1255       3465.2619       4324.6877      
1.6533333       3239.7268       3338.8211       3436.0384       3585.8533       2838.9859       3232.3402       3469.719        4326.2055      
1.6555556       3239.8799       3338.2985       3435.5355       3586.6836       2878.3185       3234.8391       3472.5684       4326.7805      
1.6577778       3239.9086       3337.5975       3434.9187       3587.65         2920.033        3239.1379       3476.5597       4327.4259      
1.66            3240.3471       3337.3583       3434.8026       3589.475        2963.8223       3242.2928       3478.8444       4326.8095      
1.6622222       3240.9616       3337.286        3434.8647       3591.5485       3009.6571       3246.5043       3481.8554       4326.5588      
1.6644444       3242.152        3337.9098       3435.8236       3595.0941       3061.0953       3251.1895       3485.1381       4326.4067      
1.6666667       3243.3101       3338.488        3436.7085       3598.5047       3120.6184       3254.8986       3487.0273       4325.0641      
1.6688889       3244.5046       3339.1462       3437.7961       3602.5146       3181.8623       3259.6228       3489.7599       4323.5907      
1.6711111       3245.4825       3339.4386       3438.1629       3603.6715       3250.7721       3264.7532       3492.4139       4320.7379      
1.6733333       3246.7944       3340.2247       3439.4118       3608.2785       3318.6342       3266.2488       3493.1463       4316.6592      
1.6755556       3248.4862       3341.4574       3441.2842       3614.089        3386.8009       3269.6892       3495.4892       4312.8243      
1.6777778       3250.1855       3342.6659       3443.044        3619.1394       3434.041        3273.6331       3497.9826       4308.1295      
1.68            3251.8508       3343.7289       3444.3551       3622.6733       3461.4113       3280.0851       3504.8474       4305.0947      
1.6822222       3253.701        3345.0135       3446.0927       3627.6656       3489.2222       3290.0368       3512.8965       4301.6668      
1.6844444       3255.0283       3345.6181       3446.752        3629.8524       3508.3176       3295.148        3517.6496       4295.7636      
1.6866667       3256.1487       3345.998        3447.1724       3631.0516       3520.1642       3298.2133       3521.3588       4287.2132      
1.6888889       3256.9662       3346.1124       3447.3537       3632.6128       3520.1157       3299.8182       3522.2792       4276.284       
1.6911111       3257.5931       3345.9806       3447.1316       3633.0722       3520.2168       3301.4196       3523.604        4266.5481      
1.6933333       3258.1707       3345.8042       3446.4488       3633.1807       3520.2706       3305.3316       3526.1077       4258.9042      
1.6955556       3258.5061       3345.2697       3446.1089       3633.3596       3519.0694       3307.2412       3526.9023       4252.1553      
1.6977778       3259.3161       3345.2468       3446.1244       3633.9155       3519.7335       3311.2881       3529.2774       4247.1349      
1.7             3260.3669       3345.5041       3446.3188       3634.6249       3520.3372       3315.1261       3531.2338       4242.288       
1.7022222       3261.4563       3345.7852       3446.3902       3634.8716       3520.331        3319.8899       3534.0405       4237.8798      
1.7044444       3263.0994       3346.5856       3446.9393       3635.5929       3519.4789       3324.1672       3536.6961       4232.7656      
1.7066667       3264.8051       3347.5912       3447.9159       3637.7866       3523.151        3331.4207       3540.8185       4228.0573      
1.7088889       3266.0597       3348.1186       3448.4424       3643.0807       3521.628        3336.0075       3543.235        4222.4775      
1.7111111       3267.3176       3348.6677       3449.1027       3646.0878       3521.2412       3341.0827       3545.8305       4216.4184      
1.7133333       3268.803        3349.4958       3450.0289       3649.1466       3521.7778       3345.8305       3548.7164       4210.554       
1.7155556       3270.4248       3350.4109       3450.9248       3652.1528       3523.1842       3351.1665       3551.8675       4204.9095      
1.7177778       3272.4829       3352.0116       3452.973        3661.3723       3523.1802       3356.4693       3554.5756       4198.7034      
1.72            3273.8017       3352.6361       3453.567        3663.6275       3522.4199       3361.6128       3556.5127       4191.4061      
1.7222222       3274.6561       3352.6487       3453.073        3658.5194       3520.0516       3361.2366       3551.124        4182.5394      
1.7244444       3275.6483       3352.7315       3452.4378       3652.6454       3519.9183       3363.1131       3545.5413       4173.0813      
1.7266667       3276.5874       3352.8685       3452.1581       3649.1491       3517.7498       3362.1279       3538.5284       4162.9729      
1.7288889       3277.2866       3352.5665       3450.9672       3639.6592       3514.838        3361.1446       3532.0847       4153.0571      
1.7311111       3277.6269       3351.8009       3449.1611       3631.6557       3511.8106       3359.9755       3529.5191       4142.342       
1.7333333       3278.3578       3351.6372       3448.4237       3627.3826       3508.219        3358.9228       3527.6939       4131.2117      
1.7355556       3279.2888       3351.6867       3447.8736       3624.3509       3504.6484       3357.8239       3525.8605       4119.8826      
1.7377778       3279.9285       3351.3591       3446.6539       3621.3775       3500.6064       3356.1251       3523.9885       4106.9517      
1.74            3280.4496       3350.8472       3444.8427       3619.0578       3496.8179       3354.9917       3521.6921       4093.4327      
1.7422222       3281.643        3351.2705       3445.8037       3616.2754       3494.1718       3354.761        3520.3312       4081.9059      
1.7444444       3282.2483       3350.96         3444.9186       3612.9052       3491.178        3353.3223       3518.6736       4070.3097      
1.7466667       3283.2166       3351.1496       3443.8464       3610.3711       3489.811        3348.4896       3516.792        4056.2705      
1.7488889       3283.4689       3350.4502       3442.226        3604.9099       3485.2537       3342.2801       3514.311        4040.7057      
1.7511111       3284.0172       3350.1676       3441.605        3597.1259       3479.0983       3336.926        3512.2555       4025.2906      
1.7533333       3284.7724       3350.0647       3440.8933       3590.7428       3474.6776       3331.9526       3510.9068       4010.4794      
1.7555556       3285.1343       3349.4674       3439.3952       3585.3827       3469.9825       3330.3697       3510.4729       3999.2215      
1.7577778       3285.1864       3348.6089       3437.7118       3580.6583       3466.6463       3329.2925       3509.7499       3988.7334      
1.76            3285.6681       3348.1533       3436.4028       3576.4865       3464.6818       3329.138        3503.823        3976.1113      
1.7622222       3285.3559       3346.9349       3434.3356       3571.3556       3459.0417       3327.1716       3496.2264       3966.152       
1.7644444       3285.1169       3345.6155       3431.6216       3563.6082       3454.9744       3326.9989       3489.9402       3956.698       
1.7666667       3284.5538       3343.9657       3428.4266       3555.9141       3448.5992       3324.6092       3484.1681       3946.8862      
1.7688889       3284.009        3342.3824       3425.4791       3548.8803       3442.3593       3322.4615       3478.2592       3934.4628      
1.7711111       3283.3511       3340.5077       3422.804        3541.6783       3435.782        3320.0337       3472.1536       3920.1142      
1.7733333       3282.6195       3338.6571       3419.7838       3534.8602       3426.603        3317.3344       3465.4523       3905.4281      
1.7755556       3281.9172       3336.9244       3416.825        3528.9947       3416.1657       3314.6044       3456.9547       3891.3158      
1.7777778       3281.4462       3335.5791       3414.6849       3522.3971       3405.5936       3311.6787       3443.5919       3876.8044      
1.78            3281.077        3334.2211       3412.226        3516.1889       3394.3219       3308.8834       3430.618        3862.5189      
1.7822222       3280.5463       3332.6288       3409.445        3509.5942       3384.2508       3307.3058       3424.9325       3847.8837      
1.7844444       3279.7908       3330.9232       3406.6814       3501.7627       3376.8202       3305.7752       3420.5888       3834.2612      
1.7866667       3278.9037       3329.0253       3403.4273       3495.5733       3371.3313       3305.0424       3414.59         3818.9647      
1.7888889       3277.8057       3326.8409       3399.9563       3488.6884       3365.6402       3306.7883       3409.2018       3804.1284      
1.7911111       3276.8487       3324.8464       3396.7039       3482.4463       3359.8205       3307.2035       3403.2271       3789.4008      
1.7933333       3275.8422       3322.7661       3393.3988       3476.0213       3354.7175       3304.8292       3399.8653       3773.401       
1.7955556       3274.8875       3320.7408       3390.1664       3469.9105       3349.4248       3300.2318       3401.8818       3756.4107      
1.7977778       3273.9393       3318.736        3386.9696       3464.3929       3344.2841       3294.3706       3405.627        3742.1577      
1.8             3273.3536       3317.1301       3384.2393       3460.1302       3340.2749       3284.6888       3408.9463       3729.1962      
1.8022222       3272.8842       3315.5706       3381.509        3456.3179       3336.2          3272.5254       3404.4171       3715.9943      
1.8047619       3270.6783       3312.0597       3376.9463       3446.9675       3331.025        3262.3259       3398.4052       3700.8476      
1.8073016       3269.2027       3309.4756       3373.2997       3441.0137       3325.1229       3251.0301       3391.9146       3685.3351      
1.8098413       3268.8256       3308.2934       3370.7552       3434.2786       3322.8252       3240.18         3386.0728       3671.2219      
1.812381        3268.805        3307.1878       3368.1805       3426.9508       3322.5106       3235.5181       3380.2479       3657.2274      
1.8149206       3267.0788       3305.2282       3365.027        3416.9996       3325.6567       3231.8038       3375.1436       3643.3505      
1.8174603       3266.4731       3303.6162       3362.2749       3408.4744       3329.1471       3227.7378       3370.7116       3629.6071      
1.82            3266.0868       3302.166        3359.6799       3400.2171       3329.0797       3221.7415       3365.4409       3615.6515      
1.8225          3266.02         3301.3206       3358.0931       3390.6928       3325.6319       3225.8159       3359.8461       3602.091       
1.825           3266.195        3300.643        3356.1478       3383.5511       3321.2359       3232.1617       3354.2483       3588.7735      
1.8275          3264.8383       3298.1848       3351.7949       3376.7246       3316.062        3238.6522       3348.9636       3575.4595      
1.83            3262.6694       3294.8598       3346.6779       3371.4896       3310.3393       3245.6456       3343.7735       3562.0017      
1.8325          3262.3099       3292.8195       3343.2794       3362.1994       3304.0098       3252.0946       3338.8944       3549.2015      
1.835           3262.0324       3290.7295       3339.8091       3350.201        3298.4681       3255.5445       3334.4339       3536.735       
1.8375          3261.4318       3289.2603       3337.4472       3342.3068       3285.4553       3252.8557       3329.3966       3523.2915      
1.84            3260.4725       3287.4748       3334.4876       3335.2676       3276.0918       3249.4575       3324.4536       3509.7755      
1.8428571       3259.1107       3285.1112       3331.2958       3325.4941       3271.8595       3247.0987       3320.3175       3494.7703      
1.8457143       3257.8101       3282.8101       3327.8353       3318.0606       3265.5263       3242.3341       3314.7213       3476.7373      
1.8485714       3257.0464       3281.1231       3325.0048       3311.5014       3259.0926       3239.5676       3311.604        3457.3366      
1.8514286       3256.4967       3279.5028       3321.9082       3304.4003       3253.7602       3236.8064       3308.2728       3435.9071      
1.8542857       3256.0751       3278.291        3319.4989       3297.3481       3248.3118       3235.1331       3306.1065       3414.6605      
1.8571429       3255.4444       3276.8607       3316.6976       3289.9275       3241.291        3233.217        3303.8918       3398.8357      
1.86            3254.7279       3275.2234       3313.6738       3282.8248       3230.5786       3231.087        3301.2018       3383.8449      
1.8628571       3253.6694       3273.1131       3310.8045       3276.0401       3220.0102       3229.0799       3298.2553       3368.8291      
1.8657143       3252.0757       3270.5746       3307.3857       3269.1018       3211.6908       3227.3488       3295.3353       3353.5601      
1.8685714       3251.2905       3268.942        3304.6208       3263.0445       3206.2767       3226.097        3292.8816       3338.8635      
1.8714286       3250.2137       3267.074        3301.7758       3256.6684       3205.7213       3224.3491       3289.6346       3326.7317      
1.8742857       3248.5082       3264.5457       3298.1112       3249.4084       3209.0972       3222.3666       3286.3855       3313.5313      
1.8771429       3246.195        3261.2489       3293.1713       3242.8622       3214.0792       3220.0294       3282.3795       3302.0712      
1.88            3244.3199       3258.5568       3289.3866       3236.4254       3221.2477       3218.8788       3279.6504       3297.7859      
1.8828571       3243.3998       3256.7276       3286.0467       3231.558        3229.2301       3217.2871       3275.6343       3294.7236      
1.8857143       3242.8183       3255.3472       3283.6374       3226.3083       3237.8396       3217.9356       3274.0524       3296.9956      
1.8885714       3242.4236       3254.2991       3281.828        3220.6701       3242.9326       3217.6695       3270.4299       3297.1503      
1.8914286       3242.5471       3253.8555       3280.7611       3216.6203       3243.237        3218.0411       3264.8165       3294.0477      
1.8942857       3242.8872       3253.5253       3279.6472       3213.4537       3243.4173       3218.8696       3252.562        3286.0937      
1.8971429       3242.4428       3252.3376       3277.5179       3209.6573       3243.0986       3219.308        3240.4017       3277.0925      
1.9             3240.59         3249.8544       3274.2364       3204.7788       3241.7768       3219.349        3229.4525       3267.8281      
1.9025          3240.0377       3248.9967       3272.6258       3203.4929       3240.8331       3219.1662       3224.3732       3259.4057      
1.905           3240.705        3249.1683       3272.0598       3201.8833       3240.9174       3220.2111       3224.2994       3253.0022      
1.9075          3240.3081       3248.2156       3270.2875       3198.6802       3240.0446       3220.4538       3223.8442       3245.9115      
1.91            3239.7657       3247.1757       3268.5097       3195.4215       3239.6392       3221.4623       3222.8397       3239.9984      
1.9125          3238.5754       3245.4668       3266.0846       3191.598        3238.9131       3222.0517       3222.6226       3233.729       
1.915           3237.9297       3244.2041       3263.9926       3188.0954       3238.1013       3221.8921       3223.5717       3227.5879      
1.9175          3237.9804       3243.5871       3262.4479       3184.7554       3237.6052       3221.4606       3224.5183       3221.779       
1.92            3237.7366       3242.8484       3260.9168       3181.5836       3237.1531       3218.6006       3226.5288       3216.1016      
1.9225          3237.7243       3242.4242       3259.6563       3178.2336       3236.5084       3210.6517       3230.0791       3210.3559      
1.925           3238.0328       3242.2567       3258.7096       3175.6643       3236.2115       3201.298        3236.6933       3204.8304      
1.9275          3238.6308       3242.3408       3257.9669       3173.5404       3236.5314       3192.7611       3246.3506       3200.3716      
1.93            3237.9001       3241.1292       3255.9016       3170.8495       3236.5747       3187.8618       3255.8546       3195.7076      
1.9325          3237.1919       3240.0737       3254.5742       3167.7069       3236.6532       3187.6691       3263.3539       3190.7594      
1.935           3237.2186       3239.8073       3254.1215       3164.7508       3236.7264       3188.3959       3266.6178       3186.3494      
1.9375          3236.7542       3239.0893       3253.5145       3161.174        3236.4425       3190.0747       3267.0831       3182.4353      
1.94            3236.9094       3238.8879       3252.4783       3159.1428       3235.9879       3191.9443       3267.6642       3178.8423      
1.9422222       3237.0959       3238.8349       3251.7023       3159.6291       3235.5547       3191.782        3268.661        3175.6499      
1.9444444       3236.9117       3238.3517       3250.5441       3158.4957       3234.3819       3193.9452       3269.9913       3174.4202      
1.9466667       3236.391        3237.4786       3248.9447       3156.3233       3231.8637       3195.0852       3269.831        3171.9644      
1.9488889       3235.4802       3236.3266       3247.1705       3153.8857       3224.8228       3196.8001       3270.3311       3167.4328      
1.9511111       3235.2503       3235.6368       3245.5362       3151.5653       3216.4534       3198.2636       3270.7965       3162.2726      
1.9533333       3234.9753       3235.0541       3244.3215       3148.2647       3208.5197       3200.644        3270.8263       3155.8947      
1.9555556       3234.2669       3234.1359       3242.9099       3145.6594       3201.2846       3204.1348       3270.7977       3148.9794      
1.9577778       3233.3078       3232.9341       3241.2604       3143.3378       3194.3463       3211.4315       3270.6704       3144.5513      
1.96            3232.3743       3231.8118       3239.729        3140.9884       3194.3107       3219.8439       3270.6462       3140.9612      
1.9625          3232.0834       3231.1138       3238.2261       3136.9174       3194.1549       3229.0609       3270.2266       3139.0649      
1.965           3231.8734       3230.6536       3237.1815       3134.0783       3194.9581       3238.0167       3270.2307       3136.6298      
1.9675          3231.7527       3230.1387       3235.7564       3132.7477       3194.9679       3242.4828       3269.657        3134.2816      
1.97            3231.4411       3229.5033       3234.3199       3130.2154       3194.7058       3242.9158       3268.6842       3132.123       
1.9725          3231.4595       3229.2068       3233.315        3128.7136       3194.7007       3243.9931       3268.9721       3130.7947      
1.975           3231.2663       3228.764        3232.2335       3127.3946       3193.0721       3245.0524       3269.2553       3129.6864      
1.9775          3230.6981       3227.9756       3230.8521       3125.7515       3193.8226       3246.157        3269.5823       3128.1579      
1.98            3231.0184       3227.9762       3229.9696       3125.7413       3196.3698       3248.5636       3271.1146       3128.6165      
1.9825          3232.0947       3228.7916       3230.1354       3125.2055       3199.5455       3251.6158       3273.405        3129.5022      
1.985           3233.2903       3229.782        3230.585        3125.6966       3202.4567       3254.1975       3275.1808       3131.1431      
1.9875          3233.4705       3229.7493       3229.9705       3124.1938       3205.2408       3255.8094       3276.0731       3137.0954      
1.99            3233.229        3229.3337       3229.0271       3123.053        3210.7852       3256.8646       3276.4013       3144.2315      
1.9925          3233.3574       3229.2392       3228.3805       3122.2016       3218.2249       3257.4747       3276.1432       3148.4919      
1.995           3233.3673       3229.0431       3227.5454       3120.9099       3225.9823       3257.2213       3274.1349       3148.6619      
1.9975          3233.7531       3229.2408       3227.0946       3119.6284       3233.2373       3257.0631       3269.3481       3146.9395      
2               3234.5735       3229.9015       3227.1652       3118.6537       3240.31         3257.9632       3263.7218       3146.075       
2.0025          3233.8595       3229.0649       3226.0874       3117.1049       3241.2483       3258.2677       3257.8033       3144.7167      
2.005           3233.4883       3228.6424       3225.9065       3116.1128       3241.8751       3259.365        3253.3399       3144.3347      
2.0075          3233.608        3228.3804       3223.8921       3115.541        3242.2642       3260.3583       3251.3543       3143.6014      
2.01            3233.7806       3228.2776       3222.9378       3114.9194       3242.6083       3261.2459       3251.1713       3143.5029      
2.0125          3234.0202       3228.3943       3222.5911       3113.9574       3243.1794       3262.2677       3251.3535       3143.3809      
2.015           3233.0349       3227.3237       3221.1378       3111.6965       3243.1705       3262.7089       3249.0181       3142.5259      
2.0175          3232.2696       3226.4919       3219.9686       3110.6727       3242.7429       3262.9498       3245.7735       3141.6414      
2.02            3231.7317       3225.8363       3218.8983       3109.3779       3241.441        3261.851        3244.9716       3139.6138      
2.0225          3231.1461       3224.986        3217.425        3108.3449       3240.207        3260.7173       3244.3998       3137.0189      
2.025           3230.8926       3224.5398       3216.4986       3107.5533       3239.786        3260.3904       3246.4198       3135.7093      
2.0275          3231.4511       3224.9325       3216.3446       3107.4461       3240.7513       3261.3579       3253.3816       3135.2409      
2.03            3231.571        3224.7855       3215.5502       3106.7312       3241.3058       3262.2055       3259.9904       3134.9777      
2.0325          3231.6435       3224.6807       3214.9095       3106.2834       3242.1068       3262.8914       3266.4059       3135.4648      
2.035           3231.5276       3224.3433       3213.964        3105.4377       3242.0624       3259.5126       3273.4307       3135.1193      
2.0375          3232.0482       3224.6221       3213.612        3105.2605       3242.4602       3254.6835       3279.7126       3135.1015      
2.04            3231.9797       3224.5489       3213.2934       3105.2714       3242.2521       3249.862        3279.7349       3133.7928      
2.0425          3230.3322       3223.1403       3212.0731       3104.8338       3242.2639       3246.663        3279.8481       3133.1104      
2.045           3229.4913       3222.2242       3210.8346       3103.7693       3241.8785       3244.3156       3279.4082       3132.1121      
2.0475          3229.8386       3222.2927       3210.2684       3103.2034       3242.2438       3239.5244       3279.4623       3131.7117      
2.05            3229.5215       3221.7467       3209.1303       3102.2052       3243.3975       3235.0372       3279.5106       3131.3643      
2.0525          3228.2129       3220.4644       3207.6622       3101.2468       3243.9745       3235.9698       3279.3399       3130.8454      
2.055           3225.8828       3218.2791       3205.4495       3099.733        3243.6388       3236.0274       3278.8813       3130.4702      
2.0575          3224.7105       3217.0702       3203.9865       3098.8925       3243.7933       3238.8865       3279.3224       3130.7362      
2.06            3224.2524       3216.4436       3202.9444       3098.2162       3243.4028       3241.9642       3279.8588       3131.3308      
2.0625          3223.7439       3215.7609       3201.8506       3097.3634       3242.5538       3245.7694       3280.3226       3131.7006      
2.065           3223.2263       3215.0728       3200.8214       3096.5374       3241.2047       3251.9107       3280.1489       3131.6571      
2.0675          3222.4905       3214.1576       3199.7932       3095.6759       3239.3341       3258.3155       3279.9274       3131.7536      
2.07            3221.2381       3212.7252       3198.717        3094.722        3237.41         3265.2721       3280.1583       3132.3187      
2.0725          3220.6203       3212.0932       3197.5894       3093.9336       3232.4732       3271.7554       3280.3686       3132.7899      
2.075           3220.762        3212.4279       3195.8417       3093.5884       3225.3552       3272.8064       3280.5302       3133.2464      
2.0775          3220.1767       3211.8488       3194.7118       3093.0583       3218.2149       3273.0139       3280.5095       3133.7143      
2.08            3218.0984       3209.7574       3192.4171       3091.367        3211.9999       3272.7118       3280.1208       3133.7916      
2.0825          3216.9787       3208.5598       3190.9912       3090.5344       3205.5988       3272.6241       3279.7599       3133.936       
2.085           3216.9857       3208.4702       3190.6144       3090.6441       3201.4795       3273.1738       3280.0028       3134.6245      
2.0875          3216.975        3208.3712       3190.2082       3090.7048       3202.0668       3274.0441       3280.8687       3134.5792      
2.09            3216.5804       3207.9304       3189.5018       3090.5736       3205.7243       3274.3241       3281.0322       3133.7912      
2.0925          3216.0304       3207.3136       3188.5798       3090.2173       3208.7449       3274.3435       3280.7161       3132.556       
2.095           3215.2606       3206.5182       3187.5302       3089.8866       3212.6173       3275.0096       3281.2193       3131.2881      
2.0975          3214.3324       3205.5716       3186.3398       3089.4208       3217.6524       3275.1678       3281.2326       3129.5994      
2.1             3213.7895       3204.9676       3185.3755       3088.9399       3225.666        3275.6213       3281.6569       3126.3798      
2.1025          3212.7036       3203.8719       3183.9795       3088.0473       3231.143        3274.905        3280.9141       3121.895       
2.105           3210.1913       3201.3728       3181.2481       3086.2154       3234.7889       3274.3327       3280.3394       3123.1111      
2.108           3208.5382       3199.6057       3179.1225       3083.1296       3238.1997       3274.1172       3280.9273       3128.1306      
2.111           3207.3585       3198.3316       3177.2806       3081.1842       3242.9407       3274.1751       3281.4671       3134.7763      
2.114           3205.7105       3196.6818       3175.0903       3079.1879       3243.4149       3273.6453       3281.6364       3140.9665      
2.117           3204.6176       3195.6271       3173.4046       3077.9341       3243.0475       3273.0098       3281.1227       3145.4035      
2.12            3202.4537       3193.3778       3171.2729       3076.8567       3242.5534       3272.4833       3280.5449       3149.4665      
2.1228571       3200.1577       3191.0255       3168.9416       3075.96         3242.4517       3272.4187       3280.5189       3153.7987      
2.1257143       3199.1601       3189.8732       3167.3474       3075.6624       3242.2729       3272.269        3280.2434       3155.1982      
2.1285714       3198.1651       3189.1724       3166.6906       3075.2405       3242.2968       3272.3774       3280.3232       3157.19        
2.1314286       3196.5704       3187.8959       3165.4006       3074.4961       3242.1363       3272.2112       3280.1719       3158.6375      
2.1342857       3194.9833       3186.3123       3163.4695       3073.4279       3242.5286       3272.8659       3280.8054       3161.0718      
2.1371429       3193.8167       3185.1167       3161.9748       3072.9458       3242.497        3273.0142       3278.3196       3163.6062      
2.14            3192.3731       3183.7766       3160.5117       3072.5106       3242.6438       3273.2611       3276.024        3165.7557      
2.1428571       3190.7749       3182.2807       3158.8417       3071.6139       3242.1092       3272.7767       3273.6006       3167.4431      
2.1457143       3189.0857       3180.6674       3157.076        3070.6249       3241.5281       3272.4452       3268.874        3169.0465      
2.1485714       3187.1597       3178.6072       3154.5646       3069.1453       3240.5314       3272.2195       3267.2292       3170.8158      
2.1514286       3185.3391       3176.745        3152.4124       3067.7478       3239.2466       3271.7528       3269.4925       3172.4525      
2.1542857       3182.9037       3174.3473       3149.7735       3065.7745       3237.1889       3270.4993       3270.7164       3173.7093      
2.1571429       3180.6719       3172.2124       3147.5287       3064.3847       3236.0719       3270.28         3272.9486       3175.6874      
2.16            3178.1039       3169.7774       3144.9008       3062.444        3234.3391       3269.8105       3273.8326       3176.646       
2.1628571       3176.1694       3167.9079       3142.7716       3060.8656       3232.7087       3268.6815       3276.0009       3177.0755      
2.1657143       3173.9181       3165.727        3140.4139       3059.0891       3230.915        3266.9087       3277.6524       3177.8417      
2.1685714       3171.634        3163.4861       3137.9876       3057.2713       3229.3845       3264.2497       3280.0597       3179.0354      
2.1714286       3169.5651       3161.3883       3135.6379       3055.4516       3227.8658       3261.8814       3282.1414       3180.1093      
2.1742857       3166.6582       3158.4496       3132.7179       3053.2194       3226.4773       3259.9881       3284.0684       3181.3126      
2.1771429       3164.3941       3156.377        3129.9423       3051.1941       3225.2569       3259.2974       3283.8773       3182.0493      
2.18            3162.4131       3154.4903       3127.7341       3049.7157       3224.093        3258.4222       3282.9724       3182.3633      
2.1828571       3159.9993       3152.0294       3125.0161       3047.4381       3222.8869       3257.4672       3282.1677       3182.8475      
2.1857143       3157.7196       3149.7577       3122.5388       3045.6129       3221.8494       3257.0168       3281.9079       3183.834       
2.1885714       3155.2227       3147.5383       3120.1321       3043.7864       3220.7603       3256.6601       3281.6425       3184.6136      
2.1914286       3153.0181       3145.1705       3117.6407       3041.9966       3219.5105       3256.3932       3281.4939       3185.4662      
2.1942857       3150.5729       3142.6978       3115.0355       3040.0138       3217.1082       3255.2509       3280.2914       3185.0962      
2.1971429       3148.4119       3140.4753       3112.5732       3038.054        3215.4104       3254.1621       3279.0527       3184.5481      
2.2             3145.7799       3137.9431       3109.9085       3036.0283       3216.1467       3254.4313       3278.3912       3184.0101      
2.2028571       3143.4048       3135.614        3107.4218       3034.1697       3219.5037       3255.3903       3278.0342       3184.4728      
2.2057143       3140.8829       3133.1228       3104.7166       3031.8985       3220.4925       3254.8329       3276.1206       3183.249       
2.2085714       3137.9077       3130.2191       3101.72         3029.657        3221.7131       3254.9146       3275.268        3182.6486      
2.2114286       3135.003        3127.2981       3098.6265       3027.1792       3221.0439       3254.1485       3273.7567       3181.6492      
2.2142857       3132.1375       3124.4551       3095.6886       3024.9866       3220.1501       3253.9587       3273.1865       3181.5131      
2.2171429       3129.5147       3121.843        3092.9778       3022.9554       3219.2285       3253.6825       3272.6139       3181.0015      
2.22            3126.676        3118.9186       3089.9259       3020.3879       3217.0561       3251.663        3270.4245       3178.8821      
2.2228571       3123.8792       3115.9802       3087.0482       3018.1299       3215.7843       3250.5156       3269.3116       3177.3905      
2.2257143       3120.6625       3112.4014       3083.8667       3015.317        3213.6739       3248.6695       3267.7856       3174.9376      
2.2285714       3117.8002       3110.1701       3080.5          3012.7149       3211.8069       3246.9308       3266.2804       3172.1178      
2.2314286       3115.0606       3107.8427       3077.6682       3010.4312       3210.3237       3245.6376       3265.2334       3169.132       
2.2342857       3112.114        3104.93         3074.5612       3007.9358       3208.5003       3244.1938       3263.9533       3167.106       
2.2371429       3108.7902       3101.6159       3071.0754       3005.0552       3205.8569       3242.05         3262.0096       3167.3759      
2.24            3105.6571       3098.5343       3067.8352       3002.3868       3203.0064       3240.2186       3260.3757       3169.4849      
2.2428571       3102.5365       3095.479        3064.6249       2999.807        3200.0559       3238.5719       3258.8819       3170.0214      
2.2457143       3099.5829       3092.54         3061.4732       2997.1476       3197.7326       3236.39         3256.8462       3168.4723      
2.2485714       3096.5984       3089.5544       3058.2548       2994.4275       3195.793        3234.3883       3254.934        3167.2031      
2.2514286       3093.2165       3086.165        3054.8597       2991.6209       3193.5082       3232.0286       3252.2483       3164.3651      
2.2542857       3089.9934       3082.9802       3051.5868       2988.9182       3191.1464       3229.9672       3249.4552       3161.668       
2.2571429       3086.8781       3079.8797       3048.3857       2986.5014       3189.267        3228.7659       3247.0989       3159.8277      
2.26            3084.0205       3077.1505       3045.747        2984.3827       3187.7052       3227.4925       3244.0139       3157.5823      
2.2628571       3080.872        3074.1075       3042.8084       2981.9981       3186.3367       3225.9962       3240.2818       3154.9153      
2.2657143       3078.1116       3071.5383       3040.2879       2979.7455       3184.952        3224.161        3236.2345       3151.746       
2.2685714       3074.3824       3067.7651       3036.3065       2976.2538       3182.8079       3221.5446       3232.8709       3148.0166      
2.2714286       3071.3715       3064.6961       3032.9621       2973.5747       3181.3554       3219.532        3232.7728       3144.5118      
2.2742857       3068.4922       3061.832        3029.9258       2971.2341       3180.3909       3218.0187       3235.5038       3141.298       
2.2771429       3065.3789       3058.7259       3026.6429       2968.5491       3178.6225       3215.3816       3236.97         3137.4183      
2.28            3062.0499       3055.4404       3023.2039       2965.6781       3176.2367       3212.3092       3236.2655       3132.9048      
2.2828571       3058.3779       3051.8912       3019.4553       2962.3652       3173.0115       3208.0095       3233.2731       3128.0447      
2.2857143       3055.1306       3048.6261       3016.0771       2959.5298       3170.3015       3203.5751       3230.1573       3123.0749      
2.2885714       3051.964        3045.0116       3012.4593       2956.46         3167.4665       3198.7996       3227.0719       3117.9531      
2.2914286       3048.737        3041.6132       3008.8487       2953.2192       3164.4741       3193.9099       3224.1817       3113.1693      
2.2942857       3045.2182       3038.1391       3005.2207       2950.2166       3162.0302       3188.9418       3221.5946       3108.6291      
2.2971429       3042.2713       3035.2859       3002.2668       2947.9683       3160.274        3184.8806       3219.4017       3103.968       
2.3             3038.9833       3031.971        2998.6608       2945.4335       3157.8268       3182.0369       3216.224        3098.5702      
2.3028571       3035.4808       3028.421        2994.9633       2942.5618       3155.0174       3181.9889       3212.6972       3092.6973      
2.3057143       3031.8428       3024.7726       2991.2125       2939.4017       3151.8022       3182.3193       3208.4259       3086.0598      
2.3085714       3028.5407       3021.4889       2987.8753       2936.5515       3148.5917       3182.9996       3203.9063       3079.1203      
2.3114286       3025.2553       3018.1675       2984.5655       2933.7661       3145.2689       3183.0863       3199.1974       3072.0352      
2.3142857       3021.5478       3014.5473       2980.8548       2930.7312       3141.9415       3181.4939       3194.9729       3065.3293      
2.3171429       3018.0915       3011.167        2977.4128       2927.9972       3138.8434       3179.1713       3191.6154       3059.7496      
2.32            3014.3689       3007.4626       2973.606        2924.7294       3134.5857       3175.9087       3187.3585       3052.9402      
2.3228571       3010.6534       3003.8478       2969.9667       2921.7154       3130.2434       3172.7221       3183.0953       3046.1491      
2.3257143       3007.8046       3000.6969       2966.6557       2919.0302       3126.0114       3169.6609       3178.819        3039.1088      
2.3285714       3004.7784       2997.3293       2963.1638       2916.201        3121.8026       3166.5484       3174.4617       3032.0071      
2.3314286       3000.931        2993.6041       2959.3525       2913.0702       3117.2531       3162.9675       3169.554        3024.2905      
2.3342857       2997.2644       2990.275        2955.9662       2910.4426       3113.5426       3159.6917       3164.8101       3016.6923      
2.3371429       2994.1776       2987.3641       2953.0395       2908.2348       3110.6788       3156.4669       3159.992        3008.9553      
2.34            2990.7765       2983.9839       2949.6993       2905.6792       3109.0675       3153.1586       3155.1927       3001.334       
2.3433333       2987.6218       2980.631        2946.6671       2901.0932       3107.8588       3149.4979       3150.1431       2994.6868      
2.3466667       2983.2327       2976.1511       2942.0618       2896.5263       3106.0366       3144.5569       3143.5314       2984.7792      
2.35            2979.0066       2971.8963       2937.7403       2892.804        3104.4755       3139.7642       3137.004        2973.8932      
2.3533333       2974.8414       2967.735        2933.5393       2889.3878       3102.4125       3134.4901       3129.9326       2962.9707      
2.3566667       2970.4689       2963.3425       2929.0915       2885.8359       3098.8916       3129.0732       3122.7643       2952.3084      
2.36            2966.3776       2959.2332       2924.9349       2882.5663       3094.9431       3123.8858       3116.1733       2942.3007      
2.3633333       2962.6753       2955.5074       2921.1739       2879.6623       3091.1179       3118.9372       3110.0364       2933.6641      
2.3666667       2958.4939       2951.3318       2917.0348       2876.5597       3087.3805       3114.121        3103.7988       2924.3367      
2.37            2953.995        2946.8377       2912.5766       2873.0881       3083.1606       3108.7665       3097.0664       2914.7245      
2.3733333       2949.4627       2942.2886       2908.0404       2869.4669       3078.6534       3103.0772       3089.9975       2904.7321      
2.3766667       2945.1256       2937.9098       2903.6515       2865.9108       3073.9333       3097.0193       3082.5772       2894.5151      
2.38            2940.9762       2933.7466       2899.5062       2862.6273       3069.4151       3091.0928       3075.2299       2884.217       
2.3833333       2936.8369       2929.631        2895.4422       2859.4697       3065.1556       3085.3421       3068.182        2874.2636      
2.3866667       2932.7379       2925.603        2891.4673       2856.415        3060.9083       3079.7746       3061.4436       2864.503       
2.39            2928.6615       2921.5306       2887.4804       2853.3686       3056.2889       3073.8707       3054.3215       2854.2774      
2.3933333       2924.4175       2917.0389       2883.0881       2849.8695       3050.8394       3067.1475       3046.2447       2843.1617      
2.3966667       2920.0366       2912.4902       2878.6437       2846.3686       3045.3105       3060.6254       3038.4709       2832.55        
2.4             2916.0453       2908.4956       2874.7255       2843.3809       3040.0679       3054.4611       3031.0473       2822.2476      
2.4033333       2912.2622       2904.778        2871.148        2840.9261       3035.4028       3048.7435       3023.8984       2812.1552      
2.4066667       2908.1331       2900.7357       2867.1056       2837.5342       3029.7241       3042.2923       3016.2742       2801.6158      
2.41            2904.0505       2896.8449       2863.1482       2834.1256       3024.137        3035.8334       3008.5971       2790.4325      
2.4133333       2900.037        2892.2916       2858.9226       2830.5738       3018.5499       3029.3678       3001.0413       2780.0199      
2.4166667       2896.5366       2888.446        2855.2888       2827.7666       3013.6177       3023.3912       2993.9706       2770.1712      
2.42            2892.2962       2884.2769       2851.2749       2824.4269       3007.9937       3016.6625       2986.2924       2759.8161      
2.4233333       2888.2085       2880.4985       2847.6801       2820.9992       3002.3923       3009.9354       2978.666        2749.3819      
2.4266667       2883.7695       2876.0546       2843.3304       2817.6256       2996.9521       3003.2977       2971.1614       2738.9992      
2.43            2879.3773       2871.607        2838.9941       2814.0983       2991.4308       2996.6537       2963.793        2728.7728      
2.4333333       2875.0326       2867.2528       2834.7793       2810.6465       2986.1386       2990.2914       2956.7777       2718.8502      
2.4366667       2870.9998       2863.1817       2830.8161       2807.3406       2980.6759       2983.6957       2949.589        2708.8207      
2.44            2867.5081       2859.7121       2827.4943       2804.6557       2975.5205       2977.2456       2942.5579       2698.9635      
2.4433333       2864.1294       2856.3221       2824.2466       2802.0661       2970.6169       2971.1164       2935.8152       2689.2008      
2.4466667       2860.0542       2852.2713       2820.3771       2798.971        2965.5614       2965.0472       2929.3139       2679.7662      
2.45            2855.8948       2848.0782       2816.353        2795.7322       2960.3546       2958.7556       2922.5311       2670.1963      
2.4533333       2852.0212       2844.1762       2812.5818       2792.6036       2955.0215       2952.2353       2915.5282       2660.4756      
2.4566667       2847.8219       2839.9672       2808.5103       2789.1632       2949.3592       2945.4103       2908.2644       2650.7196      
2.46            2843.4352       2835.5592       2804.2466       2785.5495       2943.6056       2938.569        2901.0031       2640.963       
2.4633333       2838.8192       2830.963        2799.8292       2781.8183       2937.7452       2931.6121       2893.5843       2630.9685      
2.4666667       2834.4555       2826.5868       2795.6149       2778.3007       2932.1376       2925.0226       2886.6102       2621.5902      
2.47            2830.3984       2822.542        2791.7383       2775.0837       2926.6048       2918.4582       2879.6292       2612.2005      
2.4733333       2826.5653       2818.5874       2787.8858       2771.9323       2921.1445       2911.9719       2872.6153       2602.7134      
2.4766667       2822.7679       2814.8308       2784.392        2769.3097       2916.2039       2905.9126       2865.8614       2593.2245      
2.48            2818.1807       2810.2684       2780.055        2765.7306       2910.3858       2899.2959       2858.6884       2583.5896      
2.4833333       2813.9367       2806.0529       2776.0806       2762.5418       2904.8817       2892.9496       2851.7105       2574.1549      
2.4866667       2809.5681       2801.7189       2772.0005       2759.2315       2899.3819       2886.7963       2844.9942       2564.9782      
2.49            2805.1123       2797.2893       2767.7895       2755.7587       2893.701        2880.5253       2838.1714       2555.6761      
2.4933333       2800.7849       2792.9941       2763.7465       2752.3907       2887.9716       2874.148        2831.2189       2546.2468      
2.4966667       2796.614        2788.805        2759.6977       2749.1394       2882.5048       2868.1218       2824.5687       2536.8596      
2.5             2792.4084       2784.5434       2755.5831       2745.9323       2877.3021       2862.4331       2818.264        2527.9652      
2.5033333       2788.379        2780.4937       2751.6928       2742.5637       2871.4849       2856.0471       2811.3746       2518.565       
2.5066667       2784.1954       2776.2354       2747.5308       2739.2291       2865.868        2849.8772       2804.839        2509.7707      
2.51            2780.0708       2771.9758       2743.4386       2735.9172       2860.5885       2844.1387       2798.7334       2501.7645      
2.5133333       2775.7561       2767.7461       2739.4487       2732.4778       2854.9111       2837.8887       2792.1505       2493.0488      
2.5166667       2771.4465       2763.6273       2735.6299       2729.298        2849.8607       2832.4911       2786.4274       2485.0309      
2.52            2767.2098       2759.4508       2731.7373       2726.0563       2844.6368       2826.8204       2780.2984       2476.2324      
2.524           2763.9228       2756.108        2729.047        2721.8609       2838.5976       2820.5489       2773.6057       2469.5425      
2.528           2758.8282       2751.0867       2724.3845       2717.589        2832.457        2813.9969       2766.558        2457.0598      
2.532           2753.957        2746.2575       2719.817        2713.7021       2826.5994       2807.6277       2759.7566       2445.5867      
2.536           2749.0487       2741.3931       2715.224        2709.8793       2820.5954       2801.1403       2752.7929       2434.9197      
2.54            2743.3008       2735.742        2709.9387       2705.7237       2814.3114       2794.4398       2745.7042       2424.5252      
2.544           2739.1127       2731.5682       2706.0109       2702.6028       2808.4873       2788.1518       2738.9997       2414.7801      
2.5472          2734.3646       2726.9126       2701.107        2701.1141       2804.3555       2783.1641       2733.2961       2401.5307      
2.5504          2729.7735       2722.4178       2696.9837       2698.4381       2799.6227       2778.1412       2728.0668       2397.2619      
2.5536          2726.121        2718.8459       2693.8313       2696.3078       2795.0091       2773.2956       2722.9413       2392.7702      
2.5568          2722.5094       2715.3262       2690.7171       2694.0079       2790.5496       2768.6688       2718.1384       2387.2927      
2.56            2718.8615       2711.7586       2687.5409       2691.4964       2786.0157       2764.017        2713.2472       2381.2499      
2.5633333       2715.1427       2708.1151       2684.371        2688.3899       2780.9187       2758.9031       2707.8878       2375.346       
2.5666667       2711.1963       2704.2702       2680.9407       2685.5331       2776.1072       2753.9662       2702.423        2367.4775      
2.57            2707.3326       2700.5077       2677.5545       2682.7079       2771.4346       2749.2661       2697.2243       2360.0246      
2.5733333       2703.3718       2696.6659       2674.1197       2679.9048       2766.6397       2744.5188       2691.99         2352.9047      
2.5766667       2699.2191       2692.6024       2670.4064       2676.6705       2761.1564       2739.3059       2686.3601       2345.6713      
2.58            2695.2632       2688.7411       2666.8905       2673.5995       2755.8668       2734.3953       2681.0785       2339.0155      
2.5833333       2691.6912       2685.2889       2663.8234       2671.1286       2751.4713       2730.2317       2676.4793       2333.0688      
2.5866667       2688.0262       2681.7084       2660.5839       2668.6742       2747.0958       2725.8821       2671.5901       2326.8737      
2.59            2684.2334       2678.0198       2657.2201       2666.1416       2742.7717       2721.4032       2666.4485       2320.3752      
2.5933333       2680.5459       2674.485        2654.2487       2663.7458       2738.5298       2717.049        2661.637        2314.3286      
2.5966667       2676.816        2670.9097       2651.212        2661.3253       2734.5284       2712.9404       2657.1246       2308.6412      
2.6             2673.2119       2667.4743       2648.2191       2659.087        2731.0485       2709.3002       2653.1196       2303.5086      
2.6033333       2669.5519       2663.9396       2645.0535       2656.67         2727.3723       2705.3487       2648.8035       2298.087       
2.6075          2665.214        2659.7442       2641.7762       2652.2633       2722.0756       2700.2053       2643.6665       2295.4016      
2.6116667       2661.757        2656.3734       2638.7341       2649.3522       2717.8453       2695.5039       2638.4546       2285.4972      
2.6158333       2658.4394       2653.1057       2635.7011       2646.459        2713.8001       2690.9137       2633.3588       2277.0126      
2.62            2652.8987       2647.8441       2631.0212       2642.5915       2709.2622       2686.0975       2628.1454       2269.8328      
2.624           2649.3756       2644.4313       2627.8578       2640.2337       2705.3498       2681.6867       2623.3106       2263.2886      
2.628           2645.2525       2640.4977       2624.3788       2637.6023       2701.4206       2677.4276       2618.7172       2258.527       
2.632           2640.65         2636.1874       2620.7003       2634.9863       2697.5011       2673.2657       2614.5244       2254.1272      
2.636           2636.3104       2632.2125       2617.6264       2632.5215       2693.8633       2669.3799       2610.5942       2250.0223      
2.64            2632.3726       2628.5073       2614.5615       2629.9761       2690.2579       2665.4023       2606.4259       2245.6193      
2.6433333       2628.5198       2624.8328       2610.9689       2628.4127       2687.6244       2661.9953       2602.5015       2238.0377      
2.6466667       2625.8933       2622.3016       2608.7731       2626.6797       2684.4555       2658.4356       2598.8573       2237.6698      
2.65            2621.5584       2618.2468       2605.3733       2624.2101       2681.1205       2654.8226       2595.2372       2236.33        
2.6533333       2619.2344       2616.0261       2603.5313       2622.7928       2678.7041       2651.9924       2592.3104       2234.4356      
2.6566667       2616.1251       2613.0539       2600.9788       2620.6615       2676.0648       2649.0312       2589.3149       2231.7871      
2.66            2613.172        2610.2162       2598.5028       2618.4527       2673.2513       2645.8716       2586.2595       2229.0421      
2.664           2610.4675       2607.6487       2596.6267       2615.3095       2669.3413       2642.0737       2582.7886       2228.6987      
2.668           2607.1129       2604.5128       2593.8925       2612.6882       2666.2741       2638.8659       2579.6186       2222.8354      
2.672           2603.2269       2600.8362       2590.6349       2609.7481       2662.8326       2635.3807       2576.4352       2217.5151      
2.676           2601.3305       2598.8236       2588.8478       2607.8227       2659.6552       2632.1567       2573.613        2214.1507      
2.68            2596.5853       2594.3393       2584.9621       2604.6256       2655.8179       2628.6095       2570.5965       2210.9194      
2.684           2595.008        2592.7988       2583.6312       2603.2332       2652.946        2625.8585       2568.3303       2208.7897      
2.688           2590.4684       2588.5846       2580.0577       2600.4695       2649.4287       2622.7763       2565.8409       2205.9445      
2.692           2588.3129       2586.5671       2578.3573       2598.8946       2646.5657       2620.1926       2563.997        2203.9342      
2.696           2585.1917       2583.6952       2575.9355       2596.8315       2643.7108       2617.7016       2562.1996       2201.6325      
2.7             2582.077        2580.6558       2573.3003       2594.6313       2640.8927       2615.3716       2560.6612       2199.592       
2.705           2578.9782       2577.7104       2571.0677       2591.3512       2636.8971       2612.4354       2558.8389       2200.5204      
2.71            2574.8859       2573.8561       2567.7981       2588.3446       2633.7715       2609.9471       2556.6975       2194.1191      
2.715           2571.236        2570.4181       2564.8374       2585.5855       2630.8584       2607.9473       2555.165        2189.4654      
2.72            2567.5385       2566.95         2561.7261       2582.8343       2627.8684       2605.9462       2553.6246       2186.4189      
2.725           2564.377        2563.9715       2559.0757       2580.4462       2624.9352       2604.1303       2552.1054       2184.3467      
2.73            2561.2179       2560.9924       2556.4804       2578.0349       2621.9847       2602.3023       2550.2566       2182.2474      
2.735           2557.7534       2557.7243       2553.4905       2575.4704       2619.1616       2600.705        2548.4563       2180.496       
2.74            2554.6088       2554.7989       2551.02         2573.3192       2616.8149       2599.6001       2546.9944       2179.1783      
2.745           2551.7133       2552.067        2548.6698       2571.0229       2614.6249       2598.4697       2545.2815       2177.7572      
2.75            2548.7011       2549.2286       2546.2184       2568.6566       2612.1389       2597.1828       2543.4135       2176.4206      
2.755           2545.6715       2546.3565       2543.6708       2566.1088       2609.7562       2595.9604       2541.5738       2174.9967      
2.76            2542.8965       2543.8019       2541.5354       2564.2083       2608.1528       2595.6385       2540.1195       2173.874       
2.765           2540.0534       2541.1464       2539.2354       2561.9718       2606.3047       2594.9735       2538.5277       2172.8431      
2.77            2537.2813       2538.58         2537.0644       2560.0376       2605.1771       2594.4864       2536.96         2172.1132      
2.775           2534.4592       2535.9388       2534.7836       2557.8679       2603.6797       2593.6294       2535.1562       2171.2668      
2.78            2531.6366       2533.3001       2532.4974       2555.7394       2602.334        2592.721        2533.3496       2170.4815      
2.784           2529.6636       2531.3999       2530.5567       2555.344        2602.2455       2592.3902       2531.8276       2166.0655      
2.788           2527.4565       2529.3615       2528.8368       2553.8029       2601.0177       2591.6398       2531.0934       2169.71        
2.792           2525.3415       2527.4297       2527.2644       2552.5042       2600.0013       2590.823        2529.9733       2172.185       
2.796           2523.4009       2525.6232       2525.698        2551.0229       2598.9377       2589.8717       2528.6492       2172.9762      
2.8             2521.474        2523.8221       2524.1328       2549.4641       2598.0778       2589.0047       2527.5619       2173.1817      
2.804           2519.4796       2521.9531       2522.4927       2547.8193       2597.3518       2588.0676       2526.5731       2173.3211      
2.808           2517.4279       2520.0386       2520.818        2546.1512       2597.1671       2587.1989       2525.7882       2173.4794      
2.812           2515.6078       2518.332        2519.3059       2544.603        2597.1663       2586.5263       2525.372        2173.8164      
2.816           2513.7597       2516.5876       2517.7417       2542.9269       2597.0725       2585.8355       2524.9653       2174.2439      
2.82            2511.6737       2514.6115       2515.9575       2541.1874       2597.021        2585.1867       2524.3844       2174.7281      
2.824           2509.9921       2513.0561       2514.6013       2539.5373       2596.3827       2584.5354       2524.3586       2175.3988      
2.828           2507.9365       2511.1522       2512.92         2537.8708       2595.327        2583.8987       2524.4185       2176.0737      
2.832           2506.1522       2509.4641       2511.3651       2536.137        2594.1234       2583.2967       2524.612        2176.8155      
2.836           2504.0224       2507.4393       2509.5443       2534.4115       2593.0007       2582.7589       2524.604        2177.7092      
2.84            2502.4134       2505.9393       2508.2334       2533.0204       2592.014        2582.1726       2524.5477       2178.6022      
2.845           2500.312        2504.1446       2506.8448       2530.1367       2590.0448       2581.0252       2524.9931       2182.4978      
2.85            2498.0765       2502.0571       2504.96         2528.0827       2588.8185       2579.9903       2524.4712       2180.2081      
2.855           2496.4098       2500.4019       2503.4876       2526.2466       2587.5387       2578.9958       2523.9088       2178.9037      
2.86            2494.2683       2498.3312       2501.5172       2523.9508       2586.0277       2578.0911       2523.4571       2179.3505      
2.865           2491.9674       2496.1482       2499.4547       2521.7027       2584.5675       2576.8878       2522.9721       2180.4273      
2.87            2489.6328       2493.9197       2497.3261       2519.2968       2583.1447       2575.9534       2522.2804       2181.5379      
2.875           2487.5377       2491.8638       2495.2978       2516.8082       2581.7946       2575.0361       2521.6319       2182.6918      
2.88            2485.1768       2489.6122       2493.1904       2514.4409       2580.5094       2574.1769       2521.0607       2183.8619      
2.885           2482.8747       2487.3862       2491.0618       2511.9814       2579.2225       2573.8742       2520.5716       2185.215       
2.89            2480.5722       2485.1359       2488.8312       2509.2858       2577.7802       2573.8811       2520.169        2186.8021      
2.895           2478.269        2482.8833       2486.611        2506.7993       2576.0519       2574.742        2519.5588       2188.2493      
2.9             2475.9141       2480.5878       2484.3729       2504.3714       2573.977        2575.9408       2519.0325       2189.8472      
2.905           2473.3927       2478.0849       2481.8344       2501.4752       2571.4778       2576.7928       2518.4383       2191.4462      
2.91            2470.8841       2475.6158       2479.3532       2498.6777       2569.3833       2576.906        2517.9907       2193.1947      
2.915           2468.4125       2473.1668       2476.8921       2495.9109       2568.0309       2576.6853       2517.5649       2195.0171      
2.92            2466.1014       2470.9161       2474.6699       2493.4518       2566.909        2576.5332       2517.1853       2196.9163      
2.925           2463.7594       2468.6075       2472.3706       2490.8822       2565.3791       2576.2924       2516.8062       2198.9029      
2.93            2461.2207       2466.0973       2469.8482       2488.0872       2564.08         2575.7478       2516.0481       2200.7329      
2.935           2458.8084       2463.7046       2467.434        2485.3823       2562.2243       2575.2998       2515.4382       2202.7181      
2.94            2456.4209       2461.3514       2465.0766       2482.7677       2560.4433       2574.8826       2514.8133       2204.7578      
2.945           2453.9976       2458.9247       2462.615        2480.0187       2558.8791       2574.2857       2514.0641       2206.8254      
2.95            2451.2356       2456.1729       2459.8228       2476.9882       2558.9034       2573.6632       2513.3427       2208.8169      
2.955           2448.6473       2453.5773       2457.1397       2474.0216       2559.7494       2572.9925       2512.6905       2211.1046      
2.96            2445.9209       2450.8303       2454.3352       2470.9669       2560.7402       2572.2317       2511.9923       2213.2357      
2.965           2443.2195       2448.1367       2451.5865       2467.9529       2561.4916       2571.3363       2511.2125       2215.4172      
2.97            2440.0201       2445.0288       2448.5212       2464.7248       2561.7496       2570.2477       2510.3077       2217.4565      
2.975           2437.2029       2442.2336       2445.7195       2461.7125       2561.8052       2569.2616       2509.6248       2219.7568      
2.98            2434.4577       2439.524        2442.9649       2458.7108       2561.1892       2568.2682       2509.0058       2222.1443      
2.985           2431.7941       2436.7939       2440.1669       2455.6693       2560.1913       2567.2736       2508.5367       2224.6743      
2.99            2428.245        2433.3983       2436.9369       2452.4537       2558.9151       2566.0892       2507.9449       2227.0862      
2.995           2424.9482       2430.1837       2433.7641       2449.1501       2557.6276       2564.8083       2507.258        2229.3801      
3               2422.3196       2427.5581       2431.1206       2446.2065       2556.2807       2563.4509       2506.554        2231.6178      
3.005           2419.2448       2424.5047       2428.075        2443.0849       2554.6911       2561.9681       2505.8235       2233.7871      
3.01            2416.4142       2421.6438       2425.1768       2439.9828       2553.2037       2560.4899       2505.2189       2236.1372      
3.015           2413.088        2418.3683       2421.9111       2436.4402       2551.4594       2558.9483       2504.4289       2238.3283      
3.02            2409.9577       2415.2203       2418.7101       2432.9803       2549.6727       2557.2838       2503.6107       2240.4451      
3.025           2406.612        2411.8749       2415.3284       2429.2954       2547.7747       2555.754        2502.8506       2242.5159      
3.03            2403.3753       2408.6253       2412.0362       2425.7912       2545.7375       2554.1419       2501.9982       2244.5515      
3.035           2399.9228       2405.1519       2408.5221       2422.1251       2543.5049       2552.4191       2501.0629       2246.5274      
3.04            2396.3521       2401.5537       2404.8023       2417.9928       2541.1861       2550.6899       2500.1811       2248.5456      
3.045           2392.9642       2398.1342       2401.2465       2413.9313       2538.7734       2548.9125       2499.3299       2250.5855      
3.05            2389.573        2394.7281       2397.7393       2409.8975       2536.2322       2547.0658       2498.4302       2252.5409      
3.055           2386.1874       2391.334        2394.184        2405.7488       2533.5461       2545.1342       2497.4382       2254.4554      
3.06            2382.7442       2387.848        2390.5579       2401.4227       2530.6955       2543.1253       2496.3272       2256.202       
3.065           2379.0515       2384.0562       2386.5907       2396.9407       2527.8173       2541.1149       2495.2084       2257.9274      
3.07            2375.4396       2380.3773       2382.7306       2392.4023       2524.8452       2539.0845       2494.0837       2259.6423      
3.075           2371.8052       2376.6281       2378.7536       2387.7748       2521.7902       2536.9763       2492.843        2261.2313      
3.08            2368.2583       2373.0084       2374.9239       2383.0372       2518.554        2534.7351       2491.5226       2262.6686      
3.085           2364.5975       2369.2201       2370.92         2378.2186       2515.2675       2532.4622       2490.1427       2264.0461      
3.09            2360.7094       2365.2446       2366.7157       2373.1501       2511.8295       2530.0735       2488.6676       2265.2388      
3.095           2356.6314       2360.9837       2362.1204       2368.0973       2508.573        2527.8098       2487.2818       2266.507       
3.1             2352.6065       2356.8597       2357.7634       2362.9077       2505.1941       2525.6509       2486.2546       2268.3417      
3.105           2348.4773       2352.57         2353.1084       2357.6664       2501.8363       2523.5691       2485.3543       2270.4055      
3.11            2344.1701       2348.1193       2348.2795       2352.2          2498.2919       2521.2462       2484.0185       2271.8527      
3.115           2339.9085       2343.6675       2343.4453       2346.7901       2494.6808       2518.8064       2482.4098       2272.8616      
3.12            2335.5991       2339.2491       2338.7889       2341.2487       2490.9092       2516.2739       2480.6584       2273.6306      
3.125           2331.0593       2334.5312       2333.7189       2335.1866       2486.9135       2513.662        2478.9851       2274.4968      
3.13            2326.7106       2330.0016       2328.8666       2329.3998       2483.0249       2511.062        2477.2861       2275.341       
3.135           2322.3407       2325.4503       2323.985        2323.5923       2479.0695       2508.4109       2475.5761       2276.149       
3.14            2317.8494       2320.7606       2318.9547       2317.5902       2475.0074       2505.6831       2473.7488       2276.7551      
3.145           2313.3363       2316.0251       2313.6739       2311.4237       2470.8388       2502.9069       2471.9163       2277.4965      
3.15            2308.6349       2311.1374       2308.26         2305.196        2466.5086       2500.0108       2470.0433       2278.2054      
3.155           2303.6487       2305.9832       2302.778        2298.8331       2462.0829       2497.0075       2468.0042       2278.6102      
3.16            2298.928        2301.0121       2297.3629       2292.4212       2457.5705       2493.9384       2465.8902       2278.912       
3.164           2294.9962       2296.9008       2292.5591       2290.3683       2453.9792       2491.0778       2463.1981       2276.5408      
3.168           2290.7299       2292.4176       2287.8741       2285.0344       2450.5718       2488.7634       2461.893        2279.0492      
3.172           2286.7953       2288.2443       2283.3913       2279.5344       2447.008        2486.3793       2460.4589       2281.0228      
3.176           2282.8023       2284.0979       2278.9965       2274.3228       2443.3416       2483.8339       2458.6945       2281.6936      
3.18            2278.7432       2279.9136       2274.6918       2269.0642       2439.6703       2481.2558       2456.7829       2281.7354      
3.184           2274.6348       2275.6431       2270.1414       2263.7878       2436.0255       2478.7511       2455.1079       2282.0798      
3.188           2270.495        2271.3247       2265.5137       2258.4412       2432.3652       2476.2381       2453.4489       2282.4434      
3.192           2266.3243       2266.9474       2260.7398       2253.1011       2428.642        2473.6126       2451.6005       2282.432       
3.196           2262.1077       2262.5224       2255.923        2247.7269       2424.8899       2470.9475       2449.6556       2282.25        
3.2             2257.7618       2257.9628       2250.9972       2242.2715       2421.0449       2468.1734       2447.577        2281.8864      
3.204           2253.4211       2253.4046       2246.0743       2236.8348       2417.1734       2465.3262       2445.4153       2281.5557      
3.208           2249.1996       2248.9272       2241.2138       2231.4513       2413.2392       2462.3155       2443.0131       2280.9923      
3.212           2244.733        2244.3388       2236.2872       2226.0092       2409.2763       2459.2829       2440.6153       2280.462       
3.216           2240.3747       2239.841        2231.441        2220.6647       2405.3292       2456.196        2438.0899       2279.6485      
3.22            2235.9053       2235.2007       2226.454        2215.2591       2401.3451       2453.0782       2435.5312       2278.7366      
3.224           2231.456        2230.5293       2221.4375       2209.8855       2397.3899       2450.0013       2433.1151       2278.2765      
3.228           2226.8503       2225.7176       2216.307        2204.465        2393.3933       2446.8189       2430.4605       2277.2948      
3.232           2222.493        2221.1574       2211.3934       2199.1934       2389.4411       2443.6494       2427.8099       2276.362       
3.236           2218.0639       2216.5381       2206.4238       2193.8919       2385.4547       2440.4285       2425.1129       2275.3954      
3.24            2212.6289       2210.9998       2200.6685       2188.1032       2381.2954       2437.0891       2422.34         2274.3608      
3.244           2209.0923       2207.1822       2196.3615       2183.2746       2377.4818       2433.9583       2419.7722       2273.6813      
3.248           2203.8397       2201.8915       2190.9163       2177.8017       2373.3914       2430.5653       2416.8679       2272.3307      
3.252           2199.8232       2197.654        2186.3204       2172.909        2369.4704       2427.2078       2413.9542       2271.1074      
3.256           2193.8026       2191.5872       2180.1269       2166.8816       2365.0762       2423.4695       2410.6411       2269.1965      
3.26            2190.6732       2188.1804       2176.2013       2162.2747       2361.2822       2420.1594       2407.7844       2268.0221      
3.265           2183.9997       2181.408        2169.3525       2152.2466       2355.8713       2415.8264       2404.4302       2267.4282      
3.27            2178.2065       2175.4564       2163.0819       2145.7595       2350.6268       2411.2938       2400.3215       2263.6721      
3.275           2172.3103       2169.3778       2156.6238       2139.3166       2345.1739       2406.4503       2395.9521       2260.177       
3.28            2166.4094       2163.3049       2150.1739       2132.8684       2339.8082       2401.6298       2391.6838       2257.297       
3.284           2160.9588       2157.732        2144.2271       2130.8205       2335.4686       2397.3057       2387.3331       2252.9891      
3.288           2157.076        2153.6302       2139.6746       2126.0704       2331.4717       2393.4926       2384.1336       2252.5877      
3.292           2152.074        2148.5266       2134.384        2120.713        2327.279        2389.6475       2380.8848       2251.8891      
3.296           2147.5572       2143.8795       2129.5062       2115.7543       2323.0426       2385.7297       2377.4673       2250.2189      
3.3             2142.9522       2139.201        2124.595        2110.7732       2318.732        2381.752        2373.9799       2248.265       
3.304           2138.4227       2134.5742       2119.699        2105.7814       2314.3673       2377.6997       2370.4244       2246.1371      
3.308           2133.7574       2129.7809       2114.7029       2100.7654       2309.955        2373.5907       2366.8255       2243.9765      
3.312           2128.9838       2124.9175       2109.6685       2095.7635       2305.5131       2369.4445       2363.2082       2241.8023      
3.316           2124.2455       2120.098        2104.6586       2090.7908       2301.0339       2365.2557       2359.5541       2239.5827      
3.32            2119.5436       2115.2965       2099.6604       2085.8431       2296.5083       2361.0042       2355.8451       2237.2928      
3.324           2114.9109       2110.5849       2094.7366       2080.9481       2291.943        2356.6975       2352.0825       2234.9121      
3.328           2110.152        2105.7189       2089.6906       2075.9906       2287.3223       2352.3535       2348.306        2232.5539      
3.332           2105.6485       2101.0879       2084.8419       2071.1578       2282.7015       2347.9839       2344.5025       2230.1407      
3.336           2100.9085       2096.2849       2079.8678       2066.2536       2278.015        2343.5577       2340.6557       2227.7048      
3.34            2096.5519       2091.8455       2075.2246       2061.5958       2273.363        2339.1036       2336.7069       2225.0538      
3.345           2090.4695       2085.6548       2068.9936       2051.9492       2267.137        2333.6055       2332.196        2222.763       
3.35            2085.0775       2080.1264       2063.2072       2046.0387       2261.1827       2328.1904       2327.3509       2218.5674      
3.355           2079.2108       2074.2394       2057.0572       2040.1216       2255.0357       2322.3803       2322.1284       2214.171       
3.36            2073.4318       2068.2937       2050.8026       2034.0296       2248.9259       2316.5144       2316.9233       2210.3531      
3.365           2068.3484       2063.0172       2045.1349       2028.326        2243.0162       2310.7925       2311.799        2206.6872      
3.37            2061.5246       2056.2065       2038.2342       2021.885        2236.8556       2304.9189       2306.5547       2202.7837      
3.375           2055.8525       2050.4078       2032.1428       2015.8521       2230.8464       2299.1519       2301.3668       2198.9369      
3.38            2049.8205       2044.2987       2025.8545       2009.7542       2224.8561       2293.3514       2296.126        2195.0249      
3.385           2043.8519       2038.2202       2019.531        2003.5601       2218.9102       2287.5703       2291.0189       2191.486       
3.39            2037.9247       2032.1768       2013.2386       1997.3722       2213.0041       2281.7566       2285.8788       2187.8412      
3.395           2031.9033       2026.0637       2006.9274       1991.2043       2207.1563       2275.931        2280.7273       2184.1112      
3.4             2026.0269       2020.0708       2000.6916       1985.0718       2201.3941       2270.1327       2275.5988       2180.3501      
3.405           2020.4744       2014.3507       1994.664        1979.0659       2195.723        2264.3765       2270.5292       2176.6185      
3.41            2014.155        2007.9877       1988.1606       1972.8277       2190.0599       2258.626        2265.471        2172.8035      
3.415           2008.3          2002.0265       1981.9683       1966.777        2184.4646       2252.8838       2260.4262       2169.0132      
3.42            2002.3627       1996.0101       1975.7314       1960.6787       2178.7727       2247.1299       2255.4035       2165.2029      
3.425           1996.6001       1990.0496       1969.5594       1954.6507       2173.1176       2241.3638       2250.3921       2161.3845      
3.43            1990.8122       1984.1015       1963.422        1948.6885       2167.5102       2235.6101       2245.3952       2157.5484      
3.435           1984.9724       1978.1463       1957.2731       1942.7575       2161.9237       2229.8848       2240.4317       2153.7245      
3.44            1979.1273       1972.2304       1951.1866       1936.9111       2156.3462       2224.1841       2235.4865       2149.9132      
3.445           1973.384        1966.365        1945.1667       1931.1471       2150.7526       2218.4695       2230.4816       2146.0019      
3.45            1967.7157       1960.579        1939.2524       1925.4989       2145.1243       2212.8415       2225.4623       2142.0032      
3.455           1961.679        1954.452        1933.0386       1919.8078       2139.5783       2207.0034       2220.4176       2138.2518      
3.46            1956.6476       1949.2937       1927.7183       1914.6386       2134.0071       2201.457        2215.3736       2134.1773      
3.465           1950.9831       1943.5648       1921.9235       1909.3029       2128.3987       2195.7855       2210.3875       2130.3805      
3.47            1945.6138       1938.1309       1916.415        1904.2032       2122.7719       2190.1839       2205.3747       2126.4518      
3.475           1940.2419       1932.6959       1910.9226       1899.1673       2117.0798       2184.5271       2200.3638       2122.5935      
3.48            1935.0684       1927.4497       1905.6142       1894.2849       2111.2645       2178.8041       2195.3247       2118.723       
3.485           1929.7659       1922.1073       1900.2593       1889.3837       2105.262        2173.0384       2190.3343       2114.9631      
3.49            1924.5679       1916.8763       1895.0226       1884.6093       2099.2567       2167.3404       2185.3487       2111.1383      
3.495           1919.4668       1911.7318       1889.8705       1879.9428       2093.2642       2161.686        2180.3572       2107.0257      
3.5             1914.4441       1906.6704       1884.8073       1875.3484       2087.2245       2156.0618       2175.4037       2103.2319      
3.505           1909.4786       1901.6639       1879.8029       1870.825        2081.1456       2150.4789       2170.4807       2099.4046      
3.51            1904.5917       1896.7384       1874.8817       1866.3747       2075.015        2144.9322       2165.5919       2095.6135      
3.515           1899.7664       1891.872        1870.0292       1861.9874       2068.7978       2139.3986       2160.7189       2091.8275      
3.52            1895.0012       1887.0709       1865.2161       1857.6128       2062.5929       2133.9445       2155.9119       2088.1145      
3.525           1890.3294       1882.368        1860.5002       1853.2854       2056.3958       2128.5419       2151.1245       2084.3924      
3.53            1885.5441       1877.5519       1855.661        1848.8458       2050.18         2123.1549       2146.3384       2080.7335      
3.535           1880.8986       1872.8613       1850.9496       1844.4872       2044.0139       2117.78         2141.4522       2077.0474      
3.54            1876.2384       1868.1658       1846.2311       1840.1207       2037.8777       2112.3697       2136.4494       2073.456       
3.545           1871.6513       1863.5366       1841.577        1835.8129       2031.8262       2106.925        2131.5481       2070.098       
3.55            1867.1164       1858.9587       1836.9531       1831.518        2025.9044       2101.5982       2126.6002       2066.6576      
3.555           1862.6258       1854.3935       1832.3378       1827.1965       2020.0849       2096.394        2121.8423       2063.3966      
3.56            1858.1298       1849.8478       1827.731        1822.8231       2014.2687       2091.2521       2117.1211       2060.1576      
3.565           1853.7328       1845.4003       1823.237        1818.6601       2008.889        2086.262        2112.5004       2056.8837      
3.57            1849.3242       1840.939        1818.7144       1814.4002       2003.4362       2081.2629       2107.9392       2053.9784      
3.575           1844.9767       1836.5466       1814.2883       1810.2458       1998.0977       2076.2839       2103.4239       2051.0025      
3.58            1840.7494       1832.2532       1809.9188       1806.1253       1992.8774       2071.3547       2098.9517       2048.0962      
3.585           1836.8962       1828.316        1805.8878       1802.2761       1987.8639       2066.4939       2094.6034       2045.3663      
3.59            1832.6914       1824.081        1801.6557       1798.3862       1982.9842       2061.6603       2090.2853       2042.5588      
3.595           1828.6751       1820.023        1797.584        1794.6298       1978.2385       2056.8235       2085.9638       2039.6398      
3.6             1824.8761       1816.1786       1793.6608       1790.9502       1973.6023       2051.9693       2081.6041       2036.7291      
3.605           1820.7251       1812.0384       1789.5567       1787.2408       1969.087        2047.1047       2077.3847       2033.9662      
3.61            1817.6285       1808.8141       1786.1727       1783.8853       1964.6599       2042.3277       2073.3315       2031.4268      
3.615           1813.9821       1805.1333       1782.4768       1780.4654       1960.2303       2037.5579       2069.336        2028.9066      
3.62            1810.7414       1801.8087       1779.0641       1777.2053       1955.8769       2032.8447       2065.4399       2026.5114      
3.625           1807.4227       1798.4281       1775.6465       1774.0088       1951.5725       2028.1816       2061.6085       2024.1819      
3.63            1803.8912       1794.9478       1772.1942       1770.8625       1947.3123       2023.5344       2057.8354       2021.9374      
3.635           1800.9886       1791.986        1769.168        1768.0034       1943.1513       2018.9985       2054.2052       2019.8408      
3.64            1797.8055       1788.7917       1765.9918       1765.1419       1939.0183       2014.5116       2050.6448       2017.7372      
3.645           1794.5954       1785.5913       1762.8397       1762.345        1934.9052       2010.0778       2047.1651       2015.7051      
3.65            1792.4972       1783.3439       1760.4484       1760.0166       1930.9617       2005.8657       2043.9263       2013.8508      
3.655           1788.1545       1779.2163       1756.6349       1756.9889       1926.8512       2001.5071       2040.496        2011.6463      
3.66            1786.9463       1777.7385       1754.857        1755.0093       1922.9953       1997.4231       2037.425        2009.969       
3.665           1783.1386       1774.0909       1751.4668       1752.2984       1918.8815       1993.1758       2034.1984       2007.9261      
3.67            1780.7124       1771.6165       1748.9725       1750.0317       1914.9017       1989.0412       2031.1128       2006.1859      
3.675           1778.0111       1768.9336       1746.3522       1747.7575       1910.9799       1984.9868       2028.0737       2004.4098      
3.68            1775.5137       1766.43         1743.8882       1745.6069       1907.145        1981.0552       2025.1177       2002.7331      
3.685           1773.1168       1764.0275       1741.5252       1743.5432       1903.36         1977.2227       2022.2165       2001.1247      
3.69            1770.6973       1761.6738       1739.2704       1741.4994       1899.6344       1973.5152       2019.3872       1999.5186      
3.695           1768.5463       1759.5501       1737.1757       1739.5648       1895.9906       1969.9187       2016.6102       1997.9819      
3.7             1766.1898       1757.1943       1734.897        1737.5878       1892.3961       1966.501        2013.9637       1996.4906      
3.705           1764.3869       1755.4683       1733.2081       1735.853        1888.8269       1963.1017       2011.2595       1994.9959      
3.71            1762.2422       1753.3336       1731.1359       1733.9862       1885.2625       1959.8245       2008.6183       1993.5367      
3.715           1760.2658       1751.3763       1729.2444       1732.3164       1881.7331       1956.42         2005.8739       1992.0635      
3.72            1758.2273       1749.3877       1727.3466       1730.6346       1878.2238       1953.0856       2003.185        1990.6171      
3.725           1756.2424       1747.4507       1725.5076       1729.0462       1874.7399       1949.7622       2000.5032       1989.1736      
3.73            1754.2411       1745.5119       1723.7023       1727.5416       1871.2923       1946.5215       1997.8301       1987.7596      
3.735           1752.3997       1743.7287       1722.0253       1726.1316       1867.8652       1943.3002       1995.2917       1986.3397      
3.74            1750.5812       1741.9793       1720.4135       1724.8161       1864.4621       1940.1563       1992.7221       1984.9412      
3.745           1748.7977       1740.2745       1718.8572       1723.5812       1861.0789       1937.0465       1990.2034       1983.5433      
3.75            1747.1213       1738.683        1717.416        1722.4333       1857.724        1933.9868       1987.6959       1982.1455      
3.755           1745.494        1737.1464       1716.0381       1721.3522       1854.3938       1930.9629       1985.2193       1980.7545      
3.76            1743.8723       1735.6278       1714.6932       1720.3092       1851.0745       1927.969        1982.7598       1979.3521      
3.765           1742.3304       1734.205        1713.4465       1719.3117       1847.7737       1925.0037       1980.3182       1977.9617      
3.77            1740.9442       1732.9049       1712.2834       1718.357        1844.5132       1922.0741       1977.8999       1976.5813      
3.775           1739.6074       1731.6596       1711.1703       1717.3995       1841.2772       1919.1689       1975.4883       1975.2135      
3.78            1738.3679       1730.5053       1710.1313       1716.459        1838.0718       1916.3085       1973.1665       1973.8515      
3.785           1736.863        1729.1372       1708.9697       1715.5389       1834.9218       1913.4448       1970.6479       1972.4697      
3.79            1735.5168       1727.8942       1707.8678       1714.63         1831.7963       1910.6061       1968.177        1971.0958      
3.795           1734.3838       1726.8439       1706.927        1713.809        1828.7184       1907.777        1965.6512       1969.7331      
3.8             1733.2068       1725.7626       1705.9762       1712.9914       1825.6753       1904.964        1963.1405       1968.3814      
3.805           1732.0225       1724.6744       1705.0026       1712.2017       1822.6798       1902.1583       1960.5698       1967.0161      
3.81            1730.8824       1723.6565       1704.1409       1711.4483       1819.6981       1899.3494       1958.0485       1965.6843      
3.815           1729.6791       1722.5796       1703.2377       1710.726        1816.7817       1896.5703       1955.4918       1964.3612      
3.82            1728.3381       1721.3753       1702.2349       1709.9575       1813.8914       1893.7791       1952.9366       1963.0134      
3.825           1727.0317       1720.2169       1701.293        1709.2361       1811.044        1890.981        1950.3528       1961.6639      
3.83            1725.9361       1719.2474       1700.5013       1708.5928       1808.244        1888.1744       1947.7616       1960.2847      
3.835           1725.0122       1718.4344       1699.8467       1708.0868       1805.5003       1885.3639       1945.1737       1958.9565      
3.84            1723.9872       1717.5497       1699.1647       1707.6414       1802.8051       1882.5428       1942.5791       1957.3591      
3.845           1723.0296       1716.7284       1698.5408       1707.1938       1800.1638       1879.7125       1939.9961       1955.881       
3.85            1722.0592       1715.8923       1697.8946       1706.7438       1797.5746       1876.8748       1937.4226       1954.4029      
3.855           1720.9773       1714.9325       1697.0969       1706.2618       1795.0419       1874.0347       1934.8716       1952.9001      
3.86            1720.0334       1714.1108       1696.448        1705.8501       1792.5552       1871.1903       1932.3358       1951.3728      
3.865           1718.9989       1713.2209       1695.7573       1705.4649       1790.0865       1868.3427       1929.814        1949.6892      
3.87            1717.9802       1712.3312       1695.0438       1705.0897       1787.6193       1865.4913       1927.3159       1948.197       
3.875           1716.9948       1711.5086       1694.4557       1704.7585       1785.1483       1862.6489       1924.8409       1946.5337      
3.88            1716.0439       1710.7194       1693.9          1704.4397       1782.6658       1859.8199       1922.3824       1944.9767      
3.885           1715.0454       1709.8805       1693.2867       1704.0771       1780.1705       1856.9951       1919.9053       1943.3217      
3.89            1714.0623       1709.0546       1692.6786       1703.7141       1777.6718       1854.1907       1917.4466       1941.6652      
3.895           1713.1677       1708.3241       1692.1723       1703.4023       1775.1747       1851.4075       1914.9893       1939.7602      
3.9             1712.0437       1707.345        1691.4267       1702.9705       1772.6835       1848.6563       1912.5498       1937.823       
3.905           1710.8781       1706.3147       1690.6107       1702.4909       1770.2116       1845.9355       1910.1104       1935.844       
3.91            1709.7952       1705.379        1689.8944       1702.0448       1767.7761       1843.2499       1907.673        1933.816       
3.915           1708.7242       1704.4599       1689.2006       1701.5943       1765.3873       1840.5985       1905.2279       1931.7403      
3.92            1707.6484       1703.5502       1688.5291       1701.1818       1763.0548       1837.9812       1902.7743       1929.624       
3.925           1706.6268       1702.6805       1687.8762       1700.7035       1760.7986       1835.4019       1900.2978       1927.4804      
3.93            1705.588        1701.8009       1687.2179       1700.233        1758.6115       1832.852        1897.802        1925.2658      
3.935           1704.5501       1700.908        1686.5358       1699.7232       1756.5109       1830.3296       1895.2819       1923.0547      
3.94            1703.431        1699.941        1685.7864       1699.1624       1754.5199       1827.8351       1892.7091       1920.8031      
3.945           1702.3336       1698.9839       1685.0447       1698.5849       1752.5713       1825.3561       1890.1522       1918.5472      
3.95            1701.164        1697.9622       1684.2414       1697.9613       1750.7346       1822.8997       1887.5274       1916.2614      
3.955           1699.9491       1696.896        1683.3996       1697.3042       1748.9708       1820.4552       1884.8747       1913.9541      
3.96            1698.6985       1695.7929       1682.5205       1696.6151       1747.2838       1818.0227       1882.1775       1911.6499      
3.965           1697.4469       1694.684        1681.6333       1695.9112       1745.6693       1815.5957       1879.443        1909.3633      
3.97            1696.1252       1693.5139       1680.695        1695.1718       1744.1108       1813.1686       1876.6719       1907.0915      
3.975           1694.7792       1692.3241       1679.7339       1694.4092       1742.5951       1810.7376       1873.8679       1904.8516      
3.98            1693.4083       1691.1073       1678.7518       1693.6341       1741.1165       1808.2989       1871.0293       1902.5836      
3.985           1692.0833       1689.9078       1677.7682       1692.8526       1739.6092       1805.8349       1868.1539       1900.3295      
3.99            1690.6683       1688.6235       1676.719        1692.0499       1738.1263       1803.3562       1865.2455       1897.9948      
3.995           1689.1317       1687.259        1675.6183       1691.2006       1736.6444       1800.862        1862.3107       1895.637       
4               1687.6377       1685.9085       1674.5131       1690.328        1735.1593       1798.3548       1859.3702       1893.4448      
4.005           1686.1182       1684.5313       1673.3845       1689.4323       1733.657        1795.8378       1856.4216       1891.3153      
4.01            1684.6307       1683.1907       1672.2841       1688.5323       1732.1198       1793.3057       1853.4619       1889.2128      
4.015           1683.0504       1681.7438       1671.0974       1687.6009       1730.5306       1790.7669       1850.4985       1887.1053      
4.02            1681.4393       1680.2754       1669.8949       1686.6412       1728.8837       1788.2259       1847.543        1885.0089      
4.025           1679.7749       1678.7561       1668.6131       1685.6193       1727.1622       1785.6784       1844.5895       1882.9249      
4.03            1678.1028       1677.2386       1667.3446       1684.5887       1725.3503       1783.1064       1841.6457       1880.9033      
4.035           1676.4056       1675.6811       1666.0411       1683.5386       1723.4466       1780.5114       1838.7163       1878.8552      
4.04            1674.6806       1674.1056       1664.7332       1682.5182       1721.4444       1777.9043       1835.803        1876.782       
4.045           1672.8921       1672.4777       1663.3744       1681.441        1719.3485       1775.2964       1832.9121       1874.6976      
4.05            1671.0399       1670.7828       1661.9553       1680.3953       1717.1567       1772.6934       1830.0462       1872.611       
4.055           1669.2249       1669.1242       1660.5558       1679.2988       1714.8753       1770.0906       1827.2062       1870.5404      
4.06            1667.3654       1667.4087       1659.0887       1678.0707       1712.5157       1767.4853       1824.3952       1868.4448      
4.065           1665.5875       1665.781        1657.7011       1676.8536       1710.0948       1764.8708       1821.6146       1866.3302      
4.07            1663.683        1664.0298       1656.2098       1675.5607       1707.6294       1762.2527       1818.8655       1864.1899      
4.075           1661.9468       1662.445        1654.8457       1674.2958       1705.1409       1759.6325       1816.1472       1862.0102      
4.08            1659.9752       1660.6012       1653.2085       1672.884        1702.6385       1757.0115       1813.4549       1859.79        
4.085           1658.11         1658.8895       1651.7353       1671.5066       1700.1433       1754.3971       1810.7877       1857.5168      
4.09            1656.0452       1656.9738       1650.0554       1669.9826       1697.6646       1751.7896       1808.1428       1855.1573      
4.095           1654.0768       1655.1265       1648.429        1668.4408       1695.2196       1749.1912       1805.5142       1852.7724      
4.1             1652.0025       1653.1921       1646.7103       1666.8158       1692.7457       1746.6101       1802.9006       1850.3117      
4.105           1649.7435       1651.0653       1644.8096       1665.0777       1690.2826       1744.0351       1800.2947       1847.7416      
4.11            1647.5538       1649.0189       1642.9858       1663.3476       1687.8266       1741.4672       1797.6841       1845.3147      
4.115           1645.3384       1646.928        1641.109        1661.5589       1685.3912       1738.9201       1795.0644       1842.8872      
4.12            1643.016        1644.7466       1639.152        1659.697        1683.0217       1736.4117       1792.4311       1840.4262      
4.125           1640.6646       1642.5188       1637.1379       1657.768        1680.7118       1733.9511       1789.7627       1837.9495      
4.13            1638.6019       1640.557        1635.3222       1655.8822       1678.465        1731.5537       1787.0477       1835.4166      
4.135           1636.5805       1638.6243       1633.518        1653.9616       1676.2754       1729.2355       1784.2622       1832.7129      
4.14            1634.3342       1636.5062       1631.5757       1651.9664       1674.1474       1727.0145       1781.3984       1829.7477      
4.144           1632.5401       1634.6832       1629.6521       1652.7995       1672.5743       1725.8092       1779.7298       1827.6635      
4.148           1630.4849       1632.6731       1627.7824       1651.0779       1670.8982       1724.0628       1777.1309       1824.9376      
4.152           1628.4402       1630.7271       1626.0134       1649.056        1669.2355       1722.3263       1774.4996       1822.2637      
4.156           1626.5476       1628.9422       1624.415        1647.3193       1667.5838       1720.7105       1771.9627       1819.5024      
4.16            1624.5736       1627.0895       1622.7584       1645.5529       1665.9516       1719.206        1769.4524       1816.6933      
4.164           1622.5433       1625.1842       1621.0459       1643.7739       1664.3288       1717.7889       1766.9384       1813.7721      
4.168           1620.5384       1623.2948       1619.3231       1641.9658       1662.7017       1716.435        1764.284        1810.8332      
4.172           1618.6026       1621.4547       1617.639        1640.2802       1661.069        1715.1203       1761.4654       1807.7774      
4.176           1616.4902       1619.4533       1615.7766       1638.3151       1659.3616       1713.8358       1758.5514       1804.6827      
4.18            1614.5698       1617.6284       1614.0824       1636.5894       1657.6058       1712.5601       1755.5635       1801.4085      
4.184           1612.4152       1615.5789       1612.1943       1634.753        1655.7705       1711.2817       1752.5618       1798.1361      
4.188           1610.3149       1613.5903       1610.3707       1632.9931       1653.8567       1709.9744       1749.6145       1794.7801      
4.192           1608.264        1611.6368       1608.5555       1631.2409       1651.8522       1708.6034       1746.7186       1791.3962      
4.196           1606.189        1609.6693       1606.7357       1629.5073       1649.7499       1707.1485       1743.8451       1787.9558      
4.2             1604.025        1607.6016       1604.8156       1627.7516       1647.5486       1705.6013       1741.016        1784.3189      
4.204           1601.9733       1605.6317       1602.9975       1626.1322       1645.2557       1703.9653       1738.2391       1780.6106      
4.208           1599.8808       1603.6253       1601.1239       1624.4411       1642.8475       1702.2489       1735.5244       1776.7136      
4.212           1597.7687       1601.605        1599.2617       1622.8133       1640.3754       1700.3234       1732.7979       1772.793       
4.216           1595.5708       1599.5126       1597.3329       1621.1778       1637.8315       1698.2319       1729.894        1768.908       
4.22            1593.4152       1597.4354       1595.4          1619.55         1635.2397       1696.0331       1726.7808       1764.9451      
4.224           1591.2033       1595.3225       1593.4446       1617.9645       1632.6373       1693.7614       1723.5761       1761.1066      
4.228           1589.1067       1593.328        1591.5803       1616.227        1629.984        1691.3685       1720.2816       1757.163       
4.232           1586.8801       1591.2291       1589.6518       1614.6279       1627.3801       1688.8692       1716.911        1753.1158      
4.236           1584.7449       1589.2012       1587.7707       1612.9393       1624.7842       1686.2067       1713.4464       1749.053       
4.24            1582.5259       1587.058        1585.7576       1611.2656       1622.2374       1683.409        1709.8707       1744.9516      
4.244           1580.3571       1584.968        1583.789        1609.6027       1619.7524       1680.4472       1706.1777       1740.8188      
4.248           1578.1591       1582.8734       1581.8608       1607.9648       1617.3127       1677.1982       1702.3523       1736.6409      
4.252           1575.9192       1580.7345       1579.8715       1606.2733       1614.9342       1673.7949       1698.3946       1732.4256      
4.256           1573.7072       1578.6163       1577.9026       1604.5831       1612.5901       1670.2502       1694.2937       1728.161       
4.26            1571.3843       1576.3602       1575.7668       1602.848        1610.2478       1666.5597       1690.0804       1723.8353      
4.264           1569.0284       1574.0923       1573.6688       1601.1623       1607.9087       1662.7365       1685.7557       1719.4811      
4.268           1566.7787       1571.9198       1571.581        1599.4727       1605.5545       1658.696        1681.3162       1715.0294      
4.272           1564.4178       1569.6695       1569.4618       1597.6583       1603.1737       1654.5194       1676.7494       1710.527       
4.276           1562.1126       1567.4487       1567.3363       1596.027        1600.7317       1650.2319       1671.9849       1705.861       
4.28            1559.7557       1565.2022       1565.2456       1594.2831       1598.2825       1645.826        1667.0553       1700.618       
4.284           1557.2343       1562.7007       1562.7055       1592.7736       1595.7277       1641.2443       1661.9456       1694.8741      
4.288           1554.9775       1560.5189       1560.5828       1591.5422       1593.15         1636.5703       1656.6601       1689.0629      
4.292           1552.7049       1558.3121       1558.4346       1590.4537       1590.4549       1631.7165       1651.1837       1683.0015      
4.296           1550.3261       1556.0191       1556.213        1589.0772       1587.7416       1626.7579       1645.511        1676.8851      
4.3             1548.0556       1553.8367       1554.0954       1588.008        1584.9469       1621.6732       1639.6104       1670.6153      
4.304           1545.6914       1551.4985       1551.8108       1586.5118       1582.0684       1616.4928       1633.444        1664.2006      
4.308           1543.35         1549.2088       1549.5243       1583.7292       1579.0718       1611.1668       1627.2051       1657.6183      
4.312           1540.7331       1546.5725       1546.9316       1580.9891       1575.9275       1605.5992       1620.9011       1650.8627      
4.316           1538.3175       1544.2228       1544.6455       1578.973        1572.6165       1599.9489       1614.4585       1643.9218      
4.32            1535.9691       1541.9454       1542.4143       1576.9892       1569.0057       1594.286        1607.8922       1636.7982      
4.324           1533.6368       1539.6803       1540.2034       1575.1342       1564.4895       1588.5323       1601.2079       1629.5145      
4.328           1531.3371       1537.4746       1538.0998       1573.3654       1559.3993       1582.6693       1594.4041       1622.1306      
4.332           1528.9662       1535.1498       1535.8069       1571.1052       1553.923        1576.6853       1587.4544       1614.6384      
4.336           1526.5743       1532.9135       1533.7425       1568.7921       1548.222        1570.5739       1580.3124       1606.9595      
4.34            1523.902        1530.1462       1530.9003       1566.3477       1542.4821       1564.2763       1573.04         1599.0607      
4.344           1521.4243       1527.6506       1528.3869       1563.7972       1536.5121       1557.7773       1565.6458       1590.9504      
4.348           1519.0416       1525.316        1526.0748       1560.7527       1530.1859       1551.1025       1558.1168       1582.6039      
4.352           1516.6177       1522.9637       1523.7491       1556.0888       1523.5553       1544.2459       1550.4763       1573.9379      
4.356           1514.1516       1520.5899       1521.4782       1552.4803       1516.6898       1537.2033       1542.7969       1565.156       
4.36            1511.785        1518.318        1519.3401       1550.1149       1509.5139       1530.0069       1535.0805       1556.2981      
4.364           1509.4314       1516.0251       1517.1237       1546.7378       1501.9855       1522.6744       1527.3018       1547.3641      
4.368           1507.0242       1513.6962       1514.8965       1543.7547       1494.2982       1515.2028       1519.4539       1538.4077      
4.372           1504.6283       1511.3857       1512.6943       1540.8468       1486.501        1507.5805       1511.5161       1529.8194      
4.376           1502.1935       1509.0265       1510.4735       1537.696        1478.5944       1499.7932       1503.4797       1521.2763      
4.38            1499.9096       1506.8385       1508.4348       1534.6675       1470.5701       1491.8183       1495.3239       1512.6378      
4.385           1496.4351       1503.5107       1505.4081       1526.2649       1459.733        1481.3039       1484.6746       1501.2965      
4.39            1493.7048       1500.9          1503.0298       1523.5636       1448.9472       1470.6992       1474.1417       1490.2342      
4.395           1490.8879       1498.1716       1500.4626       1520.0029       1438.2068       1459.9077       1463.5838       1479.3418      
4.4             1487.9892       1495.3708       1497.8589       1515.9989       1427.5431       1449.0253       1453.0283       1468.2761      
4.405           1485.0673       1492.5544       1495.2671       1511.8533       1416.8534       1438.0354       1442.3725       1457.1144      
4.41            1482.0193       1489.5782       1492.4333       1507.1773       1406.2258       1426.929        1431.6111       1446.0449      
4.415           1478.9984       1486.6191       1489.591        1502.3408       1395.6078       1415.7298       1420.7288       1435.2216      
4.42            1476.0119       1483.6369       1486.6386       1497.3233       1384.9943       1404.6822       1410.4033       1424.7557      
4.425           1472.9056       1480.5531       1483.6315       1492.1926       1374.4126       1394.8541       1400.7784       1414.3288      
4.43            1469.6032       1477.2554       1480.4669       1486.9353       1364.2985       1385.9831       1391.3251       1403.8391      
4.435           1466.3262       1474.0102       1477.4209       1481.5666       1355.2033       1377.5546       1381.7392       1393.2222      
4.44            1463.1978       1470.8772       1474.3869       1476.203        1346.8582       1369.4917       1372.0249       1382.5429      
4.445           1459.8933       1467.5349       1471.1048       1470.8021       1338.8998       1361.8197       1362.8476       1371.8095      
4.45            1456.6661       1464.3038       1467.9683       1465.4163       1331.2436       1354.5432       1354.3604       1361.0068      
4.455           1453.4016       1460.9729       1464.688        1460.06         1323.8768       1347.5268       1346.1522       1350.1622      
4.46            1450.1029       1457.6497       1461.3938       1454.6358       1316.7869       1340.5954       1337.9188       1339.2321      
4.465           1446.8022       1454.3076       1458.218        1449.5507       1309.8694       1333.2943       1329.3918       1328.2241      
4.47            1443.5173       1451.0018       1455.089        1444.2689       1302.8573       1325.5231       1320.4376       1317.0995      
4.475           1440.3498       1447.8261       1452.2828       1437.1147       1295.417        1317.5055       1311.0258       1307.2283      
4.48            1436.9562       1444.4288       1449.2438       1430.0484       1287.5283       1309.2655       1301.3255       1298.7321      
4.485           1433.6775       1441.0547       1445.9893       1422.7828       1279.3071       1300.462        1291.4971       1290.2895      
4.49            1430.3207       1437.5028       1442.0447       1416.4658       1270.7389       1291.0575       1282.1945       1281.9468      
4.495           1426.9624       1433.999        1438.4821       1410.3086       1261.6064       1281.3567       1273.4778       1273.7377      
4.5             1423.578        1430.498        1435.0407       1403.9498       1252.0597       1271.5411       1265.3533       1265.7241      
4.505           1420.2122       1426.9752       1431.3347       1397.1501       1242.5638       1261.5485       1257.4157       1257.5766      
4.51            1416.9075       1423.4802       1427.5851       1389.7033       1233.1718       1251.2174       1249.2592       1249.2237      
4.515           1413.5601       1419.9914       1424.0743       1381.5029       1223.592        1240.4532       1240.6595       1240.5962      
4.52            1410.3223       1416.5986       1420.6184       1372.1337       1213.6083       1229.4198       1231.6572       1231.5047      
4.525           1407.0799       1413.2206       1417.2447       1361.6349       1203.1606       1218.33         1222.5029       1221.8732      
4.53            1403.954        1410.012        1414.2852       1349.6914       1192.4442       1207.2824       1213.2993       1211.7067      
4.535           1400.9184       1406.9224       1411.591        1336.399        1181.6138       1196.686        1204.0068       1201.1876      
4.54            1397.8612       1403.7612       1408.7945       1322.0305       1170.7695       1187.1631       1194.5582       1190.5692      
4.545           1394.6891       1400.4359       1405.4264       1307.3708       1159.9999       1177.8805       1184.8207       1180.2047      
4.55            1391.764        1397.4563       1402.4089       1292.1447       1149.9026       1168.4702       1174.7417       1170.2484      
4.555           1388.8213       1394.4182       1399.3049       1276.1965       1140.7658       1158.7879       1164.3733       1160.3176      
4.56            1385.9465       1391.4721       1396.4994       1259.4927       1131.7594       1148.8133       1153.8239       1150.1717      
4.565           1383.0954       1388.5534       1393.8293       1242.0725       1122.4712       1138.7237       1143.1233       1139.7424      
4.57            1380.2856       1385.6047       1390.9616       1223.697        1112.9867       1128.5942       1132.2839       1129.077       
4.575           1377.4722       1382.6972       1388.1392       1203.8585       1103.4247       1118.3488       1121.3743       1118.2561      
4.58            1374.6518       1379.7455       1385.2462       1181.9519       1093.8694       1107.9805       1110.5878       1107.3134      
4.585           1371.7255       1376.6086       1382.0944       1148.6565       1084.2242       1097.5825       1099.9845       1096.2756      
4.59            1368.7761       1373.3399       1378.0089       1099.4985       1074.4838       1087.1934       1089.385        1085.2695      
4.595           1365.8653       1370.1812       1374.5595       1037.7063       1064.7071       1076.917        1078.7339       1074.3911      
4.6             1363.0325       1367.0878       1371.2043       966.76662       1054.9535       1066.7194       1068.0054       1063.6163      
4.605           1360.1842       1364.0533       1367.7969       890.71741       1045.2093       1056.4565       1057.1907       1052.8762      
4.61            1357.4535       1361.1401       1365.1092       811.86392       1035.3455       1046.0663       1046.2974       1042.1137      
4.615           1354.789        1358.208        1361.9317       730.31222       1025.4163       1035.5866       1035.4344       1031.2934      
4.62            1352.0214       1355.2738       1358.7745       650.48288       1015.4349       1025.0523       1024.6321       1020.4343      
4.625           1349.4392       1352.3651       1355.8023       571.12514       1005.4656       1014.5106       1013.8837       1009.5241      
4.63            1346.6934       1349.4532       1352.707        490.50259       995.44009       1003.9244       1003.1413       998.66606      
4.635           1344.2466       1346.7523       1349.7723       405.41532       985.42232       993.31222       992.39643       987.86718      
4.64            1341.6097       1343.8938       1346.6391       316.37294       975.28692       982.64798       981.63648       977.13554      
4.645           1338.9011       1340.9037       1343.379        226.32902       964.99418       971.95123       970.86242       966.42439      
4.65            1336.1327       1337.8105       1339.6221       147.09889       954.30656       961.21937       960.07385       955.75724      
4.655           1333.4043       1334.6447       1335.7926       85.236295       942.98648       950.46535       949.28198       944.9352       
4.66            1330.6341       1331.4282       1331.6731       45.288865       931.34856       939.71356       938.48774       931.43291      
4.665           1327.9703       1328.1946       1326.9059       31.409841       919.27841       928.98351       927.74544       914.17721      
4.67            1325.2819       1324.9087       1322.4691       34.058032       906.86665       918.29551       917.10213       895.00041      
4.675           1322.6296       1321.5614       1317.4942       38.196644       894.29212       907.67382       906.53719       874.81238      
4.68            1320.1223       1318.3853       1312.7039       42.655005       881.66822       897.14626       896.05505       852.98137      
4.685           1317.6684       1315.25         1308.0595       47.25017        869.15149       886.72367       885.6632        829.70208      
4.69            1315.2813       1312.3307       1303.851        52.312374       856.91351       876.43693       875.35217       804.82436      
4.695           1313.0701       1309.5703       1299.8788       57.723776       845.25454       866.29022       865.12336       778.42124      
4.7             1311.0149       1306.9138       1295.9895       63.483669       834.34721       856.2361        854.99084       750.41177      
4.705           1309.2105       1304.5817       1292.5023       72.381961       824.21508       846.6043        844.99979       720.4297       
4.71            1307.7546       1302.8188       1290.2236       84.22258        815.12818       838.18518       835.5894        688.12256      
4.715           1306.3805       1301.2568       1288.2683       95.999817       807.43812       830.45313       826.95524       655.39283      
4.72            1305.4985       1300.3942       1287.6115       129.3422        801.49793       822.96878       818.79736       622.87635      
4.725           1304.2415       1298.9255       1285.4807       177.4395        797.2322        816.14728       810.94135       590.94294      
4.73            1303.3398       1297.9493       1284.3442       223.18963       794.1231        809.26093       803.35504       559.91341      
4.735           1302.3399       1296.7988       1282.8149       262.52632       791.78557       802.51412       795.98482       530.05482      
4.74            1301.6542       1296.1094       1282.314        297.36108       790.19912       795.87289       788.79607       501.60346      
4.745           1300.8908       1295.4663       1281.9185       328.34398       789.0812        789.30784       781.94332       474.77302      
4.75            1300.6322       1295.5884       1283.1028       358.2738        787.31068       782.7558        775.32087       449.68756      
4.755           1299.7727       1294.6072       1281.9446       382.46129       783.2267        776.21713       768.70538       426.31866      
4.76            1298.8347       1293.5825       1280.4878       402.03226       777.77419       769.72652       762.08352       404.6718       
4.765           1298.2682       1292.9894       1279.655        416.67012       772.07005       763.3684        755.56026       384.71189      
4.77            1297.4027       1291.8866       1278.0123       422.72476       766.15817       757.02462       749.05414       366.36388      
4.775           1296.7321       1291.1434       1277.039        427.82493       760.30663       750.63079       742.60191       349.55305      
4.78            1296.6426       1291.0735       1276.7472       432.1333        754.52586       744.16145       735.26187       334.12506      
4.785           1296.5492       1291.1029       1276.9203       435.36662       749.0736        737.65372       726.49856       320.00612      
4.79            1296.536        1291.2472       1277.332        436.85214       742.7255        731.24151       717.89394       307.07412      
4.795           1296.3436       1290.9331       1276.2302       436.642         735.09397       721.85928       709.47794       295.20153      
4.8             1296.3472       1291.013        1275.8037       435.3631        727.26207       711.9119        701.02158       284.26852      
4.805           1296.474        1291.321        1276.5601       432.41068       719.62015       702.38227       692.65797       274.17616      
4.81            1296.8036       1291.877        1277.8215       428.68226       712.20988       692.86723       684.4202        265.05681      
4.815           1297.0316       1292.2254       1278.4174       424.21231       705.02731       683.51873       676.29113       256.88613      
4.82            1297.219        1292.5107       1279.004        419.08686       698.08417       674.27078       668.1092        249.59159      
4.825           1297.4136       1292.7548       1279.3179       413.65839       691.36819       665.16982       659.68146       243.06362      
4.83            1297.6889       1293.0933       1279.7577       408.32986       684.87892       656.18426       650.93354       237.18899      
4.835           1298.1056       1293.5888       1280.2793       403.26452       678.62262       647.33362       641.82437       231.88826      
4.84            1298.5422       1294.155        1280.9485       399.83421       672.60028       638.60486       632.15628       227.06471      
4.845           1299.0417       1294.6362       1281.3159       398.75098       666.80995       629.99904       621.82062       222.6597       
4.85            1299.7106       1295.4149       1282.2788       397.51713       661.24684       621.50694       610.74003       218.61688      
4.855           1300.6301       1296.4562       1283.5781       396.0393        655.87314       613.11402       598.83647       214.88131      
4.86            1301.5947       1297.5561       1284.8588       395.61401       650.68742       604.81539       586.0596        211.40018      
4.865           1302.6558       1298.7971       1286.4627       396.2335        645.6965        596.61375       572.40145       208.14686      
4.87            1303.8448       1300.1585       1288.1976       397.74665       640.87854       588.50005       557.8485        205.09849      
4.875           1305.1679       1301.6472       1289.9862       399.4254        636.19036       580.45841       542.41752       202.23497      
4.88            1306.5433       1303.1217       1291.616        400.49573       631.61418       572.48241       526.15072       199.54515      
4.885           1307.9926       1304.6833       1293.3756       400.42322       627.1216        564.56344       509.03264       196.91498      
4.89            1309.4027       1306.2575       1295.2912       398.75939       622.72588       556.70985       491.07795       194.33164      
4.895           1311.0211       1308.0072       1297.3553       395.08347       618.41017       548.91669       472.40552       191.77153      
4.9             1312.7599       1309.8667       1299.4542       388.23614       614.19572       541.19788       453.53001       189.25047      
4.905           1314.5416       1311.7815       1301.6544       377.19285       610.06914       533.54969       434.86658       186.77002      
4.91            1316.4202       1313.7867       1303.9324       361.70499       606.0309        525.98781       416.61867       184.34006      
4.915           1318.451        1315.9409       1306.3494       342.23877       602.09164       518.53532       398.91776       181.96837      
4.92            1320.6272       1318.2184       1308.8323       323.63219       598.22171       511.19185       381.8682        179.65021      
4.925           1322.7939       1320.5372       1311.4252       318.49864       594.42094       503.97619       365.57199       177.39922      
4.93            1325.244        1323.0744       1314.1678       317.8291        590.67103       496.88012       350.1014        175.20418      
4.935           1327.9452       1325.8425       1317.1046       318.13865       586.98354       489.92005       335.52945       173.07383      
4.94            1330.532        1328.5353       1319.9733       316.81374       583.37834       483.08793       321.89828       171.00995      
4.945           1333.25         1331.3768       1323.0663       316.01726       579.85567       476.36138       309.22366       169.02305      
4.95            1336.2817       1334.4975       1326.3915       315.59064       576.40403       469.70058       297.49288       167.11213      
4.955           1339.3996       1337.6705       1329.6872       314.22175       573.00085       463.04667       286.67415       165.27722      
4.96            1342.7219       1341.0001       1333.0694       311.40031       569.65159       456.35818       276.7327        163.52995      
4.965           1346.0395       1344.3546       1336.4823       306.6623        566.36409       449.58432       267.61687       161.88545      
4.97            1349.4267       1347.7962       1340.0096       301.06617       563.13041       442.67486       259.28245       160.33921      
4.975           1353.1538       1351.5454       1343.8555       296.48691       559.96209       435.6113        251.68563       158.91417      
4.98            1357.1822       1355.5823       1347.9801       293.93071       556.83824       428.35089       244.77484       157.61661      
4.985           1361.4567       1359.844        1352.2642       289.85254       553.74236       420.87427       238.47672       156.44374      
4.99            1365.7945       1364.1512       1356.532        282.52283       550.67501       413.20032       232.72957       155.41104      
4.995           1370.3059       1368.6563       1361.0687       281.25058       547.65642       405.32543       227.49832       154.52836      
5               1375.0646       1373.3754       1365.746        284.71697       544.77312       397.29806       222.85          153.81365      
5.005           1380.0691       1378.3117       1370.5461       286.34291       542.02417       389.14653       218.76291       153.26548      
5.01            1385.4321       1383.5894       1375.6788       289.72389       539.39792       380.92175       215.17376       152.88743      
5.015           1390.8255       1388.9336       1380.9729       294.41902       536.81567       372.67151       212.00719       152.68281      
5.02            1396.9455       1394.8812       1386.6481       302.05596       534.88252       364.49683       209.22468       152.66147      
5.025           1402.8591       1400.6843       1392.293        311.0569        533.91557       356.46403       206.79214       152.81233      
5.03            1409.2507       1406.8963       1398.2195       321.31773       533.64733       348.64604       204.67819       153.07171      
5.035           1415.6746       1413.1811       1404.2965       332.83163       533.78126       341.07915       202.86366       153.40205      
5.04            1422.68         1419.9383       1410.7136       345.59066       534.31178       333.8388        201.24515       153.78755      
5.045           1429.9286       1426.9755       1417.4677       359.60364       535.16032       326.96933       199.732         154.24036      
5.05            1437.4361       1434.1821       1424.2149       375.50259       536.58073       320.50475       198.27608       154.74922      
5.055           1445.5543       1441.9737       1431.6082       394.1811        538.32604       314.52495       196.91174       155.31625      
5.06            1453.77         1449.9161       1439.0465       415.95601       540.38634       309.00613       195.63896       155.93957      
5.065           1462.6765       1458.4839       1447.155        440.79867       542.7559        304.02514       194.46824       156.61154      
5.07            1471.8558       1467.3083       1455.3868       468.97046       545.47779       299.5771        193.39512       157.34159      
5.075           1481.5722       1476.643        1464.1701       500.13176       548.67571       295.69634       192.4031        158.10997      
5.08            1491.7072       1486.3707       1473.1713       534.70592       552.36187       292.36911       191.50029       158.9254       
5.085           1502.3567       1496.5902       1482.6868       572.39382       556.52643       289.75533       190.67424       159.76492      
5.09            1513.5506       1507.3057       1492.593        613.27151       561.00544       288.27715       189.94255       160.63659      
5.095           1525.3194       1518.5295       1503.036        659.52369       565.79144       287.53325       189.29813       161.54091      
5.1             1537.6329       1530.268        1513.9371       717.25931       571.03419       287.27532       188.74527       162.47675      
5.105           1550.7392       1542.7579       1525.4866       777.09954       574.99489       287.59773       188.27727       163.43831      
5.11            1564.5251       1555.901        1537.6204       840.18232       579.86743       288.35949       187.89363       164.42413      
5.115           1578.8003       1569.5841       1550.3282       906.74003       585.17023       289.48676       187.59452       165.43444      
5.12            1593.7684       1583.9767       1563.773        975.9519        591.10319       291.03252       187.39197       166.47477      
5.125           1609.5565       1599.1893       1578.046        1051.0473       597.61401       293.01533       187.29242       167.52929      
5.13            1626.1436       1615.2127       1593.1647       1128.4358       604.60692       295.52193       187.32084       168.61188      
5.135           1643.9313       1632.4016       1609.4489       1207.8111       611.0844        298.49446       187.40104       169.69647      
5.14            1662.0308       1650.0667       1626.3838       1287.8063       616.34616       301.87876       187.60232       170.79901      
5.145           1681.4626       1668.9446       1644.4215       1366.3846       622.00437       305.68502       187.93072       172.05012      
5.15            1701.9205       1688.9445       1663.7073       1441.5929       628.54203       309.96726       188.35396       173.58231      
5.155           1723.0715       1709.697        1683.7713       1511.4607       635.00428       314.74525       188.93527       175.24106      
5.16            1745.2821       1731.6273       1705.2455       1574.3943       640.59193       320.13173       189.58459       176.67022      
5.1666667       1774.4603       1760.5516       1733.9096       1643.6308       643.61166       328.45522       190.63409       178.71878      
5.1733333       1809.1059       1794.9536       1767.8024       1699.208        646.50573       339.48517       191.64579       180.65979      
5.18            1844.6063       1830.5068       1803.3936       1736.0447       648.65702       354.09057       192.53939       182.78604      
5.1866667       1883.0722       1868.9091       1841.796        1773.7452       649.34602       372.70883       193.05072       185.0573       
5.1933333       1923.0233       1909.3097       1882.9321       1815.9873       650.14702       396.14966       192.93647       187.63999      
5.2             1965.1741       1951.9822       1925.9352       1856.9887       649.75195       426.87607       191.75093       190.56005      
5.205           2001.0473       1988.3652       1962.5914       1890.8723       641.95117       464.89273       188.79866       192.57512      
5.21            2033.0147       2021.0101       1995.5403       1919.2322       636.52893       508.59072       184.24913       195.12316      
5.215           2067.944        2056.2146       2030.8704       1950.1217       637.94304       555.28383       176.84955       197.85973      
5.22            2102.2679       2091.4474       2066.5422       1980.5039       650.14046       603.06594       166.06855       200.89157      
5.225           2139.5702       2129.2119       2104.6232       2014.1433       679.84266       651.1372        152.13245       204.48509      
5.23            2175.5388       2166.2742       2142.3273       2046.7047       730.75639       666.51216       135.91347       208.48118      
5.235           2214.5477       2205.9864       2182.4767       2081.0472       809.66404       666.43722       120.99795       213.59963      
5.24            2251.7113       2244.4098       2221.756        2114.5769       918.80447       663.70888       110.0632        219.91193      
5.245           2290.479        2284.0601       2262.2161       2149.6197       1055.0438       660.71138       112.99358       227.46993      
5.25            2329.7105       2324.7743       2303.9322       2186.2274       1200.0373       656.90784       129.60917       236.80027      
5.255           2368.6473       2364.9819       2345.4283       2223.6348       1335.007        650.28109       157.14329       248.44648      
5.26            2407.6722       2406.0993       2388.2895       2261.9175       1450.2801       642.71998       189.38206       260.3265       
5.265           2446.2726       2446.1045       2429.7828       2299.8926       1542.9654       631.03819       237.8549        265.51002      
5.27            2484.1982       2486.5767       2472.5913       2338.5831       1610.464        609.62203       331.02927       270.18537      
5.275           2521.6953       2525.72         2513.5429       2376.4726       1655.6325       575.98551       428.67799       276.01518      
5.28            2558.6463       2565.2758       2555.6176       2414.4811       1675.0926       531.06497       528.1585        282.38533      
5.284           2589.4108       2598.2779       2591.1208       2448.9358       1676.8681       488.02305       597.03504       292.28357      
5.288           2616.3189       2627.18         2622.1428       2478.2769       1675.7515       445.57442       605.83107       300.55162      
5.292           2643.2882       2656.236        2653.563        2508.5316       1672.9223       407.68858       605.21179       302.72686      
5.296           2668.9502       2683.8558       2683.3301       2537.28         1670.4488       382.57575       605.72866       301.02151      
5.3             2694.5041       2711.9503       2714.3653       2567.8423       1668.8351       379.0817        606.24476       299.211        
5.304           2718.9509       2738.5461       2743.3798       2596.2111       1665.2502       411.42675       606.89648       295.61963      
5.308           2742.5116       2764.4639       2772.0031       2624.3852       1661.4593       475.03361       607.24365       283.22207      
5.312           2764.8626       2789.0466       2799.1182       2651.1519       1657.5024       542.92411       605.9048        268.12156      
5.316           2785.828        2812.3182       2825.0504       2677.1376       1655.3838       636.42555       605.24317       241.13919      
5.32            2805.8138       2834.531        2849.7964       2701.9001       1652.3893       741.92506       604.80879       202.50554      
5.325           2826.3307       2857.1074       2874.9754       2727.818        1651.7279       913.55327       601.55894       167.7525       
5.33            2848.9267       2882.5369       2903.694        2757.7699       1649.3369       1152.4304       599.47192       160.96186      
5.335           2868.4111       2904.844        2929.2126       2784.7586       1645.246        1425.5866       596.54661       189.56793      
5.34            2885.6614       2925.0764       2952.6115       2809.8049       1641.2759       1652.0479       571.43782       278.92918      
5.345           2901.2972       2943.6245       2974.2068       2833.3354       1638.4538       1785.5397       522.80783       407.97909      
5.35            2916.2293       2960.2997       2993.9452       2855.2658       1635.4688       1833.4222       431.44234       535.42492      
5.355           2929.3166       2975.5777       3012.4071       2876.9677       1636.7653       1844.6081       353.41796       577.80002      
5.36            2940.844        2989.632        3029.776        2898.6702       1643.0789       1861.6291       370.07474       587.33657      
5.364           2951.9737       3003.5437       3046.8581       2919.4777       1647.7019       1865.9053       421.86338       593.21357      
5.368           2958.7229       3012.0168       3057.6142       2933.6669       1654.3628       1872.8801       520.6293        598.16627      
5.372           2964.5212       3019.4338       3067.2902       2946.6915       1658.0925       1876.9221       628.78158       600.62601      
5.376           2969.3042       3025.7759       3075.8926       2959.2601       1664.8455       1890.5403       777.00588       604.26         
5.38            2973.0926       3031.133        3083.5305       2971.1925       1671.1166       1900.1062       1033.0607       608.86542      
5.384           2976.1082       3035.5209       3090.0143       2981.77         1675.7392       1906.5318       1375.408        613.01914      
5.388           2978.2965       3038.6855       3095.2273       2991.1163       1680.2771       1913.8434       1697.7718       614.27297      
5.392           2978.9328       3041.3472       3099.6723       2999.9928       1687.1189       1926.3469       1905.1451       611.14543      
5.396           2979.3748       3043.1295       3103.2745       3008.1194       1694.0942       1937.1128       1989.8232       607.39857      
5.4             2979.2047       3044.0799       3105.9406       3015.2799       1701.1387       1946.5831       2017.5701       599.6316       
5.404           2977.7708       3043.7246       3107.2593       3021.4835       1710.5162       1960.8439       2050.1491       551.67383      
5.408           2975.5112       3042.5324       3107.703        3026.9908       1720.542        1974.0105       2071.6656       444.36382      
5.412           2973.0429       3041.2093       3107.7416       3031.8999       1730.9818       1986.0453       2088.3637       395.55511      
5.416           2969.8111       3038.6991       3106.6324       3035.8325       1742.4947       1999.9076       2108.9236       408.899        
5.42            2966.5712       3035.5221       3105.0853       3039.2988       1755.0868       2014.4928       2128.5217       531.01851      
5.424           2961.8701       3031.4625       3102.3633       3041.743        1768.1416       2028.7355       2147.2589       799.30741      
5.428           2956.8553       3027.0992       3099.1768       3043.662        1781.7412       2043.224        2166.0746       1229.4579      
5.432           2951.5246       3022.1783       3095.4461       3045.1577       1796.1224       2058.281        2184.2496       1662.5836      
5.436           2946.4383       3017.0976       3091.4626       3046.1679       1810.8118       2073.217        2200.7232       1907.4089      
5.44            2939.7018       3010.2243       3085.8505       3045.6287       1824.5551       2086.0933       2213.5917       2014.0035      
5.4433333       2935.1385       3007.0649       3083.6635       3048.3923       1839.8391       2097.1042       2226.5098       2065.8079      
5.4466667       2929.3649       3001.6005       3078.8085       3047.5735       1854.9547       2109.2225       2236.7448       2092.6013      
5.45            2923.0588       2995.3228       3073.1621       3045.9452       1869.4352       2121.4157       2245.0159       2108.381       
5.4533333       2916.1747       2988.3497       3066.7885       3043.3331       1881.7353       2131.627        2250.9622       2114.027       
5.4566667       2908.846        2980.7883       3059.7673       3040.011        1893.3352       2141.4037       2256.761        2119.9147      
5.46            2901.3071       2972.845        3052.577        3036.4685       1904.9329       2151.0091       2262.3193       2124.2169      
5.4633333       2893.0535       2965.069        3044.7987       3032.4133       1916.5466       2160.6981       2268.3799       2130.0855      
5.4666667       2885.145        2957.1362       3037.0456       3028.3412       1928.5545       2170.746        2275.1107       2137.1431      
5.47            2877.2457       2948.967        3029.1452       3023.9936       1940.5317       2180.6356       2281.7442       2144.0783      
5.4733333       2868.5166       2939.9699       3020.4131       3018.6413       1951.4157       2189.5535       2287.7523       2151.1588      
5.4766667       2860.0838       2931.2133       3011.7747       3013.1452       1962.1876       2198.7254       2294.4929       2159.2122      
5.48            2852.4248       2923.5613       3004.4905       3010.1441       1977.3549       2210.974        2303.1631       2167.961       
5.484           2841.8505       2911.9942       2992.6491       3002.3552       1991.897        2226.263        2314.1077       2178.0336      
5.488           2830.1128       2899.6111       2981.1933       2994.841        2002.3995       2236.2127       2321.7395       2186.299       
5.492           2819.4427       2888.4398       2970.191        2987.5328       2013.5061       2246.1487       2330.2411       2196.8486      
5.496           2808.0373       2876.5943       2958.4405       2979.5566       2025.8157       2256.6828       2339.492        2209.9037      
5.5             2797.0815       2865.0275       2946.8311       2971.2177       2037.6431       2266.3698       2347.9397       2221.0894      
5.504           2785.4163       2852.6759       2934.984        2962.3857       2049.674        2276.1449       2356.1903       2231.6051      
5.508           2773.9673       2840.7361       2922.1388       2953.3706       2061.8337       2286.0991       2364.6058       2241.8151      
5.512           2762.5279       2828.6523       2909.535        2944.2565       2074.029        2296.1678       2373.404        2253.2578      
5.516           2751.1745       2816.6251       2897.2466       2935.2978       2086.2362       2306.0787       2381.9678       2264.264       
5.52            2739.5342       2804.3672       2884.7295       2925.9745       2098.0551       2315.7417       2390.4244       2275.6055      
5.524           2727.8174       2791.6816       2871.8201       2916.2688       2109.3704       2324.805        2397.9177       2283.3777      
5.5272          2719.6685       2783.4386       2863.6383       2911.4395       2118.4476       2329.2199       2402.1824       2288.5278      
5.5304          2710.7617       2773.8127       2853.5933       2903.7841       2130.4856       2337.3708       2409.0592       2295.8029      
5.5336          2701.617        2763.8934       2843.2498       2895.5589       2141.7552       2345.5139       2415.8666       2302.7333      
5.5368          2691.7496       2753.2203       2832.1366       2886.6363       2150.6057       2352.4345       2422.0583       2310.0498      
5.54            2681.9549       2742.7202       2821.2966       2877.9755       2159.2203       2359.6758       2428.5993       2318.5888      
5.5433333       2672.6478       2732.4326       2810.3902       2869.2931       2169.7202       2368.9351       2435.8174       2326.4066      
5.5475          2658.2443       2716.6933       2793.7792       2854.8055       2178.2858       2377.6293       2442.6365       2333.4156      
5.5516667       2645.6715       2703.0313       2779.5808       2843.2063       2184.0957       2383.0075       2447.6224       2338.6798      
5.5558333       2633.5426       2689.8938       2765.9588       2832.0583       2190.4902       2388.0029       2452.3833       2345.2613      
5.56            2621.5095       2677.0164       2752.3893       2820.7446       2198.2761       2393.424        2457.3473       2351.8726      
5.564           2609.8098       2664.7079       2739.517        2810.0832       2205.82         2397.9891       2461.6446       2358.2208      
5.568           2598.1833       2652.3461       2726.2786       2798.4095       2213.0257       2402.2789       2465.6456       2364.256       
5.572           2586.3653       2639.5955       2712.7417       2786.6307       2220.2423       2406.3731       2469.3146       2369.9914      
5.576           2574.9348       2627.002        2699.1172       2774.5112       2226.3216       2409.7014       2472.3172       2374.7189      
5.58            2563.5413       2614.8162       2686.3528       2762.447        2232.4425       2412.5827       2474.2253       2376.9567      
5.584           2552.0404       2602.4127       2673.232        2750.4933       2237.5456       2413.8928       2475.1103       2378.1661      
5.588           2540.7965       2590.0417       2659.9645       2738.2371       2241.9123       2414.843        2475.9407       2380.4639      
5.592           2530.2949       2577.9642       2646.8998       2726.0966       2245.9387       2415.2225       2476.4625       2383.0971      
5.596           2519.69         2566.1909       2634.155        2714.1651       2250.0612       2416.074        2476.7967       2385.7818      
5.6             2508.8275       2554.3701       2621.3977       2702.1806       2253.8336       2416.2359       2476.4221       2387.8702      
5.604           2498.2241       2542.8279       2608.8566       2690.191        2257.1248       2415.6043       2475.296        2389.5435      
5.608           2487.9258       2531.2842       2596.303        2677.681        2258.0001       2413.9572       2473.6078       2391.0332      
5.612           2477.7601       2520.0026       2584.0319       2665.864        2260.2467       2412.495        2471.5094       2391.6265      
5.616           2467.6349       2508.9437       2571.9459       2653.9371       2261.8124       2410.2478       2468.4904       2391.1314      
5.62            2457.8272       2498.0966       2560.0578       2642.0284       2262.6791       2407.1753       2464.8121       2389.894       
5.624           2448.299        2487.4523       2548.2462       2630.0132       2262.5186       2403.4883       2460.7057       2388.3244      
5.628           2438.8433       2476.993        2536.689        2618.6665       2262.3632       2400.0141       2456.5535       2386.3136      
5.632           2429.9052       2467.0786       2525.8378       2607.1045       2262.4496       2396.5834       2452.2244       2383.8023      
5.636           2421.1981       2457.4943       2515.6336       2595.2453       2261.923        2392.8416       2447.8384       2381.0565      
5.64            2412.7483       2448.1158       2505.3455       2584.7201       2262.8008       2389.7466       2443.5438       2378.4392      
5.644           2404.3377       2438.6856       2494.746        2573.7286       2262.6312       2386.2214       2438.983        2375.5386      
5.648           2396.0487       2429.4677       2484.4489       2562.7963       2262.2056       2382.6854       2434.2896       2372.1819      
5.652           2388.0682       2420.7379       2475.0118       2552.8417       2262.5841       2379.3965       2429.3378       2367.5316      
5.656           2380.6073       2412.2861       2465.461        2542.7862       2262.2955       2375.5708       2424.1234       2363.0939      
5.66            2372.9083       2403.9152       2456.283        2533.4476       2262.5157       2372.5024       2419.318        2358.7019      
5.664           2365.915        2395.9295       2447.1503       2523.6947       2261.6522       2368.5222       2413.8624       2354.1308      
5.668           2358.4663       2387.909        2438.465        2514.7899       2261.4527       2365.3697       2408.7271       2348.6921      
5.672           2351.7757       2380.2488       2429.7099       2505.1171       2260.0034       2361.1202       2402.8783       2343.2995      
5.676           2344.8025       2372.7263       2421.561        2496.3955       2259.4783       2357.8518       2397.5309       2337.1574      
5.68            2338.536        2365.583        2413.4645       2487.2516       2258.2614       2353.6848       2391.5909       2331.1241      
5.684           2331.9924       2358.4613       2405.5006       2478.4192       2257.1828       2349.7696       2385.7813       2324.6842      
5.688           2325.7056       2351.6004       2397.6591       2469.4898       2254.7291       2345.3228       2379.6395       2317.8571      
5.692           2319.2231       2344.6569       2389.9714       2460.7681       2252.5823       2340.9814       2373.5836       2311.1594      
5.696           2314.0173       2338.3274       2382.757        2452.29         2250.5173       2336.6409       2367.486        2304.2993      
5.7             2308.9012       2332.2837       2375.904        2443.7933       2248.1936       2332.2366       2361.3046       2297.3612      
5.704           2303.4678       2326.1513       2369.0045       2434.8761       2244.953        2327.7447       2355.0591       2290.2243      
5.708           2298.0991       2320.1547       2362.0859       2427.904        2243.2492       2323.5465       2348.7342       2282.7053      
5.712           2292.8532       2314.3417       2355.4864       2421.0198       2240.772        2319.1263       2342.2447       2274.8789      
5.716           2287.9542       2308.8724       2349.2944       2413.7565       2237.8665       2314.4793       2335.5488       2266.7236      
5.72            2283.332        2303.7252       2343.478        2406.773        2235.1013       2309.9283       2328.9477       2258.4103      
5.724           2278.9193       2298.7655       2337.8268       2399.9277       2232.1747       2305.2068       2322.2506       2249.9969      
5.728           2274.6225       2293.9507       2332.3524       2393.2988       2229.1845       2300.4395       2315.6137       2241.5676      
5.732           2270.5565       2289.3593       2327.085        2386.87         2226.0823       2295.5157       2308.9088       2233.035       
5.736           2266.3233       2284.632        2321.717        2380.2926       2222.4549       2290.4295       2302.1655       2224.5013      
5.74            2262.5596       2280.365        2316.7962       2374.1704       2219.0219       2285.2649       2295.4363       2215.9985      
5.744           2258.8471       2276.18         2311.9993       2368.2274       2215.5796       2280.0342       2288.7559       2207.6948      
5.748           2255.3143       2272.1927       2307.4219       2362.5192       2212.1017       2274.7491       2282.1074       2199.4428      
5.752           2251.8817       2268.3185       2302.9777       2356.9671       2208.4893       2269.3557       2275.4462       2191.2927      
5.756           2248.5635       2264.5721       2298.6787       2351.573        2204.7264       2263.8696       2268.7917       2183.2845      
5.76            2245.3967       2260.978        2294.5161       2346.2341       2200.6289       2258.2159       2262.0833       2175.4114      
5.764           2242.3881       2257.5641       2290.5686       2341.2294       2196.6597       2252.3591       2255.2507       2167.4299      
5.768           2239.4798       2254.2616       2286.75         2336.3807       2192.5113       2246.4315       2248.5201       2159.7277      
5.772           2236.6434       2251.08         2283.0714       2331.6765       2188.2235       2240.3508       2241.704        2152.2165      
5.776           2233.9664       2248.0652       2279.5724       2327.1906       2183.89         2234.1776       2234.8692       2144.9946      
5.78            2231.4426       2245.2057       2276.2554       2322.8825       2179.4885       2227.9463       2228.0336       2137.9346      
5.784           2229.0625       2242.5191       2273.1743       2318.6453       2175.0253       2221.6384       2221.1508       2131.0242      
5.788           2226.8348       2239.9782       2270.2557       2314.6336       2170.5997       2215.3124       2214.2238       2124.2439      
5.792           2224.6888       2237.5289       2267.458        2310.7753       2166.1697       2208.9204       2207.2126       2117.5747      
5.796           2222.6481       2235.172        2264.7378       2307.1874       2161.741        2202.4191       2200.006        2110.9741      
5.8             2220.6799       2232.903        2262.1264       2303.7615       2157.3226       2195.8114       2192.3665       2104.3445      
5.804           2218.7763       2230.73         2259.6509       2300.5212       2153.0801       2189.5565       2185.0216       2097.6777      
5.808           2217.1514       2228.8245       2257.4251       2297.4821       2148.7594       2183.0586       2177.4375       2091.2731      
5.812           2215.5287       2226.9513       2255.276        2294.5934       2144.5667       2176.8072       2170.1987       2085.1333      
5.816           2214.0454       2225.2281       2253.2841       2291.8725       2140.437        2170.593        2163.0109       2079.1964      
5.82            2212.6559       2223.6039       2251.4077       2289.2845       2136.2262       2164.2285       2155.8377       2073.4174      
5.824           2211.3896       2222.1133       2249.6877       2286.9148       2132.202        2157.7846       2148.6455       2067.7107      
5.828           2210.2244       2220.7339       2248.0939       2284.6968       2128.4027       2151.5943       2141.5296       2062.1009      
5.832           2209.1335       2219.4378       2246.5976       2282.5959       2124.5874       2145.5464       2134.5896       2056.5711      
5.836           2208.0139       2218.1365       2245.1279       2280.5607       2120.8552       2139.7199       2127.7783       2051.0571      
5.84            2207.1857       2217.1064       2243.8998       2278.6919       2117.0681       2134.0285       2121.1119       2045.6456      
5.844           2206.3277       2216.0723       2242.7091       2276.9563       2113.4267       2128.5395       2114.5461       2040.1108      
5.848           2205.5748       2215.1459       2241.6375       2275.3651       2110.0109       2123.3143       2108.188        2034.7337      
5.852           2204.7451       2214.1736       2240.5858       2273.9082       2106.7426       2118.2465       2101.8902       2029.2457      
5.856           2204.301        2213.5642       2239.8501       2272.6677       2103.6139       2113.3785       2095.8145       2023.9718      
5.86            2203.7473       2212.8479       2239.0352       2271.4353       2100.5671       2108.6501       2089.8424       2018.5775      
5.864           2203.2674       2212.2276       2238.3279       2270.3212       2097.6402       2104.0895       2084.0245       2013.2466      
5.868           2202.789        2211.6469       2237.6757       2269.2917       2094.8162       2099.6731       2078.3453       2007.924       
5.872           2202.3864       2211.1397       2237.1028       2268.3605       2092.0985       2095.3952       2072.803        2002.5924      
5.876           2202.0618       2210.6965       2236.5969       2267.5194       2089.4813       2091.2476       2067.3934       1997.2391      
5.88            2201.7824       2210.3022       2236.1447       2266.7586       2086.952        2087.2195       2062.1105       1991.8076      
5.884           2201.5526       2209.9512       2235.7502       2266.0876       2084.5154       2083.3131       2056.9481       1986.2103      
5.888           2201.3726       2209.6519       2235.4431       2265.4328       2082.1602       2079.5344       2051.9668       1980.7537      
5.892           2201.2531       2209.4137       2235.192        2264.8799       2079.9133       2075.8853       2047.0943       1975.1647      
5.896           2201.1027       2209.1467       2234.9144       2264.3281       2077.7363       2072.3623       2042.3901       1969.6397      
5.9             2201.0815       2209.0373       2234.8225       2263.9078       2075.6767       2068.9578       2037.8192       1964.1999      
5.904           2201.0527       2208.9068       2234.6812       2263.5382       2073.6973       2065.6927       2033.4492       1958.9079      
5.908           2201.0759       2208.8421       2234.6168       2263.2585       2071.8134       2062.5491       2029.2359       1953.7231      
5.912           2201.1261       2208.8003       2234.5729       2263.0147       2070.0111       2059.547        2025.2177       1948.6304      
5.916           2201.2025       2208.8061       2234.5932       2262.8477       2068.2876       2056.6121       2021.2627       1943.524       
5.92            2201.3133       2208.8371       2234.6287       2262.7081       2066.6297       2053.8235       2017.5614       1938.6277      
5.924           2201.4758       2208.9269       2234.7277       2262.6459       2065.0455       2051.1183       2013.9183       1933.6109      
5.928           2201.6066       2208.9931       2234.8136       2262.5997       2063.5277       2048.53         2010.4656       1928.9381      
5.932           2201.829        2209.1586       2234.9972       2262.602        2062.0824       2046.0508       2007.1682       1924.4601      
5.936           2202.0546       2209.3364       2235.1927       2262.6308       2060.7022       2043.6831       2004.0381       1920.2595      
5.94            2202.2931       2209.5311       2235.4124       2262.7058       2059.3986       2041.4269       2001.0602       1916.2991      
5.945           2202.5024       2209.5646       2235.3166       2262.7758       2057.5149       2038.3632       1997.0626       1911.3187      
5.95            2202.8366       2209.8343       2235.6321       2263.1757       2056.1342       2036.0296       1993.9407       1907.2418      
5.955           2203.2205       2210.1962       2236.061        2263.4964       2054.5805       2033.7749       1990.9735       1903.2999      
5.96            2203.7645       2210.7151       2236.6412       2263.9551       2053.2628       2031.6471       1988.1209       1899.6737      
5.965           2204.2605       2211.1814       2237.1682       2264.3877       2052.0103       2029.5526       1985.2528       1896.2238      
5.97            2204.7787       2211.6713       2237.7192       2264.8465       2050.8659       2027.5611       1982.5193       1893.0896      
5.975           2205.308        2212.1754       2238.2788       2265.3242       2049.8135       2025.7018       1979.9368       1890.2         
5.98            2205.8604       2212.7223       2238.8676       2265.8404       2048.8617       2023.9927       1977.5242       1887.546       
5.985           2206.4283       2213.2882       2239.4754       2266.3813       2047.9992       2022.4272       1975.2811       1885.1061      
5.99            2207.0324       2213.8844       2240.114        2266.9595       2047.2201       2020.9967       1973.1946       1882.8644      
5.995           2207.6501       2214.4956       2240.7697       2267.5629       2046.5201       2019.6948       1971.2594       1880.7555      
6               2208.266        2215.1087       2241.4348       2268.1877       2045.8929       2018.5152       1969.4668       1878.8073      
6.005           2208.8904       2215.7315       2242.1081       2268.8352       2045.3367       2017.4567       1967.8179       1876.9736      
6.01            2209.5163       2216.3584       2242.7919       2269.4994       2044.8524       2016.5151       1966.3147       1875.308       
6.015           2210.1702       2217.0139       2243.5035       2270.1993       2044.4452       2015.6856       1964.9503       1873.7896      
6.02            2210.8377       2217.6876       2244.2405       2270.9413       2044.111        2014.9577       1963.7119       1872.381       
6.025           2211.5005       2218.3603       2244.9799       2271.6907       2043.8345       2014.3208       1962.5935       1871.0988      
6.03            2212.144        2219.0125       2245.7027       2272.4275       2043.6155       2013.7811       1961.6041       1869.9749      
6.035           2212.8039       2219.6813       2246.4379       2273.1752       2043.4588       2013.3262       1960.7289       1868.9926      
6.04            2213.4424       2220.3375       2247.1722       2273.9499       2043.3742       2012.9682       1959.9728       1868.2042      
6.045           2214.1096       2221.0159       2247.9181       2274.706        2043.3335       2012.6854       1959.3241       1867.5358      
6.05            2214.7572       2221.6755       2248.6532       2275.4705       2043.3665       2012.4731       1958.7684       1866.9496      
6.055           2215.3824       2222.3129       2249.3621       2276.1977       2043.4378       2012.323        1958.2961       1866.4083      
6.06            2216.0151       2222.9593       2250.0818       2276.9438       2043.5737       2012.242        1957.9207       1866.0297      
6.065           2216.6357       2223.5949       2250.7907       2277.6774       2043.7511       2012.2198       1957.6335       1865.7735      
6.07            2217.21         2224.1867       2251.458        2278.3757       2043.9748       2012.2495       1957.4255       1865.6201      
6.075           2217.8013       2224.7967       2252.1376       2279.0755       2044.2346       2012.3361       1957.3018       1865.6347      
6.08            2218.3419       2225.3656       2252.782        2279.7522       2044.5165       2012.4743       1957.2595       1865.7965      
6.085           2218.8449       2225.9061       2253.4074       2280.4232       2044.8151       2012.6577       1957.2809       1866.1146      
6.09            2219.4331       2226.5195       2254.0859       2281.1051       2045.1211       2012.8828       1957.3685       1866.5442      
6.095           2219.9946       2227.1137       2254.7471       2281.7718       2045.4476       2013.1494       1957.5167       1867.1119      
6.1             2220.4691       2227.6399       2255.3543       2282.3933       2045.7463       2013.4487       1957.7161       1867.7954      
6.105           2221.0524       2228.2507       2256.0207       2283.0281       2046.0349       2013.7796       1957.969        1868.6197      
6.11            2221.5996       2228.8289       2256.6596       2283.6448       2046.3311       2014.1429       1958.2715       1869.6         
6.115           2222.0803       2229.3519       2257.2574       2284.2399       2046.6163       2014.5313       1958.6163       1870.7165      
6.12            2222.638        2229.9729       2257.9468       2284.9152       2046.9167       2014.9489       1959.0042       1871.9696      
6.125           2223.1593       2230.5435       2258.5792       2285.541        2047.1876       2015.3771       1959.4218       1873.365       
6.13            2223.6294       2231.0592       2259.1588       2286.1273       2047.4381       2015.8234       1959.8761       1874.9178      
6.135           2224.0955       2231.567        2259.7285       2286.7065       2047.671        2016.2784       1960.3574       1876.6155      
6.14            2224.4229       2231.9602       2260.2131       2287.2395       2047.8942       2016.7509       1960.8673       1878.4537      
6.145           2224.6017       2232.1989       2260.5471       2287.6499       2048.0797       2017.2311       1961.409        1880.4569      
6.15            2224.726        2232.377        2260.8173       2287.9909       2048.2407       2017.7193       1961.9677       1882.5712      
6.155           2224.9329       2232.6284       2261.1443       2288.3464       2048.4071       2018.2197       1962.5443       1884.8301      
6.16            2225.2089       2232.9405       2261.5224       2288.7209       2048.5679       2018.7365       1963.1427       1887.2622      
6.165           2225.3528       2233.1247       2261.7862       2289.0085       2048.6902       2019.2611       1963.7516       1889.7296      
6.17            2225.343        2233.1625       2261.9195       2289.1949       2048.7651       2019.7868       1964.371        1892.2893      
6.175           2225.3271       2233.1887       2262.0398       2289.3457       2048.8134       2020.32         1965.0096       1895.0569      
6.18            2225.3018       2233.1999       2262.1468       2289.4546       2048.8289       2020.8514       1965.6636       1898.0926      
6.185           2225.1939       2233.123        2262.1588       2289.6526       2048.8017       2021.3869       1966.3388       1901.3266      
6.19            2225.2388       2233.1824       2262.2902       2289.908        2048.7573       2021.9198       1967.0133       1904.422       
6.195           2225.1133       2233.0795       2262.2815       2290.1054       2048.6566       2022.4506       1967.7066       1907.6948      
6.2             2224.8922       2232.8761       2262.1739       2290.3059       2048.5029       2022.9746       1968.4148       1911.1059      
6.205           2224.5102       2232.5204       2261.9485       2290.3209       2048.2792       2023.4761       1969.1156       1914.4843      
6.21            2224.2404       2232.2523       2261.792        2290.3619       2048.0239       2023.961        1969.8223       1918.0491      
6.215           2223.8897       2231.8983       2261.5538       2290.3467       2047.7278       2024.4302       1970.5701       1922.0093      
6.22            2223.6717       2231.6616       2261.4128       2290.3735       2047.3915       2024.9106       1971.3313       1926.1536      
6.225           2223.0934       2231.0869       2260.9677       2290.1687       2047.0023       2025.3269       1972.0988       1930.4382      
6.23            2222.6775       2230.6562       2260.6338       2290.0056       2046.5576       2025.7473       1972.8902       1934.7089      
6.235           2222.1685       2230.1272       2260.1947       2289.7465       2046.0627       2026.1232       1973.6628       1938.9062      
6.24            2221.5255       2229.4664       2259.6485       2289.4608       2045.55         2026.482        1974.4436       1943.2839      
6.245           2220.8673       2228.7971       2259.1139       2289.226        2045.0538       2026.813        1975.2003       1947.4365      
6.25            2220.2672       2228.1617       2258.567        2288.8937       2044.4715       2027.0948       1975.9523       1952.103       
6.255           2219.5278       2227.3839       2257.871        2288.4196       2043.7767       2027.3351       1976.732        1957.1282      
6.26            2218.7234       2226.5363       2257.1033       2287.8877       2043.0762       2027.5356       1977.5367       1962.5533      
6.265           2217.6862       2225.4712       2256.152        2287.2924       2042.4514       2027.7113       1978.3369       1967.2521      
6.27            2217.03         2224.7435       2255.4705       2286.8258       2041.8325       2027.8847       1979.2004       1972.0765      
6.275           2215.8518       2223.5264       2254.3621       2286.0909       2041.1461       2028.0158       1980.0351       1976.6671      
6.28            2214.8326       2222.4542       2253.3774       2285.4305       2040.4583       2028.0927       1980.8771       1982.1658      
6.285           2214.0075       2221.5216       2252.4789       2284.7548       2039.7696       2028.1395       1981.8095       1988.1961      
6.29            2212.6719       2220.1312       2251.1786       2283.8053       2038.9755       2028.2163       1982.8109       1994.039       
6.295           2211.4568       2218.8573       2249.9938       2282.9963       2038.2669       2028.2072       1983.8585       1999.4502      
6.3             2210.1776       2217.4672       2248.6216       2281.9319       2037.4934       2028.2087       1985.0565       2006.2958      
6.305           2208.6472       2215.8547       2247.0823       2280.8132       2036.7471       2028.1693       1986.3042       2013.8337      
6.31            2207.403        2214.5033       2245.7551       2279.795        2036.05         2028.0868       1987.3272       2020.5244      
6.315           2205.9759       2212.9623       2244.2422       2278.636        2035.3639       2027.9454       1988.217        2026.2955      
6.32            2204.2957       2211.1934       2242.529        2277.3065       2034.6815       2027.8037       1989.3384       2032.4378      
6.325           2203.0521       2209.7963       2241.0924       2276.0542       2034.0976       2027.691        1990.5952       2040.4915      
6.33            2201.4072       2208.0481       2239.3741       2274.4295       2033.5066       2027.5924       1991.9965       2048.6421      
6.335           2199.753        2206.2612       2237.5505       2273.1388       2032.9956       2027.5034       1993.4286       2057.2298      
6.34            2198.3018       2204.635        2235.8477       2271.8887       2032.553        2027.4451       1994.9283       2065.9854      
6.345           2196.1715       2202.3769       2233.6165       2270.1917       2032.0952       2027.3962       1996.5218       2074.9755      
6.35            2194.3993       2200.431        2231.6193       2268.5436       2031.7131       2027.3568       1998.1588       2084.1913      
6.355           2192.1474       2198.06         2229.2644       2266.652        2031.3524       2027.3596       2000.0614       2094.0017      
6.36            2190.6545       2196.3371       2227.4002       2264.973        2031.1103       2027.4009       2001.9109       2103.9655      
6.365           2188.5193       2194.0313       2225.0256       2262.9335       2030.8644       2027.4107       2003.6771       2113.8547      
6.37            2186.6533       2191.9767       2222.8673       2261.0233       2030.6906       2027.5021       2005.6788       2124.1958      
6.375           2184.5678       2189.6997       2220.483        2258.9178       2030.6001       2027.5696       2007.6174       2134.4125      
6.38            2182.6904       2187.5669       2218.1544       2256.7203       2030.6202       2027.8287       2010.214        2145.2545      
6.385           2180.1092       2184.8237       2215.3361       2254.2085       2030.5637       2028.0669       2012.6226       2156.1469      
6.39            2178.1427       2182.6296       2212.9597       2251.9006       2030.4925       2028.385        2015.0596       2167.328       
6.395           2175.6626       2179.969        2210.1689       2249.3111       2030.6317       2028.8001       2017.8472       2178.5091      
6.4             2173.5784       2177.6543       2207.6762       2246.9266       2030.9411       2029.4646       2020.8474       2190.0602      
6.405           2171.5329       2175.3776       2205.2057       2244.5666       2031.3855       2030.2967       2024.1616       2201.3688      
6.41            2168.8916       2172.5549       2202.2573       2241.8447       2031.8176       2031.2452       2027.7836       2212.1753      
6.415           2166.8443       2170.2605       2199.7345       2239.3559       2032.4261       2032.4044       2031.5312       2222.0363      
6.42            2164.5131       2167.6996       2196.9794       2236.7099       2033.1437       2033.9904       2035.5634       2231.3269      
6.425           2162.0183       2165.0149       2194.1282       2233.9809       2033.9441       2035.8676       2040.3512       2245.9195      
6.43            2159.6313       2162.392        2191.2867       2231.1308       2034.6174       2037.6337       2045.0161       2261.6023      
6.435           2157.322        2159.8471       2188.522        2228.4536       2035.6342       2039.2944       2049.4331       2272.1477      
6.44            2155.5281       2157.7725       2186.1563       2226.0016       2036.8007       2041.1878       2054.4083       2281.2301      
6.445           2152.9329       2154.9884       2183.207        2223.1985       2037.9388       2043.3954       2060.2015       2291.1472      
6.45            2150.7603       2152.5689       2180.5396       2220.5761       2039.1519       2045.4872       2064.5765       2299.9006      
6.455           2148.4412       2150.0531       2177.8586       2217.7416       2040.2995       2047.577        2069.2          2310.5666      
6.46            2146.4271       2147.8131       2175.3958       2215.1389       2041.6742       2050.2111       2076.5191       2321.3508      
6.465           2144.2443       2145.4274       2172.8102       2212.4118       2042.9668       2052.912        2082.9306       2329.7116      
6.47            2142.137        2143.0909       2170.2262       2209.732        2044.2326       2055.5213       2089.4085       2342.9727      
6.475           2139.9631       2140.6944       2167.595        2207.0162       2045.6636       2058.5383       2096.5542       2355.6011      
6.48            2138.0992       2138.5729       2165.1979       2204.4543       2047.3463       2061.9547       2104.3807       2370.1666      
6.4866667       2133.9282       2134.1989       2160.4394       2200.1626       2048.8625       2066.1357       2113.7044       2370.4609      
6.4933333       2132.0762       2132.0305       2157.9227       2197.4054       2051.4452       2071.6004       2124.3561       2377.3544      
6.5             2129.5145       2129.2104       2154.8683       2194.2897       2054.3267       2077.9749       2136.2785       2383.2507      
6.5066667       2127.459        2126.8488       2152.1922       2191.4067       2057.4458       2084.6128       2148.538        2390.5906      
6.5133333       2125.2233       2124.3495       2149.4162       2188.4842       2060.555        2090.5931       2160.4382       2397.3498      
6.52            2123.2669       2122.1277       2146.9022       2185.8422       2064.2348       2098.1162       2173.2885       2403.5837      
6.5266667       2121.4201       2120.0306       2144.52         2183.3895       2068.43         2106.4379       2186.6455       2410.2408      
6.5333333       2119.7767       2118.143        2142.3417       2181.1228       2072.9082       2115.2709       2200.8497       2415.8827      
6.54            2118.2725       2116.4011       2140.3086       2179.0259       2078.0273       2124.5801       2215.1535       2421.7477      
6.5466667       2116.893        2114.7918       2138.4049       2177.0043       2083.0552       2133.3235       2229.1683       2425.2543      
6.5533333       2115.6184       2113.3019       2136.6437       2175.1905       2088.6815       2142.9761       2244.4216       2426.0443      
6.56            2114.1972       2111.7166       2134.8602       2173.5184       2095.0271       2154.4249       2259.9942       2425.7386      
6.5666667       2113.2957       2110.603        2133.4918       2172.2615       2101.9589       2166.4527       2276.3568       2424.6671      
6.5733333       2112.9252       2110.0098       2132.6084       2171.3791       2109.1078       2178.3923       2291.5485       2426.5902      
6.58            2112.6437       2109.5513       2131.9195       2170.7949       2117.3398       2191.2213       2307.5765       2428.766       
6.585           2113.5782       2110.2504       2132.5133       2170.4577       2124.4712       2201.6218       2319.4772       2431.6421      
6.59            2113.9131       2110.413        2132.559        2170.9355       2131.6898       2212.0356       2331.3718       2434.4193      
6.595           2114.0846       2110.4943       2132.4889       2171.1037       2139.6318       2223.3327       2343.9439       2436.5235      
6.6             2114.6735       2110.9577       2132.7197       2171.2578       2148.3703       2235.7661       2358.3936       2437.0467      
6.604           2116.0042       2112.1194       2133.7815       2171.2732       2155.9172       2245.8777       2369.2517       2440.0771      
6.608           2116.3864       2112.476        2134.1348       2172.4674       2164.0237       2255.8419       2380.1035       2442.8976      
6.612           2116.5862       2112.6301       2134.1546       2172.6278       2171.5627       2266.0294       2390.4855       2445.2292      
6.616           2117.3243       2113.2847       2134.6288       2172.8474       2179.598        2276.4945       2400.452        2447.3253      
6.62            2118.2873       2114.1778       2135.3856       2173.8809       2187.738        2287.0064       2410.5748       2449.1829      
6.624           2119.6269       2115.457        2136.5942       2176.1099       2196.2609       2297.6958       2420.6647       2451.444       
6.628           2121.1256       2116.8809       2137.9022       2177.8403       2204.951        2308.6948       2430.9947       2453.5398      
6.632           2122.5219       2118.2145       2139.1337       2179.551        2213.7467       2319.9947       2441.0018       2455.9926      
6.636           2123.9169       2119.6304       2140.6571       2183.494        2222.7885       2331.5604       2450.8137       2458.5035      
6.64            2125.7175       2121.3795       2142.3288       2185.8181       2232.4075       2343.4003       2460.9339       2461.8211      
6.645           2127.4709       2123.1073       2143.8154       2188.0206       2244.8709       2358.876        2473.6242       2465.2305      
6.65            2130.417        2126.0285       2146.6426       2191.559        2258.4694       2375.2837       2487.3619       2469.1277      
6.655           2133.7675       2129.2816       2149.7767       2195.4864       2272.3026       2391.1543       2499.3377       2472.5825      
6.66            2137.1917       2132.6482       2153.0292       2199.4603       2286.6515       2407.5521       2512.2377       2476.9006      
6.665           2140.7583       2136.1303       2156.5143       2203.6211       2301.1261       2423.3353       2522.7011       2480.7299      
6.67            2144.5915       2139.9062       2160.2654       2207.9916       2316.1582       2439.1173       2534.6945       2485.5215      
6.675           2148.7703       2144.0528       2164.2975       2212.5834       2331.2311       2455.2824       2544.653        2490.403       
6.68            2153.2694       2148.5217       2168.6071       2217.2697       2346.5066       2470.7224       2554.9707       2495.7216      
6.685           2157.95         2153.0804       2173.0781       2222.0297       2361.3903       2485.3995       2565.0375       2500.7047      
6.69            2162.8812       2157.8694       2177.7813       2227.1066       2375.99         2499.5795       2574.2433       2505.2651      
6.695           2168.0091       2162.7428       2182.5113       2231.3284       2390.798        2513.4335       2583.0336       2510.0396      
6.7             2172.8891       2167.5898       2187.2822       2236.0669       2403.6931       2526.7633       2592.4119       2515.1941      
6.705           2177.9946       2172.5487       2191.8896       2239.9026       2420.2464       2540.1253       2600.4562       2520.2922      
6.71            2184.1023       2178.6416       2198.0034       2246.5552       2433.5699       2552.4068       2608.3          2525.4669      
6.715           2190.1879       2184.8314       2204.2712       2253.3618       2449.8602       2568.155        2621.056        2536.4495      
6.72            2195.8499       2190.3977       2209.793        2259.101        2465.2654       2580.5319       2629.0051       2542.5983      
6.725           2202.6627       2197.2218       2216.5312       2265.7017       2480.3765       2593.2093       2638.1235       2548.0989      
6.73            2209.3868       2203.7396       2222.8852       2271.9329       2494.3794       2604.7242       2645.9899       2553.3352      
6.735           2216.5827       2211.0001       2229.9357       2278.8498       2508.2356       2615.3994       2652.3986       2558.8008      
6.74            2223.935        2218.3346       2236.955        2284.8583       2520.4473       2624.1278       2658.1412       2563.877       
6.745           2231.492        2225.8307       2244.3263       2291.887        2534.7233       2636.3147       2665.2084       2569.5419      
6.75            2239.1655       2233.4306       2251.8179       2298.8923       2548.1495       2647.1831       2671.3061       2574.8475      
6.755           2247.0115       2241.1848       2259.4393       2305.7788       2560.027        2656.3249       2676.7082       2579.7685      
6.76            2255.1623       2249.2265       2267.2825       2312.5373       2571.9105       2664.5007       2682.2352       2584.9821      
6.765           2262.9147       2256.7393       2274.5605       2317.9878       2582.4304       2670.5538       2685.3198       2588.9158      
6.77            2271.1198       2264.7632       2282.3788       2325.0625       2591.7092       2676.7046       2689.0656       2592.9523      
6.775           2279.4804       2272.851        2289.8786       2330.7639       2600.826        2683.5132       2693.3766       2597.4628      
6.78            2287.3055       2280.4067       2296.9312       2335.6429       2608.3877       2688.5343       2695.9551       2600.7017      
6.785           2295.9069       2289.1473       2305.4975       2342.2992       2615.998        2693.0903       2697.7835       2603.3114      
6.79            2304.8795       2298.027        2314.0631       2348.6911       2623.4283       2698.0513       2700.5611       2606.8455      
6.795           2314.5935       2307.5244       2322.8967       2354.9731       2630.4751       2702.6002       2703.0922       2610.2073      
6.8             2322.8969       2315.6587       2330.7193       2360.2671       2636.8886       2706.8319       2705.4441       2613.3552      
6.805           2331.5418       2324.0598       2338.6464       2365.5227       2642.664        2710.3987       2707.2778       2616.1644      
6.81            2340.5578       2332.77         2346.703        2370.4245       2647.0082       2712.6493       2707.7561       2617.5406      
6.815           2349.9067       2341.8418       2355.1382       2375.7758       2651.8683       2715.5109       2708.8403       2619.6169      
6.82            2359.0551       2350.5516       2362.9331       2380.7673       2656.6592       2718.82         2710.3489       2621.8856      
6.825           2367.9865       2359.2444       2371.175        2385.7456       2660.5539       2721.1828       2710.9326       2623.474       
6.83            2377.3292       2368.3004       2379.6584       2390.6753       2663.9796       2723.3139       2711.3944       2624.9084      
6.835           2386.0726       2376.6063       2386.9325       2393.8801       2665.078        2723.9217       2710.8997       2625.7341      
6.84            2394.9349       2385.0086       2394.3473       2397.4563       2666.4653       2724.3456       2710.0726       2626.0069      
6.8466667       2404.4546       2394.1566       2402.3311       2400.0842       2668.1318       2724.871        2709.2754       2625.4461      
6.8533333       2416.1088       2405.0359       2411.6584       2403.1236       2668.719        2724.5577       2707.4591       2624.6315      
6.86            2426.9953       2415.246        2420.5243       2406.7828       2668.9305       2723.671        2705.0084       2623.2274      
6.8666667       2438.5843       2425.993        2429.5518       2410.205        2668.521        2722.2763       2702.3782       2622.0988      
6.8733333       2449.0292       2435.9125       2438.2344       2413.6563       2667.9604       2720.1309       2699.2085       2620.4503      
6.88            2459.4639       2445.6613       2446.4375       2416.4514       2667.4237       2717.2954       2695.7563       2618.5696      
6.8866667       2468.4264       2454.0054       2453.4114       2418.6341       2665.4846       2713.5246       2691.7193       2616.0716      
6.8933333       2477.7259       2462.5746       2460.4727       2421.1539       2663.962        2709.8072       2687.6341       2613.1187      
6.9             2487.3616       2471.3121       2467.4631       2423.4479       2662.1497       2705.5865       2683.1741       2609.5993      
6.9066667       2494.527        2477.6535       2472.0623       2423.3978       2659.1097       2700.2366       2677.9996       2605.4375      
6.9133333       2501.0321       2483.3303       2476.0868       2423.4029       2656.1931       2694.6252       2672.498        2600.7763      
6.92            2507.6925       2489.2925       2480.5043       2424.0522       2652.937        2688.7283       2666.6326       2595.5873      
6.9266667       2515.3806       2496.3099       2485.9387       2425.668        2648.5644       2682.6223       2660.545        2589.9179      
6.9333333       2521.6214       2501.8142       2489.7899       2426.0059       2643.3756       2676.0964       2654.2649       2584.2339      
6.94            2526.3308       2505.8224       2492.1921       2425.4954       2637.4587       2669.058        2647.6299       2578.2028      
6.9466667       2530.3908       2509.2507       2494.0808       2425.0916       2631.175        2661.6574       2640.755        2572.077       
6.9533333       2534.1298       2512.3754       2495.7294       2424.8123       2624.7442       2654.0312       2633.7074       2565.7816      
6.96            2537.1779       2514.8602       2496.7705       2424.2908       2617.9467       2646.1216       2626.3388       2559.2751      
6.9666667       2539.6125       2516.7383       2497.2593       2423.806        2610.88         2638.0526       2618.8828       2552.7597      
6.9733333       2541.9151       2518.6168       2497.9201       2424.0053       2603.826        2629.9192       2611.3797       2546.3228      
6.98            2543.3236       2519.6506       2497.6093       2424.2875       2596.6761       2621.6886       2603.7472       2539.8461      
6.9866667       2544.3106       2520.285        2496.9283       2425.2763       2589.4761       2613.405        2596.073        2533.3719      
6.9933333       2544.8528       2520.7701       2496.8424       2421.8308       2581.5889       2604.8487       2588.2627       2526.8015      
7               2544.4521       2520.1153       2495.3424       2419.0224       2573.7952       2596.2857       2580.4582       2520.2833      
7.0066667       2544.6279       2520.1725       2494.8082       2416.125        2566.0977       2587.7594       2572.6207       2513.7652      
7.0133333       2544.6214       2520.0231       2493.7571       2413.9278       2558.1783       2579.2392       2564.7654       2506.9931      
7.02            2542.887        2518.0238       2490.5251       2413.097        2550.4802       2570.9027       2557.1623       2500.6559      
7.0266667       2540.7944       2515.7863       2487.5418       2411.1119       2541.9626       2561.9369       2548.9889       2493.994       
7.0333333       2538.3896       2513.3287       2484.4932       2408.9609       2533.1806       2552.6112       2540.2671       2486.9066      
7.04            2535.7271       2510.7319       2481.2078       2406.9843       2524.5364       2543.4016       2531.6352       2480.0222      
7.0466667       2532.7415       2507.8504       2477.7576       2405.0014       2515.8605       2534.2091       2522.9763       2473.1384      
7.0533333       2529.422        2504.6833       2474.1463       2402.9407       2507.236        2525.1349       2514.3754       2466.0909      
7.06            2525.6975       2501.0529       2470.135        2400.7938       2498.7186       2516.2197       2505.9276       2459.1524      
7.0666667       2521.8016       2497.2527       2465.9621       2398.6138       2490.2509       2507.3538       2497.5018       2452.2304      
7.0733333       2517.0155       2492.6953       2461.1873       2396.1717       2481.9788       2498.8039       2489.4219       2445.7063      
7.08            2512.438        2488.3896       2456.5133       2393.1217       2473.9724       2490.3872       2481.4018       2439.2462      
7.0866667       2506.7623       2482.7306       2450.835        2388.3609       2466.1001       2482.0844       2473.4697       2432.8355      
7.0933333       2501.9698       2478.1247       2446.1695       2385.0441       2458.4123       2473.9295       2465.6789       2426.5722      
7.1             2496.9691       2473.3932       2441.4006       2381.7874       2450.8223       2465.8483       2457.9352       2420.3491      
7.1066667       2491.5245       2468.2232       2436.2734       2378.2099       2443.3827       2457.9053       2450.2751       2413.9925      
7.1133333       2485.4104       2462.3862       2430.8553       2374.0562       2435.992        2449.9931       2442.6283       2407.634       
7.12            2479.0367       2456.3493       2424.8442       2369.7292       2428.7855       2442.2371       2435.1117       2401.3253      
7.1266667       2472.6299       2450.4006       2419.0096       2365.3479       2421.6213       2434.4255       2427.5192       2395.349       
7.1333333       2465.909        2444.1398       2412.7216       2358.1757       2415.0168       2426.883        2420.1309       2389.4792      
7.14            2459.4971       2438.1251       2407.1035       2353.1556       2408.293        2419.3109       2412.7421       2383.4879      
7.1466667       2453.4761       2432.4027       2401.6207       2349.4008       2401.7013       2411.8309       2405.4272       2377.5461      
7.1533333       2446.6988       2426.0555       2395.6843       2344.9697       2395.109        2404.3692       2398.1152       2371.5133      
7.16            2439.6206       2419.4251       2389.5664       2340.3464       2388.6083       2396.9782       2390.8378       2365.3553      
7.1666667       2432.5278       2412.7982       2383.4608       2335.8558       2382.2084       2389.6493       2383.5581       2359.2112      
7.1733333       2425.7055       2406.4131       2377.5271       2331.5117       2375.9053       2382.3655       2376.2673       2353.366       
7.18            2418.6102       2399.7749       2371.3883       2327.165        2369.7596       2375.2702       2369.132        2347.7173      
7.1866667       2412.0619       2393.6331       2365.785        2323.1035       2363.7139       2368.1896       2361.9387       2341.9994      
7.1933333       2404.9067       2387.0316       2359.6841       2318.7392       2357.661        2361.1884       2354.8272       2336.3888      
7.2             2397.6699       2380.3215       2353.4891       2314.2724       2351.5427       2354.1227       2347.6211       2330.7591      
7.2066667       2390.4495       2373.6122       2347.3937       2309.8393       2345.5157       2347.1762       2340.5102       2325.2454      
7.2133333       2383.3427       2367.0255       2341.4271       2305.3718       2339.4889       2340.2585       2333.4021       2319.6832      
7.22            2376.7585       2360.9352       2335.894        2301.1777       2333.5855       2333.4396       2326.3488       2314.0029      
7.2266667       2369.6093       2354.271        2329.7136       2296.949        2327.7093       2326.6679       2319.3223       2308.3065      
7.2333333       2363.0568       2348.1902       2324.0774       2292.9791       2321.9396       2320.0069       2312.3727       2302.6882      
7.24            2355.4329       2341.1334       2317.7584       2288.3755       2315.9955       2313.3508       2305.4523       2297.0573      
7.25            2346.0792       2332.3983       2309.7503       2280.839        2307.1447       2303.4611       2295.2057       2288.697       
7.26            2335.5595       2322.6788       2300.9489       2274.2747       2298.4872       2293.734        2285.1099       2280.275       
7.27            2325.7028       2313.5484       2292.6307       2267.8566       2289.9213       2284.1176       2275.1955       2272.1893      
7.28            2315.8517       2304.4191       2284.2392       2261.4165       2281.4952       2274.7518       2265.6036       2264.3693      
7.29            2306.0507       2295.1882       2275.9078       2254.9648       2273.16         2265.5899       2256.3015       2256.7264      
7.3             2296.4007       2286.2692       2267.8277       2248.6381       2265.0016       2256.7043       2247.321        2249.1864      
7.31            2287.1049       2277.52         2259.8509       2242.2898       2256.9975       2248.0931       2238.7372       2241.9622      
7.32            2277.8547       2268.8272       2251.9475       2235.9712       2249.2215       2239.8445       2230.6281       2235.1424      
7.33            2268.8984       2260.3283       2244.1996       2229.6935       2241.6568       2231.9249       2222.9592       2228.7036      
7.34            2260.3981       2252.3914       2236.8786       2223.6225       2234.3771       2224.3786       2215.7148       2222.2642      
7.35            2251.8009       2244.3522       2229.5334       2217.5412       2227.3736       2217.2396       2209.0605       2216.4699      
7.36            2243.3438       2236.4953       2222.3846       2211.4935       2220.6438       2210.5165       2202.9673       2211.1733      
7.37            2235.3879       2228.8599       2215.3145       2205.7161       2214.2072       2204.2089       2197.3263       2206.0584      
7.38            2227.7429       2221.5713       2208.5785       2200.129        2208.1238       2198.3835       2192.272        2201.5352      
7.39            2220.0786       2214.3337       2201.9409       2194.5248       2202.3014       2192.934        2187.7604       2197.1919      
7.4             2212.6524       2207.296        2195.4955       2189.0746       2196.8473       2187.98         2183.7991       2193.0762      
7.41            2205.4956       2200.5198       2189.2858       2183.7994       2191.7346       2183.5258       2180.4553       2189.7908      
7.42            2198.5229       2193.9167       2183.2373       2178.6544       2186.9226       2179.512        2177.679        2186.8114      
7.43            2191.9318       2187.6726       2177.5385       2173.8014       2182.539        2176.0917       2175.5417       2184.4833      
7.44            2185.543        2181.5766       2171.9175       2169.0315       2178.4972       2173.166        2173.9339       2182.3277      
7.45            2179.5777       2175.8656       2166.6382       2164.5399       2174.8842       2170.7787       2172.9935       2180.4856      
7.46            2173.6739       2170.2317       2161.4723       2160.1406       2171.6078       2168.8119       2172.6057       2179.056       
7.47            2168.1348       2164.942        2156.6177       2156.0491       2168.8729       2167.4246       2172.8458       2178.046       
7.48            2162.747        2159.8078       2151.9264       2152.131        2166.5083       2166.571        2173.6645       2177.2966      
7.49            2157.8176       2155.0801       2147.584        2148.5237       2164.6102       2166.2474       2174.8703       2176.8976      
7.5             2152.8382       2150.3248       2143.2443       2145            2163.1226       2166.4181       2176.5403       2176.9243      
7.51            2148.4352       2146.108        2139.3928       2141.8456       2162.0551       2166.9406       2178.414        2177.0882      
7.52            2144.218        2142.067        2135.7072       2138.8587       2161.2061       2167.568        2180.4956       2177.58        
7.53            2140.3481       2138.3608       2132.3417       2136.1796       2160.9          2168.7545       2183.4068       2178.3146      
7.54            2136.6653       2134.8407       2129.1432       2133.6541       2160.7341       2170.48         2186.7171       2179.2853      
7.55            2133.3175       2131.6426       2126.2512       2131.4497       2161.05         2172.6431       2190.084        2180.4821      
7.56            2130.3426       2128.8176       2123.8035       2129.6479       2161.9804       2175.4246       2193.7978       2181.9769      
7.57            2127.6647       2126.2817       2121.5996       2128.1096       2163.3149       2178.6156       2197.8935       2183.9636      
7.58            2125.2961       2124.0407       2119.6526       2126.8689       2164.9777       2181.98         2202.1175       2186.403       
7.59            2123.2403       2122.0877       2117.938        2125.725        2166.4841       2185.3493       2206.3074       2188.8637      
7.6             2121.4481       2120.4036       2116.5166       2125.0578       2168.558        2189.2128       2210.7883       2191.7128      
7.61            2120.0894       2119.1653       2115.6222       2124.7743       2171.0641       2193.3747       2215.3103       2194.5377      
7.62            2119.0735       2118.2895       2115.1415       2124.9616       2173.8376       2197.7634       2219.8569       2197.2833      
7.63            2118.3104       2117.6099       2114.7287       2125.5032       2176.8063       2202.2908       2224.3014       2199.884       
7.64            2118.0428       2117.4715       2114.7651       2126.5657       2180.0378       2206.9946       2228.8047       2202.6213      
7.65            2118.0445       2117.5228       2114.9068       2126.3244       2183.5891       2212.1842       2233.0288       2205.3126      
7.66            2118.3774       2117.9309       2115.5315       2127.1738       2187.2024       2217.8154       2237.2973       2208.2141      
7.67            2119.097        2118.7287       2116.5447       2128.2551       2190.9643       2223.8147       2241.7047       2211.4276      
7.68            2120.1655       2119.8569       2117.8808       2129.5525       2194.7558       2229.5864       2245.1377       2214.5651      
7.69            2121.6385       2121.3477       2119.5449       2131.136        2198.5926       2235.3147       2248.1781       2217.5695      
7.7             2123.3311       2123.0549       2121.2751       2132.344        2202.4388       2239.9072       2251.1172       2220.7481      
7.71            2125.0391       2124.8806       2123.1983       2133.5918       2206.2185       2244.3072       2254.0628       2223.6929      
7.72            2127.2924       2127.2119       2125.6518       2135.8813       2209.8955       2248.4954       2257.3801       2226.439       
7.73            2129.8971       2129.8506       2128.3145       2137.9087       2213.669        2252.5531       2261.2979       2229.0114      
7.74            2132.7552       2132.6656       2131.2483       2140.1975       2217.4715       2256.2852       2266.1661       2231.8855      
7.75            2135.6526       2135.5568       2134.1971       2142.543        2221.1641       2259.5842       2270.9706       2234.7772      
7.76            2139.0262       2138.9509       2137.6565       2145.2732       2225.2945       2262.807        2275.3233       2237.8467      
7.77            2142.2488       2142.1704       2140.8866       2147.8208       2230.2023       2265.6764       2278.6503       2239.8947      
7.78            2145.3157       2145.2903       2143.9473       2150.1579       2234.6614       2268.0062       2281.1828       2241.8158      
7.79            2148.8532       2148.7357       2147.2552       2152.5721       2238.7693       2269.4729       2282.5721       2243.2762      
7.8             2152.7891       2152.5856       2150.9817       2155.3284       2242.832        2270.3472       2283.5702       2244.5633      
7.81            2156.8967       2156.5983       2154.8273       2158.2094       2245.4241       2270.9274       2284.2902       2245.6781      
7.82            2161.034        2160.6358       2158.6726       2161.0593       2247.5163       2271.2749       2284.6291       2246.5341      
7.83            2164.9228       2164.4374       2162.3058       2163.6433       2248.988        2271.6788       2284.5647       2247.1622      
7.84            2168.6945       2168.0893       2165.7351       2166.1978       2250.1655       2272.4919       2284.1539       2247.4779      
7.85            2172.4427       2171.7677       2169.2053       2168.739        2251.1631       2273.6214       2283.4107       2247.5266      
7.86            2176.1952       2175.4572       2172.5788       2171.2198       2251.8503       2274.8281       2282.4018       2247.3794      
7.87            2180.236        2179.1646       2175.9277       2173.6601       2252.1749       2275.8246       2281.0708       2246.9517      
7.88            2183.7507       2182.4979       2178.9391       2175.8971       2252.1314       2276.3894       2279.4571       2246.2791      
7.89            2186.8768       2185.498        2181.654        2177.9416       2251.6929       2276.2439       2277.5619       2245.3542      
7.9             2189.8883       2188.3395       2184.1711       2179.7923       2250.9285       2275.4403       2275.4028       2244.1936      
7.91            2192.6347       2190.8831       2186.3753       2180.8643       2249.8376       2274.0911       2273.0103       2242.8309      
7.92            2194.962        2193.0279       2188.1871       2181.886        2248.4904       2272.2665       2270.3966       2241.2965      
7.93            2197.1444       2195.0201       2189.8363       2182.7641       2247.0457       2270.0069       2267.5722       2239.5544      
7.94            2198.9422       2196.6415       2191.1377       2183.4753       2245.6408       2267.4187       2264.5712       2237.6355      
7.95            2200.4108       2197.9385       2192.1231       2183.9632       2244.2794       2264.5987       2261.398        2235.5512      
7.96            2201.5794       2198.933        2192.8081       2184.2243       2242.9447       2261.5733       2258.0973       2233.389       
7.97            2202.4586       2199.6466       2193.2336       2184.275        2241.5861       2258.3475       2254.6358       2231.0505      
7.98            2202.8552       2199.9016       2193.2394       2183.9095       2240.18         2254.9534       2251.0864       2228.6695      
7.99            2202.8843       2199.7777       2192.8456       2183.1984       2238.5133       2251.4129       2247.4117       2226.1282      
8               2202.5465       2199.3041       2192.1401       2182.252        2236.6958       2247.7308       2243.6627       2223.4255      
