# Probe 0 (0.82450002 0 0.021)
# Probe 1 (0.82450002 0 0.061)
# Probe 2 (0.82450002 0 0.101)
# Probe 3 (0.82450002 0 0.141)
# Probe 4 (0.8035 0 0.161)
# Probe 5 (0.7635 0 0.161)
# Probe 6 (0.7235 0 0.161)
# Probe 7 (0.6835 0 0.161)
# Time          0               1               2               3               4               5               6               7              
0.00011990408   2.3519872       1.958532        1.390844        0.91229649      0.38960067      0.22541975      0.091965443     -0.075178114   
0.00026365075   3.2672072       2.8645768       2.2594503       1.7280717       1.0919137       0.87108531      0.70076222      0.49994673     
0.00043634641   0.039194416     -0.32920086     -0.82111556     -1.1919882      -1.4385042      -1.4452317      -1.4579102      -1.4801497     
0.00064372571   1.5543466       1.1680021       0.61816142      0.16535502      -0.27788736     -0.39055627     -0.48145337     -0.59101555    
0.00089299982   0.93596028      0.55791014      0.035116265     -0.37752845     -0.72255764     -0.78015388     -0.8294866      -0.8970221     
0.0011924328    0.78838892      0.4104397       -0.11209394     -0.5264341      -0.88133624     -0.94535356     -0.99808092     -1.0627696     
0.0015513119    0.77571379      0.39819555      -0.12311601     -0.53445956     -0.87868376     -0.93592052     -0.98473005     -1.0491889     
0.0019800614    0.80449334      0.42653731      -0.09602898     -0.50963706     -0.86193676     -0.92347477     -0.97461517     -1.0393927     
0.0024964048    0.82330802      0.4453086       -0.077619328    -0.49155357     -0.84432985     -0.90585619     -0.9575755      -1.0242646     
0.0031133346    0.83007583      0.45214551      -0.070597098    -0.48426163     -0.83658281     -0.89692533     -0.94737298     -1.0119184     
0.0038575674    0.87559172      0.49715495      -0.027352115    -0.44369692     -0.80473124     -0.87027509     -0.92487701     -0.99441529    
0.0047449219    0.88653132      0.50813977      -0.016388723    -0.43262257     -0.79292116     -0.85685688     -0.91031931     -0.9788156     
0.0057973655    0.90384296      0.52539526      0.0005564121    -0.41635397     -0.78100925     -0.84721399     -0.9020975      -0.9715756     
0.007060298     0.92616199      0.54755778      0.021908713     -0.39610678     -0.76363779     -0.8305759      -0.88637801     -0.95749947    
0.0085938587    0.94971397      0.57097293      0.044609867     -0.37458487     -0.74704309     -0.81614736     -0.87364456     -0.94672862    
0.010394126     0.95276789      0.57425797      0.048347444     -0.37028629     -0.7428958      -0.81076324     -0.86709242     -0.93849439    
0.012594452     0.98173731      0.60296545      0.075784418     -0.34487827     -0.72466329     -0.79585278     -0.85507685     -0.93028783    
0.015266277     1.0022134       0.62352491      0.096174244     -0.32487362     -0.70748986     -0.77851994     -0.83748642     -0.91215448    
0.018423888     1.0246479       0.64593253      0.11798047      -0.30422886     -0.69248171     -0.7651163      -0.82532982     -0.90134092    
0.022370902     1.0522067       0.67343928      0.14470283      -0.27895934     -0.67373742     -0.74799302     -0.80954853     -0.88712753    
0.026975752     1.0838428       0.70507456      0.17560356      -0.24957052     -0.65125731     -0.72679506     -0.78944147     -0.86819241    
0.032731814     1.1121155       0.73347752      0.2033974       -0.22329153     -0.63225351     -0.70877542     -0.77249351     -0.85251162    
0.038487876     1.1282455       0.74984666      0.21959975      -0.20811155     -0.62353152     -0.70002869     -0.76400134     -0.8443826     
0.044243938     1.1306649       0.75260703      0.22260853      -0.20556447     -0.62538021     -0.70056681     -0.76391495     -0.84367645    
0.05            1.1263171       0.74865365      0.21900647      -0.20961644     -0.63357807     -0.70741509     -0.77019277     -0.84937054    
0.057142857     1.1503564       0.77268335      0.24216998      -0.18866561     -0.62190979     -0.69667575     -0.76075671     -0.84172553    
0.065714286     1.1906387       0.81303525      0.28149867      -0.15212055     -0.59606078     -0.67068234     -0.73560386     -0.81762423    
0.077142857     1.2373971       0.85965713      0.32649229      -0.11116389     -0.5714614      -0.64642969     -0.71300048     -0.79716106    
0.088571429     1.2472664       0.86996413      0.33665863      -0.10347996     -0.57544773     -0.64592645     -0.71115134     -0.79428832    
0.1             1.2710077       0.89382493      0.35952849      -0.084545817    -0.57291085     -0.64040587     -0.70552566     -0.78915331    
0.11            1.2653309       0.88868905      0.35474695      -0.091488551    -0.589403       -0.649857       -0.71229885     -0.79340495    
0.12            1.2793971       0.90277663      0.36767867      -0.082771662    -0.59730512     -0.65474199     -0.71725949     -0.79938701    
0.13            1.3119251       0.9351839       0.39843458      -0.056972897    -0.58808739     -0.64112719     -0.7031035      -0.7854055     
0.14            1.3231025       0.94635291      0.40829001      -0.051625142    -0.5988135      -0.64577279     -0.70624748     -0.7878817     
0.15            1.3318752       0.95501203      0.41545557      -0.049329675    -0.61334208     -0.65352262     -0.7120082      -0.79232444    
0.16            1.3477224       0.97054491      0.42881559      -0.04185624     -0.62529395     -0.65896709     -0.71585332     -0.79531276    
0.17            1.3761105       0.99836315      0.45375164      -0.023743639    -0.62879393     -0.65564022     -0.71093844     -0.78976238    
0.18            1.4205522       1.0417955       0.49288011      0.0063388836    -0.62626222     -0.64812335     -0.70340436     -0.78319477    
0.19            1.4300736       1.0504921       0.4976753       0.0026855546    -0.65478028     -0.66802235     -0.72097995     -0.79947242    
0.2             1.4921612       1.1109468       0.55181145      0.04506508      -0.64434142     -0.65047678     -0.70230456     -0.78056772    
0.20833333      1.4666023       1.0853567       0.52465574      0.012541295     -0.6929899      -0.68497527     -0.73093702     -0.80440392    
0.21666667      1.5481683       1.1644175       0.59502878      0.068279889     -0.67409358     -0.66415567     -0.71168288     -0.78735298    
0.225           1.603783        1.2179237       0.64091299      0.1011841       -0.67263139     -0.65553545     -0.70183187     -0.77770214    
0.23333333      1.6729015       1.2840476       0.69656299      0.13983139      -0.67449101     -0.6513659      -0.6971259      -0.77326494    
0.24166667      1.7631434       1.3707491       0.77104963      0.19520186      -0.66285554     -0.6323484      -0.67740054     -0.75459668    
0.25            1.9033151       1.5058925       0.88934841      0.28823556      -0.62682594     -0.59146113     -0.6373896      -0.71715851    
0.25714286      1.9086068       1.5091226       0.88444853      0.26976602      -0.67384841     -0.61892712     -0.65708806     -0.73061699    
0.26428571      2.0741097       1.6678879       1.0213726       0.37554296      -0.63475184     -0.57959423     -0.62273021     -0.70207332    
0.27142857      2.1996972       1.7873507       1.1207462       0.4471052       -0.61729403     -0.54991215     -0.59044346     -0.66902163    
0.27857143      2.3755547       1.9546403       1.2604479       0.54925768      -0.59069159     -0.51631205     -0.5577712      -0.63900193    
0.28571429      2.5788963       2.1476198       1.4204849       0.66614752      -0.55594717     -0.470498       -0.51137499     -0.59481634    
0.29285714      2.8065913       2.362638        1.5955843       0.79037338      -0.52547212     -0.42644412     -0.46575321     -0.55008616    
0.3             3.0819673       2.6211551       1.8021139       0.93323268      -0.4946954      -0.38078102     -0.4185352      -0.50436489    
0.30714286      3.3664848       2.8856961       2.0055776       1.0644397       -0.48423606     -0.34875257     -0.38146841     -0.46631111    
0.31326531      3.5250349       3.0290589       2.1004356       1.1025048       -0.53179391     -0.36260218     -0.38242153     -0.46005411    
0.31938776      3.9113852       3.38617         2.3715504       1.2785688       -0.49929697     -0.31490389     -0.33256908     -0.41199119    
0.3255102       4.2882039       3.7307296       2.6219463       1.4290454       -0.490104       -0.27664819     -0.28527747     -0.36074595    
0.33040816      4.4059801       3.8296637       2.6606005       1.4045966       -0.58424129     -0.32650035     -0.31444799     -0.37635277    
0.33530612      4.8295477       4.2112846       2.9241559       1.5506631       -0.5893045      -0.31371051     -0.29562873     -0.35671278    
0.34020408      5.2360414       4.5751998       3.1675071       1.6783941       -0.60079092     -0.29265491     -0.26179426     -0.31589661    
0.34510204      5.7894903       5.0686581       3.495546        1.8528578       -0.6073016      -0.26868976     -0.22636308     -0.27475603    
0.35            6.329131        5.5400586       3.7802966       1.9735689       -0.66230494     -0.27887483     -0.21696876     -0.25413861    
0.35416667      6.6800074       5.8360365       3.9210139       1.9852574       -0.75686658     -0.32689632     -0.23933716     -0.26090713    
0.35833333      7.4466413       6.5010117       4.3203665       2.1706068       -0.78163554     -0.32201132     -0.21845969     -0.23174954    
0.36212121      7.9580349       6.9325197       4.5328419       2.2192491       -0.85322163     -0.35479192     -0.2236261      -0.22026828    
0.36556474      8.5870649       7.4617981       4.7951635       2.2885645       -0.91635405     -0.40028243     -0.24299187     -0.22404464    
0.36900826      9.4158699       8.1607364       5.1550126       2.4136131       -0.96068041     -0.43399571     -0.25110858     -0.21639156    
0.37210744      10.120631       8.746505        5.4194264       2.4684363       -1.016584       -0.4686352      -0.26175495     -0.21100186    
0.37520661      11.179687       9.6256635       5.8444727       2.6048744       -1.1023406      -0.49199353     -0.26706503     -0.20318797    
0.37796143      11.927746       10.227016       6.066366        2.6097411       -1.2085084      -0.5481328      -0.29749255     -0.2152714     
0.38071625      13.123416       11.19369        6.4899471       2.7262644       -1.3223397      -0.58785844     -0.31620296     -0.21743629    
0.38312672      14.016883       11.875003       6.7119765       2.7225188       -1.393351       -0.6579344      -0.34674865     -0.22590679    
0.38553719      15.486526       13.024431       7.1986572       2.875872        -1.4674021      -0.70442253     -0.35988277     -0.21941574    
0.38760331      16.417246       13.712426       7.3932633       2.8544002       -1.4996262      -0.75825712     -0.38413209     -0.2265446     
0.38966942      17.986778       14.914167       7.8672197       2.9882849       -1.613924       -0.83091874     -0.41982964     -0.24092406    
0.39173554      19.391434       15.953835       8.1991366       3.0218625       -1.7102383      -0.88959854     -0.44730434     -0.25253205    
0.39380165      21.200266       17.290305       8.6446119       3.1000673       -1.8934767      -0.98015925     -0.49994696     -0.27482694    
0.39586777      23.230968       18.767876       9.1169654       3.1792618       -2.0383214      -1.0723294      -0.53633924     -0.28839819    
0.39793388      25.599894       20.461062       9.6248474       3.2515965       -2.1882461      -1.1541861      -0.56936787     -0.29633816    
0.4             28.501709       22.526046       10.265871       3.3865407       -2.3528928      -1.2339004      -0.60161727     -0.30185966    
0.4015625       30.050886       23.518787       10.357432       3.2453472       -2.4082804      -1.310633       -0.63286817     -0.3140674     
0.40307617      32.907844       25.509088       10.937738       3.3657414       -2.6419934      -1.4346368      -0.70123728     -0.34767706    
0.40454254      35.274574       27.112388       11.335135       3.4457501       -2.9887243      -1.5348023      -0.74223804     -0.36392228    
0.40596309      38.200605       29.0927         11.826218       3.4888145       -3.2344528      -1.6441733      -0.8039234      -0.3935738     
0.40733924      41.103972       31.015021       12.238211       3.4804929       -3.4846904      -1.7619408      -0.87003328     -0.43318014    
0.40867239      44.479037       33.264391       12.774444       3.5320546       -3.7337357      -1.8888293      -0.9420178      -0.473599      
0.40996388      48.061437       35.63269        13.327937       3.5904513       -3.949644       -2.0130435      -1.0056166      -0.50579799    
0.41125537      52.253378       38.391034       13.990534       3.6702801       -4.1890393      -2.1327867      -1.0612999      -0.5320305     
0.41250519      56.847104       41.420531       14.759707       3.7918703       -4.3940933      -2.2524724      -1.1121645      -0.55497657    
0.4137147       61.735371       44.570133       15.486164       3.8515878       -4.6213359      -2.3482818      -1.171297       -0.57737368    
0.41492421      67.37267        48.190902       16.366547       3.9560864       -4.8767023      -2.455113       -1.226012       -0.60570229    
0.4160934       73.230644       51.933472       17.254373       4.0260105       -5.1414913      -2.5656682      -1.2843129      -0.6337681     
0.41722362      79.736483       56.075878       18.295101       4.1529469       -5.3324476      -2.7283184      -1.3706087      -0.67652474    
0.41835384      87.07667        60.696758       19.453073       4.2690946       -5.5772118      -2.8834177      -1.4487489      -0.7172394     
0.41944509      94.494358       65.377196       20.636674       4.3471496       -5.8164096      -3.0400378      -1.5348182      -0.76254421    
0.42053634      103.25676       70.830337       22.062672       4.4516196       -6.0587042      -3.1901463      -1.6225903      -0.81037744    
0.42162758      112.77952       76.772534       23.662911       4.5764687       -6.2848867      -3.3376382      -1.7031545      -0.85821857    
0.42267841      122.63646       82.940706       25.374981       4.7173981       -6.4909022      -3.50015        -1.7952698      -0.90405395    
0.42372925      134.26216       90.112074       27.412577       4.9359842       -6.7094465      -3.6658129      -1.8893384      -0.95313301    
0.42473966      145.61453       97.202394       29.516287       5.1605364       -6.9440528      -3.8607775      -2.0033766      -1.0136699     
0.42575007      159.46601       105.68641       32.018184       5.4641078       -7.1628605      -4.0437142      -2.1072583      -1.0674656     
0.42676049      174.21689       114.7627        34.768746       5.8490948       -7.3845469      -4.2365039      -2.2248568      -1.1295798     
0.4277709       190.67589       124.8074        37.837336       6.2836709       -7.6227998      -4.4372156      -2.3516615      -1.19692       
0.42873738      206.65952       134.70607       41.095819       6.8014176       -7.8262357      -4.6340883      -2.4646149      -1.258149      
0.42970386      225.88979       146.29566       44.807602       7.4307316       -8.0410093      -4.84373        -2.5935676      -1.3296678     
0.43067035      245.71919       158.40138       48.721958       8.194728        -8.2743127      -5.0699404      -2.7404367      -1.4139146     
0.43163683      267.61563       171.71906       52.978364       9.0367841       -8.5659634      -5.2653184      -2.86699        -1.4895616     
0.43260331      291.27327       186.18815       57.662337       10.034672       -8.8393129      -5.488201       -3.0142918      -1.5785643     
0.4335698       316.65827       201.60629       62.62877        11.209316       -9.0969756      -5.7141307      -3.1694422      -1.6631863     
0.43448258      339.1232        215.94061       67.473405       12.613084       -9.2342385      -5.9444524      -3.3220467      -1.7440914     
0.43539537      368.12962       233.39256       73.224175       14.790661       -9.4510594      -6.1932389      -3.496633       -1.8339312     
0.43630816      396.89385       250.94238       78.964447       16.328768       -9.649661       -6.4599484      -3.6902824      -1.9645626     
0.43722095      428.91706       270.11611       84.928836       17.699425       -9.8448505      -6.6857068      -3.8656204      -2.0727849     
0.43813374      462.7424        290.44497       91.317084       19.163197       -9.9188035      -6.8804023      -4.0334792      -2.1950231     
0.43904653      499.05427       311.91739       97.317199       19.680123       -10.220023      -7.1197294      -4.2118794      -2.2991992     
0.43995932      538.70468       335.17213       103.74571       19.653342       -10.405576      -7.3065468      -4.365702       -2.4009265     
0.44087211      580.74152       359.36535       109.6224        19.461542       -10.63079       -7.5091451      -4.5237914      -2.5066741     
0.4415241       577.5352        366.83359       112.5553        21.047572       -10.451532      -7.7019326      -4.6624468      -2.5869073     
0.44217609      627.00996       390.60863       117.75034       20.938731       -10.614013      -7.9177937      -4.8461594      -2.6895713     
0.44273494      632.24563       400.13931       120.74294       22.182892       -10.510364      -8.0541118      -4.8855218      -2.7147115     
0.44329379      675.07156       422.65864       127.08123       23.04281        -10.646511      -8.2634524      -5.0530533      -2.8214509     
0.44385264      699.06794       439.39719       131.85643       23.951174       -10.685456      -8.3384736      -5.1148008      -2.8712764     
0.4444115       735.93631       462.08309       138.34346       26.049627       -10.738726      -8.4708907      -5.2339706      -2.9551148     
0.44497035      767.34597       481.03306       143.93563       27.330193       -10.858034      -8.603149       -5.3548397      -3.0176594     
0.4455292       803.82262       501.97751       150.41725       29.174371       -10.97298       -8.7510229      -5.4864209      -3.1048179     
0.44608805      838.97124       523.17233       157.4187        31.406644       -11.016396      -8.8192309      -5.5602114      -3.1672268     
0.4466469       877.316         546.37991       165.1236        34.006964       -11.086563      -8.8900747      -5.6428524      -3.2299953     
0.44720575      920.97175       573.11641       173.09311       36.579255       -11.214959      -8.9792952      -5.7283542      -3.2930546     
0.4477646       967.51617       601.24633       181.9415        42.197206       -11.446116      -9.1045618      -5.8319938      -3.3594783     
0.44832345      1015.4068       628.4771        188.15944       45.960614       -11.545237      -9.1643885      -5.9069639      -3.4254942     
0.4488823       1065.4941       656.5529        194.38568       50.007045       -11.77823       -9.3267686      -6.0552298      -3.5334529     
0.44944115      1117.3836       684.71442       201.34205       57.116557       -11.800128      -9.4677248      -6.2168235      -3.653298      
0.45            1172.3596       714.32066       209.96847       67.584368       -11.879603      -9.5565484      -6.3164496      -3.7343117     
0.4505102       1205.5627       736.72655       218.8765        71.32559        -11.676409      -9.7140929      -6.4705019      -3.8398926     
0.45102041      1274.4839       770.00838       228.42523       77.537538       -11.384291      -9.6794606      -6.5031078      -3.8916348     
0.45153598      1330.4091       797.17472       233.01543       77.694346       -11.852805      -9.733315       -6.5242668      -3.9168616     
0.45203051      1397.031        831.43795       240.07489       80.104527       -11.855427      -9.7645736      -6.5513919      -3.9502659     
0.4525302       1467.431        861.33193       246.57394       80.379709       -12.270817      -9.9129152      -6.6395524      -4.0103484     
0.45302988      1534.8031       892.33813       253.95133       80.190311       -12.831883      -10.174029      -6.817223       -4.1356406     
0.45352956      1605.5469       920.76665       257.24824       76.787811       -13.2499        -10.384618      -6.9557616      -4.2335886     
0.45402393      1678.0123       951.88233       265.19224       77.819679       -13.584202      -10.67589       -7.142837       -4.3521056     
0.45452367      1763.7554       985.33752       273.51468       77.260916       -13.794904      -10.926022      -7.3194873      -4.4666136     
0.45502341      1844.8817       1015.5765       281.42187       76.073356       -13.370878      -10.843356      -7.3125399      -4.4814705     
0.45552315      1934.5961       1046.606        290.76961       75.550967       -13.239741      -10.894405      -7.3766171      -4.5090352     
0.45602857      2043.0852       1081.9519       301.91986       74.503826       -13.111781      -10.905122      -7.4424785      -4.5702445     
0.45653986      2161.5125       1115.3323       313.81457       73.791674       -13.305595      -11.088877      -7.5953961      -4.6720792     
0.45705116      2292.2671       1154.2865       324.95539       73.329959       -13.789233      -11.446377      -7.8787952      -4.8658614     
0.45756245      2443.3486       1201.8172       329.55477       69.177632       -14.39343       -11.893578      -8.2310538      -5.1102075     
0.45807375      2656.3683       1271.4401       346.4672        68.499201       -14.256177      -12.186696      -8.5240251      -5.3162141     
0.45858504      2877.7116       1327.3745       364.52094       66.109212       -13.634524      -12.132478      -8.5789906      -5.3825509     
0.45909634      3064.279        1367.5519       369.08694       62.218657       -13.220188      -12.285939      -8.7884078      -5.53722       
0.45960764      3275.5947       1410.5565       374.65931       61.867751       -12.631991      -12.312403      -8.9452567      -5.6880161     
0.46011893      3490.3017       1457.4155       381.30472       60.397516       -13.222316      -12.933973      -9.4767466      -6.0400679     
0.46063023      3725.4798       1518.904        391.19309       62.752884       -14.685328      -14.129986      -10.418655      -6.6354279     
0.46114152      3968.5675       1587.3639       396.56475       70.633621       -14.435375      -13.901096      -10.434866      -6.7464152     
0.46165282      4216.85         1655.0164       393.46717       78.724452       -15.007769      -14.09574       -10.598768      -6.8917459     
0.46216411      4477.1614       1733.2551       393.5675        94.30951        -15.863786      -14.450849      -10.909586      -7.1404551     
0.46267541      4752.44         1815.9103       388.58887       103.10413       -16.099277      -14.366132      -10.912922      -7.2174317     
0.46318671      5075.7672       1918.5418       387.38372       132.69527       -17.322238      -14.692061      -11.162118      -7.4247243     
0.463698        5504.5835       2027.7976       376.98846       147.23889       -19.893937      -15.22568       -11.463901      -7.6603172     
0.4642093       6008.7853       2156.7047       377.24923       155.14159       -21.50329       -15.486543      -11.545719      -7.739672      
0.464728        6627.8159       2293.6814       371.03553       160.67217       -22.543785      -15.677964      -11.666023      -7.8544597     
0.46524671      7550.0953       2460.3761       359.54134       161.22128       -26.102983      -16.340976      -11.958359      -8.0468808     
0.46576541      8415.4094       2564.6711       336.55804       157.62375       -27.319363      -16.654484      -12.09232       -8.1553412     
0.46628412      9181.7975       2676.036        330.08396       171.47275       -26.095526      -16.446319      -12.045198      -8.196172      
0.46680283      10171.665       2829.0013       321.43252       169.82416       -26.037927      -15.821293      -11.634475      -8.0246539     
0.46732153      10747.519       2956.8942       303.73489       164.35581       -25.215474      -15.266383      -11.238821      -7.7907728     
0.4678486       11429.835       3147.5927       297.32792       153.90975       -25.047535      -14.978051      -11.038284      -7.7118602     
0.46837568      12061.402       3358.1899       286.93374       144.38172       -24.744386      -14.875262      -10.94139       -7.6638759     
0.46890275      12994.622       3548.1484       273.57245       133.66836       -24.959217      -15.034449      -10.980936      -7.6741644     
0.46943891      13776.87        3818.049        262.16739       125.92026       -24.350432      -15.201919      -11.111563      -7.7637416     
0.46997507      14199.258       4184.8502       256.32419       120.37311       -23.731737      -15.41593       -11.282632      -7.8902045     
0.47051123      14429.84        4619.1241       253.8669        116.00496       -22.332307      -15.371537      -11.331727      -7.969501      
0.47104739      14459.284       5104.1071       237.74896       113.89345       -21.754324      -15.426385      -11.452545      -8.0640338     
0.47159366      14488.548       5682.7049       213.65025       95.827245       -21.47988       -15.472911      -11.565336      -8.1293634     
0.47213994      14364.563       6188.2844       204.33539       87.785645       -21.052466      -15.600916      -11.712001      -8.2420638     
0.47268621      14240.722       6714.7126       207.55306       77.778173       -20.281225      -15.698894      -11.872229      -8.38531       
0.47324364      14037.391       7275.4504       221.89075       75.870141       -19.279208      -15.684761      -12.034429      -8.5772901     
0.47380106      13812.105       7797.9786       251.29874       77.77152        -18.63438       -15.817983      -12.244787      -8.7485712     
0.47435849      13587.139       8312.4533       275.99604       72.557816       -17.607398      -15.856779      -12.433045      -8.9376571     
0.4749283       13330.495       8657.7987       306.02906       63.199883       -16.918796      -15.910054      -12.609393      -9.1264253     
0.47549811      12907.121       8631.4612       379.275         63.910479       -16.440024      -16.622612      -13.275988      -9.6058707     
0.47608149      12493.605       8640.8845       472.31711       61.488298       -15.875962      -16.846747      -13.645412      -9.9178207     
0.47666487      12101.081       8556.2573       632.23897       62.412994       -14.836234      -16.517721      -13.648363      -10.082483     
0.47724824      11741.184       8459.138        790.6097        60.647076       -14.862363      -16.7096        -13.954623      -10.41536      
0.47784697      11398.992       8350.915        985.99577       60.196682       -14.743038      -16.338936      -13.878047      -10.534935     
0.4784457       11025.829       8123.6629       1397.1553       52.895338       -15.194639      -16.339476      -14.005317      -10.744691     
0.47906154      10658.254       7852.7945       1193.8448       78.179761       -14.725437      -15.958507      -13.892761      -10.835274     
0.47967738      10372.354       7639.0154       1303.2505       87.080027       -16.302099      -16.059211      -13.896696      -10.924748     
0.48031246      10082.036       7409.7822       1324.3227       145.44177       -17.065677      -16.061897      -13.812185      -10.948663     
0.48094754      9797.7619       7109.8503       1549.0294       190.97491       -17.776051      -16.112195      -13.833593      -11.050877     
0.48158262      9581.948        6912.9732       1474.2766       288.57526       -17.27885       -15.506702      -13.489579      -10.999219     
0.48224039      9368.0766       6724.7963       1666.1322       262.75854       -19.548662      -15.390316      -13.262566      -10.91125      
0.48289815      9186.2276       6549.9481       1711.0466       353.82099       -19.192728      -14.579668      -12.73523       -10.694721     
0.48358223      9018.2492       6407.9297       1812.5875       269.28033       -22.492523      -15.377656      -13.237304      -11.009523     
0.4842663       8879.8147       6298.3032       1918.2863       153.71426       -23.062162      -13.847882      -12.134896      -10.534016     
0.48498147      8730.9467       6173.8476       1858.917        107.62801       -29.534856      -15.83816       -13.191737      -11.041143     
0.48569664      8619.058        6081.7583       1934.6559       155.38031       -33.4404        -16.013958      -13.119355      -11.085805     
0.4864118       8531.507        6012.726        1939.7426       159.49805       -40.840114      -16.001573      -12.584849      -10.715284     
0.48712697      8450.318        5953.3954       1999.482        155.57497       -50.53715       -16.400969      -12.292653      -10.45567      
0.48788421      8358.5996       5895.7932       2030.7134       169.16913       -58.371381      -16.609469      -12.110594      -10.327588     
0.48864145      8282.2668       5836.9512       1944.6136       186.33389       -61.837902      -17.049687      -12.384347      -10.529212     
0.48939868      8231.181        5808.7783       1940.8809       232.18343       -62.561745      -16.795748      -12.365542      -10.682324     
0.49015592      8184.9597       5784.978        1900.2005       267.68737       -61.192438      -16.39198       -12.211721      -10.688974     
0.49091316      8141.2919       5769.193        1869.7291       295.89405       -58.599032      -16.007616      -12.081736      -10.699658     
0.49167039      8096.56         5756.7499       1816.091        291.64827       -56.359406      -15.773986      -12.022008      -10.741746     
0.49242763      8072.8885       5772.2359       1814.1573       329.71367       -53.180384      -15.488413      -12.040625      -10.852133     
0.49318487      8048.8477       5784.5349       1799.6627       374.53247       -50.232956      -15.358048      -12.144982      -11.031069     
0.49403676      7988.3344       5784.1582       1802.7532       399.04189       -46.552993      -15.224302      -12.257808      -11.175089     
0.49488865      7962.9854       5783.0983       1801.0988       446.51793       -42.782873      -15.27197       -12.45183       -11.417562     
0.49574054      7964.4819       5812.7139       1808.3706       471.38299       -38.761474      -15.403785      -12.661165      -11.633006     
0.49659243      7963.7648       5848.0474       1815.4981       488.32696       -38.444352      -15.815143      -12.968658      -11.904298     
0.49744433      7968.8557       5882.3494       1834.9722       491.75681       -37.010967      -16.11385       -13.284149      -12.167484     
0.49829622      7969.1249       5919.2269       1848.3852       514.70221       -34.886506      -16.148178      -13.510055      -12.392506     
0.49914811      7968.1685       5954.0756       1879.8983       531.53355       -34.400573      -16.410583      -13.771238      -12.641061     
0.5             7972.7821       6002.4409       1911.6473       536.64162       -33.660682      -16.690568      -14.073225      -12.920427     
0.50081967      7991.0245       6060.4          1940.6646       493.5786        -33.262213      -16.856318      -14.286859      -13.151432     
0.50163934      7993.9842       6110.0427       1976.0282       514.2096        -32.790663      -16.789001      -14.369164      -13.330604     
0.50245902      7988.8729       6149.7933       2006.6737       507.87636       -32.44709       -16.631819      -14.354879      -13.442847     
0.50327869      7982.4783       6176.5181       2058.183        533.11994       -31.963205      -16.338333      -14.267575      -13.508779     
0.50409836      7977.7503       6217.3045       2095.8174       552.76162       -31.269646      -15.984546      -14.155038      -13.574408     
0.50493294      7968.1198       6247.0707       2143.869        578.69235       -30.563089      -15.620771      -14.025592      -13.623286     
0.50576751      7964.774        6285.381        2188.3246       605.04467       -30.009752      -15.347637      -13.953928      -13.705184     
0.50660209      7966.3151       6325.7648       2236.4864       633.79384       -29.270035      -15.123241      -13.90274       -13.792252     
0.50743666      7969.7864       6367.4815       2281.7947       650.28965       -28.375851      -14.810395      -13.79213       -13.844025     
0.50828793      7967.9686       6406.1725       2328.0569       669.20501       -27.517673      -14.295923      -13.532823      -13.7917       
0.5091392       7975.8534       6452.621        2382.6795       686.68874       -27.591737      -14.372232      -13.691461      -13.981498     
0.51000857      7976.9102       6492.0091       2444.6681       701.61201       -26.989506      -13.909812      -13.49848       -14.010402     
0.51087795      7985.8187       6539.9102       2499.5591       717.8776        -26.525052      -13.577304      -13.378278      -14.083415     
0.51176709      7986.2986       6578.062        2560.8119       729.75065       -26.474998      -13.550102      -13.382117      -14.169973     
0.51265623      7993.1618       6623.7379       2612.8017       742.59842       -26.5191        -13.659596      -13.505339      -14.329948     
0.51356705      7998.6088       6671.1678       2669.2784       759.85415       -26.226017      -13.588714      -13.561679      -14.483708     
0.51450123      8003.8074       6722.3744       2737.2536       783.93748       -25.564601      -13.142318      -13.332023      -14.460521     
0.51543541      8018.7168       6779.4494       2819.9553       807.43995       -25.338212      -13.021857      -13.305566      -14.535807     
0.51639554      8044.5176       6845.8994       2899.2167       840.47754       -24.873621      -12.707033      -13.148549      -14.538452     
0.51735566      8051.0625       6898.4066       2963.1043       872.56472       -24.666805      -12.485735      -13.013076      -14.523536     
0.51831579      8061.7383       6953.1523       3030.7843       905.68252       -24.617258      -12.387729      -12.975201      -14.575061     
0.51927592      8061.6462       6995.8962       3091.2163       938.83724       -24.561073      -12.286039      -12.92098       -14.604535     
0.52023605      8060.6954       7036.5935       3155.8757       968.50641       -24.36501       -12.150019      -12.853235      -14.630258     
0.52119617      8057.1821       7075.3255       3219.8015       995.76427       -24.222585      -12.106288      -12.843384      -14.676879     
0.5221563       8053.2761       7111.2674       3274.2768       1022.2326       -24.465613      -12.181937      -12.855335      -14.721609     
0.52311643      8048.2447       7148.0467       3328.357        1053.1748       -25.663563      -12.300328      -12.868062      -14.758902     
0.52407656      8044.2315       7186.715        3383.1236       1083.5923       -26.353621      -12.429049      -12.920502      -14.808077     
0.52503668      8038.1691       7225.5322       3430.5405       1117.7973       -26.787801      -12.507035      -12.974892      -14.901902     
0.52599681      8032.3894       7264.1917       3482.982        1147.7239       -26.95446       -12.458702      -12.921519      -14.894075     
0.52695694      8022.2191       7287.4635       3541.2335       1176.8037       -27.03739       -12.428431      -12.888902      -14.889413     
0.52791707      8010.8513       7316.6837       3596.9975       1203.514        -27.41903       -12.312842      -12.787654      -14.847297     
0.52887719      8002.2914       7347.9806       3655.7439       1238.1874       -28.095789      -12.45288       -12.918261      -14.967804     
0.52983732      7996.2874       7379.4591       3713.3392       1273.4581       -28.624155      -12.53271       -13.015926      -15.105388     
0.53079745      7998.075        7416.8236       3772.6594       1318.3196       -28.945614      -12.336549      -12.876578      -15.066036     
0.53171186      8025.6405       7485.0748       3860.9822       1360.8671       -29.196337      -12.077827      -12.676501      -14.979716     
0.53262626      8041.7608       7543.0169       3941.6989       1405.987        -29.256188      -11.744579      -12.456516      -14.904415     
0.53354067      8059.0582       7602.433        4022.1255       1442.4425       -29.139825      -10.904054      -11.847392      -14.584037     
0.53445508      8075.2116       7649.988        4109.2104       1484.3454       -30.365211      -10.822716      -11.473275      -14.069332     
0.53536948      8116.1402       7737.1679       4240.6254       1540.2866       -32.385403      -11.564743      -11.807337      -14.035196     
0.53628389      8092.0106       7738.5284       4278.626        1568.9182       -32.800854      -11.062795      -11.50309       -13.966172     
0.5371983       8085.6737       7765.8174       4345.9183       1605.9765       -34.006049      -11.336228      -11.743933      -14.148379     
0.53811271      8060.5566       7769.0741       4378.7891       1632.2019       -34.361988      -10.82014       -11.216498      -13.727193     
0.53902711      8032.2067       7768.4649       4431.9294       1659.8767       -35.676995      -11.263075      -11.288432      -13.44164      
0.53994152      8040.4958       7800.9354       4507.2606       1697.263        -35.884353      -11.074815      -11.258941      -13.570445     
0.54085593      8004.4152       7792.1706       4560.2792       1725.718        -36.846737      -11.587056      -11.652632      -13.827132     
0.54177034      7971.5093       7784.9345       4604.8156       1749.1665       -37.513744      -11.839296      -11.905439      -14.048434     
0.54268474      7927.5005       7763.7206       4647.9741       1769.5209       -37.924686      -11.815869      -11.859927      -14.004798     
0.54359915      7879.2491       7740.1548       4686.8295       1788.5113       -38.319818      -11.781759      -11.824537      -13.98243      
0.54451356      7828.87         7711.2737       4725.3084       1805.5513       -38.430975      -11.561232      -11.608972      -13.803951     
0.54542796      7772.5144       7674.0178       4757.3441       1825.0482       -38.681298      -11.51802       -11.560926      -13.759684     
0.54634237      7716.4175       7635.9583       4792.2576       1844.0506       -38.505054      -11.376502      -11.416046      -13.623414     
0.54725678      7660.083        7597.7712       4828.8013       1859.3594       -38.0285        -11.108492      -11.16427       -13.412837     
0.54817119      7601.0356       7554.0684       4854.6796       1877.3688       -37.577305      -10.802817      -10.861514      -13.139444     
0.54908559      7543.1896       7511.1601       4878.2708       1902.9106       -37.882277      -11.082836      -11.033409      -13.175342     
0.55            7485.0837       7467.453        4901.4977       1928.4826       -38.441847      -11.553432      -11.490874      -13.569821     
0.55092593      7425.9294       7421.0053       4923.5422       1953.7305       -38.54955       -11.476443      -11.410975      -13.509858     
0.55185185      7370.3599       7378.8872       4950.3688       1975.4176       -38.646766      -11.289154      -11.226053      -13.347477     
0.55279593      7310.9057       7329.826        4964.7026       2005.5818       -38.999104      -11.264394      -11.190377      -13.306847     
0.55374001      7254.252        7284.0914       4978.5169       2032.1905       -39.326514      -11.126301      -11.045567      -13.17394      
0.55470376      7195.9489       7234.3405       4986.8287       2055.1234       -39.576848      -10.888526      -10.806264      -12.94533      
0.55566751      7140.8289       7188.7061       4996.9022       2078.2846       -39.885032      -10.766027      -10.660437      -12.788549     
0.55663126      7087.5667       7144.5036       5006.605        2110.9365       -40.276897      -10.798753      -10.673129      -12.782419     
0.55759501      7032.8434       7098.2309       5011.379        2138.8558       -40.408127      -10.611369      -10.475175      -12.58575      
0.55853735      6981.4796       7056.7698       5016.2697       2167.3371       -40.345888      -10.531094      -10.388765      -12.505074     
0.55947968      6927.1347       7009.6752       5014.6414       2191.7128       -40.113443      -10.330749      -10.199702      -12.315305     
0.5604006       6874.1318       6966.2059       5012.1769       2214.3835       -40.291933      -10.292853      -10.152056      -12.26575      
0.56132151      6819.2497       6918.3576       5004.8357       2234.5098       -40.662694      -10.271414      -10.099096      -12.193145     
0.56222101      6776.082        6874.861        4999.2653       2254.0664       -41.059916      -10.191104      -9.9846181      -12.063968     
0.56312051      6738.102        6825.8402       4988.271        2271.8712       -41.576506      -10.216179      -9.9702116      -12.026763     
0.56402001      6696.0658       6776.5933       4975.4609       2287.8112       -42.336996      -10.427172      -10.11097       -12.093322     
0.56491951      6661.9479       6730.2055       4962.9056       2303.3428       -42.920349      -10.461294      -10.105465      -12.06718      
0.56581901      6615.1325       6686.5449       4949.8581       2318.8516       -43.422084      -10.475713      -10.070957      -12.01078      
0.56671851      6567.2382       6643.1558       4936.0782       2333.6043       -43.705733      -10.354974      -9.9060232      -11.833461     
0.56761801      6520.2411       6599.052        4920.5068       2346.5641       -44.107461      -10.41715       -9.9153845      -11.803578     
0.5684932       6484.7633       6566.6534       4911.779        2362.5585       -44.092444      -10.127922      -9.6029798      -11.509152     
0.56936839      6441.3177       6524.5191       4895.3618       2373.395        -44.671737      -10.4692        -9.8670981      -11.67622      
0.57024358      6398.8809       6482.1048       4876.7766       2382.1359       -45.482378      -11.06982       -10.352987      -12.015586     
0.57111877      6358.1317       6441.3967       4858.7379       2390.3254       -46.035177      -11.47299       -10.629005      -12.144366     
0.5720213       6312.7717       6393.6519       4835.6484       2396.7559       -46.121715      -11.497991      -10.5982        -12.052867     
0.57292384      6276.3277       6357.2355       4821.1921       2408.3624       -46.234866      -11.60029       -10.644283      -12.03697      
0.57382638      6239.7227       6321.1413       4806.0577       2418.6123       -45.947328      -11.361855      -10.402912      -11.823548     
0.57472892      6205.1605       6285.8329       4788.8772       2426.3585       -45.864791      -11.338666      -10.360463      -11.770876     
0.57563146      6169.5527       6249.6849       4770.4912       2432.698        -45.581225      -11.118165      -10.135113      -11.552194     
0.576534        6134.51         6213.7364       4751.1173       2438.0102       -45.578955      -11.174804      -10.175315      -11.576819     
0.57743654      6100.9906       6178.9982       4731.0134       2441.5941       -45.605089      -11.26418       -10.244583      -11.61298      
0.57833907      6068.0504       6144.8058       4710.5257       2444.2835       -45.271798      -11.007035      -9.9912145      -11.379327     
0.57924161      6033.0392       6108.4414       4686.6597       2443.3503       -45.080179      -10.893843      -9.8776326      -11.273562     
0.58018518      5993.5204       6063.8447       4656.5355       2438.1874       -44.804271      -10.725781      -9.7178603      -11.111555     
0.58112874      5961.6947       6030.3684       4634.2317       2437.1688       -44.608802      -10.651911      -9.6443335      -11.042148     
0.5820723       5931.72         5999.0087       4613.1088       2435.7277       -44.304485      -10.472901      -9.4727684      -10.876712     
0.58306829      5893.3119       5955.105        4581.997        2427.7163       -44.126368      -10.450522      -9.4585641      -10.8386       
0.58406427      5864.0021       5924.1985       4560.6431       2425.0555       -43.874128      -10.313261      -9.3143663      -10.68792      
0.58506025      5837.2946       5896.2011       4540.9713       2422.2691       -43.637495      -10.200746      -9.204838       -10.577002     
0.58605623      5810.2558       5867.9166       4520.8375       2418.4669       -43.584297      -10.244045      -9.2345492      -10.582657     
0.58705222      5785.0424       5841.0108       4501.2725       2414.031        -43.617933      -10.398115      -9.3694199      -10.652326     
0.5880482       5759.7608       5814.0541       4481.7033       2409.404        -43.306996      -10.224499      -9.2133888      -10.503242     
0.58904418      5732.223        5785.4837       4460.8071       2403.2122       -43.029085      -10.085121      -9.0908479      -10.386171     
0.59004017      5706.1081       5758.5103       4440.8219       2396.9918       -42.813594      -9.9978786      -9.0153856      -10.308886     
0.59114682      5662.5646       5706.6169       4402.5537       2379.6673       -42.424906      -9.8536243      -8.910322       -10.193591     
0.59225346      5637.7466       5680.3464       4383.5955       2373.5849       -42.029306      -9.6859009      -8.7577335      -10.048289     
0.59336011      5614.9557       5657.0682       4367.2233       2368.7813       -41.745618      -9.5970465      -8.6850019      -9.9877257     
0.59446676      5593.2812       5634.5098       4350.799        2363.1621       -41.430126      -9.4658446      -8.5649249      -9.8697514     
0.59557341      5570.5853       5610.7937       4333.5489       2356.5573       -41.251143      -9.4590822      -8.5731243      -9.8678303     
0.59668006      5547.8244       5586.9496       4316.1148       2349.4468       -41.000634      -9.3839776      -8.5004789      -9.7826322     
0.5977867       5527.0418       5564.8149       4299.7882       2342.6769       -40.699315      -9.2603791      -8.381181       -9.6489207     
0.59889335      5504.6033       5541.3881       4282.8205       2335.4005       -40.408191      -9.148161       -8.2719004      -9.5284163     
0.6             5484.0928       5518.8372       4266.7469       2328.4009       -40.073034      -9.0065081      -8.1435772      -9.3905745     
0.60116279      5455.4355       5485.5229       4242.7416       2316.8067       -39.683868      -8.8729123      -8.0399634      -9.2860495     
0.60232558      5436.2682       5464.6889       4228.0583       2310.678        -39.351946      -8.7895148      -7.9694934      -9.2047788     
0.60348837      5416.3974       5444.8093       4214.6247       2305.5684       -39.011422      -8.6854999      -7.8770761      -9.1051039     
0.60465116      5397.9976       5426.1491       4201.8865       2300.5942       -38.826066      -8.7351136      -7.9275178      -9.1226208     
0.60584455      5375.3936       5401.5039       4184.977        2293.3048       -38.485444      -8.666299       -7.8721931      -9.0569052     
0.60703794      5360.8008       5383.0989       4173.2565       2288.7433       -38.232713      -8.6738093      -7.8870456      -9.0591474     
0.60823133      5344.9853       5366.2841       4162.2212       2285.0092       -37.904428      -8.5912357      -7.8099496      -8.9717128     
0.60942472      5330.7841       5349.852        4151.6411       2281.7818       -37.595369      -8.5226404      -7.7464448      -8.8922417     
0.61065428      5307.616        5325.4598       4135.3448       2275.3368       -37.309183      -8.5054793      -7.7372865      -8.8523367     
0.61188383      5288.6013       5306.5808       4124.8679       2271.8074       -37.015152      -8.4598261      -7.6943527      -8.7933909     
0.61311339      5270.5977       5288.7458       4113.4022       2267.7462       -36.893569      -8.5582219      -7.7919476      -8.8617933     
0.61434294      5255.0019       5273.57         4103.3013       2264.2124       -36.942314      -8.8065135      -8.0230052      -9.0302723     
0.61561641      5231.8009       5248.3488       4085.8341       2256.5739       -36.626355      -8.7265114      -7.9579401      -8.9598517     
0.61688987      5215.2193       5232.475        4075.211        2252.8042       -36.307112      -8.6162126      -7.8484139      -8.8411092     
0.61816334      5202.6153       5214.2705       4065.0491       2249.5543       -36.091078      -8.5828176      -7.8167735      -8.7980908     
0.61943681      5188.1438       5197.051        4054.0743       2245.6772       -35.853582      -8.4894628      -7.7172781      -8.6937049     
0.62071027      5172.1759       5180.8546       4042.6135       2241.4065       -35.677249      -8.4698868      -7.6933493      -8.6570021     
0.62198374      5155.4037       5164.3622       4030.9726       2236.8454       -35.500379      -8.4491447      -7.6682009      -8.6176012     
0.6232572       5138.586        5147.6514       4019.5418       2232.3305       -35.184926      -8.2918143      -7.5111185      -8.4557557     
0.62453067      5121.816        5130.7009       4008.1264       2227.6909       -35.012758      -8.2752062      -7.4880918      -8.4165568     
0.62580414      5105.819        5114.2578       3995.6494       2223.7584       -34.787163      -8.2091232      -7.4212106      -8.3462941     
0.6270776       5089.501        5097.7318       3984.6641       2218.6567       -34.697533      -8.2769165      -7.4761952      -8.3785695     
0.62835107      5073.4374       5081.2313       3973.782        2213.7877       -34.590317      -8.3323028      -7.5161319      -8.3864122     
0.62962454      5059.9486       5066.9664       3963.8504       2210.03         -34.379711      -8.2956174      -7.4813143      -8.3632305     
0.630898        5043.8286       5050.4239       3952.2478       2205.4591       -33.987043      -8.0768631      -7.2593948      -8.1341392     
0.63209188      5039.3232       5049.3126       3952.4341       2207.8545       -33.831153      -8.0628552      -7.2413499      -8.111806      
0.63328575      5025.1956       5034.61         3941.5205       2204.3954       -33.714648      -8.056138       -7.227233       -8.0876103     
0.63447963      5007.1638       5015.8489       3928.5711       2197.7665       -33.402167      -7.9082114      -7.0746255      -7.9136392     
0.63577299      4981.305        4984.3164       3905.0296       2185.2012       -33.060082      -7.7744762      -6.9339102      -7.760751      
0.63706636      4966.8658       4968.8666       3894.4595       2181.0076       -32.734376      -7.7146307      -6.8637938      -7.6741874     
0.63835972      4954.2903       4956.3436       3886.4619       2178.0354       -32.503653      -7.683165       -6.8229011      -7.6297761     
0.63965309      4942.3722       4944.23         3878.454        2175.0013       -32.251335      -7.6392659      -6.7716025      -7.5663034     
0.64094645      4929.9087       4931.4312       3870.0186       2171.5423       -32.08144       -7.6641443      -6.7800015      -7.5248896     
0.64223981      4916.9093       4917.9995       3861.087        2167.2635       -31.973806      -7.7499644      -6.8476493      -7.5405444     
0.64353318      4904.5118       4905.091        3852.6633       2162.7939       -32.078222      -8.044924       -7.1198182      -7.7390301     
0.64482654      4891.0824       4891.7966       3844.031        2158.3119       -32.003735      -8.1547299      -7.2247671      -7.802366      
0.64611991      4876.9012       4878.2042       3835.2535       2153.1987       -31.845973      -8.1687784      -7.2343489      -7.7733519     
0.64741327      4864.7449       4865.6581       3827.0488       2148.1295       -31.676273      -8.1807351      -7.2519108      -7.7658919     
0.64870664      4852.1148       4852.6159       3818.6345       2144.3034       -31.484904      -8.1687004      -7.2480953      -7.7524027     
0.65            4839.6916       4839.7593       3810.4523       2140.2029       -31.373627      -8.2201625      -7.3052913      -7.7942255     
0.65135135      4822.284        4819.4011       3796.4883       2132.6574       -31.138544      -8.156237       -7.2581661      -7.7484928     
0.6527027       4810.688        4807.3356       3789.2121       2129.4416       -30.819239      -8.0100596      -7.1352942      -7.6447841     
0.65405405      4800.1798       4796.7605       3783.0759       2127.0716       -30.597951      -7.9157522      -7.0631175      -7.5933545     
0.65540541      4788.6538       4785.1612       3776.1144       2124.266        -30.320142      -7.7548101      -6.9286575      -7.4846074     
0.65679899      4773.332        4767.9286       3764.6421       2118.4868       -30.088458      -7.6378773      -6.835173       -7.4074938     
0.65819257      4758.7807       4754.1569       3756.2574       2114.9419       -29.94387       -7.6075305      -6.8178338      -7.3960324     
0.65958615      4748.5581       4744.6764       3750.8662       2113.257        -29.785919      -7.5427122      -6.7789148      -7.3832722     
0.66097973      4736.716        4732.8134       3743.8404       2110.8018       -29.614431      -7.45032        -6.7039764      -7.3170472     
0.66237331      4725.7389       4721.5052       3737.1815       2108.5358       -29.524026      -7.4193633      -6.6914556      -7.318898      
0.66371712      4718.545        4716.1768       3735.3275       2109.3433       -29.43897       -7.3675045      -6.6581207      -7.3033767     
0.66506093      4707.4227       4704.6142       3728.3978       2106.9503       -29.334524      -7.2779135      -6.5888202      -7.2459524     
0.66640474      4693.443        4690.1991       3719.4975       2103.443        -29.345333      -7.3075001      -6.6307715      -7.2874211     
0.66774855      4681.1181       4677.3239       3711.6285       2100.3884       -29.522318      -7.4936622      -6.8278148      -7.4767794     
0.66909236      4669.1423       4664.7421       3704.0415       2097.6524       -29.398991      -7.3791856      -6.7298554      -7.392892      
0.67043617      4657.3869       4652.4208       3696.7161       2095.0531       -29.313588      -7.2980256      -6.661565       -7.3312729     
0.67177998      4646.6014       4640.9134       3689.9319       2092.705        -29.262676      -7.2548511      -6.636442       -7.3289719     
0.67312379      4635.6456       4629.3798       3683.1238       2090.3516       -29.176608      -7.1797241      -6.5765072      -7.278992      
0.6744676       4623.8485       4617.2401       3676.0705       2087.8927       -29.207715      -7.224627       -6.6310448      -7.3369999     
0.67581141      4612.7869       4605.7289       3669.2866       2085.6168       -29.236317      -7.2733796      -6.6922077      -7.4114308     
0.67723427      4596.2171       4585.4207       3655.7505       2078.7368       -29.169124      -7.2599686      -6.6917881      -7.4150469     
0.67865713      4585.119        4573.9976       3649.9673       2076.8789       -29.106972      -7.2673877      -6.707587       -7.4386787     
0.68007999      4576.1373       4565.1074       3645.8218       2076.3586       -29.044699      -7.24669        -6.6978204      -7.4404587     
0.68150285      4566.2609       4555.1473       3640.6456       2075.2621       -29.025076      -7.2684102      -6.7282671      -7.4755692     
0.6829257       4556.9756       4545.594        3635.6979       2074.1624       -29.092882      -7.3723299      -6.836947       -7.579711      
0.68423911      4555.2528       4548.364        3640.8182       2079.5397       -29.35174       -7.6045607      -7.0585801      -7.7964935     
0.68555252      4547.399        4539.6699       3635.9676       2078.0947       -29.414001      -7.6618444      -7.1375978      -7.896362      
0.68686593      4535.5018       4526.6987       3627.8585       2074.7329       -29.442982      -7.7151604      -7.1968247      -7.9449485     
0.68817933      4525.7641       4515.9114       3621.5672       2072.4621       -29.529976      -7.8333053      -7.327573       -8.0802013     
0.68949274      4515.0723       4504.3884       3615.08         2069.7444       -29.608163      -7.9478026      -7.4483286      -8.2005326     
0.69080615      4505.0399       4493.6848       3609.1176       2067.8843       -29.526311      -7.9050545      -7.4195216      -8.19597       
0.69211956      4495.3405       4483.4303       3603.4928       2066.3863       -29.369823      -7.7872919      -7.317676       -8.1187927     
0.69343296      4485.6148       4473.1384       3597.9046       2064.9601       -29.39796       -7.8489098      -7.3898336      -8.2067952     
0.69474637      4476.312        4463.2544       3592.594        2063.6976       -29.462841      -7.942613       -7.4907944      -8.3188769     
0.69605978      4467.0069       4453.4214       3587.25         2062.4065       -29.577337      -8.0822713      -7.6357435      -8.4701444     
0.69737319      4458.3614       4444.0968       3582.1321       2061.2277       -29.516211      -8.0427379      -7.6058731      -8.4623271     
0.69868659      4448.9919       4434.3476       3576.9407       2060.0483       -29.385853      -7.9294664      -7.5028739      -8.3746947     
0.7             4439.6606       4424.5037       3571.708        2058.8178       -29.348632      -7.905691       -7.4831651      -8.3654186     
0.70135135      4427.3386       4410.0416       3562.7647       2055.1794       -29.291262      -7.8781027      -7.467831       -8.3672074     
0.7027027       4416.3676       4398.7817       3556.73         2053.9096       -29.114489      -7.7274732      -7.3261525      -8.2476781     
0.70405405      4406.1485       4388.3782       3551.3766       2053.1849       -29.079904      -7.7033043      -7.3066792      -8.2451214     
0.70540541      4395.5898       4377.6221       3545.653        2052.2719       -29.040162      -7.6759897      -7.285378       -8.2382216     
0.70671701      4387.16         4370.699        3543.1289       2053.657        -28.977156      -7.6051898      -7.216995       -8.1825309     
0.70802862      4376.8782       4359.8442       3536.8211       2052.3728       -28.898691      -7.5234845      -7.1443303      -8.1291787     
0.70934022      4365.2265       4347.506        3529.5922       2050.4129       -28.773727      -7.4116474      -7.0406274      -8.0361742     
0.71065183      4354.1946       4335.7978       3522.814        2048.6029       -28.770358      -7.4212055      -7.0545863      -8.0558363     
0.71196343      4343.7821       4324.6508       3516.3415       2047.1302       -28.760256      -7.4250679      -7.061883       -8.0698053     
0.71332188      4329.8545       4308.018        3505.2602       2042.7502       -28.667405      -7.3670442      -7.0113162      -8.0261471     
0.71468033      4318.6369       4296.1376       3498.2857       2041.2271       -28.604282      -7.3360452      -6.983337       -8.0066779     
0.71603878      4310.0332       4286.1265       3492.4882       2040.7888       -28.544468      -7.2908262      -6.940556       -7.9757458     
0.71739723      4300.1827       4275.4809       3486.3701       2039.4093       -28.495614      -7.2600187      -6.9122305      -7.9554384     
0.71875568      4289.8971       4264.387        3479.7445       2037.9002       -28.504607      -7.2875344      -6.9386681      -7.981997      
0.72011413      4279.6132       4253.2252       3472.9911       2036.164        -28.521436      -7.3279348      -6.9767011      -8.0174508     
0.72147258      4269.34         4242.0401       3466.0567       2034.4436       -28.490667      -7.3266751      -6.9763576      -8.0201299     
0.72283102      4259.0114       4230.7243       3458.8547       2032.5759       -28.457617      -7.3272745      -6.977217       -8.0235529     
0.72418947      4248.1975       4218.8996       3451.239        2030.4299       -28.415091      -7.3195924      -6.9669643      -8.0097668     
0.72554792      4237.3794       4207.0505       3443.5753       2028.1629       -28.328945      -7.2729956      -6.9191708      -7.96134       
0.72690637      4226.5591       4195.1635       3435.7813       2025.7818       -28.241774      -7.2304628      -6.8765813      -7.9165462     
0.72826482      4215.757        4183.2664       3427.8639       2023.2331       -28.188669      -7.2242902      -6.8588738      -7.8869558     
0.72971383      4199.9842       4162.9          3412.5675       2015.6475       -28.052796      -7.2092233      -6.8352308      -7.8505669     
0.73116284      4188.6403       4150.722        3404.7145       2013.6767       -27.970718      -7.2194201      -6.827192       -7.8425459     
0.73261186      4179.3072       4140.5623       3398.1864       2012.2802       -27.890389      -7.222558       -6.8136146      -7.8234131     
0.73406087      4169.5876       4129.8884       3390.9811       2010.4642       -27.8185        -7.2302265      -6.8092504      -7.8106565     
0.73550988      4159.4964       4118.6693       3383.162        2008.2116       -27.792824      -7.2689914      -6.8375145      -7.8313329     
0.73695889      4148.9128       4106.9596       3374.7781       2005.5257       -27.812629      -7.3504059      -6.9096157      -7.8932022     
0.7384079       4138.3837       4095.0754       3366.0371       2002.5902       -27.762172      -7.3663728      -6.9179709      -7.8891114     
0.73985692      4127.6334       4083.0834       3357.1643       1999.5266       -27.594782      -7.2676833      -6.815935       -7.7848558     
0.74130593      4117.1756       4071.1752       3348.1454       1996.2058       -27.572468      -7.3157026      -6.8534446      -7.814118      
0.74275494      4106.8302       4059.4698       3339.225        1992.8822       -27.579272      -7.390829       -6.9065707      -7.8545863     
0.74420395      4096.9549       4048.0648       3330.2655       1989.6234       -27.537132      -7.4222348      -6.9191718      -7.856759      
0.74565296      4087.2138       4036.8812       3321.4731       1986.4035       -27.420481      -7.3788962      -6.8406728      -7.7629137     
0.74710198      4077.7093       4025.8548       3312.63         1983.1502       -27.42083       -7.4599299      -6.8927878      -7.8013741     
0.74855099      4068.428        4015.0692       3304.0078       1979.7188       -27.374276      -7.4981741      -6.8981791      -7.7893001     
0.75            4059.5936       4004.6787       3295.432        1976.3344       -27.239407      -7.4558225      -6.8295799      -7.7068555     
0.75151515      4047.4916       3988.7935       3281.9102       1969.5969       -27.103073      -7.4695373      -6.8329146      -7.6929806     
0.7530303       4038.2254       3978.2397       3273.0904       1966.5677       -26.907629      -7.4004577      -6.7460302      -7.5992583     
0.75454545      4031.0819       3969.7557       3265.7805       1963.9631       -26.811857      -7.4169354      -6.7522823      -7.5976945     
0.75606061      4023.4487       3960.7643       3257.8477       1960.8478       -26.708421      -7.422716       -6.7471799      -7.5859529     
0.75757576      4016.2208       3952.0143       3250.0617       1957.5494       -26.5242        -7.3482191      -6.6627953      -7.4966853     
0.75909091      4008.782        3943.1002       3241.9503       1953.7111       -26.409641      -7.3441215      -6.6441584      -7.4669962     
0.76060606      4001.8142       3934.6268       3234.0624       1950.4207       -26.175189      -7.2254432      -6.5158578      -7.3321851     
0.76212121      3995.1218       3926.2785       3226.1104       1946.9912       -26.050088      -7.2171259      -6.4943695      -7.2985489     
0.76363636      3988.5844       3918.3587       3218.4304       1943.5621       -25.768271      -7.0580301      -6.3279654      -7.1295645     
0.76515152      3982.537        3910.6111       3210.7506       1939.955        -25.686189      -7.1023986      -6.3617084      -7.1539519     
0.76666667      3976.1678       3902.8856       3203.0864       1936.2497       -25.519847      -7.0627886      -6.3099807      -7.0922924     
0.76818182      3970.8294       3895.9517       3195.992        1932.6688       -25.378417      -7.052167       -6.2899792      -7.0690487     
0.76969697      3965.1501       3888.9079       3188.7575       1929.0764       -25.219789      -7.0314286      -6.2578583      -7.0292652     
0.77129187      3956.7994       3876.5745       3176.7804       1922.0955       -24.913211      -6.9267605      -6.1514366      -6.9139278     
0.77288676      3951.2448       3870.1466       3170.1217       1918.9959       -24.736713      -6.9202868      -6.1313009      -6.8882657     
0.77448166      3948.9948       3866.3481       3165.385        1917.0447       -24.414648      -6.7528055      -5.9544465      -6.7119325     
0.77607656      3945.0254       3861.6173       3159.9376       1914.5691       -24.185852      -6.6781961      -5.8670139      -6.6174101     
0.77767145      3942.1111       3857.2768       3154.7129       1912.0225       -24.003144      -6.6511382      -5.8280897      -6.5725806     
0.77926635      3938.5914       3852.8369       3149.4401       1909.3698       -23.808893      -6.6087363      -5.7743047      -6.5112156     
0.78086124      3935.8728       3848.7165       3144.4007       1906.7334       -23.68464       -6.6320808      -5.7829614      -6.508803      
0.78245614      3932.6327       3844.6165       3139.4364       1904.1567       -23.398489      -6.4951159      -5.6341469      -6.3551498     
0.78405104      3930.0634       3840.69         3134.6931       1901.675        -23.138942      -6.385727       -5.5104104      -6.2246275     
0.78564593      3927.2561       3837.1844       3130.2975       1899.3635       -22.851387      -6.2489729      -5.3593129      -6.0676684     
0.78724083      3925.4513       3834.0607       3126.1893       1897.0617       -22.727331      -6.2797085      -5.3753445      -6.0790168     
0.78883573      3923.1239       3831.1662       3122.3434       1894.8839       -22.681928      -6.3890097      -5.4654529      -6.1622909     
0.79043062      3921.842        3828.6404       3118.8396       1892.9325       -22.556613      -6.4096596      -5.4591509      -6.1372527     
0.79202552      3920.0807       3826.4058       3115.6969       1891.1249       -22.321138      -6.3271599      -5.3577357      -6.0279393     
0.79362041      3919.2898       3824.481        3112.8206       1889.5015       -22.111326      -6.2666952      -5.272112       -5.9258322     
0.79521531      3918.1784       3822.9461       3110.3814       1888.1986       -21.822826      -6.1333231      -5.1164477      -5.7595503     
0.79681021      3917.9448       3821.7042       3108.1792       1886.9245       -21.717015      -6.1833706      -5.1385639      -5.7573334     
0.7984051       3917.6902       3821.0199       3106.281        1886.0006       -21.48157       -6.10641        -5.0380819      -5.6351319     
0.8             3918.5688       3820.9932       3105.2132       1885.2716       -21.386465      -6.1709188      -5.0767654      -5.646134      
0.80166667      3916.4225       3816.4485       3100.248        1881.7562       -21.296578      -6.280213       -5.1578675      -5.6790678     
0.80333333      3918.5244       3818.1272       3100.9307       1882.2635       -20.929546      -6.0977608      -4.9675666      -5.4991209     
0.805           3921.9093       3821.2113       3102.7664       1883.5003       -20.831184      -6.1665469      -5.0108973      -5.5123623     
0.80666667      3925.5334       3824.4905       3104.7639       1885.0954       -20.565432      -6.0624144      -4.8884146      -5.3729721     
0.80833333      3928.9331       3827.6733       3106.7955       1886.6245       -20.452515      -6.1055         -4.9118064      -5.3731715     
0.81            3931.8513       3830.2779       3108.6895       1887.8053       -20.221371      -6.0266499      -4.8167771      -5.2588528     
0.81166667      3934.3617       3832.7131       3110.5797       1889.1065       -20.134682      -6.0857836      -4.8599181      -5.2810726     
0.81333333      3936.6404       3834.8396       3112.4622       1890.3919       -20.020532      -6.1136526      -4.8689692      -5.2655149     
0.815           3938.8945       3837.0838       3114.5353       1891.9842       -19.769571      -6.0013729      -4.744788       -5.1282275     
0.81666667      3940.8108       3839.0168       3116.5989       1893.5927       -19.625455      -5.9857054      -4.7143477      -5.0783403     
0.81833333      3942.3118       3840.6409       3118.644        1895.0619       -19.533668      -6.0165511      -4.7309055      -5.075688      
0.82            3943.8249       3842.3222       3120.9019       1896.7195       -19.383916      -5.987029       -4.6875711      -5.0137433     
0.82166667      3945.1452       3843.8491       3123.2545       1898.5686       -19.234745      -5.9523388      -4.6417389      -4.9539351     
0.82333333      3946.4168       3845.3587       3125.8037       1900.6751       -19.071415      -5.902897       -4.581491       -4.8806185     
0.825           3947.7617       3846.9255       3128.5506       1902.9196       -18.986043      -5.9297477      -4.5966935      -4.8778634     
0.82666667      3949.0874       3848.5436       3131.4883       1905.1857       -18.771839      -5.8306915      -4.4879528      -4.7531194     
0.82833333      3950.4519       3850.1861       3134.6313       1907.9021       -18.743417      -5.8943922      -4.5415758      -4.7852489     
0.83            3951.8024       3851.8395       3137.9264       1910.691        -18.695969      -5.9313327      -4.5684719      -4.7968953     
0.83166667      3953.5626       3853.8569       3141.6394       1913.8323       -18.674585      -5.9834034      -4.611785       -4.8235889     
0.83333333      3955.2477       3855.8201       3145.4694       1917.0945       -18.561726      -5.940366       -4.5602055      -4.7624329     
0.835           3957.1173       3857.9522       3149.545        1920.5635       -18.537861      -5.9704397      -4.5798732      -4.7637818     
0.83666667      3958.8655       3859.9706       3153.6742       1924.1373       -18.402234      -5.8717579      -4.4738706      -4.6530403     
0.83833333      3960.8401       3862.1988       3158.0896       1927.9325       -18.342233      -5.8192031      -4.4131592      -4.5809065     
0.84            3962.6493       3864.263        3162.4836       1931.7938       -18.352311      -5.826387       -4.4093917      -4.5614635     
0.84166667      3963.8834       3865.8138       3166.6442       1935.652        -18.255978      -5.7074667      -4.2845985      -4.4290405     
0.84333333      3965.103        3867.3402       3170.8835       1939.6346       -18.208218      -5.6275879      -4.2032233      -4.3470365     
0.845           3966.185        3868.7399       3175.1721       1943.7148       -18.259061      -5.6416518      -4.2079596      -4.3367919     
0.84666667      3966.5874       3869.4689       3179.0113       1947.6176       -18.161009      -5.5214963      -4.0864081      -4.2157607     
0.84833333      3967.0307       3870.2193       3182.9671       1951.6346       -18.251586      -5.5801789      -4.1367612      -4.2499525     
0.85            3967.0203       3870.5177       3186.6042       1955.5921       -18.172929      -5.4760002      -4.0280076      -4.1353898     
0.85172414      3964.6215       3866.9371       3186.9057       1957.1945       -18.128297      -5.4004738      -3.9508805      -4.0524769     
0.85344828      3963.8134       3866.7469       3190.5694       1961.5113       -18.093957      -5.3334863      -3.8811316      -3.9766954     
0.85517241      3964.0141       3867.4745       3194.9209       1966.3525       -18.037349      -5.2388216      -3.784404       -3.8766603     
0.85689655      3963.5274       3867.4561       3198.7076       1970.872        -18.02508       -5.1832131      -3.7277056      -3.8160431     
0.85862069      3962.9755       3867.325        3202.4593       1975.3977       -18.003528      -5.1087765      -3.6494251      -3.7243434     
0.86034483      3962.1506       3866.8066       3205.8851       1979.8031       -17.920814      -4.9681861      -3.5102107      -3.5846667     
0.86206897      3960.9779       3865.9371       3209.0083       1984.1565       -17.902057      -4.8821118      -3.4217073      -3.4890441     
0.8637931       3959.3154       3864.5943       3211.7472       1988.3831       -17.859391      -4.7696031      -3.3064925      -3.368003      
0.86551724      3957.9018       3863.3522       3214.419        1992.5945       -17.8091        -4.6494509      -3.1851284      -3.240425      
0.86724138      3956.2494       3861.8636       3216.8093       1996.7419       -17.843894      -4.5904616      -3.1256223      -3.1788391     
0.86896552      3954.1612       3859.9484       3218.8839       2000.7142       -17.873301      -4.5253214      -3.0569725      -3.1010609     
0.87068966      3952.081        3857.8368       3220.7148       2004.6417       -17.84003       -4.3976942      -2.9301169      -2.9741218     
0.87241379      3949.485        3855.3632       3222.2583       2008.3757       -17.841818      -4.3065401      -2.837377       -2.872808      
0.87413793      3946.5689       3852.6388       3223.5325       2012.007        -17.78898       -4.1620006      -2.6926919      -2.7231625     
0.87586207      3943.6905       3848.7166       3224.2959       2015.3896       -17.741522      -4.0292222      -2.5608793      -2.5847532     
0.87758621      3940.5061       3844.2401       3224.866        2018.6942       -17.708439      -3.9127499      -2.4457435      -2.4645909     
0.87931034      3936.8122       3839.8671       3225.0292       2021.8006       -17.69111       -3.812339       -2.3460717      -2.3573693     
0.88103448      3933.1089       3834.2369       3224.8077       2024.6481       -17.616547      -3.6610248      -2.1977445      -2.2051905     
0.88275862      3928.4145       3828.3907       3224.0105       2027.2106       -17.55644       -3.527524       -2.0653289      -2.065771      
0.88448276      3923.4013       3823.0546       3222.9265       2029.4847       -17.50071       -3.4039719      -1.9441235      -1.9392142     
0.8862069       3918.0994       3817.3615       3221.3928       2031.5481       -17.511465      -3.3522517      -1.8935406      -1.8808107     
0.88793103      3912.4193       3811.1596       3219.4056       2033.4083       -17.365778      -3.1507828      -1.6948108      -1.6774302     
0.88965517      3906.541        3804.6905       3217.0094       2035.0219       -17.304791      -3.0400437      -1.5859362      -1.562084      
0.89137931      3900.5773       3798.0736       3214.4239       2036.4342       -17.203558      -2.8953865      -1.4433438      -1.4122517     
0.89310345      3894.3441       3791.1106       3211.441        2037.5867       -17.112606      -2.7669987      -1.3167945      -1.2799154     
0.89482759      3887.6519       3783.6456       3207.845        2038.5065       -17.011506      -2.6333127      -1.1824503      -1.1371421     
0.89655172      3880.8394       3776.0044       3203.9694       2039.1938       -16.881595      -2.4789419      -1.0297712      -0.97748926    
0.89827586      3873.7405       3768.0638       3199.7399       2039.4695       -16.727154      -2.3054261      -0.85613879     -0.79611255    
0.9             3866.5251       3759.9494       3195.1803       2039.4544       -16.588308      -2.1547331      -0.70515384     -0.63494953    
0.90172414      3859.2572       3751.7199       3190.3668       2039.2342       -16.408356      -1.9711919      -0.52259154     -0.44447241    
0.90344828      3852.2439       3743.6722       3185.4419       2038.9264       -16.25254       -1.8211173      -0.37165363     -0.28353084    
0.90517241      3844.7444       3735.1202       3180.0343       2038.0327       -16.171481      -1.7555291      -0.30565823     -0.20765502    
0.90689655      3837.6253       3726.8846       3174.6995       2037.0722       -15.946379      -1.5621948      -0.1119286      -0.0065609625  
0.90862069      3830.112        3718.2749       3168.9068       2035.7812       -15.751213      -1.409522       0.040836162     0.15658775     
0.91034483      3822.8317       3709.8517       3163.0696       2034.3061       -15.553047      -1.2563523      0.1831467       0.30466859     
0.91206897      3815.4555       3701.3216       3157.0115       2032.6915       -15.335578      -1.0871059      0.34983497      0.48099358     
0.9137931       3808.1734       3692.851        3150.8145       2030.7341       -15.10876       -0.91128934     0.52871867      0.66900119     
0.91551724      3800.8567       3684.3442       3144.4956       2028.7692       -14.891335      -0.75290783     0.68465796      0.83235074     
0.91724138      3793.3876       3675.6848       3137.9257       2026.7109       -14.688413      -0.61535515     0.81222337      0.96909265     
0.91896552      3786.3024       3667.3712       3131.5006       2024.6664       -14.505936      -0.50136608     0.92706717      1.0926445      
0.92068966      3779.2373       3659.0736       3124.9649       2022.5009       -14.329325      -0.39593961     1.0340557       1.2080655      
0.92241379      3772.1864       3650.7926       3118.3403       2020.3016       -14.022292      -0.16052637     1.2677238       1.4459941      
0.92413793      3765.3617       3642.7323       3111.7851       2018.0412       -13.725727      0.062944417     1.490853        1.6734762      
0.92586207      3758.8256       3634.9505       3105.3204       2015.7622       -13.459284      0.25951975      1.687965        1.8785518      
0.92758621      3752.2962       3627.1846       3098.7882       2013.3742       -13.197524      0.45482015      1.8826621       2.0770462      
0.92931034      3746.3046       3619.9054       3092.5443       2011.0681       -12.908637      0.68050702      2.109443        2.311782       
0.93103448      3740.146        3612.5192       3086.1441       2008.6616       -12.623576      0.91068809      2.3394421       2.5491961      
0.93275862      3734.5043       3605.7027       3080.0728       2006.3272       -12.348429      1.1338468       2.5632343       2.7799952      
0.93448276      3728.8932       3598.9068       3073.9635       2003.9158       -12.101621      1.3362558       2.7660693       2.9915157      
0.9362069       3723.3243       3592.1786       3067.8219       2001.4226       -11.841513      1.5596202       2.9890141       3.2239851      
0.93793103      3718.2213       3585.8835       3061.9598       1999.0035       -11.548197      1.8212636       3.2510454       3.4922226      
0.93965517      3712.9631       3579.5417       3056.0358       1996.4971       -11.302097      2.0423344       3.4723294       3.7155576      
0.94137931      3708.1452       3573.5874       3050.3774       1994.1223       -11.030032      2.2952797       3.7272888       3.9803475      
0.94310345      3703.6931       3568.0146       3044.9856       1991.8418       -10.776145      2.5345981       3.9699626       4.2357         
0.94482759      3699.3445       3562.5822       3039.6876       1989.5942       -10.479357      2.8214166       4.258969        4.5347917      
0.94655172      3695.6644       3557.8062       3034.9089       1987.505        -10.204394      3.0892749       4.5287171       4.81373        
0.94827586      3691.8166       3552.9329       3030.0475       1985.3925       -9.9750224      3.3106489       4.7527976       5.0452881      
0.95            3688.6066       3548.6839       3025.7138       1983.5175       -9.7062083      3.5779028       5.0207559       5.320162       
0.95172414      3685.276        3544.3698       3021.3194       1981.5911       -9.4048882      3.8759826       5.3240945       5.6344124      
0.95344828      3682.3692       3540.4182       3017.2733       1979.8547       -9.1057975      4.1773265       5.6284824       5.9467779      
0.95517241      3679.461        3536.5612       3013.3455       1978.1818       -8.8444566      4.4427023       5.8993389       6.2258441      
0.95689655      3676.965        3533.1617       3009.8164       1976.7595       -8.5809409      4.7106944       6.1720121       6.5051019      
0.95862069      3674.464        3529.8017       3006.3517       1975.3341       -8.2863153      5.0100864       6.4776733       6.8178298      
0.96034483      3672.2808       3526.7711       3003.1986       1974.068        -7.9190522      5.3804097       6.8555625       7.2038972      
0.96206897      3670.4044       3524.0842       3000.3609       1972.9751       -7.5752258      5.7246749       7.2085456       7.5642882      
0.9637931       3668.3749       3521.2713       2997.4357       1971.7788       -7.2787844      6.0190588       7.5132325       7.8771663      
0.96551724      3666.5287       3518.6727       2994.7284       1970.6657       -7.0142449      6.2783676       7.7833277       8.1543488      
0.96724138      3664.672        3516.1064       2992.0604       1969.5739       -6.7703981      6.5141356       8.0323731       8.4102076      
0.96896552      3663.1992       3513.8414       2989.6983       1968.6142       -6.4993141      6.7734002       8.3078799       8.6978734      
0.97068966      3661.7593       3511.6654       2987.4227       1967.7483       -6.2084217      7.0485813       8.6036427       9.0089818      
0.97241379      3660.5218       3509.7308       2985.4043       1966.9763       -5.9582388      7.2731174       8.8517948       9.2758187      
0.97413793      3659.2865       3507.8561       2983.4697       1966.3429       -5.6156393      7.5764789       9.180723        9.6225128      
0.97586207      3658.2845       3506.1615       2981.7516       1965.8095       -5.2472912      7.8920664       9.5255372       9.9876141      
0.97758621      3657.1907       3504.4858       2980.0874       1965.3288       -4.8922083      8.1804023       9.8468315       10.333461      
0.97931034      3656.2422       3502.9686       2978.5988       1964.9678       -4.5217937      8.4696515       10.170688       10.684504      
0.98103448      3655.2101       3501.4037       2977.1511       1964.6516       -4.1065886      8.7923022       10.531087       11.078188      
0.98275862      3654.2214       3499.8968       2975.7824       1964.3703       -3.7696251      9.0264742       10.802948       11.380453      
0.98448276      3653.5991       3498.7575       2974.755        1964.3225       -3.3903214      9.2913858       11.101904       11.705291      
0.9862069       3652.8109       3497.4726       2973.6662       1964.2374       -3.0037622      9.5583056       11.402663       12.033588      
0.98793103      3651.9267       3496.1143       2972.564        1964.2089       -2.5583298      9.8848721       11.762975       12.418924      
0.98965517      3650.941        3494.6765       2971.4745       1964.1754       -2.1509383      10.175749       12.095095       12.775032      
0.99137931      3649.9508       3493.2013       2970.4202       1964.1367       -1.7895418      10.420264       12.374657       13.079055      
0.99310345      3648.8743       3491.6686       2969.3578       1964.111        -1.4373754      10.651836       12.640123       13.369325      
0.99482759      3647.7822       3490.2046       2968.3814       1964.1604       -1.0482771      10.93059        12.95638        13.709873      
0.99655172      3646.6145       3488.6655       2967.371        1964.2318       -0.62644635     11.245209       13.308009       14.084616      
0.99827586      3645.3384       3487.0487       2966.3666       1964.267        -0.25077613     11.516849       13.616698       14.417374      
1               3644.1864       3485.4139       2965.3976       1964.3673       0.17052576      11.836899       13.972331       14.795984      
1.0017857       3640.9363       3480.7211       2961.4415       1962.1132       0.67592691      12.187596       14.354599       15.200408      
1.0035714       3639.3407       3478.9272       2960.5051       1962.4437       1.0345091       12.447649       14.644866       15.501604      
1.0053571       3638.4056       3477.8696       2960.1912       1963.1535       1.447872        12.750843       14.981788       15.856391      
1.0071429       3636.9811       3476.2901       2959.4474       1963.5094       1.8546988       13.063481       15.323559       16.213491      
1.0089286       3635.5367       3474.6129       2958.6562       1963.8439       2.3244807       13.439375       15.727515       16.629987      
1.0107143       3633.8557       3472.6694       2957.6643       1964.026        2.8085113       13.837693       16.151031       17.064551      
1.0125          3632.1569       3470.6819       2956.6249       1964.1506       3.2914394       14.238266       16.577161       17.500462      
1.0142857       3630.4989       3468.4643       2955.4413       1964.2434       3.67618         14.545859       16.910441       17.844756      
1.0160714       3628.4472       3466.1377       2954.1385       1964.2456       4.0538769       14.849475       17.238409       18.181963      
1.0178571       3626.34         3463.7718       2952.8092       1964.2514       4.4606839       15.185133       17.596228       18.544221      
1.0196429       3624.1921       3461.348        2951.4345       1964.2533       4.8691628       15.523964       17.954905       18.905164      
1.0214286       3621.8959       3458.7723       2949.9532       1964.1508       5.2935728       15.881009       18.331199       19.284555      
1.0232143       3619.4896       3456.0773       2948.4081       1964.0376       5.8134159       16.335667       18.803424       19.757645      
1.025           3616.9667       3453.261        2946.7641       1963.953        6.271754        16.729678       19.213267       20.164213      
1.0267857       3614.4982       3450.4653       2945.1011       1963.7472       6.6587367       17.052803       19.549836       20.492852      
1.0285714       3611.8172       3447.4658       2943.2934       1963.4776       7.0634371       17.396709       19.907159       20.844149      
1.0303571       3609.0751       3444.3995       2941.4477       1963.2414       7.584859        17.858773       20.380706       21.306         
1.0321429       3606.2515       3441.2505       2939.5135       1962.9751       8.0698121       18.286886       20.820072       21.735375      
1.0339286       3603.3771       3438.0621       2937.5359       1962.712        8.5956658       18.756816       21.29935        22.201773      
1.0357143       3600.3778       3434.7488       2935.441        1962.3629       9.0276818       19.133925       21.683064       22.56906       
1.0375          3597.3348       3431.3739       2933.2914       1961.9914       9.5330514       19.586623       22.141839       23.015109      
1.0392857       3594.2921       3427.9862       2931.1044       1961.6013       10.08907        20.092004       22.651327       23.510042      
1.0410714       3591.2071       3424.5318       2928.8206       1961.1078       10.5051         20.456578       23.013445       23.846545      
1.0428571       3587.9488       3420.9224       2926.4231       1960.5959       11.023636       20.927141       23.483945       24.293308      
1.0446429       3584.6904       3417.2978       2923.9912       1960.0674       11.598816       21.457011       24.013995       24.801703      
1.0464286       3581.5164       3413.756        2921.5944       1959.5793       12.227814       22.037959       24.584969       25.332903      
1.0482143       3578.2594       3410.0708       2919.0785       1959.024        12.856251       22.622678       25.163057       25.87982       
1.05            3574.969        3406.4208       2916.551        1958.4865       13.508173       23.234141       25.76761        26.447313      
1.0517857       3571.6544       3402.6903       2913.9287       1957.8631       14.146195       23.832539       26.353429       26.986007      
1.0535714       3568.4465       3399.0808       2911.3701       1957.3266       14.927449       24.575642       27.084009       27.678313      
1.0553571       3564.8765       3395.1068       2908.4862       1956.5001       15.326093       24.939114       27.432673       27.972866      
1.0571429       3561.6672       3391.4767       2905.9183       1956.1407       16.616104       26.195532       28.676689       29.172379      
1.0589286       3558.1565       3387.5525       2902.9588       1955.2203       16.920164       26.465001       28.922831       29.348815      
1.0607143       3554.8506       3383.8116       2900.1932       1954.7173       18.168834       27.685336       30.12799        30.504818      
1.0625          3551.2402       3379.7849       2897.0975       1953.6815       18.533106       28.018043       30.437622       30.738478      
1.0642857       3547.9832       3376.0496       2894.3097       1953.0903       19.702258       29.15801        31.558752       31.794397      
1.0660714       3544.5805       3372.1988       2891.3254       1952.194        20.361679       29.787108       32.163592       32.318094      
1.0678571       3541.1162       3368.2812       2888.3463       1951.3968       21.44867        30.840109       33.193142       33.27542       
1.0696429       3537.7743       3364.4817       2885.3719       1950.5208       22.364172       31.722898       34.047345       34.03314       
1.0714286       3534.3979       3360.644        2882.3664       1949.7141       23.458386       32.782176       35.078025       34.972879      
1.0732143       3531.0217       3356.799        2879.3091       1948.8181       24.415026       33.701616       35.966419       35.757563      
1.075           3527.6483       3352.9595       2876.2783       1947.9075       25.547182       34.798086       37.034886       36.71842       
1.0767857       3524.3274       3349.1552       2873.2248       1946.9682       26.594521       35.80943        38.013481       37.57379       
1.0785714       3521.0916       3345.4185       2870.2509       1946.0565       27.829288       37.00984        39.18115        38.612168      
1.0803571       3517.8248       3341.6538       2867.2312       1945.1644       29.113492       38.262887       40.401615       39.684407      
1.0821429       3514.6489       3337.9721       2864.2591       1944.2923       30.460725       39.581106       41.687213       40.806868      
1.0839286       3511.4079       3334.2332       2861.2267       1943.2472       31.731069       40.823941       42.897891       41.853311      
1.0857143       3508.221        3330.5489       2858.2267       1942.2259       33.086781       42.155929       44.199505       42.978539      
1.0875          3505.1354       3326.9495       2855.2929       1941.2214       34.516222       43.564852       45.577523       44.159456      
1.0892857       3502.0177       3323.341        2852.3029       1940.1349       35.81094        44.841092       46.825523       45.21638       
1.0910714       3498.8279       3319.6674       2849.2252       1938.8039       36.87016        45.878492       47.832216       46.011974      
1.0928571       3496.0067       3316.3726       2846.5522       1938.001        38.911351       47.90101        49.825693       47.781253      
1.0946429       3492.8682       3312.7606       2843.4411       1936.6269       39.727863       48.697803       50.597149       48.312258      
1.0964286       3490.1363       3309.5564       2840.902        1936.1346       42.264964       51.220555       53.100054       50.57412       
1.0982143       3487.0695       3306.0003       2837.8146       1934.7578       43.06322        52.001012       53.861549       51.058899      
1.1             3484.6395       3303.0899       2835.5127       1934.4716       45.811071       54.738933       56.5818         53.505887      
1.1017241       3483.3554       3302.2763       2835.2107       1935.3631       46.47471        55.447134       57.291189       53.940288      
1.1033888       3482.82         3302.2221       2835.6784       1937.2313       49.200182       58.195968       60.034894       56.427005      
1.1050535       3479.5613       3298.2767       2832.0532       1935.1632       50.149637       59.146863       60.968674       57.077831      
1.1066587       3478.3775       3297.4401       2831.8541       1936.5322       53.040187       62.07446        63.912156       59.781611      
1.1082066       3477.3278       3296.7223       2831.4341       1937.0394       53.880828       62.927061       64.798286       60.432349      
1.1096993       3476.3983       3296.1466       2831.3735       1938.3376       56.804647       65.870735       67.755574       63.173927      
1.1111386       3474.8227       3294.8429       2830.4009       1938.3351       57.76621        66.843747       68.714028       63.908159      
1.1125265       3473.8716       3294.1535       2830.2004       1939.441        60.87548        69.962903       71.807786       66.834383      
1.1139144       3470.2694       3289.6455       2825.9136       1936.5978       62.25474        71.331908       73.182339       68.0336        
1.1152509       3469.2287       3288.9076       2825.8253       1937.9457       65.648639       74.751825       76.559499       71.284345      
1.1165874       3466.325        3285.2009       2822.2644       1935.6371       66.902468       76.001405       77.820403       72.341758      
1.1178725       3465.7985       3285.1312       2822.8516       1937.5906       70.374416       79.505447       81.293383       75.706133      
1.1191576       3463.0562       3281.6562       2819.5347       1935.5381       71.694411       80.818074       82.615892       76.84434       
1.1204427       3460.3936       3278.271        2816.6745       1934.5641       75.395376       84.530562       86.321433       80.536434      
1.1217278       3457.715        3274.9133       2813.5843       1932.8304       76.819991       85.946145       87.739189       81.89133       
1.122957        3458.4195       3276.4547       2815.7764       1936.2165       80.5181         89.651781       91.426223       85.420412      
1.1241863       3456.3556       3273.8249       2813.2494       1934.7815       81.996743       91.116706       92.900095       86.707056      
1.1254155       3454.2162       3271.0642       2810.9587       1934.2384       85.913376       95.036745       96.810038       90.444608      
1.1266447       3451.7212       3267.9734       2808.1222       1932.6579       87.386536       96.504713       98.269811       91.732724      
1.1278739       3450.3115       3266.0709       2806.6564       1932.8321       91.440498       100.54878       102.30003       95.588857      
1.1291032       3448.3873       3263.6779       2804.5259       1931.9509       93.332817       102.43556       104.18156       97.301342      
1.1303324       3447.1975       3262.0936       2803.4433       1932.5776       97.819207       106.90916       108.62569       101.65989      
1.1314893       3449.0947       3265.42         2807.2112       1936.7031       99.399117       108.47046       110.14117       103.19378      
1.1326462       3448.11         3264.0429       2806.1064       1937.0452       103.8685        112.92476       114.56853       107.4458       
1.1338031       3445.5276       3260.8284       2803.1298       1935.2887       105.85038       114.8995        116.49105       109.22472      
1.1349601       3444.1231       3258.9057       2801.6065       1935.3987       110.55243       119.59147       121.12006       113.88085      
1.136117        3442.2158       3256.4912       2799.4021       1934.349        112.67325       121.69281       123.1722        116.02729      
1.1372739       3440.9842       3254.8727       2798.247        1934.8085       117.3048        126.31304       127.76941       120.44179      
1.1383344       3444.7921       3260.9902       2804.9029       1941.3471       119.03303       127.99929       129.38392       122.00425      
1.1393065       3449.6011       3268.321        2812.6746       1948.8542       122.19418       131.13058       132.61301       125.16892      
1.1401977       3453.2038       3274.3487       2819.1507       1954.9598       124.7497        133.66745       135.11314       127.71459      
1.1410888       3449.7371       3269.8094       2814.5271       1951.2036       127.60122       136.57261       138.07986       130.64161      
1.1418989       3452.9707       3275.3763       2820.7049       1957.107        130.51345       139.44021       140.86444       133.44994      
1.142574        3465.1374       3294.1529       2840.4791       1974.5184       132.37066       141.0936        142.48162       135.20232      
1.1432491       3460.8449       3288.54         2834.4208       1968.8422       134.72442       143.49162       145.01644       137.81099      
1.1439242       3453.9991       3279.741        2825.686        1961.3159       137.71789       146.54883       148.02845       140.77681      
1.1446836       3439.5847       3259.0584       2804.3371       1942.9878       141.02075       150.13719       151.73228       144.21409      
1.1454431       3435.7993       3253.9946       2799.6473       1939.8444       144.19024       153.33041       154.75389       147.16075      
1.1460941       3445.9863       3269.6238       2816.7335       1955.7335       146.33499       155.29796       156.64216       149.24963      
1.1467451       3445.7275       3268.9317       2815.658        1954.7534       148.30619       157.33785       158.87766       151.67967      
1.1473961       3441.4999       3263.741        2810.8176       1951.1552       150.87128       159.90022       161.4375        154.27544      
1.1480471       3439.0632       3260.3347       2807.4614       1948.7349       153.8167        162.87323       164.31028       157.13383      
1.148698        3436.5337       3257.0379       2804.3828       1946.7091       156.41323       165.4696        166.87067       159.67007      
1.149349        3434.7404       3254.5854       2802.0926       1945.3837       158.98475       168.05566       169.35978       162.09873      
1.15            3433.2442       3252.5368       2800.2714       1944.6014       161.76942       170.84189       172.13862       164.86854      
1.1505952       3438.6899       3261.029        2809.6936       1953.602        163.95128       172.88219       174.03265       166.78961      
1.1511905       3438.3306       3260.1918       2808.6131       1952.792        166.1856        175.13934       176.35103       169.02556      
1.1517857       3435.3214       3256.451        2805.0914       1950.2579       168.50674       177.47793       178.62124       171.11302      
1.152381        3433.5269       3253.9338       2802.6155       1948.5519       170.99215       179.9802        181.11849       173.43889      
1.1529762       3431.7642       3251.5877       2800.4468       1947.2978       173.59836       182.60266       183.68311       175.76757      
1.1535714       3430.5678       3249.8827       2798.888        1946.6213       176.3396        185.34707       186.39887       178.19466      
1.1541667       3429.3043       3248.2002       2797.4021       1946.0518       178.83478       187.84575       188.83084       180.34882      
1.1547619       3428.4152       3246.9105       2796.2498       1945.7231       181.22452       190.19191       191.0942        182.33139      
1.1553651       3426.6423       3244.2709       2793.66         1944.1864       183.63722       192.60606       193.44318       184.39179      
1.1559683       3425.7805       3243.0975       2792.7231       1944.2654       186.22659       195.15149       195.89554       186.59485      
1.1565798       3424.5957       3241.1305       2790.8203       1943.4168       188.94689       197.92125       198.60118       189.12286      
1.1571914       3424.0995       3240.3767       2790.3347       1943.8971       191.47988       200.47109       201.05648       191.45357      
1.1578029       3423.9744       3240.0212       2790.1434       1944.4775       193.65744       202.68126       203.22107       193.45283      
1.1584235       3422.9448       3238.2537       2788.4861       1943.9375       196.62512       205.68043       206.2085        195.81608      
1.159044        3422.514        3237.6298       2788.2128       1944.7487       199.57098       208.63997       209.14378       198.41949      
1.1596741       3421.7711       3236.1584       2786.8033       1944.384        202.49567       211.61216       212.11999       200.70769      
1.1603142       3420.3408       3234.0227       2784.8911       1943.7804       205.42568       214.60192       215.03255       202.82284      
1.1609543       3420.463        3234.0172       2785.2041       1945.1278       208.476         217.60091       217.93091       205.32381      
1.161605        3419.6855       3232.5472       2783.7901       1944.7922       211.20607       220.33716       220.60378       207.5397       
1.162267        3418.4954       3230.7082       2782.1977       1944.5417       214.47554       223.62501       223.832         210.33308      
1.162929        3418.5871       3230.7268       2782.5714       1946.0143       217.58259       226.79863       226.96063       213.12913      
1.163591        3419.0104       3231.1132       2783.1857       1947.4821       220.35277       229.61772       229.74184       215.30346      
1.1642652       3418.0101       3229.4353       2781.6749       1947.2425       223.78117       233.08386       233.23048       218.17228      
1.1649524       3416.5651       3227.2906       2779.7272       1946.5791       226.77321       236.22889       236.37196       220.68841      
1.1656534       3415.3294       3225.3565       2777.9905       1946.1636       229.84058       239.41395       239.55182       223.47818      
1.1663689       3414.1674       3223.5509       2776.424        1945.9832       233.03422       242.67838       242.79401       226.31993      
1.1670845       3414.8895       3224.3156       2777.5139       1948.1168       236.19194       246.16094       246.10156       229.3113       
1.167816        3413.9676       3222.7637       2776.1481       1948.1413       239.6918        249.39517       249.34713       232.2271       
1.1685644       3412.8911       3221.0129       2774.6247       1948.0973       243.44399       252.97581       252.89123       235.39118      
1.1693129       3413.2509       3221.4347       2775.4666       1950.1747       247.22861       256.59052       256.46246       238.54239      
1.1700801       3412.3333       3219.8294       2773.9883       1950.0214       250.86958       260.1148        259.98079       241.39021      
1.1708674       3410.834        3217.608        2772.0014       1949.5432       254.63187       263.81342       263.64803       244.51647      
1.1716548       3411.2481       3218.0964       2772.8637       1951.5319       258.20615       267.30945       267.09621       247.37692      
1.1724647       3410.2909       3216.396        2771.2924       1951.3599       262.28004       271.33022       271.07469       250.74083      
1.1732745       3410.5357       3216.7361       2772.0714       1953.3684       266.29646       275.29728       274.91839       253.82502      
1.1740844       3411.2249       3217.5008       2773.1051       1955.4046       270.14265       279.1409        278.67851       256.89994      
1.1749204       3409.331        3214.764        2770.6031       1954.5256       274.71809       283.74906       283.24402       259.94408      
1.1757564       3410.0925       3215.5027       2771.6007       1956.6772       279.33046       288.33182       287.63858       263.15486      
1.1765923       3410.3115       3215.8232       2772.3733       1958.7667       284.08087       293.0948        292.32636       266.8193       
1.1774593       3408.6779       3213.1905       2769.931        1958.1045       289.9035        298.96429       298.10901       270.60758      
1.1783262       3409.0245       3213.5402       2770.7384       1960.2842       295.18532       304.27825       303.31285       275.26232      
1.1791932       3409.5068       3214.0874       2771.6469       1962.3853       300.0348        309.18391       308.15443       278.58631      
1.1800601       3409.5272       3214.1264       2772.0184       1963.8702       304.22723       313.40338       312.30878       281.87099      
1.180891        3412.1798       3217.9805       2776.3631       1968.665        307.89436       317.05026       315.82324       284.09102      
1.1817596       3409.106        3213.5625       2771.9971       1966.0787       313.33252       322.53577       321.37524       288.37747      
1.1826282       3408.6441       3212.9472       2771.8435       1967.3198       318.87716       328.04408       326.68184       291.93977      
1.1834968       3408.4532       3212.6539       2771.7477       1968.2611       322.90003       332.00447       330.53839       294.30238      
1.1843653       3407.6691       3211.8053       2771.1794       1968.6633       326.1567        335.24386       333.63613       295.99873      
1.1852339       3407.0862       3211.1138       2770.6732       1969.0958       329.47412       338.53369       336.70846       297.48751      
1.1861025       3406.3738       3210.2976       2770.1256       1969.5839       333.11025       342.148         340.1389        299.35362      
1.187029        3401.7577       3203.7827       2763.6769       1965.256        338.05502       347.10544       344.89925       302.45671      
1.1879555       3402.0437       3203.8776       2763.9834       1966.6928       342.38206       351.38208       348.81564       305.31774      
1.188882        3401.8637       3203.7922       2764.3246       1968.2562       346.31612       355.28962       352.52396       308.29167      
1.1898085       3402.0057       3203.9345       2764.6677       1969.5939       349.95935       358.88652       355.86254       310.38472      
1.190735        3401.6868       3203.5944       2764.578        1970.5306       353.59542       362.4509        359.19792       311.24904      
1.1916615       3401.2032       3203.0271       2764.1978       1971.0897       356.92275       365.66952       362.28742       312.10986      
1.192588        3400.4116       3202.1486       2763.5511       1971.423        360.25218       368.97011       365.39406       313.59833      
1.1935145       3399.7625       3201.3999       2763.0557       1971.9507       363.97113       372.79948       369.11026       316.57709      
1.194441        3399.1969       3200.7204       2762.6505       1972.6438       368.04142       376.9248        373.04504       320.19502      
1.1953675       3398.7667       3200.1562       2762.345        1973.4448       372.38533       381.2904        377.3297        324.7289       
1.196294        3397.9432       3199.2111       2761.7088       1973.9832       376.44757       385.4043        381.31427       329.60889      
1.1972205       3397.6629       3198.7815       2761.5597       1974.9843       381.18486       390.16498       385.9482        335.42396      
1.198147        3396.5709       3197.5264       2760.5019       1974.8738       384.07408       393.14188       388.72799       339.79835      
1.1990735       3395.8975       3196.7109       2760.0075       1975.569        388.37686       397.4255        392.97865       346.75401      
1.2             3395.2453       3195.9202       2759.55         1976.3232       392.93617       401.95554       397.44642       354.38502      
1.2010417       3388.4159       3185.8927       2749.5501       1969.5747       400.4721        409.47439       404.94839       365.016        
1.2021296       3385.8752       3182.1703       2746.3138       1968.6244       406.50137       415.44562       410.69636       373.7024       
1.2032176       3386.4865       3182.9428       2747.505        1971.0782       410.32214       419.12424       414.29623       381.10017      
1.2043315       3386.1595       3182.3041       2747.2285       1972.467        415.42907       424.16968       419.19142       388.18304      
1.2054453       3386.1738       3182.4681       2747.6852       1973.9884       418.53093       427.226         422.23931       393.65658      
1.2065592       3386.2459       3182.6384       2748.071        1975.426        421.99281       430.61962       425.89229       399.57716      
1.2077024       3384.5725       3180.3562       2745.9064       1974.6536       425.63112       434.3226        429.77298       405.03781      
1.2088456       3383.8101       3179.5749       2745.3781       1975.2414       428.75774       437.5274        433.27418       409.25625      
1.2099887       3383.6092       3179.3692       2745.4033       1976.4362       432.80303       441.62573       437.75402       411.98181      
1.2111319       3382.7748       3178.5073       2744.8047       1977.0201       436.42014       445.25177       441.63331       415.6089       
1.2122751       3381.956        3177.5825       2744.0343       1977.3026       439.67542       448.4906        445.08799       418.38553      
1.213454        3379.0484       3173.7955       2740.358        1975.1397       442.93209       451.73935       448.58801       422.18913      
1.2146329       3378.5145       3173.0965       2739.839        1975.8327       446.93465       455.72326       452.86131       426.6893       
1.2158118       3376.9793       3171.5032       2738.4924       1975.5434       449.15446       457.88461       455.21248       429.12443      
1.2169907       3376.3831       3170.8099       2738.0206       1976.3241       453.28543       461.97566       459.48432       433.3177       
1.2181696       3374.8055       3169.125        2736.5927       1976.0695       456.10227       464.73933       462.4098        436.34972      
1.2193485       3373.0691       3167.2059       2734.7513       1975.1379       457.77486       466.40271       464.31227       438.72637      
1.2205746       3369.7664       3162.767        2730.3536       1972.3733       461.03476       469.6457        467.663         442.70775      
1.2217516       3370.5202       3164.3788       2732.485        1975.4465       464.6651        473.2346        471.387         447.56348      
1.2229286       3369.6426       3163.4027       2731.641        1975.6759       467.91992       476.49291       474.76475       452.20085      
1.2241056       3367.0914       3160.6313       2728.99         1973.952        468.90385       477.43962       475.73317       454.323        
1.2253387       3362.7354       3154.8721       2723.1386       1969.6226       470.74764       479.30748       477.63994       457.27521      
1.226513        3362.5849       3155.6781       2724.2602       1971.0471       470.66831       479.1919        477.62883       458.36142      
1.2276874       3361.1472       3154.0678       2722.5562       1969.9695       471.34447       479.82206       478.29126       459.73026      
1.2288617       3358.6057       3151.2436       2719.7337       1967.8886       471.44345       479.91405       478.42262       460.50955      
1.2300361       3356.8955       3149.2778       2717.9608       1967.2857       474.04494       482.47864       481.05489       463.62663      
1.2312104       3354.9178       3147.0001       2715.6855       1965.7953       474.7932        483.30242       482.02289       465.14593      
1.2323848       3353.0593       3144.8631       2713.5944       1964.5628       475.80195       484.44406       483.20619       466.62422      
1.2334857       3353.6501       3146.8583       2715.871        1966.7425       474.80662       483.2998        482.2143        465.94333      
1.2346653       3348.5747       3139.6546       2708.0782       1960.1244       475.10489       483.60367       482.57366       466.35282      
1.2358449       3345.9751       3136.7822       2705.8935       1959.8856       479.4869        487.92781       487.00239       471.05327      
1.2370245       3344.8177       3135.3738       2704.4925       1959.2743       480.78862       489.13953       488.38272       472.60137      
1.2381058       3346.788        3139.4051       2708.9295       1963.3011       479.52111       487.81859       487.12226       471.50458      
1.2392952       3339.978        3129.8106       2698.4231       1953.7968       477.68289       485.96849       485.30501       469.63157      
1.2404846       3336.0865       3125.5786       2694.703        1951.5463       478.48011       486.76619       486.10444       470.45736      
1.2416741       3334.698        3123.9264       2692.8297       1949.9425       477.05161       485.3239        484.72715       469.21336      
1.2428635       3333.2296       3122.3633       2691.5494       1949.7853       478.78721       486.96196       486.38542       471.12497      
1.2440529       3331.0241       3119.9582       2689.0739       1947.7795       477.37224       485.50699       484.99315       469.98242      
1.2452423       3328.68         3117.4103       2686.5069       1945.768        476.14309       484.17157       483.6785        468.9551       
1.2464317       3326.4036       3114.9177       2683.9997       1943.8391       475.13827       482.99798       482.5442        468.14669      
1.2476212       3324.3323       3112.6252       2681.7062       1942.1577       474.47098       482.33461       481.90468       467.92289      
1.2488106       3322.147        3110.2304       2679.3542       1940.4825       473.92112       481.76205       481.33572       467.71777      
1.25            3320.6458       3108.5044       2677.6703       1939.5464       474.46658       482.37576       481.96813       468.63776      
1.25125         3316.1003       3102.5205       2671.4206       1934.3422       473.39043       481.17895       480.77237       467.6973       
1.2525329       3312.969        3098.6207       2667.7137       1931.9906       474.15567       481.9087        481.49669       468.53522      
1.2536906       3315.6149       3103.6179       2673.0019       1936.3548       470.35151       478.07868       477.7184        465.15113      
1.2548484       3314.7774       3102.6553       2671.6793       1935.0914       469.23111       476.88392       476.59074       464.31935      
1.2560366       3310.9059       3097.8483       2666.9904       1931.7891       470.60367       478.20628       477.91797       465.94967      
1.2572248       3308.7887       3095.4185       2664.7849       1930.6672       472.01126       479.55664       479.32063       467.6289       
1.2584469       3306.353        3092.0393       2661.365        1928.4281       473.63401       481.10183       480.89866       469.43886      
1.2597061       3303.6111       3088.4358       2658.0048       1926.6529       476.10721       483.47982       483.28455       471.78623      
1.2609653       3302.4823       3087.1622       2656.8678       1926.3598       476.78207       484.06942       483.92044       472.44947      
1.2622664       3300.3097       3084.1667       2653.9168       1924.6923       478.42638       485.58911       485.42881       473.77887      
1.2636141       3297.5024       3080.5106       2650.403        1922.5896       479.70636       486.78433       486.64248       474.93619      
1.2649617       3296.1426       3079.0812       2649.0576       1921.9384       479.07134       486.08685       485.98105       474.28782      
1.2663093       3296.1469       3079.1438       2649.4622       1923.6241       482.44534       489.35224       489.23674       477.51065      
1.2677131       3293.4138       3075.4682       2645.7666       1921.2293       483.69696       490.47531       490.40325       478.6491       
1.2691169       3292.1448       3074.1735       2644.8508       1921.6127       485.83824       492.58702       492.56727       480.9082       
1.2705207       3290.7601       3072.7056       2643.2962       1920.5137       484.68738       491.37106       491.39139       479.782        
1.2719244       3289.005        3070.856        2641.4374       1919.2647       483.8079        490.44854       490.49538       478.92955      
1.2733282       3287.1751       3068.8853       2639.4513       1917.9278       483.12871       489.69493       489.76872       478.26864      
1.274732        3285.3975       3066.9234       2637.4258       1916.5057       482.40474       488.92172       489.04055       477.62486      
1.2760619       3285.8425       3068.4162       2639.0935       1918.2802       481.53512       488.04607       488.16569       476.88078      
1.27747         3281.0848       3062.1215       2632.3855       1912.5227       480.33883       486.7375        486.91557       475.71569      
1.2788781       3277.5154       3058.2643       2628.7529       1909.9263       479.27246       485.67481       485.87066       474.76142      
1.2802863       3275.6873       3056.2544       2626.751        1908.568        478.5688        484.92154       485.16067       474.13459      
1.2816944       3273.4258       3053.8579       2624.4891       1907.1739       478.18845       484.52803       484.79001       473.82151      
1.2831025       3271.3778       3051.6568       2622.4116       1905.9633       478.17278       484.49272       484.8012        473.91721      
1.2845106       3269.1603       3049.2673       2620.1482       1904.5718       478.02329       484.34615       484.70739       473.94946      
1.2859188       3266.8942       3046.8254       2617.8654       1903.1893       477.98822       484.30677       484.70587       474.03653      
1.2874833       3260.0759       3037.571        2608.3561       1895.5462       477.93381       484.20989       484.69593       474.07915      
1.2890479       3258.8686       3036.3814       2608.146        1897.6515       483.57212       490.00181       490.52578       480.02617      
1.2906125       3257.7283       3035.2655       2607.1246       1897.338        483.14541       489.5101        490.10478       479.74958      
1.2921771       3255.5876       3033.1461       2605.1698       1896.251        482.3038        488.67864       489.35908       479.14163      
1.2937417       3253.4275       3030.9585       2603.1442       1895.0381       481.72977       488.12381       488.83603       478.68457      
1.2953063       3251.1308       3028.5758       2600.9159       1893.7282       481.48907       487.90758       488.65766       478.56515      
1.2968708       3249.0701       3026.3695       2598.789        1892.4234       481.2886        487.72889       488.52131       478.5003       
1.2984354       3246.5717       3023.7556       2596.3582       1890.981        481.30073       487.76568       488.62271       478.78243      
1.3             3244.0309       3021.106        2593.9475       1889.677        481.77625       488.21003       489.14948       479.43635      
1.3016667       3240.8532       3016.5327       2589.6248       1887.5954       486.98369       493.25936       494.17577       484.45536      
1.3033333       3237.6001       3013.2217       2586.8179       1886.2162       487.26244       493.24863       494.22354       484.68596      
1.305           3236.1694       3011.7749       2585.4344       1885.7672       487.43585       493.2202        494.25327       485.03522      
1.3066667       3235.0333       3010.8363       2584.6758       1886.4941       490.24389       496.55004       497.61722       488.73074      
1.3083333       3232.979        3008.3888       2582.6013       1885.085        489.71682       496.54528       497.69865       489.17861      
1.31            3231.208        3006.1083       2580.7221       1883.8707       489.71157       496.76005       498.01616       489.81682      
1.3117391       3229.1567       3003.095        2578.0726       1883.3564       495.74638       502.91823       504.22642       496.15879      
1.3134783       3226.4365       3000.2005       2575.3639       1881.7016       495.71729       502.90256       504.2602        496.47745      
1.3151383       3226.9062       3001.4219       2576.6947       1883.304        495.59833       502.79575       504.21992       496.79023      
1.3167984       3225.4453       2999.7192       2574.8048       1881.916        495.38548       502.5925        504.08719       496.92133      
1.3185459       3222.6915       2995.6921       2570.9614       1880.1395       500.88827       508.10442       509.62914       502.58449      
1.3202933       3220.1911       2992.8901       2568.3278       1878.5289       501.24809       508.4715        510.02743       503.27342      
1.3218568       3222.9051       2997.7502       2573.7857       1883.9745       501.77397       508.99845       510.59419       504.22539      
1.3234203       3222.3021       2996.8193       2572.4392       1882.8453       502.20471       509.46496       511.09083       504.7448       
1.3250816       3217.8006       2990.5637       2566.1312       1878.495        505.95005       513.27025       514.94476       508.80339      
1.326639        3216.9282       2990.6355       2566.7141       1879.6403       505.80547       513.16361       514.81869       508.84397      
1.3281964       3216.0575       2989.3251       2564.9066       1877.8689       504.76794       512.13457       513.88669       508.33803      
1.3298736       3210.9524       2982.3357       2557.8902       1872.7946       507.35563       514.75379       516.59573       511.3236       
1.3317033       3207.7058       2977.1672       2553.0604       1870.7599       514.84633       522.24088       524.12388       518.9299       
1.3337362       3203.4831       2971.0598       2547.3263       1867.6879       519.91216       527.29679       529.31244       524.12024      
1.3357692       3202.9142       2970.6065       2547.6039       1869.7382       523.55368       531.06229       533.18732       528.19528      
1.3378022       3202.9086       2970.7724       2548.1235       1871.4515       526.18333       533.71899       535.97467       531.4536       
1.3398351       3201.3607       2969.225        2546.6998       1870.9157       526.31835       533.91223       536.24683       532.09256      
1.3418681       3200.2453       2968.0813       2545.9405       1871.6407       529.86869       537.46955       539.85986       536.03083      
1.3439011       3198.5852       2966.2597       2544.303        1871.1751       531.87045       539.50228       541.98113       538.64158      
1.3459341       3196.8706       2964.428        2542.9913       1871.6372       536.42449       544.07836       546.62594       543.73767      
1.347967        3195.1329       2962.4901       2541.4          1871.5657       540.05068       547.70823       550.3521        547.89744      
1.35            3192.8645       2960.0342       2539.4006       1871.2107       543.60548       551.26272       553.95644       551.77063      
1.3520833       3189.7603       2956.3261       2536.2026       1870.0791       548.27127       555.9522        558.74621       556.95733      
1.3541667       3187.3791       2953.7998       2534.4318       1870.4805       553.69168       561.35972       564.22262       562.88303      
1.35625         3185.707        2951.9646       2533.1891       1871.2027       559.23801       566.8662        569.80807       568.91032      
1.3583333       3184.0018       2950.1129       2532.0843       1872.3883       566.21768       573.73179       576.75508       576.3463       
1.3604167       3181.2522       2947.2128       2529.9383       1872.4311       571.66778       579.17288       582.22259       582.19789      
1.3623958       3180.0058       2946.7005       2530.2689       1874.4318       576.16074       583.6568        586.70802       586.94494      
1.364375        3178.109        2944.5081       2528.4732       1874.4552       581.58337       588.93966       592.05289       592.58718      
1.3663542       3175.2677       2941.3131       2525.8809       1874.0289       587.22799       594.54573       597.62836       598.25799      
1.3683333       3172.0486       2937.8559       2523.3381       1874.0919       594.19845       601.43842       604.49565       605.15235      
1.3703125       3169.4608       2935.0427       2521.4659       1874.9538       602.33171       609.52412       612.57267       613.43225      
1.3722917       3166.3192       2931.6662       2518.9131       1874.8568       608.68463       615.92707       618.98444       619.98942      
1.3742708       3163.3404       2928.4878       2516.5664       1875.0358       615.50249       622.78424       625.86015       626.915        
1.37625         3160.759        2925.6494       2514.4749       1875.3944       622.38249       629.70478       632.77147       633.83645      
1.3782292       3157.8619       2922.4959       2512.0327       1875.3294       628.58348       636.02206       639.04566       640.02088      
1.3802083       3154.3094       2918.6445       2508.7567       1874.0994       632.57069       640.10031       643.04753       643.9035       
1.3821875       3151.1304       2915.1487       2505.8031       1873.2117       637.00501       644.67082       647.52802       648.33006      
1.3841667       3148.7486       2912.4857       2503.8556       1873.7123       643.90446       651.69081       654.47784       655.26012      
1.3861458       3146.4514       2909.944        2502.0102       1874.3508       651.13043       658.95612       661.7111        662.44509      
1.388125        3143.8583       2907.1029       2499.7662       1874.4011       657.30241       665.22478       667.91541       668.47789      
1.3901042       3141.445        2904.3258       2497.5096       1874.3406       663.1084        671.01044       673.65639       674.07142      
1.3920833       3139.521        2902.0791       2495.8111       1874.9293       669.97097       677.91974       680.53064       680.81869      
1.3940625       3137.7857       2900.0165       2494.3323       1875.8341       677.47173       685.48491       688.09238       688.15629      
1.3960417       3135.7765       2897.5849       2492.2361       1875.688        682.91854       690.90572       693.51026       693.25872      
1.3980208       3133.5316       2894.9818       2490.1207       1875.7681       689.13784       697.09682       699.7137        699.10524      
1.4             3131.7384       2893.001        2488.5685       1876.4806       696.40678       704.31184       706.99606       706.03586      
1.4020833       3129.0559       2889.0128       2484.8063       1875.3287       704.54044       712.52639       715.29619       713.95874      
1.4041667       3127.3824       2887.0356       2483.6501       1877.0432       713.9208        721.69384       724.50123       722.85498      
1.40625         3125.6839       2885.2792       2482.5719       1878.6951       723.01413       730.69253       733.64553       731.743        
1.4083333       3124.5241       2883.8921       2481.6546       1880.2716       731.85096       739.38752       742.51923       740.49829      
1.4105263       3120.652        2878.9355       2477.2026       1878.8912       740.68608       748.28098       751.52857       749.41543      
1.4127193       3117.9469       2876.0552       2474.914        1879.245        748.10019       755.42617       758.65505       756.41825      
1.4149123       3116.0771       2873.8592       2473.3831       1880.4616       756.91346       764.10273       767.46069       765.35515      
1.4171053       3113.9369       2871.4743       2471.5505       1881.316        765.30014       772.26159       775.70537       773.69522      
1.4192982       3111.1483       2868.5722       2469.1183       1881.5273       773.02481       779.81125       783.40481       781.46346      
1.4214912       3109.4798       2866.4293       2467.6205       1882.9402       782.94834       789.63411       793.38561       791.65503      
1.4236842       3107.0133       2863.6312       2465.5136       1883.8205       792.44519       799.06923       802.92728       801.36296      
1.4258772       3104.7816       2861.0542       2463.4448       1884.5404       801.51288       808.07947       811.94478       810.58256      
1.4280702       3102.2165       2858.144        2461.2057       1885.3305       811.22416       817.77414       821.78728       820.58707      
1.4302632       3100.0669       2855.5793       2459.1008       1886.0056       820.40179       826.92468       830.95872       830.08775      
1.4324561       3098.0128       2853.1527       2457.2502       1887.1457       830.62879       837.0862        841.15902       840.59737      
1.4346491       3096.275        2851.0316       2455.6993       1888.6474       841.56237       847.97203       852.16847       851.98706      
1.4368421       3093.8793       2848.2259       2453.3447       1889.1162       850.76215       857.09969       861.3178        861.46137      
1.4390351       3091.8479       2845.7607       2451.2461       1889.7028       859.88939       866.16779       870.41003       870.93451      
1.4412281       3090.0454       2843.5371       2449.4561       1890.7874       870.0735        876.31446       880.60525       881.53474      
1.4434211       3088.2803       2841.3911       2447.8626       1892.2686       881.18543       887.40804       891.78326       891.41474      
1.445614        3086.2919       2839.0115       2445.9897       1893.3989       891.83105       898.10603       902.50254       901.64167      
1.447807        3084.4683       2836.7762       2444.1934       1894.5209       902.33083       908.62301       913.07059       913.00925      
1.45            3082.717        2834.5887       2442.3669       1895.5347       912.63789       918.8906        923.2895        924.03726      
1.452381        3078.748        2828.9289       2436.7386       1893.1702       922.79514       929.23843       933.79023       935.22152      
1.4548872       3075.2537       2824.3249       2432.5692       1892.5482       933.89553       940.25567       944.69049       947.02436      
1.4573935       3073.413        2822.215        2431.0631       1894.3194       945.45144       951.46454       955.86296       959.04321      
1.4598997       3072.0628       2820.556        2429.7065       1895.8814       956.33096       962.05936       966.34953       968.34981      
1.462406        3070.4567       2818.5805       2427.9902       1897.0737       967.10564       972.5203        976.66828       978.1122       
1.4649123       3068.3357       2816.0233       2425.5858       1897.4269       976.78073       981.90841       985.89933       988.41071      
1.4676113       3065.0432       2811.2868       2420.9408       1896.3318       988.81714       994.17901       998.15707       1002.2766      
1.4703104       3063.0657       2808.9909       2419.4436       1898.7965       1003.5683       1008.9608       1012.7705       1019.4699      
1.4730094       3061.9065       2807.4649       2418.2692       1900.904        1016.6915       1021.9024       1025.5817       1034.3853      
1.4757085       3059.8441       2805.0741       2416.4077       1902.6052       1030.1602       1035.0659       1038.6436       1051.7496      
1.4784076       3058.1076       2802.8707       2414.4416       1903.8019       1042.2738       1046.7722       1050.2748       1063.6497      
1.4811066       3055.8273       2800.1163       2411.9146       1904.3647       1053.5307       1057.7116       1061.2244       1072.9956      
1.4838057       3053.2117       2796.9637       2408.853        1904.1401       1063.1915       1067.0322       1070.4376       1091.8672      
1.4865047       3050.965        2794.2269       2406.4025       1904.9158       1074.8119       1078.1847       1081.8097       1117.0456      
1.4892038       3048.4759       2791.1809       2403.4362       1904.8251       1084.5885       1087.6154       1091.3283       1146.5715      
1.4919028       3045.9745       2788.1156       2400.4017       1904.5496       1093.7798       1096.5998       1100.255        1177.8617      
1.4946019       3043.4583       2785.0139       2397.2799       1904.0727       1102.2089       1104.8195       1108.4628       1213.4425      
1.4973009       3042.019        2783.0511       2395.5506       1905.4107       1113.9532       1116.5873       1120.201        1247.5049      
1.5             3039.3742       2779.8314       2392.3289       1904.6999       1122.1495       1124.7853       1128.4106       1289.3577      
1.5027778       3036.5281       2776.0585       2388.5824       1903.8054       1131.6426       1134.4293       1138.1171       1354.5958      
1.5055556       3034.4948       2773.4881       2386.1798       1904.1962       1141.78         1144.473        1148.3944       1400.8372      
1.5083333       3032.6604       2771.1344       2383.9363       1904.6595       1151.6279       1154.3313       1158.5849       1451.9191      
1.5111111       3031.3978       2769.3683       2382.3702       1905.962        1162.8915       1165.5565       1170.2647       1490.5696      
1.5138889       3029.3802       2766.7862       2379.7916       1905.8426       1171.5631       1174.1998       1179.6467       1530.445       
1.5166667       3027.1143       2763.9566       2376.9986       1905.5067       1179.9835       1182.6254       1189.7861       1578.051       
1.5194444       3025.4745       2761.7391       2374.7867       1905.7024       1188.8795       1191.5689       1200.9521       1607.7968      
1.5222222       3023.8469       2759.6071       2372.9569       1906.8023       1199.7621       1202.4395       1214.4641       1645.6115      
1.525           3022.5792       2757.7973       2371.2999       1907.7352       1210.1145       1212.762        1227.1454       1685.7351      
1.5277778       3020.331        2755.0401       2368.8375       1908.0887       1219.9701       1222.4692       1242.3915       1704.954       
1.5305556       3019.036        2753.208        2367.1907       1909.0953       1230.4054       1232.5937       1259.9817       1723.6173      
1.5333333       3017.1256       2750.8069       2365.1378       1909.9119       1241.0779       1243.0291       1272.9495       1749.2895      
1.5361111       3015.2058       2748.3386       2362.8817       1910.3893       1250.9112       1251.6154       1295.1275       1766.3542      
1.5388889       3012.9109       2745.5537       2360.4567       1910.8736       1261.0621       1260.7289       1330.2753       1783.0856      
1.5416667       3010.9884       2743.1009       2358.3037       1911.6397       1271.0501       1268.9814       1397.3143       1794.7194      
1.5444444       3009.0679       2740.6499       2356.1283       1912.3326       1280.9309       1276.9551       1417.7303       1806.8449      
1.5472222       3007.166        2738.2982       2354.4336       1914.1342       1293.462        1287.5853       1441.613        1824.965       
1.55            3006.7971       2737.4299       2354.0514       1917.27         1307.3495       1298.9365       1459.1751       1840.8233      
1.5526316       3006.3545       2737.2041       2354.6493       1921.42         1321.5016       1310.0315       1473.8133       1853.7501      
1.5552632       3006.981        2737.33         2355.38         1926.25         1338.2393       1321.3456       1481.5553       1864.4074      
1.5578947       3005.6674       2735.5575       2354.6239       1929.9844       1354.4591       1328.1285       1492.5995       1889.1038      
1.5605263       3005.6277       2735.0059       2354.8109       1934.4873       1369.4766       1330.2685       1520.2005       1930.0519      
1.5631579       3005.2301       2734.2981       2355.6337       1941.3689       1390.0088       1348.8589       1539.8579       1986.9661      
1.5657895       3005.6805       2734.4416       2357.2835       1949.3442       1411.8417       1369.569        1548.1061       2035.6491      
1.5684211       3006.7116       2735.1264       2358.9077       1953.4254       1433.5302       1402.1766       1561.8163       2089.7117      
1.5710526       3008.4898       2736.5058       2361.4498       1961.5723       1468.2339       1431.8609       1566.0535       2144.5697      
1.5736842       3010.6247       2738.6598       2366.1494       1974.5254       1498.8136       1444.7504       1575.5541       2217.3891      
1.5763158       3011.6119       2739.2889       2368.2773       1984.151        1527.0562       1457.7358       1584.2384       2320.1797      
1.5789474       3013.9143       2741.6791       2373.6018       1999.1156       1561.0128       1467.2157       1588.4271       2407.1814      
1.5815789       3016.8826       2744.7727       2379.9646       2017.3185       1591.9956       1477.9668       1594.6219       2461.2251      
1.5842105       3019.6665       2747.7444       2386.1199       2034.1709       1622.1829       1490.1803       1602.8527       2519.4912      
1.5868421       3023.2728       2751.3677       2392.4685       2050.0437       1647.6019       1499.8179       1606.7031       2572.1051      
1.5894737       3027.2744       2754.9153       2398.5662       2065.9643       1671.9541       1516.7649       1615.5095       2617.3698      
1.5921053       3030.9242       2758.7005       2405.7441       2085.947        1693.5663       1533.6807       1621.2607       2653.2442      
1.5947368       3034.4351       2762.5839       2413.479        2107.46         1705.5645       1541.9187       1630.0686       2688.181       
1.5973684       3039.2551       2766.4996       2419.6079       2124.7          1722.8961       1545.2604       1640.1068       2718.041       
1.6             3042.4821       2769.183        2425.4504       2141.1955       1735.7647       1543.2622       1651.3839       2744.3038      
1.6026316       3046.4317       2772.5252       2431.2198       2155.1923       1752.3038       1546.5082       1660.7845       2770.2074      
1.6052632       3048.9149       2774.0816       2433.6988       2162.9873       1764.7324       1552.7678       1667.3225       2792.3427      
1.6078947       3050.8903       2775.8004       2436.4976       2172.8312       1780.1145       1561.9842       1689.2945       2811.7571      
1.6105263       3052.9084       2777.5291       2439.6038       2183.2087       1797.9217       1570.3909       1725.8986       2828.8912      
1.6131579       3054.1416       2778.1061       2440.3514       2186.3387       1806.5365       1579.3977       1758.5561       2843.1161      
1.6157895       3055.6151       2778.8922       2441.2928       2188.3891       1809.3236       1586.8364       1782.6172       2857.092       
1.6184211       3056.7108       2779.2308       2441.555        2189.9259       1809.3397       1598.1265       1801.3403       2869.4589      
1.6210526       3056.6635       2778.3007       2440.0756       2189.2898       1813.8842       1603.761        1819.7944       2879.4027      
1.6236842       3056.602        2777.2874       2438.5725       2188.9348       1826.2281       1609.7889       1838.5182       2889.2543      
1.6260766       3059.2487       2780.0308       2441.4904       2194.5191       1868.3494       1617.3298       1857.3696       2901.6019      
1.6284689       3059.9168       2779.6247       2440.1104       2191.9058       1873.7505       1617.8767       1870.2159       2907.5644      
1.6308612       3059.8189       2778.7463       2439.5641       2194.1988       1887.55         1615.6122       1880.9176       2911.4225      
1.6332536       3059.5544       2777.4971       2437.5161       2191.8707       1891.3957       1626.2516       1894.6422       2916.448       
1.6356459       3059.5599       2776.7364       2436.8389       2193.1727       1894.7713       1630.6964       1906.7689       2920.6844      
1.6380383       3059.4054       2775.7233       2435.5546       2192.9156       1898.7207       1638.239        1918.6607       2925.1547      
1.6404306       3060.0494       2775.6972       2435.7483       2194.1775       1903.6157       1649.6505       1927.0811       2926.9004      
1.642823        3060.625        2775.5294       2435.6713       2195.6156       1915.0376       1657.2954       1935.3436       2928.6012      
1.6452153       3060.2663       2774.4746       2434.7862       2196.8063       1923.5338       1662.6394       1942.9977       2929.5687      
1.6476077       3060.799        2774.2851       2434.9693       2198.8549       1933.2279       1665.002        1950.3514       2929.7901      
1.65            3062.0589       2774.9032       2436.1502       2203.2938       1939.3155       1670.6477       1959.2877       2930.695       
1.6522727       3063.9391       2776.6441       2438.727        2209.5219       1945.8016       1678.3718       1967.2008       2932.7914      
1.6545455       3066.1899       2778.365        2441.1985       2215.6571       1958.155        1691.0181       1974.4646       2931.8374      
1.6568182       3065.5819       2776.8214       2438.779        2211.7706       1967.2835       1699.0546       1979.2826       2928.5875      
1.6590909       3066.3003       2776.907        2439.3358       2214.9319       1967.1083       1704.7978       1984.1885       2925.8342      
1.6613636       3067.2941       2777.3201       2440.5068       2219.7546       1972.091        1711.219        1989.381        2922.4859      
1.6636364       3068.1933       2777.7138       2441.8509       2225.2967       1969.5209       1715.9095       1992.4772       2917.8376      
1.6659091       3070.0938       2779.1628       2444.4783       2233.0105       1962.5613       1719.9983       1995.481        2912.9997      
1.6681818       3072.0189       2780.6029       2446.9512       2240.1691       1956.1541       1723.166        1999.5298       2909.0231      
1.6704545       3073.9137       2782.0384       2449.4722       2247.2015       1944.8911       1726.0988       2004.6659       2903.6873      
1.6727273       3076.1115       2783.7571       2451.7254       2250.9305       1940.4317       1728.7559       2007.5905       2897.908       
1.675           3078.1587       2785.249        2453.6929       2255.3079       1936.3914       1729.5313       2009.6109       2890.8633      
1.6772727       3079.7325       2786.2139       2454.788        2257.1429       1933.2662       1730.7895       2012.5521       2884.2901      
1.6795455       3080.3486       2785.9971       2454.285        2256.5493       1931.1112       1734.9287       2016.674        2878.3216      
1.6818182       3080.4201       2785.2072       2452.504        2252.9522       1925.7876       1738.3794       2021.0495       2872.1473      
1.6840909       3081.2652       2785.3827       2452.6217       2254.3514       1924.9271       1741.3949       2025.0107       2866.1716      
1.6863636       3082.8642       2786.271        2453.217        2255.0925       1923.3171       1744.1711       2028.5917       2859.9286      
1.6886364       3084.446        2787.2557       2454.4137       2257.8634       1924.4739       1745.5487       2029.1127       2850.919       
1.6909091       3085.4245       2787.5384       2454.4394       2258.6264       1923.2677       1746.5182       2029.6892       2841.7225      
1.6931818       3086.0426       2787.4533       2453.9593       2258.5485       1919.8417       1747.1326       2030.1405       2831.8259      
1.6954545       3086.4222       2787.1012       2453.1013       2258.0195       1915.9786       1747.2781       2031.005        2821.6457      
1.6977273       3086.5612       2786.5229       2451.9905       2257.2965       1912.0383       1746.5681       2029.6502       2810.9889      
1.7             3087.8952       2787.3439       2453.3325       2264.8187       1906.3285       1745.3207       2029.0029       2801.8083      
1.7022727       3089.2033       2788.0996       2454.2307       2269.2017       1902.8005       1745.4996       2026.7519       2789.6261      
1.7045455       3089.6258       2787.772        2452.9241       2268.3335       1895.7468       1743.2729       2024.5542       2777.8113      
1.7068182       3090.705        2788.1747       2452.5467       2268.4948       1890.401        1743.103        2023.7423       2766.016       
1.7090909       3092.0269       2788.976        2453.1035       2274.5275       1882.9963       1742.7138       2022.6929       2753.6784      
1.7113636       3094.0258       2790.3307       2453.5306       2272.6726       1879.5655       1744.2026       2022.1845       2740.6613      
1.7136364       3095.5392       2790.9532       2453.5559       2270.731        1876.036        1746.4018       2022.1606       2728.688       
1.7159091       3096.8198       2791.4392       2452.9202       2266.9671       1874.6689       1750.1333       2022.5124       2716.2133      
1.7181818       3097.4971       2791.2769       2451.2195       2260.1889       1872.9864       1753.4727       2021.3262       2702.385       
1.7204545       3099.1365       2792.1961       2451.0101       2257.3717       1871.3403       1756.4233       2020.0179       2688.2616      
1.7227273       3100.1657       2792.5149       2449.8273       2254.072        1870.365        1760.5464       2019.3136       2674.5743      
1.725           3100.753        2792.1535       2447.7035       2248.3936       1868.1969       1762.4838       2016.9426       2660.5099      
1.7272727       3100.6814       2791.1252       2443.8435       2240.6706       1864.0237       1762.8765       2013.9315       2644.9517      
1.7295455       3100.4549       2789.9983       2440.0729       2236.9105       1857.2517       1762.0708       2009.5423       2628.3294      
1.7318182       3100.4303       2789.235        2439.7379       2229.8166       1849.6932       1760.3202       2004.2032       2611.2159      
1.7340909       3100.3215       2788.3626       2438.7151       2223.25         1842.8474       1758.3647       1997.6257       2592.606       
1.7363636       3100.4377       2787.6914       2435.3464       2222.2097       1836.7152       1757.0186       1991.9576       2574.7044      
1.7386364       3100.5931       2786.9996       2432.8617       2217.7841       1830.8589       1756.4424       1986.5942       2556.707       
1.7409091       3101.1273       2786.7052       2430.2529       2213.5881       1827.1797       1755.9783       1981.5021       2540.9829      
1.7431818       3101.3857       2786.1277       2428.3777       2207.0284       1823.2211       1754.7665       1975.7294       2524.8009      
1.7454545       3101.7617       2785.6848       2426.7215       2200.1558       1818.4472       1753.948        1970.2076       2508.5849      
1.7477273       3102.0821       2785.227        2424.9485       2194.7845       1813.4918       1752.6514       1964.3819       2491.5224      
1.75            3102.3505       2784.6614       2423.0941       2190.397        1808.529        1751.0597       1957.87         2473.9765      
1.7521739       3103.2571       2784.9154       2421.9376       2188.2493       1803.3072       1749.1914       1950.8626       2457.2504      
1.7543478       3103.5964       2784.5755       2418.9787       2182.354        1801.2176       1749.2137       1945.1772       2440.8412      
1.7565217       3103.2141       2783.4539       2416.2571       2175.7346       1796.7413       1747.2471       1938.594        2424.5955      
1.7586957       3102.7617       2782.1357       2412.7884       2168.6171       1792.787        1744.2599       1929.7718       2405.7497      
1.7608696       3102.4413       2781.0406       2409.8917       2163.673        1789.7116       1743.0833       1923.7717       2389.0134      
1.7630435       3102.5725       2780.4668       2408.2718       2158.8017       1785.3779       1741.4116       1916.688        2371.6525      
1.7652174       3102.4682       2779.6136       2405.679        2153.2802       1781.202        1739.7245       1909.8076       2356.2403      
1.7673913       3102.1741       2778.5729       2402.7891       2147.6756       1777.7267       1738.9066       1903.555        2341.5972      
1.7695652       3102.2835       2777.9664       2400.3394       2143.1354       1774.6037       1738.0137       1896.8669       2324.5537      
1.7717391       3102.7035       2777.5579       2397.0913       2137.9099       1771.4505       1737.2025       1890.388        2308.7805      
1.7740942       3100.8084       2774.3353       2393.6009       2129.8766       1767.138        1734.8041       1882.09         2291.3823      
1.7764493       3099.7907       2772.3836       2389.9301       2124.2838       1762.5084       1732.4913       1873.9385       2274.9582      
1.7788043       3099.8279       2771.3789       2385.8972       2119.0115       1759.725        1731.212        1867.5905       2260.3418      
1.7811594       3100.6179       2771.3128       2383.3048       2112.4494       1758.1227       1730.7649       1862.0748       2246.2143      
1.7835145       3100.4919       2770.2842       2380.1928       2103.6135       1755.3073       1728.6669       1855.5292       2231.429       
1.7858696       3099.9031       2768.8519       2376.9536       2094.6917       1750.4653       1726.0639       1849.0465       2216.167       
1.7882246       3099.7964       2767.8801       2373.965        2087.023        1747.6733       1725.6268       1844.4761       2202.4083      
1.7905797       3099.367        2766.5339       2370.5457       2079.3261       1744.3084       1723.351        1839.1952       2187.3621      
1.7929348       3099.0798       2765.3458       2367.231        2071.7361       1740.5836       1720.1636       1833.3476       2172.5669      
1.7952899       3097.7627       2763.12         2362.9          2063.0377       1736.3056       1716.7338       1827.6098       2158.2781      
1.7976449       3095.2793       2759.7015       2357.332        2053.1747       1731.1085       1712.3329       1821.4158       2143.6657      
1.8             3093.1113       2756.5955       2352.1146       2043.9802       1726.093        1707.6684       1815.0523       2127.2748      
1.8025          3091.0472       2753.4007       2347.1476       2032.2145       1721.7223       1703.2433       1808.419        2111.9203      
1.805           3089.8277       2751.0526       2342.6919       2021.6275       1718.1066       1699.1719       1802.4194       2096.7188      
1.8075          3090.0302       2750.6752       2340.7604       2008.0937       1715.2599       1695.6703       1796.9917       2082.2096      
1.81            3089.666        2749.9791       2338.0005       1996.9955       1711.7565       1691.3844       1790.7317       2067.0342      
1.8125          3089.2809       2748.9583       2335.3625       1989.1928       1707.45         1686.3597       1783.7693       2051.3292      
1.815           3088.6886       2748.2425       2333.0479       1982.4903       1703.7918       1682.1733       1777.7254       2036.3988      
1.8175          3088.9383       2747.5137       2330.373        1975.7309       1702.1767       1679.5731       1772.7372       2022.0257      
1.82            3087.3274       2744.7572       2325.0372       1966.3203       1697.1474       1674.2384       1765.7394       2006.4266      
1.8225          3084.3253       2741.7048       2320.5883       1956.9484       1691.6449       1669.0729       1758.1202       1990.0066      
1.825           3082.3641       2738.9226       2315.2283       1949.3391       1687.0788       1664.5815       1751.6292       1975.6351      
1.8275          3080.3417       2736.0389       2309.9677       1943.0717       1685.3756       1662.6971       1746.8504       1962.0652      
1.83            3079.6516       2734.2623       2305.9078       1937.029        1682.4764       1659.8061       1741.3342       1948.3468      
1.8328571       3077.7869       2730.452        2300.1192       1923.2527       1676.7044       1655.847        1734.6408       1933.8076      
1.8357143       3075.208        2726.7458       2294.3628       1913.7492       1671.5202       1651.1726       1727.3277       1917.4693      
1.8385714       3074.3954       2725.304        2290.896        1906.9359       1667.6137       1647.889        1721.1729       1902.446       
1.8414286       3073.6692       2723.8142       2286.9954       1899.2516       1663.7355       1644.7584       1714.8998       1887.5939      
1.8442857       3071.8667       2721.0886       2283.424        1891.001        1659.6842       1642.2405       1708.9793       1873.4178      
1.8471429       3070.4984       2719.154        2279.7468       1883.4367       1656.4553       1640.0171       1703.9926       1859.5378      
1.85            3070.5018       2718.4783       2276.176        1875.6835       1653.1214       1637.8488       1699.4664       1845.8873      
1.8527778       3069.2723       2716.6266       2272.2306       1869.0162       1649.5942       1634.6812       1694.2871       1831.273       
1.8557292       3066.9395       2713.4102       2267.4923       1859.0621       1645.4981       1631.3319       1689.4733       1817.1219      
1.8586806       3065.6336       2711.44         2264.0068       1851.8113       1642.9159       1629.3722       1686.6653       1803.4138      
1.8616319       3064.4507       2709.477        2259.1955       1845.6488       1640.1559       1627.3123       1683.684        1790.1464      
1.8645833       3063.3854       2707.7034       2255.3372       1840.2437       1638.7143       1625.3045       1680.3645       1776.8722      
1.8675347       3062.2832       2705.8992       2251.4438       1833.3052       1637.4043       1623.7167       1677.3659       1763.3741      
1.8704861       3061.0021       2703.8596       2246.2396       1828.0841       1636.2041       1622.4701       1674.6242       1750.3959      
1.8734375       3059.9901       2702.2038       2242.9328       1821.3628       1634.8149       1621.0937       1671.9063       1737.4176      
1.8763889       3058.9594       2700.6806       2240.294        1814.9879       1633.4916       1619.9913       1669.351        1725.1489      
1.8793403       3058.714        2699.9797       2238.4189       1809.9841       1632.9143       1619.6017       1667.0019       1712.2238      
1.8822917       3058.8103       2699.6691       2236.9397       1805.5049       1631.9481       1618.6911       1664.2506       1699.1785      
1.8852431       3058.2461       2698.6312       2234.3952       1800.1474       1630.6221       1616.7723       1660.9811       1684.8253      
1.8881944       3057.1204       2697.0076       2231.2977       1795.0489       1629.3756       1615.001        1657.7827       1671.9703      
1.8911458       3056.0272       2695.3805       2228.0066       1789.7709       1628.3496       1613.5892       1654.9456       1659.5579      
1.8940972       3055.2154       2694.0488       2225.0249       1785.0522       1627.3037       1613.0578       1653.1739       1648.3234      
1.8970486       3055.428        2693.8331       2223.3359       1781.9336       1627.4954       1612.5648       1650.8495       1639.0149      
1.9             3054.9892       2692.9239       2220.8199       1777.9698       1626.8006       1611.6468       1648.3698       1630.5358      
1.9025          3055.7111       2693.6845       2219.5509       1781.1729       1627.2705       1610.6713       1645.924        1620.0806      
1.905           3054.8356       2692.2073       2215.7306       1776.4118       1625.6954       1609.8368       1643.5952       1613.8137      
1.9075          3053.5849       2690.6646       2212.8828       1772.8086       1623.8032       1608.5248       1640.3424       1606.4832      
1.91            3052.6759       2689.3222       2209.6057       1768.5925       1622.0651       1607.2748       1637.8376       1601.4752      
1.9126667       3050.9978       2687.032        2205.4283       1761.7114       1619.9122       1605.9708       1635.331        1596.8634      
1.9151556       3049.8808       2685.6443       2201.5021       1759.7138       1618.3926       1603.9921       1632.1405       1588.412       
1.9176444       3049.3127       2684.783        2200.6017       1755.0277       1617.237        1603.3433       1630.3763       1584.3013      
1.9201333       3049.139        2684.3667       2199.7931       1752.2745       1616.995        1603.4317       1629.0058       1579.8587      
1.9226222       3049.2082       2684.251        2199.8535       1749.1445       1616.8456       1603.6953       1627.9709       1576.511       
1.9251111       3048.3728       2682.9843       2197.4467       1746.0106       1615.8091       1603.2364       1626.307        1572.9611      
1.9276          3048.3952       2682.6474       2196.1074       1744.0328       1615.9503       1603.345        1624.8639       1569.5373      
1.9300889       3049.6998       2683.584        2195.7828       1743.5147       1617.4558       1604.5778       1624.8825       1567.5915      
1.9325778       3050.372        2683.9203       2194.9962       1742.3507       1618.1386       1605.5632       1624.879        1565.7261      
1.9350667       3049.7286       2682.9728       2193.1203       1739.9858       1617.8482       1606.0543       1624.6939       1563.4838      
1.9375556       3049.8703       2682.8049       2191.8376       1738.0538       1617.1506       1605.6899       1623.4576       1560.6795      
1.9400444       3050.7197       2683.2685       2190.6687       1737.3974       1617.4267       1605.9629       1622.3105       1558.523       
1.9425333       3050.8186       2683.1341       2189.7251       1735.7792       1617.1377       1605.5281       1620.6893       1555.8352      
1.9450222       3050.8046       2682.8955       2188.6207       1733.7827       1616.1446       1604.6708       1619.2271       1553.2196      
1.9475111       3050.9864       2682.8509       2187.6294       1732.2913       1615.7118       1603.8846       1617.6389       1550.9271      
1.95            3050.9979       2682.6074       2186.3391       1730.6347       1615.2216       1603.0189       1616.387        1548.7411      
1.9526316       3050.9038       2682.1582       2185.034        1727.4428       1614.3866       1602.0764       1616.4552       1547.3316      
1.9552632       3050.5745       2681.6108       2183.5597       1725.898        1614.4953       1601.7781       1617.7178       1544.6462      
1.9580592       3049.9098       2680.5959       2181.6428       1722.4746       1613.7962       1601.179        1619.0341       1542.8729      
1.9608553       3049.6933       2680.131        2180.1319       1721.0743       1613.9988       1600.728        1621.0099       1539.4821      
1.9638664       3049.6773       2679.7924       2178.9619       1717.4669       1612.9573       1600.1277       1621.7994       1537.8268      
1.9668775       3050.0362       2679.845        2177.73         1716.1917       1612.5199       1600.0642       1622.4143       1534.8746      
1.9698887       3050.1909       2679.8291       2176.9033       1714.4338       1611.278        1598.8705       1621.1946       1530.5971      
1.9726261       3050.7078       2680.3534       2176.3886       1716.6263       1612.2251       1598.8405       1621.3944       1525.9292      
1.9753635       3051.417        2680.8695       2175.9274       1716.3075       1611.9917       1598.6293       1621.8001       1524.3395      
1.9781008       3051.6622       2680.8992       2174.8616       1715.2438       1610.9133       1597.1891       1620.9674       1521.9441      
1.9808382       3052.0998       2681.1391       2173.988        1714.8372       1611.0627       1597.755        1622.1561       1520.5613      
1.9835756       3052.15         2681.0134       2172.7896       1713.8641       1610.4967       1597.2555       1622.4332       1518.5074      
1.986313        3051.8602       2680.5301       2171.179        1712.4096       1608.4545       1595.7788       1621.9858       1516.0188      
1.9890504       3051.6267       2680.1322       2169.6778       1711.3259       1607.5595       1596.8848       1622.0243       1513.9471      
1.9917878       3051.4562       2679.8121       2168.1931       1710.4373       1606.7412       1598.8006       1622.6964       1512.3423      
1.9945252       3050.7681       2678.9728       2165.9313       1708.9398       1605.185        1600.1554       1622.5646       1510.1849      
1.9972626       3049.9992       2678.0675       2162.7793       1707.2735       1603.7278       1601.8532       1622.4961       1508.138       
2               3049.7689       2677.6226       2162.8418       1707.0004       1603.2498       1603.1249       1622.7396       1507.0333      
2.002381        3051.1374       2679.0436       2164.5816       1711.7368       1603.5956       1603.7617       1622.8729       1502.1226      
2.0047619       3051.6678       2679.5052       2164.2662       1712.1083       1603.3529       1604.0992       1623.0341       1501.4612      
2.0071429       3051.1115       2678.9072       2162.7507       1711.2999       1602.6426       1604.4816       1623.5036       1501.9497      
2.0095238       3052.1125       2679.9397       2162.5854       1710.9194       1601.804        1604.4685       1623.7562       1501.5634      
2.0119048       3051.7915       2679.445        2161.5134       1709.9841       1600.3705       1605.0342       1624.0932       1500.9852      
2.0142857       3051.1532       2678.5971       2160.621        1709.4351       1599.5294       1605.8313       1624.7155       1499.8844      
2.0166667       3049.4909       2676.8462       2158.4226       1707.8326       1598.3238       1606.1771       1625.0456       1498.5576      
2.0190476       3049.9109       2677.1771       2157.8723       1707.5177       1596.8837       1607.0841       1625.6289       1498.0246      
2.0214286       3050.4786       2677.6185       2157.4214       1707.5037       1597.5383       1608.5841       1626.4864       1497.8794      
2.0238095       3049.9195       2676.9582       2156.026        1706.751        1597.7564       1608.9003       1626.1783       1496.2373      
2.0261905       3048.289        2675.4261       2154.7109       1706.5759       1599.355        1610.2673       1627.1334       1495.697       
2.0285714       3046.6759       2673.8357       2153.2155       1706.0775       1600.0978       1610.3834       1626.7596       1494.0923      
2.0309524       3047.3415       2674.2402       2152.5958       1705.777        1601.5103       1611.2972       1627.5961       1493.3991      
2.0333333       3048.0913       2674.7249       2152.0269       1705.6095       1603.5118       1611.9042       1628.0637       1492.5124      
2.0357143       3047.7338       2674.3881       2151.4922       1706.0147       1604.8402       1612.6822       1628.6735       1491.5251      
2.0380952       3047.9905       2674.6571       2151.4613       1706.7106       1606.0017       1613.924        1629.4855       1490.6533      
2.0404762       3048.3016       2674.9035       2151.2692       1707.0355       1607.983        1616.558        1632.0044       1491.3974      
2.0428571       3047.0154       2673.5106       2149.3121       1705.4816       1607.6423       1616.215        1631.2598       1489.467       
2.0452381       3045.4425       2671.8606       2147.1593       1703.9516       1607.0914       1616.3912       1630.8768       1487.5137      
2.047619        3044.3067       2670.6273       2145.3516       1702.5557       1606.7309       1616.4381       1630.7853       1486.5254      
2.05            3043.9975       2670.235        2144.3686       1701.7634       1607.4428       1617.3256       1631.4455       1486.1229      
2.0525          3043.1991       2669.2402       2142.7516       1698.7236       1607.1361       1617.4578       1631.3925       1485.7989      
2.055           3042.4542       2668.4291       2141.3955       1697.7192       1607.1643       1617.398        1631.1357       1484.2706      
2.0575          3041.2807       2667.2852       2139.9971       1697.137        1607.4409       1617.5787       1630.6166       1482.044       
2.06            3041.0014       2667.0166       2139.4548       1697.3783       1607.9821       1618.2115       1630.5864       1480.9357      
2.0625          3040.3154       2666.264        2138.299        1697.038        1607.8868       1618.4143       1630.4498       1479.8437      
2.065           3039.0333       2664.9102       2136.7355       1696.301        1607.6113       1618.6424       1630.3717       1479.3636      
2.0676923       3038.196        2663.8497       2135.5539       1693.9518       1607.5861       1619.7253       1631.4856       1482.7223      
2.0703846       3037.5433       2663.2793       2134.5057       1693.8906       1607.8551       1620.4629       1632.0509       1483.0127      
2.0730769       3036.3529       2662.2386       2132.2644       1692.6908       1607.3703       1620.6071       1631.7339       1482.3016      
2.0757692       3034.9383       2660.8139       2130.2602       1691.519        1606.8482       1620.485        1631.0759       1482.1629      
2.0784615       3034.2436       2659.992        2128.7189       1690.3866       1606.687        1620.7034       1630.7341       1482.3155      
2.0811538       3033.4436       2659.1365       2127.463        1690.0564       1606.7342       1620.9256       1630.5927       1483.5532      
2.0838462       3032.5413       2658.2232       2126.2881       1689.776        1606.2139       1620.8219       1630.0276       1484.0548      
2.0865385       3031.2142       2656.8959       2124.6675       1688.9435       1605.5385       1620.3927       1629.5973       1484.4646      
2.0892308       3030.1782       2655.8415       2123.2522       1688.2263       1604.8189       1619.8709       1629.092        1484.7459      
2.0919231       3029.1306       2654.761        2121.7732       1687.4028       1603.821        1619.2046       1628.577        1485.9157      
2.0946154       3028.0958       2653.7359       2120.4816       1687.0091       1603.5497       1618.77         1628.5909       1487.2371      
2.0973077       3026.5289       2652.2231       2118.7823       1686.1566       1602.9787       1618.3968       1628.6716       1488.6141      
2.1             3024.5018       2650.2426       2116.6539       1684.9432       1602.1277       1617.874        1628.5642       1489.8408      
2.1026316       3022.7226       2648.5418       2114.8945       1684.8098       1601.9192       1617.6969       1628.7259       1490.8527      
2.1052632       3021.6598       2647.4184       2113.7588       1684.5195       1601.5767       1617.3774       1629.0921       1492.3946      
2.1078947       3021.0232       2646.9604       2112.1223       1683.2886       1600.8257       1616.6297       1629.2696       1494.0717      
2.1105263       3020.2395       2646.322        2110.6097       1682.2875       1599.9864       1615.6974       1629.2424       1495.9132      
2.1131579       3019.1755       2645.2699       2109.3408       1681.7284       1599.6687       1615.3583       1629.9706       1498.4683      
2.1157895       3017.7103       2643.8424       2107.9647       1681.2734       1599.5004       1615.2753       1630.5419       1500.3664      
2.1184211       3016.511        2642.6824       2106.7397       1680.7508       1599.5458       1615.3374       1631.1075       1502.2937      
2.1210526       3014.5998       2640.7806       2104.5997       1679.1179       1598.5393       1615.0007       1631.7071       1504.1819      
2.1236842       3012.9131       2639.1046       2102.6618       1677.7688       1597.5052       1614.5523       1632.0882       1505.8568      
2.1263158       3011.9128       2638.0827       2101.5256       1677.2135       1597.0081       1614.4754       1632.7867       1507.8368      
2.1289474       3010.2815       2636.594        2099.8631       1676.3835       1596.2601       1614.5291       1633.564        1509.6993      
2.1315789       3009.3792       2635.8826       2098.352        1675.7743       1596.3908       1615.2428       1635.0718       1511.8616      
2.1342105       3008.7125       2635.268        2098.02         1675.7784       1596.3837       1616.2249       1637.0555       1514.775       
2.1368421       3006.5859       2633.3153       2096.3582       1674.8875       1596.0098       1616.4663       1638.1839       1516.5172      
2.1394737       3004.9521       2631.7177       2094.6113       1673.779        1595.0901       1616.1736       1638.7544       1518.032       
2.1421053       3004.0056       2630.8034       2093.494        1673.2881       1594.8106       1616.5518       1639.6798       1519.6447      
2.1447368       3002.8819       2629.6673       2092.0299       1672.3451       1594.486        1617.0217       1640.6298       1521.2587      
2.1473684       3001.4624       2628.2591       2090.4286       1671.3248       1594.3006       1617.6778       1641.9486       1523.047       
2.15            2999.4165       2626.379        2088.4861       1669.9043       1593.6711       1618.1614       1643.1106       1524.7208      
2.1527778       2997.4658       2624.4307       2086.5095       1667.2396       1593.0462       1618.5419       1643.9928       1527.1474      
2.1555556       2994.8444       2621.8454       2083.7876       1665.9872       1592.7542       1619.29         1645.0893       1528.4164      
2.1583333       2992.8544       2619.9061       2081.8769       1665.1763       1592.8609       1620.1816       1646.1127       1529.0776      
2.1611111       2991.2113       2618.227        2080.091        1664.2694       1592.4983       1620.6647       1646.8031       1529.2723      
2.1638889       2988.9522       2615.9737       2076.9532       1663.6633       1592.444        1621.5239       1648.0522       1530.5382      
2.1668981       2986.187        2613.2279       2074.1358       1659.8806       1591.2049       1621.7982       1649.1719       1532.941       
2.1699074       2984.2861       2611.8296       2072.9118       1659.191        1591.7718       1623.0479       1650.6591       1533.9251      
2.1729167       2982.3732       2609.5227       2070.4295       1657.567        1591.09         1623.1806       1651.0993       1533.8703      
2.1759259       2980.8775       2607.9355       2068.6217       1656.5572       1591.2526       1623.6845       1651.9531       1534.0922      
2.1789352       2978.1702       2605.3944       2066.0359       1654.8572       1590.8315       1623.7795       1652.5429       1534.3389      
2.1819444       2976.1244       2603.4089       2063.8273       1653.3404       1590.279        1623.8126       1652.8964       1533.923       
2.1849537       2973.7649       2601.1048       2061.2557       1651.5428       1589.6303       1623.7063       1653.2036       1533.6995      
2.187963        2971.2386       2598.6674       2058.4478       1649.5003       1588.9182       1623.6495       1653.7272       1534.1851      
2.1909722       2968.5764       2596.038        2055.7656       1647.6691       1588.5219       1623.7708       1654.0837       1534.5157      
2.1939815       2965.8644       2593.4198       2053.2351       1645.9653       1588.3997       1624.3281       1654.6609       1533.9874      
2.1969907       2962.8034       2590.5171       2050.4465       1644.2195       1588.4911       1625.0451       1655.3251       1533.7782      
2.2             2960.7138       2588.4797       2048.1774       1642.5415       1587.8557       1625.1699       1655.4045       1533.448       
2.203125        2957.9319       2585.6863       2045.2951       1639.3304       1586.7275       1625.1173       1655.2884       1533.5157      
2.20625         2954.1858       2582.0509       2041.7974       1636.6412       1585.7717       1625.1816       1655.3891       1532.4979      
2.209375        2951.0409       2578.8914       2038.2826       1633.8876       1584.7852       1625.1487       1655.3164       1531.1794      
2.2125          2947.8148       2575.6289       2034.6413       1631.0852       1583.6106       1624.8555       1654.6433       1529.7606      
2.215625        2944.3122       2572.0961       2031.0213       1628.3026       1582.0803       1624.1658       1653.2556       1528.1842      
2.21875         2941.2279       2569.3518       2028.1725       1626.2516       1581.2299       1623.8581       1652.0812       1526.4653      
2.221875        2938.127        2566.3926       2025.1442       1624.0799       1580.4388       1623.4602       1650.8325       1524.5714      
2.225           2934.6554       2563.0337       2021.8495       1621.7547       1579.4004       1622.6802       1649.1596       1522.3733      
2.228125        2931.4638       2559.9063       2018.7207       1619.5978       1578.5705       1622.0906       1647.4344       1520.0144      
2.23125         2928.2667       2556.7768       2015.5987       1617.3378       1577.6886       1621.5295       1645.7681       1517.8248      
2.234375        2924.9514       2553.5427       2012.3629       1614.9297       1576.6948       1621.0984       1644.0171       1515.6705      
2.2375          2921.9778       2550.6676       2009.514        1612.7852       1575.92         1620.5125       1642.0237       1513.3906      
2.240625        2918.7116       2547.4882       2006.3182       1610.2633       1574.8869       1619.5587       1639.8971       1511.1345      
2.24375         2915.6936       2544.5387       2003.2958       1607.8751       1574.0433       1618.6338       1638.0601       1509.5128      
2.246875        2912.528        2541.4777       2000.2152       1605.5042       1573.2677       1617.6889       1635.9388       1507.498       
2.25            2909.574        2538.7035       1997.4968       1603.5407       1572.5261       1616.7832       1633.5625       1505.3969      
2.253125        2905.765        2535.1911       1993.884        1600.4437       1570.563        1614.8468       1630.597        1502.9395      
2.25625         2902.6449       2531.6983       1990.5062       1597.5603       1568.6454       1612.6195       1627.4391       1500.3472      
2.2596154       2899.1542       2527.6208       1986.7514       1592.0965       1566.6315       1610.6818       1624.9596       1499.5127      
2.2629808       2895.124        2523.8162       1982.6974       1588.3999       1564.7956       1608.1266       1621.7199       1496.11        
2.2663462       2891.084        2519.9257       1978.7505       1585.1016       1562.9342       1605.6343       1618.5448       1492.1697      
2.2694056       2886.8696       2516.0421       1974.7945       1585.0383       1561.3611       1603.0208       1614.9092       1485.7057      
2.272465        2884.3633       2513.6084       1972.3472       1583.5013       1560.33         1601.0477       1612.4136       1482.743       
2.2755245       2881.2457       2510.5129       1969.2094       1580.9321       1558.5695       1598.6173       1609.9062       1480.3995      
2.2785839       2878.056        2507.3765       1966.1205       1578.4839       1556.8071       1596.046        1607.085        1476.8569      
2.2816434       2875.207        2504.5602       1963.282        1576.255        1555.276        1593.4947       1604.547        1473.1407      
2.2847028       2872.0313       2501.3881       1959.9976       1573.3658       1552.5264       1589.4748       1600.716        1468.2459      
2.2877622       2868.7242       2498.119        1956.7214       1570.6577       1550.1178       1585.9246       1597.201        1463.3124      
2.2908217       2865.5341       2494.9839       1953.603        1568.0641       1547.6429       1582.5204       1593.9894       1458.5952      
2.2938811       2862.2065       2491.7212       1950.4161       1565.565        1545.3472       1579.2499       1590.5971       1453.4759      
2.2969406       2858.8719       2488.3534       1946.8859       1562.365        1542.2088       1575.6331       1587.0381       1448.3399      
2.3             2855.3043       2484.7509       1943.4891       1559.6904       1539.6596       1572.2962       1583.3873       1442.6371      
2.3029412       2852.2102       2481.7095       1940.4141       1558.672        1537.3036       1568.6645       1579.2457       1435.4363      
2.3058824       2849.1782       2478.6194       1937.5204       1556.6621       1535.18         1565.8237       1575.9785       1430.4175      
2.3088235       2845.7005       2475.2605       1934.4473       1554.2699       1532.5016       1562.6573       1572.3633       1425.1417      
2.3117647       2842.213        2472.1899       1931.4706       1551.8655       1529.6044       1559.3409       1568.3453       1419.1576      
2.3147059       2839.4731       2469.7389       1928.9578       1549.7148       1526.6572       1555.9785       1564.1885       1412.9408      
2.3176471       2837.9159       2467.8761       1926.8807       1547.9642       1523.8203       1552.9091       1560.1908       1406.8028      
2.3205882       2835.2627       2465.1032       1924.1361       1545.6914       1520.6447       1549.4832       1555.7091       1399.9352      
2.3235294       2831.8456       2461.6726       1920.7402       1542.7346       1516.6793       1545.3882       1550.6548       1392.5122      
2.3264706       2827.5988       2457.3761       1916.3226       1538.6377       1512.2456       1540.8388       1545.3124       1384.7985      
2.3294118       2824.3851       2454.2022       1913.2048       1535.9823       1508.7012       1537.1802       1540.6384       1377.4088      
2.3323529       2821.8829       2451.7201       1910.7447       1533.9213       1505.566        1533.6649       1535.8858       1369.6644      
2.3352941       2818.6973       2448.487        1907.464        1531.1298       1502.3101       1530.5718       1531.8289       1362.8463      
2.3382353       2815.4624       2445.2442       1904.2238       1528.3203       1498.7522       1526.6328       1526.7732       1354.8074      
2.3411765       2812.048        2441.811        1900.7445       1525.1748       1494.6976       1522.0957       1521.0472       1345.995       
2.3441176       2808.9691       2438.7137       1897.6048       1522.4318       1491.0617       1517.9303       1515.781        1337.7737      
2.3470588       2805.5766       2435.3071       1894.1711       1519.3617       1487.3509       1513.6344       1510.3801       1329.2555      
2.35            2802.1526       2431.8819       1890.7652       1516.3977       1483.9364       1509.5862       1505.245        1320.9948      
2.353125        2798.9567       2428.5948       1887.767        1511.6911       1480.6482       1505.7649       1500.2323       1313.7722      
2.35625         2794.7542       2424.3713       1883.4805       1507.462        1475.9775       1500.452        1493.8495       1303.8729      
2.359375        2790.4726       2420.1029       1879.2113       1503.6766       1471.5927       1495.2988       1487.4525       1293.5745      
2.3625          2786.9182       2416.5659       1875.62         1500.4646       1467.3979       1489.9627       1480.6486       1282.8129      
2.365625        2783.8028       2413.5298       1872.671        1498.1638       1464.222        1485.1719       1474.0632       1272.1936      
2.36875         2779.5291       2409.3302       1868.3513       1494.2814       1459.5999       1479.6604       1467.2691       1261.5218      
2.371875        2775.2534       2405.3305       1864.2399       1490.7409       1455.1528       1474.1633       1460.1811       1250.3082      
2.375           2771.2744       2401.7014       1860.4719       1487.4325       1450.6756       1468.4737       1452.8815       1239.1116      
2.378125        2767.597        2396.9205       1856.3152       1483.7382       1445.6371       1462.3427       1445.3471       1227.898       
2.38125         2763.8986       2392.7923       1852.3778       1480.3383       1440.8909       1456.6573       1438.1731       1216.9759      
2.384375        2760.469        2389.1617       1848.7974       1477.2233       1436.1105       1450.7501       1430.5249       1205.4287      
2.3875          2756.2966       2384.991        1844.6134       1473.41         1430.6087       1444.1993       1422.4005       1193.2107      
2.390625        2752.0007       2380.66         1840.3474       1469.6496       1425.2468       1437.5543       1413.9457       1180.6545      
2.39375         2748.4306       2377.0648       1836.8791       1466.6344       1420.425        1431.4087       1406.0012       1168.6737      
2.396875        2745.0073       2373.5874       1833.365        1463.6701       1415.6384       1425.2736       1398.1147       1156.733       
2.4             2740.7657       2369.1947       1828.8261       1459.7621       1410.4073       1419.0347       1390.4419       1145.1338      
2.4033333       2737.4014       2365.6062       1825.5007       1454.9238       1405.4919       1413.1084       1383.1906       1135.4505      
2.4066667       2734.2785       2362.303        1822.2153       1452.5032       1402.1416       1408.3938       1376.7628       1124.5152      
2.41            2729.6081       2357.8717       1817.9973       1448.9491       1396.9557       1401.9654       1368.8827       1112.3559      
2.4133333       2725.2781       2353.6749       1814.1522       1445.8188       1392.2269       1396.0483       1361.6092       1101.3433      
2.4166667       2721.268        2349.6138       1810.2216       1442.4969       1386.9277       1389.3349       1353.4124       1089.0919      
2.42            2717.3699       2345.6404       1806.3496       1439.2102       1381.4623       1382.3852       1345.0949       1076.6504      
2.4233333       2713.2098       2341.406        1802.2438       1435.7345       1375.7634       1375.1104       1336.6674       1064.0936      
2.4266667       2709.2978       2337.5116       1798.6622       1432.9789       1371.0045       1368.7059       1328.9879       1052.2041      
2.43            2705.4288       2333.6169       1794.9772       1429.9631       1366.0053       1362.2134       1321.5662       1040.4671      
2.4333333       2701.4399       2329.5986       1791.1641       1426.7836       1360.562        1355.162        1313.5587       1027.9061      
2.4366667       2697.4925       2325.6025       1787.3287       1423.5272       1354.9761       1348.0651       1305.5533       1015.4198      
2.44            2693.8089       2321.877        1783.7825       1420.5442       1349.4922       1341.1656       1297.8908       1003.7896      
2.4433333       2689.5566       2317.5947       1779.7353       1417.1354       1343.6865       1334.0402       1289.8695       991.30917      
2.4466667       2685.1696       2313.1757       1775.5586       1413.5831       1337.6351       1326.8071       1281.7914       979.00898      
2.45            2680.9389       2308.9097       1771.4906       1410.0296       1331.583        1319.5508       1273.7745       967.03955      
2.4533333       2676.7393       2304.6702       1767.4429       1406.496        1325.458        1312.2986       1265.9576       956.16422      
2.4566667       2672.333        2300.1901       1763.0495       1402.4917       1318.7816       1304.934        1257.9136       944.94659      
2.46            2666.9604       2294.769        1757.8474       1397.8223       1311.341        1296.9105       1248.9692       932.44631      
2.4633333       2663.3845       2291.0993       1754.2445       1394.5545       1305.0153       1289.9555       1241.1443       921.39116      
2.4666667       2659.584        2287.2644       1750.6627       1391.5003       1298.9815       1283.1516       1233.2852       910.32174      
2.47            2656.3003       2283.9707       1747.7272       1389.2011       1293.6921       1276.9377       1225.6227       899.15297      
2.47375         2652.343        2279.8601       1744.2449       1382.8774       1286.5422       1269.796        1217.8084       891.75234      
2.4775          2647.6161       2275.096        1739.9094       1378.9429       1279.6439       1262.5048       1209.1583       878.65591      
2.48125         2643.1712       2270.4547       1735.5991       1375.1585       1272.4818       1254.9484       1200.1655       865.54913      
2.485           2638.3613       2265.8395       1731.2172       1371.4527       1265.2899       1247.6577       1191.5818       853.65566      
2.48875         2633.9207       2261.4736       1727.164        1368.1105       1258.5814       1240.9897       1183.6645       842.8266       
2.4925          2629.6916       2257.2234       1723.2389       1364.7954       1251.8932       1233.7625       1175.3306       832.32304      
2.49625         2625.1611       2252.6402       1718.9313       1361.067        1244.684        1226.3312       1166.8715       821.63475      
2.5             2620.7828       2248.2276       1714.8725       1357.6209       1238.0808       1219.2839       1159.0568       811.67856      
2.5038462       2616.8978       2244.3207       1711.4944       1354.232        1231.9987       1212.2331       1151.1518       802.08528      
2.5071429       2611.7133       2239.2495       1706.3267       1353.8335       1226.9601       1205.7571       1143.4094       787.29703      
2.5104396       2607.7149       2235.2077       1702.5243       1350.6978       1221.4044       1199.2413       1136.6576       780.53001      
2.5137363       2602.7674       2230.2635       1698.1012       1346.8879       1215.9466       1192.9954       1130.3094       773.92883      
2.517033        2598.8921       2226.3418       1694.5307       1343.5848       1210.8051       1186.811        1124.0201       766.35673      
2.5203297       2594.734        2222.1328       1690.6664       1340.0515       1205.4536       1180.4128       1117.4467       757.54841      
2.5236264       2590.261        2217.6151       1686.517        1336.301        1200.1287       1174.1694       1111.3544       749.24434      
2.5269231       2585.8916       2213.1746       1682.3811       1332.641        1194.8753       1168.1191       1105.6621       741.26844      
2.5302198       2581.5723       2208.8062       1678.5444       1329.1524       1189.0777       1161.6878       1099.5262       732.83086      
2.5335165       2577.8941       2205.1642       1675.3257       1326.133        1183.8462       1155.7476       1093.7803       724.47         
2.5368132       2574.3878       2201.7333       1672.383        1323.2262       1178.6528       1150.0103       1088.2851       716.22412      
2.5401099       2569.908        2197.3741       1668.5459       1319.6949       1173.0157       1143.9198       1082.5539       707.58486      
2.5434066       2565.5027       2192.9568       1664.5397       1316.2754       1167.9343       1138.7049       1077.7899       700.05846      
2.5467033       2561.5684       2189.0289       1661.0759       1313.3375       1162.8811       1133.4984       1072.7587       692.26155      
2.55            2557.7525       2185.2398       1657.8011       1310.5911       1157.834        1128.2645       1067.6082       684.63137      
2.5533333       2553.786        2181.2725       1654.3125       1307.3639       1152.7049       1123.2976       1062.7455       677.47853      
2.5566667       2550.0248       2177.5398       1651.0884       1304.7401       1148.339        1119.2737       1058.6417       670.73893      
2.56            2546.0076       2173.5477       1647.5801       1301.7823       1143.4755       1114.7768       1053.8102       663.35343      
2.5633333       2541.9284       2169.5064       1644.1167       1299.027        1139.0032       1110.7917       1049.2393       656.23857      
2.5666667       2537.573        2165.1772       1640.3023       1295.8059       1133.8603       1106.1144       1043.796        648.47708      
2.57            2533.353        2161.002        1636.6907       1292.8786       1129.326        1102.2796       1039.2277       641.46053      
2.5733333       2529.2581       2156.9484       1633.1599       1290.0483       1124.9628       1098.6185       1034.6723       634.39487      
2.5766667       2525.3013       2153.0273       1629.7304       1287.3169       1120.8094       1095.2559       1030.5029       627.85886      
2.58            2521.3547       2149.168        1626.7884       1284.5322       1116.5423       1091.6409       1026.0494       620.96168      
2.5833333       2517.5216       2145.421        1623.7582       1281.7991       1112.1541       1087.6891       1021.3265       614.3037       
2.5866667       2513.5355       2141.5437       1620.6049       1279.1503       1108.2038       1083.9921       1016.7649       608.02266      
2.59            2509.7527       2137.8378       1617.4489       1276.4822       1104.4197       1080.4659       1012.5504       602.20773      
2.5933333       2505.6487       2133.8285       1614.0923       1273.7484       1100.9301       1077.2666       1008.4874       596.40795      
2.5966667       2501.7961       2130.0743       1611.0259       1271.256        1097.7341       1074.0967       1004.5415       590.60405      
2.6             2497.8338       2126.1778       1607.6801       1268.221        1094.0922       1070.4959       1000.2123       584.3966       
2.6035714       2493.4652       2121.885        1604.2654       1263.7925       1090.2543       1066.9984       996.52303       581.27366      
2.6071429       2489.4355       2117.9561       1601.0109       1260.8126       1087.1794       1063.6324       992.50706       575.03228      
2.6107143       2485.2602       2113.93         1597.7986       1258.2614       1084.7266       1060.7223       989.09835       569.58329      
2.6142857       2481.3446       2110.1222       1594.6434       1255.5568       1081.6746       1056.8059       984.39513       563.69585      
2.6178571       2477.0639       2105.9911       1591.3113       1252.8783       1078.9679       1053.2449       980.23035       558.55492      
2.6214286       2472.9933       2102.0435       1588.054        1250.1263       1076.072        1049.5289       976.02287       553.59971      
2.625           2469.0257       2098.2139       1584.9759       1247.6323       1073.48         1046.158        972.1846        549.09551      
2.6285714       2465.0857       2094.4311       1581.9331       1245.1154       1070.8495       1042.8442       968.75099       544.71781      
2.6321429       2461.4353       2090.998        1579.2843       1243.0258       1068.6647       1039.9939       965.67685       540.7586       
2.6357143       2457.4081       2087.162        1576.2628       1240.5366       1065.7774       1036.4077       961.83895       536.43183      
2.6392857       2453.7472       2083.421        1573.415        1238.252        1063.1564       1033.0641       958.44032       532.81745      
2.6428571       2450.4154       2080.1617       1571.0337       1236.3434       1060.5813       1029.6983       955.09377       529.3524       
2.6464286       2447.1671       2077.0452       1568.4413       1234.3279       1057.8347       1026.3762       951.74575       526.11738      
2.65            2443.5983       2073.6541       1565.7829       1232.1964       1055.1845       1023.3748       948.8101        523.55116      
2.6538462       2440.4424       2070.5414       1563.5431       1229.1653       1052.1132       1020.0548       945.79136       522.76005      
2.658042        2435.8189       2066.0797       1559.9464       1224.7733       1048.1297       1016.0582       942.1124        520.49213      
2.6622378       2432.6657       2063.0564       1557.5393       1222.5283       1045.1894       1012.7775       938.86864       515.4298       
2.6664336       2428.5445       2059.0929       1554.3421       1219.684        1041.6416       1008.8715       934.82683       510.88441      
2.6706294       2424.8673       2055.595        1551.6217       1217.4011       1038.6129       1005.6218       931.57162       507.8452       
2.6748252       2421.2077       2052.1161       1548.8776       1215.0231       1035.3552       1002.2266       928.20974       505.24234      
2.679021        2417.4382       2048.5252       1546.0152       1212.5016       1031.9814       998.8749        924.91297       503.01568      
2.6832168       2414.4703       2045.6822       1543.7121       1210.3122       1028.7772       995.92691       922.28779       501.69572      
2.6874126       2409.7049       2041.1954       1540.3364       1207.4671       1025.1831       992.81677       919.58618       500.35046      
2.6916084       2405.8463       2037.5301       1537.539        1204.9614       1021.8284       990.0825        917.36992       499.60439      
2.6958042       2401.5825       2033.5283       1534.71         1202.5355       1018.5064       987.3465        915.25575       499.01975      
2.7             2398.2099       2030.298        1532.204        1200.1382       1015.2183       984.6431        913.37005       498.49042      
2.7035714       2395.6059       2027.8249       1529.9397       1200.7709       1013.1507       982.50112       911.22776       493.14692      
2.7071429       2392.8043       2025.0988       1527.5357       1198.2951       1009.7125       979.97436       910.09079       495.6881       
2.7107143       2389.8567       2022.227        1525.1342       1195.7036       1006.2881       977.41917       908.7137        497.61598      
2.7142857       2387.2459       2019.6888       1523.0278       1193.3153       1003.4396       975.46286       907.76636       498.55161      
2.7178571       2384.7344       2017.2706       1521.0368       1190.9673       1000.5221       973.34551       906.68038       498.90223      
2.7214286       2382.1294       2014.8382       1519.2611       1189.118        998.42981       971.95135       906.07052       498.99887      
2.725           2379.7059       2012.5002       1517.2907       1186.7531       995.83404       970.34456       905.48597       499.13354      
2.7291667       2376.6638       2009.6037       1515.1713       1181.6441       992.17132       968.17211       905.18007       503.41116      
2.7333333       2373.4236       2006.544        1512.7894       1178.9485       989.52727       966.35066       904.06628       500.73354      
2.7375          2370.4844       2003.7          1510.4782       1176.5212       987.15475       964.82626       903.31527       498.54572      
2.7416667       2367.8577       2001.2107       1508.2963       1174.0856       984.66252       963.19152       902.54362       497.49629      
2.7458333       2365.6533       1999.123        1506.2703       1171.6958       982.53051       962.36731       902.51276       497.31157      
2.75            2362.8297       1996.3921       1503.9249       1169.2462       980.45417       961.62917       902.32705       497.23311      
2.7541667       2359.7793       1993.4591       1501.4745       1166.7598       978.53622       961.00501       901.9516        497.15733      
2.7576923       2357.6174       1991.3602       1499.3513       1167.3189       977.38705       960.23954       900.46919       491.86508      
2.7612179       2355.5965       1989.35         1497.4333       1165.2681       975.79904       960.01525       900.80315       495.30699      
2.7647436       2353.3647       1987.1944       1495.5972       1163.2542       974.44153       960.26229       901.27106       498.25481      
2.7682692       2351.343        1985.2245       1493.8659       1161.2252       973.21647       960.49561       901.46735       499.75978      
2.7722356       2349.1393       1983.115        1492.2099       1157.2046       971.51877       960.70437       901.97138       504.05619      
2.7762019       2346.8278       1980.9256       1490.4169       1155.1475       970.45214       960.87779       901.35398       502.39614      
2.7809615       2344.1672       1978.386        1488.4313       1150.3006       968.81091       961.4445        901.95905       506.16775      
2.7857212       2341.6733       1976.0435       1486.5954       1148.1469       968.02301       961.92629       901.2795        503.18235      
2.7904808       2339.3174       1973.7641       1484.5352       1145.9365       967.22028       962.41866       900.88677       501.4226       
2.7952404       2336.8848       1971.406        1482.4139       1143.8237       966.5332        962.83906       900.3293        501.0511       
2.8             2334.6088       1969.2007       1480.492        1142.0365       966.17595       963.43851       900.10051       501.6161       
2.805           2331.8359       1966.5121       1478.1794       1139.1307       965.39083       963.77764       899.95563       503.64047      
2.81            2329.5182       1964.3413       1476.3385       1137.3552       965.31545       964.30311       899.63839       503.75615      
2.815           2327.2868       1962.2464       1474.4779       1135.5096       965.39677       964.80643       899.39303       504.14277      
2.82            2324.9027       1959.98         1472.5483       1133.778        965.60592       965.30958       899.12371       504.84802      
2.825           2322.8672       1958.0589       1471.0999       1132.6971       966.45535       966.06087       898.97728       505.86663      
2.83            2320.5186       1955.7336       1469.2388       1131.1216       966.98061       966.62106       898.68535       507.00631      
2.835           2318.1846       1953.4525       1467.4109       1129.5433       967.28648       966.98175       898.21723       508.22181      
2.84            2315.9687       1951.3592       1465.6283       1127.9316       967.59854       967.18578       897.58588       509.42888      
2.845           2313.9015       1949.4159       1463.9501       1126.306        967.75093       967.36127       896.91722       510.65786      
2.85            2311.5384       1947.1421       1461.9632       1124.3698       967.72763       967.33068       896.07425       511.88604      
2.8555556       2308.9461       1944.6596       1459.9123       1120.9969       967.17405       967.3177        895.51931       515.53883      
2.8611111       2307.0392       1942.8004       1458.3017       1119.2416       967.1745        967.21688       894.33796       515.61574      
2.8659722       2305.3168       1941.0873       1456.5725       1119.2496       967.27018       966.9312        892.50407       512.7983       
2.8708333       2302.9866       1938.85         1454.5168       1117.3138       966.93063       966.84904       891.85603       515.80565      
2.8756944       2300.7829       1936.7686       1452.7422       1115.5319       966.40643       966.6573        891.03236       518.71518      
2.8805556       2298.8233       1934.9028       1451.0979       1113.7711       965.77446       966.25973       890.01212       520.85802      
2.8854167       2296.7496       1932.8961       1449.2599       1111.7341       965.01439       965.84325       889.03172       522.75549      
2.8902778       2294.8977       1931.1215       1447.7067       1110.0989       964.65396       965.64258       888.29718       524.72572      
2.8951389       2293.1399       1929.4633       1446.3233       1108.6292       964.58021       965.57905       887.61908       526.65801      
2.9             2291.1539       1927.5348       1444.521        1106.633        964.14765       965.23474       886.82853       528.63523      
2.905           2289.1662       1925.664        1442.7934       1104.2628       963.5165        964.77779       886.04535       531.16056      
2.91            2287.1617       1923.7482       1440.9675       1102.1859       962.9039        964.11591       885.05764       532.78768      
2.9144444       2285.345        1921.9445       1439.0668       1102.0131       962.58786       963.3602        883.47359       531.74369      
2.9188889       2283.5788       1920.2269       1437.3644       1100.1685       962.0162        962.90451       883.11239       535.4463       
2.9233333       2281.7769       1918.4548       1435.6152       1098.089        961.30424       962.18283       882.52656       538.77973      
2.9277778       2280.1234       1916.815        1433.9522       1096.0399       960.48464       961.26899       881.71481       541.26909      
2.9322222       2278.3593       1915.0401       1432.0997       1093.7003       959.42126       960.27176       880.9314        543.59798      
2.9366667       2276.3931       1913.0747       1430.0467       1091.1854       958.12997       959.05238       879.98985       545.63574      
2.9411111       2274.4623       1911.1162       1427.9462       1088.6507       957.14466       957.91928       879.14109       547.67196      
2.9455556       2272.3786       1909.002        1425.6545       1085.9688       956.19497       956.70269       878.27291       549.75681      
2.95            2269.7863       1906.4788       1423.1633       1083.2099       955.19237       955.49226       877.46146       551.87782      
2.955           2267.2908       1904.0238       1420.7566       1078.3063       953.56388       954.18679       877.19638       556.31582      
2.96            2265.1264       1901.7896       1418.2043       1075.1451       951.87722       952.29476       875.58215       556.7573       
2.965           2263.4034       1900.052        1416.3449       1072.7995       950.66699       950.70123       874.39269       557.72496      
2.97            2260.2407       1897.1029       1413.6507       1070.0009       949.14552       949.13157       873.40123       559.48612      
2.975           2257.8771       1894.7899       1411.2987       1067.3164       947.38465       947.42351       872.39566       561.54947      
2.98            2255.6665       1892.5403       1408.7719       1064.5279       945.79216       945.82298       871.47498       563.76721      
2.985           2253.317        1890.1336       1406.068        1061.578        944.12933       944.20156       870.57757       566.04352      
2.99            2250.7133       1887.4975       1403.1469       1058.3394       942.13443       942.33838       869.52531       568.23895      
2.995           2248.0273       1884.7815       1400.1726       1055.0623       939.92972       940.31075       868.37284       570.34701      
3               2245.2297       1881.9545       1397.0478       1051.6125       937.51523       938.15346       867.18237       572.44821      
3.005           2242.563        1879.1673       1393.8963       1047.9878       935.13388       936.07222       866.10229       574.62315      
3.01            2239.6718       1876.1604       1390.4881       1044.0339       932.57157       933.90366       864.98211       576.73896      
3.015           2236.691        1873.1169       1387.1444       1040.2547       929.84243       931.67213       863.87013       578.92262      
3.02            2233.4594       1869.8566       1383.6234       1036.2956       926.99079       929.47097       862.92648       581.37693      
3.025           2230.3003       1866.6371       1380.0048       1032.0349       924.12741       927.2374        861.92792       583.68178      
3.03            2227.106        1863.3675       1376.2955       1027.6666       921.02897       924.83302       860.81005       585.91421      
3.035           2223.7951       1860.0169       1372.6535       1023.5609       917.89675       922.48462       859.79755       588.27046      
3.04            2220.5141       1856.6491       1368.911        1019.2369       914.52915       919.79413       858.33149       590.13674      
3.045           2217.2017       1853.257        1365.1039       1014.7664       911.13435       917.18955       857.03777       592.105        
3.05            2213.8155       1849.8012       1361.2376       1010.2821       907.68909       914.64125       855.84591       594.17377      
3.055           2210.3457       1846.2318       1357.2614       1005.6721       904.21651       912.09798       854.67216       596.269        
3.06            2206.809        1842.5931       1353.1486       1000.8327       900.6261        909.53531       853.48516       598.29717      
3.065           2203.1599       1838.8386       1348.9226       995.91297       896.94954       906.93162       852.23176       600.2323       
3.07            2199.3532       1834.938        1344.6112       990.93683       893.25829       904.41403       851.15178       602.27164      
3.075           2195.4868       1830.956        1340.1487       985.85343       889.45218       901.77807       849.85391       604.05327      
3.08            2191.5014       1826.8609       1335.5828       980.63918       885.49953       899.02515       848.35773       605.49365      
3.085           2187.4751       1822.7274       1330.97         975.37934       881.75257       896.83306       847.8092        608.09761      
3.09            2183.3448       1818.4781       1326.2251       969.98399       877.93528       894.66353       847.33446       610.72859      
3.095           2179.0886       1814.0857       1321.2921       964.35172       873.90462       892.13677       846.20561       612.53316      
3.1             2174.7679       1809.6737       1316.4315       958.89456       869.95749       889.62181       844.95333       614.01636      
3.1055556       2169.8321       1804.5624       1310.7503       950.55361       865.30189       887.0703        844.40427       617.81844      
3.1111111       2164.8219       1799.4238       1304.8997       943.90098       860.50761       884.14194       842.93172       618.67007      
3.1166667       2159.6027       1794.0432       1298.9394       937.33651       855.85357       881.39212       841.70334       619.96478      
3.1222222       2154.2317       1788.4977       1292.7332       930.55868       851.17938       878.63427       840.43556       621.48536      
3.1268519       2149.842        1783.9794       1287.3672       928.28252       847.27544       875.86732       838.17555       619.4886       
3.1314815       2145.5336       1779.4891       1282.1782       922.49741       843.6347        873.82989       837.56452       622.90428      
3.1361111       2140.9525       1774.7543       1276.9005       916.45261       839.82213       871.76576       836.99035       626.32641      
3.1407407       2136.4352       1770.0938       1271.7291       910.60191       835.713         869.17485       835.42901       627.52034      
3.1453704       2131.7924       1765.3017       1266.3988       904.70625       831.6428        866.7123        834.04764       628.61526      
3.15            2127.0537       1760.4167       1260.9661       898.70736       827.53732       864.14749       832.48658       629.4097       
3.1538462       2122.9211       1756.2167       1256.0042       897.58745       824.24234       861.52255       829.83212       626.33411      
3.1576923       2119.3806       1752.5024       1251.6722       892.6644        821.37599       859.83775       829.20705       629.23702      
3.1615385       2115.1375       1748.1383       1246.8563       887.25285       818.18983       858.00986       828.4032        631.76087      
3.1653846       2111.3618       1744.236        1242.4496       882.24039       814.89832       855.97756       827.12578       632.96315      
3.1692308       2106.9553       1739.8053       1237.7147       877.16324       811.56529       853.87511       825.76288       633.66385      
3.1730769       2102.8063       1735.4687       1233.1341       872.15672       808.31915       851.81683       824.38996       634.13191      
3.1769231       2098.7853       1731.2199       1228.5029       867.16671       805.13154       849.79009       823.04916       634.62926      
3.1807692       2094.662        1727.0031       1223.898        862.23421       802.01105       847.83843       821.78561       635.23635      
3.1846154       2090.5975       1722.9053       1219.4544       857.38265       798.93331       845.86326       820.44975       635.641        
3.1884615       2086.3653       1718.6002       1214.9354       852.60716       795.89849       843.84935       818.98969       635.77655      
3.1923077       2081.8636       1714.0283       1210.1182       847.76446       792.87687       841.82975       817.53763       635.8733       
3.1961538       2077.5859       1709.652        1205.4068       842.96708       789.87864       839.79928       815.92129       635.78034      
3.2             2073.5546       1705.4998       1200.813        838.24152       786.9251        837.74941       814.22895       635.5496       
3.2038462       2069.5683       1701.3968       1196.2837       833.56108       784.01565       835.74313       812.70053       635.45507      
3.2076923       2065.4731       1697.1988       1191.6959       828.83988       781.08578       833.67347       811.02343       635.15443      
3.2115385       2061.3503       1692.9723       1187.0933       824.12194       778.17599       831.62132       809.35935       634.85539      
3.215812        2057.1703       1688.6233       1182.3862       816.80509       774.84647       829.48991       808.08157       636.15575      
3.2200855       2051.977        1683.3411       1176.889        811.35419       771.35842       826.92211       805.78681       634.49831      
3.224359        2047.1202       1678.4832       1171.798        806.27565       768.11712       824.45102       803.5533        632.95605      
3.2286325       2043.1068       1674.3782       1167.2001       801.48588       765.15908       822.2425        801.64534       632.13865      
3.232906        2038.2904       1669.4467       1161.9014       796.21068       761.975         819.81542       799.53787       631.25303      
3.2371795       2033.5655       1664.6077       1156.6937       791.03648       758.82092       817.38831       797.40815       630.36351      
3.241453        2028.7337       1659.6759       1151.4163       785.82558       755.60916       814.89505       795.20342       629.42731      
3.2457265       2023.9109       1654.7525       1146.189        780.59659       752.34777       812.34821       792.96851       628.47387      
3.25            2019.0674       1649.8199       1140.9405       775.33636       749.04881       809.73845       790.57217       627.35496      
3.2545455       2013.6831       1644.2789       1135.151        768.25404       745.35549       806.89765       788.20194       626.98089      
3.2590909       2008.7418       1639.2725       1129.7968       762.76814       741.76657       803.99058       785.52089       625.25675      
3.2642045       2003.3856       1633.7124       1123.8027       754.15719       737.36087       800.48337       782.71166       624.82519      
3.268679        1997.0756       1627.4538       1117.4143       750.96315       733.67508       797.11372       778.95206       619.99902      
3.2731534       1992.9532       1623.1221       1112.3441       745.80348       730.28519       794.09479       776.20043       618.8259       
3.2776278       1987.028        1617.1382       1106.0685       739.58931       726.50391       790.80677       773.23538       617.63219      
3.2821023       1982.0324       1612.0268       1100.5653       734.00084       722.74582       787.52399       770.24505       616.17896      
3.2865767       1976.8503       1606.7548       1094.9892       728.34758       718.89188       784.16704       767.20679       614.6323       
3.2910511       1971.5118       1601.336        1089.2382       722.55548       714.94435       780.70279       764.04549       612.89608      
3.2955256       1966.1911       1595.9434       1083.527        716.77359       710.97854       777.21262       760.85886       611.0994       
3.3             1960.7736       1590.4486       1077.7059       710.88851       706.90216       773.5923        757.54325       609.18069      
3.3045455       1955.552        1585.0997       1071.9522       704.66433       702.70953       769.87573       754.17082       607.33585      
3.3090909       1950.0802       1579.529        1066.0419       698.77545       698.26928       765.90716       750.55758       605.08374      
3.3136364       1944.7477       1574.0511       1060.1287       692.81835       693.83982       761.9438        746.91039       602.75544      
3.3188312       1938.0202       1567.222        1053.0557       682.61596       688.0231        757.03069       742.89103       601.63594      
3.3232839       1933.6242       1562.8226       1048.2002       681.18429       684.02083       753.32377       738.95697       596.78663      
3.3277365       1928.0068       1557.0239       1041.8864       675.08077       679.42382       749.17895       735.15856       594.61794      
3.3321892       1922.4513       1551.3037       1035.7432       668.68556       674.77468       745.12041       731.57037       592.98759      
3.3366419       1917.2513       1545.9542       1029.983        662.7056        669.96321       740.96204       727.90771       591.02607      
3.3410946       1911.7766       1540.402        1024.0718       656.60332       664.97586       736.64328       724.06479       588.75016      
3.3455473       1906.5951       1535.0807       1018.2942       650.51635       659.91086       732.25443       720.13081       586.31868      
3.35            1901.33         1529.7062       1012.4667       644.42136       654.79452       727.80463       716.12566       583.85229      
3.3545455       1895.6267       1523.8763       1006.2462       637.55272       649.36402       723.09317       711.92948       581.49097      
3.3590909       1890.2993       1518.3918       1000.272        631.54419       644.02647       718.45732       707.68145       578.65284      
3.3636364       1884.6971       1512.7          994.14786       625.3273        638.51243       713.66143       703.29663       575.78855      
3.3681818       1879.4579       1507.3153       988.24731       619.24102       633.04172       708.94842       699.00028       573.03885      
3.3727273       1873.8639       1501.6428       982.14336       613.00199       627.30976       703.92586       694.46693       570.12375      
3.3772727       1868.493        1496.1591       976.17812       606.87807       621.52816       698.87543       689.98971       567.3039       
3.3829545       1861.214        1488.6481       968.34099       593.62366       613.20043       691.71602       684.25788       565.68712      
3.3886364       1854.5226       1481.912        961.35984       586.34711       605.76353       685.19393       678.2602        560.6389       
3.3943182       1847.9548       1475.2184       954.10538       579.28238       598.48502       678.74186       672.39112       555.85249      
3.4             1841.0537       1468.1548       946.4474        571.72667       591.21123       672.26745       666.62585       551.72407      
3.405           1835.4906       1462.4514       940.15666       568.56439       585.36385       667.01327       661.75438       547.41942      
3.4095          1829.9332       1456.7616       933.88057       565.3697        580.07483       662.06259       657.23154       544.23949      
3.414           1824.3059       1450.9376       927.49831       559.08674       574.33061       656.65817       652.69798       542.75866      
3.4185          1819.0212       1445.5697       921.9428        552.95937       568.49467       651.30704       648.17032       540.80908      
3.423           1813.5503       1439.9798       916.09944       547.17701       562.74124       645.99686       643.64449       538.4521       
3.4275          1808.239        1434.5543       910.4057        541.43551       557.04738       640.73356       639.17133       535.99343      
3.432           1802.9139       1429.1273       904.67833       535.65321       551.51139       635.55647       634.75322       533.42557      
3.4365          1797.6084       1423.6978       898.91075       529.98583       546.06879       630.40884       630.3798        530.83661      
3.441           1792.3515       1418.3175       893.20543       524.33151       540.65666       625.20745       625.8896        527.95319      
3.4455          1787.0902       1412.9445       887.52592       518.75937       535.32755       620.03209       621.45184       525.16383      
3.45            1781.8831       1407.6163       881.86718       513.22821       530.04731       614.89766       617.12674       522.43246      
3.455           1775.8372       1401.431        875.4438        504.28294       523.81932       608.84158       612.1781        519.97142      
3.46            1770.3183       1395.8459       869.64665       498.40095       517.94073       603.10179       607.43221       516.49517      
3.465           1764.6829       1390.1179       863.54518       492.74384       512.27232       597.43854       602.75287       513.03176      
3.47            1759.0713       1384.405        857.49912       486.91943       506.74739       591.81281       598.18824       509.87595      
3.475           1753.5147       1378.7307       851.47057       481.16724       501.1044        586.09243       593.65085       506.86163      
3.48            1748.0563       1373.1491       845.58737       475.47658       495.45312       580.3747        589.17699       503.88322      
3.485           1742.668        1367.6528       839.81185       469.88785       489.84359       574.72531       584.79743       500.97362      
3.49            1737.3045       1362.1983       834.10341       464.36749       484.26758       569.12834       580.48583       498.10973      
3.495           1732.0061       1356.8145       828.48547       458.94441       478.72771       563.58985       576.24095       495.32749      
3.5             1726.8076       1351.5288       822.97765       453.64378       473.23933       558.10468       572.0683        492.66784      
3.505           1721.6759       1346.3143       817.55996       448.46583       467.75189       552.66949       567.93318       489.92517      
3.51            1716.6204       1341.1906       812.26798       443.43835       462.24162       547.20668       563.79478       487.18628      
3.515           1711.6541       1336.1551       807.08198       438.53719       456.70475       541.75655       559.69538       484.48876      
3.52            1706.7087       1331.1292       801.89466       433.79397       451.11143       536.40537       555.71397       481.84461      
3.525           1701.7943       1326.1238       796.71497       429.18142       445.50702       530.97778       551.69096       479.27212      
3.53            1697.0232       1321.2959       791.84092       424.71967       439.97953       525.6259        547.68325       476.58743      
3.535           1692.3271       1316.5711       787.08846       420.39723       434.52937       520.35715       543.71852       473.87275      
3.54            1687.9718       1312.2137       782.73607       416.50145       429.19903       515.20189       539.8002        471.19548      
3.545           1683.6189       1307.8478       778.40233       412.6914        423.87116       510.11177       535.91227       468.53614      
3.55            1679.3079       1303.5213       774.14303       408.98423       418.52935       505.07126       532.01332       465.73686      
3.555           1674.9614       1299.1575       769.90393       405.40524       413.23746       500.10853       528.12082       463.02229      
3.56            1670.6575       1294.8763       765.74932       401.97836       407.93247       495.06172       524.16674       460.34897      
3.565           1666.6155       1290.8662       761.90491       398.73613       402.54758       489.9931        520.19074       457.64304      
3.57            1662.6342       1286.9198       758.13513       395.52971       397.19376       484.97381       516.25718       455.02633      
3.575           1658.7784       1283.1033       754.52151       392.46295       391.8991        480.01873       512.32102       452.32955      
3.58            1654.8601       1279.2284       750.90638       389.46554       386.68857       475.14022       508.39935       449.61827      
3.585           1651.0196       1275.4637       747.37576       386.50215       381.48588       470.30716       504.49375       447.13937      
3.59            1647.3399       1271.8263       743.95412       383.60128       376.31538       465.50806       500.57702       444.58262      
3.595           1643.5678       1268.0971       740.50827       380.69527       371.19135       460.73569       496.62619       441.98593      
3.6             1639.8864       1264.4477       737.13999       377.83264       366.14249       455.98453       492.64941       439.4326       
3.605           1636.2436       1260.9017       733.81707       374.98802       361.15445       451.23303       488.6246        436.88411      
3.61            1632.6375       1257.3621       730.53273       372.17585       356.26602       446.49563       484.54323       434.34157      
3.615           1629.1401       1253.9289       727.33726       369.39157       351.49239       441.78008       480.37551       431.79439      
3.62            1625.6513       1250.5063       724.17067       366.63975       346.86357       437.14135       476.25051       429.27093      
3.625           1622.2518       1247.1758       721.0726        363.9333        342.36565       432.55005       472.14008       426.77727      
3.63            1618.8358       1243.8317       717.98478       361.24379       337.98839       428.01385       468.06558       424.34824      
3.635           1615.6271       1240.6772       715.03777       358.62163       333.67807       423.52353       464.02668       421.94601      
3.64            1612.3898       1237.5056       712.08123       355.96538       329.37224       418.99171       460.00368       419.57865      
3.645           1609.2305       1234.4037       709.18375       353.31603       324.99477       414.4093        455.93021       417.19907      
3.65            1606.1608       1231.4025       706.41306       350.8906        320.90606       409.86878       451.83592       414.84321      
3.655           1603.2073       1228.5126       703.72502       348.46772       316.85292       405.35497       447.75984       412.49751      
3.66            1600.0486       1225.4441       700.93929       346.06497       312.94857       400.86495       443.73217       410.1007       
3.665           1597.2256       1222.6809       698.37337       343.78494       309.16287       396.41074       439.76904       407.74625      
3.67            1594.3993       1219.9219       695.84051       341.57754       305.50488       391.99318       435.88106       405.41752      
3.675           1591.6354       1217.2205       693.34288       339.39829       301.93747       387.57761       432.05308       403.12875      
3.68            1588.787        1214.4559       690.8462        337.28165       298.4821        383.20348       428.26846       400.82604      
3.685           1586.182        1211.9048       688.48325       335.24098       295.10802       378.82878       424.52277       398.52057      
3.69            1583.9172       1209.6591       686.31243       333.32029       291.82563       374.47357       420.81502       396.23075      
3.695           1581.4132       1207.2093       684.02668       331.3738        288.59755       370.1097        417.15358       394.01282      
3.7             1578.6904       1204.5744       681.65061       329.42125       285.42351       365.76308       413.53395       391.78321      
3.705           1576.081        1202.048        679.37298       327.54981       282.31208       361.45204       409.96987       389.53469      
3.71            1573.4933       1199.5424       677.13282       325.73722       279.26107       357.20942       406.47401       387.28177      
3.715           1571.2208       1197.3299       675.07325       324.02606       276.25424       353.04223       403.03747       385.04003      
3.72            1568.9401       1195.1114       673.04908       322.38561       273.27403       348.94851       399.63365       382.72437      
3.725           1567.029        1193.2283       671.1711        320.80348       270.29934       344.92126       396.27398       380.4549       
3.73            1564.6167       1190.9018       669.0908        319.20127       267.27007       340.95105       392.93962       378.06743      
3.735           1562.4419       1188.7926       667.1218        317.64875       264.1203        336.99673       389.60188       375.4923       
3.74            1560.103        1186.5404       665.1321        316.13851       260.93021       333.15176       386.314         372.91406      
3.745           1557.6441       1184.1734       663.05848       314.6109        257.71646       329.40075       383.05453       370.29146      
3.75            1555.5006       1182.1097       661.23223       313.24667       254.54536       325.75368       379.83286       367.68794      
3.755           1552.9082       1179.6264       659.10783       311.74957       251.38809       322.20959       376.64376       365.08727      
3.76            1550.8341       1177.6335       657.36766       310.47528       248.29052       318.73656       373.47374       362.46922      
3.765           1549.0054       1175.8811       655.83107       309.32549       245.25795       315.32258       370.3366        359.86097      
3.77            1546.8742       1173.8585       654.12461       308.09455       242.28029       311.94545       367.21297       357.24632      
3.775           1545.0178       1172.0886       652.61538       306.9669        239.404         308.60794       364.11985       354.68825      
3.78            1542.9652       1170.146        651.00155       305.77872       236.63994       305.29677       361.03749       352.0526       
3.785           1541.3713       1168.6287       649.70392       304.73681       234.01147       302.02262       357.9999        349.52516      
3.79            1539.7671       1167.1023       648.40511       303.68043       231.50942       298.75759       354.95992       346.96759      
3.795           1538.0569       1165.4917       647.07291       302.57983       229.11405       295.48137       351.86295       344.34028      
3.8             1536.3204       1163.8575       645.723         301.44431       226.8125        292.1774        348.73431       341.79746      
3.805           1534.5202       1162.175        644.36046       300.27591       224.54972       288.82408       345.52496       339.1323       
3.81            1532.7887       1160.5534       643.03593       299.09907       222.4079        285.54316       342.29862       336.50551      
3.815           1531.2705       1159.129        641.85049       297.98037       220.32549       282.31751       339.03678       333.85912      
3.82            1529.8115       1157.7662       640.72738       296.88323       218.25881       279.14378       335.75983       331.30585      
3.825           1528.3448       1156.3973       639.60805       295.78188       216.19781       276.03423       332.45989       328.78287      
3.83            1526.9177       1155.0704       638.52747       294.68701       214.12595       272.97936       329.13185       326.24211      
3.835           1525.4989       1153.7555       637.47345       293.63543       212.01739       270.01297       325.80527       323.84106      
3.84            1524.1135       1152.478        636.46296       292.63495       209.85777       267.12487       322.45496       321.50801      
3.845           1522.6926       1151.1588       635.42709       291.66329       207.64151       264.33179       319.09155       319.24055      
3.85            1521.3652       1149.9351       634.4799        290.75922       205.34577       261.62451       315.74057       317.01663      
3.855           1520.0099       1148.6789       633.51309       289.87065       202.97308       258.98726       312.39455       314.81104      
3.86            1518.7309       1147.5194       632.65166       289.05507       200.53512       256.44637       309.05744       312.69015      
3.865           1517.5051       1146.4068       631.82834       288.279         198.04598       253.78431       305.68028       310.6381       
3.87            1516.2887       1145.2722       630.96251       287.49502       195.56113       251.27751       302.42048       308.66819      
3.875           1515.071        1144.1428       630.105         286.70593       193.10562       248.78069       299.2649        306.76614      
3.88            1513.8652       1143.0439       629.29195       285.93342       190.67759       246.29128       296.2346        304.94351      
3.885           1512.6839       1141.9627       628.47979       285.15134       188.27373       243.78523       293.33092       303.18239      
3.89            1511.4904       1140.8721       627.68149       284.38922       185.92301       241.27035       290.57065       301.51602      
3.895           1510.2915       1139.7781       626.85878       283.58693       183.64097       238.69286       287.93359       299.91525      
3.9             1509.0831       1138.6594       626.0042        282.75614       181.42256       236.0448        285.43978       298.43856      
3.905           1507.8498       1137.5339       625.15962       281.91345       179.31873       233.30983       283.06741       296.87843      
3.91            1506.6699       1136.4381       624.30439       281.03702       177.31456       230.49296       280.82212       295.4425       
3.915           1505.4664       1135.3268       623.44287       280.14124       175.38648       227.61257       278.67368       293.9567       
3.92            1504.2861       1134.2301       622.57321       279.21251       173.51989       224.67975       276.51423       292.54217      
3.925           1503.0452       1133.079        621.66772       278.25655       171.71385       221.77942       274.47063       291.37222      
3.93            1501.7787       1131.9021       620.7352        277.27691       169.96448       218.88981       272.48986       290.26528      
3.935           1500.5131       1130.7246       619.79761       276.28369       168.25958       216.03644       270.50311       289.14922      
3.94            1499.2471       1129.5394       618.84942       275.28164       166.59981       213.25467       268.52908       288.01877      
3.945           1497.9756       1128.3477       617.8963        274.28106       164.96999       210.5856        266.56157       286.92864      
3.95            1496.6818       1127.137        616.93741       273.28916       163.35895       208.06049       264.58343       285.88577      
3.955           1495.3965       1125.9459       616.00274       272.31357       161.72896       205.69696       262.57179       284.84704      
3.96            1494.104        1124.7485       615.07341       271.35997       160.12955       203.50033       260.52208       283.79643      
3.965           1492.8391       1123.5638       614.14987       270.4256        158.48557       201.49129       258.42037       282.80081      
3.97            1491.4961       1122.3199       613.19565       269.48435       156.89159       199.625         256.29873       281.77689      
3.975           1490.2194       1121.1274       612.27474       268.57029       155.25292       197.93764       254.12128       280.67924      
3.98            1488.8795       1119.8768       611.31819       267.64943       153.65335       196.401         251.91306       279.58881      
3.985           1487.5228       1118.6296       610.387         266.75064       152.0714        195.01117       249.66398       278.41589      
3.99            1486.1742       1117.388        609.46236       265.87108       150.51818       193.76101       247.40538       277.31591      
3.995           1484.8424       1116.1494       608.53852       265.00737       148.97008       192.6282        245.13633       276.16485      
4               1483.4455       1114.8642       607.59397       264.14215       147.48267       191.5439        242.88933       274.97221      
4.005           1482.0975       1113.6195       606.67882       263.28818       146.0535        190.53251       240.65303       273.75446      
4.01            1480.695        1112.3293       605.73047       262.42766       144.71806       189.55221       238.48703       272.46956      
4.015           1479.269        1111.0077       604.75892       261.55451       143.48918       188.6035        236.41963       271.09811      
4.02            1477.8303       1109.6785       603.78603       260.67244       142.39475       187.66016       234.41902       269.62355      
4.025           1476.4023       1108.3613       602.82105       259.77929       141.3686        186.71024       232.54206       268.13244      
4.03            1474.9479       1107.0155       601.82809       258.85513       140.4304        185.68895       230.73806       266.64013      
4.035           1473.4745       1105.647        600.8142        257.90861       139.58025       184.59345       229.01108       265.05014      
4.04            1472.0115       1104.2929       599.81305       256.95692       138.83          183.41488       227.33267       263.42125      
4.045           1470.5337       1102.9244       598.8056        256.01031       138.16996       182.14911       225.68963       261.74961      
4.05            1469.0339       1101.5326       597.77583       255.04875       137.5847        180.79215       224.07869       260.06446      
4.055           1467.5132       1100.1218       596.72618       254.03407       137.05036       179.34543       222.47643       258.33038      
4.06            1465.9768       1098.6934       595.65369       252.99514       136.54431       177.81143       220.8838        256.55828      
4.065           1464.4056       1097.2336       594.558         251.94123       136.05847       176.21183       219.2862        254.74855      
4.07            1462.8706       1095.8036       593.48672       250.91554       135.57602       174.57964       217.63438       252.93171      
4.075           1461.3271       1094.3842       592.43493       249.91256       135.06447       172.90093       215.87754       251.04545      
4.08            1459.8429       1093.0146       591.42616       248.96585       134.5223        171.24808       213.98871       249.08476      
4.085           1458.2446       1091.5455       590.3648        248.02198       133.92707       169.61993       211.99106       247.06559      
4.09            1456.6611       1090.0911       589.32453       247.11229       133.27151       168.05097       209.87149       244.91109      
4.095           1455.0729       1088.6348       588.28129       246.19966       132.55224       166.52039       207.59795       242.54956      
4.1             1453.5178       1087.2091       587.2724        245.33086       131.77238       165.06972       205.21744       240.25404      
4.1045455       1452.2914       1086.0418       586.33624       246.00336       131.063         164.09307       203.51171       238.44018      
4.1090909       1450.7437       1084.6107       585.29264       245.1594        130.23817       162.83452       201.08426       236.14073      
4.1136364       1449.1984       1083.1976       584.30027       244.23657       129.36082       161.56737       198.52523       233.80272      
4.1181818       1447.7456       1081.8833       583.41153       243.44373       128.43049       160.34349       195.92468       231.45491      
4.1227273       1446.2615       1080.5229       582.49501       242.65935       127.46656       159.16101       193.29663       229.07716      
4.1272727       1444.7676       1079.1557       581.55478       241.85755       126.47463       157.98737       190.6303        226.64009      
4.1318182       1443.267        1077.7795       580.59136       241.03986       125.45786       156.77405       187.94494       224.13805      
4.1363636       1441.7801       1076.4197       579.62349       240.2138        124.42791       155.56072       185.26128       221.60044      
4.1409091       1440.2923       1075.052        578.64205       239.37646       123.39686       154.30845       182.58234       218.94183      
4.1454545       1438.7118       1073.5968       577.58926       238.50047       122.374         153.02154       179.93423       216.22338      
4.15            1437.0487       1072.0593       576.45636       237.57389       121.36554       151.69372       177.35052       213.53859      
4.1545455       1435.4619       1070.5863       575.35026       236.64357       120.37426       150.31313       174.84894       210.79872      
4.1590909       1433.9007       1069.1317       574.25842       235.71268       119.40228       148.88943       172.45738       208.02935      
4.1636364       1432.2709       1067.6125       573.11687       234.74885       118.44538       147.36551       170.18746       205.25184      
4.1681818       1430.6908       1066.1415       571.99559       233.77797       117.50949       145.73923       168.03846       202.42162      
4.1727273       1429.0691       1064.6281       570.82545       232.76921       116.60405       144.04916       166.00647       199.60011      
4.1772727       1427.3956       1063.0693       569.61026       231.71926       115.71773       142.30132       164.07364       196.79621      
4.1818182       1425.7978       1061.5551       568.39355       230.67863       114.85141       140.52221       162.20923       194.0453       
4.1863636       1424.0487       1059.8992       567.06894       229.59147       113.99782       138.67082       160.37908       191.28787      
4.1909091       1422.2391       1058.1955       565.73164       228.51003       113.14646       136.79709       158.60081       188.54135      
4.1954545       1420.4419       1056.5111       564.40008       227.42466       112.28456       134.92703       156.88453       185.82717      
4.2             1418.6162       1054.7998       563.0384        226.33691       111.41281       133.07871       155.19443       183.18329      
4.2045455       1416.6146       1052.9041       561.53048       225.19335       110.51764       131.26866       153.53229       180.61034      
4.2090909       1414.6566       1051.0466       560.03205       224.05744       109.59633       129.53261       151.83734       178.10605      
4.2136364       1412.794        1049.2798       558.59561       222.95326       108.63602       127.87899       150.14829       175.68117      
4.2181818       1410.9155       1047.5009       557.15641       221.88103       107.63288       126.30039       148.46812       173.3472       
4.2227273       1409.1201       1045.8101       555.77694       220.8542        106.59039       124.8009        146.76257       171.10085      
4.2272727       1407.1487       1043.9332       554.2547        219.79821       105.50562       123.37656       144.98085       168.95603      
4.2318182       1405.1165       1041.9857       552.68483       218.75097       104.35995       122.02006       143.17576       166.90116      
4.2363636       1403.1876       1040.1449       551.2138        217.80047       103.2001        120.73764       141.33405       164.94628      
4.2409091       1401.1533       1038.1893       549.56246       216.80288       101.98807       119.53285       139.44967       163.10822      
4.2454545       1399.1343       1036.2601       547.95433       215.8669        100.72591       118.3911        137.52958       161.34389      
4.25            1397.073        1034.2821       546.268         214.91326       99.423277       117.30335       135.60337       159.64383      
4.2545455       1395.0133       1032.3052       544.5879        214.03862       98.098199       116.25255       133.68479       158.02042      
4.2590909       1392.9023       1030.2589       542.86409       213.23254       96.761472       115.22809       131.7845        156.47219      
4.2636364       1390.8609       1028.3032       541.23448       212.55872       95.410505       114.21427       129.91173       155.00008      
4.2681818       1388.687        1026.1811       539.31368       211.86807       94.026341       113.19706       128.07318       153.52919      
4.2727273       1386.4572       1024.0164       537.59558       211.30169       92.539753       112.15735       126.26373       152.09484      
4.2772727       1384.0669       1021.7278       535.72876       210.38627       91.079079       111.08777       124.4941        150.68509      
4.2818182       1381.5608       1019.3613       533.84887       209.48859       89.656411       109.97176       122.78115       149.31664      
4.2863636       1379.092        1016.9954       531.76912       207.15678       88.27456        108.80229       121.13501       147.96984      
4.2909091       1376.8061       1014.7682       529.65931       204.28533       86.940145       107.58231       119.5611        146.62919      
4.2954545       1374.3829       1012.3975       527.50373       202.44434       85.642664       106.30653       118.07047       145.34229      
4.3             1372.0176       1010.0871       525.42843       200.68548       84.389721       104.97175       116.64962       143.89349      
4.3045455       1369.5901       1007.7077       523.25765       198.91167       83.182192       103.58011       115.30515       142.4881       
4.3090909       1367.0925       1005.2494       520.95792       197.00235       82.023815       102.14039       114.03559       140.95004      
4.3136364       1364.553        1002.7807       518.75061       194.92837       80.910395       100.65618       112.83703       139.53953      
4.3181818       1362.1106       1000.3862       516.46481       192.58433       79.836772       99.139983       111.70063       138.06886      
4.3227273       1359.753        998.02701       514.24862       190.19338       78.809804       97.59773        110.62105       136.52963      
4.3272727       1357.2614       995.53182       511.88672       187.5707        77.842537       96.060595       109.59815       135.00061      
4.3318182       1354.5767       992.88374       509.42847       184.81648       76.919052       94.541421       108.60661       133.42203      
4.3363636       1351.9625       990.25585       506.72025       180.50303       76.030588       93.046991       107.68957       131.81566      
4.3409091       1349.4272       987.73337       504.29339       175.98236       75.170863       91.598941       106.77732       130.17064      
4.3454545       1346.7244       985.08265       501.95326       174.20746       74.328316       90.210251       105.87701       128.48787      
4.35            1343.9715       982.3598        499.36904       170.58885       73.498813       88.926258       104.98888       126.76678      
4.355           1340.7811       979.23694       496.49046       164.9981        72.509735       87.558108       103.98091       124.65875      
4.36            1337.7583       976.26784       493.86261       162.52539       71.563889       86.273915       102.98704       122.69857      
4.365           1334.7151       973.2382        490.95314       158.94331       70.592965       85.136451       101.98428       120.72755      
4.37            1331.6689       970.19476       488.00497       155.19235       69.642903       84.084937       100.9591        118.71564      
4.375           1328.5654       967.09455       485.19406       151.82614       68.709706       83.132818       99.903445       116.67781      
4.38            1325.5047       964.04876       482.41521       148.2901        67.922655       82.277469       98.79282        114.6311       
4.385           1322.4332       960.97558       479.37877       144.3981        67.076515       81.36524        97.517199       112.55732      
4.39            1319.2797       957.81537       476.30623       140.36998       66.180938       80.494094       96.258527       110.46998      
4.395           1316.0642       954.58764       473.21543       136.43872       65.213384       79.809267       95.074642       108.37711      
4.4             1312.9138       951.42494       470.238         132.58719       64.185853       79.230203       93.905427       106.25455      
4.405           1309.6825       948.16201       466.94187       128.88734       63.153087       78.725793       92.678964       104.05451      
4.41            1306.4209       944.83672       463.41093       125.21314       62.159628       78.262414       91.390426       101.87989      
4.415           1303.1923       941.57325       460.25346       121.20976       61.237248       77.801083       90.017494       99.712639      
4.42            1299.9727       938.31933       457.15686       117.0978        60.39726        77.286032       88.579662       97.554408      
4.425           1296.7303       935.03778       454.03864       112.99497       59.620314       76.700216       87.028043       95.384008      
4.43            1293.481        931.75204       450.86036       108.85864       58.907567       75.899181       85.453659       93.229761      
4.435           1290.2213       928.44889       447.61948       104.73216       58.200305       75.086027       83.942907       91.101327      
4.44            1286.9253       925.09492       444.31301       100.6521        57.322391       74.364225       82.455082       88.9882        
4.445           1283.5791       921.67213       440.8689        96.628021       56.53346        73.601833       80.972801       86.893749      
4.45            1280.2646       918.31524       437.64675       92.708178       55.846841       72.775051       79.498817       84.814236      
4.455           1277.0083       914.99548       434.50885       88.885936       55.247661       71.888789       78.00842        82.750083      
4.46            1273.6293       911.5174        431.01038       84.983248       54.665699       70.943767       76.501555       80.726477      
4.465           1270.1723       907.95434       427.39694       81.124411       54.11458        69.945576       75.001174       78.693764      
4.47            1266.7393       904.41357       423.78469       77.399963       53.583678       68.893235       73.50959        76.740304      
4.475           1263.4716       901.05265       420.36893       73.901962       53.068954       67.796753       72.025284       74.722514      
4.48            1260.1998       897.71815       417.12668       69.684748       52.575363       66.667879       70.547753       72.885984      
4.485           1256.855        894.31233       413.98436       64.864536       52.118529       65.502901       69.089321       71.08546       
4.49            1253.4774       890.87091       411.04885       59.527862       51.663366       64.308754       67.636774       69.343654      
4.495           1249.9758       887.24159       407.51095       55.276828       51.208594       63.108348       66.206645       67.656695      
4.5             1246.6799       883.79486       403.90342       51.828556       50.741977       61.910478       64.795521       66.025549      
4.5055556       1242.7393       879.7178        399.60922       47.114934       50.356875       60.691462       63.33969        64.271801      
4.5111111       1238.9742       875.83736       395.89166       44.146228       49.820548       59.37071        61.782896       62.582533      
4.5166667       1235.4013       872.13063       392.352         40.944097       49.287037       58.049712       60.19889        60.927664      
4.5222222       1231.8547       868.44077       388.78635       38.040339       48.756041       56.752504       58.674847       59.262378      
4.5277778       1228.3538       864.80187       385.23439       34.779204       48.193311       55.5185         57.155019       57.701339      
4.5333333       1225.1169       861.49626       382.15222       31.525885       47.607321       54.340343       55.798134       56.254223      
4.5388889       1221.9576       858.30632       379.41607       28.059681       46.993864       53.197763       54.48641        54.877631      
4.5444444       1218.5986       854.83463       376.02256       24.936203       46.401092       52.094495       53.178615       53.544146      
4.55            1215.3946       851.56453       373.17832       21.346444       45.795923       51.020629       51.891106       52.25136       
4.5555556       1212.2567       848.45034       371.32517       17.425022       45.170381       49.970836       50.686513       50.988162      
4.5611111       1209.1715       845.34967       369.43273       13.566196       44.544097       48.945107       49.533719       49.858193      
4.5666667       1206.0392       842.13638       366.72751       10.170146       43.917667       47.941232       48.412338       48.667864      
4.5722222       1202.9123       838.93312       364.274         6.9302795       43.300843       46.967607       47.34222        47.490112      
4.5777778       1199.8563       835.78441       361.53951       3.72371         42.672769       46.0034         46.307755       46.355778      
4.5833333       1196.8862       832.75564       358.8426        0.59045173      41.979107       45.075638       45.330356       45.322158      
4.5888889       1193.8643       829.62645       356.19624       -2.3915014      41.300389       44.166037       44.394452       44.325458      
4.5944444       1190.9575       826.67436       353.61511       -5.4742454      40.73999        43.287601       43.509818       43.353273      
4.6             1187.9777       823.62162       351.119         -8.6656478      40.375516       42.406225       42.643567       42.378317      
4.6055556       1185.0735       820.60109       348.10471       -11.492213      39.949999       41.570394       41.806233       41.44732       
4.6111111       1182.1255       817.46693       344.8018        -13.110625      39.671806       40.803995       41.023841       40.5208        
4.6166667       1179.1729       814.26547       341.54597       -14.09305       39.121482       40.021358       40.308373       39.594989      
4.6222222       1176.3639       811.39998       338.59643       -14.234068      38.644715       39.23961        39.797296       39.042471      
4.6277778       1173.5773       808.44975       335.55275       -13.801038      38.184334       38.496968       39.164596       38.63632       
4.6333333       1170.9781       805.74849       332.56817       -12.474579      37.769132       37.788057       38.478737       37.48673       
4.6388889       1168.3425       803.00729       329.57778       -10.906863      37.404989       37.098226       37.806281       36.757714      
4.6444444       1165.6979       800.24172       326.32249       -9.2678397      37.036602       36.447033       37.179464       35.690988      
4.65            1163.1278       797.5538        323.10226       -7.1145231      36.639731       35.84737        36.580514       34.685606      
4.6555556       1160.442        794.6846        319.96195       -4.7253606      36.209662       35.524618       36.006173       33.414531      
4.6611111       1158.0447       792.18473       317.00187       -2.446076       35.739109       35.414734       35.450239       32.502115      
4.6666667       1155.7406       789.82168       313.79365       -0.16431463     35.233571       34.774844       34.932601       31.08889       
4.6722222       1153.2975       787.23249       310.21564       3.0860052       34.726113       34.347996       34.665031       29.524974      
4.6777778       1150.7706       784.46433       306.09672       7.2301753       34.221613       33.827267       34.489704       27.934111      
4.6833333       1148.3183       781.73435       301.54133       8.0777312       33.724578       33.365162       33.95463        26.449303      
4.6888889       1145.7507       778.87775       297.03933       9.7331285       33.200362       32.880053       33.523587       24.765695      
4.6944444       1143.1682       775.9167        291.69726       14.520437       32.681295       32.426923       33.048327       23.182783      
4.7             1140.6093       772.9066        285.68605       17.889889       32.166795       31.983056       32.592383       21.596887      
4.7055556       1138.1852       770.06862       280.61289       22.025284       31.653559       31.557431       32.132566       20.124141      
4.7111111       1135.9367       767.50545       276.38035       26.390634       31.140338       31.135374       31.677546       18.739179      
4.7166667       1133.8561       765.08778       272.28927       30.390949       30.647626       30.740911       31.240804       17.488351      
4.7222222       1132.1209       763.12737       268.90119       34.412209       30.168081       30.353303       30.790568       16.359882      
4.7277778       1130.4507       761.25563       265.61084       38.433825       29.72145        29.983608       30.337267       15.362374      
4.7333333       1128.9363       759.59809       262.8726        44.072853       29.312266       29.629718       29.908241       14.507605      
4.7388889       1127.3167       757.73406       259.37806       48.323341       28.93529        29.28379        29.490231       13.782412      
4.7444444       1125.8267       755.98945       255.75994       51.563375       28.577567       28.944357       29.083131       13.16515       
4.75            1124.377        754.3966        252.59854       55.246752       28.247646       28.608631       28.684722       12.646282      
4.75625         1122.913        752.8794        249.09409       58.314189       27.995939       28.369474       28.412035       12.317227      
4.7625          1121.7404       751.62555       246.80282       60.153397       27.709219       27.9569         27.901425       11.817292      
4.76875         1121.1963       751.17963       246.82096       62.835716       27.457615       27.584189       27.447963       11.50461       
4.775           1120.9203       751.09089       248.27802       63.378613       27.277531       27.210524       26.98293        11.229688      
4.78125         1120.4796       750.76399       248.94497       66.232688       27.240013       26.854178       26.546232       11.020914      
4.7875          1120.3798       750.97306       251.17515       70.034524       27.243037       26.48822        26.098336       10.844919      
4.79375         1119.3416       749.67279       248.20972       70.026062       27.266046       26.1235         25.614064       10.70537       
4.8             1118.142        748.27001       245.6441        69.494146       27.337403       25.771437       25.098191       10.601036      
4.80625         1116.9766       746.77153       240.99009       68.034992       27.550246       25.423306       24.536053       10.517413      
4.8125          1115.8551       745.49595       239.01842       66.621413       27.93838        25.07491        23.914385       10.439312      
4.81875         1115.2924       744.86681       237.90065       65.271987       27.61585        24.735271       23.234974       10.369628      
4.825           1115.1601       744.66928       237.30701       64.129787       27.395884       24.381197       22.479848       10.298315      
4.83125         1114.7698       744.15963       236.46108       63.743813       27.274403       24.03336        21.661408       10.239221      
4.8375          1114.6237       743.96384       236.75978       63.592271       27.172511       23.691585       20.752552       10.187996      
4.84375         1115.0569       744.53508       238.07064       63.871005       27.049314       23.352199       19.774945       10.13182       
4.85            1115.6282       745.20067       239.31687       64.386238       26.863787       23.012636       18.759324       10.071662      
4.85625         1116.3983       746.1041        241.25558       64.854405       26.633821       22.677087       17.723897       10.016118      
4.8625          1117.0765       746.97285       243.30879       65.109659       26.398086       22.350023       16.688043       9.9632123      
4.86875         1118.1569       748.24366       245.56406       65.091058       26.171002       22.032137       15.676226       9.9122716      
4.875           1118.9728       749.31054       247.79408       65.152218       25.946579       21.714288       14.713154       9.8189544      
4.88125         1120.0122       750.59422       250.1378        65.270051       25.72803        21.39657        13.813507       9.8030744      
4.8875          1120.9992       751.72419       252.26042       65.296897       25.531561       21.097233       12.997431       9.7867557      
4.89375         1122.2568       753.13437       254.52502       65.435209       25.346284       20.804913       12.258452       9.7523472      
4.9             1123.863        754.87171       257.01304       65.64023        25.157524       20.50222        11.589163       9.6901777      
4.9071429       1125.264        756.52228       259.5969        65.353657       25.104287       20.327782       11.209778       9.6648521      
4.9142857       1127.6687       759.04194       263.03939       65.433479       24.832053       19.930717       10.499418       9.587223       
4.9214286       1130.4436       761.91505       266.73841       65.765508       24.644734       19.599434       10.040974       9.5404478      
4.9285714       1132.7243       764.37742       270.20033       65.856785       24.452568       19.204628       9.6381014       9.4802535      
4.9357143       1135.1734       766.9641        273.5822        65.90886        24.25971        18.759862       9.3111157       9.4166593      
4.9428571       1138.2959       770.12635       277.1372        66.113093       24.081361       18.274383       9.0457069       9.3586808      
4.95            1141.767        773.6055        280.85993       66.567183       23.900295       17.73641        8.8487699       9.3005715      
4.9571429       1145.5098       777.32617       284.7089        66.912808       23.731608       17.160005       8.7206294       9.2455344      
4.9642857       1149.5959       781.36313       288.79623       66.661529       23.579756       16.543372       8.6511925       9.2249704      
4.9714286       1154.1548       785.84176       293.14852       67.22654        23.428294       15.885857       8.6210276       9.1945831      
4.9785714       1158.6447       790.25213       297.57972       68.127588       23.296458       15.212275       8.6363426       9.1499979      
4.9857143       1163.6403       795.12677       302.19264       69.168095       23.153009       14.519766       8.6672333       9.0987019      
4.9928571       1169.0542       800.36681       306.76891       70.276905       22.990333       13.84086        8.722853        9.0557353      
5               1175.0502       806.16348       311.92708       71.558868       22.829404       13.217041       8.8198542       9.036879       
5.0071429       1181.5512       812.41454       317.30218       72.884063       22.658667       12.643173       8.9316541       9.0106912      
5.0142857       1188.5483       819.14791       323.17452       74.241621       22.458685       12.128831       9.0576745       8.9776822      
5.0214286       1196.0811       826.36274       329.22611       75.484021       22.245039       11.689796       9.1944004       8.9465998      
5.0285714       1204.5          834.39249       335.88075       77.154661       22.037794       11.334689       9.3527364       8.9230985      
5.0357143       1213.4682       843.04457       343.41115       79.697562       21.860595       11.075209       9.5360752       8.9228012      
5.0428571       1223.185        852.3865        351.38182       82.628115       21.732961       10.889835       9.7285906       8.9332344      
5.05            1233.6333       862.38461       359.65504       85.682689       21.653431       10.769276       9.9227471       8.9490385      
5.0571429       1244.8035       873.08405       368.4951        89.095962       21.604771       10.718359       10.123417       8.9680469      
5.0642857       1256.7596       884.49889       377.75994       91.777847       21.588219       10.738595       10.33929        8.986921       
5.0714286       1269.6843       896.88236       387.95002       94.394994       21.595768       10.870014       10.579505       9.0357462      
5.0785714       1283.6889       910.37238       399.53657       97.656628       21.629575       11.051205       10.813957       9.1016688      
5.0857143       1298.9258       925.03473       412.02694       101.92292       21.485817       11.320153       11.098395       9.1692198      
5.0928571       1315.1991       940.73302       425.49461       106.41619       21.827782       11.627066       11.409686       9.251743       
5.1             1332.8222       957.76427       440.41896       112.51578       22.101948       11.974158       11.718582       9.3635334      
5.1071429       1351.5655       975.9218        456.26075       119.00919       22.543748       12.355388       12.049416       9.4966177      
5.1142857       1372.0159       995.76042       473.67884       125.79551       23.303661       12.812843       12.412753       9.6633246      
5.1214286       1393.6296       1016.7593       492.25454       132.74726       24.329641       13.343329       12.796919       9.8739121      
5.1285714       1417.1431       1039.6729       512.77648       141.20429       25.785099       13.935781       13.199833       10.098142      
5.1357143       1442.0353       1064.052        534.93285       151.09938       28.075254       14.574248       13.611821       10.326142      
5.1428571       1469.1668       1090.6435       559.18809       163.00294       30.501956       15.396575       14.075825       10.587051      
5.15            1498.4837       1119.4336       585.60471       176.59889       32.94666        16.377668       14.587338       10.862823      
5.1555556       1524.9769       1145.6432       609.80858       192.95889       35.146921       17.144088       14.984658       11.052041      
5.1611111       1549.8296       1170.202        632.79112       208.62561       37.180427       18.190773       15.437665       11.351591      
5.1666667       1575.8556       1196.0674       657.44814       226.66763       38.748218       19.362081       15.904926       11.614914      
5.1722222       1603.7211       1223.7562       684.01009       247.83816       40.458442       20.701861       16.405015       11.88785       
5.1777778       1633.1996       1253.1811       712.62224       272.38041       41.932813       22.170565       16.980433       12.191742      
5.1833333       1664.15         1284.2885       743.28894       300.54955       43.831614       23.734278       17.6105         12.508179      
5.1888889       1696.9746       1317.2816       776.02504       331.82288       45.798521       25.385196       18.307551       12.829212      
5.1944444       1731.3447       1351.9569       810.82077       366.4344        46.286568       27.112845       19.100136       13.182935      
5.2             1767.2136       1388.2835       847.69986       403.73211       45.636266       28.870178       19.983571       13.570434      
5.2045455       1800.685        1422.3036       882.26978       437.97955       45.097308       30.092852       20.769272       13.824758      
5.2090909       1830.8572       1453.1441       914.04403       468.70415       44.922593       31.467558       21.724692       14.16812       
5.2136364       1864.0937       1486.7143       947.8478        499.92352       44.438474       32.957526       22.597208       14.53769       
5.2181818       1896.5255       1519.7341       981.66767       531.31659       43.957091       34.491012       23.588086       14.972469      
5.2227273       1928.9811       1552.9235       1015.6926       562.30648       43.038644       35.897312       24.581853       15.409522      
5.2272727       1963.5416       1588.0308       1051.3579       594.40951       41.530773       37.273248       25.610073       15.887078      
5.2318182       1997.6471       1622.9164       1087.025        626.23277       40.314701       38.521356       26.601373       16.385819      
5.2363636       2033.5919       1659.5645       1124.2747       658.99221       39.124917       39.864932       27.703391       16.953126      
5.2409091       2066.0949       1693.1822       1159.3322       690.36222       36.625277       40.94663        28.723464       17.484408      
5.2454545       2102.8139       1730.6864       1197.4737       723.10862       34.682619       42.401603       30.124462       18.110347      
5.25            2138.4959       1767.4099       1235.3047       756.01453       33.011962       43.825017       31.530135       18.682106      
5.2538462       2168.2327       1798.292        1267.7588       784.04089       32.953184       44.727863       32.520887       19.290536      
5.2576923       2198.7837       1829.8018       1300.3662       812.06795       34.434512       46.002839       33.811543       20.058586      
5.2615385       2227.6483       1859.7268       1331.9462       840.44994       37.006525       46.891367       35.045177       20.810268      
5.2653846       2256.9714       1890.1754       1364.2069       869.9317        39.068079       48.105124       36.403849       21.673345      
5.2692308       2286.0085       1920.4284       1396.5498       899.78035       40.595192       49.310812       37.692355       22.497971      
5.2730769       2314.662        1950.3993       1428.9271       929.85489       41.595399       50.658608       39.047416       23.364492      
5.2769231       2343.076        1980.1912       1461.2792       959.95664       42.281047       52.069911       40.331525       24.156761      
5.2807692       2371.1912       2009.7419       1493.5538       990.04381       42.677462       53.983274       41.804029       24.959028      
5.2846154       2398.955        2038.9758       1525.6056       1019.7762       40.929651       56.098472       43.12147        25.835702      
5.2884615       2426.0683       2067.6395       1557.2056       1049.1134       38.003681       58.227972       44.618226       26.989917      
5.2923077       2451.8862       2094.9891       1587.71         1077.6643       35.210698       60.630042       45.888481       29.078895      
5.2961538       2477.3018       2121.9775       1617.7668       1105.6173       31.084432       63.846301       47.413676       30.309464      
5.3             2501.7236       2147.9396       1646.9854       1132.9432       27.263971       67.294568       49.100683       31.334199      
5.3035714       2523.9016       2171.703        1674.2848       1158.926        25.101801       70.608008       51.24674        32.226229      
5.3071429       2545.185        2194.5047       1700.3846       1183.8276       23.242525       75.441528       54.857227       33.429831      
5.3107143       2564.5148       2215.4606       1724.8795       1207.8114       21.422095       81.102745       57.494583       34.658338      
5.3142857       2583.5965       2236.4005       1749.5321       1232.2001       20.2011         87.815471       60.056443       35.719546      
5.3178571       2601.1158       2255.4599       1772.4024       1255.2088       17.788954       93.679179       61.542512       36.802961      
5.3214286       2619.3622       2275.4124       1796.171        1279.0203       15.61468        100.11183       63.346956       38.190754      
5.325           2635.7739       2293.4086       1818.0936       1301.4927       14.486598       106.48785       65.572676       39.683097      
5.3285714       2651.1412       2310.4459       1839.0393       1322.8995       11.550463       114.4115        69.234774       41.005713      
5.3321429       2665.8793       2326.7662       1859.1666       1343.549        10.165812       123.66886       74.190387       42.396765      
5.3357143       2679.5029       2342.0062       1878.2882       1363.4416       8.7619248       135.31916       77.267011       44.226372      
5.3392857       2692.1623       2356.2452       1896.3372       1382.3156       7.1119066       150.45872       78.439521       46.154681      
5.3428571       2703.9002       2369.5402       1913.3816       1400.3521       6.585671        167.55605       81.343107       47.843581      
5.3464286       2714.3338       2381.5054       1929.0027       1416.993        5.6606153       184.99481       86.851486       49.460168      
5.35            2723.9735       2392.64         1943.6414       1432.7203       5.2377256       202.29227       93.427982       50.940476      
5.3533333       2732.881        2403.1629       1957.4353       1447.0566       3.2299671       209.97427       101.0274        52.306044      
5.3566667       2739.6666       2411.4415       1968.6793       1459.2092       1.7462532       214.05582       108.77403       53.854997      
5.36            2745.6537       2419.2196       1979.3536       1471.0185       1.5270945       221.45157       113.61003       55.408987      
5.3633333       2752.2046       2425.8458       1989.0301       1482.0562       1.9148994       227.19613       122.37482       57.752818      
5.3666667       2757.8948       2432.0597       1998.2408       1492.7242       2.2039032       231.85157       135.9738        60.564951      
5.37            2762.9708       2438.1892       2007.2681       1503.4247       4.3726578       233.78558       152.24498       64.020804      
5.3733333       2767.3241       2443.685        2015.6803       1513.8873       8.4214679       241.07505       158.51774       66.865937      
5.3766667       2770.8732       2448.3077       2023.0399       1523.2136       11.022152       246.25961       167.25003       70.262421      
5.38            2773.5161       2451.9624       2029.3202       1531.5144       13.025112       250.55592       189.39475       74.247079      
5.3833333       2775.9383       2455.3361       2035.244        1539.59         15.822289       255.17347       225.23221       78.941013      
5.3866667       2778.2254       2458.5421       2041.0085       1547.7231       20.044067       262.94405       288.06734       83.455629      
5.39            2779.8527       2461.0897       2046.2859       1555.9282       27.278361       274.62966       349.36205       89.039474      
5.3933333       2781.2039       2463.2869       2051.0315       1563.5087       33.697127       282.25719       388.17682       97.323017      
5.3966667       2781.601        2464.4639       2054.7383       1570.2566       40.873944       291.78333       413.97091       98.575413      
5.4             2781.9733       2465.3654       2058.1157       1576.705        48.62127        302.73896       447.09741       108.11808      
5.4035714       2781.1873       2465.0055       2060.0955       1582.364        57.842257       315.74433       466.21851       112.80157      
5.4071429       2779.2949       2464.8465       2061.8384       1587.3751       64.415603       323.82691       476.2009        112.40568      
5.4107143       2777.8385       2464.2775       2063.4288       1592.4875       73.621689       336.56529       495.80476       119.32763      
5.4142857       2775.9944       2463.0873       2064.3879       1597.1266       84.121454       349.17393       509.8486        129.36886      
5.4178571       2773.1166       2460.8411       2064.187        1600.7068       94.818374       360.98185       523.2699        148.8786       
5.4214286       2770.487        2458.8493       2064.0551       1604.3548       106.99067       374.85166       539.87785       150.4362       
5.425           2766.6647       2455.8568       2062.6662       1606.7257       118.19022       386.02667       550.52701       193.47151      
5.4285714       2762.2034       2452.8551       2060.5328       1608.5007       130.41268       399.13967       564.46756       303.49805      
5.4316327       2759.7364       2449.5984       2060.1788       1610.9891       140.7021        407.99578       572.32143       370.85076      
5.4346939       2756.4512       2446.3263       2058.4056       1612.5489       154.59518       419.67994       581.16489       436.0115       
5.4377551       2751.6555       2441.6991       2054.9871       1612.5506       167.14664       429.91643       588.08323       477.27577      
5.4408163       2746.1553       2436.1009       2050.5014       1611.3631       178.15925       439.51797       592.89693       498.71904      
5.4438776       2740.4634       2430.2337       2045.6507       1609.7635       188.47395       448.43307       596.32042       508.41286      
5.4469388       2734.8277       2424.5845       2040.9336       1608.2981       198.79779       456.7878        598.43797       510.1763       
5.45            2729.167        2419.0865       2036.2696       1606.99         209.85655       465.51596       600.93349       511.68289      
5.4533333       2722.3455       2412.1235       2029.8247       1604.4416       221.45822       475.05245       602.35252       505.64404      
5.4566667       2714.8652       2404.8572       2023.0432       1601.2937       230.94216       483.40983       604.80536       505.94594      
5.46            2707.2288       2396.8107       2016.3535       1598.0956       240.61399       492.0136        608.81161       512.6126       
5.4633333       2699.3145       2388.9279       2009.2345       1594.4749       250.89099       501.0253        613.63331       521.20889      
5.4666667       2692.0378       2381.4956       2002.406        1591.0866       261.91392       510.58641       619.43069       531.70886      
5.47            2683.8866       2372.9981       1994.3836       1586.3356       272.19117       519.77619       625.231         541.80035      
5.4733333       2675.1527       2364.3195       1985.8062       1580.7472       281.28267       527.49802       629.94112       548.30652      
5.4766667       2666.3764       2355.598        1977.5203       1576.0221       293.64184       538.32968       636.86291       555.6961       
5.48            2657.679        2346.398        1969.1629       1571.0241       305.79358       548.7883        643.54229       562.0404       
5.4833333       2648.9873       2337.7188       1959.7769       1564.8966       316.14742       557.39837       648.70831       564.97348      
5.4866667       2640.1742       2328.6134       1950.656        1558.7956       326.60819       566.19177       654.33224       568.70968      
5.49            2630.7746       2318.8819       1940.9825       1552.0806       336.9536        575.04478       660.3719        573.08199      
5.4933333       2621.4456       2309.2167       1931.3018       1545.2558       347.27757       584.1406        666.75128       577.54076      
5.4966667       2612.3064       2299.7556       1921.5281       1538.1679       357.2813        592.76459       673.39118       582.51233      
5.5             2602.5471       2289.112        1910.943        1530.3811       366.92359       601.19195       679.7624        586.94652      
5.5033333       2592.6546       2278.7713       1900.3714       1522.4998       376.64815       609.6673        686.31574       591.49502      
5.5066667       2582.9798       2268.7532       1889.7288       1514.606        386.29647       617.95455       692.75243       595.67774      
5.5102778       2572.6377       2257.5093       1878.5874       1505.9119       397.6083        627.78732       700.23143       600.60381      
5.51425         2559.8659       2243.9227       1864.6725       1495.1173       408.53469       638.19095       708.19357       606.15847      
5.5182222       2548.3731       2231.8527       1852.1156       1485.2744       417.0242        646.70068       715.97937       613.03145      
5.5221944       2536.2601       2219.2052       1839.0552       1475.0006       426.27305       655.58924       724.11249       621.20434      
5.5261667       2524.7481       2207.0576       1826.2378       1464.5599       435.70773       664.04484       731.92348       628.83955      
5.5301389       2513.0598       2194.6962       1813.1965       1453.7896       444.82355       671.53151       738.62214       634.16788      
5.5341111       2501.4878       2182.4307       1800.3872       1442.985        453.92628       678.95195       745.74301       641.36307      
5.5380833       2489.5977       2169.8203       1788.1644       1432.1026       463.07916       686.12081       752.45677       647.85112      
5.5420556       2478.5928       2158.1973       1773.7726       1421.1691       472.06439       692.95841       758.79852       653.31238      
5.5460278       2467.0372       2145.9175       1760.2381       1410.0213       480.36667       699.10795       764.63692       658.06413      
5.55            2455.6814       2133.774        1747.1152       1398.7309       487.95992       704.58064       769.98061       661.85656      
5.5535714       2445.3309       2122.9521       1735.5563       1388.5233       492.86176       708.23053       774.78584       667.43833      
5.5571429       2436.3828       2113.3604       1724.7643       1379.0785       500.78792       713.06574       779.97814       672.67135      
5.5607143       2426.1667       2102.4359       1712.9297       1368.6683       508.30046       718.09367       784.99102       677.72105      
5.5642857       2416.3121       2091.8274       1701.384        1358.3742       514.64126       722.19407       789.56345       682.63601      
5.5678571       2406.6429       2081.4338       1690.1552       1348.4884       520.76751       726.12855       794.1075        687.93565      
5.5714286       2397.3338       2071.3633       1679.1587       1338.6558       526.49788       729.87931       798.68775       693.764        
5.575           2388.0027       2061.3192       1668.1911       1328.7961       531.68994       733.11421       802.87975       699.28535      
5.5785714       2378.3591       2051.3041       1657.2595       1318.8118       535.7863        735.46916       806.26309       703.35663      
5.5821429       2369.1712       2041.5434       1646.6237       1309.1719       540.0443        737.6457        809.07637       706.12659      
5.5857143       2359.8032       2031.9657       1636.2044       1299.6502       544.47501       739.92299       811.96446       708.53786      
5.5892857       2351.0583       2022.6172       1626.0142       1290.1991       548.51845       741.85577       815.40066       713.95091      
5.5928571       2342.4501       2013.2149       1616.5698       1280.9845       552.30609       743.56067       818.45914       718.67496      
5.5964286       2333.9627       2004.0697       1605.8379       1272.1334       555.89421       745.05281       821.30186       723.609        
5.6             2325.6134       1995.1162       1595.8732       1263.0531       559.1366        746.35013       823.68981       728.0046       
5.6035714       2317.3414       1986.2814       1586.1727       1254.0511       562.06858       747.17865       825.78275       732.53695      
5.6071429       2309.0637       1977.5101       1576.5891       1245.1324       564.67609       747.55017       827.41606       736.51265      
5.6107143       2301.0949       1968.9014       1567.1722       1236.3506       567.01474       747.57223       828.54733       739.80715      
5.6142857       2293.7562       1960.5563       1557.9209       1227.7023       569.13689       747.34704       829.47319       743.29478      
5.6178571       2286.1604       1952.2509       1548.7783       1219.1538       571.00881       746.82228       830.0103        746.65193      
5.6214286       2278.3805       1943.9545       1539.7035       1210.6556       572.60449       745.95332       830.12407       749.42012      
5.625           2270.7379       1935.8007       1530.8232       1202.3231       573.99879       744.80499       829.83621       751.71997      
5.6285714       2263.1088       1927.6295       1521.9877       1194.014        575.09372       743.30532       829.05572       753.45825      
5.6321429       2255.9118       1919.8233       1513.4782       1185.9399       576.05141       741.59655       827.91109       754.94514      
5.6357143       2248.8324       1912.2417       1504.7477       1177.8567       576.77076       739.58598       826.28224       755.7602       
5.6392857       2241.7416       1904.5948       1496.3738       1169.9818       577.28794       737.27818       824.19711       756.18581      
5.6428571       2234.6418       1897.0021       1488.119        1162.2014       577.65812       734.78937       821.7576        756.12061      
5.6464286       2227.659        1889.4818       1479.8813       1154.4506       577.74254       731.90099       818.55264       754.87069      
5.65            2221.0497       1882.3267       1471.9508       1146.9354       577.75284       728.91941       815.08118       753.25947      
5.6538462       2213.9108       1874.2358       1463.0198       1138.6831       578.12745       725.6529        810.70507       750.35668      
5.6576923       2206.4701       1866.4129       1454.2922       1130.4944       576.95441       721.51115       805.95133       747.94095      
5.6615385       2199.5657       1858.9677       1445.8952       1122.6453       575.6815        717.11149       800.73141       744.73308      
5.6653846       2192.9347       1851.7913       1437.797        1115.2224       574.62064       712.56699       795.01956       740.73954      
5.6692308       2186.6694       1845.0102       1430.583        1107.3143       573.45389       707.8734        788.86906       736.0296       
5.6730769       2180.3307       1838.145        1423.3573       1098.9817       571.81573       702.65165       782.1429        730.8075       
5.6769231       2174.0811       1831.3518       1415.9819       1091.2379       570.31723       697.23568       774.87293       724.94001      
5.6807692       2167.4192       1824.1698       1408.0082       1083.7441       568.68407       691.61591       767.18577       718.58524      
5.6846154       2161.0631       1817.2819       1400.2598       1076.4393       566.94246       685.81949       759.04947       711.65944      
5.6884615       2155.0483       1810.7468       1392.9787       1069.3016       565.12357       679.90749       750.57442       704.27741      
5.6923077       2149.4818       1804.6022       1385.7631       1062.6336       563.3192        673.93716       741.69226       696.01811      
5.6961538       2144.0457       1798.6391       1378.8967       1055.8855       561.52934       668.14135       732.97723       687.86401      
5.7             2138.814        1792.9001       1372.2333       1049.2451       559.78567       662.37546       724.16889       679.67401      
5.7038462       2133.2262       1786.8181       1365.3161       1042.3983       557.78222       656.63533       715.42788       671.58685      
5.7076923       2127.9098       1781.0061       1358.6377       1035.6809       555.53003       650.52983       706.20661       663.04265      
5.7115385       2122.8032       1775.3866       1352.0738       1029.0124       553.53824       644.62541       696.62314       654.2338       
5.7153846       2117.9157       1770.0048       1345.7841       1022.6391       551.87773       639.64579       687.97073       645.08873      
5.7192308       2113.1572       1764.7831       1339.7015       1016.4582       550.22777       634.84258       679.48184       635.9636       
5.7230769       2108.4969       1759.7024       1333.8352       1010.547        548.82864       630.43379       671.52548       627.3726       
5.7269231       2104.207        1755.073        1328.5261       1005.1834       547.91173       626.42898       663.83863       618.68339      
5.7307692       2099.7999       1750.3666       1323.1197       999.6634        547.03255       622.80334       656.64541       610.32696      
5.7346154       2096.1473       1746.0632       1317.9932       994.37885       546.27772       619.35637       649.62587       601.93153      
5.7384615       2092.9519       1742.1172       1313.1216       989.30742       545.68441       616.18879       642.94502       593.70755      
5.7423077       2089.5277       1738.1347       1308.2194       984.16649       545.06335       613.15571       636.48412       585.59362      
5.7461538       2085.8624       1734.0841       1303.378        979.19738       544.52954       610.29506       630.2435        577.39656      
5.75            2082.2931       1730.2173       1299.1127       974.31464       544.2462        607.6623        624.28503       569.36004      
5.7541667       2078.5975       1726.0454       1294.2295       968.92859       543.93247       604.75928       617.88498       560.4754       
5.7583333       2074.8395       1721.8851       1289.4775       964.07541       543.32187       602.11529       611.9636        551.89102      
5.7625          2071.5381       1718.1855       1284.8912       958.80459       542.07713       599.46314       606.33194       543.65602      
5.7666667       2068.3479       1714.6346       1280.204        952.60579       540.62268       596.76013       600.823         535.4544       
5.7708333       2065.2138       1711.0859       1275.7728       947.40469       539.72035       594.36191       595.69636       527.45171      
5.775           2061.9478       1707.3873       1271.0072       943.95472       539.30527       591.88999       590.43432       518.9286       
5.7791667       2058.9751       1704.0294       1266.874        940.06064       538.69601       589.64171       585.67411       510.96463      
5.7833333       2056.2938       1700.9692       1263.08         935.74631       537.79028       587.23792       580.84727       502.71116      
5.7875          2053.503        1697.8139       1259.1808       931.29708       536.72796       584.77909       576.1022        494.44828      
5.7916667       2051.0272       1694.9745       1255.5645       927.11784       535.79351       582.44965       571.61646       486.5742       
5.7958333       2048.5775       1692.1708       1251.9795       922.95148       534.6824        580.04489       567.27823       478.87616      
5.8             2046.2354       1689.4783       1248.4865       918.77599       533.15264       577.51804       563.00422       471.26363      
5.8041667       2044.0041       1686.9141       1245.1628       914.81547       531.86674       575.0643        559.0241        464.06206      
5.8083333       2041.8903       1684.4787       1241.9852       910.98715       530.50584       572.50901       555.03785       456.97218      
5.8125          2039.8884       1682.1639       1238.938        907.26878       529.04511       569.88016       551.22461       450.40815      
5.8166667       2037.9949       1679.9669       1236.0183       903.65085       527.45759       567.15769       547.51236       444.19292      
5.8208333       2036.1987       1677.8719       1233.1951       900.06589       525.52099       564.30031       543.91072       438.40891      
5.825           2034.5152       1675.9053       1230.5394       896.70008       523.82763       561.40608       540.38201       432.93287      
5.8291667       2032.95         1674.0676       1228.023        893.43199       521.94961       558.40026       536.8889        427.7157       
5.8333333       2031.4935       1672.3499       1225.6373       890.25181       519.91956       555.26839       533.39271       422.73039      
5.8375          2030.0739       1670.6714       1223.2826       887.06047       517.73874       551.99252       529.82943       417.92725      
5.8416667       2028.7739       1669.1249       1221.0823       884.00436       515.46544       548.61043       526.24449       413.35483      
5.8458333       2027.5888       1667.708        1219.0502       881.13585       513.14202       545.15167       522.64657       408.96631      
5.85            2026.444        1666.3623       1217.1643       878.45863       510.79568       541.63003       519.02564       404.74569      
5.8545455       2025.6964       1665.2732       1215.2841       876.12216       508.17454       537.47889       514.79636       400.23531      
5.8590909       2024.432        1663.8014       1213.2292       873.3245        505.25726       533.38089       510.72532       395.91957      
5.8636364       2023.6282       1662.7992       1211.6652       870.9491        502.38313       529.23715       506.58527       391.92307      
5.8681818       2022.7539       1661.7644       1210.1684       868.71997       499.48685       524.96653       502.26605       387.96679      
5.8727273       2022.3199       1661.1434       1208.9963       866.69512       496.56549       520.6673        497.90237       384.22206      
5.8772727       2021.7748       1660.4536       1207.8686       864.83583       493.68145       516.35067       493.43208       380.48701      
5.8818182       2021.3193       1659.8462       1206.7959       862.97235       490.7079        511.97249       488.77098       376.81716      
5.8863636       2020.8936       1659.2775       1205.7465       861.10932       487.56978       507.36251       483.77481       373.22521      
5.8909091       2020.4476       1658.7162       1204.7946       859.43677       484.47712       502.79688       478.76146       369.68418      
5.8954545       2020.2679       1658.4204       1204.0946       857.99998       481.42109       498.28808       473.78634       366.34178      
5.9             2020.0427       1658.1005       1203.4311       856.66163       478.4049        493.89499       468.85504       363.06075      
5.9045455       2019.9876       1657.9489       1202.9409       855.50357       475.38333       489.47905       463.85599       359.78308      
5.9090909       2019.917        1657.792        1202.4477       854.4995        472.35611       484.97967       458.77625       356.48451      
5.9136364       2019.969        1657.7721       1202.1518       853.59838       469.28189       480.48192       453.71506       353.13487      
5.9181818       2020.1165       1657.8573       1201.9965       852.83937       466.31554       476.21193       448.78919       349.77622      
5.9227273       2020.3222       1658.0139       1201.9451       852.20742       463.40106       472.06613       443.94685       346.46207      
5.9272727       2020.5653       1658.2227       1201.9861       851.70392       460.55887       468.08145       439.20037       343.1499       
5.9318182       2020.8969       1658.5271       1202.1466       851.34178       457.78266       464.21685       434.50971       339.84416      
5.9363636       2021.2708       1658.883        1202.3873       851.09007       455.07691       460.48926       429.89111       336.52092      
5.9409091       2021.7238       1659.3245       1202.7357       850.96788       452.44056       456.8902        425.35253       333.20279      
5.9454545       2022.1916       1659.7911       1203.1411       850.9377        449.86427       453.41326       420.88039       329.81921      
5.95            2022.7563       1660.3601       1203.6654       851.03806       447.35456       450.05735       416.48655       326.40541      
5.9545455       2023.3208       1660.9377       1204.2325       851.22413       444.91333       446.82373       412.17464       322.9346       
5.9590909       2023.9911       1661.6259       1204.9262       851.55103       442.55727       443.72351       407.96628       319.44478      
5.9636364       2024.6327       1662.2883       1205.6063       851.88282       440.11944       440.71605       403.85875       315.90991      
5.9681818       2025.2934       1662.9678       1206.2912       852.15359       437.64513       437.81396       399.8646        312.35837      
5.9727273       2026.0102       1663.7186       1207.1133       852.68135       435.43393       435.08693       395.99825       308.78942      
5.9772727       2026.8116       1664.5647       1208.0562       853.33378       433.31513       432.5015        392.26989       305.22569      
5.9818182       2027.6068       1665.4046       1209.0068       854.0196        431.22771       430.02672       388.66376       301.62605      
5.9863636       2028.4215       1666.2697       1209.9967       854.73126       429.04092       427.64695       385.19258       298.03317      
5.9909091       2029.2864       1667.1887       1211.0671       855.57697       427.06436       425.42233       381.87203       294.45351      
5.9954545       2030.2003       1668.162        1212.2142       856.53275       425.22511       423.34244       378.71844       290.94893      
6               2031.1049       1669.1298       1213.3753       857.52282       423.40009       421.37771       375.72993       287.50984      
6.0045455       2032.0438       1670.1334       1214.582        858.56449       421.60836       419.52118       372.89051       284.16963      
6.0090909       2032.9893       1671.146        1215.8141       859.65147       419.8642        417.75938       370.16053       280.84594      
6.0136364       2033.9739       1672.1989       1217.0971       860.80025       418.17744       416.09977       367.56837       277.63888      
6.0181818       2034.9902       1673.2837       1218.418        861.99225       416.55172       414.55849       365.18382       274.76667      
6.0227273       2035.9859       1674.3509       1219.7384       863.18902       414.9808        413.11958       362.95925       272.06411      
6.0272727       2036.9727       1675.4121       1221.0697       864.38366       413.46539       411.77725       360.88979       269.64124      
6.0318182       2037.9856       1676.4998       1222.4395       865.56718       412.00522       410.52511       358.96302       267.4389       
6.0363636       2039.0112       1677.6044       1223.8558       866.68667       410.60642       409.36012       357.17383       265.47694      
6.0409091       2039.9833       1678.6507       1225.1607       868.13477       409.2765        408.28183       355.51616       263.71776      
6.0454545       2040.9131       1679.6425       1226.3567       869.75879       407.99942       407.28548       353.99082       262.23271      
6.05            2041.8661       1680.6596       1227.5953       871.65361       406.80318       406.36946       352.59041       260.98135      
6.055           2043.0123       1681.8022       1228.9351       873.66189       405.82352       405.36901       351.01201       259.58377      
6.06            2043.8893       1682.7573       1230.2871       875.30534       404.43905       404.56313       349.80493       258.70557      
6.065           2044.9445       1683.8965       1231.8308       876.99897       403.1694        403.8282        348.70853       258.02914      
6.07            2046.0907       1685.1251       1233.4489       878.72409       402.00185       403.16305       347.72256       257.52513      
6.075           2047.1321       1686.2529       1234.9737       880.40305       400.92934       402.56571       346.84294       257.15014      
6.08            2048.0941       1687.2948       1236.4028       882.02707       399.93989       402.03743       346.07701       256.90841      
6.085           2048.9539       1688.2363       1237.7432       883.6082        399.02349       401.57783       345.4168        256.70287      
6.09            2049.7122       1689.0723       1238.979        885.12462       398.17424       401.18113       344.85994       256.52655      
6.095           2050.5587       1689.9806       1240.25         886.65358       397.24827       400.81722       344.39574       256.34774      
6.1             2051.2936       1690.7792       1241.4255       888.12533       396.30776       400.4915        344.01788       256.1658       
6.105           2051.9749       1691.5216       1242.551        889.58804       395.57541       400.2669        343.74357       255.96731      
6.11            2052.7293       1692.3259       1243.7156       891.08493       394.91642       400.09593       343.55897       255.73445      
6.115           2053.3468       1692.9931       1244.7547       892.49604       394.23186       399.95771       343.45736       255.49133      
6.12            2054.0987       1693.7785       1245.8719       893.95767       393.53509       399.8463        343.43067       255.2622       
6.125           2054.6615       1694.3801       1246.8366       895.34617       393.16216       399.82385       343.47903       255.04408      
6.13            2055.0173       1694.7763       1247.6136       896.59893       392.80479       399.81692       343.58893       254.90586      
6.135           2055.3145       1695.104        1248.306        897.76873       392.45097       399.81436       343.74289       254.87958      
6.14            2055.7952       1695.6          1249.123        899.02227       392.18744       399.8394        343.95477       255.08915      
6.145           2056.091        1695.9106       1249.764        900.13839       391.99709       399.89272       344.22556       255.56558      
6.15            2056.1926       1696.022        1250.2063       901.08997       391.86548       399.97266       344.53173       256.31503      
6.155           2056.1718       1696.0009       1250.4991       901.90083       391.82867       400.06888       344.84655       257.34768      
6.16            2056.1448       1695.9574       1250.7348       902.63978       391.8683        400.17923       345.18063       258.78868      
6.165           2056.1551       1695.961        1250.995        903.37548       392.01535       400.31302       345.55888       260.61797      
6.17            2055.9294       1695.7275       1251.0423       903.96154       392.23121       400.46039       346.00202       262.76348      
6.175           2055.4934       1695.2726       1250.8489       904.33018       392.47019       400.60437       346.51614       265.17019      
6.18            2055.0832       1694.8398       1250.6337       904.62406       392.79577       400.76974       347.09696       267.90049      
6.185           2054.8743       1694.5952       1250.6136       905.10511       393.35324       400.99023       347.72109       270.9463       
6.19            2054.5228       1694.2062       1250.4705       905.54421       394.17456       401.28025       348.39133       274.19809      
6.195           2053.9855       1693.6172       1250.0829       905.73239       395.01365       401.61143       349.12548       277.64715      
6.2             2053.3769       1692.9569       1249.6496       905.96533       395.98261       401.95529       349.87629       281.1634       
6.205           2052.5964       1692.0911       1248.883        905.61867       396.63292       402.19734       350.65476       284.75917      
6.21            2051.6667       1691.0493       1247.8419       904.8309        396.89743       402.37593       351.47432       288.50655      
6.215           2050.5114       1689.8082       1246.7114       904.17995       397.55182       402.65588       352.31729       291.97966      
6.22            2049.4719       1688.6809       1245.707        903.73793       398.65645       403.05741       353.21033       295.50113      
6.225           2048.4499       1687.5639       1244.6902       903.24904       399.57311       403.4583        354.14087       299.33258      
6.23            2047.2054       1686.2035       1243.3453       902.30107       400.64469       403.86474       355.10071       303.21832      
6.235           2045.8105       1684.6909       1241.8462       901.19833       401.93467       404.31097       355.97651       306.01532      
6.24            2044.5281       1683.275        1240.3939       900.06295       403.27017       404.77353       356.86119       308.41635      
6.245           2042.9314       1681.552        1238.6627       898.64369       404.65725       405.28418       357.85454       310.88389      
6.25            2041.5099       1679.9809       1237.0179       897.13998       406.20007       405.84955       358.89173       313.71975      
6.2555556       2039.4827       1677.7459       1234.6075       895.04092       407.98299       406.39463       359.75093       316.47783      
6.2611111       2037.4263       1675.4906       1232.0737       893.18869       409.34569       407.01361       360.85397       320.64616      
6.2666667       2035.3615       1673.2303       1229.5373       891.59549       411.07064       407.71103       361.96428       325.4024       
6.2722222       2033.2452       1670.9229       1227.0174       889.71401       412.9678        408.43867       363.05218       330.70319      
6.2777778       2030.9725       1668.4517       1224.3446       887.18799       414.65994       409.1471        364.09367       336.70811      
6.2833333       2028.6638       1665.9351       1221.5857       884.57574       416.74465       409.98466       365.23471       344.30449      
6.2888889       2026.3067       1663.3527       1218.6992       881.81878       418.89758       410.91495       366.41089       351.82108      
6.2944444       2023.7671       1660.5972       1215.61         878.80745       421.09703       411.9084        367.64374       359.74475      
6.3             2021.0077       1657.6715       1212.368        875.61124       423.27999       412.94198       368.71902       366.66652      
6.3055556       2018.2257       1654.7336       1209.1042       872.33323       425.41948       414.07042       369.95523       375.54537      
6.3111111       2015.0789       1651.3949       1205.4435       868.68777       427.4953        415.32083       371.46269       385.33807      
6.3166667       2012.6113       1648.6699       1202.2241       865.27013       429.51221       416.67153       373.11195       395.1004       
6.3222222       2009.4855       1645.3235       1198.4888       861.43578       431.33866       418.1212        374.87325       405.35742      
6.3277778       2006.8452       1642.4533       1195.168        857.92632       433.90783       419.71017       376.82707       414.54378      
6.3333333       2003.6795       1639.0786       1191.4226       854.074         436.33542       421.34908       378.96283       424.61483      
6.3388889       2000.961        1636.1343       1188.0704       850.48243       438.00075       422.96581       381.05883       435.25308      
6.3444444       1997.6623       1632.6451       1184.2312       846.47623       439.27774       424.59079       383.47462       446.61142      
6.35            1995.0514       1629.7974       1180.868        842.71228       440.42582       426.22482       385.87191       455.99021      
6.3555556       1992.0765       1626.5886       1177.127        838.54723       441.154         427.73986       388.09919       465.08621      
6.3611111       1988.682        1622.9961       1173.1047       834.1886        441.55569       429.27327       390.79886       475.61415      
6.3666667       1985.979        1620.0633       1169.6353       830.22644       441.90135       430.91501       393.59637       486.48678      
6.3722222       1982.88         1616.7843       1165.921        826.10314       441.92297       432.36269       395.8472        497.08523      
6.3777778       1979.9285       1613.631        1162.2891       822.00426       441.6869        433.84113       398.57058       508.46998      
6.3833333       1976.7133       1610.2338       1158.4885       817.80511       441.20495       435.36794       401.77216       520.51182      
6.3888889       1973.8891       1607.2135       1155.0063       813.82749       440.54567       436.89133       405.15207       533.03117      
6.3944444       1970.7996       1603.945        1151.3291       809.70849       439.56948       438.3298        408.64436       545.7946       
6.4             1968.0511       1601.0063       1147.9493       805.81425       438.36859       439.64926       412.33844       558.87473      
6.4055556       1965.1404       1597.961        1144.483        801.88969       436.94306       440.87467       416.20023       572.16423      
6.4111111       1962.3552       1595.0353       1141.1488       798.07704       435.33417       441.93222       419.44966       585.36999      
6.4166667       1959.5742       1592.1009       1137.8262       794.30084       433.53356       442.93215       423.35989       599.06238      
6.4222222       1956.7645       1589.1532       1134.5578       790.61419       431.58322       443.88326       427.53053       613.1063       
6.4277778       1953.9984       1586.266        1131.3638       787.03287       429.50805       444.71932       431.7934        626.69705      
6.4333333       1951.4622       1583.5993       1128.372        783.63588       427.33663       445.43758       436.12429       639.54887      
6.4388889       1948.87         1580.8909       1125.3919       780.31581       425.11321       446.06202       440.50228       650.34198      
6.4444444       1946.4131       1578.3139       1122.542        777.12981       422.88117       446.6798        445.28433       665.42107      
6.45            1943.9869       1575.7757       1119.759        774.06078       420.71657       447.44497       450.81494       682.91106      
6.45625         1940.9016       1572.5738       1116.2805       770.67533       418.34459       447.96391       456.46656       697.02124      
6.4625          1938.3818       1569.9238       1113.3455       767.35598       415.71645       448.67447       462.1817        708.8461       
6.46875         1935.9489       1567.3792       1110.6017       764.3907        413.42409       449.36663       467.46068       718.55743      
6.475           1933.6012       1564.9287       1107.9866       761.62975       411.43178       450.28009       473.1693        730.24228      
6.48125         1931.3402       1562.5718       1105.4745       759.00884       409.65468       451.35136       478.88435       741.06153      
6.4875          1929.1584       1560.2997       1103.0669       756.54581       408.13861       452.50195       484.87103       751.92833      
6.49375         1926.833        1557.8963       1100.5796       754.1297        406.9853        454.07168       491.85153       764.74267      
6.5             1924.8506       1555.8198       1098.3711       751.93902       405.99016       455.86968       499.34314       780.49289      
6.5071429       1922.117        1553.0089       1095.4418       749.46415       405.45181       457.9668        507.08758       782.97646      
6.5142857       1920.0232       1550.8161       1093.1474       747.35503       405.15001       460.5187        515.08866       784.04639      
6.5214286       1918.3561       1549.0395       1091.2698       745.6928        405.71622       463.67494       524.03212       789.35468      
6.5285714       1916.6367       1547.2279       1089.4067       744.13703       406.97344       467.94134       533.88561       792.70834      
6.5357143       1915.1698       1545.6644       1087.778        742.86112       409.13971       472.64933       544.14638       796.04442      
6.5428571       1913.9489       1544.3487       1086.421        741.96648       412.55571       478.67684       555.60924       798.96358      
6.55            1912.8966       1543.2012       1085.2285       741.42817       416.98699       485.41455       567.50727       801.70823      
6.55625         1912.378        1542.5684       1084.5118       740.83854       421.18178       492.06555       578.1355        806.60588      
6.5625          1911.4855       1541.6093       1083.5301       740.40457       426.33495       499.71383       590.83369       806.16765      
6.5678571       1911.0628       1541.129        1083.1166       740.25003       431.72635       506.80056       601.70106       805.42043      
6.5732143       1910.7091       1540.7239       1082.6651       740.32721       437.25723       513.88441       613.52929       800.78304      
6.5785714       1910.4907       1540.4308       1082.2411       740.40354       443.44946       522.34822       625.78495       799.66247      
6.5839286       1910.5727       1540.4195       1082.0603       740.66418       449.60078       530.94442       638.03862       799.62821      
6.5892857       1910.7611       1540.5317       1082.0914       741.32315       457.0165        540.75902       650.57304       799.89752      
6.5946429       1911.0266       1540.7101       1082.1724       742.02204       464.71599       550.90024       663.35505       800.24809      
6.6             1911.435        1541.0155       1082.3398       742.74473       472.56204       561.04618       675.88258       800.81885      
6.6045455       1912.3463       1541.8068       1083.0343       743.42753       479.57933       569.53862       685.48869       801.59451      
6.6090909       1913.1126       1542.5094       1083.6417       744.43395       487.39835       579.23058       698.77145       800.12059      
6.6136364       1913.8684       1543.1928       1084.1893       745.43132       495.56221       589.9996        710.83323       800.17639      
6.6181818       1914.9183       1544.1713       1084.9935       746.89075       504.18028       600.74924       722.99738       801.43989      
6.6227273       1915.9861       1545.1645       1085.879        748.58534       513.33555       612.41571       735.75269       802.79074      
6.6272727       1917.4287       1546.5141       1087.101        750.46674       523.30996       624.48542       748.36454       804.08809      
6.6318182       1918.8815       1547.886        1088.3831       752.39089       533.38955       636.8438        760.91419       805.68318      
6.6363636       1920.538        1549.4501       1089.8426       754.44835       544.00001       650.01539       773.60235       806.96845      
6.6409091       1922.2825       1551.1047       1091.3673       756.48118       554.56713       662.9524        786.16002       808.9838       
6.6454545       1924.3232       1553.0611       1093.2169       758.88214       565.66006       676.16546       798.30874       811.17486      
6.65            1926.5673       1555.2153       1095.2118       761.21441       577.0782        689.74556       808.76356       813.78538      
6.6545455       1928.9665       1557.5239       1097.348        763.67723       588.86939       704.19681       822.40892       815.43999      
6.6590909       1931.5854       1560.0585       1099.7322       766.56105       601.73059       719.50695       835.28039       818.38012      
6.6636364       1934.497        1562.8915       1102.4638       770.05865       615.51272       736.02628       850.61722       824.59725      
6.6681818       1937.6667       1565.9961       1105.4904       773.505         629.84424       753.27716       863.73168       830.54466      
6.6727273       1940.968        1569.2117       1108.4901       776.60888       643.88718       768.98243       877.32466       836.75442      
6.6772727       1944.5945       1572.7994       1112.179        782.15341       657.97036       785.27291       888.46906       841.31766      
6.6818182       1948.5071       1576.6945       1116.1949       788.1473        671.90307       800.39229       899.22642       845.36571      
6.6863636       1952.6029       1580.7351       1120.0417       792.63673       686.52745       815.85838       910.26093       849.79384      
6.6909091       1956.972        1585.0628       1124.1111       797.22757       702.1398        831.08766       920.97997       854.17569      
6.6954545       1961.5172       1589.489        1128.4444       802.15055       718.07882       845.78874       930.84327       858.45072      
6.7             1966.2481       1594.0486       1132.9331       807.00349       732.13378       861.08289       940.27848       863.3441       
6.7045455       1971.1913       1598.9001       1137.6128       811.98774       747.42913       875.83434       951.02311       868.0697       
6.7090909       1976.3318       1603.9954       1142.5398       817.06846       762.10793       889.66776       959.93192       872.36013      
6.7136364       1981.2395       1608.7472       1146.5574       819.47147       779.38824       903.60501       968.31179       876.63427      
6.7181818       1986.9341       1614.4949       1152.7193       827.83449       790.41867       914.7883        975.4562        880.72924      
6.7227273       1993.2078       1620.672        1158.6865       833.95819       803.98548       926.66076       982.49442       885.01165      
6.7272727       1998.8272       1626.3137       1164.1884       839.51011       818.12496       938.28772       989.39851       889.03751      
6.7318182       2005.1269       1632.5663       1170.2363       845.76542       833.24234       951.41407       997.80826       894.29571      
6.7363636       2011.4072       1638.8778       1176.4338       852.23349       846.97253       963.10853       1005.6808       899.55257      
6.7409091       2017.9873       1645.2901       1182.9013       859.01986       860.40238       974.81901       1012.9334       904.85753      
6.7454545       2025.0355       1652.2487       1189.6309       865.05058       875.25062       985.2074        1018.8529       909.39147      
6.75            2032.3398       1659.4694       1196.5572       871.62959       888.30802       994.92722       1024.3244       913.69738      
6.755           2039.6818       1666.893        1204.144        880.03466       903.02142       1007.0692       1031.4947       918.86078      
6.76            2048.0853       1675.2181       1212.4111       887.95937       915.56509       1017.414        1037.5011       923.00421      
6.765           2056.5282       1683.5336       1220.5342       895.4014        927.09886       1025.166        1041.2873       926.53985      
6.77            2064.9082       1691.7095       1228.3161       901.26612       937.6831        1032.7236       1045.2895       930.47648      
6.775           2073.7121       1700.4861       1236.9476       908.88551       948.53415       1041.1479       1049.6851       934.55649      
6.78            2083.5135       1710.4811       1246.2687       916.72434       958.22375       1047.2127       1052.636        937.88044      
6.785           2093.0713       1719.9336       1255.172        924.15122       967.33959       1053.2169       1055.6218       941.28229      
6.79            2101.9942       1728.6689       1263.3569       930.64253       975.03868       1058.3684       1057.9971       944.44006      
6.795           2110.3144       1736.8811       1271.4772       937.38702       982.20611       1062.7719       1059.5566       946.8686       
6.8             2119.9035       1746.3044       1280.3849       944.59646       989.95382       1067.3685       1061.255        949.36304      
6.8055556       2129.6222       1755.9329       1289.297        950.67313       995.20546       1070.8527       1062.5023       951.72925      
6.8111111       2140.3134       1766.2971       1298.6463       957.14834       1001.3726       1073.941        1062.9155       953.28699      
6.8166667       2152.1881       1778.0709       1309.5602       964.97859       1008.1318       1077.2737       1063.3715       954.8064       
6.8222222       2161.3279       1786.9635       1317.0098       969.28552       1012.2696       1079.6527       1063.4636       956.27158      
6.8277778       2171.2609       1796.7625       1325.7135       975.09088       1017.1912       1081.8714       1063.3899       957.49498      
6.8333333       2181.9799       1807.3458       1335.754        981.96513       1023.4749       1084.46         1063.4282       958.64914      
6.8388889       2192.5503       1817.582        1344.444        986.88608       1026.1711       1084.8123       1062.1763       959.05861      
6.8444444       2202.6498       1827.3341       1352.592        991.27647       1028.1232       1084.6744       1060.6944       959.27884      
6.85            2213.1483       1837.5165       1361.2745       996.31216       1030.2366       1084.3053       1058.9969       959.22055      
6.85625         2223.6623       1847.6736       1369.6374       1000.0428       1031.2786       1082.5865       1056.1          958.13304      
6.8625          2233.4432       1857.0836       1377.2618       1003.1855       1031.9053       1080.3978       1052.642        956.33376      
6.86875         2243.9269       1867.0621       1385.1661       1006.5285       1032.0992       1077.8374       1048.9672       954.39525      
6.875           2254.0375       1876.6006       1392.4333       1009.3416       1031.3082       1074.5793       1044.7054       951.82083      
6.88125         2264.6689       1886.6711       1400.1446       1012.8597       1030.4922       1071.056        1040.4913       949.39173      
6.8875          2274.4323       1895.9131       1407.1056       1015.8951       1028.9333       1066.9347       1036.0087       946.66177      
6.89375         2281.0434       1901.9608       1411.0453       1016.239        1025.6291       1061.7844       1031.006        943.53694      
6.9             2289.1608       1909.6908       1416.7634       1018.1062       1022.3247       1056.4098       1025.9012       940.2216       
6.9071429       2298.4994       1918.5909       1423.3238       1019.6735       1017.9342       1049.7855       1019.7993       936.00519      
6.9142857       2307.5922       1927.0517       1429.1283       1021.2798       1013.163        1043.0509       1013.7126       931.54633      
6.9214286       2315.4935       1934.3308       1433.864        1022.8069       1008.4507       1035.8132       1007.1821       926.35355      
6.9285714       2322.3231       1940.5451       1437.5076       1023.68         1002.8146       1028.1727       1000.4801       921.33933      
6.9357143       2328.6416       1946.2773       1440.6615       1024.4845       996.61903       1020.3901       993.72752       916.3889       
6.9428571       2334.0487       1951.1235       1442.9958       1024.8905       990.27686       1012.3909       986.73229       911.13451      
6.95            2339.4765       1956.0021       1445.3474       1025.5646       983.70866       1004.3685       979.72496       905.74798      
6.9571429       2344.1322       1960.1751       1447.1336       1025.9939       976.60047       996.31468       972.69616       900.33227      
6.9642857       2347.7128       1963.2891       1447.9183       1025.8928       969.01907       987.9971        965.29745       894.54422      
6.9714286       2350.5972       1965.7011       1447.913        1025.5807       961.32948       979.78928       957.99877       888.86144      
6.9785714       2352.5139       1967.1996       1446.9741       1024.923        953.20232       971.41952       950.50455       882.9442       
6.9857143       2354.1451       1968.485        1446.4518       1024.7725       945.10193       963.20864       943.10126       877.05444      
6.9928571       2354.6385       1968.7171       1444.9818       1025.2334       936.96392       955.06723       935.70779       871.20236      
7               2355.7097       1969.6804       1445.2595       1022.3152       928.34574       946.79777       928.21781       865.25201      
7.0083333       2356.2196       1970.0589       1444.365        1017.0537       918.52955       937.194         919.38507       858.476        
7.0166667       2355.5269       1969.2369       1442.2824       1013.842        908.49329       927.65679       910.57538       851.10966      
7.025           2353.7789       1967.3082       1438.1756       1010.3529       898.36597       918.02451       901.57343       843.59781      
7.0333333       2351.3018       1964.5805       1432.8438       1007.9799       888.93524       908.66667       892.76603       836.36266      
7.0416667       2348.3711       1961.6227       1428.6238       1005.0705       879.5214        899.29469       883.9869        829.19755      
7.05            2344.31         1957.5512       1423.5194       1001.3894       870.05843       889.89448       875.29326       822.09951      
7.06            2339.2906       1952.5725       1417.0513       995.18052       859.58501       878.96071       864.85685       813.73752      
7.07            2333.6839       1947.1518       1411.6458       992.32631       848.94135       867.98075       854.41844       805.01665      
7.08            2327.1736       1940.7971       1404.7083       988.26816       839.10523       857.22397       844.09251       796.20684      
7.09            2319.9421       1933.7192       1397.0278       982.62018       829.75088       846.57221       833.90561       787.84634      
7.1             2311.589        1925.6928       1388.546        976.44301       820.37413       835.87732       823.61162       779.45303      
7.11            2304.0153       1918.545        1381.7769       971.57909       811.38919       825.26395       813.30587       771.06619      
7.12            2296.3919       1911.3142       1374.8983       966.89512       802.654         814.6306        802.96769       762.60788      
7.13            2287.934        1903.294        1367.4577       961.37703       793.98391       803.98032       792.57952       754.10778      
7.14            2278.5652       1894.3693       1359.6242       955.49456       785.25705       793.24599       782.10433       745.37382      
7.15            2269.5395       1885.8841       1351.6829       949.71468       776.65372       782.54914       771.74353       736.81946      
7.16            2260.9415       1877.8453       1343.6136       941.88455       768.43141       771.99332       761.5511        728.43959      
7.17            2251.8678       1869.3461       1336.8563       935.80822       759.6778        761.20308       751.42064       719.96324      
7.18            2242.0009       1860.0637       1328.8343       930.21625       750.80453       750.39395       741.3755        711.41754      
7.19            2233.0171       1851.6389       1321.2107       925.04962       742.18252       739.8038        731.52657       703.06114      
7.2             2224.0417       1843.2127       1313.8713       919.75589       733.55363       729.41671       721.79618       694.90346      
7.21            2214.4625       1834.2611       1306.3387       914.0743        724.77693       719.04525       712.05167       686.50929      
7.22            2204.8401       1825.2114       1298.7752       908.34848       715.95964       708.69316       702.3115        678.23483      
7.23            2195.8809       1816.85         1291.673        902.9751        707.27363       698.59534       692.49695       670.1056       
7.24            2186.7665       1808.3247       1284.4655       897.58453       698.83831       689.1925        683.31257       662.58112      
7.25            2177.1969       1799.3443       1276.8749       891.86219       690.22263       679.62832       673.9429        654.90029      
7.26            2167.8862       1790.5721       1269.4291       886.35079       681.90786       670.7451        665.21392       647.89027      
7.27            2159.207        1782.356        1262.543        880.76164       673.47299       662.0906        656.67722       641.04951      
7.28            2150.2415       1773.905        1255.5109       874.86106       665.21808       654.05444       648.7127        634.57725      
7.29            2140.9763       1765.2729       1248.1967       868.94037       657.16226       646.47911       641.1331        628.41017      
7.3             2131.9548       1756.8103       1240.9716       863.11228       649.44638       639.42499       634.04354       622.60597      
7.31            2123.082        1748.407        1233.8103       857.22586       641.85068       632.53222       627.26608       616.97705      
7.32            2114.312        1740.0917       1226.6445       851.30491       634.62446       626.17199       621.06398       611.85826      
7.33            2105.5677       1731.7886       1219.3888       845.17582       627.54675       620.09408       615.21087       606.93066      
7.34            2096.8847       1723.4652       1212.2722       839.22272       620.96811       614.45945       609.88287       602.29353      
7.35            2088.4255       1715.3386       1205.2413       833.27653       614.69048       609.13877       604.96544       598.04221      
7.36            2080.0779       1707.305        1198.2199       827.28979       608.77588       604.34154       600.65123       594.33439      
7.37            2072.0137       1699.4458       1191.2492       821.27503       603.18518       600.01561       596.7934        590.85609      
7.38            2063.8461       1691.6924       1184.4566       815.42448       598.03779       596.22838       593.46278       587.70003      
7.39            2055.7394       1684.005        1177.7208       809.64693       593.34607       592.80004       590.63707       584.86843      
7.4             2048.0293       1676.5853       1171.1727       804.01803       589.31148       589.8176        588.55918       582.46862      
7.41            2040.5699       1669.3868       1164.8764       798.55967       585.53869       587.30572       586.96123       580.54205      
7.42            2033.2612       1662.3498       1158.6997       793.22362       582.22112       585.30488       585.6001        578.85257      
7.43            2026.122        1655.4566       1152.6337       788.00371       579.38233       583.85448       584.79322       577.79329      
7.44            2019.2443       1648.802        1146.7799       783.00488       577.14372       582.96742       584.66594       577.11362      
7.45            2012.6556       1642.4331       1141.1994       778.26723       575.31308       582.42696       584.95433       576.62041      
7.46            2006.1513       1636.146        1135.7189       773.54962       573.52677       581.76377       584.83454       575.7069       
7.47            1999.9821       1630.1669       1130.4008       769.09396       572.04369       581.45257       585.19298       575.42146      
7.48            1994.1016       1624.4671       1125.3787       764.89663       571.24108       582.00658       586.49254       575.84455      
7.49            1988.5141       1619.0488       1120.628        760.93981       570.6645        582.91582       588.24172       576.62192      
7.5             1983.1653       1613.8562       1116.0748       757.20593       570.43119       584.10251       590.30472       577.8671       
7.51            1978.1421       1608.9751       1111.8029       753.78082       570.58172       585.68913       592.82564       579.39031      
7.52            1973.4784       1604.4231       1107.8077       750.64122       570.96575       587.59152       595.44785       581.05522      
7.53            1969.0634       1600.131        1104.0627       747.77991       571.50717       589.66943       598.30039       582.56477      
7.54            1964.7784       1595.9924       1100.5082       745.25596       572.32843       592.0531        601.40562       584.2366       
7.55            1960.8649       1592.1874       1097.2339       743.2421        573.32221       594.76805       604.73696       586.05429      
7.56            1957.2582       1588.6328       1093.928        740.11748       574.81726       597.60361       608.25458       587.99624      
7.57            1953.7771       1585.2255       1090.8532       737.39164       576.21148       600.63816       611.86687       590.07742      
7.58            1951.0028       1582.5102       1088.5768       735.03686       577.74176       603.84129       615.55918       592.3619       
7.59            1948.4069       1579.9659       1086.3623       732.7615        579.37706       607.53396       619.34381       594.67383      
7.6             1946.0272       1577.6299       1084.3053       730.64251       581.13442       610.67288       623.1702        597.06794      
7.61            1943.9587       1575.5787       1082.2189       727.56719       583.13932       613.86695       627.00756       599.62031      
7.62            1942.3342       1574.0134       1081.0393       726.40087       584.94127       617.0471        630.77919       602.13772      
7.63            1941.0574       1572.7781       1080.0933       725.19968       586.84959       620.26844       634.63474       604.93498      
7.64            1940.1449       1571.8822       1079.3711       724.02957       588.80376       622.94446       638.1989        607.71669      
7.65            1939.5623       1571.3109       1078.9711       723.25424       590.76874       626.12123       641.56762       610.02418      
7.66            1939.0773       1570.8932       1078.7795       722.69811       592.80173       629.23426       644.62067       612.30125      
7.67            1938.9647       1570.83         1078.8038       722.27125       594.88371       632.30714       648.14855       615.08074      
7.68            1939.2976       1571.1812       1079.2624       722.17127       596.96225       635.13677       651.38996       617.61936      
7.69            1939.7756       1571.5769       1080.0016       722.25245       599.07171       638.14919       654.89415       619.91072      
7.7             1940.701        1572.4776       1080.9638       722.47019       601.1263        640.90459       657.99103       621.81718      
7.71            1942.0354       1573.8452       1082.3004       722.89017       603.10237       643.28317       660.80783       623.78269      
7.72            1943.6586       1575.4432       1083.6633       723.69922       605.08638       645.57625       662.95491       625.57662      
7.73            1945.2739       1577.0201       1085.0992       724.47441       607.29392       647.84411       665.0337        627.05513      
7.74            1947.2714       1578.9722       1086.9524       725.2616        609.44444       649.88683       666.79543       628.44072      
7.75            1949.4545       1581.1367       1088.9739       726.20208       610.94305       651.73472       668.17506       629.47744      
7.76            1951.8286       1583.4535       1091.0623       727.22026       612.32838       653.55136       669.39885       630.35371      
7.77            1954.2256       1585.7615       1093.0576       728.08953       612.849         654.36656       669.86111       630.80184      
7.78            1956.3753       1587.8323       1094.8731       728.82163       613.32088       655.13239       670.16296       631.03112      
7.79            1958.8532       1590.2033       1096.9508       729.78873       614.30342       655.54036       670.18334       631.00653      
7.8             1961.809        1593.1132       1099.486        731.16797       615.41812       656.07705       669.86462       630.90716      
7.81            1964.6233       1595.8879       1101.924        732.51094       616.38063       656.53563       669.34108       630.43483      
7.82            1967.9586       1599.0402       1104.4141       733.88644       617.05579       656.78562       668.28139       629.63158      
7.83            1971.1807       1602.1483       1106.9239       735.31502       617.63268       657.06294       666.8963        628.63969      
7.84            1974.1545       1604.9975       1109.3064       736.69748       617.9591        656.64008       664.94803       627.28705      
7.85            1977.1884       1607.8927       1111.6733       738.07509       618.17489       655.74253       662.96298       626.15489      
7.86            1980.4176       1610.9561       1114.1297       739.51194       618.08369       654.41448       660.27308       624.53539      
7.87            1983.2938       1613.6956       1116.2923       740.90096       617.80478       652.77633       657.43832       622.92042      
7.88            1986.1422       1616.3861       1118.3863       742.39166       617.48064       650.81632       654.45753       621.17035      
7.89            1988.7405       1618.8612       1120.3091       743.86667       617.03061       648.613         651.33788       619.31659      
7.9             1990.9774       1621.026        1121.9712       745.26543       616.21279       646.14542       647.94725       617.30265      
7.91            1993.2735       1623.184        1123.5628       746.71814       614.96255       643.42872       644.40054       615.18304      
7.92            1995.4544       1625.2139       1125.0551       748.08856       613.32901       640.4959        640.72188       613.09368      
7.93            1997.2846       1626.9095       1126.2211       749.32988       612.03432       637.32546       636.95809       610.93557      
7.94            1998.5458       1628.0262       1126.8444       750.17281       610.65968       633.93167       633.06921       608.4911       
7.95            1999.5475       1628.8983       1127.2569       750.85944       609.14302       630.40476       629.15198       606.06566      
7.96            2000.4012       1629.6201       1127.475        750.8089        607.12417       626.79516       625.26411       603.66766      
7.97            2001.3139       1630.4093       1127.8774       751.23165       604.8196        623.22145       621.3701        601.17928      
7.98            2002.1091       1631.0773       1128.1836       751.56928       602.34027       619.50943       617.56452       598.76867      
7.99            2002.4254       1631.3023       1128.0898       751.73325       599.68813       615.62335       613.78233       596.30259      
8               2002.3273       1631.1385       1127.6938       751.79027       596.91765       611.75791       610.02182       593.71512      
