# Probe 0 (0.82450002 0 0.021)
# Probe 1 (0.82450002 0 0.061)
# Probe 2 (0.82450002 0 0.101)
# Probe 3 (0.82450002 0 0.141)
# Probe 4 (0.8035 0 0.161)
# Probe 5 (0.7635 0 0.161)
# Probe 6 (0.7235 0 0.161)
# Probe 7 (0.6835 0 0.161)
# Time          0               1               2               3               4               5               6               7              
0.00011990408   2.5359169       2.5103721       2.4330872       2.3217548       2.0280619       1.8585847       1.7249886       1.5635762      
0.00026365075   3.4511369       3.4164169       3.3016935       3.13753         2.7303749       2.5042503       2.3337854       2.138701       
0.00043634641   0.22312404      0.22263921      0.22112762      0.2174701       0.19995705      0.18793332      0.17511293      0.15860458     
0.00064372571   1.7382763       1.7198422       1.6604046       1.5748133       1.3605739       1.2426087       1.1515698       1.0477388      
0.00089299982   1.1198899       1.1097502       1.0773594       1.0319299       0.91590361      0.85301109      0.80353657      0.74173222     
0.0011924328    0.97231855      0.96227977      0.93014924      0.88302422      0.75712501      0.68781141      0.63494225      0.57598472     
0.0015513119    0.95964341      0.95003562      0.91912717      0.87499876      0.75977749      0.69724445      0.64829312      0.58956546     
0.0019800614    0.98842296      0.97837738      0.9462142       0.89982126      0.77652449      0.7096902       0.65840799      0.59936166     
0.0024964048    1.0072376       0.99714867      0.96462385      0.91790475      0.7941314       0.72730878      0.67544766      0.61448975     
0.0031133346    1.0140055       1.0039856       0.97164608      0.9251967       0.80187844      0.73623965      0.68565018      0.62683592     
0.0038575674    1.0595213       1.048995        1.0148911       0.96576141      0.83373001      0.76288988      0.70814615      0.64433903     
0.0047449219    1.0704609       1.0599798       1.0258545       0.97683575      0.84554009      0.77630809      0.72270386      0.65993872     
0.0057973655    1.0877726       1.0772353       1.0427996       0.99310436      0.857452        0.78595098      0.73092567      0.66717872     
0.007060298     1.1100916       1.0993979       1.0641519       1.0133515       0.87482346      0.80258907      0.74664515      0.68125485     
0.0085938587    1.1336436       1.122813        1.086853        1.0348735       0.89141816      0.81701761      0.75937861      0.6920257      
0.010394126     1.1366975       1.126098        1.0905906       1.039172        0.89556545      0.82240173      0.76593075      0.70025993     
0.012594452     1.1656669       1.1548055       1.1180276       1.0645801       0.91379796      0.83731219      0.77794631      0.70846649     
0.015266277     1.186143        1.175365        1.1384174       1.0845847       0.93097139      0.85464503      0.79553674      0.72659984     
0.018423888     1.2085775       1.1977726       1.1602237       1.1052295       0.94597954      0.86804867      0.80769335      0.7374134      
0.022370902     1.2361363       1.2252793       1.186946        1.130499        0.96472383      0.88517195      0.82347464      0.75162679     
0.026975752     1.2677724       1.2569146       1.2178467       1.1598878       0.98720394      0.90636991      0.84358169      0.77056191     
0.032731814     1.2960452       1.2853176       1.2456406       1.1861668       1.0062077       0.92438955      0.86052965      0.7862427      
0.038487876     1.3121751       1.3016867       1.2618429       1.2013468       1.0149297       0.93313628      0.86902182      0.79437172     
0.044243938     1.3145945       1.3044471       1.2648517       1.2038939       1.013081        0.93259816      0.86910822      0.79507787     
0.05            1.3102467       1.3004937       1.2612496       1.1998419       1.0048832       0.92574988      0.8628304       0.78938378     
0.057142857     1.334286        1.3245234       1.2844132       1.2207927       1.0165515       0.93648922      0.87226645      0.79702879     
0.065714286     1.3745683       1.3648753       1.3237419       1.2573378       1.0424005       0.96248263      0.8974193       0.82113009     
0.077142857     1.4213267       1.4114972       1.3687355       1.2982944       1.0669999       0.98673528      0.92002268      0.84159326     
0.088571429     1.431196        1.4218042       1.3789018       1.3059784       1.0630135       0.98723852      0.92187182      0.844466       
0.1             1.4549374       1.445665        1.4017717       1.3249125       1.0655504       0.9927591       0.92749751      0.84960101     
0.11            1.4492605       1.4405291       1.3969901       1.3179698       1.0490582       0.98330798      0.92072432      0.84534937     
0.12            1.4633267       1.4546167       1.4099219       1.3266867       1.0411561       0.97842298      0.91576368      0.83936731     
0.13            1.4958547       1.487024        1.4406778       1.3524854       1.0503739       0.99203778      0.92991967      0.85334882     
0.14            1.5070322       1.498193        1.4505332       1.3578332       1.0396477       0.98739218      0.92677569      0.85087262     
0.15            1.5158049       1.5068521       1.4576987       1.3601287       1.0251192       0.97964235      0.92101497      0.84642988     
0.16            1.531652        1.522385        1.4710588       1.3676021       1.0131673       0.97419788      0.91716985      0.84344156     
0.17            1.5600401       1.5502032       1.4959948       1.3857147       1.0096673       0.97752475      0.92208472      0.84899194     
0.18            1.6044818       1.5936356       1.5351233       1.4157972       1.012199        0.98504162      0.9296188       0.85555955     
0.19            1.6140032       1.6023322       1.5399185       1.4121439       0.98368097      0.96514262      0.91204322      0.83928189     
0.2             1.6760909       1.6627869       1.5940546       1.4545234       0.99411983      0.98268819      0.9307186       0.8581866      
0.20833333      1.6505319       1.6371967       1.5668989       1.4219996       0.94547135      0.9481897       0.90208614      0.8343504      
0.21666667      1.7320979       1.7162576       1.637272        1.4777382       0.96436768      0.9690093       0.92134028      0.85140134     
0.225           1.7877126       1.7697638       1.6831562       1.5106424       0.96582986      0.97762952      0.93119129      0.86105218     
0.23333333      1.8568311       1.8358877       1.7388062       1.5492897       0.96397024      0.98179907      0.93589726      0.86548938     
0.24166667      1.947073        1.9225892       1.8132928       1.6046602       0.97560571      1.0008166       0.95562263      0.88415764     
0.25            2.0872447       2.0577325       1.9315916       1.6976939       1.0116353       1.0417038       0.99563357      0.92159581     
0.25714286      2.0925364       2.0609626       1.9266917       1.6792243       0.96461284      1.0142378       0.97593511      0.90813732     
0.26428571      2.2580393       2.219728        2.0636157       1.7850013       1.0037094       1.0535707       1.010293        0.936681       
0.27142857      2.3836269       2.3391908       2.1629894       1.8565635       1.0211672       1.0832528       1.0425797       0.96973269     
0.27857143      2.5594843       2.5064803       2.3026911       1.958716        1.0477697       1.1168529       1.075252        0.99975239     
0.28571429      2.7628259       2.6994599       2.4627281       2.0756059       1.0825141       1.162667        1.1216482       1.043938       
0.29285714      2.9905209       2.9144781       2.6378274       2.1998317       1.1129891       1.2067209       1.16727         1.0886682      
0.3             3.2658969       3.1729952       2.8443572       2.3426911       1.1437659       1.2523839       1.214488        1.1343894      
0.30714286      3.5504144       3.4375363       3.0478209       2.4738982       1.1542252       1.2844124       1.2515548       1.1724432      
0.31326531      3.7089646       3.5808991       3.1426789       2.5119634       1.1066675       1.2705628       1.2506016       1.1787002      
0.31938776      4.0953148       3.9380103       3.413794        2.6880277       1.1391645       1.3182611       1.3004541       1.2267631      
0.3255102       4.4721337       4.2825703       3.6641903       2.838505        1.1483577       1.3565168       1.3477457       1.2780084      
0.33040816      4.58991         4.3815047       3.7028452       2.814057        1.0542206       1.3066646       1.3185752       1.2624015      
0.33530612      5.0134779       4.7631265       3.9664017       2.9601252       1.0491576       1.3194545       1.3373944       1.2820415      
0.34020408      5.4199722       5.1270435       4.2097553       3.0878594       1.0376716       1.3405101       1.3712289       1.3228577      
0.34510204      5.9734224       5.6205058       4.5377989       3.2623295       1.0311614       1.3644753       1.4066601       1.3639983      
0.35            6.5130661       6.091915        4.822559        3.3830536       0.97615879      1.3542902       1.4160544       1.3846157      
0.35416667      6.863947        6.3879041       4.9632895       3.3947597       0.88159804      1.3062687       1.393686        1.3778472      
0.35833333      7.6305897       7.0529016       5.3626655       3.5801403       0.85683041      1.3111537       1.4145635       1.4070048      
0.36212121      8.1419969       7.4844421       5.5751742       3.628827        0.78524607      1.2783732       1.4093971       1.418486       
0.36556474      8.7710467       8.0137688       5.837541        3.6982024       0.72211585      1.2328827       1.3900313       1.4147097      
0.36900826      9.5998853       8.7127902       6.1974615       3.8233452       0.67779257      1.1991694       1.3819146       1.4223628      
0.37210744      10.304691       9.2986728       6.4619667       3.8782891       0.62189262      1.16453         1.3712682       1.4277525      
0.37520661      11.36382        10.178022       6.8871516       4.0149087       0.53614078      1.1411717       1.3659581       1.4355663      
0.37796143      12.111971       10.779619       7.1092113       4.0199947       0.42997839      1.0850325       1.3355306       1.4234829      
0.38071625      13.307779       11.746681       7.5330348       4.1368337       0.31615391      1.0453069       1.3168202       1.421318       
0.38312672      14.201405       12.428463       7.7553358       4.1334467       0.24514905      0.97523096      1.2862745       1.4128475      
0.38553719      15.671276       13.578589       8.2423968       4.2872934       0.17110535      0.92874289      1.2731404       1.4193386      
0.38760331      16.602245       14.267371       8.4373975       4.266345        0.13888787      0.87490835      1.2488911       1.4122097      
0.38966942      18.172117       15.470205       8.9118876       4.4009196       0.024596906     0.80224678      1.2131936       1.3978303      
0.39173554      19.577244       16.511397       9.2445391       4.4354131       -0.071710942    0.74356705      1.1857189       1.3862223      
0.39380165      21.386734       17.849992       9.6910375       4.5147834       -0.25494428     0.65300642      1.1330762       1.3639274      
0.39586777      23.418358       19.330541       10.16486        4.5954955       -0.39978748     0.56083629      1.096684        1.3503561      
0.39793388      25.788587       21.027912       10.67492        4.669857        -0.54971816     0.47897977      1.0636554       1.3424162      
0.4             28.692246       23.098762       11.319145       4.807612        -0.71438514     0.39926549      1.0314059       1.3368947      
0.4015625       30.242973       24.096309       11.414164       4.6688589       -0.76980247     0.322533        1.0001551       1.3246869      
0.40307617      33.10181        26.092275       11.998921       4.7921026       -1.0035275      0.19852923      0.93178595      1.2910773      
0.40454254      35.470789       27.702218       12.401689       4.8754393       -1.3502583      0.098363835     0.8907852       1.274832       
0.40596309      38.399483       29.690299       12.899275       4.9223754       -1.5959868      -0.011007084    0.82909984      1.2451805      
0.40733924      41.30597        31.621668       13.319091       4.9185188       -1.8462242      -0.12877453     0.76298997      1.2055742      
0.40867239      44.684652       33.881465       13.864722       4.9753809       -2.095269       -0.25566295     0.69100545      1.1651553      
0.40996388      48.271205       36.261658       14.429387       5.0402508       -2.3111767      -0.37987707     0.62740661      1.1329563      
0.41125537      52.468134       39.034296       15.105648       5.1285081       -2.5505713      -0.49962025     0.5717234       1.1067238      
0.41250519      57.067513       42.079831       15.890801       5.2605987       -2.7556246      -0.6193059      0.52085875      1.0837777      
0.4137147       61.962142       45.247275       16.635739       5.333224        -2.9828664      -0.71511523     0.46172624      1.0613806      
0.41492421      67.606968       48.889051       17.538163       5.4540386       -3.2382318      -0.82194633     0.40701129      1.033052       
0.4160934       73.473362       52.654695       18.451064       5.543701        -3.50302        -0.93250148     0.34871034      1.0049862      
0.41722362      79.988583       56.822246       19.519976       5.6942614       -3.6939752      -1.0951516      0.26241462      0.96222958     
0.41835384      87.33978        61.472203       20.710611       5.8395513       -3.9387385      -1.2502509      0.18427436      0.92151492     
0.41944509      94.769641       66.18394        21.930254       5.9520181       -4.1779355      -1.4068709      0.098205102     0.87621012     
0.42053634      103.54622       71.672874       23.397292       6.0983813       -4.4202292      -1.5569793      0.010432983     0.82837688     
0.42162758      113.08545       77.655887       25.044031       6.274045        -4.646411       -1.704471       -0.070131188    0.78053575     
0.42267841      122.9603        83.867133       26.80613        6.473645        -4.852426       -1.8669827      -0.16224648     0.73470037     
0.42372925      134.60661       91.087145       28.899651       6.761966        -5.0709709      -2.0326454      -0.25631509     0.68562131     
0.42473966      145.98114       98.228219       31.062841       7.0649709       -5.3055788      -2.2276098      -0.3703533      0.62508445     
0.42575007      159.8579        106.76924       33.63096        7.4590712       -5.5243887      -2.4105462      -0.474235       0.57128871     
0.42676049      174.63755       115.90939       36.455216       7.948347        -5.7460765      -2.6033356      -0.59183345     0.50917457     
0.4277709       191.12923       126.02545       39.604813       8.5031803       -5.9843293      -2.804047       -0.71863815     0.44183434     
0.42873738      207.14715       135.99686       42.926606       9.1524561       -6.1877654      -3.0009194      -0.83159157     0.38060531     
0.42970386      226.41608       147.66713       46.697004       9.9302832       -6.402539       -3.2105607      -0.96054417     0.30908649     
0.43067035      246.28887       159.86226       50.673368       10.856213       -6.6358423      -3.4367706      -1.1074133      0.22483969     
0.43163683      268.23384       173.2793        55.00335        11.872074       -6.927493       -3.6321481      -1.2339665      0.14919272     
0.43260331      291.9455        187.85837       59.801573       13.053893       -7.2008425      -3.8550301      -1.3812684      0.060189991    
0.4335698       317.39036       203.39812       64.895809       14.420807       -7.4585051      -4.0809592      -1.5364187      -0.024431976   
0.43448258      339.91245       217.85288       69.864846       16.012238       -7.5957677      -4.3112801      -1.6890232      -0.1053371     
0.43539537      368.97968       235.43705       75.754364       18.372226       -7.8125883      -4.5600659      -1.8636095      -0.19517684    
0.43630816      397.8105        253.13159       81.646393       20.075528       -8.0111893      -4.8267745      -2.0572589      -0.32580832    
0.43722095      429.90718       272.46335       87.776962       21.560469       -8.2063783      -5.0525319      -2.2325969      -0.43403061    
0.43813374      463.8127        292.96442       94.348183       23.160743       -8.2803306      -5.2472263      -2.4004557      -0.55626875    
0.43904653      500.20918       314.624         100.55095       23.872256       -8.581549       -5.4865523      -2.5788558      -0.66044488    
0.43995932      539.95035       338.08185       107.18456       24.071091       -8.7671014      -5.6733684      -2.7326784      -0.76217223    
0.44087211      582.08583       362.49483       113.28113       24.130553       -8.9923148      -5.8759654      -2.8907678      -0.86791975    
0.4415241       578.89425       370.09064       116.33943       25.875531       -8.8130556      -6.0687518      -3.0294231      -0.94815293    
0.44217609      628.40677       394.00156       121.69857       25.944042       -8.9755365      -6.2846119      -3.2131358      -1.050817      
0.44273494      633.66309       403.63707       124.87485       27.404003       -8.8718867      -6.4209289      -3.2524981      -1.0759572     
0.44329379      676.52782       426.26962       131.39262       28.554102       -9.0080331      -6.6302686      -3.4200296      -1.1826966     
0.44385264      700.57282       443.12739       136.3332        29.863953       -9.0469783      -6.7052887      -3.4817771      -1.2325221     
0.4444115       737.49571       465.96384       143.00687       32.444737       -9.1002472      -6.8377048      -3.6009468      -1.3163604     
0.44497035      768.96235       485.0877        148.793         34.266758       -9.2195543      -6.9699619      -3.721816       -1.3789051     
0.4455292       805.50229       506.21737       155.46431       36.697975       -9.3344997      -7.1178347      -3.8533972      -1.4660636     
0.44608805      840.72322       527.60691       162.66632       39.544468       -9.3779157      -7.1860415      -3.9271876      -1.5284724     
0.4466469       879.14684       551.01762       170.59266       42.750806       -9.4480818      -7.2568842      -4.0098286      -1.591241      
0.44720575      922.886         577.96461       178.79139       45.879651       -9.5764766      -7.3461036      -4.0953303      -1.6543003     
0.4477646       969.51794       606.3114        187.88514       52.106583       -9.8076326      -7.471369       -4.19897        -1.720724      
0.44832345      1017.5          633.76481       194.37731       56.283897       -9.9067531      -7.5311946      -4.2739401      -1.7867399     
0.4488823       1067.6829       662.06837       200.90734       60.477658       -10.139744      -7.6935736      -4.422206       -1.8946986     
0.44944115      1119.6722       690.47058       208.20722       67.365622       -10.161641      -7.8345287      -4.5837996      -2.0145437     
0.45            1174.7529       720.33053       217.23615       77.208051       -10.241116      -7.9233513      -4.6834257      -2.0955574     
0.4505102       1208.0326       742.94872       226.58957       80.811952       -10.037921      -8.0808949      -4.837478       -2.2011383     
0.45102041      1277.0425       776.46505       236.62066       87.34134        -9.7458017      -8.0462617      -4.8700839      -2.2528804     
0.45153598      1333.0735       803.88438       241.76294       87.784456       -10.214314      -8.1001155      -4.8912429      -2.2781073     
0.45203051      1399.7932       838.38055       249.43755       90.439706       -10.216935      -8.1313734      -4.918368       -2.3115115     
0.4525302       1470.3073       868.52495       256.63403       90.938004       -10.632324      -8.2797144      -5.0065285      -2.3715941     
0.45302988      1537.8037       899.78851       264.82341       90.95225        -11.193388      -8.5408277      -5.1841991      -2.4968863     
0.45352956      1608.6807       928.48183       269.0071        87.772954       -11.611405      -8.7514165      -5.3227377      -2.5948343     
0.45402393      1681.2837       959.86464       277.79186       89.057615       -11.945705      -9.0426877      -5.509813       -2.7133513     
0.45452367      1767.1848       993.61044       286.90872       88.776498       -12.156405      -9.2928198      -5.6864634      -2.8278592     
0.45502341      1848.481        1024.1502       295.56327       87.840825       -11.732378      -9.2101534      -5.6795159      -2.8427162     
0.45552315      1938.3818       1055.4865       305.61956       87.54741        -11.601238      -9.2612019      -5.7435932      -2.8702809     
0.45602857      2047.0852       1091.1872       317.44946       86.710372       -11.473277      -9.2719188      -5.8094545      -2.9314901     
0.45653986      2165.7541       1124.9918       329.99311       86.221315       -11.667088      -9.455674       -5.9623721      -3.0333248     
0.45705116      2296.7708       1164.3928       341.74933       86.030151       -12.150724      -9.8131738      -6.2457712      -3.2271071     
0.45756245      2448.1456       1212.4593       346.89585       82.193972       -12.754918      -10.260376      -6.5980298      -3.4714532     
0.45807375      2661.4931       1282.6981       364.25264       81.843594       -12.617662      -10.553494      -6.8910011      -3.6774597     
0.45858504      2883.2146       1339.3478       382.72819       81.362804       -11.996007      -10.499276      -6.9459666      -3.7437965     
0.45909634      3070.2242       1380.3598       387.70522       80.188005       -11.581669      -10.652738      -7.1553838      -3.8984657     
0.45960764      3282.0406       1424.3313       393.6724        83.094667       -10.99347       -10.679203      -7.3122327      -4.0492618     
0.46011893      3497.3057       1472.299        400.71206       85.38541        -11.583792      -11.300775      -7.8437226      -4.4013136     
0.46063023      3733.0971       1535.042        411.00756       92.321372       -13.046805      -12.496789      -8.7856312      -4.9966736     
0.46114152      3976.8499       1604.8977       416.77183       105.98916       -12.796853      -12.2679        -8.8018417      -5.1076609     
0.46165282      4225.8458       1674.0794       414.04476       121.40489       -13.369248      -12.462545      -8.9657441      -5.2529916     
0.46216411      4486.9151       1753.9728       414.52113       148.97882       -14.225267      -12.817656      -9.276562       -5.5017008     
0.46267541      4762.9939       1838.4097       409.94708       162.5871        -14.46076       -12.732941      -9.2798979      -5.5786774     
0.46318671      5087.1652       1942.9391       409.19757       191.70379       -15.683723      -13.058871      -9.5290943      -5.7859699     
0.463698        5516.8826       2054.2151       399.33009       205.70605       -18.255423      -13.592492      -9.8308771      -6.0215628     
0.4642093       6022.1135       2185.3012       400.10662       204.77498       -19.864778      -13.853357      -9.9126944      -6.1009177     
0.464728        6642.4125       2324.7171       394.37615       203.35277       -20.905275      -14.044779      -10.032999      -6.2157054     
0.46524671      7566.1792       2494.188        383.42136       199.03381       -24.464473      -14.707793      -10.325335      -6.4081265     
0.46576541      8433.4722       2601.8614       361.06036       191.07          -25.680854      -15.021302      -10.459295      -6.5165868     
0.46628412      9202.268        2717.4977       355.31421       204.80506       -24.457019      -14.813139      -10.412174      -6.5574177     
0.46680283      10194.67        2875.7287       347.51094       203.81253       -24.39942       -14.188114      -10.001451      -6.3858996     
0.46732153      10773.273       3009.9329       330.6956        198.97849       -23.576968      -13.633206      -9.6057972      -6.1520185     
0.4678486       11458.799       3208.0949       325.28564       189.15994       -23.409029      -13.344874      -9.4052602      -6.0731058     
0.46837568      12093.847       3427.0743       315.91792       180.2776        -23.105882      -13.242086      -9.3083662      -6.0251216     
0.46890275      13030.709       3626.493        303.65887       170.26582       -23.320713      -13.401275      -9.3479116      -6.03541       
0.46943891      13816.731       3907.4753       293.58446       163.18317       -22.71193       -13.568746      -9.4785392      -6.1249872     
0.46997507      14242.878       4286.5931       289.15885       158.17847       -22.093235      -13.782758      -9.6496075      -6.2514502     
0.47051123      14477.155       4734.3388       288.2375        154.1927        -20.693807      -13.738366      -9.6987033      -6.3307467     
0.47104739      14510.195       5234.976        274.72734       150.23          -20.115826      -13.793215      -9.8195213      -6.4252795     
0.47159366      14543.002       5831.8574       259.36629       129.33295       -19.841384      -13.839741      -9.9323118      -6.4906091     
0.47213994      14422.418       6357.274        263.04051       117.94128       -19.413972      -13.967748      -10.078977      -6.6033095     
0.47268621      14301.827       6904.8028       282.89791       104.43151       -18.642733      -14.065725      -10.239205      -6.7465557     
0.47324364      14101.66        7485.5615       317.84707       100.74857       -17.640718      -14.051593      -10.401405      -6.9385358     
0.47380106      13879.378       8024.6118       372.04332       102.23125       -16.995893      -14.184815      -10.611762      -7.1098169     
0.47435849      13657.261       8551.205        427.27015       97.143195       -15.968912      -14.223611      -10.800021      -7.2989028     
0.4749283       13403.38        8910.5758       497.02549       89.8136         -15.280313      -14.276887      -10.976369      -7.487671      
0.47549811      12982.619       8899.8058       621.30054       94.583605       -14.801543      -14.989445      -11.642964      -7.9671164     
0.47608149      12571.636       8923.7255       782.5418        97.188943       -14.237483      -15.21358       -12.012388      -8.2790664     
0.47666487      12181.505       8852.1415       1043.4808       104.36614       -13.197756      -14.884554      -12.015338      -8.4437289     
0.47724824      11823.872       8766.6874       1330.995        110.73754       -13.223887      -15.076432      -12.321599      -8.7766059     
0.47784697      11483.88        8669.0954       1692.6378       121.27737       -13.104563      -14.705769      -12.245023      -8.8961812     
0.4784457       11112.8         8448.2073       2149.3142       128.72665       -13.556165      -14.706308      -12.372293      -9.1059369     
0.47906154      10747.258       8178.7766       1942.2196       179.34817       -13.086965      -14.325339      -12.259737      -9.1965198     
0.47967738      10463.288       7966.8372       2069.6657       241.98571       -14.663628      -14.426043      -12.263671      -9.2859935     
0.48031246      10174.862       7740.3567       2111.8445       389.32311       -15.427207      -14.428729      -12.179161      -9.3099088     
0.48094754      9892.3859       7444.5881       2329.4089       575.05131       -16.137582      -14.479027      -12.200569      -9.4121226     
0.48158262      9678.2838       7252.1571       2248.8893       968.01983       -15.640381      -13.873534      -11.856555      -9.3604651     
0.48224039      9466.1036       7068.5334       2433.3178       1207.4945       -17.910193      -13.757148      -11.629542      -9.2724952     
0.48289815      9285.8654       6898.4316       2482.0454       1363.8028       -17.55426       -12.9465        -11.102206      -9.0559668     
0.48358223      9119.4853       6762.0861       2592.2857       1275.9056       -20.854056      -13.744488      -11.60428       -9.3707689     
0.4842663       8982.5734       6658.3415       2692.9389       1160.7781       -21.423695      -12.214714      -10.501872      -8.8952618     
0.48498147      8835.2244       6539.9114       2615.0147       1115.8934       -27.896389      -14.204991      -11.558712      -9.4023886     
0.48569664      8724.7819       6453.6062       2679.5049       1155.8144       -31.801933      -14.380789      -11.48633       -9.4470506     
0.4864118       8638.6093       6390.0223       2678.2925       1146.6569       -39.201648      -14.368405      -10.951824      -9.07653       
0.48712697      8558.7353       6335.7221       2728.4993       1126.6564       -48.898684      -14.7678        -10.659628      -8.8169162     
0.48788421      8468.347        6282.8641       2737.5262       1120.0737       -56.732915      -14.9763        -10.477569      -8.6888337     
0.48864145      8393.2795       6228.0865       2649.8908       1118.3193       -60.199436      -15.416518      -10.751322      -8.8904574     
0.48939868      8343.3982       6203.1966       2650.7607       1154.3712       -60.923278      -15.162578      -10.732517      -9.0435693     
0.49015592      8298.3247       6181.7413       2614.3441       1189.3819       -59.553969      -14.758809      -10.578696      -9.05022       
0.49091316      8255.7511       6167.2073       2586.1832       1208.8971       -56.960562      -14.374444      -10.448711      -9.0609034     
0.49167039      8212.0629       6153.9913       2535.0533       1191.4169       -54.720935      -14.140813      -10.388983      -9.1029918     
0.49242763      8189.3871       6166.1557       2536.718        1226.4095       -51.541912      -13.855239      -10.4076        -9.2133786     
0.49318487      8166.2966       6173.2096       2526.4514       1307.8062       -48.594484      -13.724874      -10.511957      -9.3923147     
0.49403676      8106.8073       6165.3068       2534.7557       1427.9022       -44.91452       -13.591126      -10.624783      -9.5363343     
0.49488865      8082.4279       6163.1705       2538.2718       1561.1006       -41.144398      -13.638792      -10.818804      -9.778808      
0.49574054      8084.8435       6198.0188       2550.6409       1624.6185       -37.122995      -13.770607      -11.02814       -9.9942518     
0.49659243      8084.9989       6237.9517       2562.5343       1643.0695       -36.805871      -14.181963      -11.335632      -10.265544     
0.49744433      8091.2293       6276.429        2586.526        1646.6313       -35.372485      -14.480669      -11.651123      -10.52873      
0.49829622      8092.5998       6316.6568       2604.4589       1664.5766       -33.248023      -14.514995      -11.877029      -10.753751     
0.49914811      8092.5914       6355.8443       2638.0708       1689.498        -32.762089      -14.777399      -12.138212      -11.002307     
0.5             8098.056        6408.5351       2670.6573       1695.6878       -32.022196      -15.057383      -12.440199      -11.281673     
0.50081967      8117.0196       6470.4285       2702.3137       1653.9431       -31.623725      -15.223132      -12.653833      -11.512677     
0.50163934      8120.6218       6523.9562       2741.1311       1671.1621       -31.152173      -15.155814      -12.736139      -11.691849     
0.50245902      8116.0926       6567.5301       2775.6322       1648.1478       -30.808598      -14.998631      -12.721853      -11.804092     
0.50327869      8110.2336       6597.3756       2830.5337       1662.3917       -30.324711      -14.705145      -12.63455       -11.870025     
0.50409836      8105.9977       6640.2776       2870.3806       1674.0482       -29.631151      -14.351357      -12.522013      -11.935654     
0.50493294      8096.8316       6672.6045       2920.8115       1693.8793       -28.924592      -13.987582      -12.392566      -11.984531     
0.50576751      8093.9155       6713.371        2968.3396       1716.7505       -28.371254      -13.714448      -12.320903      -12.06643      
0.50660209      8095.8572       6755.7244       3019.9367       1740.8605       -27.631536      -13.490052      -12.269715      -12.153498     
0.50743666      8099.7069       6799.5811       3068.8869       1749.002        -26.737352      -13.177206      -12.159105      -12.205271     
0.50828793      8098.2597       6840.3476       3122.7997       1763.2273       -25.879174      -12.662735      -11.899799      -12.152945     
0.5091392       8106.4992       6889.2405       3191.4749       1777.0183       -25.953237      -12.739045      -12.058437      -12.342744     
0.51000857      8107.9101       6931.4106       3280.312        1788.4348       -25.351005      -12.276625      -11.865456      -12.371648     
0.51087795      8117.1638       6982.2196       3363.4369       1805.9636       -24.886551      -11.944118      -11.745254      -12.444661     
0.51176709      8117.9934       7023.6108       3450.1486       1821.8495       -24.836498      -11.916917      -11.749093      -12.531219     
0.51265623      8125.2059       7073.3239       3527.4422       1839.6665       -24.880599      -12.026412      -11.872315      -12.691194     
0.51356705      8131.0194       7125.9608       3609.7869       1862.0162       -24.587517      -11.955531      -11.928655      -12.844954     
0.51450123      8136.6038       7182.9157       3709.1789       1891.6661       -23.926102      -11.509136      -11.698999      -12.821766     
0.51543541      8151.9075       7245.9764       3809.9494       1921.0601       -23.699714      -11.388676      -11.672542      -12.897053     
0.51639554      8178.1243       7318.942        3889.9949       1961.1914       -23.235123      -11.073854      -11.515526      -12.899698     
0.51735566      8185.0838       7378.2454       3955.2917       2001.6169       -23.02831       -10.852557      -11.380053      -12.884782     
0.51831579      8196.1576       7439.9819       4024.5154       2043.9671       -22.978764      -10.754552      -11.342178      -12.936307     
0.51927592      8196.4319       7489.9844       4074.7445       2087.0369       -22.92258       -10.652864      -11.287957      -12.96578      
0.52023605      8195.8096       7539.0454       4125.6816       2127.0763       -22.726519      -10.516844      -11.220212      -12.991504     
0.52119617      8192.5904       7586.8451       4168.0737       2164.9562       -22.584096      -10.473114      -11.210361      -13.038125     
0.5221563       8188.9704       7632.1815       4204.4039       2202.4237       -22.827123      -10.548765      -11.222312      -13.082854     
0.52311643      8184.2186       7677.643        4243.9953       2245.6148       -24.025077      -10.667157      -11.235038      -13.120147     
0.52407656      8180.4741       7723.6557       4285.481        2288.8418       -24.715139      -10.795879      -11.287478      -13.169322     
0.52503668      8174.6685       7767.0142       4326.8554       2336.2786       -25.149322      -10.873865      -11.341869      -13.263147     
0.52599681      8169.1709       7805.986        4380.423        2377.8605       -25.315983      -10.825533      -11.288496      -13.255321     
0.52695694      8159.2554       7829.4927       4440.3569       2415.684        -25.398915      -10.795262      -11.255879      -13.250659     
0.52791707      8148.1251       7858.9557       4498.3263       2469.6458       -25.780558      -10.679674      -11.15463       -13.208543     
0.52887719      8139.8083       7890.5367       4559.6177       2545.9614       -26.457318      -10.819712      -11.285237      -13.32905      
0.52983732      8134.0613       7922.3342       4619.7975       2615.0152       -26.985685      -10.899543      -11.382903      -13.466633     
0.53079745      8136.1229       7960.0457       4681.4994       2662.2033       -27.307145      -10.703383      -11.243555      -13.427282     
0.53171186      8163.9614       8028.6698       4771.7827       2705.1729       -27.557869      -10.44466       -11.043478      -13.340962     
0.53262626      8180.3727       8086.9642       4854.5451       2747.2213       -27.61772       -10.111412      -10.823493      -13.265661     
0.53354067      8197.9735       8145.7321       4936.7875       2779.6771       -27.501359      -9.2708879      -10.214368      -12.945283     
0.53445508      8214.4225       8192.5824       5025.6314       2801.7593       -28.726745      -9.1895498      -9.840252       -12.430577     
0.53536948      8255.6505       8279.0739       5158.2668       2839.6449       -30.746938      -9.9315774      -10.174314      -12.396442     
0.53628389      8231.8289       8279.7328       5197.862        2851.8718       -31.162389      -9.4296289      -9.870067       -12.327418     
0.5371983       8225.8058       8306.2691       5266.6395       2873.507        -32.367585      -9.7030625      -10.11091       -12.509625     
0.53811271      8201.013        8308.7209       5300.9342       2886.0145       -32.723524      -9.1869738      -9.5834752      -12.088439     
0.53902711      8172.9961       8307.3119       5355.8632       2907.9013       -34.038531      -9.6299092      -9.6554084      -11.802885     
0.53994152      8181.6248       8339.0054       5433.1962       2947.7884       -34.245889      -9.4416491      -9.6259173      -11.931691     
0.54085593      8145.8921       8329.4859       5489.7424       2978.9636       -35.208273      -9.9538903      -10.019609      -12.188377     
0.54177034      8113.3311       8320.8719       5541.3871       3005.1544       -35.87528       -10.20613       -10.272415      -12.409679     
0.54268474      8069.6449       8298.3038       5600.0369       3028.3516       -36.286223      -10.182702      -10.226904      -12.366043     
0.54359915      8021.7078       8273.4319       5659.6514       3050.3184       -36.681354      -10.148593      -10.191514      -12.343676     
0.54451356      7971.6529       8243.4431       5717.97         3070.4786       -36.792512      -9.9280662      -9.9759485      -12.165197     
0.54542796      7915.6154       8205.1608       5768.6922       3093.1924       -37.042834      -9.8848532      -9.9279032      -12.12093      
0.54634237      7859.8285       8166.0751       5818.3872       3115.3923       -36.866591      -9.7433356      -9.7830228      -11.98466      
0.54725678      7803.7984       8126.8734       5860.6188       3134.0182       -36.390036      -9.4753254      -9.5312468      -11.774082     
0.54817119      7745.0468       8082.1435       5886.7758       3155.5317       -35.938842      -9.1696503      -9.228491       -11.50069      
0.54908559      7687.4783       8038.2069       5910.6667       3184.4406       -36.243813      -9.4496697      -9.4003859      -11.536587     
0.55            7629.6377       7993.48         5934.2019       3212.8376       -36.803383      -9.9202657      -9.8578509      -11.931067     
0.55092593      7570.7443       7946.019        5956.556        3240.8959       -36.911087      -9.8432761      -9.777952       -11.871104     
0.55185185      7515.4359       7902.9025       5983.6929       3265.9579       -37.008303      -9.6559869      -9.5930295      -11.708722     
0.55279593      7456.2506       7852.8451       5998.3278       3302.0102       -37.360641      -9.6312273      -9.5573536      -11.668093     
0.55374001      7399.8694       7806.1195       6012.432        3336.2438       -37.68805       -9.4931342      -9.4125442      -11.535185     
0.55470376      7341.8464       7755.4069       6021.054        3370.7786       -37.938384      -9.2553588      -9.1732408      -11.306576     
0.55566751      7287.0091       7708.8687       6031.4541       3419.5504       -38.246568      -9.1328599      -9.027414       -11.149794     
0.55663126      7234.0318       7663.8011       6041.4732       3476.5418       -38.638433      -9.1655856      -9.0401057      -11.143665     
0.55759501      7179.5956       7616.7202       6046.5087       3523.2819       -38.769663      -8.9782018      -8.8421514      -10.946996     
0.55853735      7128.5158       7574.5552       6051.624        3561.6638       -38.707423      -8.897927       -8.7557414      -10.86632      
0.55947968      7074.4565       7526.8499       6050.2085       3589.7721       -38.474979      -8.6975815      -8.566679       -10.676551     
0.5604006       7021.7358       7482.8365       6047.8926       3613.4156       -38.653469      -8.6596857      -8.5190326      -10.626995     
0.56132151      6967.1369       7434.457        6040.649        3633.6686       -39.024229      -8.6382469      -8.4660726      -10.554391     
0.56222101      6924.2476       7390.4761       6035.125        3653.0571       -39.421451      -8.5579364      -8.3515948      -10.425213     
0.56312051      6886.5458       7340.9988       6024.1654       3670.5623       -39.938042      -8.5830116      -8.3371883      -10.388009     
0.56402001      6844.7782       7291.3231       6011.379        3686.2214       -40.698532      -8.794004       -8.4779466      -10.454568     
0.56491951      6810.918        7244.5276       5998.8331       3701.6826       -41.281884      -8.8281266      -8.4724421      -10.428425     
0.56581901      6764.3475       7200.4876       5985.7902       3717.1776       -41.783619      -8.842545       -8.4379338      -10.372026     
0.56671851      6716.6862       7156.7411       5972.0138       3731.9683       -42.067268      -8.7218063      -8.273          -10.194707     
0.56761801      6669.9115       7112.3131       5956.4454       3745.0125       -42.468996      -8.7839825      -8.2823612      -10.164823     
0.5684932       6634.6416       7079.6236       5947.7239       3761.1267       -42.453979      -8.4947543      -7.9699565      -9.8703974     
0.56936839      6591.3944       7037.2166       5931.3093       3772.1192       -43.033272      -8.836032       -8.2340748      -10.037466     
0.57024358      6549.1487       6994.5471       5912.727        3781.0387       -43.843913      -9.4366522      -8.7199641      -10.376831     
0.57111877      6508.582        6953.6013       5894.6905       3789.4184       -44.396712      -9.8398225      -8.9959814      -10.505611     
0.5720213       6463.3983       6905.6298       5871.5983       3796.0554       -44.48325       -9.8648228      -8.9651767      -10.414113     
0.57292384      6427.1214       6869.0045       5857.1429       3807.8609       -44.596401      -9.9671218      -9.0112595      -10.398215     
0.57382638      6390.6744       6832.7185       5842.009        3818.2916       -44.308863      -9.7286875      -8.7698886      -10.184794     
0.57472892      6356.2648       6797.2357       5824.8292       3826.1999       -44.226327      -9.705498       -8.7274396      -10.132121     
0.57563146      6320.808        6760.9309       5806.4425       3832.673        -43.94276       -9.4849972      -8.5020899      -9.9134401     
0.576534        6285.9151       6724.8427       5787.064        3838.0788       -43.94049       -9.5416363      -8.5422917      -9.9380648     
0.57743654      6252.5441       6689.9816       5766.9529       3841.7289       -43.966625      -9.6310126      -8.61156        -9.9742251     
0.57833907      6219.7509       6655.6832       5746.4561       3844.4359       -43.633334      -9.3738677      -8.3581912      -9.7405721     
0.57924161      6184.8857       6619.2289       5722.5801       3843.4857       -43.441715      -9.2606759      -8.2446093      -9.6348073     
0.58018518      6145.5156       6574.5558       5692.441        3838.3005       -43.165807      -9.0926145      -8.084837       -9.472801      
0.58112874      6113.838        6541.0204       5670.1307       3837.2593       -42.970338      -9.0187438      -8.0113102      -9.4033938     
0.5820723       6084.0053       6509.6185       5649.0015       3835.7986       -42.666022      -8.8397341      -7.8397452      -9.2379575     
0.58306829      6045.7373       6465.6888       5617.8724       3827.7767       -42.487905      -8.8173553      -7.8255408      -9.1998455     
0.58406427      6016.5686       6434.7746       5596.5135       3825.1123       -42.235664      -8.6800941      -7.6813431      -9.0491654     
0.58506025      5989.9947       6406.7876       5576.8366       3822.3261       -41.999032      -8.5675796      -7.5718147      -8.9382471     
0.58605623      5963.0843       6378.5314       5556.6981       3818.5255       -41.945834      -8.6108781      -7.6015259      -8.9439028     
0.58705222      5937.9993       6351.6716       5537.1285       3814.0922       -41.97947       -8.764949       -7.7363966      -9.0135716     
0.5880482       5912.8371       6324.7783       5517.5553       3809.4681       -41.668533      -8.5913331      -7.5803655      -8.8644876     
0.58904418      5885.3986       6296.2834       5496.6556       3803.2785       -41.390621      -8.4519551      -7.4578246      -8.747416      
0.59004017      5859.378        6269.1909       5476.6672       3797.0597       -41.175131      -8.3647122      -7.3823623      -8.6701312     
0.59114682      5815.9321       6217.0505       5438.3696       3779.751        -40.786443      -8.2204579      -7.2772987      -8.5548367     
0.59225346      5791.2175       6190.542        5419.4091       3773.682        -40.390843      -8.0527346      -7.1247102      -8.4095347     
0.59336011      5768.5327       6167.0775       5403.0343       3768.8869       -40.107155      -7.9638802      -7.0519786      -8.3489709     
0.59446676      5746.9663       6144.4304       5386.6077       3763.2719       -39.791663      -7.8326782      -6.9319015      -8.2309966     
0.59557341      5724.381        6120.7145       5369.3366       3756.6674       -39.61268       -7.8259159      -6.940101       -8.2290755     
0.59668006      5701.7337       6096.9563       5351.8593       3749.553        -39.362171      -7.7508112      -6.8674556      -8.1438774     
0.5977867       5681.0684       6075.0133       5335.4777       3742.7768       -39.060853      -7.6272127      -6.7481576      -8.0101658     
0.59889335      5658.7517       6051.9219       5318.4488       3735.4962       -38.769729      -7.5149946      -6.6388771      -7.8896614     
0.6             5638.368        6030.1372       5302.3103       3728.49         -38.434571      -7.3733416      -6.5105538      -7.7518196     
0.60116279      5609.8448       5997.8616       5278.2323       3716.8892       -38.045406      -7.2397459      -6.40694        -7.6472946     
0.60232558      5590.8221       5978.126        5263.4053       3710.7654       -37.713484      -7.1563483      -6.33647        -7.5660238     
0.60348837      5571.1047       5959.347        5249.7462       3705.6788       -37.37296       -7.0523334      -6.2440527      -7.4663489     
0.60465116      5552.8665       5941.7687       5236.734        3700.6965       -37.187603      -7.1019471      -6.2944943      -7.4838657     
0.60584455      5530.4345       5918.2145       5219.5131       3693.3892       -36.846981      -7.0331325      -6.2391696      -7.41815       
0.60703794      5516.024        5900.8739       5207.4024       3688.8071       -36.59425       -7.0406428      -6.2540221      -7.4203922     
0.60823133      5500.4021       5885.0818       5195.9114       3685.0555       -36.265966      -6.9580692      -6.1769262      -7.3329575     
0.60942472      5486.4046       5869.6047       5184.7825       3681.8393       -35.956906      -6.8894739      -6.1134214      -7.2534863     
0.61065428      5463.4526       5846.1187       5167.8424       3675.4017       -35.67072       -6.8723128      -6.104263       -7.2135813     
0.61188383      5444.6657       5828.1083       5156.5101       3671.8548       -35.376689      -6.8266596      -6.0613292      -7.1546355     
0.61311339      5426.9031       5811.1181       5143.9073       3667.7521       -35.255107      -6.9250554      -6.1589241      -7.2230378     
0.61434294      5411.5597       5796.7572       5132.3704       3664.1586       -35.303851      -7.1733471      -6.3899816      -7.3915168     
0.61561641      5388.6262       5772.3447       5113.1787       3656.4459       -34.987892      -7.093345       -6.3249165      -7.3210961     
0.61688987      5372.3252       5757.2477       5100.5538       3652.5992       -34.668649      -6.9830461      -6.2153903      -7.2023535     
0.61816334      5360.0167       5739.7853       5085.8161       3649.2695       -34.452615      -6.9496512      -6.1837499      -7.1593351     
0.61943681      5345.8528       5723.2771       5069.5405       3645.3108       -34.215119      -6.8562964      -6.0842545      -7.0549491     
0.62071027      5330.2039       5707.7702       5053.817        3640.9604       -34.038787      -6.8367204      -6.0603256      -7.0182462     
0.62198374      5313.7618       5691.9481       5038.3697       3636.3142       -33.861916      -6.8159784      -6.0351772      -6.9788452     
0.6232572       5297.2853       5675.886        5023.2376       3631.708        -33.546463      -6.6586479      -5.8780948      -6.8169996     
0.62453067      5280.8671       5659.5596       5008.1086       3626.975        -33.374295      -6.6420399      -5.855068       -6.7778006     
0.62580414      5265.232        5643.7136       4995.2738       3622.951        -33.1487        -6.575957       -5.7881868      -6.7075379     
0.6270776       5249.2857       5627.7574       4985.2036       3617.7692       -33.05907       -6.6437502      -5.8431714      -6.7398132     
0.62835107      5233.6031       5611.8124       4974.1594       3612.8166       -32.951854      -6.6991366      -5.8831081      -6.7476558     
0.62962454      5220.504        5598.1114       4964.3825       3609.0063       -32.741248      -6.6624512      -5.8482905      -6.7244741     
0.630898        5204.7819       5582.1436       4953.2963       3604.3897       -32.348581      -6.4436968      -5.6263709      -6.4953827     
0.63209188      5200.6693       5581.5766       4954.229        3606.7543       -32.192691      -6.429689       -5.608326       -6.4730494     
0.63328575      5186.9381       5567.425        4943.8146       3603.2559       -32.076185      -6.4229718      -5.594209       -6.4488537     
0.63447963      5169.3533       5549.2131       4930.5935       3596.5153       -31.763705      -6.2750452      -5.4416015      -6.2748825     
0.63577299      5144.15         5518.2575       4907.1303       3583.7123       -31.42162       -6.14131        -5.3008861      -6.1219942     
0.63706636      5130.3679       5503.3556       4897.504        3578.8293       -31.095914      -6.0814645      -5.2307696      -6.0354305     
0.63835972      5118.476        5491.3565       4890.4627       3574.6173       -30.86519       -6.0499988      -5.189877       -5.9910191     
0.63965309      5107.2386       5479.7439       4883.3603       3566.944        -30.612873      -6.0060996      -5.1385783      -5.9275463     
0.64094645      5095.4509       5467.4247       4875.7858       3556.3014       -30.442978      -6.030978       -5.1469772      -5.8861325     
0.64223981      5083.1223       5454.4525       4867.6852       3545.6745       -30.335344      -6.1167981      -5.2146249      -5.9017872     
0.64353318      5071.3923       5441.9843       4859.9212       3535.3361       -30.43976       -6.4117577      -5.4867938      -6.1002728     
0.64482654      5058.625        5429.112        4852.0035       3525.2666       -30.365272      -6.5215635      -5.5917426      -6.1636086     
0.64611991      5045.1335       5415.9242       4843.9629       3517.3019       -30.207511      -6.5356121      -5.6013244      -6.1345944     
0.64741327      5033.6769       5403.7662       4836.4806       3513.1398       -30.037811      -6.5475687      -5.6188863      -6.1271344     
0.64870664      5021.7403       5391.0964       4828.7574       3510.215        -29.846442      -6.535534       -5.6150707      -6.1136451     
0.65            5010.0056       5378.597        4821.2274       3506.892        -29.735165      -6.586996       -5.6722667      -6.1554679     
0.65135135      4993.2914       5358.5964       4807.9283       3500.2054       -29.500082      -6.5230705      -5.6251414      -6.1097351     
0.6527027       4982.3912       5346.8738       4801.3092       3497.8664       -29.180776      -6.376893       -5.5022694      -6.0060262     
0.65405405      4972.5817       5336.6272       4795.8284       3496.29         -28.959489      -6.2825855      -5.4300926      -5.9545966     
0.65540541      4961.7501       5325.343        4789.5122       3494.2169       -28.68168       -6.1216434      -5.2956325      -5.8458495     
0.65679899      4947.109        5308.4217       4778.6711       3489.1913       -28.449996      -6.0047105      -5.202148       -5.7687357     
0.65819257      4933.2315       5294.948        4770.9722       3486.4087       -28.305408      -5.9743637      -5.1848088      -5.7572742     
0.65958615      4923.6689       5285.7534       4766.3154       3485.516        -28.147457      -5.9095453      -5.1458897      -5.7445139     
0.66097973      4912.4722       5274.1643       4760.1706       3483.8732       -27.975969      -5.817153       -5.0709512      -5.6782888     
0.66237331      4902.0788       5263.1187       4754.5328       3482.4545       -27.885564      -5.7861963      -5.0584303      -5.6801396     
0.66371712      4895.4267       5258.0334       4753.7955       3484.0994       -27.800508      -5.7343374      -5.0250953      -5.6646182     
0.66506093      4884.8424       5246.7044       4748.5572       3482.5501       -27.696062      -5.6447463      -4.9557948      -5.6071938     
0.66640474      4871.3996       5232.5122       4741.5808       3479.8553       -27.706871      -5.6743328      -4.997746       -5.6486624     
0.66774855      4859.6145       5219.8319       4735.5638       3477.6038       -27.883856      -5.8604949      -5.1947892      -5.8380206     
0.66909236      4848.1774       5207.3723       4729.7411       3475.6539       -27.760529      -5.7460182      -5.0968297      -5.7541331     
0.67043617      4836.9502       5195.1397       4724.1033       3473.8175       -27.675126      -5.6648581      -5.0285393      -5.6925138     
0.67177998      4826.6731       5183.7052       4718.9732       3472.1971       -27.624214      -5.6216835      -5.0034162      -5.6902127     
0.67312379      4816.1108       5172.2435       4713.8173       3470.5137       -27.538146      -5.5465564      -4.9434813      -5.6402326     
0.6744676       4804.867        5160.1741       4708.4221       3468.672        -27.569253      -5.5914592      -4.9980188      -5.6982404     
0.67581141      4794.3259       5148.7306       4703.3103       3466.9771       -27.597855      -5.6402118      -5.0591816      -5.7726712     
0.67723427      4778.2745       5128.4876       4691.4845       3460.6893       -27.530662      -5.6268006      -5.0587619      -5.7762871     
0.67865713      4767.6624       5117.1019       4686.35         3459.3881       -27.46851       -5.6342196      -5.0745607      -5.7999187     
0.68007999      4758.7918       5108.2398       4682.2812       3459.395        -27.406237      -5.6135219      -5.064794       -5.8016985     
0.68150285      4748.9143       5098.3034       4677.1863       3458.8005       -27.386614      -5.6352419      -5.0952406      -5.8368089     
0.6829257       4739.6278       5088.7553       4672.3216       3458.1816       -27.45442       -5.7391615      -5.2039203      -5.9409504     
0.68423911      4737.9042       5091.5172       4677.5317       3463.9682       -27.713278      -5.9713922      -5.4255533      -6.1577328     
0.68555252      4730.0494       5082.8058       4672.7595       3462.9403       -27.775539      -6.0286758      -5.5045709      -6.257601      
0.68686593      4718.1512       5069.8124       4664.729        3459.9974       -27.80452       -6.0819917      -5.5637977      -6.3061873     
0.68817933      4708.4125       5059.0002       4658.5176       3458.1414       -27.891514      -6.2001366      -5.6945458      -6.4414399     
0.68949274      4697.7197       5047.4515       4652.113        3455.8335       -27.969701      -6.3146338      -5.8153012      -6.5617709     
0.69080615      4687.6902       5036.7533       4646.2344       3454.3803       -27.887849      -6.2718855      -5.7864941      -6.557208      
0.69211956      4677.9901       5026.5815       4640.6465       3453.2868       -27.731361      -6.1541229      -5.6846484      -6.4800304     
0.69343296      4668.2631       5016.3599       4635.0318       3452.2829       -27.759498      -6.2157407      -5.7568058      -6.5680326     
0.69474637      4658.9591       5006.548        4629.2145       3451.428        -27.824379      -6.3094438      -5.8577665      -6.6801139     
0.69605978      4649.7746       4996.7856       4622.9216       3450.54         -27.938875      -6.4491019      -6.0027154      -6.8313809     
0.69737319      4641.247        4987.5261       4616.9015       3449.8165       -27.877749      -6.4095685      -5.9728449      -6.823563      
0.69868659      4631.907        4977.836        4610.8436       3449.2324       -27.747391      -6.2962969      -5.8698456      -6.73593       
0.7             4622.5863       4968.0461       4604.7432       3449.2479       -27.71017       -6.2725213      -5.8501367      -6.7266533     
0.70135135      4610.2734       4953.638        4594.8206       3447.9562       -27.652799      -6.2449328      -5.8348024      -6.7284414     
0.7027027       4599.3105       4942.4254       4587.741        3448.8823       -27.476026      -6.0943031      -5.6931239      -6.6089114     
0.70405405      4589.0987       4932.0638       4581.2534       3450.1222       -27.441442      -6.0701341      -5.6736505      -6.6063542     
0.70540541      4578.5469       4921.337        4574.4218       3450.8774       -27.401699      -6.0428192      -5.6523493      -6.5994544     
0.70671701      4570.1233       4914.3994       4570.9291       3453.5441       -27.338693      -5.9720191      -5.5839662      -6.5437635     
0.70802862      4559.8468       4903.5627       4564.5875       3453.2285       -27.260228      -5.8903136      -5.5113014      -6.4904112     
0.70934022      4548.1996       4891.247        4557.5841       3451.9849       -27.135265      -5.7784762      -5.4075986      -6.3974066     
0.71065183      4537.1709       4879.5586       4551.0706       3450.8147       -27.131896      -5.7880341      -5.4215573      -6.4170687     
0.71196343      4526.7609       4868.4287       4544.8731       3449.945        -27.121793      -5.7918962      -5.4288539      -6.4310377     
0.71332188      4512.8347       4851.8133       4534.0617       3445.5727       -27.028943      -5.7338721      -5.3782869      -6.3873796     
0.71468033      4501.6179       4839.9467       4527.3485       3444.05         -26.96582       -5.7028728      -5.3503076      -6.3679103     
0.71603878      4493.0145       4829.9463       4521.8024       3443.6225       -26.906005      -5.6576534      -5.3075264      -6.3369783     
0.71739723      4483.1646       4819.3033       4515.9214       3442.2607       -26.857151      -5.6268456      -5.2792008      -6.3166709     
0.71875568      4472.8798       4808.1918       4509.5179       3440.7674       -26.866145      -5.654361       -5.3056383      -6.3432295     
0.72011413      4462.5963       4796.9959       4502.9738       3439.0525       -26.882973      -5.6947611      -5.3436713      -6.3786833     
0.72147258      4452.3235       4785.7848       4496.2379       3437.3491       -26.852204      -5.6935011      -5.3433277      -6.3813624     
0.72283102      4441.9954       4774.4477       4489.2237       3434.7165       -26.819155      -5.6941003      -5.344187       -6.3847854     
0.72418947      4431.1823       4762.5988       4481.7878       3431.1294       -26.776628      -5.686418       -5.3339342      -6.3709992     
0.72554792      4420.3647       4750.7233       4474.2989       3427.5003       -26.690482      -5.6398209      -5.2861405      -6.3225725     
0.72690637      4409.5441       4738.8086       4466.6773       3423.8557       -26.603311      -5.597288       -5.2435508      -6.2777787     
0.72826482      4398.7411       4726.8833       4458.9291       3420.1742       -26.550206      -5.5911155      -5.2258428      -6.2481883     
0.72971383      4382.966        4706.489        4443.879        3411.5147       -26.414333      -5.5760487      -5.2021988      -6.2117994     
0.73116284      4371.6188       4694.2842       4436.281        3408.6466       -26.332255      -5.5862456      -5.1941591      -6.2037785     
0.73261186      4362.2815       4684.0994       4430.047        3407.1705       -26.251926      -5.5893835      -5.180581       -6.1846457     
0.73406087      4352.5576       4673.4021       4423.1772       3405.5298       -26.180037      -5.597052       -5.1762162      -6.1718891     
0.73550988      4342.4646       4662.1616       4415.7324       3403.4469       -26.154362      -5.6358167      -5.2044797      -6.1925655     
0.73695889      4331.8808       4650.4326       4407.7602       3400.8985       -26.174167      -5.7172309      -5.2765803      -6.2544349     
0.7384079       4321.3503       4638.5319       4399.485        3398.0878       -26.12371       -5.7331975      -5.2849348      -6.2503441     
0.73985692      4310.5963       4626.5267       4391.1179       3395.1559       -25.956319      -5.6345077      -5.1828989      -6.1460884     
0.74130593      4300.1333       4614.6088       4382.635        3391.9743       -25.934005      -5.6825266      -5.2204085      -6.1753507     
0.74275494      4289.7818       4602.8972       4374.324        3388.8267       -25.940809      -5.7576526      -5.2735346      -6.215819      
0.74420395      4279.8999       4591.4895       4366.2123       3385.7921       -25.898669      -5.7890579      -5.2861358      -6.2179917     
0.74565296      4270.152        4580.3068       4358.2416       3382.8282       -25.782018      -5.7457187      -5.2076368      -6.1241464     
0.74710198      4260.6406       4569.2851       4350.111        3379.7363       -25.782367      -5.8267516      -5.2597518      -6.1626068     
0.74855099      4251.3524       4558.5079       4341.7523       3376.485        -25.735813      -5.864995       -5.2651431      -6.1505328     
0.75            4242.5127       4548.1296       4333.1817       3373.4591       -25.600944      -5.8226429      -5.1965439      -6.0680881     
0.75151515      4230.4052       4532.2608       4319.6604       3367.0817       -25.46461       -5.836358       -5.1998786      -6.0542131     
0.7530303       4221.1335       4521.7267       4310.8424       3363.9036       -25.269166      -5.7672788      -5.1129942      -5.9604908     
0.75454545      4213.9846       4513.2653       4303.5329       3360.9591       -25.173393      -5.783757       -5.1192462      -5.958927      
0.75606061      4206.346        4504.2982       4295.6005       3357.5941       -25.069957      -5.7895381      -5.1141437      -5.9471855     
0.75757576      4199.113        4495.5727       4287.8149       3354.3542       -24.885737      -5.7150415      -5.0297592      -5.8579181     
0.75909091      4191.668        4486.6825       4279.7039       3350.9743       -24.771177      -5.7109442      -5.0111221      -5.8282292     
0.76060606      4184.6927       4478.2321       4271.8161       3348.0675       -24.536725      -5.5922661      -4.8828215      -5.6934183     
0.76212121      4177.9919       4469.9058       4263.8641       3344.457        -24.411625      -5.5839489      -4.8613332      -5.6597822     
0.76363636      4171.4455       4462.0071       4256.1844       3340.7515       -24.129808      -5.4248531      -4.6949291      -5.4907979     
0.76515152      4165.3882       4454.2793       4248.5051       3336.9113       -24.047726      -5.4692213      -4.728672       -5.5151853     
0.76666667      4159.0083       4446.5723       4240.8415       3333.1365       -23.881384      -5.4296112      -4.6769443      -5.4535258     
0.76818182      4153.6588       4439.6557       4233.7478       3330.5571       -23.739954      -5.4189895      -4.6569428      -5.4302819     
0.76969697      4147.968        4432.6277       4226.5139       3328.2253       -23.581326      -5.3982509      -4.6248219      -5.3904982     
0.77129187      4139.604        4420.3096       4214.5364       3322.5733       -23.274748      -5.2935828      -4.5184001      -5.2751603     
0.77288676      4134.036        4413.8947       4207.8779       3320.604        -23.098249      -5.2871091      -4.4982644      -5.2494971     
0.77448166      4131.7742       4410.1076       4203.1415       3319.52         -22.776185      -5.1196277      -4.32141        -5.073163      
0.77607656      4127.7968       4405.3862       4197.6945       3317.5925       -22.547389      -5.0450183      -4.2339772      -4.9786398     
0.77767145      4124.875        4401.0525       4192.4701       3315.2877       -22.364681      -5.0179604      -4.1950528      -4.9338098     
0.77926635      4121.3481       4396.6163       4187.1704       3312.6994       -22.17043       -4.9755585      -4.1412678      -4.8724448     
0.78086124      4118.6222       4392.4942       4182.0593       3310.0677       -22.046177      -4.9989029      -4.1499245      -4.8700323     
0.78245614      4115.3748       4388.3853       4176.901        3307.4917       -21.760025      -4.861938       -4.0011103      -4.7163792     
0.78405104      4112.7982       4384.4431       4171.5707       3305.0145       -21.500479      -4.752549       -3.8773742      -4.585857      
0.78564593      4109.9832       4380.9157       4166.3723       3302.7176       -21.212924      -4.6157949      -3.7262773      -4.4288978     
0.78724083      4108.1709       4377.7665       4161.4054       3300.4274       -21.088868      -4.6465303      -3.7423096      -4.4402462     
0.78883573      4105.8357       4374.842        4156.7069       3298.2498       -21.043465      -4.7558313      -3.8324186      -4.5235204     
0.79043062      4104.5459       4372.2818       4152.3516       3296.3094       -20.91815       -4.7764811      -3.8261173      -4.4984822     
0.79202552      4102.7767       4370.008        4148.355        3294.5255       -20.682674      -4.693981       -3.7247025      -4.3891689     
0.79362041      4101.978        4368.0394       4144.6117       3292.9289       -20.472863      -4.633516       -3.639079       -4.2870617     
0.79521531      4100.8586       4366.4585       4141.2918       3291.6561       -20.184363      -4.5001436      -3.4834147      -4.1207798     
0.79681021      4100.617        4365.1684       4138.2877       3290.4137       -20.078551      -4.5501907      -3.5055307      -4.1185632     
0.7984051       4100.3545       4364.4337       4136.388        3289.5465       -19.843106      -4.4732298      -3.4050481      -3.996362      
0.8             4101.2253       4364.3538       4135.5316       3288.8612       -19.748002      -4.5377385      -3.4437302      -4.0073653     
0.80166667      4099.069        4359.7508       4130.7999       3285.3783       -19.658115      -4.6470327      -3.5248311      -4.0403004     
0.80333333      4101.1624       4361.369        4131.7106       3285.9264       -19.291082      -4.4645805      -3.334529       -3.8603548     
0.805           4104.5394       4364.3908       4133.7591       3287.208        -19.192721      -4.5333668      -3.3778585      -3.8735975     
0.80666667      4108.1562       4367.6058       4135.97         3288.8524       -18.926969      -4.429235       -3.2553757      -3.7342082     
0.80833333      4111.5396       4370.7222       4138.2          3290.4226       -18.814052      -4.4723213      -3.2787675      -3.7344082     
0.81            4114.4485       4373.2583       4140.311        3291.6413       -18.582908      -4.3934718      -3.1837383      -3.6200896     
0.81166667      4116.95         4375.6234       4142.4206       3292.9923       -18.496218      -4.4526061      -3.2268793      -3.6423093     
0.81333333      4119.2185       4377.6788       4144.5121       3294.3321       -18.382069      -4.4804756      -3.2359306      -3.6267516     
0.815           4121.4611       4379.851        4146.7865       3295.2          -18.131107      -4.3681961      -3.1117495      -3.4894642     
0.81666667      4123.3648       4381.7121       4149.0447       3295.4357       -17.986991      -4.3525283      -3.0813093      -3.439577      
0.81833333      4124.8521       4383.2647       4151.2782       3295.7268       -17.895205      -4.3833736      -3.0978671      -3.4369246     
0.82            4126.3506       4384.8755       4153.7191       3296.4107       -17.745453      -4.3538508      -3.0545327      -3.3749798     
0.82166667      4127.6552       4386.3338       4156.2497       3297.4624       -17.596281      -4.3191597      -3.0087006      -3.3151714     
0.82333333      4128.9104       4387.7766       4158.981        3298.7694       -17.432951      -4.2697171      -2.9484532      -3.2418546     
0.825           4130.2401       4389.2793       4162.0156       3300.3672       -17.347579      -4.2965672      -2.963657       -3.2390987     
0.82666667      4131.5506       4390.8359       4165.2784       3302.847        -17.133375      -4.1975105      -2.8549184      -3.114353      
0.82833333      4132.899        4392.4184       4168.778        3305.799        -17.104953      -4.261211       -2.9085429      -3.1464811     
0.83            4134.2329       4394.0129       4172.4634       3308.8231       -17.057505      -4.2981518      -2.9354389      -3.158126      
0.83166667      4135.9758       4395.9723       4176.5921       3312.1995       -17.03612       -4.3502226      -2.9787519      -3.1848181     
0.83333333      4137.6431       4397.8783       4180.8486       3315.6981       -16.923262      -4.307185       -2.9271723      -3.1236609     
0.835           4139.4945       4399.9541       4185.3422       3319.4063       -16.899396      -4.3372588      -2.9468398      -3.1250099     
0.83666667      4141.2239       4401.9172       4189.8584       3323.2224       -16.763769      -4.2385774      -2.8408371      -3.0142685     
0.83833333      4143.1794       4404.0911       4194.5982       3327.263        -16.703767      -4.186023       -2.7801254      -2.9421347     
0.84            4144.969        4406.1019       4199.233        3331.3703       -16.713838      -4.1932078      -2.7763577      -2.9226917     
0.84166667      4146.1831       4407.6003       4203.5382       3335.4735       -16.617474      -4.074291       -2.6515642      -2.7902688     
0.84333333      4147.3824       4409.0752       4207.8098       3339.706        -16.56965       -3.9944146      -2.5701886      -2.7082649     
0.845           4148.4434       4410.4248       4212.006        3344.0496       -16.620397      -4.008478       -2.5749246      -2.6980207     
0.84666667      4148.824        4411.1055       4215.6232       3348.2373       -16.522296      -3.8883219      -2.4533727      -2.57699       
0.84833333      4149.2447       4411.8092       4219.2657       3352.5368       -16.612947      -3.9470041      -2.5037254      -2.6111823     
0.85            4149.2111       4412.0625       4222.5436       3356.7739       -16.534385      -3.8428248      -2.3949714      -2.4966203     
0.85172414      4146.7881       4408.4364       4222.4604       3358.659        -16.489802      -3.7672979      -2.3178439      -2.413708      
0.85344828      4145.9563       4408.2021       4225.7417       3363.254        -16.455479      -3.7003097      -2.2480947      -2.3379269     
0.85517241      4146.1337       4408.8868       4229.7211       3368.3763       -16.398877      -3.6056447      -2.1513666      -2.2378923     
0.85689655      4145.624        4408.8263       4233.1368       3373.1924       -16.386609      -3.5500357      -2.0946678      -2.1772756     
0.85862069      4145.0496       4408.6535       4236.5171       3378.0398       -16.365058      -3.4755981      -2.016387       -2.0855765     
0.86034483      4144.2026       4408.0935       4239.5754       3382.7948       -16.282345      -3.3350065      -1.8771724      -1.9459004     
0.86206897      4143.0084       4407.1819       4242.3371       3387.5241       -16.263588      -3.2489307      -1.788669       -1.8502783     
0.8637931       4141.3248       4405.7955       4244.7306       3392.1704       -16.220921      -3.1364204      -1.6734541      -1.7292378     
0.86551724      4139.8904       4404.5087       4247.0696       3396.9549       -16.170631      -3.0162663      -1.5520899      -1.6016603     
0.86724138      4138.2171       4402.9751       4249.0881       3401.7258       -16.205424      -2.9572751      -1.4925837      -1.5400747     
0.86896552      4136.1076       4401.0151       4250.7675       3406.2331       -16.234831      -2.892133       -1.4239337      -1.4622965     
0.87068966      4134.0059       4398.859        4252.2049       3410.5174       -16.20156       -2.764504       -1.297078       -1.3353573     
0.87241379      4131.3881       4396.3411       4253.353        3414.509        -16.203347      -2.6733479      -1.2043379      -1.2340435     
0.87413793      4128.4501       4393.5723       4254.2271       3418.2848       -16.15051       -2.5288066      -1.0596526      -1.0843977     
0.87586207      4125.5496       4389.6051       4254.5896       3421.742        -16.103052      -2.3960261      -0.92783976     -0.94598815    
0.87758621      4122.3441       4385.0811       4254.7558       3425.0848       -16.069968      -2.2795518      -0.81270364     -0.82582566    
0.87931034      4118.6306       4380.6572       4254.4948       3428.1999       -16.052638      -2.1791388      -0.71303166     -0.7186038     
0.88103448      4114.9086       4374.9731       4253.7943       3431.0378       -15.978075      -2.0278224      -0.56470415     -0.56642465    
0.88275862      4110.1958       4369.0709       4252.4785       3433.5814       -15.917967      -1.8943195      -0.43228822     -0.42700464    
0.88448276      4105.1647       4363.6769       4250.8897       3435.8221       -15.862238      -1.770765       -0.31108245     -0.30044727    
0.8862069       4099.8456       4357.9235       4248.8966       3437.8317       -15.872991      -1.7190424      -0.26049917     -0.24204302    
0.88793103      4094.1486       4351.6587       4246.5287       3439.6298       -15.727304      -1.5175708      -0.06176888     -0.038661477   
0.88965517      4088.2534       4345.1247       4244.0575       3441.1862       -15.666317      -1.4068291      0.047106365     0.076685895    
0.89137931      4082.2731       4338.4411       4241.6065       3442.5472       -15.565083      -1.2621691      0.18969958      0.22651963     
0.89310345      4076.0231       4331.4105       4238.8357       3443.6561       -15.47413       -1.1337783      0.31624985      0.3588575      
0.89482759      4069.3145       4323.8792       4235.4947       3444.4898       -15.37303       -1.0000893      0.45059536      0.50163261     
0.89655172      4062.4865       4316.1708       4231.9265       3445.0164       -15.243117      -0.84571537     0.60327605      0.66128739     
0.89827586      4055.3728       4308.1608       4228.045        3444.9764       -15.088675      -0.67219636     0.77691033      0.8426663      
0.9             4048.1429       4299.9765       4223.8473       3444.5564       -14.949829      -0.52149997     0.92789743      1.0038318      
0.90172414      4040.8605       4291.6774       4219.4236       3443.6164       -14.769876      -0.33795512     1.1104621       1.1943116      
0.90344828      4033.8329       4283.5603       4214.9203       3441.4796       -14.614058      -0.18787659     1.2614028       1.3552562      
0.90517241      4026.3191       4274.9409       4209.942        3438.7884       -14.532998      -0.12228387     1.3274012       1.4311354      
0.90689655      4019.1858       4266.6418       4205.0385       3436.2169       -14.307895      0.071055386     1.5211341       1.6322331      
0.90862069      4011.6588       4257.973        4199.6744       3433.5209       -14.112727      0.22373381      1.6739026       1.795386       
0.91034483      4004.3658       4249.4944       4194.2571       3430.8574       -13.91456       0.37690973      1.8162172       1.9434715      
0.91206897      3996.9779       4240.9095       4188.6074       3428.2687       -13.69709       0.54616297      1.9829101       2.1198017      
0.9137931       3989.6848       4232.3832       4182.8044       3426.1077       -13.47027       0.72198687      2.1617989       2.3078151      
0.91551724      3982.3574       4223.8208       4176.8607       3424.5494       -13.252843      0.88037644      2.3177439       2.4711714      
0.91724138      3974.8772       4215.1082       4170.6435       3422.9715       -13.049919      1.017938        2.4453156       2.6079215      
0.91896552      3967.7809       4206.7447       4164.5449       3421.4015       -12.86744       1.1319369       2.5601664       2.7314831      
0.92068966      3960.7045       4198.4023       4158.3059       3419.6968       -12.690827      1.2373742       2.6671627       2.8469159      
0.92241379      3953.6426       4190.0808       4151.9446       3417.9452       -12.383791      1.4727993       2.9008395       3.0848586      
0.92413793      3946.807        4181.9913       4145.6165       3416.121        -12.087224      1.6962831       3.1239783       3.3123573      
0.92586207      3940.2613       4174.1858       4139.3404       3414.2684       -11.820777      1.8928729       3.3210999       3.5174525      
0.92758621      3933.7232       4166.4009       4132.9566       3412.3045       -11.559014      2.0881892       3.5158072       3.7159706      
0.92931034      3927.7241       4159.1079       4126.8209       3410.4162       -11.270124      2.3138937       3.7425988       3.9507356      
0.93103448      3921.5591       4151.7134       4120.4897       3408.4195       -10.98506       2.5440941       3.9726094       4.188184       
0.93275862      3915.8861       4144.8848       4114.4517       3406.4849       -10.709908      2.7672741       4.1964143       4.4190218      
0.93448276      3910.2113       4138.0821       4108.3435       3404.4603       -10.463096      2.9697062       4.3992633       4.6305861      
0.9362069       3904.5611       4131.3421       4102.1742       3402.3514       -10.202982      3.1930958       4.6222234       4.8631053      
0.93793103      3899.3753       4125.0347       4096.2606       3400.3062       -9.9096617      3.4547666       4.8842713       5.1313993      
0.93965517      3894.0339       4118.6839       4090.2657       3398.156        -9.6635564      3.6758673       5.1055723       5.3547982      
0.94137931      3889.1339       4112.7236       4084.5224       3396.0874       -9.3914853      3.9288451       5.3605506       5.6196601      
0.94310345      3884.6008       4107.1481       4079.0359       3394.0366       -9.1375924      4.1681989       5.6032455       5.8750931      
0.94482759      3880.1726       4101.7159       4073.6364       3391.9623       -8.8407973      4.4550558       5.8922751       6.1742747      
0.94655172      3876.4146       4096.9432       4068.7508       3390.0787       -8.565828       4.7229559       6.1620491       6.4533129      
0.94827586      3872.4905       4092.076        4063.7792       3388.1465       -8.3364493      4.9443751       6.3861584       6.6849806      
0.95            3869.2054       4087.8361       4059.333        3386.4241       -8.0676276      5.2116779       6.6541488       6.9599744      
0.95172414      3865.8009       4083.5339       4054.8253       3384.6802       -7.7662993      5.5098108       6.9575237       7.274355       
0.95344828      3862.8209       4079.5971       4050.6666       3383.1261       -7.4671998      5.8112125       7.2619533       7.5868608      
0.95517241      3859.8402       4075.7576       4046.6274       3381.6353       -7.2058494      6.076651        7.5328576       7.8660779      
0.95689655      3857.2723       4072.3784       4042.989        3380.3305       -6.9423235      6.344711        7.8055853       8.145497       
0.95862069      3854.6998       4069.0414       4039.4178       3379.0257       -6.647687       6.6441764       8.1113053       8.4583967      
0.96034483      3852.4476       4066.0366       4036.162        3377.8982       -6.2804122      7.0145793       8.489254        8.8446466      
0.96206897      3850.5133       4063.3781       4033.2263       3376.9497       -5.9365734      7.358931        8.8423027       9.2052312      
0.9637931       3848.4318       4060.5963       4030.2091       3375.8845       -5.6401184      7.6534089       9.1470635       9.518315       
0.96551724      3846.5349       4058.0313       4027.4165       3374.9047       -5.3755644      7.9128203       9.4172417       9.7957162      
0.96724138      3844.6278       4055.5012       4024.671        3373.9401       -5.1317018      8.1487004       9.6663805       10.051808      
0.96896552      3843.1058       4053.2743       4022.2402       3373.0972       -4.8606007      8.4080879       9.9419923       10.339723      
0.97068966      3841.6178       4051.1381       4019.9055       3372.3403       -4.5696899      8.6834044       10.237869       10.651097      
0.97241379      3840.3313       4049.2451       4017.8404       3371.6665       -4.3194867      8.90809         10.486148       10.918219      
0.97413793      3839.0414       4047.4134       4015.8722       3371.1075       -3.9768652      9.2116164       10.815216       11.265219      
0.97586207      3837.9759       4045.7637       4014.1341       3370.6211       -3.6084928      9.5273866       11.160186       11.630648      
0.97758621      3836.8167       4044.1343       4012.4636       3370.1648       -3.2533831      9.8159248       11.481656       11.976848      
0.97931034      3835.8017       4042.6651       4010.9795       3369.8084       -2.8829387      10.105398       11.80571        12.328272      
0.98103448      3834.7019       4041.1496       4009.5486       3369.4752       -2.4677007      10.428298       12.16633        12.722365      
0.98275862      3833.646        4039.6937       4008.2111       3369.156        -2.1307007      10.662748       12.438441       13.025071      
0.98448276      3832.9588       4038.6068       4007.2303       3369.0472       -1.7513566      10.92797        12.737676       13.350384      
0.9862069       3832.1086       4037.3759       4006.204        3368.87         -1.3647524      11.195237       13.038749       13.679191      
0.98793103      3831.1643       4036.073        4005.1799       3368.7452       -0.91926982     11.522194       13.399412       14.065076      
0.98965517      3830.1196       4034.692        4004.182        3368.6053       -0.51182258     11.81349        13.731925       14.421777      
0.99137931      3829.0865       4033.2803       4003.232        3368.445        -0.15036484     12.058464       14.011925       14.726438      
0.99310345      3827.9868       4031.8204       4002.287        3368.2737       0.20186828      12.290551       14.277875       15.017394      
0.99482759      3826.8747       4030.4311       4001.4431       3368.1526       0.59103935      12.569877       14.594668       15.358679      
0.99655172      3825.6856       4028.9684       4000.5784       3368.0267       1.0129496       12.885125       14.946891       15.734212      
0.99827586      3824.3865       4027.4295       3999.7316       3367.8387       1.3887067       13.157465       15.25624        16.067813      
1               3823.2103       4025.8745       3998.9302       3367.6924       1.8101035       13.478294       15.612605       16.44732       
1.0017857       3819.9326       4021.2657       3995.1571       3365.1721       2.3156215       13.829859       15.995733       16.852779      
1.0035714       3818.3061       4019.5576       3994.3988       3364.8456       2.674332        14.090874       16.286948       17.155111      
1.0053571       3817.3354       4018.5874       3994.2452       3364.7342       3.0878354       14.395135       16.624927       17.511139      
1.0071429       3815.8722       4017.0968       3993.637        3364.3089       3.4948157       14.708948       16.967883       17.869594      
1.0089286       3814.3871       4015.5099       3992.9542       3363.9273       3.9647654       15.086137       17.373151       18.287571      
1.0107143       3812.6698       4013.6582       3992.0427       3363.6067       4.4489799       15.485885       17.797961       18.723749      
1.0125          3810.9416       4011.7639       3991.0643       3363.5719       4.9321096       15.888033       18.225421       19.161411      
1.0142857       3809.2609       4009.6411       3989.9261       3363.5981       5.3170712       16.197352       18.560106       19.507601      
1.0160714       3807.1859       4007.4108       3988.6523       3363.617        5.6950102       16.502849       18.889559       19.846859      
1.0178571       3805.0489       4005.1427       3987.3343       3363.6654       6.1020818       16.840548       19.248947       20.211333      
1.0196429       3802.8636       4002.8181       3985.9522       3363.6133       6.5108501       17.181585       19.609278       20.574644      
1.0214286       3800.5264       4000.3428       3984.445        3363.513        6.9355783       17.540988       19.987311       20.956569      
1.0232143       3798.0815       3997.7493       3982.8571       3363.5579       7.4557783       17.997789       20.461363       21.432374      
1.025           3795.5189       3995.0357       3981.1551       3363.4477       7.9145213       18.394088       20.873123       21.841847      
1.0267857       3793.0115       3992.3436       3979.4206       3363.2551       8.301944        18.719711       21.211705       22.173596      
1.0285714       3790.2932       3989.4488       3977.5306       3363.1586       8.7071132       19.06624        21.571142       22.528222      
1.0303571       3787.52         3986.4882       3975.5939       3363.1681       9.2290351       19.531067       22.046908       22.993634      
1.0321429       3784.6776       3983.4459       3973.5606       3363.1447       9.714522        19.962081       22.488606       23.42682       
1.0339286       3781.7794       3980.3653       3971.4741       3363.0834       10.240947       20.435043       22.970338       23.897296      
1.0357143       3778.7493       3977.1608       3969.2588       3362.8812       10.673574       20.815323       23.356637       24.268948      
1.0375          3775.6847       3973.8954       3966.9781       3362.6777       11.179594       21.271424       23.818135       24.719668      
1.0392857       3772.627        3970.6181       3964.6491       3362.5054       11.736301       21.780409       24.330487       25.219601      
1.0410714       3769.5252       3967.2751       3962.2123       3362.2664       12.153057       22.148798       24.695618       25.561455      
1.0428571       3766.2484       3963.7779       3959.6489       3362.0361       12.672365       22.623409       25.169291       26.013945      
1.0446429       3762.9668       3960.2661       3957.0436       3361.8243       13.248364       23.157586       25.702676       26.528469      
1.0464286       3759.7678       3956.8379       3954.4703       3361.7066       13.878229       23.743125       26.277153       27.066229      
1.0482143       3756.5099       3953.2669       3951.7519       3361.5713       14.507577       24.332756       26.858911       27.620172      
1.05            3753.2066       3949.7371       3948.992        3361.4925       15.160457       24.949489       27.467292       28.195196      
1.0517857       3749.8855       3946.1371       3946.1489       3361.3536       15.799488       25.553772       28.057098       28.741971      
1.0535714       3746.669        3942.6595       3943.3832       3361.3045       16.581809       26.303224       28.791833       29.442932      
1.0553571       3743.0927       3938.8171       3940.2981       3360.884        16.981576       26.672818       29.144843       29.746746      
1.0571429       3739.8772       3935.3185       3937.541        3360.8418       18.272773       27.935228       30.393404       30.956159      
1.0589286       3736.3615       3931.5255       3934.5032       3360.19         18.578118       28.210493       30.644291       31.143169      
1.0607143       3733.0512       3927.9153       3931.859        3360.0075       19.828181       29.435929       31.85439        32.310451      
1.0625          3729.4373       3924.019        3928.9421       3359.2761       20.19395        29.772731       32.16916        32.556138      
1.0642857       3726.177        3920.4135       3926.3222       3358.9294       21.36466        30.915243       33.295646       33.624824      
1.0660714       3722.7711       3916.692        3923.5194       3358.2183       22.025672       31.546177       33.906111       34.162057      
1.0678571       3719.3028       3912.903        3920.7421       3357.5496       23.114362       32.600571       34.94159        35.13376       
1.0696429       3715.957        3909.2315       3917.9756       3356.749        24.031692       33.484737       35.80196        35.906794      
1.0714286       3712.5743       3905.5209       3915.1801       3355.9515       25.127856       34.54598        36.839007       36.862915      
1.0732143       3709.1877       3901.8023       3912.3362       3354.9842       26.086569       35.468258       37.733982       37.665239      
1.075           3705.803        3898.0884       3909.5246       3353.9183       27.220875       36.568584       38.809293       38.645281      
1.0767857       3702.4699       3894.4087       3906.698        3352.7497       28.270405       37.58505        39.795059       39.521783      
1.0785714       3699.2202       3890.7957       3903.9589       3351.5461       29.507443       38.791882       40.970237       40.583867      
1.0803571       3695.9373       3887.1537       3901.18         3350.0676       30.794055       40.056153       42.198583       41.683368      
1.0821429       3692.7422       3883.5935       3898.4466       3348.1338       32.143907       41.391369       43.492478       42.838225      
1.0839286       3689.478        3879.9752       3895.6483       3346.0603       33.41704        42.656047       44.711836       43.923448      
1.0857143       3686.2626       3876.4102       3892.8792       3344.13         34.775609       44.011798       46.022405       45.096271      
1.0875          3683.1409       3872.929        3890.1734       3342.3285       36.207827       45.442242       47.409963       46.338195      
1.0892857       3679.9767       3869.4373       3887.4085       3340.547        37.505207       46.737919       48.668225       47.472446      
1.0910714       3676.7223       3865.8791       3884.5533       3338.9278       38.56698        47.796339       49.685913       48.362362      
1.0928571       3673.8164       3862.6982       3882.1012       3338.3098       40.610688       49.842766       51.691416       50.239901      
1.0946429       3670.5727       3859.1983       3879.2092       3337.1897       41.429723       50.667063       52.475786       50.88918       
1.0964286       3667.7134       3856.1044       3876.8872       3336.9537       43.969378       53.221549       54.992781       53.271578      
1.0982143       3664.491        3852.6566       3874.0145       3335.8285       44.770246       54.033017       55.770612       53.878655      
1.1             3661.8797       3849.8525       3871.9252       3335.7873       47.520824       56.80221        58.507846       56.446858      
1.1017241       3660.3976       3849.1393       3871.8254       3336.9083       48.186775       57.548817       59.232766       56.991101      
1.1033888       3659.6541       3849.18         3872.4853       3338.9913       50.914295       60.34103        61.992781       59.562226      
1.1050535       3656.2194       3845.3286       3869.0499       3337.1328       51.86637        61.323933       62.944189       60.267309      
1.1066587       3654.918        3844.5805       3869.0309       3338.6995       54.759376       64.256088       65.904755       62.993757      
1.1082066       3653.8419       3843.9471       3868.7808       3339.3949       55.602302       65.09073        66.807806       63.630989      
1.1096993       3652.9169       3843.4505       3868.8794       3340.8712       58.528337       68.023439       69.782432       66.324384      
1.1111386       3651.3511       3842.2233       3868.0554       3341.0389       59.492183       69.001235       70.759039       66.981609      
1.1125265       3650.4127       3841.6055       3867.9922       3342.3068       62.603772       72.148319       73.871174       69.812379      
1.1139144       3646.8249       3837.1682       3863.835        3339.6239       63.985958       73.584214       75.265077       70.909179      
1.1152509       3645.7982       3836.4978       3863.864        3341.1243       67.382738       77.075489       78.660679       74.064396      
1.1165874       3642.9086       3832.8575       3860.4121       3338.9685       68.640091       78.396391       79.939634       75.03619       
1.1178725       3642.396        3832.8509       3861.0966       3341.0515       72.11559        81.965405       83.429864       78.328847      
1.1191576       3639.668        3829.4381       3857.8721       3339.0372       73.439951       83.337744       84.769713       79.399595      
1.1204427       3637.0195       3826.1142       3855.0985       3338.1201       77.146075       87.086801       88.492948       83.001836      
1.1217278       3634.355        3822.8172       3852.0883       3336.4344       78.576524       88.529075       89.928943       84.255043      
1.122957        3635.0728       3824.4157       3854.3503       3339.8489       82.280306       92.245618       93.633796       87.73356       
1.1241863       3633.0227       3821.8423       3851.8861       3338.4317       83.765195       93.713167       95.12639        89.018954      
1.1254155       3630.897        3819.1373       3849.6504       3337.9057       87.688341       97.629371       99.055939       92.759184      
1.1266447       3628.4158       3816.1016       3846.8602       3336.35         89.168042       99.08705        100.53703       94.044751      
1.1278739       3627.0199       3814.253        3845.4309       3336.56         93.228505       103.12174       104.59122       97.900956      
1.1291032       3625.1096       3811.9133       3843.3268       3335.7272       95.127381       104.99081       106.50017       99.621159      
1.1303324       3623.9338       3810.3816       3842.2613       3336.4159       99.620336       109.4445        110.97479       103.97348      
1.1314893       3625.8432       3813.757        3846.0375       3340.5746       101.20488       110.98887       112.51884       105.4667       
1.1326462       3624.8719       3812.4278       3844.9335       3340.8728       105.67968       115.42844       116.97102       109.70038      
1.1338031       3622.3028       3809.2593       3841.9511       3339.0412       107.66707       117.39031       118.92138       111.48166      
1.1349601       3620.9118       3807.3811       3840.4149       3339.0701       112.37487       122.07219       123.60682       116.14694      
1.136117        3619.0181       3805.0101       3838.1929       3337.9408       114.50172       124.17285       125.75235       118.2442       
1.1372739       3617.8001       3803.434        3837.0166       3338.3456       119.13945       128.79557       130.47172       122.63421      
1.1383344       3621.6205       3809.589        3843.6502       3344.8652       120.87232       130.50596       132.20127       124.1904       
1.1393065       3626.4411       3816.9535       3851.3982       3352.3843       124.03754       133.65191       135.50039       127.34244      
1.1401977       3630.0544       3823.0116       3857.8308       3358.5131       126.59662       136.1972        138.05789       129.87206      
1.1410888       3626.5983       3818.5027       3853.0987       3354.8004       129.45242       139.10877       141.08241       132.7864       
1.1418989       3629.8416       3824.0965       3859.1676       3360.7393       132.36809       141.98344       143.91608       135.58019      
1.142574        3642.0163       3842.895        3878.8524       3378.1626       134.22364       143.6446        145.56956       137.31326      
1.1432491       3637.7318       3837.3043       3872.7064       3372.5093       136.56932       146.05175       148.13424       139.90579      
1.1439242       3630.894        3828.5274       3863.8875       3365.0147       139.5523        149.12016       151.16716       142.86031      
1.1446836       3616.4887       3807.8697       3842.449        3346.7483       142.84595       152.73291       154.87951       146.29285      
1.1454431       3612.7122       3802.8304       3837.675        3343.6645       146.00898       155.97479       157.89353       149.23637      
1.1460941       3622.907        3818.4797       3854.6919       3359.5814       148.15192       158.00396       159.76441       151.31853      
1.1467451       3622.6559       3817.8078       3853.5475       3358.6282       150.12521       160.09693       161.97217       153.74193      
1.1473961       3618.4361       3812.637        3848.6401       3355.0612       152.69292       162.69919       164.49382       156.33203      
1.1480471       3616.007        3809.2506       3845.2195       3352.6772       155.64096       165.67154       167.31895       159.18558      
1.148698        3613.4853       3805.9734       3842.0787       3350.6909       158.23972       168.27213       169.82196       161.71829      
1.149349        3611.6997       3803.5403       3839.7284       3349.406        160.81294       170.86951       172.24497       164.1444       
1.15            3610.2113       3801.511        3837.8488       3348.6636       163.59951       173.67524       174.95084       166.91405      
1.1505952       3615.664        3810.0203       3847.219        3357.6923       165.7829        175.74164       176.77459       168.83757      
1.1511905       3615.3118       3809.2002       3846.0872       3356.9108       168.01905       178.03318       179.0213        171.07613      
1.1517857       3612.3097       3805.4764       3842.5155       3354.4136       170.34222       180.4153        181.22019       173.1671       
1.152381        3610.5222       3802.9762       3839.9912       3352.7543       172.82934       182.99395       183.64881       175.49954      
1.1529762       3608.7665       3800.6488       3837.7756       3351.5559       175.4377        185.73707       186.14881       177.8388       
1.1535714       3607.5772       3798.9632       3836.1712       3350.9434       178.18188       188.61361       188.80057       180.28152      
1.1541667       3606.3207       3797.3001       3834.6411       3350.4457       180.68007       191.25055       191.17241       182.45758      
1.1547619       3605.4388       3796.0294       3833.4459       3350.1957       183.07262       193.74031       193.38433       184.46904      
1.1553651       3603.673        3793.4089       3830.8254       3348.7453       185.48694       196.34375       195.68966       186.56573      
1.1559683       3602.8184       3792.2546       3829.9096       3348.9171       188.07708       199.07674       198.10569       188.81129      
1.1565798       3601.6409       3790.3065       3828.0405       3348.1687       190.79886       202.02802       200.78068       191.38897      
1.1571914       3601.1545       3789.5716       3827.5902       3348.7545       193.33396       204.75251       203.21077       193.77501      
1.1578029       3601.0475       3789.2348       3827.4341       3349.4444       195.51392       207.13561       205.35494       195.83335      
1.1584235       3600.0419       3787.4861       3825.8123       3349.0188       198.4858        210.31703       208.32584       198.25982      
1.159044        3599.6395       3786.8807       3825.5741       3349.9469       201.43616       213.48578       211.24803       200.93071      
1.1596741       3598.9289       3785.428        3824.1999       3349.7026       204.36852       216.71424       214.21421       203.29126      
1.1603142       3597.5346       3783.311        3822.3234       3349.2223       207.30522       219.73932       217.11912       205.48161      
1.1609543       3597.6957       3783.324        3822.6714       3350.6924       210.36285       222.72788       220.00959       208.05912      
1.161605        3596.9604       3781.8724       3821.2925       3350.4782       213.09931       225.41821       222.68038       210.35225      
1.162267        3595.8158       3780.0518       3819.7356       3350.3483       216.37042       228.64945       225.91638       213.22437      
1.162929        3595.9557       3780.0886       3820.1441       3351.939        219.47741       231.7606        229.05028       216.09765      
1.163591        3596.4295       3780.4929       3820.7927       3353.5219       222.24744       234.51134       231.83647       218.34468      
1.1642652       3595.4831       3778.8331       3819.3165       3353.3962       225.67709       237.90339       235.33205       221.28076      
1.1649524       3594.0956       3776.7065       3817.4035       3352.8448       228.67229       240.96957       238.48393       223.85628      
1.1656534       3592.921        3774.7906       3815.7018       3352.5389       231.74966       244.07156       241.67789       226.69616      
1.1663689       3591.8238       3773.0033       3814.1707       3352.4651       234.96014       247.26487       244.93771       229.57909      
1.1670845       3592.5636       3773.7861       3815.2953       3354.6996       238.1367        250.68701       248.25992       232.60417      
1.167816        3591.6464       3772.2523       3813.9645       3354.8212       241.65376       253.87881       251.51525       235.54743      
1.1685644       3590.5765       3770.5199       3812.4764       3354.8701       245.42292       257.4051        255.06821       238.7314       
1.1693129       3590.9448       3770.9597       3813.353        3357.0337       249.21987       260.96708       258.64966       241.89034      
1.1700801       3590.0375       3769.3726       3811.9099       3356.9618       252.87145       264.43886       262.18154       244.72804      
1.1708674       3588.5508       3767.1697       3809.9586       3356.5598       256.64315       268.0858        265.86516       247.81478      
1.1716548       3588.9793       3767.676        3810.8557       3358.6174       260.22214       271.53268       269.32856       250.57945      
1.1724647       3588.0389       3765.9938       3809.3202       3358.509        264.30047       275.50497       273.31746       253.78718      
1.1732745       3588.3023       3766.3517       3810.1353       3360.574        268.31746       279.42599       277.16931       256.61847      
1.1740844       3589.0119       3767.1339       3811.2053       3362.6602       272.16155       283.22567       280.93624       259.31256      
1.1749204       3587.1408       3764.4146       3808.7407       3361.8263       276.73748       287.79029       285.50896       262.15839      
1.1757564       3587.927        3765.1705       3809.7753       3364.0161       281.34839       292.34681       289.90984       265.37852      
1.1765923       3588.1725       3765.5078       3810.585        3366.1348       286.09551       297.07051       294.60389       269.05239      
1.1774593       3586.5682       3762.8923       3808.1814       3365.4913       291.91783       302.83808       300.4047        272.85062      
1.1783262       3586.9459       3763.2589       3809.0271       3367.6874       297.19726       308.02207       305.63958       277.51613      
1.1791932       3587.4609       3763.8224       3809.9734       3369.8161       302.04299       312.78563       310.51131       280.85174      
1.1800601       3587.5229       3763.8773       3810.3823       3371.3244       306.23199       316.87322       314.69415       284.14913      
1.180891        3590.2619       3767.746        3814.7623       3376.1341       309.89206       320.39455       318.23289       286.38171      
1.1817596       3587.3003       3763.3433       3810.4331       3373.5569       315.33036       325.74405       323.81054       290.68324      
1.1826282       3586.9341       3762.7427       3810.316        3374.8004       320.87545       331.13166       329.14234       294.26166      
1.1834968       3586.8278       3762.464        3810.2564       3375.7382       324.89854       334.98452       333.02358       296.64079      
1.1843653       3586.1241       3761.6294       3809.7241       3376.1309       328.15499       338.1339        336.14669       298.35427      
1.1852339       3585.6195       3760.9517       3809.254        3376.5498       331.47191       341.34841       339.24476       299.86071      
1.1861025       3584.9835       3760.149        3808.7428       3377.02         335.10702       344.89759       342.69965       301.74481      
1.187029        3580.4484       3753.6483       3802.3339       3372.669        340.05578       349.79464       347.48456       304.86951      
1.1879555       3580.8145       3753.7568       3802.6806       3374.0777       344.38451       354.03499       351.41782       307.75204      
1.188882        3580.7135       3753.6845       3803.0633       3375.5546       348.31877       357.95719       355.14325       310.74745      
1.1898085       3580.9336       3753.8395       3803.4485       3376.706        351.96094       361.57035       358.50235       312.86249      
1.190735        3580.6921       3753.5118       3803.3985       3377.4365       355.59468       365.1488        361.86267       313.7492       
1.1916615       3580.2855       3752.9564       3803.0553       3377.7891       358.918         368.37973       364.98056       314.63208      
1.192588        3579.5778       3752.0895       3802.4437       3377.9231       362.23956       371.70062       368.12169       316.1415       
1.1935145       3579.0112       3751.352        3801.9822       3378.2597       365.95183       375.56139       371.87773       319.13994      
1.194441        3578.5268       3750.6834       3801.6099       3378.7715       370.01852       379.76502       375.85045       322.77564      
1.1953675       3578.1775       3750.1297       3801.3365       3379.399        374.3599        384.27871       380.17092       327.3242       
1.196294        3577.4347       3749.1948       3800.7315       3379.7716       378.42058       388.57462       384.18924       332.21568      
1.1972205       3577.2351       3748.7752       3800.6129       3380.6155       383.15811       393.45275       388.85396       338.04301      
1.198147        3576.2241       3747.5296       3799.5857       3380.3557       386.05047       396.40846       391.66403       342.43037      
1.1990735       3575.6322       3746.7234       3799.1225       3380.9117       390.35057       400.66965       395.94249       349.39981      
1.2             3575.0618       3745.9417       3798.6969       3381.6348       394.9068        405.18149       400.43433       357.04527      
1.2010417       3568.3241       3735.9245       3788.7336       3374.9281       402.44413       412.71243       407.9626        367.69607      
1.2021296       3565.8797       3732.2124       3785.5352       3374.0366       408.47037       418.72924       413.73555       376.40443      
1.2032176       3566.5868       3732.9944       3786.7637       3376.5496       412.28674       422.46736       417.35393       383.82394      
1.2043315       3566.3568       3732.3653       3786.5245       3377.9962       417.39526       427.50514       422.26264       390.92954      
1.2054453       3566.4674       3732.5385       3787.0171       3379.5735       420.49928       430.56058       425.31979       396.42538      
1.2065592       3566.635        3732.7175       3787.4373       3381.0666       423.9606        434.00175       428.98191       402.36782      
1.2077024       3565.0588       3730.4441       3785.3063       3380.3473       427.59716       437.75318       432.87172       407.85124      
1.2088456       3564.3932       3729.6711       3784.8103       3380.9803       430.71546       441.00485       436.38433       412.09197      
1.2099887       3564.2885       3729.4735       3784.867        3382.2175       434.75295       445.14977       440.88054       414.83987      
1.2111319       3563.5497       3728.6192       3784.2999       3382.8433       438.36422       448.82073       444.78115       418.49023      
1.2122751       3562.8317       3727.7017       3783.5608       3383.1665       441.61535       452.11112       448.26173       421.29076      
1.213454        3560.0312       3723.9222       3779.9162       3381.0451       444.87195       455.41078       451.78955       425.12125      
1.2146329       3559.5957       3723.2303       3779.4279       3381.7777       448.87663       459.44737       456.08488       429.64925      
1.2158118       3558.157        3721.6436       3778.1111       3381.5259       451.09881       461.6602        458.45206       432.11291      
1.2169907       3557.6563       3720.9566       3777.6679       3382.3416       455.23169       465.80109       462.73534       436.33509      
1.2181696       3556.1734       3719.2777       3776.2676       3382.1205       458.05003       468.61064       465.66959       439.39604      
1.2193485       3554.5309       3717.3644       3774.4526       3381.2193       459.72435       470.31094       467.58335       441.80146      
1.2205746       3551.3254       3712.9314       3770.0812       3378.4877       462.98875       473.59594       470.95758       445.81493      
1.2217516       3552.1716       3714.5483       3772.2365       3381.5885       466.62068       477.2287        474.71128       450.69888      
1.2229286       3551.3859       3713.5771       3771.415        3381.8424       469.87777       480.52667       478.11806       455.36517      
1.2241056       3548.9258       3710.8105       3768.7846       3380.1385       470.86443       481.50784       479.11549       457.51667      
1.2253387       3544.6644       3705.0564       3762.9523       3375.8298       472.71382       483.40207       481.05443       460.50234      
1.226513        3544.6034       3705.8665       3764.0897       3377.2683       472.63735       483.31112       481.07256       461.61749      
1.2276874       3543.2547       3704.2603       3762.3996       3376.2051       473.31859       483.96053       481.76432       463.01623      
1.2288617       3540.8017       3701.4403       3759.5892       3374.1417       473.4229        484.05348       481.92111       463.8256       
1.2300361       3539.1792       3699.4784       3757.827        3373.5597       476.02939       486.62265       484.5783        466.97279      
1.2312104       3537.2882       3697.2045       3755.5612       3372.0922       476.78158       487.44395       485.57519       468.52219      
1.2323848       3535.5152       3695.0711       3753.4783       3370.881        477.79373       488.58048       486.78687       470.02983      
1.2334857       3536.1852       3697.0691       3755.7609       3373.0601       476.79976       487.43309       485.81945       469.37393      
1.2346653       3531.1935       3689.8688       3747.973        3366.4392       477.10523       487.73183       486.20625       469.81391      
1.2358449       3528.6765       3686.9995       3745.7902       3366.1983       481.49338       492.05495       490.66174       474.54419      
1.2370245       3527.6005       3685.594        3744.3857       3365.5874       482.80239       493.27075       492.06796       476.12219      
1.2381058       3529.6443       3689.6271       3748.815        3369.6067       481.54046       491.95795       490.82861       475.05004      
1.2392952       3522.9138       3680.0353       3738.2934       3360.1104       479.71364       490.11532       489.03508       473.20884      
1.2404846       3519.1005       3675.8057       3734.5552       3357.8687       480.52211       490.92268       489.85583       474.06608      
1.2416741       3517.7886       3674.1556       3732.6628       3356.275        479.10545       489.49174       488.49811       472.85306      
1.2428635       3516.3942       3672.5944       3731.3653       3356.1372       480.85426       491.14201       490.17433       474.79533      
1.2440529       3514.2603       3670.191        3728.8731       3354.1612       479.45503       489.69918       488.79845       473.68325      
1.2452423       3511.9854       3667.6446       3726.2886       3352.1844       478.24295       488.38711       487.49868       472.68653      
1.2464317       3509.776        3665.1534       3723.7621       3350.2917       477.25599       487.26233       486.37782       471.90858      
1.2476212       3507.7696       3662.862        3721.4468       3348.6462       476.60731       486.65947       485.75042       471.71482      
1.2488106       3505.6303       3660.4683       3719.0698       3347.0059       476.07717       486.15338       485.19236       471.53904      
1.25            3504.129        3658.7431       3717.3577       3346.1045       476.64359       486.8363        485.83471       472.4874       
1.25125         3499.5835       3652.7607       3711.0753       3340.9409       475.59095       485.73337       484.64944       471.57688      
1.2525329       3496.4523       3648.862        3707.3347       3338.6191       476.38317       486.56355       485.38373       472.44476      
1.2536906       3499.0985       3653.859        3712.5943       3342.9888       472.60267       482.81981       481.61225       469.0839       
1.2548484       3498.261        3652.8965       3711.2427       3341.7337       471.50521       481.6727        480.49271       468.27427      
1.2560366       3494.3895       3648.0887       3706.5236       3338.4443       472.90259       482.99841       481.80656       469.92694      
1.2572248       3492.2723       3645.657        3704.289        3337.3355       474.3354        484.31919       483.18051       471.62755      
1.2584469       3489.8365       3642.275        3700.8537       3335.1126       475.98541       485.82308       484.72545       473.45926      
1.2597061       3487.0947       3638.6683       3697.4897       3333.3569       478.48827       488.16977       487.07704       475.8287       
1.2609653       3485.9658       3637.3914       3696.3446       3333.0838       479.19347       488.76235       487.6774        476.51298      
1.2622664       3483.7932       3634.3931       3693.3919       3331.4433       480.87097       490.29092       489.15014       477.86409      
1.2636141       3480.9859       3630.7349       3689.8767       3329.3851       482.18679       491.49034       490.3295        479.04397      
1.2649617       3479.6261       3629.3033       3688.5318       3328.7704       481.58781       490.7981        489.64033       478.41752      
1.2663093       3479.6304       3629.3633       3688.9395       3330.488        484.99879       494.08228       492.87884       481.66192      
1.2677131       3476.8973       3625.6851       3685.2508       3328.1353       486.29215       495.25862       494.03941       482.82287      
1.2691169       3475.6282       3624.3873       3684.3439       3328.5675       488.47611       497.40887       496.1995        485.10378      
1.2705207       3474.2435       3622.9156       3682.7994       3327.5216       487.36887       496.20434       495.00725       483.99868      
1.2719244       3472.4884       3621.0617       3680.9509       3326.327        486.53371       495.27389       494.09465       483.16659      
1.2733282       3470.6585       3619.0862       3678.9752       3325.0462       485.89942       494.48496       493.35465       482.52542      
1.274732        3468.8809       3617.119        3676.9605       3323.6827       485.22075       493.72083       492.61645       481.90076      
1.2760619       3469.3259       3618.6055       3678.6371       3325.5141       484.39096       492.88439       491.73888       481.16253      
1.27747         3464.5686       3612.3048       3671.9423       3319.8167       483.24085       491.66322       490.49171       479.96785      
1.2788781       3461            3608.441        3668.3242       3317.2798       482.21832       490.70078       489.45523       478.97766      
1.2802863       3459.1763       3606.424        3666.3387       3315.9792       481.55796       490.02646       488.75724       478.33234      
1.2816944       3456.9218       3604.0182       3664.0952       3314.6401       481.21944       489.7258        488.40188       478.01519      
1.2831025       3454.8818       3601.8088       3662.0382       3313.4807       481.24407       489.78547       488.42841       478.12107      
1.2845106       3452.6722       3599.4084       3659.7975       3312.1553       481.13317       489.71901       488.34817       478.17546      
1.2859188       3450.4138       3596.9533       3657.5404       3310.8415       481.13493       489.7671        488.35894       478.28275      
1.2874833       3443.603        3587.6838       3648.0664       3303.272        481.125         489.76848       488.36072       478.34931      
1.2890479       3442.4032       3586.4753       3647.8953       3305.4436       486.80281       495.62499       494.20259       484.31963      
1.2906125       3441.2707       3585.34         3646.9166       3305.1893       486.41462       495.16921       493.79383       484.06579      
1.2921771       3439.1378       3583.1997       3645.0079       3304.1502       485.60944       494.34303       493.06048       483.4802       
1.2937417       3436.9854       3580.9896       3643.0306       3302.972        485.06974       493.71422       492.54998       483.0453       
1.2953063       3434.6964       3578.5833       3640.8502       3301.6828       484.86011       493.40134       492.38459       482.94802      
1.2968708       3432.6432       3576.353        3638.7683       3300.3861       484.68716       493.11798       492.2617        482.90542      
1.2984354       3430.1523       3573.7147       3636.383        3298.9421       484.72338       493.065         492.3771        483.20998      
1.3             3427.619        3571.0406       3634.0217       3297.6287       485.22116       493.42212       492.91846       483.88659      
1.3016667       3424.4487       3566.4425       3629.7547       3295.5312       490.4466        498.37255       497.96273       488.93186      
1.3033333       3421.2029       3563.1068       3627.0062       3294.0779       490.67836       498.26866       498.03195       489.189        
1.305           3419.7799       3561.6353       3625.6829       3293.5179       490.69564       498.1454        498.08675       489.56519      
1.3066667       3418.6515       3560.6721       3624.9849       3294.1304       493.28758       501.38938       501.47904       493.28812      
1.3083333       3416.6048       3558.1999       3622.9711       3292.6032       492.63632       501.30436       501.59199       493.76388      
1.31            3414.8411       3555.8948       3621.1534       3291.2621       492.58441       501.44214       501.94442       494.43         
1.3117391       3412.7964       3552.8567       3618.5741       3290.602        498.60033       507.52127       508.19492       500.80223      
1.3134783       3410.0818       3549.9367       3615.9391       3288.7951       498.56045       507.42847       508.27316       501.1508       
1.3151383       3410.5566       3551.1318       3617.3407       3290.257        498.42787       507.2558        508.27963       501.49064      
1.3167984       3409.1005       3549.403        3615.5205       3288.7391       498.20332       506.99098       508.19791       501.64896      
1.3185459       3406.3502       3545.3497       3611.7483       3286.9529       503.70329       512.44032       513.79858       507.34269      
1.3202933       3403.8518       3542.521        3609.1847       3285.3923       504.0627        512.7487        514.26132       508.06228      
1.3218568       3406.5672       3547.358        3614.7061       3290.8887       504.57787       513.22704       514.891         509.03859      
1.3234203       3405.9656       3546.4239       3613.4228       3289.8105       504.9942        513.64629       515.45539       509.58282      
1.3250816       3401.4649       3540.171        3607.1807       3285.5139       508.7374        517.40998       519.38658       513.67013      
1.326639        3400.5931       3540.2431       3607.8258       3286.7049       508.59455       517.29834       519.33145       513.73605      
1.3281964       3399.7228       3538.9336       3606.0785       3284.9739       507.55961       516.27944       518.4844        513.25601      
1.3298736       3394.6181       3531.9474       3599.1242       3279.9395       510.15326       518.90135       521.29301       516.2726       
1.3317033       3391.3716       3526.7834       3594.3581       3277.9477       517.65271       526.36791       528.94083       523.91679      
1.3337362       3387.1487       3520.6816       3588.6895       3274.9253       522.73193       531.39382       534.27464       529.15519      
1.3357692       3386.5796       3520.2313       3589.027        3277.024        526.38838       535.13491       538.30529       533.2787       
1.3378022       3386.5745       3520.3993       3589.6006       3278.7823       529.03294       537.77262       541.26047       536.58637      
1.3398351       3385.028        3518.8538       3588.2246       3278.2793       529.18371       537.94924       541.7133        537.2755       
1.3418681       3383.9144       3517.7118       3587.5063       3279.0212       532.75089       541.48875       545.52102       541.26474      
1.3439011       3382.2562       3515.8918       3585.903        3278.5746       534.7712        543.49219       547.85252       543.92729      
1.3459341       3380.5437       3514.0613       3584.6179       3279.066        539.34609       548.02474       552.72488       549.07575      
1.347967        3378.8077       3512.1229       3583.0452       3279.0268       542.99512       551.59603       556.69652       553.28829      
1.35            3376.5408       3509.6676       3581.0557       3278.6937       546.57365       555.08887       560.56605       557.21448      
1.3520833       3373.4377       3505.9606       3577.8579       3277.5827       551.26074       559.72768       565.65002       562.45737      
1.3541667       3371.0574       3503.4346       3576.0771       3278.006        556.70075       565.09924       571.44552       568.43907      
1.35625         3369.386        3501.5995       3574.8161       3278.753        562.26408       570.56509       577.37859       574.52123      
1.3583333       3367.6815       3499.748        3573.688        3279.9652       569.25832       577.35261       584.70493       582.01054      
1.3604167       3364.9323       3496.848        3571.5168       3280.0363       574.7168        582.69362       590.58621       587.91126      
1.3623958       3363.6864       3496.3343       3571.8374       3282.0632       579.21564       587.08571       595.49907       592.69621      
1.364375        3361.7898       3494.1416       3570.0455       3282.116        584.64746       592.29498       601.30547       598.37401      
1.3663542       3358.9485       3490.9466       3567.4556       3281.7219       590.30256       597.85335       607.37585       604.07587      
1.3683333       3355.7292       3487.4894       3564.9142       3281.82         597.27432       604.71508       614.7686        610.99647      
1.3703125       3353.1412       3484.6763       3563.0423       3282.7329       605.40459       612.79146       623.39765       619.29966      
1.3722917       3349.9993       3481.2998       3560.4889       3282.719        611.76006       619.20535       630.386         625.87862      
1.3742708       3347.0201       3478.1215       3558.1409       3282.9875       618.58898       626.0882        637.85986       632.81906      
1.37625         3344.4382       3475.2831       3556.0475       3283.4276       625.48654       633.04159       645.34033       639.74632      
1.3782292       3341.5407       3472.1296       3553.6026       3283.4343       631.70893       639.38879       652.16821       645.93152      
1.3802083       3337.9876       3468.2782       3550.3235       3282.2667       635.71578       643.48205       656.74993       649.81196      
1.3821875       3334.8081       3464.7825       3547.366        3281.4329       640.18809       648.07337       661.80844       654.23966      
1.3841667       3332.4257       3462.1131       3545.414        3281.9844       647.13823       655.12321       669.31725       661.17479      
1.3861458       3330.1284       3459.5469       3543.5634       3282.6744       654.43144       662.42435       677.08492       668.37613      
1.388125        3327.5424       3456.6864       3541.3132       3282.7702       660.69087       668.72477       683.7715        674.42353      
1.3901042       3325.1363       3453.8901       3539.0487       3282.7489       666.61091       674.5316        689.90965       680.03517      
1.3920833       3323.2197       3451.6258       3537.3404       3283.3732       673.61957       681.46668       697.117         686.79722      
1.3940625       3321.4917       3449.5479       3535.8486       3284.3076       681.29863       689.12671       704.95514       694.17477      
1.3960417       3319.4897       3447.1008       3533.7342       3284.1889       686.93969       694.66511       710.55374       699.30808      
1.3980208       3317.2515       3444.4827       3531.5922       3284.296        693.3708        700.96066       716.84211       705.18497      
1.4             3315.4647       3442.4876       3530.0007       3285.0351       700.86401       708.27455       724.09906       712.1461       
1.4020833       3312.7886       3438.4863       3526.1959       3283.911        709.25091       716.59928       732.2389        720.10168      
1.4041667       3311.121        3436.4951       3524.9994       3285.6527       718.92061       725.87507       741.16336       729.02675      
1.40625         3309.4282       3434.7244       3523.8822       3287.3323       728.32857       734.98201       749.90507       737.94106      
1.4083333       3308.2741       3433.3209       3522.9277       3288.9355       737.49717       743.78815       758.30637       746.72156      
1.4105263       3304.4074       3428.3468       3518.4381       3287.5791       746.70152       752.82077       766.70298       755.6659       
1.4127193       3301.7051       3425.4483       3516.1137       3287.9569       754.47588       760.10856       773.13935       762.69507      
1.4149123       3299.8354       3423.234        3514.5488       3289.1935       763.63075       768.92039       781.25724       771.65759      
1.4171053       3297.6952       3420.8305       3512.6837       3290.0649       772.33995       777.21122       788.82076       780.02293      
1.4192982       3294.9065       3417.9094       3510.2206       3290.2921       780.36785       784.89293       796.06096       787.81675      
1.4214912       3293.2379       3415.7471       3508.6939       3291.7212       790.57621       794.8578        805.72335       798.0345       
1.4236842       3290.7713       3412.9294       3506.5589       3292.6183       800.34042       804.4474        814.97662       807.76964      
1.4258772       3288.5429       3410.3324       3504.4625       3293.3583       809.65911       813.62431       823.75561       817.01783      
1.4280702       3285.9807       3407.4022       3502.1963       3294.1651       819.6063        823.49715       833.38931       827.05221      
1.4302632       3283.8322       3404.8186       3500.0647       3294.8608       829.00031       832.83966       842.3444        836.58395      
1.4324561       3281.7792       3402.3769       3498.1875       3296.0258       839.4114        843.20729       852.21905       847.125        
1.4346491       3280.0425       3400.2435       3496.6102       3297.5616       850.50689       854.30459       862.90755       858.54568      
1.4368421       3277.6479       3397.4278       3494.2292       3298.0304       859.86094       863.62544       871.72386       868.04967      
1.4390351       3275.6172       3394.9544       3492.1045       3298.6169       869.13668       872.91261       880.55573       877.55014      
1.4412281       3273.8147       3392.7242       3490.2888       3299.7017       879.46409       883.38932       890.57317       888.17204      
1.4434211       3272.0495       3390.573        3488.6698       3301.183        890.71432       894.88807       901.55703       900.48347      
1.445614        3270.0609       3388.1893       3486.7716       3302.3134       901.49457       906.12458       911.97464       916.36783      
1.447807        3268.2372       3385.9509       3484.9503       3303.4354       912.12938       917.35322       922.211         936.49482      
1.45            3266.4857       3383.7612       3483.0989       3304.4493       922.57615       928.52444       932.09967       958.59147      
1.452381        3262.5165       3378.1019       3477.4436       3302.0851       932.92837       940.37715       942.32275       983.3782       
1.4548872       3259.022        3373.4959       3473.2457       3301.4631       944.23023       953.48602       953.21677       1010.8866      
1.4573935       3257.181        3371.387        3471.7106       3303.2344       955.9934        966.5866        964.66831       1039.7798      
1.4598997       3255.8306       3369.7329       3470.3228       3304.7966       967.09145       979.33924       975.458         1066.502       
1.462406        3254.224        3367.7657       3468.5689       3305.9895       978.09074       992.53399       986.23835       1094.095       
1.4649123       3252.1025       3365.2169       3466.1227       3306.3429       988.00085       1004.9741       995.789         1122.4594      
1.4676113       3248.8091       3360.4893       3461.4301       3305.247        1000.3328       1020.1265       1008.2977       1155.7717      
1.4703104       3246.8302       3358.2027       3459.8825       3307.7137       1015.395        1035.3416       1023.151        1193.0809      
1.4730094       3245.6693       3356.6867       3458.6567       3309.8274       1028.8429       1047.2597       1036.1726       1229.8716      
1.4757085       3243.6047       3354.3055       3456.7465       3311.5381       1042.6508       1057.18         1049.3712       1272.3342      
1.4784076       3241.8658       3352.1118       3454.7346       3312.7425       1055.1143       1065.4043       1061.0951       1333.872       
1.4811066       3239.5827       3349.3673       3452.163        3313.3132       1066.7223       1072.7552       1072.1416       1454.6861      
1.4838057       3236.9641       3346.2248       3449.0581       3313.1017       1076.7262       1078.6468       1081.4663       1584.2075      
1.4865047       3234.7142       3343.4982       3446.566        3313.8892       1088.6885       1089.2158       1092.981        1717.847       
1.4892038       3232.2216       3340.4626       3443.5593       3313.8095       1098.6585       1098.5643       1102.6942       1850.7476      
1.4919028       3229.7103       3337.408        3440.4858       3313.5444       1107.8082       1107.1718       1111.9058       1984.718       
1.4946019       3227.1711       3334.3173       3437.3253       3313.0759       1115.7836       1115.0775       1120.6208       2127.5033      
1.4973009       3225.7098       3332.3655       3435.5526       3314.4224       1127.0378       1126.4522       1133.8084       2293.4995      
1.5             3223.044        3329.1571       3432.2846       3313.7191       1134.8328       1134.2515       1144.676        2443.0684      
1.5027778       3220.1773       3325.3958       3428.4905       3312.8301       1144.0431       1143.4864       1158.6897       2512.6655      
1.5055556       3218.1243       3322.8373       3426.0426       3313.224        1153.8693       1153.1806       1175.1055       2568.9914      
1.5083333       3216.2712       3320.4957       3423.7575       3313.689        1163.4437       1162.9817       1193.1203       2632.3429      
1.5111111       3214.9906       3318.7418       3422.1548       3314.9923       1174.4708       1174.3279       1214.4537       2682.302       
1.5138889       3212.9559       3316.172        3419.5441       3314.8707       1182.9497       1183.2499       1235.542        2726.2925      
1.5166667       3210.6735       3313.3546       3416.7233       3314.5298       1191.3171       1191.8302       1261.723        2628.4338      
1.5194444       3209.0179       3311.1497       3414.4882       3314.7167       1200.2349       1201.0238       1295.2006       2523.647       
1.5222222       3207.375        3309.0301       3412.6388       3315.805        1211.0365       1212.2579       1341.3769       2436.3368      
1.525           3206.0926       3307.2328       3410.9779       3316.7242       1221.0442       1223.9099       1406.8581       2285.3978      
1.5277778       3203.8304       3304.488        3408.5312       3317.0619       1230.798        1235.3683       1497.501        2190.4905      
1.5305556       3202.5218       3302.6686       3406.9112       3318.0523       1241.1619       1246.1709       1639.623        2223.6001      
1.5333333       3200.5984       3300.2803       3404.8888       3318.8504       1251.9616       1258.1549       1925.0918       2259.8237      
1.5361111       3198.666        3297.8252       3402.6653       3319.3069       1261.9606       1270.2067       2245.7357       2277.3823      
1.5388889       3196.3591       3295.0535       3400.2734       3319.7674       1272.3724       1285.1449       2537.1255       2297.059       
1.5416667       3194.4257       3292.614        3398.1541       3320.5071       1282.4253       1302.2137       2644.5423       2319.0396      
1.5444444       3192.4945       3290.1766       3396.0133       3321.1714       1292.4608       1325.8806       2676.2911       2343.2679      
1.5472222       3190.5826       3287.8385       3394.3539       3322.9407       1305.4223       1359.2146       2708.0294       2366.8673      
1.55            3190.2046       3286.9844       3394.0086       3326.0415       1320.0807       1416.0229       2729.7026       2389.4587      
1.5526316       3189.7537       3286.772        3394.6409       3330.1513       1335.2508       1489.901        2746.9789       2402.7161      
1.5552632       3190.3726       3286.912        3395.4074       3334.9377       1353.6033       1585.4419       2763.2453       2421.6287      
1.5578947       3189.0519       3285.1535       3394.6864       3338.6225       1372.0741       1729.6814       2779.1869       2459.9252      
1.5605263       3189.0056       3284.6165       3394.9093       3343.0715       1390.4253       2010.0997       2687.4653       2515.6238      
1.5631579       3188.6018       3283.9233       3395.7675       3349.8939       1415.8872       2282.1723       2526.1233       2604.7651      
1.5657895       3189.047        3284.0822       3397.4529       3357.8064       1444.4287       2533.7829       2356.5548       2778.1595      
1.5684211       3190.0736       3284.783        3399.1147       3361.7537       1474.7347       2640.8524       2168.8491       3051.1547      
1.5710526       3191.8476       3286.1789       3401.6952       3369.729        1523.8843       2684.6453       2151.128        3389.575       
1.5736842       3193.9785       3288.3499       3406.433        3382.5107       1573.6633       2699.5959       2164.7678       3701.5357      
1.5763158       3194.9623       3288.997        3408.5974       3391.9756       1620.91         2706.8907       2178.2283       3926.7097      
1.5789474       3197.2615       3291.4057       3413.9573       3406.794        1678.7755       2709.1883       2189.7549       4031.4552      
1.5815789       3200.2268       3294.5186       3420.3542       3424.8628       1725.1758       2721.3116       2207.2273       4085.4868      
1.5842105       3203.008        3297.5104       3426.542        3441.594        1772.2676       2730.7579       2220.9815       4143.7954      
1.5868421       3206.6118       3301.1549       3432.9216       3457.3596       1823.0273       2739.0106       2229.8727       4196.3854      
1.5894737       3210.611        3304.7249       3439.0495       3473.185        1877.2716       2692.989        2245.4597       4241.5865      
1.5921053       3214.2585       3308.5337       3446.2563       3493.1132       2012.1663       2553.358        2261.1422       4277.3749      
1.5947368       3217.767        3312.4423       3454.0178       3514.6485       2150.2214       2406.0149       2281.3693       4312.2167      
1.5973684       3222.5845       3316.3852       3460.17         3531.9245       2257.6319       2267.418        2303.9036       4341.9938      
1.6             3225.8156       3319.105        3466.0344       3548.4588       2350.409        2203.1788       2408.3363       4368.1727      
1.6026316       3229.7739       3322.5035       3471.8246       3562.4918       2428.9341       2210.6729       2628.1117       4393.9879      
1.6052632       3232.2636       3324.1285       3474.323        3570.323        2480.7392       2224.2573       2922.5857       4416.0582      
1.6078947       3234.2436       3325.9215       3477.1398       3580.2002       2523.1925       2244.9781       3179.2737       4435.4356      
1.6105263       3236.2573       3327.7287       3480.2627       3590.6113       2550.0806       2267.2007       3321.4067       4452.5407      
1.6131579       3237.4812       3328.3648       3481.0259       3593.798        2565.7269       2293.8758       3375.5306       4466.7317      
1.6157895       3238.9514       3329.203        3481.9817       3596.0113       2564.7722       2315.6627       3400.2121       4480.6638      
1.6184211       3240.0443       3329.6135       3482.2569       3597.7041       2547.498        2338.5077       3418.185        4492.981       
1.6210526       3239.9892       3328.7564       3480.788        3597.2021       2496.0425       2360.2362       3437.3645       4502.8716      
1.6236842       3239.919        3327.7957       3479.2895       3596.9597       2445.0484       2388.3531       3456.0746       4512.6624      
1.6260766       3242.5582       3330.5875       3482.2097       3602.6424       2422.9123       2429.2371       3474.9505       4524.9814      
1.6284689       3243.219        3330.2307       3480.8331       3600.1181       2474.5934       2536.0231       3487.8059       4530.8906      
1.6308612       3243.1138       3329.4025       3480.2919       3602.4905       2511.2538       2703.782        3498.5077       4534.6839      
1.6332536       3242.8422       3328.2048       3478.2504       3600.2338       2555.6418       2889.5857       3512.2325       4539.6505      
1.6356459       3242.8409       3327.4966       3477.5799       3601.598        2603.1452       3068.6674       3524.3711       4543.8252      
1.6380383       3242.6799       3326.537        3476.3026       3601.3957       2645.1147       3194.3444       3536.2792       4548.2612      
1.6404306       3243.3178       3326.5656       3476.5033       3602.7063       2684.6899       3257.5726       3544.711        4549.992       
1.642823        3243.8875       3326.4535       3476.4332       3604.1881       2708.2063       3273.8374       3552.985        4551.5311      
1.6452153       3243.523        3325.4547       3475.5555       3605.4195       2710.9251       3279.2021       3560.6517       4551.9213      
1.6476077       3244.0504       3325.3202       3475.7464       3607.5049       2730.6869       3281.6067       3568.0196       4551.0306      
1.65            3245.3052       3325.9915       3476.9357       3611.973        2752.852        3287.1922       3576.9682       4550.0787      
1.6522727       3247.1807       3327.7814       3479.5203       3618.2182       2783.2925       3295.0067       3584.907        4549.8836      
1.6545455       3249.4281       3329.5497       3482.0006       3624.3599       2822.3172       3307.6793       3592.1898       4546.0086      
1.6568182       3248.8183       3328.0515       3479.5903       3620.4727       2909.6959       3315.5189       3597.0332       4539.0129      
1.6590909       3249.5364       3328.1808       3480.1565       3623.6294       3060.7451       3320.874        3602.0284       4528.9259      
1.6613636       3250.5306       3328.6355       3481.3369       3628.4549       3242.4249       3327.07         3607.4839       4516.7291      
1.6636364       3251.4302       3329.0664       3482.6896       3634.0077       3390.0159       3331.6453       3610.8978       4503.2688      
1.6659091       3253.3313       3330.5242       3485.3251       3641.7359       3491.6513       3335.5935       3614.1305       4488.8837      
1.6681818       3255.2574       3331.9725       3487.8053       3648.9086       3553.9931       3338.621        3618.2917       4474.4359      
1.6704545       3257.1536       3333.4162       3490.3341       3655.9538       3567.3661       3341.4456       3623.5059       4466.7627      
1.6727273       3259.3532       3335.1433       3492.5949       3659.6836       3562.9495       3344.4102       3626.5752       4463.0503      
1.675           3261.4024       3336.6439       3494.5699       3664.0538       3558.9746       3345.5145       3628.8299       4458.1186      
1.6772727       3262.9786       3337.6175       3495.6737       3665.8785       3556.0289       3347.0611       3631.9486       4453.6411      
1.6795455       3263.5975       3337.4064       3495.1794       3665.2746       3553.9622       3351.6201       3636.1724       4449.5956      
1.6818182       3263.6721       3336.6186       3493.4069       3661.6672       3548.7756       3355.4478       3640.6291       4445.0255      
1.6840909       3264.5207       3336.7952       3493.5324       3663.0565       3548.0866       3358.8947       3644.6323       4440.6595      
1.6863636       3266.1225       3337.6849       3494.1355       3663.7883       3546.6016       3362.0784       3648.2087       4435.9685      
1.6886364       3267.7052       3338.6713       3495.3394       3666.5502       3547.9292       3363.8402       3648.4404       4428.389       
1.6909091       3268.6844       3338.956        3495.3722       3667.3049       3546.9202       3365.1827       3647.1624       4420.5058      
1.6931818       3269.3034       3338.8729       3494.8989       3667.2192       3543.783        3366.2373       3644.0205       4411.8676      
1.6954545       3269.6842       3338.5231       3494.0477       3666.6824       3540.135        3367.2496       3633.0804       4402.9133      
1.6977273       3269.8249       3337.9473       3492.9437       3665.9629       3536.3215       3366.8827       3620.498        4393.4496      
1.7             3271.1612       3338.7709       3494.2925       3673.4856       3530.6949       3365.8621       3610.5823       4385.3667      
1.7022727       3272.4719       3339.5294       3495.1971       3677.8643       3527.2135       3366.2541       3605.2205       4374.25        
1.7045455       3272.8975       3339.2048       3493.8963       3676.9903       3520.184        3364.2714       3603.8512       4363.4676      
1.7068182       3273.98         3339.6106       3493.5254       3677.1461       3515.1492       3364.4486       3603.8422       4352.631       
1.7090909       3275.3055       3340.4153       3494.089        3683.1738       3507.8387       3364.2138       3603.5568       4342.0866      
1.7113636       3277.3082       3341.7857       3494.5234       3681.3139       3504.6121       3365.1278       3603.7116       4334.7765      
1.7136364       3278.8255       3342.424        3494.5563       3679.367        3501.5038       3366.0883       3604.3251       4329.8294      
1.7159091       3280.11         3342.925        3493.9278       3675.5971       3500.5513       3366.8569       3605.3028       4323.8106      
1.7181818       3280.7912       3342.7772       3492.2337       3668.8119       3499.191        3360.049        3604.6581       4316.6771      
1.7204545       3282.4343       3343.7108       3492.0309       3665.9874       3497.7927       3353.661        3603.7843       4309.3439      
1.7227273       3283.467        3344.0444       3490.8547       3662.6801       3497.0039       3349.6099       3603.5163       4300.6646      
1.725           3284.0577       3343.699        3488.7377       3656.9938       3494.9229       3347.1049       3601.592        4286.5139      
1.7272727       3283.9893       3342.6886       3484.884        3649.2627       3490.793        3347.7906       3599.0052       4270.7635      
1.7295455       3283.765        3341.5811       3481.1193       3645.4942       3484.0759       3347.2887       3594.9308       4253.9753      
1.7318182       3283.7414       3340.8375       3480.7898       3638.3917       3476.5159       3345.8456       3589.8954       4236.7787      
1.7340909       3283.6319       3339.9837       3479.7729       3631.8163       3469.6429       3344.1243       3583.6259       4218.3413      
1.7363636       3283.7449       3339.3277       3476.4098       3630.7671       3463.4696       3342.8986       3578.2913       4200.2447      
1.7386364       3283.8939       3338.6404       3473.9312       3626.3322       3457.3047       3342.4739       3573.2039       4181.9876      
1.7409091       3284.419        3338.3481       3471.3283       3622.1262       3453.3054       3342.1728       3568.3213       4166.0015      
1.7431818       3284.666        3337.7712       3469.459        3615.5563       3448.7437       3341.1343       3562.757        4149.5379      
1.7454545       3285.0292       3337.3283       3467.8086       3608.6728       3442.3966       3340.4979       3557.5436       4133.0206      
1.7477273       3285.3352       3336.8705       3466.0413       3603.2893       3431.9854       3339.3488       3552.0887       4115.6597      
1.75            3285.5898       3336.3047       3464.1924       3598.888        3421.6116       3337.8768       3546.3881       4097.7895      
1.7521739       3286.4835       3336.5586       3463.041        3596.7259       3412.0718       3336.1396       3546.2934       4080.7468      
1.7543478       3286.8117       3336.2184       3460.0863       3590.8151       3406.5195       3336.2602       3547.7926       4064.0281      
1.7565217       3286.4203       3335.0966       3457.3685       3584.1798       3399.3723       3334.3921       3548.6268       4047.4922      
1.7586957       3285.9609       3333.7778       3453.9031       3577.0453       3393.4073       3331.5193       3546.8667       4028.404       
1.7608696       3285.6357       3332.6821       3451.0093       3572.0833       3388.9666       3330.4907       3541.0999       4011.3868      
1.7630435       3285.7648       3332.107        3449.3922       3567.1935       3383.7044       3329.0009       3534.5182       3993.4409      
1.7652174       3285.6603       3331.2489       3446.8025       3561.6525       3378.8613       3327.5117       3527.8449       3976.9079      
1.7673913       3285.3686       3330.203        3443.9156       3556.028        3374.9214       3326.9103       3521.3874       3960.443       
1.7695652       3285.4834       3329.5922       3441.4692       3551.4674       3371.3503       3326.2541       3514.429        3940.6784      
1.7717391       3285.9112       3329.1802       3438.2251       3546.221        3367.6003       3325.7785       3507.6665       3921.279       
1.7740942       3284.0269       3325.9536       3434.7391       3538.1639       3362.6134       3323.8601       3499.2029       3898.7687      
1.7764493       3283.0223       3323.9973       3431.0737       3532.5474       3357.27         3322.0778       3491.0704       3875.9234      
1.7788043       3283.0745       3322.9879       3427.0462       3527.2513       3353.8878       3325.3337       3484.4705       3854.5852      
1.7811594       3283.8809       3322.9165       3424.4595       3520.6662       3352.3734       3331.9442       3478.6735       3835.0696      
1.7835145       3283.7727       3321.882        3421.3533       3511.8103       3349.6779       3336.4998       3471.9701       3817.1288      
1.7858696       3283.2032       3320.4428       3418.1199       3502.8718       3344.9676       3340.9128       3465.3831       3804.635       
1.7882246       3283.1165       3319.463        3415.1371       3495.1913       3342.3149       3342.5532       3460.7203       3796.6629      
1.7905797       3282.7078       3318.1075       3411.7237       3487.4884       3339.0945       3340.6725       3455.3653       3788.8438      
1.7929348       3282.4416       3316.9095       3408.4146       3479.8991       3335.4904       3338.3717       3449.4658       3782.102       
1.7952899       3281.1458       3314.6739       3404.0892       3471.2097       3331.2899       3335.0859       3443.7542       3775.594       
1.7976449       3278.6838       3311.2454       3398.5266       3461.3636       3326.182        3330.4337       3437.5986       3767.7129      
1.8             3276.5372       3308.1293       3393.3144       3452.1946       3321.321        3325.3687       3431.0435       3755.1147      
1.8025          3274.4959       3304.9232       3388.353        3440.4661       3317.2836       3320.7407       3424.2265       3739.7284      
1.805           3273.2989       3302.5638       3383.903        3429.928        3315.0266       3316.1772       3418.2023       3724.5074      
1.8075          3273.5233       3302.1731       3381.9776       3416.4545       3318.0213       3312.1326       3412.6337       3709.9885      
1.81            3273.1807       3301.4641       3379.224        3405.4325       3320.6681       3307.3494       3406.2293       3694.7965      
1.8125          3272.8165       3300.4316       3376.5924       3397.7226       3322.256        3301.6745       3399.3816       3679.0643      
1.815           3272.2446       3299.704        3374.2841       3391.129        3325.1576       3296.964        3393.9804       3664.0931      
1.8175          3272.514        3298.9635       3371.6156       3384.4711       3327.8091       3293.9589       3388.6983       3649.6715      
1.82            3270.9221       3296.1952       3366.2864       3375.0855       3322.3245       3288.3516       3381.281        3633.9823      
1.8225          3267.9382       3293.1314       3361.8438       3365.7058       3317.3874       3283.05         3373.3024       3617.4666      
1.825           3265.9945       3290.3372       3356.4902       3358.0871       3312.1771       3278.5437       3366.333        3602.9986      
1.8275          3263.9889       3287.4417       3351.236        3351.8261       3310.1949       3276.8153       3360.3071       3589.3515      
1.83            3263.3148       3285.6532       3347.1827       3345.8362       3306.7672       3274.2113       3352.059        3575.5582      
1.8328571       3261.4675       3281.8292       3341.4014       3332.12         3300.7556       3270.5401       3340.0287       3560.896       
1.8357143       3258.9049       3278.1087       3335.6517       3322.658        3294.7385       3266.0986       3324.5376       3544.4446      
1.8385714       3258.1077       3276.6517       3332.1911       3315.8594       3290.2622       3263.6616       3309.3893       3529.2951      
1.8414286       3257.3961       3275.1462       3328.2969       3308.1738       3285.7281       3262.2499       3298.0842       3514.2854      
1.8442857       3255.6073       3272.4038       3324.7313       3299.9522       3280.9028       3260.7448       3294.4822       3499.9323      
1.8471429       3254.252        3270.4512       3321.0596       3292.3939       3276.4311       3259.4887       3295.6584       3485.8417      
1.85            3254.2674       3269.7563       3317.494        3284.6274       3271.8012       3257.8215       3299.8963       3471.9852      
1.8527778       3253.0492       3267.8837       3313.5541       3277.9454       3267.0218       3253.7387       3304.7231       3457.1761      
1.8557292       3250.7275       3264.6482       3308.821        3267.9712       3261.5064       3249.4078       3307.776        3442.1944      
1.8586806       3249.4322       3262.657        3305.3408       3260.7008       3257.8637       3247.4506       3307.8899       3426.948       
1.8616319       3248.2598       3260.6823       3300.5351       3254.5193       3254.4179       3245.6702       3304.9015       3411.2261      
1.8645833       3247.2041       3258.9089       3296.6826       3249.0976       3252.6062       3244.1088       3301.5376       3394.2567      
1.8675347       3246.1107       3257.105        3292.7952       3242.1465       3251.0518       3241.1796       3298.4969       3375.2564      
1.8704861       3244.8375       3255.0658       3287.5972       3236.919        3249.3578       3236.0027       3295.7219       3353.8567      
1.8734375       3243.8328       3253.4104       3284.2967       3230.1927       3247.4514       3229.9425       3292.9602       3329.569       
1.8763889       3242.8088       3251.8876       3281.6639       3223.8121       3247.2803       3223.7496       3290.3806       3302.1241      
1.8793403       3242.5695       3251.1873       3279.7949       3218.802        3248.0673       3215.8106       3288.0023       3270.4219      
1.8822917       3242.6702       3250.8773       3278.3218       3214.3196       3248.8978       3207.2037       3285.1781       3238.3701      
1.8852431       3242.1064       3249.84         3275.7833       3208.9539       3249.2348       3203.404        3281.8192       3209.0469      
1.8881944       3240.9807       3248.217        3272.6913       3203.8487       3249.8209       3202.7443       3278.5845       3188.889       
1.8911458       3239.888        3246.5904       3269.4055       3198.5643       3251.4289       3205.4472       3275.7233       3180.8262      
1.8940972       3239.0764       3245.2592       3266.4286       3193.842        3253.33         3208.7209       3273.8713       3189.4956      
1.8970486       3239.2891       3245.044        3264.7442       3190.7297       3253.9562       3212.843        3271.4091       3201.673       
1.9             3238.8503       3244.1353       3262.2324       3186.7795       3253.2677       3218.7507       3268.75         3213.958       
1.9025          3239.5722       3244.8954       3260.9665       3190.0034       3253.7377       3225.2958       3266.2845       3220.0231      
1.905           3238.6967       3243.4182       3257.149        3185.2623       3252.1458       3230.1952       3263.8428       3226.2371      
1.9075          3237.446        3241.876        3254.3035       3181.6658       3250.2353       3229.5918       3260.4169       3225.2804      
1.91            3236.5374       3240.5325       3251.0283       3177.4503       3248.4905       3228.2971       3257.5531       3221.3822      
1.9126667       3234.8596       3238.2428       3246.8524       3170.5667       3246.3353       3226.9031       3253.5463       3217.4519      
1.9151556       3233.7428       3236.8552       3242.9272       3168.574        3244.811        3224.9164       3247.5141       3209.0509      
1.9176444       3233.1748       3235.9941       3242.0273       3163.8899       3243.6341       3224.208        3241.2205       3205.0199      
1.9201333       3233.0011       3235.5781       3241.2192       3161.1383       3243.3696       3224.1701       3233.4142       3200.7825      
1.9226222       3233.0703       3235.4627       3241.2801       3158.011        3241.1466       3224.3213       3223.8411       3198.4546      
1.9251111       3232.235        3234.1964       3238.8739       3154.8812       3240.4638       3223.7235       3211.7715       3197.9854      
1.9276          3232.259        3233.8598       3237.5349       3152.9078       3239.7704       3223.8046       3198.538        3196.5612      
1.9300889       3233.5654       3234.7969       3237.2107       3152.3983       3239.08         3225.2193       3184.8436       3194.61        
1.9325778       3234.2393       3235.1337       3236.4248       3151.2512       3237.6153       3226.3785       3169.0582       3192.7535      
1.9350667       3233.5971       3234.1868       3234.5495       3148.9007       3234.9762       3226.8731       3150.9251       3190.4888      
1.9375556       3233.7394       3234.0182       3233.2673       3146.9777       3231.6205       3226.4029       3132.8558       3187.6738      
1.9400444       3234.5894       3234.4792       3232.0991       3146.3238       3228.6459       3226.4707       3120.5951       3185.5022      
1.9425333       3234.6886       3234.344        3231.1563       3144.7068       3224.9523       3225.7886       3115.9413       3182.7963      
1.9450222       3234.6747       3234.1037       3230.0528       3142.7097       3224.8544       3224.6396       3120.3549       3180.1585      
1.9475111       3234.8567       3234.0541       3229.0626       3141.2163       3225.585        3223.3363       3136.5451       3177.8403      
1.95            3234.8682       3233.8041       3227.7735       3139.5573       3226.3684       3220.9923       3164.4358       3175.6212      
1.9526316       3234.7742       3233.3484       3226.4698       3136.3643       3226.6989       3217.0574       3192.7218       3174.1543      
1.9552632       3234.4448       3232.7938       3224.9973       3134.8197       3227.2355       3211.5584       3217.1234       3171.4086      
1.9580592       3233.7801       3231.7711       3223.0824       3131.3918       3227.3175       3202.4663       3236.3941       3169.5433      
1.9608553       3233.5636       3231.2976       3221.5739       3129.9872       3228.2731       3191.4915       3242.211        3165.1053      
1.9638664       3233.5477       3230.9507       3220.4067       3126.3696       3228.7543       3177.0588       3242.97         3161.3134      
1.9668775       3233.9078       3230.9942       3219.1782       3125.0869       3233.3314       3161.1196       3243.5801       3155.3335      
1.9698887       3234.0639       3230.9698       3218.3554       3123.3209       3235.9141       3141.7007       3242.3493       3147.9774      
1.9726261       3234.5821       3231.4859       3217.8449       3125.5115       3237.3328       3124.6738       3242.5374       3142.3241      
1.9753635       3235.2922       3231.9937       3217.388        3125.1858       3236.8201       3111.4895       3242.929        3139.4687      
1.9781008       3235.5381       3232.015        3216.3273       3124.1132       3235.23         3104.8791       3242.0809       3136.0544      
1.9808382       3235.9762       3232.2466       3215.4588       3123.6958       3232.8265       3109.6709       3243.2576       3134.4832      
1.9835756       3236.0267       3232.1137       3214.2663       3122.7097       3228.1528       3124.305        3243.5252       3132.622       
1.986313        3235.7372       3231.6244       3212.6619       3121.2412       3221.0865       3151.5474       3243.0813       3129.8222      
1.9890504       3235.5037       3231.2217       3211.1673       3120.1434       3214.0463       3178.5367       3243.1404       3126.9691      
1.9917878       3235.333        3230.898        3209.6895       3119.2419       3205.681        3201.2887       3243.8203       3125.3406      
1.9945252       3234.6448       3230.0563       3207.435        3117.7342       3195.1131       3217.7097       3243.6937       3123.3665      
1.9972626       3233.8755       3229.1493       3204.2907       3116.0618       3182.6493       3223.1428       3243.6358       3121.4745      
2               3233.6447       3228.7031       3204.3613       3115.7882       3168.8532       3224.416        3243.8813       3119.8884      
2.002381        3235.0126       3230.1236       3206.1085       3120.5385       3155.6502       3225.0667       3244.0178       3115.0622      
2.0047619       3235.5423       3230.585        3205.8006       3120.9227       3139.3811       3225.4064       3244.1815       3114.5645      
2.0071429       3234.9853       3229.987        3204.2925       3120.1314       3120.268        3225.7933       3244.654        3115.191       
2.0095238       3235.9859       3231.0198       3204.135        3119.7732       3101.9773       3225.7835       3241.6743       3114.981       
2.0119048       3235.6642       3230.5257       3203.0713       3118.863        3088.2023       3226.3597       3239.7847       3114.5452      
2.0142857       3235.0252       3229.6787       3202.1875       3118.3385       3082.0665       3227.1751       3238.0294       3115.2591      
2.0166667       3233.3621       3227.9289       3199.9981       3116.7564       3083.2558       3227.5261       3235.2709       3116.5243      
2.0190476       3233.7814       3228.261        3199.4567       3116.4577       3102.4697       3228.4293       3232.5529       3118.8953      
2.0214286       3234.3482       3228.704        3199.0151       3116.4573       3130.3619       3229.9241       3232.9613       3121.7451      
2.0238095       3233.7884       3228.0456       3197.6292       3115.7134       3158.9271       3230.2568       3232.3047       3122.6982      
2.0261905       3232.1569       3226.5176       3196.3237       3115.5475       3187.1718       3231.6337       3232.4456       3121.954       
2.0285714       3230.5428       3224.9343       3194.8378       3115.0585       3210.7781       3231.7461       3231.9335       3120.3572      
2.0309524       3231.2074       3225.3462       3194.2277       3114.7678       3228.1011       3232.6516       3232.8207       3119.5335      
2.0333333       3231.9562       3225.8366       3193.6685       3114.6107       3230.0955       3233.2503       3233.2507       3118.5165      
2.0357143       3231.5977       3225.5041       3193.1437       3115.0265       3231.4067       3234.0217       3233.2263       3117.4211      
2.0380952       3231.8534       3225.7766       3193.1225       3115.7332       3232.5557       3235.2578       3233.8775       3116.5299      
2.0404762       3232.1634       3226.0268       3192.94         3116.0686       3234.5355       3237.8841       3236.5855       3117.2807      
2.0428571       3230.8761       3224.6398       3190.9922       3114.5243       3234.2049       3237.5328       3236.1174       3114.9624      
2.0452381       3229.3018       3222.9958       3188.8482       3113.003        3233.6456       3234.0439       3235.8646       3112.7502      
2.047619        3228.1636       3221.7685       3187.049        3111.6148       3233.2758       3230.695        3235.8961       3111.7082      
2.05            3227.8496       3221.3834       3186.0745       3110.83         3233.9878       3228.1263       3236.5674       3111.3011      
2.0525          3227.0462       3220.3961       3184.4659       3107.7956       3233.6849       3224.6225       3236.7518       3110.9232      
2.055           3226.2967       3219.5927       3183.1185       3106.7967       3233.7046       3222.9374       3236.7897       3109.4779      
2.0575          3225.1187       3218.457        3181.7287       3106.2197       3233.9629       3223.1621       3238.8273       3107.8174      
2.06            3224.8351       3218.1968       3181.1949       3106.4659       3234.4785       3223.7478       3242.047        3107.432       
2.0625          3224.1449       3217.4529       3180.0476       3106.1307       3234.3857       3224.0666       3244.7711       3106.973       
2.065           3222.8587       3216.1078       3178.4913       3105.3983       3234.1099       3224.3081       3247.4362       3107.1336      
2.0676923       3222.0171       3215.057        3177.315        3103.0482       3234.0684       3225.6288       3251.6565       3111.1846      
2.0703846       3221.3602       3214.4963       3176.271        3102.9877       3234.3086       3225.9228       3253.0929       3111.9461      
2.0730769       3220.1657       3213.4661       3174.0325       3101.7926       3233.791        3226.0133       3252.9199       3111.5439      
2.0757692       3218.7478       3212.0561       3172.0305       3100.6236       3233.2291       3226.1285       3252.2992       3111.5703      
2.0784615       3218.0512       3211.2504       3170.4913       3099.4942       3233.0169       3226.5122       3252.0734       3111.7255      
2.0811538       3217.2498       3210.4124       3169.2377       3099.1676       3230.1518       3226.7469       3251.7486       3112.8968      
2.0838462       3216.3465       3209.5172       3168.0652       3098.8911       3226.7456       3226.1802       3250.773        3112.6321      
2.0865385       3215.0184       3208.2086       3166.4469       3098.0627       3222.06         3225.7411       3249.5251       3111.9345      
2.0892308       3213.9814       3207.1727       3165.0341       3097.3488       3217.1762       3225.5287       3248.2268       3113.2731      
2.0919231       3212.9324       3206.1106       3163.5576       3096.5281       3214.3926       3226.4933       3247.0686       3116.4184      
2.0946154       3211.8959       3205.1036       3162.2685       3096.1365       3213.3891       3230.5399       3246.6246       3117.9219      
2.0973077       3210.3268       3203.6087       3160.5718       3095.2855       3212.6347       3233.5635       3246.3863       3119.3273      
2.1             3208.2972       3201.6458       3158.4461       3094.0728       3211.8838       3235.8162       3246.1398       3120.5712      
2.1026316       3206.515        3199.9618       3156.6893       3093.94         3211.3567       3237.2171       3246.3734       3121.5726      
2.1052632       3205.4488       3198.8551       3155.5563       3093.6499       3210.7321       3237.1581       3247.017        3123.1148      
2.1078947       3204.8086       3198.4133       3153.9318       3092.4189       3210.222        3236.3797       3247.4753       3124.7882      
2.1105263       3204.021        3197.7908       3152.4384       3091.4172       3209.907        3235.242        3247.8727       3126.6237      
2.1131579       3202.9531       3196.7542       3151.1885       3090.857        3209.9833       3234.5506       3249.1745       3129.2003      
2.1157895       3201.484        3195.3419       3149.8308       3090.4011       3209.753        3233.5281       3250.3545       3131.1893      
2.1184211       3200.2807       3194.1967       3148.6238       3089.8775       3209.8351       3232.6342       3251.3379       3133.2598      
2.1210526       3198.3655       3192.3093       3146.5013       3088.2441       3209.2516       3231.4296       3253.0185       3135.3293      
2.1236842       3196.6749       3190.6474       3144.5802       3086.8947       3208.812        3230.1992       3254.8476       3137.1098      
2.1263158       3195.6707       3189.6392       3143.4603       3086.34         3208.858        3229.4784       3256.9603       3139.1315      
2.1289474       3194.0357       3188.165        3141.8136       3085.5111       3210.4671       3229.0876       3259.1765       3141.0107      
2.1315789       3193.1298       3187.4685       3140.3176       3084.9037       3212.7383       3229.5704       3260.7041       3143.1735      
2.1342105       3192.4595       3186.8682       3140.0001       3084.9099       3214.7222       3230.5917       3262.6871       3146.0874      
2.1368421       3190.3294       3184.9291       3138.3522       3084.0219       3215.0191       3231.2182       3263.8133       3147.8264      
2.1394737       3188.6922       3183.3449       3136.6185       3082.9165       3214.0999       3231.5133       3264.3817       3149.3327      
2.1421053       3187.7423       3182.4433       3135.5137       3082.429        3213.5621       3232.7267       3265.3049       3150.9343      
2.1447368       3186.6154       3181.3195       3134.0614       3081.4894       3212.228        3234.2389       3266.2534       3152.5361      
2.1473684       3185.1927       3179.9231       3132.4714       3080.4723       3210.3858       3236.0439       3267.571        3154.311       
2.15            3183.1437       3178.0545       3130.5396       3079.0549       3208.3001       3237.6718       3268.7315       3155.9712      
2.1527778       3181.1898       3176.1178       3128.574        3076.3926       3206.2723       3240.0736       3269.6115       3158.3694      
2.1555556       3178.5662       3173.5436       3125.8649       3075.1427       3204.9406       3242.4803       3270.7068       3159.6051      
2.1583333       3176.5751       3171.6149       3123.9659       3074.3343       3204.7018       3244.7109       3271.7287       3160.1979      
2.1611111       3174.9301       3169.9458       3122.1907       3073.4302       3205.1147       3246.3333       3272.4173       3160.2648      
2.1638889       3172.6686       3167.7021       3119.0627       3072.8272       3206.5427       3247.2767       3273.664        3159.3231      
2.1668981       3169.9004       3164.9662       3116.2535       3069.047        3207.836        3247.5486       3274.7798       3160.683       
2.1699074       3167.9965       3163.5774       3115.0306       3068.3599       3211.9281       3248.7963       3276.2637       3160.7368      
2.1729167       3166.0807       3161.2794       3112.549        3066.7381       3215.2611       3248.9262       3276.7003       3157.6088      
2.1759259       3164.582        3159.7008       3110.742        3065.7313       3218.3591       3249.4273       3277.5502       3153.565       
2.1789352       3161.8718       3157.1675       3108.1571       3064.0332       3219.8457       3249.5187       3278.1336       3150.55        
2.1819444       3159.8232       3155.1849       3105.9493       3062.5199       3220.5079       3249.5489       3278.4786       3150.3986      
2.1849537       3157.4609       3152.8812       3103.3785       3060.7261       3220.4883       3249.4392       3278.7742       3150.5598      
2.187963        3154.932        3150.4442       3100.5714       3058.6862       3219.881        3249.4198       3279.2846       3151.498       
2.1909722       3152.2671       3147.8152       3097.8898       3056.8581       3219.5195       3249.6298       3279.7487       3151.0514      
2.1939815       3149.5526       3145.1974       3095.3601       3055.1577       3219.486        3250.2703       3280.4583       3150.8398      
2.1969907       3146.4892       3142.2951       3092.5722       3053.4148       3219.7093       3251.091        3281.2789       3151.3035      
2.2             3144.3971       3140.2579       3090.3038       3051.7388       3219.1978       3251.3115       3281.3652       3150.4244      
2.203125        3141.6127       3137.4649       3087.4222       3048.5295       3218.1742       3251.3281       3280.8947       3150.9176      
2.20625         3137.8642       3133.83         3083.9253       3045.8412       3217.3142       3251.4456       3278.5237       3151.5066      
2.209375        3134.7169       3130.6709       3080.4112       3043.0892       3216.4187       3251.4519       3273.8613       3153.8739      
2.2125          3131.4886       3127.4088       3076.7706       3040.2884       3215.2927       3251.1943       3269.1674       3157.7944      
2.215625        3127.9837       3123.8763       3073.1512       3037.5069       3213.7896       3250.5235       3266.4301       3159.7126      
2.21875         3124.8972       3121.1325       3070.3034       3035.457        3212.9764       3250.2123       3265.3814       3160.2009      
2.221875        3121.795        3118.1736       3067.2758       3033.2868       3212.2028       3249.7932       3264.3716       3159.3042      
2.225           3118.3222       3114.8151       3063.9818       3030.9631       3211.1686       3248.9725       3262.6167       3157.305       
2.228125        3115.1294       3111.6882       3060.8539       3028.8075       3210.3288       3248.288        3261.1053       3154.9276      
2.23125         3111.9312       3108.5592       3057.7329       3026.5484       3209.4208       3247.3834       3259.6759       3152.6811      
2.234375        3108.6147       3105.3256       3054.498        3024.1413       3208.397        3244.3935       3257.8354       3150.4707      
2.2375          3105.6398       3102.451        3051.6501       3021.9979       3207.5927       3240.2025       3256.1483       3148.1527      
2.240625        3102.3722       3099.2722       3048.4553       3019.4772       3206.51         3235.8516       3254.3161       3145.9266      
2.24375         3099.3527       3096.3232       3045.4339       3017.09         3205.6428       3233.3576       3251.9364       3144.4273      
2.246875        3096.1855       3093.2627       3042.3543       3014.7202       3204.8742       3232.4205       3250.2819       3142.5933      
2.25            3093.2298       3090.4889       3039.6368       3012.7576       3204.1768       3231.4472       3249.5224       3140.661       
2.253125        3089.4192       3086.9771       3036.025        3009.6616       3202.2542       3229.6227       3248.6379       3138.2476      
2.25625         3086.2974       3083.4848       3032.6481       3006.7804       3199.8923       3227.61         3248.5152       3135.0574      
2.2596154       3082.8046       3079.4077       3028.8942       3001.3197       3196.611        3225.7684       3248.384        3133.5752      
2.2629808       3078.7724       3075.6036       3024.841        2997.6252       3190.624        3223.3358       3246.683        3129.59        
2.2663462       3074.7303       3071.7134       3020.8947       2994.3278       3184.652        3220.6881       3244.5431       3125.4811      
2.2694056       3070.514        3067.8301       3016.9393       2994.2648       3182.1893       3217.9001       3241.6603       3118.9759      
2.272465        3068.0057       3065.3967       3014.4927       2992.7287       3181.1184       3216.1881       3239.7192       3116.1         
2.2755245       3064.8861       3062.3017       3011.3558       2990.1611       3179.3051       3214.0157       3237.6304       3113.8383      
2.2785839       3061.6953       3059.1657       3008.2677       2987.7143       3177.6521       3211.0221       3235.1524       3110.3533      
2.2816434       3058.8455       3056.3498       3005.43         2985.4864       3176.2388       3208.9073       3232.974        3106.6436      
2.2847028       3055.6698       3053.1781       3002.1463       2982.5981       3173.5394       3206.2078       3229.4817       3101.7935      
2.2877622       3052.3629       3049.9095       2998.8709       2979.8907       3171.2404       3204.2646       3226.2325       3096.9246      
2.2908217       3049.1732       3046.7747       2995.7532       2977.2984       3168.9652       3203.3087       3223.2426       3092.2822      
2.2938811       3045.8459       3043.5124       2992.5671       2974.8005       3166.6949       3202.0534       3220.2593       3087.209       
2.2969406       3042.5116       3040.145        2989.0376       2971.6034       3163.5938       3199.566        3216.8246       3082.1171      
2.3             3038.9443       3036.5429       2985.6416       2968.932        3161.2229       3197.0018       3213.2187       3076.4625      
2.3029412       3035.8506       3033.5019       2982.5673       2967.9168       3159.1689       3194.0806       3208.9303       3069.4436      
2.3058824       3032.8189       3030.4121       2979.6741       2965.9101       3156.9416       3191.7379       3205.5242       3064.6576      
2.3088235       3029.3415       3027.0535       2976.6016       2963.521        3154.1664       3188.9676       3201.6336       3059.5929      
2.3117647       3025.8543       3023.9831       2973.6253       2961.1195       3151.6565       3186.025        3197.2637       3053.8143      
2.3147059       3023.1147       3021.5324       2971.1131       2958.9717       3149.1081       3183.0168       3192.8255       3047.8165      
2.3176471       3021.5578       3019.6698       2969.0365       2957.224        3148.0013       3180.2466       3188.6105       3041.903       
2.3205882       3018.905        3016.8973       2966.2926       2954.9542       3147.0606       3176.9787       3184.0486       3035.2315      
2.3235294       3015.4883       3013.467        2962.8971       2952.0002       3145.9851       3173.4058       3179.0239       3027.973       
2.3264706       3011.2418       3009.1707       2958.4801       2947.9058       3141.7201       3169.5737       3173.7099       3020.333       
2.3294118       3008.0284       3005.997        2955.3625       2945.2528       3138.2929       3166.5403       3169.063        3012.9242      
2.3323529       3005.5266       3003.5151       2952.9029       2943.1943       3135.3722       3163.658        3164.3329       3005.1585      
2.3352941       3002.3414       3000.2823       2949.6227       2940.4053       3132.1843       3160.626        3160.2706       2998.3214      
2.3382353       2999.1068       2997.0397       2946.383        2937.5983       3128.0732       3156.6805       3155.2213       2990.2679      
2.3411765       2995.6928       2993.6067       2942.904        2934.4553       3123.7402       3152.1339       3149.5052       2981.4347      
2.3441176       2992.6142       2990.5095       2939.7647       2931.7146       3120.0207       3147.9621       3144.2675       2973.1912      
2.3470588       2989.2221       2987.1031       2936.3314       2928.6469       3116.2968       3143.6611       3138.8748       2964.6682      
2.35            2985.7985       2983.678        2932.9258       2925.6852       3112.881        3139.6066       3133.6683       2956.2881      
2.353125        2982.6029       2980.391        2929.9279       2920.9809       3109.6542       3135.7672       3128.6226       2948.7951      
2.35625         2978.4009       2976.1677       2925.642        2916.7544       3105.1291       3130.3863       3122.2778       2938.7341      
2.359375        2974.1197       2971.8993       2921.3731       2912.9711       3101.5664       3124.9082       3115.9096       2928.32        
2.3625          2970.5658       2968.3623       2917.7821       2909.7614       3098.4141       3119.3366       3109.4008       2917.4494      
2.365625        2967.4508       2965.3263       2914.8334       2907.4628       3096.2573       3114.3189       3103.1076       2906.7472      
2.36875         2963.1775       2961.1266       2910.5141       2903.5828       3092.7439       3108.678        3096.3096       2896.0857      
2.371875        2958.9022       2957.1268       2906.4031       2900.0443       3089.6947       3102.9547       3089.2957       2885.0526      
2.375           2954.9235       2953.4977       2902.6352       2896.7379       3085.9839       3097.0858       3081.9813       2874.0113      
2.378125        2951.2465       2948.7166       2898.4788       2893.0455       3080.9407       3090.9761       3074.1834       2862.8886      
2.38125         2947.5486       2944.5882       2894.5416       2889.6474       3076.1857       3085.3086       3066.7629       2851.9291      
2.384375        2944.1194       2940.9574       2890.9614       2886.5341       3071.3969       3079.3197       3058.7711       2840.3314      
2.3875          2939.9474       2936.7865       2886.7776       2882.7229       3065.8899       3072.9899       3050.2846       2828.0552      
2.390625        2935.6517       2932.4552       2882.5117       2878.9647       3060.5268       3066.778        3041.4751       2815.4351      
2.39375         2932.082        2928.8598       2879.0435       2875.9518       3055.7016       3061.0302       3033.1647       2803.3871      
2.396875        2928.6591       2925.3822       2875.5296       2872.9899       3050.9323       3054.9355       3024.8665       2791.3742      
2.4             2924.4179       2920.9893       2870.9909       2869.0841       3045.7582       3048.6382       3016.8682       2779.7364      
2.4033333       2921.054        2917.4006       2867.6657       2864.2464       3040.9095       3042.5337       3009.4078       2770.0264      
2.4066667       2917.9316       2914.0973       2864.3807       2861.8265       3037.6258       3037.5119       3002.8515       2759.066       
2.41            2913.2616       2909.6658       2860.1631       2858.2736       3032.5153       3030.2527       2994.9879       2746.8765      
2.4133333       2908.932        2905.4689       2856.3183       2855.1448       3027.8305       3023.0173       2987.9119       2735.7922      
2.4166667       2904.9224       2901.4077       2852.388        2851.8245       3022.5003       3014.5937       2979.9822       2723.3525      
2.42            2901.0246       2897.434        2848.5164       2848.5393       3017.0955       3005.7123       2971.9332       2710.5804      
2.4233333       2896.8649       2893.1995       2844.4108       2845.0651       3011.5596       2996.5749       2963.7509       2697.4387      
2.4266667       2892.9533       2889.3049       2840.8294       2842.311        3006.9071       2988.4958       2956.2905       2684.8253      
2.43            2889.0848       2885.4101       2837.1447       2839.2969       3001.9534       2980.791        2949.0802       2672.5921      
2.4333333       2885.0963       2881.3916       2833.332        2836.1192       2996.4935       2973.2076       2941.284        2659.7075      
2.4366667       2881.1493       2877.3953       2829.4969       2832.8644       2990.8087       2966.128        2933.4884       2647.254       
2.44            2877.4661       2873.6697       2825.951        2829.883        2985.0935       2959.8617       2926.0138       2635.9948      
2.4433333       2873.2142       2869.3873       2821.9042       2826.4756       2978.9137       2953.6072       2918.1914       2624.1042      
2.4466667       2868.8276       2864.9681       2817.7279       2822.9246       2972.3159       2947.4535       2910.3197       2612.4584      
2.45            2864.5973       2860.7019       2813.6603       2819.3727       2965.5207       2941.4776       2902.4292       2601.05        
2.4533333       2860.3981       2856.4622       2809.6129       2815.8406       2958.4195       2935.7089       2894.7174       2590.5623      
2.4566667       2855.9922       2851.9819       2805.2199       2811.8377       2950.4664       2929.6179       2886.7786       2579.5635      
2.46            2850.6199       2846.5603       2800.0176       2807.1689       2941.3027       2922.6797       2877.915        2567.0873      
2.4633333       2847.0444       2842.8903       2796.4149       2803.9024       2932.6071       2916.6529       2870.0719       2556.0335      
2.4666667       2843.2443       2839.0553       2792.8336       2800.8495       2923.7204       2910.5799       2862.1643       2544.9438      
2.47            2839.9603       2835.7614       2789.8985       2798.5519       2914.8377       2904.9555       2854.4725       2533.7303      
2.47375         2836.0023       2831.6505       2786.4168       2792.2303       2902.8596       2898.3931       2846.7054       2526.279       
2.4775          2831.2745       2826.8859       2782.0814       2788.2973       2891.1198       2891.4599       2837.9409       2513.1246      
2.48125         2826.8288       2822.244        2777.7711       2784.514        2879.8387       2884.0137       2828.6328       2500.0582      
2.485           2822.018        2817.6282       2773.3891       2780.8092       2870.364        2876.755        2819.5484       2488.1715      
2.48875         2817.5766       2813.2616       2769.3358       2777.4682       2863.5729       2870.1333       2811.1163       2477.3476      
2.4925          2813.3467       2809.0108       2765.4107       2774.1544       2857.4218       2862.9238       2802.4041       2466.8249      
2.49625         2808.8155       2804.4269       2761.1031       2770.427        2853.8945       2855.5138       2793.7272       2456.0966      
2.5             2804.4364       2800.0136       2757.0443       2766.9823       2851.9552       2848.4764       2785.8037       2446.0906      
2.5038462       2800.5507       2796.1059       2753.6661       2763.5948       2850.8228       2841.3876       2777.8544       2436.4331      
2.5071429       2795.3655       2791.034        2748.4984       2763.198        2849.5859       2834.8842       2770.1025       2421.5901      
2.5104396       2791.3666       2786.9917       2744.6962       2760.0641       2847.4673       2828.3636       2763.3735       2414.7208      
2.5137363       2786.4185       2782.0469       2740.2732       2756.2562       2844.8458       2822.1277       2757.0665       2407.9395      
2.517033        2782.5427       2778.1245       2736.7029       2752.9548       2842.1748       2815.9282       2750.8324       2400.1733      
2.5203297       2778.3842       2773.9149       2732.8388       2749.4231       2839.0151       2809.4852       2744.3322       2391.1004      
2.5236264       2773.9107       2769.3965       2728.6899       2745.6741       2834.5076       2802.9926       2738.3415       2382.4708      
2.5269231       2769.5409       2764.9553       2724.5546       2742.0158       2829.2189       2796.5206       2732.7734       2374.3612      
2.5302198       2765.2212       2760.5863       2720.7184       2738.5287       2823.391        2789.5469       2726.7712       2365.9758      
2.5335165       2761.5426       2756.9435       2717.5003       2735.5112       2818.1187       2782.9986       2721.2388       2357.8609      
2.5368132       2758.0359       2753.5119       2714.5582       2732.6062       2812.9302       2776.6544       2715.955        2349.9863      
2.5401099       2753.5559       2749.152        2710.7217       2729.0763       2807.2594       2770.0732       2710.404        2341.7227      
2.5434066       2749.1502       2744.7339       2706.716        2725.6578       2802.1173       2764.4758       2705.9596       2334.3543      
2.5467033       2745.2156       2740.8052       2703.2529       2722.7212       2796.9876       2758.9797       2701.3816       2326.7114      
2.55            2741.3995       2737.0152       2699.9787       2719.9764       2791.8687       2753.5284       2696.4521       2319.1957      
2.5533333       2737.4326       2733.047        2696.4907       2716.7505       2786.6759       2748.411        2691.6452       2312.1682      
2.5566667       2733.6713       2729.3135       2693.2673       2714.1278       2782.2323       2744.3046       2687.5921       2305.4596      
2.56            2729.6538       2725.3204       2689.7596       2711.1711       2777.3167       2739.773        2682.7772       2298.0956      
2.5633333       2725.5743       2721.2782       2686.2967       2708.417        2772.7712       2735.8027       2678.2158       2290.9986      
2.5666667       2721.2187       2716.948        2682.4828       2705.1971       2767.5197       2731.2449       2672.7775       2283.2531      
2.57            2716.9985       2712.7718       2678.8716       2702.2709       2762.8725       2727.5992       2668.2269       2276.2511      
2.5733333       2712.9034       2708.717        2675.3411       2699.4416       2758.3863       2724.1555       2663.6908       2269.1988      
2.5766667       2708.9463       2704.7949       2671.9119       2696.7111       2753.9973       2720.9989       2659.5214       2262.6756      
2.58            2704.9996       2700.9345       2668.9701       2693.9272       2749.3354       2718.2463       2655.0597       2255.8005      
2.5833333       2701.1663       2697.1864       2665.94         2691.1951       2744.2833       2715.0549       2650.3326       2249.1511      
2.5866667       2697.1801       2693.3079       2662.7867       2688.5471       2739.5494       2712.0902       2645.7738       2242.8745      
2.59            2693.3971       2689.601        2659.6309       2685.8796       2734.969        2709.3043       2641.5468       2237.0606      
2.5933333       2689.2931       2685.5906       2656.2743       2683.1468       2730.7568       2706.4121       2637.4574       2231.2598      
2.5966667       2685.4404       2681.8352       2653.2078       2680.6555       2726.923        2703.239        2633.4665       2225.4539      
2.6             2681.4779       2677.9376       2649.8618       2677.6218       2722.7432       2699.6346       2629.0816       2219.2433      
2.6035714       2677.1093       2673.6436       2646.4469       2673.1946       2718.4385       2696.1313       2625.3282       2216.1133      
2.6071429       2673.0796       2669.7136       2643.1923       2670.2163       2715.0114       2692.7582       2621.2488       2209.8469      
2.6107143       2668.9042       2665.6864       2639.9799       2667.6668       2712.3958       2689.8448       2617.7881       2204.3895      
2.6142857       2664.9887       2661.8777       2636.8248       2664.9638       2709.3496       2685.9239       2613.0416       2198.506       
2.6178571       2660.7079       2657.7455       2633.4923       2662.2869       2706.7513       2682.3569       2608.8431       2193.3636      
2.6214286       2656.6374       2653.7968       2630.2346       2659.5364       2704.028        2678.6338       2604.6138       2188.386       
2.625           2652.6697       2649.966        2627.156        2657.0439       2702.5898       2675.2533       2600.7688       2183.8351      
2.6285714       2648.7297       2646.182        2624.1126       2654.5282       2701.0891       2671.9308       2597.3436       2179.3785      
2.6321429       2645.0794       2642.7478       2621.4632       2652.4395       2700.1586       2669.0724       2594.2918       2175.3015      
2.6357143       2641.0522       2638.9107       2618.4411       2649.951        2698.8745       2665.4767       2590.4976       2170.8454      
2.6392857       2637.3912       2635.1686       2615.5927       2647.6671       2697.511        2662.1015       2587.1654       2167.1803      
2.6428571       2634.0595       2631.9082       2613.2107       2645.7593       2694.9308       2658.6393       2583.8814       2163.8717      
2.6464286       2630.8112       2628.7906       2610.6175       2643.7448       2692.1779       2655.1822       2580.5977       2160.8987      
2.65            2627.2425       2625.3985       2607.9584       2641.6148       2689.5201       2652.0187       2577.7265       2158.3726      
2.6538462       2624.0867       2622.2846       2605.7176       2638.5851       2686.4361       2648.5115       2574.7887       2157.5986      
2.658042        2619.4631       2617.8211       2602.119        2634.1941       2682.4302       2644.3345       2571.2199       2155.3436      
2.6622378       2616.31         2614.7967       2599.7109       2631.9507       2679.4602       2640.9053       2568.1602       2150.3249      
2.6664336       2612.1889       2610.8324       2596.5128       2629.1087       2675.8722       2636.8763       2564.2806       2145.8281      
2.6706294       2608.5119       2607.3334       2593.7912       2626.8279       2672.815        2633.529        2561.0825       2142.8398      
2.6748252       2604.8525       2603.8536       2591.046        2624.4522       2669.536        2630.0637       2557.7696       2140.2792      
2.679021        2601.083        2600.2619       2588.1822       2621.9329       2666.1255       2626.6645       2554.5217       2138.0809      
2.6832168       2598.1153       2597.4179       2585.8777       2619.7457       2662.8721       2623.7132       2551.9281       2136.7846      
2.6874126       2593.3498       2592.929        2582.4987       2616.9011       2659.2117       2620.6528       2549.2544       2135.4564      
2.6916084       2589.491        2589.2616       2579.6979       2614.3956       2655.771        2617.9994       2547.0651       2134.7174      
2.6958042       2585.227        2585.2578       2576.8655       2611.97         2652.3394       2615.3368       2544.9811       2134.1349      
2.7             2581.8542       2582.0255       2574.356        2609.5727       2648.7714       2612.9557       2543.1286       2133.5967      
2.7035714       2579.25         2579.5507       2572.0888       2610.2055       2646.2892       2611.1945       2541.0115       2127.9571      
2.7071429       2576.4483       2576.8233       2569.6823       2607.7299       2642.4353       2609.0625       2539.8883       2129.8199      
2.7107143       2573.5006       2573.9501       2567.2781       2605.1383       2638.6103       2606.924        2538.518        2130.8478      
2.7142857       2570.8897       2571.4105       2565.169        2602.7499       2635.3863       2605.4076       2537.5732       2130.8625      
2.7178571       2568.3782       2568.991        2563.1753       2600.4022       2632.1189       2603.2963       2536.4897       2130.5205      
2.7214286       2565.7733       2566.5573       2561.3969       2598.5533       2629.7234       2601.9044       2535.8807       2130.1929      
2.725           2563.35         2564.2183       2559.4243       2596.1893       2626.8801       2600.2987       2535.2971       2130.1987      
2.7291667       2560.3082       2561.3208       2557.3021       2591.0809       2622.9993       2598.127        2534.9913       2134.7041      
2.7333333       2557.0681       2558.2595       2554.9166       2588.3849       2620.2578       2596.3058       2533.8776       2132.6084      
2.7375          2554.129        2555.4139       2552.6018       2585.957        2617.9247       2594.7816       2533.1265       2131.2488      
2.7416667       2551.5024       2552.923        2550.4161       2583.5213       2615.5894       2593.1476       2532.3582       2130.6659      
2.7458333       2549.2981       2550.8338       2548.3863       2581.1313       2613.7192       2592.329        2532.3455       2131.0243      
2.75            2546.4746       2548.1011       2546.0371       2578.6811       2612.3489       2591.6166       2532.1778       2131.589       
2.7541667       2543.4242       2545.1663       2543.5828       2576.1942       2611.1283       2591.025        2531.8177       2131.8965      
2.7576923       2541.2625       2543.0658       2541.4562       2576.7535       2610.5685       2590.2815       2530.3493       2126.9527      
2.7612179       2539.2417       2541.0542       2539.5352       2574.7029       2609.6061       2590.0724       2530.6556       2130.6078      
2.7647436       2537.01         2538.8971       2537.696        2572.6903       2608.9022       2590.3382       2531.0254       2133.7004      
2.7682692       2534.9884       2536.9257       2535.9618       2570.6613       2608.3532       2590.5929       2531.0792       2135.3159      
2.7722356       2532.7848       2534.8145       2534.3024       2566.6412       2606.8843       2590.8166       2531.4054       2139.6748      
2.7762019       2530.4733       2532.623        2532.5055       2564.5837       2605.8361       2590.9973       2530.6212       2138.0886      
2.7809615       2527.8128       2530.081        2530.5152       2559.7359       2604.2069       2591.5596       2531.0869       2141.9044      
2.7857212       2525.3189       2527.736        2528.6744       2557.5806       2603.4222       2592.0382       2530.3164       2138.9871      
2.7904808       2522.963        2525.454        2526.6093       2555.3693       2602.6152       2592.5241       2529.8681       2137.2802      
2.7952404       2520.5305       2523.0933       2524.4833       2553.2558       2601.9217       2592.9364       2529.2708       2136.9395      
2.8             2518.2545       2520.8854       2522.5567       2551.4676       2601.5567       2593.5257       2529.0082       2137.5216      
2.805           2515.4816       2518.1943       2520.2391       2548.5612       2600.7576       2593.8454       2528.823        2139.5577      
2.81            2513.164        2516.0208       2518.393        2546.7854       2600.6627       2594.3419       2528.46         2139.6832      
2.815           2510.9326       2513.9235       2516.5274       2544.9399       2600.7226       2594.7411       2528.1525       2140.0831      
2.82            2508.5486       2511.6546       2514.5928       2543.2083       2600.9092       2595.0603       2527.8626       2140.8066      
2.825           2506.5132       2509.731        2513.1394       2542.1274       2601.7348       2595.5549       2527.7247       2141.8416      
2.83            2504.1646       2507.4033       2511.2731       2540.5516       2602.2294       2595.7862       2527.4808       2142.9925      
2.835           2501.8307       2505.1196       2509.44         2538.9724       2602.4967       2595.7944       2527.0887       2144.2152      
2.84            2499.6149       2503.0239       2507.6522       2537.36         2602.7665       2595.6023       2526.7592       2145.4295      
2.845           2497.5477       2501.0782       2505.9691       2535.7341       2602.8653       2595.3499       2526.4392       2146.6637      
2.85            2495.1846       2498.802        2503.9773       2533.7967       2602.7855       2594.8829       2525.9642       2147.8928      
2.8555556       2492.5924       2496.3167       2501.9203       2530.4217       2602.1399       2594.1769       2525.8035       2151.5437      
2.8611111       2490.6855       2494.4547       2500.3037       2528.6641       2602.0422       2593.4698       2524.6242       2151.6181      
2.8659722       2488.9631       2492.7391       2498.5693       2528.6732       2602.0605       2592.7812       2522.7904       2148.8027      
2.8708333       2486.6328       2490.4993       2496.5085       2526.7372       2601.5086       2592.5215       2522.1423       2151.8182      
2.8756944       2484.4291       2488.4153       2494.7288       2524.9548       2600.554        2592.2809       2521.3198       2154.7357      
2.8805556       2482.4695       2486.5472       2493.0795       2523.1924       2599.1996       2592.0299       2520.3005       2156.8878      
2.8854167       2480.3957       2484.538        2491.2366       2521.1543       2597.531        2591.9027       2519.3277       2158.7934      
2.8902778       2478.5438       2482.761        2489.6785       2519.5183       2596.1991       2592.1018       2518.6154       2160.7748      
2.8951389       2476.786        2481.1005       2488.2904       2518.0481       2594.8574       2592.761        2517.9504       2162.7239      
2.9             2474.7999       2479.1696       2486.4834       2516.05         2592.8397       2593.5038       2517.1463       2164.7236      
2.905           2472.8122       2477.2965       2484.7512       2513.6792       2590.6075       2594.1052       2516.3524       2167.2795      
2.91            2470.8077       2475.3784       2482.9206       2511.6007       2588.3476       2594.3912       2515.3513       2168.9397      
2.9144444       2468.991        2473.5724       2481.0154       2511.4268       2586.4858       2593.908        2513.7611       2167.9204      
2.9188889       2467.2248       2471.8528       2479.3091       2509.582        2584.4508       2593.471        2513.378        2171.6637      
2.9233333       2465.423        2470.0786       2477.5559       2507.5025       2582.5591       2592.7797       2512.7447       2175.0614      
2.9277778       2463.7696       2468.4366       2475.8889       2505.4525       2581.2459       2591.8909       2511.8958       2177.6627      
2.9322222       2462.0055       2466.6595       2474.033        2503.1122       2581.2698       2590.919        2511.0967       2180.0495      
2.9366667       2460.0394       2464.6917       2471.9766       2500.596        2583.1311       2589.7296       2510.1573       2182.1107      
2.9411111       2458.1086       2462.7309       2469.8726       2498.0596       2585.2155       2588.6226       2509.312        2184.1715      
2.9455556       2456.025        2460.6144       2467.5774       2495.3746       2586.3608       2587.4266       2508.4472       2186.283       
2.95            2453.4328       2458.0889       2465.0825       2492.6133       2587.0481       2586.237        2507.6404       2188.4306      
2.955           2450.9374       2455.6314       2462.6718       2487.7059       2587.2147       2584.9537       2507.3683       2192.8829      
2.96            2448.7729       2453.394        2460.115        2484.5419       2587.9165       2583.08         2505.7032       2193.3309      
2.965           2447.0498       2451.6529       2458.2511       2482.1957       2586.7364       2581.5015       2504.4578       2194.3103      
2.97            2443.887        2448.7002       2455.5526       2479.3958       2585.2363       2579.9463       2503.4541       2196.0965      
2.975           2441.5233       2446.3836       2453.1964       2476.7131       2583.4895       2578.2567       2502.4602       2198.1956      
2.98            2439.3127       2444.1304       2450.6657       2473.9258       2581.9128       2576.6815       2501.5521       2200.4567      
2.985           2436.9631       2441.72         2447.9578       2470.9767       2580.2706       2575.0841       2500.6678       2202.7771      
2.99            2434.3593       2439.08         2445.0327       2467.7388       2578.2965       2573.2096       2499.6286       2205.0137      
2.995           2431.6732       2436.36         2442.0547       2464.4624       2576.1057       2571.1012       2498.488        2207.1631      
3               2428.8755       2433.5291       2438.9263       2461.0127       2573.707        2568.8539       2497.3042       2209.3086      
3.005           2426.2087       2430.738        2435.7714       2457.3887       2571.3383       2566.6904       2496.2335       2211.531       
3.01            2423.3174       2427.7224       2432.3597       2453.4354       2568.7862       2564.4434       2495.1259       2213.6962      
3.015           2420.3366       2424.6664       2429.0129       2449.6562       2566.0681       2562.1253       2494.0287       2215.9338      
3.02            2417.1048       2421.3937       2425.4887       2445.6964       2563.2288       2559.8226       2493.1007       2218.448       
3.025           2413.9457       2418.1618       2421.8671       2441.4346       2560.3752       2557.5629       2492.1181       2220.8132      
3.03            2410.7513       2414.8797       2418.1551       2437.0652       2557.2893       2555.1709       2491.0139       2223.0985      
3.035           2407.4402       2411.5167       2414.5104       2432.9584       2554.1734       2552.8387       2490.014        2225.4985      
3.04            2404.1592       2408.1365       2410.7653       2428.6328       2550.8276       2550.1662       2488.5622       2227.3966      
3.045           2400.8466       2404.7321       2406.9558       2424.1599       2547.4281       2547.5756       2487.2818       2229.389       
3.05            2397.4604       2401.264        2403.0871       2419.6706       2544.0284       2545.0301       2486.1027       2231.4774      
3.055           2393.9905       2397.6823       2399.1085       2415.0525       2540.3734       2542.4967       2484.9407       2233.5875      
3.06            2390.4538       2394.0313       2394.9933       2410.2033       2536.539        2539.9464       2483.7646       2235.6276      
3.065           2386.8047       2390.2635       2390.7651       2405.273        2532.7126       2537.3683       2482.5206       2237.5725      
3.07            2382.9979       2386.3486       2386.4515       2400.2857       2528.7875       2534.9145       2481.4499       2239.6207      
3.075           2379.1315       2382.3523       2381.9866       2395.191        2524.7672       2532.3664       2480.1479       2241.4092      
3.08            2375.146        2378.2432       2377.4186       2389.9651       2520.6255       2529.7353       2478.6489       2242.8567      
3.085           2371.1197       2374.0958       2372.8037       2384.6936       2516.7602       2527.6776       2478.1075       2245.4676      
3.09            2366.9893       2369.8328       2368.0565       2379.2871       2512.968        2525.6347       2477.6472       2248.1054      
3.095           2362.733        2365.4268       2363.1212       2373.6439       2508.9609       2523.2282       2476.5365       2249.9173      
3.1             2358.4124       2361.0014       2358.2583       2368.1761       2505.0563       2520.8231       2475.3054       2251.4077      
3.1055556       2353.4765       2355.8755       2352.575        2359.8236       2500.4516       2518.3973       2474.7838       2255.2138      
3.1111111       2348.4662       2350.7221       2346.7218       2353.16         2495.7157       2515.5986       2473.338        2256.0658      
3.1166667       2343.2469       2345.3271       2340.7594       2346.5846       2491.1253       2512.9443       2472.1353       2257.3607      
3.1222222       2337.8757       2339.7673       2334.5515       2339.7965       2486.4652       2510.2277       2470.8947       2258.8814      
3.1268519       2333.4859       2335.2373       2329.1842       2337.5118       2482.5773       2507.4753       2468.6554       2256.8896      
3.1314815       2329.1776       2330.7357       2323.9946       2331.7184       2478.9638       2505.3867       2468.0652       2260.3341      
3.1361111       2324.5963       2325.9895       2318.7166       2325.6662       2475.2114       2503.2193       2467.5093       2263.7762      
3.1407407       2320.079        2321.3179       2313.5451       2319.8083       2471.2629       2500.5368       2465.9685       2264.9836      
3.1453704       2315.4362       2316.5147       2308.2149       2313.9054       2467.5547       2497.9966       2464.6089       2266.0897      
3.15            2310.6974       2311.6187       2302.7824       2307.8991       2464.0509       2495.3553       2463.1007       2266.8943      
3.1538462       2306.5648       2307.4097       2297.8208       2306.773        2461.149        2492.6646       2460.5228       2263.8305      
3.1576923       2303.0245       2303.6869       2293.4901       2301.8438       2458.2747       2490.9352       2459.969        2266.7499      
3.1615385       2298.7815       2299.3142       2288.6756       2296.4265       2455.0801       2489.0842       2459.237        2269.2888      
3.1653846       2295.0059       2295.4034       2284.2703       2291.408        2451.7782       2487.0344       2458.0525       2270.5034      
3.1692308       2290.5997       2290.9643       2279.5367       2286.3244       2448.4335       2484.9117       2456.8056       2271.2132      
3.1730769       2286.4508       2286.6193       2274.9573       2281.3109       2445.1749       2482.8346       2455.5666       2271.6888      
3.1769231       2282.4299       2282.3622       2270.3273       2276.3132       2441.9739       2480.792        2454.3712       2272.192       
3.1807692       2278.3068       2278.1371       2265.7237       2271.3722       2438.843        2478.7515       2453.262        2272.8038      
3.1846154       2274.2425       2274.031        2261.2812       2266.5117       2435.7922       2476.736        2452.0875       2273.2122      
3.1884615       2270.0105       2269.7176       2256.7633       2261.7267       2432.769        2474.6988       2450.7927       2273.3506      
3.1923077       2265.509        2265.1374       2251.9473       2256.8742       2429.7377       2472.6902       2449.3796       2273.4496      
3.1961538       2261.2315       2260.7528       2247.2371       2252.0666       2426.7889       2470.6711       2447.7668       2273.3583      
3.2             2257.2004       2256.5924       2242.6445       2247.3309       2423.9304       2468.6334       2446.077        2273.128       
3.2038462       2253.2143       2252.4812       2238.1165       2242.6404       2421.0759       2466.6362       2444.5504       2273.0362      
3.2076923       2249.1194       2248.2749       2233.5302       2237.9093       2418.198        2464.5739       2442.8752       2272.7367      
3.2115385       2244.9968       2244.0403       2228.9292       2233.1816       2415.3032       2462.5295       2441.2131       2272.4373      
3.215812        2240.8171       2239.682        2224.2239       2225.8544       2411.9549       2460.3907       2439.9369       2273.7402      
3.2200855       2235.6238       2234.3898       2218.7271       2220.3925       2408.456        2457.753        2437.6428       2272.0827      
3.224359        2230.7669       2229.5217       2213.6364       2215.3032       2405.2041       2455.2159       2435.4096       2270.5402      
3.2286325       2226.7539       2225.4072       2209.0409       2210.5044       2402.2333       2453.0193       2433.5025       2269.723       
3.232906        2221.9379       2220.4662       2203.7449       2205.2207       2399.0317       2450.7406       2431.3956       2268.8378      
3.2371795       2217.2133       2215.6176       2198.54         2200.0386       2395.8571       2448.6301       2429.2663       2267.9487      
3.241453        2212.3819       2210.6761       2193.2655       2194.8206       2392.6236       2446.4462       2427.0619       2267.0128      
3.2457265       2207.5596       2205.7526       2188.0412       2189.5852       2389.3406       2444.2117       2424.8273       2266.0598      
3.25            2202.7164       2200.8212       2182.7959       2184.3194       2386.0001       2441.7201       2422.4314       2264.9412      
3.2545455       2197.3326       2195.2818       2177.0106       2177.2322       2382.2293       2438.8773       2420.0614       2264.5675      
3.2590909       2192.3918       2190.2769       2171.6614       2171.7426       2378.5379       2435.9693       2417.381        2262.8439      
3.2642045       2187.0362       2184.719        2165.673        2163.1291       2373.9904       2432.4586       2414.5722       2262.4128      
3.268679        2180.7261       2178.4601       2159.2871       2159.9296       2370.1581       2429.0898       2410.8123       2257.5864      
3.2731534       2176.6042       2174.1296       2154.2221       2154.76         2366.6377       2426.0707       2408.061        2256.4135      
3.2776278       2170.6794       2168.1473       2147.9518       2148.5327       2362.7278       2422.7823       2405.0965       2255.2204      
3.2821023       2165.6843       2163.0374       2142.4539       2142.9302       2358.8586       2419.4994       2402.1067       2253.7677      
3.2865767       2160.5027       2157.7669       2136.8826       2137.2641       2354.9243       2416.1423       2399.069        2252.2216      
3.2910511       2155.1646       2152.3496       2131.1352       2131.4599       2350.9392       2412.6779       2395.9083       2250.486       
3.2955256       2149.8444       2146.9586       2125.4278       2125.6668       2346.9761       2409.1878       2392.7223       2248.6899      
3.3             2144.4274       2141.4653       2119.6108       2119.7714       2342.9347       2405.5678       2389.4076       2246.7721      
3.3045455       2139.2064       2136.1183       2113.862        2113.5378       2338.8019       2401.8516       2386.038        2244.9303      
3.3090909       2133.7352       2130.5494       2107.957        2107.6404       2334.4293       2397.8842       2382.4297       2242.6842      
3.3136364       2128.4032       2125.0731       2102.0488       2101.6751       2330.0684       2393.9224       2378.7888       2240.3613      
3.3188312       2121.6763       2118.2462       2094.9815       2091.4639       2324.3303       2389.0084       2374.7769       2239.2484      
3.3232839       2117.2808       2113.8482       2090.1319       2090.0261       2320.3827       2385.3046       2370.851        2234.4045      
3.3277365       2111.6639       2108.0511       2083.8237       2083.9164       2315.8302       2381.1635       2367.0581       2232.2427      
3.3321892       2106.1089       2102.3323       2077.6856       2077.5152       2311.2154       2377.1096       2363.4733       2230.6169      
3.3366419       2100.9095       2096.9844       2071.9309       2071.5298       2306.4286       2372.9565       2359.813        2228.6582      
3.3410946       2095.4353       2091.4339       2066.025        2065.4224       2301.4566       2368.6421       2355.9718       2226.3841      
3.3455473       2090.2543       2086.1144       2060.2531       2059.3308       2296.3992       2364.2567       2352.0401       2223.9546      
3.35            2084.9899       2080.7417       2054.4312       2053.2314       2291.2839       2359.8095       2348.0373       2221.4905      
3.3545455       2079.2872       2074.9137       2048.2161       2046.3585       2285.8492       2355.0994       2343.8427       2219.1309      
3.3590909       2073.9604       2069.4313       2042.2475       2040.3462       2280.5031       2350.4652       2339.596        2216.2946      
3.3636364       2068.359        2063.7414       2036.1285       2034.1257       2274.9762       2345.6703       2335.2118       2213.431       
3.3681818       2063.1205       2058.3589       2030.2331       2028.0361       2269.4896       2340.9583       2330.9158       2210.6819      
3.3727273       2057.5271       2052.6885       2024.1338       2021.794        2263.7389       2335.9357       2326.3826       2207.767       
3.3772727       2052.1569       2047.2068       2018.1729       2015.6771       2257.9365       2330.8846       2321.9055       2204.9474      
3.3829545       2044.8787       2039.6994       2010.3406       2002.4363       2249.5971       2323.7184       2316.1728       2203.3297      
3.3886364       2038.188        2032.9656       2003.3585       1995.1748       2242.1448       2317.1897       2310.1744       2198.2808      
3.3943182       2031.621        2026.2743       1996.103        1988.1233       2234.8475       2310.7317       2304.3042       2193.4936      
3.4             2024.7205       2019.2131       1988.4438       1980.579        2227.5528       2304.2514       2298.5379       2189.3647      
3.405           2019.158        2013.5115       1982.1548       1977.4279       2221.6757       2298.9954       2293.6665       2185.0613      
3.4095          2013.6011       2007.8232       1975.8797       1974.2489       2216.3551       2294.0452       2289.1435       2181.883       
3.414           2007.9744       2002.0009       1969.4959       1967.9818       2210.5816       2288.6399       2284.6095       2180.4032      
3.4185          2002.6902       1996.635        1963.9365       1961.8705       2204.7193       2283.2858       2280.082        2178.4543      
3.423           1997.2198       1991.0465       1958.0885       1956.1038       2198.9423       2277.971        2275.556        2176.0979      
3.4275          1991.909        1985.6225       1952.3899       1950.3782       2193.2275       2272.7018       2271.0826       2173.6398      
3.432           1986.5843       1980.1968       1946.6575       1944.6116       2187.6731       2267.5179       2266.6637       2171.0722      
3.4365          1981.2794       1974.7689       1940.8847       1938.9597       2182.2142       2262.3622       2262.2896       2168.4837      
3.441           1976.023        1969.3902       1935.174        1933.3207       2176.7874       2257.1519       2257.7988       2165.6009      
3.4455          1970.7622       1964.0188       1929.4891       1927.7636       2171.445        2251.9669       2253.3607       2162.8124      
3.45            1965.5556       1958.6922       1923.8251       1922.2382       2166.1528       2246.8223       2249.0352       2160.0819      
3.455           1959.5104       1952.5093       1917.3958       1913.2907       2159.9232       2240.7494       2244.0842       2157.621       
3.46            1953.9921       1946.9265       1911.5931       1907.4047       2154.0429       2234.9928       2239.3368       2154.1455      
3.465           1948.3575       1941.2006       1905.4858       1901.7503       2148.3731       2229.3119       2234.6556       2150.6829      
3.47            1942.7465       1935.4898       1899.4337       1895.9247       2142.847        2223.6663       2230.0889       2147.5278      
3.475           1937.1907       1929.8171       1893.3988       1890.1712       2137.2028       2217.9242       2225.5482       2144.5141      
3.48            1931.7331       1924.2371       1887.509        1884.4793       2131.5502       2212.1828       2221.0701       2141.5361      
3.485           1926.3456       1918.7425       1881.726        1878.9155       2125.9384       2206.5077       2216.685        2138.6266      
3.49            1920.9829       1913.2902       1876.0094       1873.4282       2120.3411       2200.8832       2212.3668       2135.7627      
3.495           1915.6852       1907.9086       1870.3825       1868.0444       2114.7688       2195.3153       2208.114        2132.9802      
3.5             1910.4876       1902.6252       1864.865        1862.7877       2109.2401       2189.7991       2203.9325       2130.32        
3.505           1905.3568       1897.4131       1859.437        1857.6556       2103.7059       2184.3312       2199.7874       2127.5763      
3.51            1900.3022       1892.2921       1854.1342       1852.6718       2098.1442       2178.8344       2195.6377       2124.8356      
3.515           1895.3368       1887.2592       1848.9369       1847.7799       2092.5545       2173.3489       2191.5254       2122.1341      
3.52            1890.3923       1882.2361       1843.738        1843.0361       2086.9007       2167.961        2187.529        2119.4841      
3.525           1885.479        1877.2336       1838.5464       1838.4226       2081.2126       2162.4954       2183.4889       2116.9038      
3.53            1880.7089       1872.41         1833.6603       1833.96         2075.5975       2157.1038       2179.4621       2114.209       
3.535           1876.0138       1867.6893       1828.8956       1829.6369       2070.0563       2151.7933       2175.4761       2111.4818      
3.54            1871.6596       1863.3365       1824.5308       1825.7406       2064.6311       2146.5943       2171.5339       2108.7909      
3.545           1867.3079       1858.9759       1820.1848       1821.9301       2059.2044       2141.4579       2167.619        2106.1221      
3.55            1862.9981       1854.6539       1815.9113       1818.2225       2053.7596       2136.3686       2163.6897       2103.3163      
3.555           1858.6527       1850.2938       1811.656        1814.6445       2048.3606       2131.3541       2159.7632       2100.5954      
3.56            1854.3502       1846.0167       1807.4831       1811.2181       2042.9444       2126.2524       2155.7716       2097.9158      
3.565           1850.3093       1842.0105       1803.6189       1807.9788       2037.4444       2121.1253       2151.7543       2095.2035      
3.57            1846.3288       1838.0682       1799.8282       1804.7743       2031.9617       2116.0437       2147.7755       2092.5802      
3.575           1842.4735       1834.2557       1796.1925       1801.7094       2026.5306       2111.0218       2143.7902       2089.8766      
3.58            1838.5558       1830.3847       1792.5541       1798.7124       2021.1823       2106.0711       2139.8152       2087.1582      
3.585           1834.7159       1826.6236       1788.9998       1795.749        2015.8443       2101.1606       2135.8524       2084.6722      
3.59            1831.0368       1822.9901       1785.5546       1792.8474       2010.5426       2096.2782       2131.8746       2082.1082      
3.595           1827.2651       1819.265        1782.0853       1789.9403       2005.2918       2091.4161       2127.8589       2079.504       
3.6             1823.584        1815.6194       1778.694        1787.0761       2000.1198       2086.5687       2123.8137       2076.9429      
3.605           1819.9426       1812.0773       1775.3491       1784.2296       1995.0106       2081.7141       2119.717        2074.3867      
3.61            1816.338        1808.5416       1772.001        1781.4155       1989.9792       2076.8665       2115.5603       2071.8364      
3.615           1812.8422       1805.1128       1768.7416       1778.6292       1985.0517       2072.0335       2111.3139       2069.2812      
3.62            1809.3549       1801.6954       1765.5124       1775.8751       1980.264        2067.2699       2107.1067       2066.75        
3.625           1805.9569       1798.3705       1762.3559       1773.1662       1975.6005       2062.5448       2102.9108       2064.2488      
3.63            1802.5423       1795.0323       1759.2137       1770.4741       1971.0499       2057.866        2098.7474       2061.8129      
3.635           1799.3349       1791.8839       1756.2164       1767.8491       1966.5576       2053.2253       2094.6164       2059.4059      
3.64            1796.0991       1788.7185       1753.2131       1765.1901       1962.0604       2048.5359       2090.4982       2057.0358      
3.645           1792.9412       1785.6226       1750.2724       1762.5377       1957.4814       2043.789        2086.3264       2054.6545      
3.65            1789.8728       1782.6272       1747.4603       1760.1093       1953.181        2039.0776       2082.1308       2052.2978      
3.655           1786.9207       1779.7422       1744.735        1757.6834       1948.9061       2034.3866       2077.95         2049.9511      
3.66            1783.7631       1776.6774       1741.9312       1755.2771       1944.7702       2029.7136       2073.8148       2047.5525      
3.665           1780.9412       1773.9172       1739.3457       1752.9934       1940.7438       2025.0709       2069.7415       2045.1964      
3.67            1778.1159       1771.1606       1736.7894       1750.7821       1936.8369       2020.4597       2065.7405       2042.8716      
3.675           1775.3531       1768.461        1734.2729       1748.5983       1933.0133       2015.8453       2061.797        2040.5912      
3.68            1772.5058       1765.6981       1731.7912       1746.4776       1929.2954       2011.2672       2057.8937       2038.2985      
3.685           1769.9018       1763.1499       1729.4356       1744.4323       1925.6534       2006.6833       2054.0265       2036.0044      
3.69            1767.6384       1760.9082       1727.273        1742.507        1922.0985       2002.1142       2050.1942       2033.727       
3.695           1765.1358       1758.4645       1724.995        1740.5555       1918.5939       1997.5324       2046.4049       2031.5225      
3.7             1762.4142       1755.8387       1722.6253       1738.5974       1915.1388       1992.9645       2042.6541       2029.3072      
3.705           1759.806        1753.3252       1720.327        1736.7193       1911.7408       1988.4292       2038.9559       2027.0731      
3.71            1757.2198       1750.8366       1718.0597       1734.9001       1908.3956       1983.9603       2035.3226       2024.834       
3.715           1754.9489       1748.6455       1715.9725       1733.1826       1905.0852       1979.5659       2031.7448       2022.6055      
3.72            1752.6702       1746.4509       1713.9191       1731.5362       1901.7905       1975.2447       2028.1959       2020.3025      
3.725           1750.7609       1744.5932       1712.0099       1729.9484       1898.4889       1970.9905       2024.6864       2018.0452      
3.73            1748.3513       1742.2904       1709.8962       1728.3403       1895.1199       1966.7947       2021.1977       2015.6692      
3.735           1746.1795       1740.193        1707.8916       1726.7816       1891.618        1962.6169       2017.7009       2013.1047      
3.74            1743.8439       1737.9398       1705.8639       1725.2652       1888.0646       1958.5506       2014.2492       2010.5363      
3.745           1741.3885       1735.5717       1703.75         1723.731        1884.4778       1954.5805       2010.8206       2007.9222      
3.75            1739.2488       1733.5101       1701.881        1722.3599       1880.9263       1950.7156       2007.4246       2005.3251      
3.755           1736.6603       1731.035        1699.7114       1720.8558       1877.3835       1946.9533       2004.0558       2002.7268      
3.76            1734.5901       1729.0487       1697.9242       1719.5741       1873.8971       1943.2489       2000.7007       2000.1071      
3.765           1732.7652       1727.3016       1696.3412       1718.4167       1870.4734       1939.5884       1997.3733       1997.4946      
3.77            1730.6378       1725.2851       1694.6188       1717.1779       1867.1034       1935.9512       1994.0543       1994.8728      
3.775           1728.785        1723.5239       1693.1055       1716.0425       1863.8338       1932.3408       1990.761        1992.3051      
3.78            1726.736        1721.5886       1691.5129       1714.8463       1860.6153       1928.7443       1987.4736       1989.6563      
3.785           1725.1454       1720.0772       1690.233        1713.7966       1857.5055       1925.173        1984.2263       1987.1141      
3.79            1723.5445       1718.5554       1688.95         1712.7326       1854.5167       1921.5999       1980.9726       1984.5413      
3.795           1721.8373       1716.9484       1687.6265       1711.6246       1851.6379       1918.0066       1977.6568       1981.8985      
3.8             1720.1038       1715.3135       1686.2857       1710.4816       1848.8604       1914.3785       1974.3041       1979.3402      
3.805           1718.3064       1713.6306       1684.9311       1709.3057       1846.1302       1910.6962       1970.8647       1976.6593      
3.81            1716.5776       1712.0094       1683.6319       1708.1178       1843.5264       1907.0833       1967.4014       1974.0165      
3.815           1715.0618       1710.5844       1682.5376       1706.9888       1840.982        1903.5246       1963.8953       1971.3538      
3.82            1713.6053       1709.2204       1681.4995       1705.882        1838.449        1900.0115       1960.3664       1968.7839      
3.825           1712.1409       1707.8498       1680.4592       1704.7713       1835.9138       1896.552        1956.807        1966.2437      
3.83            1710.7159       1706.5208       1679.454        1703.6676       1833.3561       1893.1395       1953.2127       1963.6855      
3.835           1709.2992       1705.2033       1678.4705       1702.6077       1830.7465       1889.8106       1949.6139       1961.2675      
3.84            1707.9157       1703.9229       1677.526        1701.5992       1828.0682       1886.5564       1945.9888       1958.9178      
3.845           1706.4966       1702.6006       1676.5516       1700.6197       1825.3136       1883.3943       1942.3511       1956.6347      
3.85            1705.1709       1701.3734       1675.6623       1699.7082       1822.4594       1880.3152       1938.7302       1954.398       
3.855           1703.8171       1700.1136       1674.7506       1698.8126       1819.5081       1877.3032       1935.1228       1952.1822      
3.86            1702.5396       1698.9502       1673.9408       1697.9902       1816.4694       1874.3838       1931.5375       1950.054       
3.865           1701.3152       1697.8336       1673.17         1697.2075       1813.3347       1871.3377       1927.9297       1947.9975      
3.87            1700.1          1696.695        1672.3587       1696.4172       1810.1626       1868.4389       1924.4609       1946.025       
3.875           1698.8835       1695.5614       1671.5608       1695.6219       1806.9723       1865.5401       1921.1218       1944.1212      
3.88            1697.6787       1694.4583       1670.8108       1694.8439       1803.7622       1862.6371       1917.9365       1942.2897      
3.885           1696.4983       1693.3729       1670.0275       1694.0566       1800.5343       1859.7043       1914.9086       1940.5111      
3.89            1695.3056       1692.278        1669.2273       1693.2898       1797.3236       1856.7499       1912.0549       1938.8228      
3.895           1694.1075       1691.1798       1668.4028       1692.4815       1794.1533       1853.7203       1909.3556       1937.1975      
3.9             1692.8996       1690.0568       1667.5469       1691.6449       1791.0243       1850.6096       1906.8287       1935.6938      
3.905           1691.6658       1688.9271       1666.7009       1690.7965       1787.9939       1847.4047       1904.4505       1934.1052      
3.91            1690.4852       1687.8271       1665.8441       1689.9143       1785.0366       1844.1149       1902.2224       1932.6389      
3.915           1689.281        1686.7116       1664.9808       1689.0129       1782.1119       1840.7643       1900.1109       1931.1209      
3.92            1688.0999       1685.6107       1664.1095       1688.0782       1779.1976       1837.3697       1898.0045       1929.6706      
3.925           1686.8583       1684.4555       1663.2021       1687.1163       1776.2906       1834.0231       1896.0229       1928.4598      
3.93            1685.5911       1683.2743       1662.2672       1686.1303       1773.388        1830.7092       1894.1078       1927.3072      
3.935           1684.3246       1682.0925       1661.3272       1685.1305       1770.4815       1827.4596       1892.1849       1926.1401      
3.94            1683.0579       1680.9032       1660.3763       1684.1216       1767.5654       1824.3153       1890.2677       1924.9555      
3.945           1681.7855       1679.7072       1659.4202       1683.1138       1764.6317       1821.322        1888.3448       1923.8068      
3.95            1680.4909       1678.4922       1658.4581       1682.1147       1761.6801       1818.5139       1886.3944       1922.7018      
3.955           1679.2048       1677.2969       1657.5259       1681.1315       1758.6842       1815.9095       1884.3899       1921.5763      
3.96            1677.9114       1676.0952       1656.5982       1680.173        1755.7208       1813.513        1882.3231       1920.4114      
3.965           1676.6456       1674.9064       1655.6736       1679.2346       1752.7256       1811.3434       1880.1768       1919.2771      
3.97            1675.3017       1673.6582       1654.7178       1678.2909       1749.8006       1809.3468       1877.9838       1918.0847      
3.975           1674.024        1672.4616       1653.7936       1677.3749       1746.8544       1807.5553       1875.7059       1916.7822      
3.98            1672.6832       1671.2068       1652.8326       1676.4525       1743.9777       1805.9305       1873.3696       1915.4377      
3.985           1671.3255       1669.9553       1651.8963       1675.5516       1741.1535       1804.4576       1870.967        1913.9437      
3.99            1669.9759       1668.7092       1650.9649       1674.67         1738.3979       1803.1207       1868.5304       1912.4533      
3.995           1668.643        1667.4661       1650.0352       1673.8046       1735.695        1801.8886       1866.0605       1910.8406      
4               1667.2449       1666.1762       1649.0838       1672.9373       1733.1091       1800.6813       1863.593        1909.1157      
4.005           1665.8958       1664.9267       1648.1614       1672.0813       1730.6439       1799.5176       1861.1175       1907.2954      
4.01            1664.4921       1663.6314       1647.206        1671.2185       1728.3441       1798.3502       1858.6953       1905.3392      
4.015           1663.065        1662.3046       1646.2275       1670.343        1726.2317       1797.1764       1856.3545       1903.2285      
4.02            1661.6249       1660.9699       1645.2481       1669.4584       1724.3183       1795.9684       1854.0615       1900.947       
4.025           1660.1956       1659.647        1644.2731       1668.5628       1722.5453       1794.714        1851.8735       1898.584       
4.03            1658.7399       1658.2952       1643.2585       1667.6362       1720.9262       1793.3502       1849.7311       1896.1581      
4.035           1657.2651       1656.9205       1642.2071       1666.687        1719.4563       1791.8769       1847.6311       1893.5763      
4.04            1655.8006       1655.5598       1641.1526       1665.7325       1718.1413       1790.2895       1845.5376       1890.9011      
4.045           1654.3214       1654.1844       1640.0852       1664.7825       1716.9659       1788.5886       1843.4171       1888.1324      
4.05            1652.8201       1652.7854       1638.9949       1663.8179       1715.914        1786.7738       1841.2519       1885.3034      
4.055           1651.2978       1651.367        1637.8871       1662.8006       1714.954        1784.8494       1839.0121       1882.3825      
4.06            1649.7599       1649.9308       1636.7599       1661.7595       1714.0533       1782.8202       1836.6977       1879.3836      
4.065           1648.187        1648.463        1635.6134       1660.7037       1713.1903       1780.7104       1834.1538       1876.3107      
4.07            1646.6504       1647.0245       1634.4947       1659.6764       1712.3343       1778.5554       1831.4193       1873.1976      
4.075           1645.1052       1645.5963       1633.3987       1658.6719       1711.4335       1776.3416       1828.4905       1869.9847      
4.08            1643.6193       1644.2178       1632.3483       1657.7239       1710.4605       1774.1436       1825.35         1866.6703      
4.085           1642.0192       1642.7392       1631.2541       1656.7789       1709.368        1771.9457       1821.9932       1863.2735      
4.09            1640.4338       1641.275        1630.1918       1655.8682       1708.1321       1769.7686       1818.3371       1859.7239      
4.095           1638.8438       1639.8087       1629.1258       1654.9545       1706.7367       1767.5342       1814.4588       1855.9636      
4.1             1637.2867       1638.3725       1628.0927       1654.0846       1705.1719       1765.2537       1810.4628       1852.261       
4.1045455       1636.0586       1637.1954       1627.1327       1654.7563       1703.5818       1763.4221       1807.3861       1849.1546      
4.1090909       1634.509        1635.7542       1626.0645       1653.9115       1701.7774       1761.0711       1803.4959       1845.5615      
4.1136364       1632.9618       1634.3306       1625.0462       1652.9879       1699.814        1758.4684       1799.3641       1841.9298      
4.1181818       1631.507        1633.0055       1624.1302       1652.1943       1697.6874       1755.7493       1795.1086       1838.2526      
4.1227273       1630.0209       1631.6331       1623.1852       1651.4092       1695.4165       1752.9278       1790.7728       1834.518       
4.1272727       1628.5249       1630.2517       1622.2158       1650.6067       1693.0099       1749.9061       1786.3567       1830.7131      
4.1318182       1627.0221       1628.8592       1621.2225       1649.7884       1690.4776       1746.7999       1781.8803       1826.8294      
4.1363636       1625.5329       1627.4812       1620.2237       1648.9617       1687.8456       1743.663        1777.3707       1822.6366      
4.1409091       1624.0429       1626.094        1619.2102       1648.1239       1685.1346       1740.463        1772.944        1818.2426      
4.1454545       1622.46         1624.6179       1618.1252       1647.2473       1682.3583       1737.2312       1768.5491       1813.9537      
4.15            1620.7945       1623.0585       1616.9601       1646.3202       1679.5301       1733.9241       1764.1585       1809.7089      
4.1545455       1619.2052       1621.5627       1615.8218       1645.3893       1676.6625       1730.5373       1759.89         1805.4855      
4.1590909       1617.6414       1620.0847       1614.6977       1644.4578       1673.7676       1727.0868       1755.7711       1801.2698      
4.1636364       1616.009        1618.5413       1613.5238       1643.4933       1670.8501       1723.5205       1751.8042       1797.0924      
4.1681818       1614.4263       1617.0458       1612.3698       1642.5218       1667.9225       1719.8566       1747.969        1793.1045      
4.1727273       1612.8019       1615.5077       1611.1666       1641.5123       1664.9959       1716.1464       1744.2904       1789.2961      
4.1772727       1611.1256       1613.9238       1609.918        1640.4616       1662.0526       1712.4034       1740.7661       1785.6585      
4.1818182       1609.525        1612.3845       1608.6673       1639.4203       1659.0857       1708.6614       1737.2876       1781.8106      
4.1863636       1607.7731       1610.7037       1607.3081       1638.3323       1656.0865       1704.8759       1733.851        1777.8331      
4.1909091       1605.9606       1608.9757       1605.9355       1637.25         1653.0452       1701.0869       1730.4813       1773.8534      
4.1954545       1604.1605       1607.2675       1604.5679       1636.1638       1649.9495       1697.3279       1727.1727       1769.9008      
4.2             1602.3319       1605.5331       1603.1693       1635.0751       1646.8          1693.6189       1723.8657       1766.0004      
4.2045455       1600.3272       1603.6149       1601.6237       1633.9306       1643.5821       1689.9635       1720.5471       1762.1481      
4.2090909       1598.3662       1601.7356       1600.0865       1632.7936       1640.2914       1686.385        1717.1494       1758.3326      
4.2136364       1596.5004       1599.9477       1598.6103       1631.6884       1636.9122       1682.8787       1713.712        1754.559       
4.2181818       1594.6189       1598.1484       1597.1304       1630.615        1633.4333       1679.4227       1710.2418       1750.8316      
4.2227273       1592.8202       1596.4381       1595.7091       1629.587        1629.8455       1676.0055       1706.6941       1747.1418      
4.2272727       1590.8456       1594.5425       1594.1439       1628.5298       1626.1347       1672.6085       1703.0265       1743.4974      
4.2318182       1588.8101       1592.5769       1592.5301       1627.4812       1622.2729       1669.2098       1699.2967       1739.882       
4.2363636       1586.8779       1590.7188       1591.014        1626.5293       1618.3002       1665.8044       1695.4945       1736.3001      
4.2409091       1584.8403       1588.7467       1589.3165       1625.5302       1614.175        1662.3892       1691.6172       1732.7644      
4.2454545       1582.8179       1586.8017       1587.6612       1624.5926       1609.8988       1658.9467       1687.6456       1729.2277      
4.25            1580.7532       1584.8086       1585.9266       1623.6373       1605.5229       1655.4663       1683.6126       1725.6775      
4.2545455       1578.69         1582.8174       1584.1972       1622.761        1601.0839       1651.9297       1679.5436       1722.1233      
4.2590909       1576.5756       1580.7575       1582.423        1621.9532       1596.6028       1648.3278       1675.4585       1718.554       
4.2636364       1574.5307       1578.7889       1580.7421       1621.2775       1592.0833       1644.6504       1671.3731       1714.9425      
4.2681818       1572.3532       1576.6547       1578.769        1620.5849       1587.5212       1640.8933       1667.2968       1711.2137      
4.2727273       1570.12         1574.4786       1576.9976       1620.0166       1582.8611       1637.0503       1663.2194       1707.4094      
4.2772727       1567.7263       1572.1794       1575.0765       1619.0994       1578.2143       1633.1315       1659.1402       1703.5012      
4.2818182       1565.2166       1569.8029       1573.1413       1618.2          1573.5643       1629.1337       1655.0662       1699.5693      
4.2863636       1562.7443       1567.4276       1571.0054       1615.8663       1568.9031       1625.061        1650.9996       1695.568       
4.2909091       1560.4549       1565.1918       1568.8384       1612.993        1564.2433       1620.9251       1646.9409       1691.4914      
4.2954545       1558.0282       1562.8132       1566.6247       1611.15         1559.5963       1616.7276       1642.8974       1687.3813      
4.3             1555.6593       1560.4955       1564.4903       1609.3891       1554.9822       1612.4702       1638.8512       1683.0237      
4.3045455       1553.2283       1558.1095       1562.2596       1607.6132       1550.4098       1608.158        1634.7967       1678.4286      
4.3090909       1550.7272       1555.6452       1559.899        1605.7011       1545.8883       1603.8009       1630.7118       1673.4199      
4.3136364       1548.1841       1553.1711       1557.63         1603.5981       1541.4177       1599.4          1626.5606       1668.3225      
4.3181818       1545.7382       1550.7718       1555.2818       1601.1817       1536.9959       1594.9602       1622.2912       1662.9488      
4.3227273       1543.377        1548.4084       1553.0025       1598.6334       1532.6317       1590.4725       1617.8663       1657.2946      
4.3272727       1540.882        1545.9093       1550.5763       1595.7639       1528.3443       1585.9451       1613.15         1651.4753      
4.3318182       1538.1937       1543.2575       1548.0522       1592.6687       1524.1282       1581.3538       1608.1732       1645.4521      
4.3363636       1535.5761       1540.6262       1545.2766       1587.9167       1519.9887       1576.6581       1602.7115       1639.2418      
4.3409091       1533.0373       1538.1004       1542.7816       1582.8658       1515.9325       1571.8384       1597.0305       1632.8459      
4.3454545       1530.3311       1535.4465       1540.3723       1580.492        1511.959        1566.7707       1591.1813       1626.275       
4.35            1527.575        1532.7207       1537.7173       1576.1877       1508.0761       1561.0322       1585.1735       1619.5343      
4.355           1524.3811       1529.595        1534.7586       1569.732        1504.1663       1553.7625       1577.9722       1611.6054      
4.36            1521.3549       1526.6231       1532.0496       1566.2648       1500.3296       1546.3143       1570.747        1603.7227      
4.365           1518.3086       1523.5906       1529.0588       1561.5669       1496.9335       1538.8642       1563.4281       1595.7257      
4.37            1515.2593       1520.5443       1526.029        1556.5789       1493.7684       1531.4012       1555.9661       1587.5829      
4.375           1512.1529       1517.441        1523.1364       1551.8572       1490.6845       1523.9022       1548.3622       1579.3102      
4.38            1509.0894       1514.3919       1520.2756       1546.8402       1486.3654       1516.3468       1540.6623       1570.9654      
4.385           1506.0151       1511.3153       1517.1571       1541.3326       1481.1219       1509.7756       1533.8225       1562.5559      
4.39            1502.859        1508.1516       1514.0026       1535.5463       1475.1059       1504.4644       1527.4629       1554.0988      
4.395           1499.6411       1504.9205       1510.8298       1529.7054       1468.8265       1499.4077       1520.6808       1545.6152      
4.4             1496.4883       1501.7546       1507.7704       1523.7836       1462.7449       1494.1424       1513.0246       1537.3238      
4.405           1493.2548       1498.4886       1504.3926       1517.8449       1457.0021       1488.3065       1504.638        1529.3109      
4.41            1489.9911       1495.1606       1500.7805       1511.7544       1451.4724       1481.5959       1495.6417       1521.3954      
4.415           1486.7604       1491.8944       1497.5425       1505.1524       1445.9122       1473.9196       1486.3906       1513.4644      
4.42            1483.5389       1488.638        1494.3661       1498.252        1440.0405       1465.5837       1477.2639       1505.4835      
4.425           1480.2946       1485.3539       1491.1688       1491.1672       1433.451        1456.9442       1468.9983       1497.4056      
4.43            1477.0437       1482.0656       1487.9124       1483.8559       1425.7574       1449.4826       1461.5471       1489.0899      
4.435           1473.7823       1478.7599       1484.5944       1476.3677       1417.2595       1442.9675       1454.3358       1480.398       
4.44            1470.4847       1475.4033       1481.2118       1468.7493       1409.8692       1436.4046       1447.076        1471.2707      
4.445           1467.1371       1471.9777       1477.6927       1461.0219       1403.0885       1429.7103       1439.6559       1461.7365      
4.45            1463.8213       1468.6179       1474.3967       1453.2474       1396.5436       1422.886        1431.9499       1451.8456      
4.455           1460.5637       1465.2951       1471.1864       1445.4183       1389.7705       1415.9789       1424.0702       1441.7184      
4.46            1457.1835       1461.8137       1467.6168       1437.3451       1382.8935       1408.9974       1416.1705       1431.5686      
4.465           1453.7254       1458.2472       1463.9339       1429.1543       1375.941        1401.9465       1408.2611       1421.8065      
4.47            1450.2914       1454.7028       1460.2536       1420.9501       1368.9102       1394.8286       1400.309        1412.2122      
4.475           1447.0227       1451.3382       1456.7716       1412.8526       1361.8163       1387.6567       1392.3291       1403.697       
4.48            1443.7501       1447.9999       1453.4645       1403.9652       1354.6651       1380.439        1384.3398       1394.9806      
4.485           1440.4045       1444.5902       1450.2592       1394.4792       1347.4611       1373.2054       1376.3391       1386.3065      
4.49            1437.0262       1441.145        1447.2624       1384.6208       1340.1977       1365.9934       1368.2647       1377.744       
4.495           1433.5239       1437.5118       1443.6655       1375.876        1332.9582       1358.7644       1360.0876       1369.1255      
4.5             1430.2275       1434.0613       1440.0014       1368.0037       1325.7508       1351.4616       1351.7361       1360.2939      
4.5055556       1426.2863       1429.9802       1435.6593       1358.8675       1316.8841       1342.3649       1341.3461       1349.806       
4.5111111       1422.5207       1426.0958       1431.9061       1351.7613       1308.3045       1332.9909       1330.6789       1338.8757      
4.5166667       1418.9474       1422.3853       1428.3435       1344.7007       1299.4654       1323.6379       1320.2612       1327.8546      
4.5222222       1415.4003       1418.6919       1424.7583       1338.1839       1290.5102       1314.4657       1310.0196       1317.5223      
4.5277778       1411.8991       1415.0497       1421.1877       1331.6154       1281.5402       1305.2865       1300.3094       1307.5431      
4.5333333       1408.662        1411.741        1418.0896       1325.3751       1272.5823       1295.9116       1290.1637       1297.4443      
4.5388889       1405.5025       1408.5481       1415.3414       1319.1753       1263.5262       1286.2827       1279.549        1287.019       
4.5444444       1402.1433       1405.0737       1411.9397       1313.4125       1254.3409       1276.4052       1268.9098       1276.2499      
4.55            1398.9391       1401.8012       1409.1043       1307.1234       1244.9564       1266.2675       1258.4209       1265.2148      
4.5555556       1395.8011       1398.6847       1407.2834       1300.2221       1235.3469       1255.8645       1247.8247       1254.0463      
4.5611111       1392.7156       1395.5818       1405.431        1292.7987       1225.5057       1245.2207       1237.1345       1241.8595      
4.5666667       1389.5831       1392.3664       1402.7603       1284.9449       1215.4312       1234.3705       1226.4398       1229.4998      
4.5722222       1386.4559       1389.161        1400.3434       1276.0943       1205.1465       1223.3407       1215.7634       1217.217       
4.5777778       1383.3998       1386.0096       1397.6423       1265.9238       1194.6502       1212.1455       1205.1056       1204.9476      
4.5833333       1380.4295       1382.9781       1394.977        1254.2936       1183.9074       1200.7862       1194.5147       1192.2511      
4.5888889       1377.4075       1379.8462       1392.3601       1241.0992       1173.0135       1189.2619       1184.0016       1178.9236      
4.5944444       1374.5005       1376.8919       1389.8006       1225.8529       1162.0873       1177.6795       1173.6003       1164.9102      
4.6             1371.5205       1373.8364       1387.3235       1208.0297       1149.9079       1166.0611       1163.3187       1150.0872      
4.6055556       1368.6161       1370.813        1384.3196       1183.4693       1137.2673       1154.4048       1153.3159       1134.3643      
4.6111111       1365.668        1367.676        1381.0142       1141.8438       1123.5043       1142.321        1143.4917       1118.0109      
4.6166667       1362.7153       1364.4723       1377.7541       1084.1591       1110.2979       1130.0252       1133.612        1101.6869      
4.6222222       1359.9059       1361.6061       1374.8089       1013.083        1097.7361       1117.9558       1122.5091       1083.4884      
4.6277778       1357.1191       1358.6558       1371.7775       933.24471       1085.5738       1105.9223       1111.2633       1060.5238      
4.6333333       1354.5196       1355.9551       1368.8057       847.29305       1073.6887       1093.9925       1100.2404       1035.0641      
4.6388889       1351.8838       1353.215        1365.8253       757.10079       1061.3967       1082.2339       1089.3962       1007.7323      
4.6444444       1349.239        1350.4511       1362.5793       663.97871       1048.66         1070.7294       1078.6878       977.17806      
4.65            1346.6686       1347.7651       1359.3592       569.40652       1035.458        1059.5441       1068.1032       943.75265      
4.6555556       1343.9825       1344.8974       1356.2159       473.40889       1021.8099       1047.4344       1057.5328       907.84457      
4.6611111       1341.5851       1342.4001       1353.2234       374.90134       1007.8915       1032.9444       1047.0613       868.82228      
4.6666667       1339.2808       1340.04         1349.9426       274.87458       993.83527       1018.2119       1036.8771       827.18369      
4.6722222       1336.8374       1337.4539       1346.2403       182.44906       979.65704       1004.0655       1025.6143       784.46689      
4.6777778       1334.3103       1334.6891       1341.911        110.47868       965.32735       990.17154       1012.2569       741.61112      
4.6833333       1331.8578       1331.9626       1337.0784       79.623544       950.77403       976.71054       998.43198       699.00202      
4.6888889       1329.2901       1329.1091       1332.1788       82.109654       936.03365       963.59228       984.91503       656.91333      
4.6944444       1326.7073       1326.1514       1326.2795       88.429345       921.27681       950.87755       971.49152       616.28917      
4.7             1324.1483       1323.1448       1319.5332       95.469604       906.61125       938.53638       958.19402       577.63083      
4.7055556       1321.724        1320.3104       1313.5402       103.83267       892.1388        926.55402       944.99068       541.55703      
4.7111111       1319.4754       1317.7507       1308.213        111.94381       877.97004       914.91301       931.89052       508.36924      
4.7166667       1317.3946       1315.337        1302.8733       118.96571       864.40152       903.71314       918.8859        478.34194      
4.7222222       1315.6593       1313.3807       1298.1089       126.66561       851.60724       892.86044       906.05891       451.61136      
4.7277778       1313.989        1311.5132       1293.346        135.06885       839.58059       882.21858       893.53485       428.14277      
4.7333333       1312.4746       1309.8599       1289.0628       145.7923        828.3308        871.74237       881.30068       407.76426      
4.7388889       1310.8549       1308.0002       1283.9553       155.86478       817.83587       861.36864       869.3088        390.18608      
4.7444444       1309.3648       1306.2598       1278.5296       165.6068        808.2289        851.06003       857.50007       375.06618      
4.75            1307.9151       1304.6712       1273.43         172.49539       799.66881       840.79898       845.80164       362.09044      
4.75625         1306.451        1303.1587       1267.6286       174.07624       791.96368       829.44216       832.61876       349.82348      
4.7625          1305.279        1301.9097       1263.1152       177.92934       785.58714       817.94548       819.20281       339.33446      
4.76875         1304.7372       1301.4686       1261.1746       186.36499       780.93598       806.57771       805.87648       330.68628      
4.775           1304.4643       1301.3846       1261.0848       210.11563       778.03276       795.29249       792.42959       323.47323      
4.78125         1304.0267       1301.0618       1260.6866       239.6491        776.7804        784.10039       778.52054       317.52442      
4.7875          1303.9298       1301.2753       1262.3705       268.30875       776.6504        772.97799       763.58803       312.60923      
4.79375         1302.8941       1299.9792       1259.393        289.56751       777.51156       761.95043       747.37687       308.49606      
4.8             1301.6969       1298.5802       1257.5274       307.1936        778.85415       751.04369       729.67392       305.00361      
4.80625         1300.5344       1297.0855       1254.5073       321.11604       778.52661       740.26394       710.26027       301.99408      
4.8125          1299.4149       1295.8139       1255.1891       332.77339       772.96488       729.55865       688.95252       299.33949      
4.81875         1298.8532       1295.1889       1257.5074       342.5342        767.78148       718.88648       665.63958       296.9486       
4.825           1298.721        1294.9962       1260.9675       350.46031       762.95225       708.23144       640.27163       294.73503      
4.83125         1298.3307       1294.4919       1264.6382       356.29344       758.18246       697.67996       612.9796        292.65249      
4.8375          1298.1845       1294.302        1269.7124       360.6972        752.86841       687.23505       584.33843       290.65095      
4.84375         1298.6175       1294.8801       1275.8729       363.74313       746.66466       676.83367       554.96928       288.68671      
4.85            1299.1888       1295.5536       1278.8788       364.96858       739.76957       666.47856       525.40156       286.73983      
4.85625         1299.9588       1296.466        1280.8366       364.16968       732.6188        656.21501       496.14324       284.80489      
4.8625          1300.637        1297.3449       1282.8868       361.53218       725.50682       646.06304       467.66722       282.8678       
4.86875         1301.7173       1298.627        1285.1396       358.73341       718.54916       636.05216       440.40537       280.9165       
4.875           1302.5331       1299.7063       1287.3685       355.83802       711.76394       626.17473       414.72434       279.45015      
4.88125         1303.5725       1301.0034       1289.7142       353.59013       705.14745       616.39553       390.89808       277.80143      
4.8875          1304.5595       1302.148        1291.8419       351.67663       698.70908       606.66047       369.1056        275.824        
4.89375         1305.817        1303.5738       1294.1209       349.53378       692.4344        596.83607       349.40468       273.66823      
4.9             1307.4233       1305.3278       1296.634        347.73161       686.28694       586.75023       331.7753        271.43507      
4.9071429       1308.8243       1306.999        1299.2397       346.20789       678.86366       574.83795       314.33726       268.94192      
4.9142857       1311.2295       1309.5409       1302.7079       346.61831       671.45855       561.86443       298.95724       266.36605      
4.9214286       1314.006        1312.4377       1306.4435       347.99893       664.35541       547.87305       286.00315       263.82168      
4.9285714       1316.2893       1314.9253       1309.9576       350.03805       657.36212       532.54145       275.0111        261.28795      
4.9357143       1318.7406       1317.5384       1313.382        352.78386       650.40124       515.76587       265.77021       258.77865      
4.9428571       1321.865        1320.7291       1316.9664       355.95947       643.44185       497.54426       258.09086       256.29616      
4.95            1325.3376       1324.2381       1320.7163       358.61604       636.45256       477.96862       251.84792       253.83532      
4.9571429       1329.0817       1327.9897       1324.5878       361.61536       629.44998       457.2598        246.9073        251.40759      
4.9642857       1333.169        1332.0584       1328.6922       368.61051       622.41554       435.74013       243.10924       248.72872      
4.9714286       1337.7289       1336.5696       1333.0554       378.48791       615.28266       413.81879       240.2791        245.74882      
4.9785714       1342.2197       1341.0116       1337.4917       389.13936       607.92285       391.96303       238.2753        242.77244      
4.9857143       1347.2161       1345.9184       1342.1019       399.49304       600.1528        370.60745       236.92574       239.82747      
4.9928571       1352.6306       1351.1922       1346.6734       409.32643       591.88987       350.19924       236.12395       236.91389      
5               1358.6271       1357.0247       1351.827        418.56092       583.11819       331.14061       235.7978        234.0302       
5.0071429       1365.1287       1363.3143       1357.1988       427.06169       573.80735       313.70964       235.84727       231.12472      
5.0142857       1372.1261       1370.089        1363.083        434.79618       563.91353       298.10712       236.08035       228.19186      
5.0214286       1379.6591       1377.3477       1369.1422       441.65294       553.60299       284.41711       236.46358       225.2592       
5.0285714       1388.0782       1385.4235       1375.8042       448.02792       543.1222        272.64293       236.98434       222.35081      
5.0357143       1397.0466       1394.1346       1383.334        454.23516       532.63136       262.74033       237.62057       219.49483      
5.0428571       1406.7637       1403.5376       1391.3038       459.61013       522.16579       254.58446       238.33826       216.68061      
5.05            1417.2124       1413.5896       1399.5762       463.59384       511.78114       248.03468       239.11613       213.89342      
5.0571429       1428.3833       1424.304        1408.4138       466.25733       501.5128        242.9617        239.946         211.13369      
5.0642857       1440.3402       1435.7284       1417.6925       466.58665       491.39499       239.18612       240.82505       208.48502      
5.0714286       1453.2659       1448.1167       1427.9076       471.36562       481.46542       236.57124       241.75397       205.99624      
5.0785714       1467.2717       1461.6082       1439.5063       478.98305       471.89095       235.34176       243.0609        203.64782      
5.0857143       1482.5102       1476.2715       1451.9968       488.1311        465.39224       234.71823       244.22947       201.42261      
5.0928571       1498.7852       1491.9704       1465.4625       500.97429       459.75007       234.48764       245.35379       199.34242      
5.1             1516.4103       1509.0022       1480.3978       520.68294       454.8716        234.54132       246.44052       197.46283      
5.1071429       1535.1558       1527.1611       1496.2602       547.14002       451.90133       234.72561       247.51852       195.92215      
5.1142857       1555.6088       1547.0009       1513.701        582.1271        450.17209       235.09291       248.59816       194.74984      
5.1214286       1577.225        1568.0015       1532.301        627.70048       450.12479       235.63008       249.66734       193.82139      
5.1285714       1600.7414       1590.9163       1552.8487       687.57823       451.89717       236.30028       250.72338       192.98512      
5.1357143       1625.6365       1615.298        1575.032        763.68996       458.19463       237.0575        251.7658        192.231        
5.1428571       1652.7711       1641.8928       1599.3141       857.22408       468.34376       238.02994       252.84208       191.59438      
5.15            1682.0914       1670.6885       1625.7403       975.45763       481.21896       238.84605       253.95536       191.06447      
5.1555556       1708.587        1696.9047       1649.8189       1088.4106       492.4014        239.73263       254.90777       190.70226      
5.1611111       1733.4378       1721.4677       1672.6637       1200.7368       504.26313       240.89508       255.9843        190.52037      
5.1666667       1759.4636       1747.3371       1697.1716       1312.4064       517.48367       242.15335       257.16143       190.37741      
5.1722222       1787.3292       1775.0295       1723.5784       1420.1252       532.9268        243.52019       258.46719       190.32338      
5.1777778       1816.8078       1804.4576       1752.0291       1519.6905       550.28377       244.91459       259.96535       190.3875       
5.1833333       1847.7582       1835.5679       1782.5263       1607.8798       563.42181       246.21414       261.66138       190.56217      
5.1888889       1880.5829       1868.564        1815.0865       1683.0009       565.65209       247.24463       263.59706       190.85073      
5.1944444       1914.953        1903.2415       1849.699        1746.3615       565.96989       247.88543       265.83384       191.29865      
5.2             1950.8221       1939.5703       1886.3829       1799.8847       577.61563       248.24721       268.40259       191.93035      
5.2045455       1984.2936       1973.5922       1920.7414       1840.8818       584.03977       248.10278       270.2912        192.54975      
5.2090909       2014.4659       2004.4347       1952.2826       1873.8345       587.65912       248.03246       271.24587       193.42464      
5.2136364       2047.7034       2038.0099       1985.787        1906.7734       589.2479        248.11245       272.11831       194.63474      
5.2181818       2080.1362       2071.0353       2019.2856       1939.059        591.67884       248.45634       273.10885       196.24165      
5.2227273       2112.5925       2104.2291       2052.9713       1970.3055       597.04423       249.09817       274.10108       198.2967       
5.2272727       2147.1541       2139.3429       2088.2747       2002.4713       607.99205       250.40591       275.12885       200.68434      
5.2318182       2181.2606       2174.2374       2123.5612       2034.3319       628.60573       252.60358       276.42124       203.5321       
5.2363636       2217.2066       2210.8942       2160.4203       2067.1168       662.88647       256.24522       278.69156       206.91981      
5.2409091       2249.71         2244.5183       2195.0799       2098.5087       715.51557       261.26369       281.81303       210.62335      
5.2454545       2286.43         2282.0308       2232.8395       2131.2634       792.78164       268.51859       284.94542       215.26136      
5.25            2322.1131       2318.764        2270.2947       2164.1771       893.09711       277.68324       287.93564       222.09171      
5.2538462       2351.8508       2349.6525       2302.4254       2192.2362       999.61542       286.63102       291.36228       228.1322       
5.2576923       2382.4034       2381.1679       2334.6915       2220.3014       1113.7238       297.23723       295.31204       234.60827      
5.2615385       2411.2696       2411.1          2365.8954       2248.7169       1223.1183       308.83288       299.37206       241.12523      
5.2653846       2440.5954       2441.5541       2397.7461       2278.2246       1324.2482       321.91502       303.86902       248.10895      
5.2692308       2469.6358       2471.8119       2429.9497       2308.0867       1414.7001       335.9556        308.65712       255.36123      
5.2730769       2498.2926       2501.7873       2462.1908       2338.1675       1492.1874       350.98037       313.86973       263.20727      
5.2769231       2526.7101       2531.5843       2494.6366       2368.2659       1555.4831       366.91415       319.10816       271.68576      
5.2807692       2554.8288       2561.1381       2527.1459       2398.3463       1604.624        382.40345       324.38177       281.78154      
5.2846154       2582.596        2590.3743       2559.4423       2428.075        1639.2491       398.69525       328.97224       293.43907      
5.2884615       2609.7129       2619.04         2591.2782       2457.3798       1662.6641       418.47589       333.0101        304.85593      
5.2923077       2635.5344       2646.3907       2622.006        2485.9163       1672.2679       443.66855       335.98505       308.23466      
5.2961538       2660.9535       2673.3792       2652.4635       2513.8088       1668.2351       473.76159       337.44649       310.29183      
5.3             2685.3788       2699.3373       2682.0193       2541.0528       1664.5176       509.36429       338.42588       313.16469      
5.3035714       2707.5599       2723.0907       2709.6967       2566.93         1662.4315       547.93752       333.48504       316.87108      
5.3071429       2728.8462       2745.882        2736.1655       2591.6238       1660.6361       593.74424       318.4755        321.03643      
5.3107143       2748.1789       2766.8272       2761.0177       2615.36         1658.8536       646.82242       296.10062       324.90661      
5.3142857       2767.2633       2787.7565       2786.01         2639.4439       1657.6638       709.13913       273.98229       330.37697      
5.3178571       2784.7852       2806.8048       2809.2037       2662.1084       1655.269        781.67949       252.96334       336.7037       
5.3214286       2803.034        2826.7479       2833.2813       2685.5324       1653.0996       869.10838       235.63738       342.62554      
5.325           2819.4481       2844.7369       2855.5065       2707.2199       1651.9754       973.89378       216.01998       346.57167      
5.3285714       2834.8175       2861.7678       2876.7688       2727.5046       1649.0455       1099.5023       192.55835       350.52383      
5.3321429       2849.5576       2878.0815       2897.2452       2747.0635       1647.6709       1245.2536       158.84807       354.88341      
5.3357143       2863.1831       2893.3144       2916.7428       2765.8853       1646.2806       1406.7839       145.45648       359.57096      
5.3392857       2875.8442       2907.546        2935.1812       2783.7112       1644.6436       1561.8598       155.00833       364.78938      
5.3428571       2887.5836       2920.8334       2952.6225       2800.7282       1644.1259       1690.6805       161.87823       369.09194      
5.3464286       2898.0186       2932.7908       2968.6756       2816.8919       1643.2073       1784.4105       170.44409       373.21886      
5.35            2907.6595       2943.9173       2983.7749       2832.5194       1642.7886       1832.0491       184.37725       377.45978      
5.3533333       2916.5679       2954.4324       2997.9678       2846.7499       1640.7842       1841.9372       200.90703       382.98323      
5.3566667       2923.3542       2962.703        3009.569        2858.8339       1639.3034       1846.2755       221.50223       389.20157      
5.36            2929.3418       2970.4728       3020.5602       2870.5763       1639.0835       1853.6843       224.88377       396.68562      
5.3633333       2935.8929       2977.0907       3030.5145       2881.4739       1639.4715       1859.4399       256.22697       404.30303      
5.3666667       2941.5833       2983.2961       3039.8669       2892.043        1639.7607       1864.1062       309.05827       413.11862      
5.37            2946.6594       2989.4172       3048.8953       2902.7695       1641.9293       1866.0499       386.6037        421.91519      
5.3733333       2951.0125       2994.9045       3057.3087       2913.3258       1645.9782       1873.3486       544.98375       429.29249      
5.3766667       2954.5614       2999.5189       3064.6694       2922.7774       1648.5774       1878.5406       807.92262       435.93866      
5.38            2957.2041       3003.1653       3070.9508       2931.231        1650.5433       1882.8428       1141.1754       440.16814      
5.3833333       2959.6259       3006.5303       3076.876        2939.4846       1653.3321       1887.4227       1492.7734       441.86889      
5.3866667       2961.9124       3009.728        3082.6415       2947.8025       1657.4953       1895.1625       1791.2859       439.82068      
5.39            2963.5391       3012.2679       3087.921        2956.1485       1664.6194       1906.8202       1963.9629       432.70501      
5.3933333       2964.8896       3014.4574       3092.6681       2963.8292       1670.8717       1914.4186       2020.2038       402.28413      
5.3966667       2965.2859       3015.6271       3096.3756       2970.6613       1677.8215       1923.9122       2046.0154       364.41157      
5.4             2965.6574       3016.5213       3099.7535       2977.2041       1685.2019       1934.8393       2079.1575       289.77042      
5.4035714       2964.8703       3016.154        3101.7336       2983.0138       1693.5977       1947.8224       2098.2929       222.15414      
5.4071429       2962.9768       3015.988        3103.4769       2988.1837       1699.2909       1955.894        2108.2938       238.40147      
5.4107143       2961.5192       3015.4124       3105.0678       2993.455        1707.8023       1968.6304       2127.9221       296.78629      
5.4142857       2959.6737       3014.2159       3106.0271       2998.2645       1717.621        1981.2461       2141.9837       358.65894      
5.4178571       2956.7944       3011.9639       3105.8264       3002.0359       1727.6419       1993.069        2155.4144       531.4258       
5.4214286       2954.1632       3009.9668       3105.695        3005.8993       1739.4935       2006.9613       2172.0355       931.13848      
5.425           2950.3393       3006.9694       3104.307        3008.5339       1750.7134       2018.1635       2182.6947       1447.5978      
5.4285714       2945.8763       3003.9634       3102.1745       3010.6562       1762.9466       2031.3047       2196.6377       1817.7424      
5.4316327       2943.4078       3000.7039       3101.8214       3013.472        1773.152        2040.1847       2204.4825       1992.5634      
5.4346939       2940.1209       2997.4299       3100.0491       3015.3675       1787.0504       2051.891        2213.3051       2073.4998      
5.4377551       2935.3235       2992.802        3096.6314       3015.8521       1799.6227       2062.1485       2220.2039       2114.8298      
5.4408163       2929.8214       2987.2041       3092.1466       3015.1702       1810.6714       2071.7693       2225.0068       2136.2942      
5.4438776       2924.1276       2981.3384       3087.2967       3014.0595       1821.0219       2080.7014       2228.4282       2146.0016      
5.4469388       2918.4899       2975.6918       3082.5805       3013.0811       1831.377        2089.0705       2230.5534       2147.7677      
5.45            2912.8271       2970.1976       3077.9176       3012.3695       1842.4833       2097.8103       2233.0651       2149.2494      
5.4533333       2906.0032       2963.2402       3071.4739       3010.4628       1854.1255       2107.3458       2234.5117       2143.1623      
5.4566667       2898.5206       2955.9806       3064.6936       3007.8661       1863.6679       2115.6868       2237            2143.4723      
5.46            2890.8794       2947.9416       3058.005        3005.1402       1873.3764       2124.2597       2241.0315       2150.1466      
5.4633333       2882.9601       2940.0669       3050.8872       3001.9149       1883.5948       2133.2284       2245.8559       2158.7565      
5.4666667       2875.6779       2932.6436       3044.0598       2998.8553       1894.2152       2142.7368       2251.657        2169.2604      
5.47            2867.5201       2924.1557       3036.0385       2994.3805       1904.388        2151.8712       2257.4617       2179.3054      
5.4733333       2858.7788       2915.4872       3027.4621       2989.0245       1913.5561       2159.5301       2262.176        2185.754       
5.4766667       2849.9949       2906.7769       3019.1771       2984.4972       1925.9678       2170.2879       2269.1015       2193.0784      
5.48            2841.2902       2897.5916       3010.8204       2979.6663       1938.1591       2180.659        2275.7843       2199.3436      
5.4833333       2832.5915       2888.928        3001.4352       2973.589        1948.578        2189.1688       2280.9541       2202.1988      
5.4866667       2823.7713       2879.839        2992.319        2967.4951       1959.1292       2197.8498       2286.5812       2205.8879      
5.49            2814.3644       2870.1247       2982.6531       2960.785        1969.557        2206.5903       2292.6239       2210.3056      
5.4933333       2805.028        2860.4775       2972.9785       2953.9637       1979.9956       2215.5742       2299.0059       2214.9554      
5.4966667       2795.8812       2851.0353       2963.2085       2946.8782       1990.3817       2224.0781       2305.6477       2220.0888      
5.5             2786.114        2840.4113       2952.6259       2939.0935       2000.6027       2232.2003       2312.0199       2224.6556      
5.5033333       2776.2135       2830.0905       2942.0561       2931.2141       2010.9321       2240.3631       2318.5734       2229.3187      
5.5066667       2766.5306       2820.0917       2931.4145       2923.3223       2021.1717       2248.2755       2325.0093       2233.5895      
5.5102778       2756.1795       2808.869        2920.2736       2914.63         2033.0917       2257.6798       2332.4848       2238.588       
5.51425         2743.3974       2795.3064       2906.3587       2903.8355       2044.6404       2267.6329       2340.4343       2244.1381      
5.5182222       2731.8943       2783.2616       2893.8021       2893.9926       2053.7074       2275.7051       2348.1948       2251.0056      
5.5221944       2719.7708       2770.6393       2880.7409       2883.7183       2063.4744       2284.1364       2356.2803       2259.1722      
5.5261667       2708.2481       2758.5171       2867.9228       2873.277        2073.3192       2292.1331       2364.0225       2266.8005      
5.5301389       2696.5492       2746.1817       2854.881        2862.5063       2082.4587       2299.3389       2370.6395       2272.1214      
5.5341111       2684.9666       2733.9422       2842.071        2851.7012       2091.5645       2306.8018       2377.676        2279.3082      
5.5380833       2673.0657       2721.3577       2829.8474       2840.8184       2100.7187       2314.0059       2384.2701       2285.786       
5.5420556       2662.0502       2709.7435       2815.4549       2829.8847       2109.7063       2320.8862       2390.5112       2291.2361      
5.5460278       2650.484        2697.4642       2801.916        2818.7368       2118.0124       2327.0883       2396.2439       2295.9761      
5.55            2639.1175       2685.3211       2788.7841       2807.4461       2125.6104       2332.6204       2401.4795       2299.7534      
5.5535714       2628.7576       2674.4996       2777.2214       2797.2384       2130.5169       2336.3254       2406.2084       2305.3249      
5.5571429       2619.8004       2664.9087       2766.4277       2787.7943       2138.4473       2341.2109       2411.3134       2310.5434      
5.5607143       2609.5754       2653.9852       2754.5931       2777.3863       2145.9629       2346.2902       2416.2256       2315.5713      
5.5642857       2599.7118       2643.3776       2743.0485       2767.0939       2152.3064       2350.444        2420.6955       2320.4584      
5.5678571       2590.0343       2632.9851       2731.8212       2757.2101       2158.4352       2354.435        2425.1491       2325.7309      
5.5714286       2580.7172       2622.9155       2720.8269       2747.3792       2164.1677       2358.247        2429.6581       2331.524       
5.575           2571.3778       2612.8723       2709.8623       2737.5226       2169.3617       2361.5448       2433.7692       2337.006       
5.5785714       2561.7255       2602.8582       2698.9348       2727.54         2173.4598       2363.9653       2436.7678       2341.0426      
5.5821429       2552.5287       2593.0983       2688.3041       2717.898        2177.7196       2366.2084       2439.1586       2343.7816      
5.5857143       2543.1519       2583.5215       2677.8898       2708.4005       2182.1522       2368.5552       2441.6642       2346.1603      
5.5892857       2534.3981       2574.1737       2667.7044       2698.9662       2186.1984       2370.5589       2444.7669       2351.5365      
5.5928571       2525.781        2564.7722       2658.2645       2689.755        2189.9894       2372.3354       2447.5537       2356.218       
5.5964286       2517.2847       2555.6277       2647.536        2680.9055       2193.5802       2373.9107       2450.1566       2361.104       
5.6             2508.9264       2546.6749       2637.5735       2671.8276       2196.8248       2375.3276       2452.3829       2365.4521      
5.6035714       2500.6529       2537.8407       2627.8748       2662.8275       2199.759        2376.4748       2454.3435       2369.9393      
5.6071429       2492.3753       2529.0701       2618.2928       2653.9101       2202.3687       2377.3802       2455.8514       2373.8704      
5.6107143       2484.4067       2520.462        2608.8773       2645.1294       2204.7093       2377.9444       2456.8374       2377.1184      
5.6142857       2477.0683       2512.1175       2599.6272       2636.482        2206.8332       2378.209        2457.6345       2380.5602      
5.6178571       2469.4729       2503.8127       2590.4858       2627.9342       2208.7063       2378.119        2458.3133       2383.8766      
5.6214286       2461.6934       2495.5168       2581.4121       2619.4367       2210.303        2377.6297       2458.523        2386.6161      
5.625           2454.0513       2487.3636       2572.533        2611.1044       2211.6983       2376.8071       2458.328        2388.897       
5.6285714       2446.4226       2479.1927       2563.6982       2602.795        2212.7939       2375.582        2457.4828       2390.6327      
5.6321429       2439.2262       2471.3867       2555.1894       2594.7206       2213.7522       2374.0033       2456.2076       2392.1296      
5.6357143       2432.1477       2463.8057       2546.4597       2586.637        2214.472        2371.9933       2454.4089       2392.9294      
5.6392857       2425.0577       2456.1596       2538.0864       2578.7616       2214.9896       2369.6859       2452.2162       2393.2945      
5.6428571       2417.9585       2448.5677       2529.8323       2570.9804       2215.3603       2367.1975       2449.7881       2393.1593      
5.6464286       2410.9762       2441.048        2521.5956       2563.2287       2215.4451       2364.3097       2446.6408       2391.8233      
5.65            2404.3675       2433.8935       2513.6662       2555.7123       2215.4559       2361.3284       2443.2837       2390.0878      
5.6538462       2397.2296       2425.8032       2504.7363       2547.4576       2215.8309       2358.0624       2439.0317       2387.0393      
5.6576923       2389.7899       2417.9807       2496.0098       2539.2658       2214.6582       2353.9211       2434.4036       2384.4796      
5.6615385       2382.8867       2410.5358       2487.6138       2531.414        2213.3855       2349.5216       2429.2864       2381.1467      
5.6653846       2376.2567       2403.3597       2479.5166       2523.9885       2212.3249       2344.9774       2423.7306       2377.0267      
5.6692308       2369.992        2396.5788       2472.3036       2516.0774       2211.1583       2340.284        2417.7828       2372.1785      
5.6730769       2363.654        2389.7138       2465.0788       2507.7415       2209.5204       2335.0625       2411.3726       2366.8134      
5.6769231       2357.4045       2382.9208       2457.7043       2499.9943       2208.022        2329.6467       2404.7311       2360.8107      
5.6807692       2350.7425       2375.739        2449.7314       2492.498        2206.389        2324.0271       2397.6608       2354.3213      
5.6846154       2344.3863       2368.8513       2441.9836       2485.1912       2204.6474       2318.2307       2390.1295       2347.2614      
5.6884615       2338.3715       2362.3163       2434.7031       2478.052        2202.8285       2312.3187       2382.1998       2339.7987      
5.6923077       2332.8052       2356.172        2427.4882       2471.3825       2201.0242       2306.3484       2373.7614       2331.499       
5.6961538       2327.3694       2350.2092       2420.6225       2464.6332       2199.2343       2300.5526       2365.2406       2323.3348      
5.7             2322.1382       2344.4704       2413.9598       2457.9922       2197.4908       2294.7869       2356.432        2315.3007      
5.7038462       2316.551        2338.3887       2407.0435       2451.1436       2195.4875       2289.047        2347.6907       2307.3208      
5.7076923       2311.2355       2332.577        2400.3657       2444.4225       2193.2358       2282.942        2338.4694       2298.8258      
5.7115385       2306.1301       2326.9578       2393.8026       2437.7485       2191.2447       2277.0384       2328.8861       2289.9904      
5.7153846       2301.2439       2321.5764       2387.5137       2431.3683       2189.5852       2272.0598       2320.2342       2280.7438      
5.7192308       2296.4871       2316.3551       2381.432        2425.1873       2187.9366       2267.2581       2311.7461       2271.4565      
5.7230769       2291.8286       2311.2749       2375.5665       2419.277        2186.5391       2262.8509       2303.7907       2262.6889      
5.7269231       2287.5409       2306.6459       2370.2584       2413.9133       2185.6239       2258.8479       2296.1049       2253.8599      
5.7307692       2283.1362       2301.94         2364.853        2408.3914       2184.747        2255.2248       2288.9134       2245.4362      
5.7346154       2279.4862       2297.6371       2359.7275       2403.1033       2183.9946       2251.7802       2281.8948       2237.0712      
5.7384615       2276.2937       2293.6917       2354.8569       2398.0269       2183.4037       2248.615        2275.2141       2228.9577      
5.7423077       2272.8725       2289.7097       2349.9558       2392.8798       2182.7849       2245.5841       2268.7527       2221.0037      
5.7461538       2269.2107       2285.6597       2345.1154       2387.9034       2182.2532       2242.7254       2262.5118       2212.9879      
5.75            2265.645        2281.7934       2340.8512       2383.0127       2181.9717       2240.0944       2256.553        2205.1334      
5.7541667       2261.9545       2277.6221       2335.9687       2377.6175       2181.6596       2237.193        2250.1516       2196.44        
5.7583333       2258.2022       2273.4621       2331.2174       2372.7547       2181.0502       2234.5499       2244.2286       2188.0194      
5.7625          2254.916        2269.7629       2326.6319       2367.4743       2179.8069       2231.8987       2238.5949       2179.916       
5.7666667       2251.7454       2266.2125       2321.9457       2361.2659       2178.3537       2229.1965       2233.0829       2171.8125      
5.7708333       2248.6312       2262.6642       2317.5152       2356.0556       2177.452        2226.7988       2227.9526       2163.8714      
5.775           2245.3853       2258.9662       2312.7504       2352.5962       2177.0355       2224.3251       2222.6851       2155.3786      
5.7791667       2242.4329       2255.6095       2308.618        2348.6935       2176.4254       2222.0759       2217.9197       2147.4202      
5.7833333       2239.7716       2252.5513       2304.825        2344.3711       2175.5184       2219.6703       2213.0869       2139.1506      
5.7875          2237.0006       2249.398        2300.9273       2339.914        2174.4528       2217.2077       2208.3351       2130.852       
5.7916667       2234.5444       2246.5606       2297.3126       2335.7278       2173.515        2214.8747       2203.8419       2122.9272      
5.7958333       2232.1144       2243.759        2293.7293       2331.5551       2172.3993       2212.4648       2199.4953       2115.1645      
5.8             2229.7918       2241.0687       2290.2382       2327.3739       2170.8634       2209.9314       2195.2117       2107.4753      
5.8041667       2227.5797       2238.5067       2286.9167       2323.4083       2169.5697       2207.4693       2191.2206       2100.1883      
5.8083333       2225.4849       2236.0734       2283.7414       2319.5756       2168.199        2204.9036       2187.2208       2093.0061      
5.8125          2223.5016       2233.7608       2280.6966       2315.8536       2166.7262       2202.262        2183.3909       2086.3439      
5.8166667       2221.6262       2231.5661       2277.7791       2312.2329       2165.1254       2199.5241       2179.6589       2080.0259      
5.8208333       2219.8475       2229.4734       2274.9579       2308.646        2163.1746       2196.6487       2176.0342       2074.1357      
5.825           2218.181        2227.5091       2272.3021       2305.2792       2161.4663       2193.7355       2172.4787       2068.5513      
5.8291667       2216.6321       2225.6738       2269.7847       2302.0118       2159.5727       2190.7091       2168.9552       2063.2249      
5.8333333       2215.1912       2223.9584       2267.3986       2298.8346       2157.5262       2187.5544       2165.4248       2058.1302      
5.8375          2213.7866       2222.2823       2265.0434       2295.65         2155.3282       2184.2538       2161.8236       2053.2184      
5.8416667       2212.5009       2220.7382       2262.8426       2292.6009       2153.0369       2180.8448       2158.1971       2048.5384      
5.8458333       2211.3294       2219.3237       2260.8096       2289.7396       2150.6948       2177.357        2154.5541       2044.0461      
5.85            2210.1976       2217.9805       2258.9224       2287.07         2148.329        2173.8043       2150.8846       2039.7267      
5.8545455       2209.4634       2216.8939       2257.0405       2284.7431       2145.6835       2169.6146       2146.5942       2035.1258      
5.8590909       2208.2118       2215.4244       2254.9833       2281.9553       2142.7411       2165.4763       2142.4576       2030.7174      
5.8636364       2207.4199       2214.4246       2253.4173       2279.5903       2139.8409       2161.29         2138.248        2026.6269      
5.8681818       2206.5568       2213.3921       2251.9205       2277.3714       2136.9175       2156.9739       2133.8553       2022.5737      
5.8727273       2206.1334       2212.7733       2250.7494       2275.3559       2133.9679       2152.6252       2129.4143       2018.7303      
5.8772727       2205.5984       2212.0853       2249.6237       2273.5008       2131.0548       2148.255        2124.8628       2014.8932      
5.8818182       2205.1525       2211.4793       2248.5537       2271.6401       2128.0512       2143.819        2120.1164       2011.1165      
5.8863636       2204.736        2210.9118       2247.5072       2269.7801       2124.882        2139.147        2115.0309       2007.4102      
5.8909091       2204.2985       2210.3516       2246.5584       2268.1097       2121.7575       2134.5156       2109.9238       2003.7457      
5.8954545       2204.1267       2210.057        2245.862        2266.6767       2118.6686       2129.9369       2104.8508       2000.2691      
5.9             2203.9044       2209.7382       2245.2023       2265.3436       2115.6188       2125.4701       2099.8174       1996.8414      
5.9045455       2203.8497       2209.5877       2244.7162       2264.1916       2112.5627       2120.9768       2094.7122       1993.4026      
5.9090909       2203.7795       2209.4317       2244.2274       2263.1939       2109.5003       2116.3966       2089.5225       1989.9267      
5.9136364       2203.8317       2209.4126       2243.9362       2262.3004       2106.3905       2111.8146       2084.3477       1986.3825      
5.9181818       2203.9796       2209.4986       2243.7857       2261.5495       2103.388        2107.4569       2079.305        1982.8123      
5.9227273       2204.1856       2209.656        2243.7382       2260.926        2100.4368       2103.2203       2074.3427       1979.2703      
5.9272727       2204.429        2209.8655       2243.782        2260.4314       2097.5576       2099.1417       2069.4733       1975.7152      
5.9318182       2204.7608       2210.1707       2243.9451       2260.0787       2094.7442       2095.1804       2064.6567       1972.1534      
5.9363636       2205.1349       2210.5274       2244.1878       2259.8367       2092.001        2091.3536       2059.9095       1968.5633      
5.9409091       2205.5881       2210.9697       2244.5373       2259.7248       2089.3269       2087.6529       2055.2399       1964.9738      
5.9454545       2206.0562       2211.4369       2244.9433       2259.7053       2086.7127       2084.0722       2050.6343       1961.3125      
5.95            2206.6211       2212.0065       2245.468        2259.8169       2084.1649       2080.6105       2046.1047       1957.6167      
5.9545455       2207.1858       2212.5846       2246.0354       2260.0146       2081.6855       2077.2692       2041.6548       1953.8611      
5.9590909       2207.8564       2213.2734       2246.7296       2260.3535       2079.2913       2074.0596       2037.3065       1950.0848      
5.9636364       2208.4983       2213.9361       2247.4113       2260.6978       2076.8154       2070.9414       2033.0572       1946.2626      
5.9681818       2209.1593       2214.616        2248.0998       2260.9815       2074.3031       2067.9273       2028.9194       1942.4226      
5.9727273       2209.8764       2215.3674       2248.9262       2261.5226       2072.0541       2065.0873       2024.9078       1938.5645      
5.9772727       2210.678        2216.2141       2249.8739       2262.1881       2069.8978       2062.3881       2021.0326       1934.7111      
5.9818182       2211.4733       2217.0545       2250.8292       2262.8874       2067.7728       2059.799        2017.278        1930.8192      
5.9863636       2212.2883       2217.9201       2251.8237       2263.6127       2065.5488       2057.3044       2013.6567       1926.9295      
5.9909091       2213.1532       2218.8397       2252.8986       2264.4728       2063.5355       2054.9649       2010.1844       1923.0459      
5.9954545       2214.0672       2219.8134       2254.0501       2265.4438       2061.6602       2052.7701       2006.8775       1919.227       
6               2214.9718       2220.7814       2255.2156       2266.4499       2059.8          2050.6909       2003.734        1915.4606      
6.0045455       2215.9107       2221.7851       2256.4264       2267.5084       2057.9739       2048.7206       2000.7381       1911.7783      
6.0090909       2216.8563       2222.7977       2257.6623       2268.6128       2056.1965       2046.8459       1997.8501       1908.0972      
6.0136364       2217.8409       2223.8506       2258.9489       2269.7791       2054.4777       2045.0746       1995.0985       1904.5172      
6.0181818       2218.8572       2224.9353       2260.2731       2270.9763       2052.8212       2043.4232       1992.5532       1901.2571      
6.0227273       2219.8529       2226.0025       2261.5965       2272.1734       2051.2209       2041.8762       1990.1668       1898.1557      
6.0272727       2220.8398       2227.0637       2262.9307       2273.3684       2049.6775       2040.4281       1987.9346       1895.3272      
6.0318182       2221.8527       2228.1514       2264.3033       2274.5523       2048.1904       2039.0731       1985.8445       1892.7171      
6.0363636       2222.8783       2229.256        2265.7225       2275.6722       2046.7657       2037.8085       1983.8917       1890.3505      
6.0409091       2223.8504       2230.3022       2267.0303       2277.1206       2045.4105       2036.6347       1982.0704       1888.1948      
6.0454545       2224.7807       2231.2936       2268.2292       2278.745        2044.1082       2035.5474       1980.3812       1886.3261      
6.05            2225.7339       2232.3091       2269.4708       2280.64         2042.8864       2034.5458       1978.8166       1884.7142      
6.055           2226.8803       2233.4501       2270.8136       2282.6485       2041.8726       2033.4593       1977.043        1883.019       
6.06            2227.7573       2234.4039       2272.1683       2284.2921       2040.4541       2032.5765       1975.6522       1881.8777      
6.065           2228.8125       2235.5418       2273.7141       2285.9857       2039.1492       2031.775        1974.3798       1880.9763      
6.07            2229.9588       2236.769        2275.3331       2287.7108       2037.9453       2031.0549       1973.2225       1880.2635      
6.075           2231.0003       2237.8952       2276.8583       2289.3897       2036.9496       2030.4156       1972.1748       1879.6889      
6.08            2231.9624       2238.9351       2278.2878       2291.0137       2036.073        2029.8598       1971.2447       1879.2538      
6.085           2232.8223       2239.8742       2279.6284       2292.5948       2035.3044       2029.3882       1970.4253       1878.86        
6.09            2233.5806       2240.7075       2280.8645       2294.1112       2034.6259       2028.9965       1969.7152       1878.4932      
6.095           2234.4271       2241.6132       2282.1357       2295.6401       2033.7576       2028.656        1969.1045       1878.1178      
6.1             2235.162        2242.4089       2283.3119       2297.1118       2032.8481       2028.3734       1968.588        1877.7322      
6.105           2235.8433       2243.148        2284.439        2298.5745       2032.1344       2028.2126       1968.1837       1877.3233      
6.11            2236.5978       2243.9486       2285.6052       2300.0713       2031.5071       2028.126        1967.8789       1876.871       
6.115           2237.2153       2244.6118       2286.6458       2301.4823       2030.8372       2028.0923       1967.6677       1876.4036      
6.12            2237.9672       2245.3928       2287.7632       2302.9438       2030.3754       2028.1043       1967.5432       1875.9453      
6.125           2238.53         2245.9895       2288.7278       2304.3322       2030.1869       2028.2214       1967.5066       1875.4926      
6.13            2238.8859       2246.3804       2289.5047       2305.5848       2029.9267       2028.3682       1967.5456       1875.1144      
6.135           2239.1831       2246.7021       2290.197        2306.7546       2029.5979       2028.5378       1967.6442       1874.8436      
6.14            2239.6638       2247.1916       2291.0139       2308.008        2029.3153       2028.7544       1967.8177       1874.8067      
6.145           2239.9596       2247.4952       2291.6549       2309.1241       2029.0158       2029.0104       1968.0688       1875.037       
6.15            2240.0613       2247.5989       2292.0971       2310.0756       2028.7792       2029.3026       1968.3755       1875.546       
6.155           2240.0405       2247.5684       2292.3897       2310.8863       2028.5493       2029.6158       1968.7128       1876.3502      
6.16            2240.0134       2247.515        2292.6252       2311.6251       2028.3945       2029.9448       1969.0929       1877.5821      
6.165           2240.0237       2247.5083       2292.8853       2312.3607       2028.2885       2030.292        1969.5419       1879.2289      
6.17            2239.7981       2247.2642       2292.9326       2312.9466       2028.1841       2030.6432       1970.0821       1881.2247      
6.175           2239.3622       2246.7983       2292.7391       2313.3151       2028.0694       2030.9796       1970.7204       1883.5207      
6.18            2238.952        2246.3542       2292.5239       2313.6089       2028.0182       2031.3326       1971.4531       1886.1848      
6.185           2238.7431       2246.098        2292.5037       2314.09         2028.1471       2031.721        1972.2567       1889.2139      
6.19            2238.3916       2245.697        2292.3608       2314.5292       2028.0211       2032.161        1973.1334       1892.5022      
6.195           2237.8545       2245.0959       2291.9734       2314.7176       2027.8863       2032.6279       1974.0995       1896.0447      
6.2             2237.246        2244.423        2291.5402       2314.9506       2028.0149       2033.0822       1975.1058       1899.7197      
6.205           2236.4655       2243.5443       2290.7738       2314.604        2027.7091       2033.4122       1976.1608       1903.5413      
6.21            2235.5359       2242.4893       2289.7328       2313.8162       2027.1022       2033.6589       1977.2743       1907.5754      
6.215           2234.3807       2241.2348       2288.6022       2313.1653       2026.9749       2033.9863       1978.4243       1911.3897      
6.22            2233.3413       2240.0938       2287.5979       2312.7235       2027.3856       2034.4018       1979.6324       1915.3         
6.225           2232.3193       2238.9628       2286.5813       2312.2349       2028.3771       2034.7656       1980.8803       1919.5608      
6.23            2231.0749       2237.5886       2285.2368       2311.2874       2029.5249       2035.1578       1982.1545       1923.908       
6.235           2229.6801       2236.0624       2283.738        2310.1851       2030.9251       2035.5847       1983.3338       1927.1897      
6.24            2228.3979       2234.6337       2282.2863       2309.0505       2032.3593       2035.9907       1984.5039       1930.0885      
6.245           2226.8014       2232.8989       2280.5555       2307.6318       2033.8744       2036.4415       1985.7584       1933.056       
6.25            2225.3801       2231.317        2278.9114       2306.1289       2035.5368       2036.9409       1987.027        1936.3838      
6.2555556       2223.353        2229.0713       2276.5014       2304.0307       2037.4896       2037.3365       1988.0995       1939.6603      
6.2611111       2221.2969       2226.8068       2273.9685       2302.1796       2038.903        2037.7681       1989.3785       1944.3201      
6.2666667       2219.2324       2224.5388       2271.4333       2300.5874       2040.7589       2038.2601       1990.6161       1949.547       
6.2722222       2217.1164       2222.2253       2268.9147       2298.7067       2042.7963       2038.7481       1991.7864       1955.3093      
6.2777778       2214.844        2219.7496       2266.2435       2296.1812       2044.8015       2039.1783       1992.8716       1961.7783      
6.2833333       2212.5357       2217.2302       2263.4864       2293.5694       2047.7634       2039.7366       1994.0227       1969.8517      
6.2888889       2210.179        2214.6469       2260.602        2290.8131       2051.8073       2040.4085       1995.1827       1977.8561      
6.2944444       2207.6398       2211.8924       2257.515        2287.8027       2055.8952       2041.1282       1996.3735       1986.2721      
6.3             2204.881        2208.9754       2254.2751       2284.6073       2059.4787       2041.8256       1997.3842       1993.6817      
6.3055556       2202.0996       2206.0527       2251.0138       2281.3304       2062.5497       2042.4602       1998.5414       2003.0458      
6.3111111       2198.9532       2202.729        2247.3546       2277.6851       2065.1829       2043.0431       1999.9647       2013.3279      
6.3166667       2196.4862       2200.0201       2244.1377       2274.2683       2067.4213       2043.5562       2001.519        2023.5854      
6.3222222       2193.3607       2196.6897       2240.4043       2270.4344       2069.2508       2043.9826       2003.1644       2034.3648      
6.3277778       2190.7209       2193.8356       2237.0855       2266.9257       2071.8222       2044.5075       2004.9646       2044.1249      
6.3333333       2187.5555       2190.4773       2233.342        2263.0738       2074.251        2045.2814       2006.9433       2054.8189      
6.3388889       2184.8373       2187.5497       2229.9924       2259.4829       2075.9182       2046.4618       2008.86         2066.156       
6.3444444       2181.5388       2184.0765       2226.1544       2255.476        2077.1973       2048.1251       2011.08         2078.0836      
6.35            2178.9284       2181.246        2222.7935       2251.7122       2078.346        2050.1895       2013.2874       2088.0142      
6.3555556       2175.9539       2178.0544       2219.0545       2247.5477       2079.065        2052.4023       2015.3246       2097.7113      
6.3611111       2172.5596       2174.4784       2215.0334       2243.1892       2079.4506       2054.7788       2017.8078       2108.6329      
6.3666667       2169.8572       2171.5631       2211.5672       2239.2276       2079.7777       2057.3027       2020.387        2119.5597      
6.3722222       2166.7588       2168.3012       2207.856        2235.1048       2079.7778       2059.5909       2022.3841       2130.1628      
6.3777778       2163.8077       2165.1644       2204.2268       2231.0062       2079.5175       2061.8147       2024.8334       2141.5635      
6.3833333       2160.5927       2161.7827       2200.4279       2226.8071       2079.0109       2063.9662       2027.7599       2153.6148      
6.3888889       2157.7688       2158.7779       2196.9479       2222.8296       2078.3265       2065.9871       2030.8843       2166.1331      
6.3944444       2154.6795       2155.5246       2193.2721       2218.71         2077.3245       2067.8014       2034.1602       2178.8948      
6.4             2151.9312       2152.6014       2189.8937       2214.8153       2076.0989       2069.3878       2037.6939       2191.9737      
6.4055556       2149.0208       2149.5715       2186.4287       2210.8903       2074.6496       2070.7866       2041.4607       2205.2602      
6.4111111       2146.2357       2146.6613       2183.0956       2207.0771       2073.0183       2071.9396       2044.6838       2218.462       
6.4166667       2143.4549       2143.7425       2179.7744       2203.3          2071.1969       2072.9713       2048.6318       2232.1501      
6.4222222       2140.6453       2140.8101       2176.5076       2199.6125       2069.2274       2073.904        2052.8965       2246.1904      
6.4277778       2137.8794       2137.9379       2173.3155       2196.0305       2067.1353       2074.6811       2057.296        2259.7773      
6.4333333       2135.3433       2135.2815       2170.3258       2192.6334       2064.9498       2075.3085       2061.792        2272.6259      
6.4388889       2132.7513       2132.5743       2167.348        2189.3139       2062.7163       2075.8173       2066.3505       2283.4182      
6.4444444       2130.2947       2129.9983       2164.5003       2186.1283       2060.4773       2076.3004       2071.3153       2298.4976      
6.45            2127.8687       2127.4611       2161.7192       2183.0596       2058.3092       2076.9169       2077.0205       2315.9886      
6.45625         2124.7835       2124.2596       2158.2423       2179.6747       2055.9376       2077.2552       2082.8458       2330.0988      
6.4625          2122.2638       2121.6108       2155.3092       2176.356        2053.3136       2077.7776       2088.7069       2341.807       
6.46875         2119.8311       2119.0673       2152.5673       2173.3912       2051.0297       2078.2793       2094.1024       2351.3453      
6.475           2117.4835       2116.6182       2149.9543       2170.6306       2049.0491       2079.0033       2099.8946       2362.8109      
6.48125         2115.2228       2114.2626       2147.444        2168.01         2047.2872       2079.891        2105.6606       2373.4185      
6.4875          2113.0411       2111.9917       2145.0381       2165.5476       2045.7896       2080.8668       2111.6789       2384.155       
6.49375         2110.7158       2109.588        2142.5523       2163.1325       2044.6573       2082.2725       2118.6815       2396.8617      
6.5             2108.7335       2107.514        2140.3453       2160.9424       2043.6656       2083.9196       2126.1889       2412.695       
6.5071429       2106            2104.7039       2137.4174       2158.4694       2043.1381       2085.8626       2133.9391       2415.2519      
6.5142857       2103.9064       2102.5122       2135.1248       2156.3627       2042.845        2088.2869       2141.9415       2416.3989      
6.5214286       2102.2395       2100.7368       2133.2491       2154.7038       2043.4075       2091.3429       2150.8859       2421.8143      
6.5285714       2100.5201       2098.9262       2131.3873       2153.1516       2044.6546       2095.5369       2160.7468       2425.3058      
6.5357143       2099.0529       2097.3637       2129.7598       2151.88         2046.8096       2100.2007       2171.0303       2428.842       
6.5428571       2097.8316       2096.0492       2128.4044       2150.9908       2050.2131       2106.2099       2182.5364       2431.7903      
6.55            2096.7786       2094.9026       2127.213        2150.4581       2054.6305       2112.9537       2194.4929       2434.5743      
6.55625         2096.2593       2094.2706       2126.4975       2149.8735       2058.8143       2119.6288       2205.1856       2439.5158      
6.5625          2095.366        2093.3121       2125.5169       2149.4452       2063.954        2127.316        2217.9603       2439.176       
6.5678571       2094.9425       2092.8328       2125.1048       2149.2953       2069.3354       2134.4479       2228.9001       2438.5368      
6.5732143       2094.5879       2092.4284       2124.6544       2149.3779       2074.855        2141.5874       2240.812        2433.9926      
6.5785714       2094.3686       2092.1359       2124.2317       2149.46         2081.0345       2150.1164       2253.1655       2432.9244      
6.5839286       2094.4492       2092.1253       2124.0522       2149.7268       2087.1721       2158.7874       2265.5314       2432.9199      
6.5892857       2094.6348       2092.2381       2124.0846       2150.3925       2094.5736       2168.6852       2278.1907       2433.1919      
6.5946429       2094.8978       2092.4171       2124.1669       2151.0985       2102.2585       2178.917        2291.1103       2433.5424      
6.6             2095.3038       2092.7231       2124.3358       2151.8287       2110.0898       2189.1597       2303.7852       2434.1021      
6.6045455       2096.2134       2093.515        2125.0317       2152.5179       2117.0973       2197.7389       2313.518        2434.8597      
6.6090909       2096.978        2094.2182       2125.6408       2153.531        2124.9073       2207.5221       2326.9343       2433.3599      
6.6136364       2097.7323       2094.902        2126.19         2154.5351       2133.0628       2218.385        2339.1377       2433.3714      
6.6181818       2098.781        2095.881        2126.9958       2156.0013       2141.6732       2229.2305       2351.4514       2434.5865      
6.6227273       2099.8477       2096.8746       2127.883        2157.7028       2150.8219       2240.994        2364.3622       2435.8762      
6.6272727       2101.2893       2098.2246       2129.1065       2159.5911       2160.7903       2253.1611       2377.1331       2437.1111      
6.6318182       2102.7412       2099.5969       2130.39         2161.5218       2170.8641       2265.6157       2389.8425       2438.6497      
6.6363636       2104.397        2101.1616       2131.8508       2163.5848       2181.4688       2278.8817       2402.69         2439.904       
6.6409091       2106.1409       2102.8168       2133.3769       2165.621        2192.035        2291.9104       2415.4047       2441.9453      
6.6454545       2108.1811       2104.7739       2135.2276       2168.0241       2203.1384       2305.2157       2427.7065       2444.2167      
6.65            2110.4248       2106.9287       2137.2238       2170.3583       2214.5694       2318.8878       2438.3072       2446.9599      
6.6545455       2112.8237       2109.238        2139.3612       2172.8229       2226.3734       2333.429        2452.0885       2448.8032      
6.6590909       2115.4424       2111.7731       2141.7465       2175.7081       2239.2465       2348.8262       2465.0854       2451.9889      
6.6636364       2118.3539       2114.6064       2144.4791       2179.2064       2253.0397       2365.4285       2480.5358       2458.5043      
6.6681818       2121.5236       2117.7112       2147.5069       2182.6522       2267.3785       2382.7573       2493.746        2464.793       
6.6727273       2124.8249       2120.9269       2150.5079       2185.7539       2281.4309       2398.5348       2507.4181       2471.3724      
6.6772727       2128.4514       2124.5147       2154.1984       2191.2941       2295.5322       2414.8905       2518.6278       2476.325       
6.6818182       2132.364        2128.4104       2158.2161       2197.2788       2309.4786       2430.0667       2529.4374       2480.7713      
6.6863636       2136.4597       2132.4522       2162.065        2201.7536       2324.1038       2445.5795       2540.5118       2485.3837      
6.6909091       2140.8287       2136.781        2166.1366       2206.3246       2339.7102       2460.8484       2551.2592       2489.8315      
6.6954545       2145.3738       2141.2083       2170.4725       2211.2226       2355.6495       2475.5815       2561.1417       2494.1763      
6.7             2150.1046       2145.769        2174.9635       2216.0448       2369.7021       2490.8998       2570.5888       2499.1455      
6.7045455       2155.0478       2150.6215       2179.6454       2220.9929       2384.9969       2505.668        2581.3371       2503.9541      
6.7090909       2160.1882       2155.7178       2184.5746       2226.0328       2399.6757       2519.5107       2590.2403       2508.3349      
6.7136364       2165.0959       2160.4705       2188.5946       2228.3897       2416.9604       2533.4501       2598.6056       2512.696       
6.7181818       2170.7904       2166.219        2194.7589       2236.7012       2427.993        2544.6282       2605.7263       2516.848       
6.7227273       2177.0641       2172.3969       2200.7287       2242.7681       2441.5598       2556.4871       2612.7382       2521.1615      
6.7272727       2182.6835       2178.0394       2206.2334       2248.2551       2455.6985       2568.092        2619.6179       2525.1944      
6.7318182       2188.9833       2184.2927       2212.2832       2254.4379       2470.8182       2581.1869       2628.0032       2530.4545      
6.7363636       2195.2636       2190.6047       2218.4825       2260.8251       2484.5477       2592.8386       2635.8499       2535.7127      
6.7409091       2201.8437       2197.0176       2224.9514       2267.5236       2497.9714       2604.4953       2643.0765       2541.0232      
6.7454545       2208.8921       2203.9767       2231.6819       2273.4586       2512.8129       2614.8017       2648.9715       2545.5725      
6.75            2216.1965       2211.198        2238.6094       2279.9347       2525.8984       2624.4163       2654.4161       2549.8915      
6.755           2223.5386       2218.6221       2246.1973       2288.2182       2540.6323       2636.4156       2661.615        2555.048       
6.76            2231.9424       2226.9482       2254.4658       2296.0145       2553.1905       2646.6076       2667.6999       2559.1981      
6.765           2240.3857       2235.265        2262.5911       2303.323        2564.7007       2654.173        2671.595        2562.6824      
6.77            2248.7661       2243.4421       2270.3749       2309.0507       2575.2376       2661.5243       2675.7389       2566.511       
6.775           2257.5704       2252.2199       2279.0087       2316.5341       2586.0222       2669.7295       2680.3208       2570.4111      
6.78            2267.3723       2262.2161       2288.3328       2324.2448       2595.621        2675.5719       2683.4563       2573.4804      
6.785           2276.9307       2271.6699       2297.2395       2331.5569       2604.607        2681.3427       2686.4408       2576.5672      
6.79            2285.855        2280.4065       2305.428        2337.9512       2612.1509       2686.2596       2688.7958       2579.3627      
6.795           2294.1771       2288.62         2313.5518       2344.6192       2619.1322       2690.4436       2690.3467       2581.4248      
6.8             2303.768        2298.0446       2322.4627       2351.7757       2626.66         2694.8435       2692.0447       2583.5758      
6.8055556       2313.4885       2307.6743       2331.3792       2357.8241       2631.5609       2698.1393       2693.3136       2585.6038      
6.8111111       2324.1814       2318.0398       2340.7327       2364.3095       2637.3313       2701.0688       2693.7363       2586.7935      
6.8166667       2336.0574       2329.8149       2351.6501       2372.2147       2643.6424       2704.2602       2694.1712       2587.9236      
6.8222222       2345.1985       2338.7087       2359.1029       2376.6074       2647.2845       2706.5068       2694.2105       2588.99        
6.8277778       2355.1329       2348.5087       2367.8092       2382.485        2651.6719       2708.6345       2694.1009       2589.8156      
6.8333333       2365.8532       2359.093        2377.8522       2389.4268       2657.3798       2711.1836       2694.0852       2590.6091      
6.8388889       2376.4251       2369.3304       2386.5457       2394.4154       2659.4537       2711.5746       2692.7694       2590.7373      
6.8444444       2386.5259       2379.0834       2394.6963       2398.9049       2660.7431       2711.607        2691.2403       2590.7593      
6.85            2397.0257       2389.2668       2403.3821       2404.0287       2662.1661       2711.9314       2689.4978       2590.5598      
6.85625         2407.5411       2399.4251       2411.7487       2407.8397       2662.407        2711.0348       2686.5467       2589.3973      
6.8625          2417.3235       2408.8368       2419.3772       2411.0669       2661.929        2709.7292       2683.0392       2587.5481      
6.86875         2427.8085       2418.8169       2427.2852       2414.5183       2660.6616       2708.0176       2679.3333       2585.5755      
6.875           2437.9206       2428.3572       2434.5555       2417.4576       2658.2595       2704.9063       2675.057        2582.6992      
6.88125         2448.5535       2438.4301       2442.2697       2421.0037       2655.8973       2701.336        2670.8377       2579.5425      
6.8875          2458.3183       2447.6746       2449.233        2424.0314       2652.7589       2697.1552       2666.3536       2576.1993      
6.89375         2464.9306       2453.7248       2453.1738       2424.3822       2647.9374       2691.9315       2661.3525       2572.583       
6.9             2473.0492       2461.4572       2458.8917       2426.2635       2643.4487       2686.5165       2656.2529       2568.9013      
6.9071429       2482.3893       2470.36         2465.4507       2427.8519       2640.0099       2679.8325       2650.1469       2564.4722      
6.9142857       2491.484        2478.8242       2471.2527       2429.4869       2639.4781       2673.0436       2644.0494       2559.9125      
6.9214286       2499.3871       2486.1066       2475.9851       2431.0136       2636.4665       2665.7301       2637.5072       2554.6458      
6.9285714       2506.2191       2492.3249       2479.6249       2431.8393       2632.4912       2658.0072       2630.7926       2549.5674      
6.9357143       2512.5399       2498.0607       2482.7739       2432.5234       2629.7597       2650.1226       2624.0176       2544.5331      
6.9428571       2517.9493       2502.9105       2485.1028       2432.7469       2625.3815       2642.0001       2616.9823       2539.1419      
6.95            2523.3793       2507.7925       2487.449        2433.1868       2618.9932       2633.8657       2609.862        2533.6281      
6.9571429       2528.0372       2511.9688       2489.2305       2433.3546       2612.065        2625.7058       2602.6856       2528.1152      
6.9642857       2531.6199       2515.0859       2490.0108       2432.9904       2604.5126       2617.2976       2595.1642       2522.2293      
6.9714286       2534.5064       2517.5011       2490.0019       2432.3909       2596.6312       2609.02         2587.7491       2516.4687      
6.9785714       2536.4252       2519.003        2489.0603       2431.5491       2588.2995       2600.6036       2580.1392       2510.6764      
6.9857143       2538.0584       2520.2916       2488.5356       2431.2434       2579.9468       2592.369        2572.6129       2504.9964      
6.9928571       2538.5536       2520.5268       2487.0633       2431.4977       2571.6485       2584.2203       2565.0818       2499.4624      
7               2539.6266       2521.4929       2487.3392       2428.3536       2562.76         2575.9476       2557.4478       2493.8167      
7.0083333       2540.1385       2521.875        2486.4431       2422.7847       2552.5368       2566.3512       2548.4079       2487.4991      
7.0166667       2539.4479       2521.0571       2484.3599       2419.3362       2542.0098       2556.803        2539.3641       2480.741       
7.025           2537.7016       2519.1321       2480.253        2415.8607       2531.6065       2547.0516       2530.0872       2473.9167      
7.0333333       2535.2262       2516.4078       2474.9215       2413.5135       2521.9902       2537.5629       2520.9729       2467.4572      
7.0416667       2532.2969       2513.4534       2470.7019       2410.6449       2512.3247       2528.0913       2511.838        2461.2008      
7.05            2528.2372       2509.3851       2465.598        2407.0166       2502.5965       2518.6067       2502.5619       2454.8339      
7.06            2523.2192       2504.4095       2459.1303       2400.874        2491.8132       2507.5054       2491.4551       2446.888       
7.07            2517.614        2498.9935       2453.7292       2398.0778       2480.8658       2496.3566       2480.4062       2437.943       
7.08            2511.1052       2492.6433       2446.7968       2394.0621       2470.767        2485.4641       2469.5321       2428.4671      
7.09            2503.8752       2485.5694       2439.1195       2388.4541       2461.2261       2474.6607       2458.9167       2418.8429      
7.1             2495.5239       2477.5471       2430.6412       2382.3685       2451.7613       2463.7105       2448.2876       2408.6714      
7.11            2487.9517       2470.4027       2423.8752       2377.5877       2442.8143       2452.6725       2437.7649       2397.9566      
7.12            2480.3298       2463.1756       2417.0002       2372.9688       2434.1906       2441.3161       2427.4077       2386.6874      
7.13            2471.8733       2455.1587       2409.5632       2367.5631       2425.7288       2429.7062       2417.067        2374.032       
7.14            2462.5057       2446.2366       2401.7326       2361.8253       2417.325        2417.9115       2406.6242       2361.0367      
7.15            2453.4811       2437.7539       2393.7945       2356.2164       2408.757        2406.1462       2396.2245       2348.4403      
7.16            2444.884        2429.7171       2385.7282       2348.575        2400.3188       2394.5635       2385.901        2336.0708      
7.17            2435.8113       2421.2202       2378.9748       2342.7038       2391.3996       2382.8106       2375.5328       2323.7069      
7.18            2425.9452       2411.9393       2370.9553       2337.3347       2382.3148       2371.1128       2365.1509       2311.3717      
7.19            2416.962        2403.5159       2363.3347       2332.396        2373.4448       2359.7087       2355.0446       2299.2786      
7.2             2407.9875       2395.0914       2355.9989       2327.3297       2364.6545       2348.4734       2345.1473       2287.2814      
7.21            2398.409        2386.1415       2348.4702       2321.8695       2355.6956       2337.2846       2335.2766       2277.3326      
7.22            2388.7872       2377.0932       2340.9103       2316.3546       2346.6671       2326.3015       2325.4204       2269.0804      
7.23            2379.8286       2368.733        2333.812        2311.1808       2337.7418       2315.7837       2315.5622       2261.0051      
7.24            2370.7149       2360.2095       2326.6096       2305.9777       2329.0243       2305.9058       2306.3321       2253.5481      
7.25            2361.1461       2351.2309       2319.024        2300.4265       2320.0712       2296.0839       2296.8982       2245.9432      
7.26            2351.8361       2342.4604       2311.5839       2295.0737       2311.3727       2287.1485       2288.1307       2239.0218      
7.27            2343.1578       2334.2465       2304.7044       2289.6307       2302.003        2278.7078       2279.6005       2232.2754      
7.28            2334.1933       2325.7979       2297.6795       2283.8624       2291.8872       2270.9663       2271.621        2225.9053      
7.29            2324.929        2317.1679       2290.3723       2278.0584       2281.51         2263.7384       2264.0158       2219.8493      
7.3             2315.9083       2308.7071       2283.1537       2272.3325       2271.2649       2256.9932       2256.8927       2214.1654      
7.31            2307.0363       2300.3052       2275.9985       2266.5305       2261.1002       2250.9507       2250.0629       2208.6607      
7.32            2298.267        2291.9914       2268.8385       2260.6818       2251.3516       2245.5128       2243.842        2203.654       
7.33            2289.5234       2283.6896       2261.5883       2254.6069       2242.0041       2240.2114       2237.9847       2198.8185      
7.34            2280.841        2275.3675       2254.4771       2248.665        2233.4631       2235.0948       2232.7012       2194.2675      
7.35            2272.3826       2267.2425       2247.4519       2242.7271       2225.5399       2230.6514       2227.9651       2190.0926      
7.36            2264.036        2259.2111       2240.4369       2236.7481       2218.3638       2226.9623       2223.6318       2186.4554      
7.37            2255.9727       2251.3534       2233.4714       2230.7383       2211.8954       2223.4566       2219.4695       2183.0444      
7.38            2247.8058       2243.6012       2226.6836       2224.8926       2206.2076       2219.7509       2215.4694       2179.9693      
7.39            2239.6996       2235.9147       2219.9522       2219.1196       2201.2723       2216.3521       2211.4363       2177.2343      
7.4             2231.9901       2228.4956       2213.4081       2213.4948       2196.7267       2213.4383       2205.3811       2174.9465      
7.41            2224.5312       2221.2976       2207.1154       2208.0403       2193.1277       2211.1229       2197.9894       2173.1269      
7.42            2217.2229       2214.2607       2200.942        2202.7078       2190.1552       2209.1759       2191.0747       2171.457       
7.43            2210.084        2207.3676       2194.877        2197.491        2187.7631       2207.7493       2185.2091       2170.2205      
7.44            2203.2065       2200.7128       2189.0242       2192.4949       2186.1387       2206.9327       2179.951        2169.2959      
7.45            2196.6179       2194.3435       2183.4447       2187.7595       2185.0973       2206.4351       2175.369        2170.2345      
7.46            2190.1136       2188.0556       2177.9655       2183.0393       2184.2352       2205.7682       2170.5137       2173.8685      
7.47            2183.9445       2182.0759       2172.6482       2178.585        2183.795        2205.4793       2169.2642       2181.0103      
7.48            2178.064        2176.3752       2167.627        2174.3883       2184.1771       2206.1179       2169.8539       2189.8529      
7.49            2172.4764       2170.956        2162.8777       2170.43         2185.7681       2207.1279       2170.9725       2199.2893      
7.5             2167.1274       2165.7623       2158.326        2166.6953       2187.9245       2208.3323       2171.9291       2206.9956      
7.51            2162.1041       2160.8802       2154.0551       2163.2692       2190.4162       2209.9302       2173.7573       2212.1221      
7.52            2157.4403       2156.3273       2150.0611       2160.1278       2193.1227       2211.8219       2176.188        2214.0438      
7.53            2153.0252       2152.0344       2146.3175       2157.264        2195.9896       2213.855        2179.0134       2215.8117      
7.54            2148.7399       2147.895        2142.7646       2154.7371       2199.1449       2216.1427       2182.1042       2217.6154      
7.55            2144.8263       2144.0892       2139.4922       2152.7199       2202.6556       2218.201        2185.3946       2219.6173      
7.56            2141.2195       2140.5339       2136.1885       2149.5917       2204.2681       2219.8537       2188.6451       2221.754       
7.57            2137.7382       2137.126        2133.1162       2146.8628       2205.6471       2221.0492       2192.004        2223.9445      
7.58            2134.9643       2134.4116       2130.8447       2144.4952       2207.17         2221.4045       2195.695        2226.3784      
7.59            2132.3688       2131.8684       2128.6356       2142.1898       2208.7975       2216.467        2199.5978       2228.3569      
7.6             2129.9892       2129.5324       2126.5822       2140.0207       2210.5538       2211.5548       2203.5586       2229.6849      
7.61            2127.9206       2127.4811       2124.4993       2136.8765       2212.4734       2207.3218       2207.4704       2229.771       
7.62            2126.2962       2125.9159       2123.323        2135.6272       2214.1597       2203.4806       2211.27         2228.5174      
7.63            2125.0195       2124.6807       2122.3805       2134.3294       2215.9091       2200.6045       2215.3088       2227.4699      
7.64            2124.1071       2123.7852       2121.6617       2133.0529       2217.7349       2203.3093       2221.0006       2226.4397      
7.65            2123.5247       2123.2143       2121.265        2132.1661       2219.5986       2206.3591       2229.3373       2226.4         
7.66            2123.0399       2122.7972       2121.0768       2131.4974       2221.4916       2209.4058       2241.9507       2228.8787      
7.67            2122.9275       2122.7345       2121.1044       2130.9609       2223.3916       2212.6098       2255.7215       2231.877       
7.68            2123.2607       2123.0869       2121.5669       2130.7587       2225.2365       2215.623        2268.7271       2234.6575      
7.69            2123.7393       2123.484        2122.31         2130.7485       2227.0304       2218.8652       2280.2104       2237.2057      
7.7             2124.6651       2124.386        2123.276        2130.8887       2228.6561       2221.8952       2287.8696       2239.3908      
7.71            2126.0001       2125.7554       2124.6169       2131.2479       2229.6277       2224.2943       2290.811        2241.5183      
7.72            2127.6239       2127.3555       2125.9841       2132.0138       2230.1788       2226.746        2292.9722       2243.3412      
7.73            2129.2395       2128.9336       2127.423        2132.7653       2227.3785       2229.2981       2294.9653       2244.908       
7.74            2131.2373       2130.8868       2129.2791       2133.5479       2219.6553       2231.7513       2296.6179       2246.4086      
7.75            2133.4208       2133.0526       2131.3037       2134.508        2211.8619       2234.1213       2297.8649       2247.5888      
7.76            2135.7953       2135.3711       2133.395        2135.573        2204.9402       2236.599        2299.0786       2248.6364      
7.77            2138.1928       2137.6806       2135.3934       2136.5154       2200.9439       2238.9565       2299.4489       2249.2639      
7.78            2140.343        2139.753        2137.212        2137.342        2201.8269       2244.145        2299.5698       2249.9685      
7.79            2142.8213       2142.1255       2139.2925       2138.404        2203.4324       2254.046        2299.2093       2251.0782      
7.8             2145.7776       2145.037        2141.8306       2139.8536       2205.3309       2265.3443       2298.3923       2252.6729      
7.81            2148.5924       2147.8139       2144.2723       2141.2254       2206.9599       2276.1624       2295.7324       2254.6903      
7.82            2151.9284       2150.9685       2146.7662       2142.5722       2208.4848       2283.9891       2291.8819       2256.5771      
7.83            2155.1512       2154.079        2149.2803       2143.9161       2210.1673       2286.686        2287.5421       2258.3547      
7.84            2158.1255       2156.9302       2151.6662       2145.1401       2211.6881       2286.2494       2282.8301       2259.5059      
7.85            2161.1599       2159.8272       2154.0362       2146.2898       2213.0804       2285.293        2278.2289       2260.3189      
7.86            2164.3895       2162.892        2156.495        2147.4496       2214.2374       2283.9132       2274.2877       2260.1845      
7.87            2167.2661       2165.6335       2158.6609       2148.5333       2215.3972       2282.221        2271.6027       2259.6681      
7.88            2170.115        2168.3258       2160.758        2149.7056       2216.5936       2280.2515       2268.7291       2258.2726      
7.89            2172.7138       2170.803        2162.684        2150.8615       2217.5514       2278.0021       2265.7119       2256.4187      
7.9             2174.9512       2172.9698       2164.3492       2151.9397       2219.5038       2275.4599       2262.2449       2254.4037      
7.91            2177.2479       2175.1298       2165.9438       2152.7634       2224.0671       2272.661        2258.5301       2252.2821      
7.92            2179.4293       2177.1619       2167.4392       2153.7161       2232.9936       2269.6431       2254.9223       2250.1799      
7.93            2181.2601       2178.8597       2168.6086       2154.7317       2240.7369       2266.3956       2251.2743       2247.9999      
7.94            2182.5218       2179.9788       2169.2352       2155.4577       2244.5419       2262.9004       2247.5021       2245.4683      
7.95            2183.5241       2180.8531       2169.6508       2156.0879       2243.507        2259.1558       2243.7016       2242.9385      
7.96            2184.3783       2181.5771       2169.8723       2156.0136       2241.3888       2255.2055       2239.9212       2240.0124      
7.97            2185.2917       2182.3688       2170.2782       2156.3998       2238.9763       2249.7389       2236.1323       2236.6714      
7.98            2186.0875       2183.0394       2170.5883       2156.8265       2236.3702       2243.3801       2232.4356       2233.4848      
7.99            2186.4046       2183.2672       2170.4982       2157.153        2233.5646       2237.1332       2228.7736       2230.2113      
8               2186.307        2183.1059       2170.1056       2157.4135       2230.6147       2230.9183       2225.3318       2226.7844      
