# Probe 0 (0.82450002 0 0.021)
# Probe 1 (0.82450002 0 0.061)
# Probe 2 (0.82450002 0 0.101)
# Probe 3 (0.82450002 0 0.141)
# Probe 4 (0.8035 0 0.161)
# Probe 5 (0.7635 0 0.161)
# Probe 6 (0.7235 0 0.161)
# Probe 7 (0.6835 0 0.161)
# Time          0               1               2               3               4               5               6               7              
0.00011976048   0.59540298      0.58809028      0.56522297      0.53222341      0.43878976      0.38580406      0.35034834      0.32307372     
0.00026382019   -0.22540375     -0.22653509     -0.22912711     -0.23085768     -0.22701426     -0.21242571     -0.20063566     -0.19010287    
0.00043694457   0.7792724       0.77315735      0.75318884      0.72152288      0.62262323      0.55982248      0.51426733      0.47867883     
0.00064506218   0.14575343      0.14423454      0.13623743      0.12480154      0.10002737      0.088685974     0.079778018     0.071983128    
0.00089320241   0.078865114     0.075729895     0.069757771     0.062268446     0.040118289     0.030421011     0.024702944     0.020209858    
0.0011917461    0.056811753     0.056061674     0.050986707     0.043007611     0.026945841     0.020283005     0.014480893     0.010351769    
0.0015466188    -0.047350852    -0.048803077    -0.051574869    -0.054543761    -0.061598203    -0.060857312    -0.058568568    -0.056141808   
0.0019757672    -0.041398038    -0.042491559    -0.046536785    -0.051895609    -0.061611543    -0.062716984    -0.06402856     -0.065382156   
0.0024907453    -0.033580124    -0.034945052    -0.038699093    -0.043356558    -0.052989813    -0.053945926    -0.054161812    -0.054329771   
0.0031160758    -0.03075765     -0.031985857    -0.035874346    -0.040830117    -0.05039206     -0.051222734    -0.051547234    -0.051636591   
0.0038501595    -0.020876767    -0.022312703    -0.026622591    -0.032173728    -0.043968691    -0.04608433     -0.047282056    -0.048164602   
0.0047473729    -0.0096844608   -0.011152734    -0.015758957    -0.021817202    -0.035115241    -0.038108322    -0.039973349    -0.041309584   
0.0058368462    -0.0026642585   -0.0042123543   -0.008989742    -0.015206529    -0.02867865     -0.031759697    -0.033669746    -0.035103651   
0.0071244057    0.0038822763    0.0023226059    -0.0025968562   -0.0091208775   -0.023938282    -0.02774364     -0.030108241    -0.031774701   
0.008733855     0.012013311     0.010355835     0.0050897983    -0.0019215047   -0.018182844    -0.022766528    -0.025738411    -0.027951525   
0.010611546     0.015881352     0.014236292     0.0089587529    0.0018863346    -0.014727006    -0.019379433    -0.022359628    -0.024535014   
0.012958659     0.023745174     0.022000837     0.016356379     0.0087493445    -0.0096051591   -0.015146359    -0.018830511    -0.02166923    
0.015305773     0.023891961     0.022194902     0.016667723     0.0092387177    -0.0086818687   -0.013742281    -0.016940217    -0.019215804   
0.017652886     0.029355063     0.027556571     0.021648348     0.01364062      -0.0062333534   -0.012268712    -0.016250281    -0.01927744    
0.02            0.036267331     0.034471459     0.028466071     0.020232806     -0.00050009418  -0.0069329129   -0.011245658    -0.014577366   
0.022857143     0.049594371     0.047684001     0.04126325      0.032406094     0.0094975634    0.0020057889    -0.0029358156   -0.0065945536  
0.026285714     0.064567786     0.062555333     0.055703517     0.046155179     0.020911766     0.01225518      0.0064820326    0.0021406098   
0.030857143     0.085168679     0.083009058     0.075571611     0.065107629     0.036837649     0.026705233     0.019950784     0.01494962     
0.035428571     0.093909943     0.091711623     0.083949176     0.07291005      0.042193439     0.031090379     0.023582163     0.017942675    
0.04            0.12229451      0.11999449      0.11179039      0.10000898      0.066646422     0.054119096     0.045753674     0.039575278    
0.045           0.16185004      0.15936577      0.15028891      0.13697483      0.098118379     0.08239398      0.071621919     0.063488962    
0.05            0.20790785      0.20524752      0.19540956      0.18080073      0.13639829      0.11752125      0.10457262      0.094802618    
0.055           0.25809142      0.25523605      0.24455548      0.22845496      0.1784729       0.15638455      0.14125244      0.12995596     
0.06            0.25393146      0.25102395      0.24035179      0.22423827      0.17128168      0.14860885      0.13357518      0.12248617     
0.065           0.25441282      0.25163864      0.24041709      0.22328496      0.17069284      0.14876668      0.13309065      0.12106567     
0.07            0.2679508       0.26500105      0.25354005      0.2359592       0.17837902      0.15453071      0.13825931      0.12600422     
0.075           0.31224163      0.30914556      0.29702597      0.27816814      0.21543097      0.18875501      0.17077849      0.15747287     
0.08            0.32522584      0.32217911      0.3094535       0.2896082       0.22528338      0.19832197      0.17914548      0.16440213     
0.085           0.34647503      0.34332565      0.33044573      0.31007024      0.24130542      0.21243612      0.19266733      0.17788557     
0.09            0.36260051      0.35942877      0.34607573      0.32484752      0.25338084      0.22369539      0.20308163      0.1875276      
0.095           0.36207488      0.35891556      0.3455026       0.32408182      0.25179517      0.22272762      0.20275252      0.18788462     
0.1             0.36966778      0.36650259      0.35275679      0.330462        0.25336225      0.2223093       0.2007124       0.18432666     
0.105           0.395917        0.39266275      0.37839986      0.35521551      0.27579444      0.24419451      0.22233444      0.20594916     
0.11            0.41671683      0.41338908      0.39861752      0.37432646      0.28979633      0.256057        0.23262535      0.21494928     
0.115           0.44115865      0.43772492      0.42235382      0.39694677      0.30870002      0.2737136       0.24937807      0.23104447     
0.12            0.45877838      0.45527878      0.43949261      0.41325105      0.32208288      0.28641574      0.26168415      0.24316315     
0.125           0.45616987      0.45270273      0.43676492      0.41003046      0.31654606      0.28085837      0.25605647      0.23743178     
0.13            0.45309509      0.44965361      0.43357531      0.40639068      0.31103832      0.27559151      0.25093307      0.23239558     
0.135           0.45986339      0.45642438      0.44006676      0.4121264       0.31347337      0.27726159      0.25194232      0.23277816     
0.14            0.48096869      0.47743857      0.4605211       0.43145921      0.3291575       0.29193781      0.26590769      0.24624164     
0.145           0.49230712      0.48871161      0.47142094      0.44159827      0.33720424      0.3000822       0.27420119      0.25479128     
0.15            0.49450669      0.49097141      0.47350945      0.44298693      0.33489728      0.29699183      0.27044295      0.25040739     
0.155           0.5136346       0.50988298      0.49160378      0.45969749      0.3483172       0.30991096      0.28297546      0.26264233     
0.16            0.50837204      0.50472667      0.48642987      0.45409131      0.34031852      0.30217162      0.27541654      0.25527042     
0.165           0.51738185      0.51352002      0.49440175      0.46068586      0.34299707      0.30441061      0.27728261      0.25672133     
0.17            0.53269481      0.52874134      0.50898406      0.47380001      0.3520115       0.31235892      0.28430583      0.26302426     
0.175           0.54261578      0.53859806      0.51835347      0.48217268      0.35656501      0.31660981      0.28841791      0.26707466     
0.18            0.55695023      0.55274483      0.53165414      0.49387613      0.3642228       0.32367589      0.29497931      0.27323682     
0.185           0.56091727      0.55658342      0.53485959      0.49584308      0.36270401      0.32218646      0.293443        0.27162124     
0.19            0.56961786      0.56514206      0.54268024      0.50220063      0.36492582      0.32403883      0.29493464      0.27279543     
0.195           0.58571982      0.58104025      0.5576255       0.51534754      0.37273658      0.33091397      0.3011267       0.2784881      
0.2             0.61173591      0.60665882      0.58173209      0.53690556      0.38784715      0.34461726      0.31374102      0.29022377     
0.205           0.62142188      0.61612305      0.59018389      0.54347069      0.38929552      0.34562118      0.31433926      0.29048589     
0.21            0.64178797      0.63613075      0.60876963      0.55960351      0.39917993      0.35451425      0.32242428      0.29790407     
0.215           0.64851986      0.64260441      0.61411746      0.56287504      0.39711803      0.35223034      0.3199041       0.29521155     
0.22            0.6712428       0.66486332      0.63461141      0.58045133      0.40762192      0.36165763      0.32843899      0.30299076     
0.225           0.68864584      0.68183768      0.64992756      0.59296863      0.41336465      0.36674992      0.33300202      0.30717397     
0.23            0.70965019      0.70232488      0.66847063      0.60821255      0.42027337      0.37221213      0.33732414      0.31060269     
0.235           0.73684453      0.72892958      0.69283758      0.62902327      0.4332835       0.38459192      0.34904748      0.32169313     
0.24            0.7659244       0.75724724      0.71853422      0.65047538      0.44430168      0.39348351      0.35645088      0.3281197      
0.245           0.78138741      0.7721194       0.73110261      0.65940099      0.44596636      0.39558104      0.35851969      0.32994178     
0.25            0.81335001      0.8031518       0.75899296      0.68235501      0.45721638      0.40467103      0.36604179      0.33634585     
0.255           0.84513561      0.83410115      0.78688224      0.70540183      0.46984423      0.41625844      0.37659635      0.34600121     
0.26            0.88241327      0.87005593      0.81845246      0.73052814      0.48075132      0.425044        0.38388913      0.35231165     
0.265           0.91513276      0.90191299      0.84710579      0.75402553      0.49379189      0.43751678      0.39546548      0.3629298      
0.27            0.96046577      0.9455161       0.88507399      0.78393328      0.50602414      0.44681584      0.40270995      0.36882034     
0.275           1.0017655       0.98560243      0.9209115       0.81329455      0.52297436      0.46347237      0.41864312      0.38395174     
0.28            1.0580631       1.0397237       0.96805752      0.85068128      0.53980137      0.47700049      0.42976546      0.39345328     
0.285           1.1030075       1.0831348       1.006197        0.88098407      0.55524483      0.49195929      0.44382598      0.40659371     
0.29            1.1682072       1.1457005       1.0604207       0.92375331      0.5752285       0.50899757      0.45859426      0.41980233     
0.295           1.2289091       1.2038675       1.1104084       0.96241473      0.59272377      0.52490548      0.47282185      0.43261162     
0.3             1.2954746       1.267379        1.1642379       1.0031727       0.60903851      0.53922466      0.48524453      0.44360382     
0.305           1.3685149       1.3370904       1.2235395       1.0485064       0.62909794      0.55763297      0.50189455      0.45885288     
0.31            1.4565594       1.4209605       1.2944953       1.1026293       0.65307712      0.5791222       0.52099251      0.47614789     
0.315           1.5483075       1.5081003       1.3675275       1.1575007       0.67651397      0.60072745      0.54048384      0.49395948     
0.32            1.6456162       1.6000214       1.4431669       1.2127087       0.69755969      0.62031575      0.55813141      0.51010742     
0.325           1.7593772       1.7073499       1.5313279       1.2772826       0.72349691      0.644396        0.57989166      0.53009566     
0.33            1.8816997       1.8222083       1.624221        1.3437656       0.74822798      0.66785938      0.60121857      0.54974518     
0.335           2.0095472       1.9412879       1.7179243       1.407838        0.76772944      0.68714536      0.61896923      0.56628424     
0.34            2.1535308       2.074857        1.8217956       1.4778902       0.78846284      0.70796745      0.63818357      0.5842286      
0.345           2.3143738       2.2231304       1.9348258       1.5519734       0.80803699      0.72843865      0.65736732      0.60237092     
0.35            2.4860292       2.379887        2.0505256       1.6238466       0.82198583      0.74503888      0.67347459      0.61799082     
0.355           2.6839532       2.5596745       2.181073        1.7033574       0.83650326      0.76275892      0.69079588      0.63492595     
0.36            2.9049011       2.758335        2.3205336       1.7838049       0.84595803      0.77732506      0.70582949      0.65015282     
0.365           3.1523396       2.9785675       2.4697875       1.8648978       0.8490027       0.78763322      0.71740844      0.66237022     
0.37            3.4395235       3.2322459       2.6374889       1.9531397       0.85107151      0.79915935      0.73080695      0.67700577     
0.375           3.770398        3.5211295       2.8209522       2.0435167       0.84685829      0.80676515      0.74118345      0.68930702     
0.38            4.1538403       3.8514322       3.021044        2.1340824       0.8326897       0.80807043      0.74644389      0.69732584     
0.385           4.6007029       4.2313263       3.24039         2.2255992       0.81098011      0.80605013      0.7506652       0.70527113     
0.39            5.137944        4.6827029       3.4898482       2.3224233       0.78114143      0.80036803      0.75166369      0.71140509     
0.395           5.8028535       5.2303565       3.7732769       2.4217411       0.73952397      0.78932839      0.74931675      0.71483912     
0.4             6.6445906       5.9096212       4.0993189       2.5228156       0.68358101      0.77028279      0.74249095      0.71561336     
0.404           7.0191812       6.1803546       4.1389455       2.4436164       0.56466604      0.70650466      0.69870445      0.68266266     
0.4072          7.5369307       6.5747948       4.2574134       2.4179565       0.47707807      0.66221643      0.66964782      0.66136703     
0.4104          8.3345706       7.2002153       4.5130175       2.4799722       0.42577484      0.642685        0.6603817       0.65851134     
0.4136          9.2161522       7.8745867       4.7666818       2.5346791       0.36632557      0.62150612      0.65077531      0.6555544      
0.4168          10.324375       8.6962061       5.0529127       2.5866093       0.29162166      0.59355315      0.63669106      0.64919914     
0.42            11.643418       9.6406138       5.3478397       2.6251196       0.20061884      0.55805167      0.6175604       0.63878755     
0.42222222      12.106731       9.881962        5.2717928       2.4893154       0.082341729     0.50309641      0.58190689      0.6112152      
0.42419753      13.155546       10.596002       5.4532374       2.4944492       -0.020772362    0.4663686       0.56145941      0.59753975     
0.42617284      14.136329       11.247938       5.605957        2.4982014       -0.14588864     0.43468489      0.54292114      0.58571339     
0.42814815      15.333357       12.02973        5.7706178       2.4825324       -0.23142019     0.40459502      0.52463948      0.57358187     
0.42984127      16.284252       12.606783       5.8320791       2.4224956       -0.30237139     0.37563955      0.50583028      0.56002825     
0.43153439      17.613518       13.450375       5.9910088       2.4076574       -0.37921203     0.34125466      0.48517179      0.54643474     
0.43322751      18.981973       14.300991       6.1337972       2.394068        -0.45586457     0.30948276      0.46641919      0.53429809     
0.43492063      20.608105       15.303639       6.2973343       2.3780364       -0.53378862     0.28037301      0.45124882      0.52521938     
0.43661376      22.42557        16.407388       6.4593858       2.3556066       -0.62678102     0.24441218      0.43113823      0.51104222     
0.43830688      24.521622       17.667284       6.6335493       2.325896        -0.73646        0.19714573      0.40482476      0.49297028     
0.44            26.88037        19.056285       6.7888592       2.2670591       -0.86210605     0.14692216      0.37604505      0.47290384     
0.44153846      29.117368       20.336933       6.8577085       2.1883566       -0.99044401     0.10141616      0.35123328      0.4563207      
0.44295858      31.498226       21.698057       6.9107208       2.0955016       -1.1528334      0.048425899     0.32116901      0.43644764     
0.4443787       34.296877       23.311487       7.0294838       2.0346798       -1.3068157      0.0042859996    0.29540885      0.41844898     
0.44579882      37.434295       25.119697       7.163726        1.9737066       -1.4383465      -0.038688208    0.27355698      0.40425486     
0.44721893      40.976588       27.13224        7.2729788       1.8753714       -1.593102       -0.096244767    0.2441951       0.38433517     
0.44863905      45.025382       29.42716        7.3996587       1.7618756       -1.7568668      -0.16102883     0.20692382      0.35916641     
0.45005917      49.651131       32.046028       7.5536907       1.635019        -1.9251454      -0.21552955     0.17247575      0.33637245     
0.45130178      53.512051       34.264169       7.569687        1.4389305       -2.1335471      -0.2693205      0.14494588      0.31874109     
0.45254438      58.695298       37.206897       7.7747519       1.3094829       -2.3178441      -0.35115859     0.092866511     0.28377321     
0.45378698      64.02281        40.259756       7.980137        1.1244679       -2.4687578      -0.41501393     0.060003034     0.26161132     
0.45502959      70.298935       43.853904       8.3208059       0.95372546      -2.6125336      -0.47879651     0.026975132     0.24140664     
0.45627219      77.135701       47.758703       8.7226073       0.71244675      -2.7914525      -0.56487778     -0.023084176    0.20863482     
0.45751479      84.920933       52.20102        9.2705322       0.47224006      -2.9825539      -0.65898975     -0.078490846    0.17325054     
0.4587574       93.612963       57.160725       9.9775449       0.23429136      -3.1800832      -0.76751175     -0.14044878     0.13263681     
0.46            103.40091       62.713846       10.876683       0.040727979     -3.382225       -0.87828108     -0.20031023     0.095607842    
0.46086957      107.12321       65.819994       11.398767       -0.1719652      -3.5624799      -0.92641763     -0.22458833     0.082270733    
0.4615781       113.31661       69.567306       12.078822       -0.23299917     -3.7843644      -1.0262321      -0.29030126     0.040647317    
0.46228663      118.66927       72.849787       12.696338       -0.25070408     -3.9523178      -1.1203754      -0.34602428     0.0055394439   
0.46299517      124.72096       76.423821       13.397744       -0.23067186     -4.0765179      -1.1960363      -0.39147451     -0.022638648   
0.46367536      130.60652       80.065905       14.194926       -0.25407092     -4.2032806      -1.248494       -0.41901481     -0.038118942   
0.46435556      137.50586       84.112227       15.129761       -0.22586862     -4.3232452      -1.3225439      -0.46788244     -0.069582803   
0.46503575      144.40651       88.1504         15.960785       -0.21812328     -4.4126176      -1.3709858      -0.48685287     -0.078228642   
0.46571594      152.03127       92.542139       16.931133       -0.13010984     -4.5157508      -1.430674       -0.52696585     -0.10401038    
0.46639614      160.02379       97.144308       17.914352       -0.17679838     -4.6737312      -1.5134626      -0.56519577     -0.12575727    
0.46707633      168.52464       101.99694       18.92747        -0.22138287     -4.8282055      -1.5939848      -0.61436312     -0.1571118     
0.46775652      177.45696       107.09864       19.926288       -0.54353771     -4.9850588      -1.6759404      -0.6590455      -0.18478982    
0.46843671      186.8788        112.46193       20.923579       -0.65630101     -5.1625141      -1.7512042      -0.70133301     -0.2100322     
0.46911691      196.67628       117.97486       21.890374       -0.66811135     -5.346827       -1.8290226      -0.74570084     -0.23580925    
0.4697971       207.08416       123.88986       23.08705        -0.50312268     -5.5357775      -1.9189603      -0.7978794      -0.26697206    
0.47047729      218.08974       130.19685       24.194655       -0.56065312     -5.721981       -1.9917068      -0.83549639     -0.28803229    
0.47115749      229.66535       136.91263       25.507659       -0.36822597     -5.9013506      -2.0846856      -0.88397257     -0.31907366    
0.47183768      241.79572       143.97186       26.933559       0.4431313       -6.0386446      -2.1719416      -0.93125833     -0.34643453    
0.47251787      254.48818       151.27469       28.561754       1.2643233       -6.1980063      -2.2758064      -0.99490016     -0.38603996    
0.47319807      267.74396       158.92116       30.125707       2.0467999       -6.3516267      -2.39061        -1.0595981      -0.42456761    
0.47387826      281.64067       166.72918       31.99655        2.7288166       -6.4570056      -2.4867966      -1.1175477      -0.46150209    
0.47449043      291.7941        173.13104       33.662087       3.7920622       -6.543406       -2.555344       -1.1660125      -0.49248758    
0.47510261      306.03187       181.13335       35.585947       4.7500451       -6.6140429      -2.6388025      -1.2218511      -0.53100495    
0.47571478      318.81195       188.20132       37.40221        5.6426498       -6.6694488      -2.7063447      -1.2689227      -0.56262975    
0.47632696      333.90948       196.55474       40.010953       6.4821008       -6.737533       -2.7818408      -1.3199546      -0.59424705    
0.47693913      348.74448       204.40663       42.611115       6.8766154       -6.8390875      -2.8650662      -1.3733299      -0.62678458    
0.4775513       365.01841       213.2047        45.307691       7.3353094       -6.9111231      -2.936519       -1.4235404      -0.6601498     
0.47816348      381.34499       221.77713       46.778752       7.751427        -7.0024839      -3.0035443      -1.4665162      -0.6829945     
0.47877565      398.68336       230.86907       49.443012       8.154484        -7.0912419      -3.0868607      -1.5212138      -0.71820464    
0.47938783      416.75161       240.30559       51.692873       8.4140444       -7.1741772      -3.168999       -1.5810669      -0.75214357    
0.48            435.79685       250.285         55.055892       9.2832265       -7.3143608      -3.2960154      -1.671533       -0.81496205    
0.48052632      447.17487       257.98469       59.098344       10.254808       -7.4826133      -3.3836636      -1.7325013      -0.83973585    
0.48105263      467.45156       267.84584       62.471212       10.188999       -7.5699924      -3.4558398      -1.7857251      -0.89069063    
0.48157895      482.91806       276.1373        65.475165       10.212219       -7.5510769      -3.4919893      -1.8153925      -0.90699598    
0.48210526      501.55657       285.20093       66.617675       10.915411       -7.5185755      -3.5293125      -1.848025       -0.93119622    
0.48263158      520.45562       295.2496        69.305521       14.049021       -7.4359477      -3.55025        -1.8739116      -0.94957776    
0.48315789      540.63594       305.16654       70.767176       17.577581       -7.2080136      -3.5368589      -1.8835273      -0.96062362    
0.48368421      561.75399       315.7146        72.842736       20.578842       -7.1099441      -3.5525599      -1.9123307      -0.98809312    
0.48421053      583.28168       325.66536       74.958709       20.987045       -6.8838053      -3.5222613      -1.9174888      -0.99998448    
0.48473684      606.61094       336.0567        79.734041       22.405508       -6.8735266      -3.5488162      -1.9483368      -1.0242991     
0.48524561      627.50092       346.44445       80.372694       21.471083       -6.8984671      -3.5723322      -1.9820516      -1.0531843     
0.48575439      653.08079       357.93678       81.189331       20.679217       -7.0477825      -3.6348653      -2.0382738      -1.0931202     
0.486282        681.37732       370.31272       81.996768       20.62845        -7.2971454      -3.7200586      -2.0837118      -1.1272717     
0.48680962      707.44708       382.99438       81.547029       22.136707       -7.5821828      -3.7602199      -2.1104114      -1.1475663     
0.48731694      735.56901       397.8264        81.681695       23.338492       -7.9053746      -3.8177807      -2.1497876      -1.1735956     
0.48782426      764.51574       410.87991       80.671658       23.33212        -8.2483296      -3.8673855      -2.1816625      -1.2019653     
0.48833158      794.02345       426.03986       80.740922       23.877114       -8.6417707      -3.9736175      -2.2488333      -1.2451659     
0.48883891      823.96761       439.88559       80.164712       24.705713       -8.9586737      -4.0882554      -2.3140912      -1.2906277     
0.48934623      859.19406       456.57777       79.804206       26.372897       -9.2349521      -4.1759826      -2.369129       -1.3248992     
0.48985355      894.33701       471.92195       78.740043       27.743487       -9.4222861      -4.2673503      -2.4263478      -1.361626      
0.49036087      933.01311       489.74835       78.269999       28.756876       -9.6001343      -4.3931268      -2.5170294      -1.4157188     
0.4908682       974.36125       508.42189       78.81388        29.099939       -9.7692342      -4.4878941      -2.5742027      -1.4534348     
0.49137552      1017.1179       525.90414       79.272202       28.392065       -9.9582135      -4.6036517      -2.651188       -1.5017951     
0.49188284      1059.7289       542.47739       80.14883        28.359717       -10.116178      -4.7334794      -2.7412788      -1.5605066     
0.49239016      1099.9965       554.32543       79.946744       27.732472       -10.24632       -4.8257877      -2.8074591      -1.6084923     
0.49289749      1143.7145       565.10328       79.920643       25.401371       -10.336914      -4.9544994      -2.9059753      -1.6724806     
0.49340481      1192.3022       575.16459       81.684269       24.832709       -10.554528      -5.1600876      -3.0336246      -1.7463606     
0.49391213      1248.6389       588.96615       83.378781       25.201377       -10.540698      -5.229319       -3.1001735      -1.7962419     
0.49441945      1315.2984       604.6281        86.568991       26.524588       -10.573373      -5.3346606      -3.1792974      -1.8481498     
0.49492678      1388.8746       622.72356       89.494412       26.995208       -10.536636      -5.4004279      -3.2398593      -1.8929463     
0.4954341       1454.6116       633.73543       90.766132       27.645091       -10.414751      -5.4843226      -3.3192891      -1.9477906     
0.49594142      1539.7581       652.10411       93.506331       29.340201       -10.235947      -5.5627364      -3.394044       -1.9987816     
0.49644874      1622.7788       663.06775       96.411108       31.14157        -10.011736      -5.6007664      -3.4428802      -2.036157      
0.49695607      1709.1009       674.11884       97.870695       32.132404       -9.8538797      -5.6878836      -3.5240858      -2.0921527     
0.49746339      1806.2036       687.31153       98.691678       34.096027       -9.581399       -5.7177673      -3.5793449      -2.1406054     
0.49797071      1910.082        702.80987       98.872134       37.003463       -9.3935173      -5.8130882      -3.6749644      -2.2066956     
0.49847803      2042.3195       726.33219       97.846734       40.22505        -9.0799526      -5.7865282      -3.6979673      -2.2384342     
0.49898536      2172.6686       748.14601       93.997742       45.661083       -8.7346126      -5.7485133      -3.7093088      -2.2532296     
0.49949268      2294.1529       769.61153       91.06032        51.967052       -8.6144188      -5.7654083      -3.7467022      -2.2896072     
0.5             2427.6498       796.06912       87.009261       57.371739       -8.5221877      -5.7573339      -3.7757368      -2.3204743     
0.5004878       2558.8307       827.31013       81.96943        60.808655       -8.6021531      -5.7787344      -3.818321       -2.3631459     
0.50097561      2722.6168       870.61588       80.039689       61.251544       -8.9829405      -5.8694593      -3.8802015      -2.4083433     
0.50146341      2940.3088       927.21227       78.536655       56.193584       -9.4572288      -6.0140471      -3.988655       -2.4861826     
0.50195122      3148.1163       962.80265       71.874357       48.381368       -10.13273       -6.2417657      -4.1398179      -2.5915265     
0.50243902      3400.5929       1010.9873       68.575552       40.125956       -10.347412      -6.160218       -4.1065931      -2.5923661     
0.50292683      3729.4932       1054.9858       64.68318        31.587846       -10.793918      -6.1999675      -4.1205727      -2.6072745     
0.50341463      4077.1561       1086.3104       61.924878       22.069133       -11.590039      -6.4801773      -4.2973281      -2.7221178     
0.5038885       4299.3805       1117.3882       60.741237       16.311658       -12.18779       -6.6114391      -4.3835657      -2.7919736     
0.50436237      4598.2393       1164.0987       62.811081       17.377805       -12.290337      -6.5274249      -4.3374255      -2.7774152     
0.50483624      4834.7841       1224.2277       64.76833        16.239787       -12.682652      -6.6644052      -4.4276948      -2.8407897     
0.5053101       5149.6046       1349.0944       70.804278       16.694881       -12.881612      -6.700128       -4.4407138      -2.8567259     
0.50578397      5448.5319       1489.2867       78.90003        17.275415       -13.013862      -6.7355859      -4.4695419      -2.8875726     
0.50625784      5798.3478       1631.7379       89.023561       17.34903        -13.182388      -6.7832396      -4.4936999      -2.9105083     
0.50671591      6181.7776       1731.4432       105.80206       17.531031       -13.209276      -6.7786889      -4.4889567      -2.9073233     
0.50717398      6702.7876       1856.8413       129.57971       18.277516       -13.173839      -6.7941865      -4.4974838      -2.912643      
0.50763206      7132.2449       2065.1083       158.49166       15.715927       -13.195999      -6.9011316      -4.5773175      -2.9631816     
0.50809013      7905.9153       2196.5089       191.62263       15.430123       -13.029151      -6.894326       -4.578128       -2.9719081     
0.5085482       8393.8055       2251.2001       237.12827       16.465488       -12.878707      -6.9138468      -4.5979235      -2.9884687     
0.50900627      8784.0412       2472.4842       294.82981       18.137813       -12.723618      -6.9448065      -4.6298801      -3.0149076     
0.50946434      9387.5895       2694.7271       363.68545       20.067592       -12.852208      -7.1004288      -4.7351215      -3.0890107     
0.50992242      9838.4584       3085.1668       434.13279       22.267527       -12.719245      -7.1588606      -4.7888118      -3.1324348     
0.51038049      10283.953       3325.1978       465.26554       24.902086       -12.611221      -7.2450539      -4.8584821      -3.1814298     
0.51083856      10646.295       3643.0722       462.24754       27.769274       -12.670359      -7.3212206      -4.928969       -3.2390971     
0.51129663      10918.842       3930.9946       473.42716       35.565744       -12.370023      -7.3365037      -4.9663257      -3.2738174     
0.5117547       11205.31        4277.9195       479.10453       47.861851       -12.132868      -7.3452768      -4.994406       -3.2965504     
0.51221278      11395.037       4593.9223       484.13398       71.328125       -11.81969       -7.3326458      -5.0158022      -3.3202227     
0.51267085      11747.569       4850.5133       490.4863        89.250263       -11.427661      -7.2756956      -5.0108824      -3.3264384     
0.51312892      11607.528       5119.34         480.61393       119.27457       -11.06398       -7.2367319      -5.0168738      -3.3407234     
0.51358699      11850.445       5516.4957       439.24064       149.54491       -10.721205      -7.1988466      -5.0282202      -3.3647877     
0.51404506      11655.782       5802.1312       388.2875        187.1128        -10.362517      -7.1239563      -5.0170714      -3.377214      
0.51450314      11803.285       6090.2668       327.58435       258.5758        -9.9904108      -7.0163786      -4.9860679      -3.3830668     
0.51496121      11522.657       6277.841        271.7947        341.7537        -9.746958       -6.9607819      -4.989846       -3.4023739     
0.51541928      11253.38        6281.585        241.83056       427.18108       -9.6472109      -6.9176791      -4.989526       -3.4175984     
0.51587735      10977.197       6163.8582       220.3875        516.84631       -9.8622979      -7.0182855      -5.0775819      -3.4869635     
0.51633542      10652.112       6084.3073       232.88099       570.12875       -9.9242392      -6.9669642      -5.0724523      -3.5109882     
0.5167935       10416.99        6035.5135       226.638         626.20944       -9.9360143      -6.9081373      -5.0630517      -3.5199071     
0.51725157      10146.454       6007.4051       238.05867       689.77201       -10.156301      -6.9438041      -5.1028238      -3.556104      
0.51770964      9964.383        6019.1936       240.74596       737.90798       -10.262096      -6.9176412      -5.1095494      -3.5825191     
0.51816771      9764.9668       6006.519        247.48483       760.36798       -10.35705       -6.9145045      -5.1369499      -3.6176521     
0.51862578      9577.3636       5878.8318       257.00706       759.01185       -10.337788      -6.8344589      -5.1258465      -3.6377309     
0.51908386      9406.0691       5771.6717       288.31904       765.53545       -10.430518      -6.7208441      -5.0665557      -3.621423      
0.51954193      9241.8711       5701.1497       314.21629       759.75713       -10.507656      -6.6246042      -5.0231111      -3.6160735     
0.52            9064.8675       5602.7459       339.02898       788.15788       -10.606908      -6.5486279      -4.9768022      -3.6055975     
0.52044444      8981.87         5578.647        331.91066       835.55459       -10.796191      -6.4684446      -4.9139635      -3.5795962     
0.52088889      8827.9524       5521.661        325.35102       880.4692        -11.311883      -6.501386       -4.8898379      -3.5699274     
0.52133333      8687.4134       5437.3177       376.15165       914.27881       -11.701553      -6.4989736      -4.8547476      -3.5613053     
0.52177778      8546.3177       5364.0477       407.17206       943.25222       -12.17727       -6.5681972      -4.855449       -3.5678281     
0.52222222      8430.6414       5291.5137       453.91638       961.37975       -12.452407      -6.6380735      -4.8640117      -3.5786066     
0.52266667      8298.2502       5221.7071       498.10239       965.24645       -12.607451      -6.6983496      -4.8730499      -3.5864926     
0.52311111      8190.2332       5157.3037       584.00632       962.46736       -12.684305      -6.7548484      -4.8987578      -3.6243712     
0.52355556      8090.8664       5097.9201       746.98378       943.41614       -12.67648       -6.7081243      -4.8691401      -3.6286402     
0.524           7986.1375       5017.9904       890.32961       907.05154       -12.753093      -6.7299165      -4.8847551      -3.657987      
0.52444444      7891.6442       4943.8258       1054.3298       837.48249       -12.579169      -6.6455457      -4.8540041      -3.6652841     
0.52488889      7806.836        4874.7927       1200.4206       751.16233       -12.509574      -6.6215387      -4.8359298      -3.6590981     
0.52533333      7730.7262       4840.581        1356.2537       658.23371       -12.392918      -6.5758652      -4.8082714      -3.6528821     
0.52577778      7665.7585       4807.434        1485.3919       571.5863        -12.030495      -6.5183976      -4.7825481      -3.6502227     
0.52622222      7599.1567       4786.5973       1621.4048       490.9364        -12.042324      -6.5600891      -4.8108069      -3.6782018     
0.52668148      7516.3994       4745.1892       1709.1279       414.69327       -11.947241      -6.5532921      -4.8165524      -3.6958921     
0.52714074      7462.2156       4724.2596       1640.3644       344.91537       -11.952866      -6.5829164      -4.8335562      -3.7214028     
0.5276          7407.2313       4704.834        1671.3014       289.82215       -12.132421      -6.6829527      -4.8839475      -3.7587263     
0.52805926      7357.0216       4687.4241       1660.5723       241.89475       -12.38686       -6.8046221      -4.9614018      -3.8181275     
0.52851852      7307.8157       4673.2488       1679.5166       206.08562       -12.463601      -6.939078       -5.0377843      -3.8672396     
0.52897778      7262.5557       4662.792        1680.2116       177.81481       -12.530048      -7.018164       -5.0835106      -3.9093236     
0.529457        7195.3924       4637.8239       1684.01         167.2711        -12.497434      -7.1485808      -5.1709839      -3.9701846     
0.52993623      7154.9681       4628.316        1685.2389       165.20327       -12.499245      -7.2894786      -5.2615492      -4.042641      
0.53041546      7116.6191       4621.1032       1704.5481       189.40972       -12.409227      -7.3862278      -5.3327354      -4.0938521     
0.53089469      7075.4445       4611.6957       1718.1714       215.71789       -12.3501        -7.5285118      -5.423513       -4.1560648     
0.53137391      7033.6954       4598.9497       1751.9462       257.61024       -12.240697      -7.620152       -5.4993615      -4.214003      
0.53188133      6964.7712       4577.9632       1750.259        315.43294       -12.272436      -7.6602256      -5.5613446      -4.2755938     
0.53238875      6929.1212       4575.709        1770.2289       389.55748       -12.365393      -7.7253509      -5.617462       -4.3271698     
0.53289616      6902.2027       4580.3597       1777.4251       511.69615       -12.318386      -7.7789593      -5.6798301      -4.3844808     
0.53340358      6867.7214       4578.9622       1785.3061       664.77644       -12.401973      -7.8017904      -5.7121421      -4.4209345     
0.53395328      6793.7487       4557.9185       1773.3367       817.47392       -12.537097      -7.7990396      -5.7538203      -4.4696312     
0.53450298      6762.3993       4563.632        1751.252        952.55522       -12.472794      -7.766513       -5.7662057      -4.5013876     
0.53505269      6741.1456       4575.9046       1727.7251       1071.1666       -12.418937      -7.7770495      -5.8072322      -4.5481364     
0.53560239      6712.6709       4586.1295       1707.669        1181.5351       -12.712668      -7.9367659      -5.9115193      -4.6275666     
0.53615209      6685.5727       4594.2647       1684.9509       1287.0566       -13.020718      -8.0597133      -6.0093647      -4.7083221     
0.53670179      6657.7856       4603.9763       1669.3371       1380.0834       -13.340797      -8.197902       -6.1038219      -4.7783479     
0.53736143      6546.0986       4566.648        1626.4151       1400.3946       -13.974763      -8.3018308      -6.1854574      -4.8526898     
0.53802107      6514.0218       4579.0937       1615.1042       1384.3799       -14.332952      -8.457467       -6.2839987      -4.9291089     
0.53868072      6490.8608       4595.6908       1626.2119       1385.8172       -14.623949      -8.5331766      -6.3606136      -5.0040204     
0.53934036      6465.92         4607.6658       1639.0292       1377.5136       -14.993189      -8.6195378      -6.43686        -5.0749241     
0.54            6431.7344       4611.899        1644.9402       1375.4775       -15.201532      -8.6682175      -6.503154       -5.1458386     
0.54064516      6409.413        4623.9816       1640.3451       1371.1864       -15.254066      -8.7179154      -6.5637441      -5.2028452     
0.54129032      6379.6715       4633.8156       1629.4799       1372.2586       -15.340179      -8.7716826      -6.6279935      -5.2700761     
0.54195853      6338.4449       4640.6377       1605.1126       1379.5908       -14.994561      -8.8071834      -6.6825651      -5.3189941     
0.54262673      6311.4292       4661.5219       1587.246        1390.3209       -14.569192      -8.823162       -6.735897       -5.3804813     
0.54329493      6284.1891       4672.467        1613.5626       1396.3441       -14.376853      -8.8906561      -6.8013281      -5.4365876     
0.54396313      6258.9904       4690.7288       1610.4597       1401.8724       -14.223504      -8.9894497      -6.8903019      -5.5159128     
0.54463134      6233.3988       4708.3831       1608.7123       1396.6295       -13.804109      -9.0189791      -6.9601553      -5.5928583     
0.54529954      6208.5437       4725.4324       1589.8672       1401.5311       -13.238672      -8.9978597      -6.9876251      -5.6367265     
0.54596774      6182.5001       4740.7733       1563.0822       1415.6057       -12.8285        -9.0463379      -7.0567544      -5.7031        
0.54666935      6141.5062       4749.2824       1533.5435       1429.0834       -12.265076      -9.0746801      -7.128422       -5.7809547     
0.54737097      6117.1454       4766.0667       1508.8861       1442.9312       -11.625964      -9.0169925      -7.1288287      -5.8091486     
0.54807258      6094.5212       4773.8153       1521.8467       1456.2198       -11.117741      -9.0271694      -7.1790576      -5.8694831     
0.54877419      6069.9559       4780.9372       1557.5246       1459.4722       -10.8601        -9.0044599      -7.2084717      -5.9215306     
0.54947581      6044.6999       4782.7371       1563.9079       1456.9974       -10.627531      -8.9707386      -7.2108557      -5.9451598     
0.55017742      6021.5681       4784.7173       1567.7589       1450.9846       -10.379808      -8.9444641      -7.218834       -5.9743013     
0.55087903      5997.5612       4781.7905       1599.2018       1442.14         -9.9504571      -8.8691443      -7.2150004      -6.0090961     
0.55158065      5976.0258       4786.2234       1652.2163       1429.8443       -9.5025037      -8.7599243      -7.1731444      -6.0117191     
0.55228226      5951.8339       4781.1836       1752.663        1408.6518       -9.6550248      -8.6869411      -7.1357712      -6.0126854     
0.55305403      5901.456        4760.6871       1863.6776       1339.4488       -9.4032817      -8.5314967      -7.0677493      -6.0034286     
0.55382581      5879.5196       4756.4065       1967.5943       1240.9666       -9.1799681      -8.4085456      -7.0065091      -5.9942723     
0.55459758      5865.2696       4756.6805       2032.9449       1163.444        -8.9143964      -8.3015871      -6.9636422      -5.9978636     
0.55536935      5848.3996       4757.2092       2102.5209       1074.5253       -8.7580378      -8.2304225      -6.9447352      -6.0217063     
0.55614113      5831.0441       4753.7463       2110.6957       1013.7236       -8.703302       -8.1957697      -6.9447167      -6.0554918     
0.5569129       5813.8984       4750.6041       2134.7178       966.79734       -8.6199163      -8.1625165      -6.9513655      -6.0894698     
0.55768468      5795.5198       4746.5874       2149.0528       960.4949        -8.5320352      -8.1233794      -6.9586526      -6.1267826     
0.55845645      5777.3381       4743.5013       2169.9765       948.81102       -8.4354644      -8.0576591      -6.9454838      -6.1520519     
0.55922823      5759.1084       4742.7052       2193.5335       913.05745       -8.3697719      -8.0204823      -6.9415587      -6.1717011     
0.56            5741.9867       4743.2722       2213.0177       938.5683        -8.2190255      -7.9046656      -6.8793378      -6.1516953     
0.56086957      5695.2942       4725.4866       2227.9906       987.45763       -8.199394       -7.7858432      -6.8400598      -6.1589625     
0.56173913      5677.4451       4723.1015       2245.6281       1040.3523       -8.2108953      -7.7427688      -6.8179187      -6.1700612     
0.5626087       5668.0034       4725.5758       2265.975        1092.8345       -8.109968       -7.6754334      -6.7999078      -6.1969798     
0.56347826      5655.4832       4726.7562       2282.6297       1111.15         -8.0331442      -7.5899748      -6.7593152      -6.2002063     
0.56434783      5642.0002       4728.4491       2299.6726       1136.2565       -7.9959867      -7.5351949      -6.7468531      -6.22457       
0.56521739      5627.366        4728.9308       2315.5884       1186.5832       -7.9686903      -7.5063126      -6.758245       -6.2657366     
0.56608696      5612.432        4729.7306       2332.6657       1280.8389       -7.8869047      -7.4232814      -6.7191802      -6.2656277     
0.56695652      5596.8537       4727.4374       2348.7406       1372.7495       -7.7864871      -7.3369267      -6.6778517      -6.2635181     
0.56782609      5582.6325       4728.4388       2363.7961       1471.6714       -7.6929263      -7.2505523      -6.632989       -6.2623577     
0.56876254      5551.9958       4717.3873       2375.3942       1560.7714       -7.60512        -7.1229632      -6.5637289      -6.2418279     
0.569699        5538.1484       4720.1608       2390.607        1629.5416       -7.4893298      -6.9897099      -6.4657168      -6.191925      
0.57063545      5529.5186       4726.6454       2407.3387       1656.9848       -7.3775368      -6.9245957      -6.4429038      -6.2046675     
0.57157191      5518.7873       4733.91         2423.4895       1665.796        -7.2321068      -6.80199        -6.3587599      -6.1653475     
0.57250836      5508.4812       4743.1427       2438.7634       1674.5181       -7.1480308      -6.7246304      -6.320514       -6.1601202     
0.57344482      5497.6929       4752.5881       2452.2517       1681.6715       -7.0526875      -6.6459435      -6.2700401      -6.1403688     
0.57438127      5485.6659       4763.5344       2465.3812       1687.1355       -6.9375579      -6.6120226      -6.266945       -6.1607971     
0.57531773      5473.7356       4773.2124       2479.0529       1694.089        -6.803349       -6.5575896      -6.2478706      -6.1715265     
0.57625418      5463.5014       4784.3815       2491.0969       1700.4831       -6.6974459      -6.49209        -6.2161288      -6.1716293     
0.57719064      5453.1374       4794.9631       2503.5032       1707.4492       -6.5287071      -6.3530614      -6.1151097      -6.1029577     
0.57812709      5442.9693       4805.512        2518.4165       1715.8532       -6.4314033      -6.2793453      -6.0756039      -6.098989      
0.57906355      5433.3178       4817.8807       2534.1982       1723.7644       -6.3035374      -6.1654113      -5.9949849      -6.0573865     
0.58            5425.004        4832.2147       2545.9561       1732.046        -6.1785844      -6.0417324      -5.9067298      -6.0087041     
0.581           5399.7447       4828.4686       2553.8493       1740.6304       -6.0965996      -5.9191453      -5.8167715      -5.9578127     
0.582           5388.9956       4834.9121       2564.9453       1749.7235       -6.0186433      -5.8165568      -5.7392994      -5.9192959     
0.583           5379.5141       4844.1935       2578.6836       1759.1341       -5.8429888      -5.6765013      -5.6297424      -5.8578844     
0.584           5371.3676       4851.6813       2591.5407       1768.3305       -5.7288454      -5.5536555      -5.4969366      -5.745424      
0.585           5364.0711       4859.1444       2603.5066       1777.5301       -5.5988855      -5.4380679      -5.4014673      -5.680318      
0.586           5355.648        4867.5874       2605.5624       1786.6788       -5.4704578      -5.3187811      -5.3207244      -5.6549618     
0.587           5347.578        4876.9667       2607.1065       1794.7095       -5.3168323      -5.188146       -5.223424       -5.5994719     
0.588           5339.0194       4883.55         2610.796        1802.9606       -5.191962       -5.0544513      -5.1218708      -5.5404901     
0.589           5330.9427       4891.0986       2616.1769       1811.1963       -5.0114618      -4.8573384      -4.9601695      -5.4253802     
0.59            5324.5818       4898.292        2622.7264       1819.7167       -4.8471803      -4.6643588      -4.8022062      -5.3119143     
0.591           5317.0488       4905.3005       2628.2066       1827.7403       -4.9806743      -4.7013369      -4.7291143      -5.2001874     
0.592           5310.1909       4914.3383       2628.9233       1835.8297       -4.8438056      -4.5608015      -4.6325615      -5.138854      
0.593           5304.1758       4922.2424       2635.2116       1844.3106       -4.8167229      -4.4637334      -4.533447       -5.0596189     
0.594           5296.2275       4927.6173       2641.9238       1852.3738       -4.744012       -4.3043652      -4.4062965      -4.9702537     
0.595           5290.8018       4935.4989       2652.909        1859.9957       -4.6628756      -4.1624755      -4.2746674      -4.8638476     
0.596           5284.8182       4941.6869       2665.3687       1867.233        -4.6098655      -4.0708015      -4.1900663      -4.7953462     
0.597           5279.5986       4948.7178       2687.2007       1873.6994       -4.6706504      -4.0632061      -4.163097       -4.7638813     
0.598           5274.5924       4955.9914       2708.4911       1880.3428       -4.8202178      -4.0628377      -4.0826063      -4.6586883     
0.599           5268.5696       4961.5831       2732.6757       1887.3891       -4.6755883      -3.8927664      -3.9807895      -4.6096419     
0.6             5263.8665       4968.322        2756.0184       1893.995        -4.8298244      -3.9478283      -4.0105434      -4.6188359     
0.601           5258.3469       4974.1279       2780.333        1900.5372       -4.9030967      -3.9524582      -4.024736       -4.6351292     
0.602           5253.5443       4980.3399       2804.659        1907.5945       -5.0118322      -3.9880972      -4.0449378      -4.6420209     
0.603           5248.4908       4986.4565       2827.7482       1913.2622       -5.1870398      -4.0822846      -4.1215988      -4.6896106     
0.604           5244.0297       4993.1739       2846.1418       1917.9527       -5.2581317      -4.0805554      -4.1088768      -4.668646      
0.605           5239.5563       5000.0877       2861.3847       1922.2491       -5.2878088      -4.0527843      -4.0775024      -4.6373695     
0.606           5234.2109       5005.5156       2874.3921       1927.5401       -5.3234941      -4.0284837      -4.0470224      -4.6033352     
0.607           5229.0774       5011.427        2887.748        1933.6834       -5.4142598      -4.0385382      -4.0442262      -4.590993      
0.608           5224.0197       5017.4983       2900.0666       1940.2918       -5.4775448      -4.0240704      -4.0213284      -4.5624756     
0.609           5218.6996       5023.1917       2913.0405       1949.7692       -5.5171972      -3.9875948      -3.981087       -4.5239311     
0.61            5212.5856       5028.1366       2925.8421       1958.3629       -5.5542187      -3.9518132      -3.9418034      -4.4859336     
0.611           5205.8757       5032.5956       2938.2315       1964.8965       -5.6310208      -3.9663744      -3.9378338      -4.4624847     
0.612           5199.5183       5037.4152       2950.7573       1969.0646       -5.6197463      -3.904077       -3.8764688      -4.4068788     
0.613           5192.453        5041.3998       2963.2155       1973.3876       -5.6037749      -3.86162        -3.8323303      -4.3603994     
0.614           5185.2673       5045.1437       2975.6578       1977.526        -5.56609        -3.8323938      -3.8056376      -4.3328066     
0.615           5177.5704       5048.5023       2988.0465       1981.5456       -5.4759511      -3.7862971      -3.7633294      -4.2902407     
0.616           5168.6855       5051.3159       3000.8955       1985.3341       -5.3902514      -3.7598873      -3.7419077      -4.2647539     
0.617           5159.1011       5053.7844       3013.427        1989.2508       -5.2546407      -3.726057       -3.7126586      -4.2323303     
0.618           5149.1013       5055.8302       3026.0711       1993.0401       -5.0756113      -3.6808059      -3.6747641      -4.195438      
0.619           5139.1277       5057.8251       3039.104        1996.9454       -4.885007       -3.6301822      -3.6366149      -4.1608815     
0.62            5128.9158       5059.5977       3051.981        2000.2637       -4.8996976      -3.7434393      -3.7374696      -4.2418688     
0.62105263      5111.4755       5053.0911       3062.5871       2002.2925       -4.8660486      -3.7398319      -3.7337179      -4.2314685     
0.62210526      5100.1575       5054.5923       3076.2374       2005.2913       -4.7877936      -3.7213938      -3.7091175      -4.2017168     
0.62315789      5090.2636       5057.6791       3091.3146       2008.8941       -4.7340478      -3.7016096      -3.6862353      -4.1774923     
0.62421053      5078.0879       5058.5883       3105.2327       2011.4366       -4.7074203      -3.6777793      -3.6554505      -4.145712      
0.62526316      5063.9725       5057.7194       3118.8174       2013.8996       -4.73632        -3.6666205      -3.6353684      -4.1227138     
0.62631579      5048.8899       5055.7771       3132.5455       2016.0067       -4.7780466      -3.6639909      -3.6236         -4.1059637     
0.62736842      5033.4022       5053.5313       3148.1421       2018.2517       -4.794788       -3.6340166      -3.585387       -4.0647382     
0.62842105      5020.1275       5053.6852       3165.7127       2021.3274       -4.8147444      -3.6117411      -3.554273       -4.0308952     
0.62947368      5004.3055       5051.1622       3182.3907       2024.0774       -4.862785       -3.6028814      -3.5338911      -4.0059083     
0.63052632      4988.0223       5048.4573       3200.0566       2027.3271       -4.9195417      -3.6056119      -3.5227262      -3.9875308     
0.63157895      4969.6107       5043.1603       3217.1323       2030.3404       -4.9639846      -3.5862979      -3.4921343      -3.952122      
0.63263158      4952.2352       5038.8586       3235.7986       2034.2618       -4.9827791      -3.5473246      -3.4403309      -3.897324      
0.63368421      4932.2862       5031.455        3253.2665       2037.9556       -5.0452311      -3.5339789      -3.4122337      -3.864245      
0.63473684      4911.1032       5022.717        3270.4829       2041.954        -5.1688415      -3.5750677      -3.4342959      -3.8728763     
0.63578947      4888.2326       5011.5465       3286.3302       2045.8444       -5.2648932      -3.5878753      -3.4311965      -3.8636206     
0.63684211      4862.0642       4996.6335       3299.4672       2049.3026       -5.354724       -3.5898887      -3.4164374      -3.8410649     
0.63789474      4833.7559       4979.2684       3311.3076       2052.6387       -5.482044       -3.621128       -3.4255398      -3.8371996     
0.63894737      4800.0933       4955.6367       3317.5739       2054.5735       -5.5975039      -3.6481927      -3.43921        -3.8502933     
0.64            4767.4509       4933.0816       3324.3037       2056.9432       -5.7127557      -3.6724077      -3.4424261      -3.8348209     
0.64111111      4725.4715       4898.2888       3325.6202       2058.3688       -5.8772547      -3.6669896      -3.4243336      -3.8069591     
0.64222222      4689.7492       4872.3514       3330.9544       2060.9974       -5.9408011      -3.6462226      -3.3883305      -3.7686261     
0.64333333      4654.9617       4847.1361       3336.8244       2064.8761       -5.9985355      -3.6364577      -3.3626041      -3.7358303     
0.64444444      4617.6401       4818.8363       3340.2615       2068.0769       -6.128582       -3.6996569      -3.4059526      -3.7642155     
0.64555556      4579.432        4788.9887       3343.0551       2071.8253       -6.1942667      -3.6940124      -3.3871115      -3.7431358     
0.64666667      4539.9903       4757.3801       3344.0314       2074.7638       -6.289466       -3.7326738      -3.4083512      -3.7502821     
0.64777778      4499.9705       4724.7491       3343.5945       2077.6819       -6.3629124      -3.7731424      -3.4351078      -3.7647122     
0.64888889      4459.1514       4690.6785       3341.7435       2080.5321       -6.3814303      -3.7760343      -3.428541       -3.7516404     
0.65            4418.7457       4656.459        3338.8718       2083.2128       -6.3683234      -3.7828993      -3.4264594      -3.7423831     
0.65111111      4377.3202       4620.8373       3334.6          2085.5661       -6.3040305      -3.7724605      -3.4127444      -3.7236767     
0.65222222      4336.0161       4584.9545       3329.7865       2088.1974       -6.2634521      -3.8027544      -3.4378498      -3.7429667     
0.65333333      4294.0182       4548.0219       3323.543        2090.695        -6.2083575      -3.8631917      -3.4933692      -3.7828359     
0.65444444      4252.6236       4511.2671       3316.7501       2092.87         -6.063677       -3.8501917      -3.4838998      -3.7720067     
0.65555556      4210.3484       4473.284        3309.059        2095.3864       -5.940845       -3.8647638      -3.5001444      -3.7851071     
0.65666667      4168.8206       4435.3464       3300.4608       2097.7958       -5.8052048      -3.8820543      -3.5228947      -3.8085024     
0.65777778      4127.4384       4396.8562       3290.8915       2100.1497       -5.5969997      -3.8297533      -3.4791943      -3.7642122     
0.65888889      4086.4379       4358.3314       3280.9891       2102.5388       -5.4120002      -3.7907169      -3.4492991      -3.7340491     
0.66            4046.3667       4319.8874       3270.3695       2104.9807       -5.2749863      -3.7687615      -3.4346112      -3.7187857     
0.66117647      4001.5128       4272.4663       3253.7931       2105.894        -5.2239585      -3.7565443      -3.4316239      -3.7098464     
0.66243137      3952.4651       4223.263        3236.5265       2106.1636       -5.1297176      -3.6803869      -3.3675629      -3.6498741     
0.66368627      3915.1444       4182.9742       3224.159        2109.3707       -4.985934       -3.6226186      -3.3183805      -3.6072372     
0.66494118      3876.2811       4143.7991       3211.0667       2112.2863       -4.9263878      -3.590621       -3.2900483      -3.5862779     
0.66619608      3838.9669       4103.0126       3195.4655       2114.1604       -4.9783217      -3.6384903      -3.3272339      -3.6127028     
0.66745098      3802.8481       4061.76         3178.4945       2115.3573       -4.977371       -3.6376539      -3.3267157      -3.6127312     
0.66870588      3763.862        4021.2662       3160.2134       2115.5579       -4.9694283      -3.5851574      -3.2682725      -3.5506698     
0.66996078      3727.006        3980.8157       3141.2387       2115.3979       -5.0534494      -3.6315433      -3.3094924      -3.5844663     
0.67121569      3690.4244       3941.672        3121.3741       2114.6355       -5.1308821      -3.6470275      -3.3124527      -3.5772962     
0.67247059      3655.3543       3903.3421       3101.1819       2112.7423       -5.1658511      -3.6337705      -3.2987986      -3.5608505     
0.67372549      3621.6697       3866.0023       3080.9102       2108.2951       -5.2013778      -3.6154755      -3.2813306      -3.5416663     
0.67498039      3588.3895       3829.303        3060.1625       2103.7085       -5.22562        -3.5828306      -3.2512809      -3.5145298     
0.67623529      3557.1338       3793.7845       3039.4388       2098.8768       -5.3134382      -3.6018426      -3.2673938      -3.5261271     
0.6774902       3527.0241       3759.4118       3018.8811       2094.3568       -5.3375789      -3.5688696      -3.2392086      -3.5022612     
0.6787451       3497.9431       3726.1728       2998.3013       2090.1966       -5.3681547      -3.5228322      -3.1920221      -3.457821      
0.68            3470.2519       3693.9311       2978.0693       2086.4271       -5.427638       -3.5206693      -3.1909547      -3.4592354     
0.68133333      3438.4482       3655.5504       2953.3434       2080.9879       -5.5177131      -3.4863567      -3.160128       -3.4284466     
0.68266667      3412.7705       3625.3388       2933.3629       2077.7282       -5.5230023      -3.4604185      -3.1356896      -3.4074588     
0.684           3389.4227       3597.5956       2914.5369       2074.9581       -5.466549       -3.4054972      -3.0844205      -3.3595889     
0.68533333      3367.2757       3570.7522       2895.5732       2071.9842       -5.4339084      -3.3721118      -3.0543252      -3.3317778     
0.68666667      3346.8456       3545.5033       2876.7768       2068.982        -5.374086       -3.3464581      -3.0349886      -3.3160135     
0.688           3327.5849       3521.4115       2858.5264       2065.9029       -5.2753357      -3.3249945      -3.0209684      -3.3023639     
0.68933333      3309.4244       3498.4932       2840.56         2063.1032       -5.0919767      -3.2672442      -2.9759659      -3.2634411     
0.69066667      3292.7741       3477.0837       2823.2425       2060.5112       -4.8713278      -3.200017       -2.9222908      -3.2144194     
0.692           3277.427        3457.0322       2806.4129       2058.2504       -4.6682246      -3.1640064      -2.896664       -3.1907789     
0.69333333      3263.0263       3438.1222       2790.0829       2056.2161       -4.4171966      -3.106131       -2.8553435      -3.1555198     
0.69466667      3250.0235       3420.6926       2774.4144       2054.4455       -4.2144197      -3.08694        -2.8525878      -3.1566357     
0.696           3238.0569       3404.5095       2759.3764       2052.6887       -4.0613797      -3.1091251      -2.8951024      -3.205891      
0.69733333      3227.8639       3389.9108       2744.9612       2050.6569       -3.8176358      -3.0183936      -2.8236833      -3.1411339     
0.69866667      3218.0529       3376.08         2731.0458       2048.069        -3.6156388      -2.9465319      -2.7709859      -3.0954744     
0.7             3209.7817       3363.7618       2717.8437       2045.0035       -3.433028       -2.8734335      -2.7182701      -3.0487896     
0.70125         3208.1778       3360.2188       2710.1543       2043.4148       -3.2465014      -2.834461       -2.6960681      -3.0323274     
0.7025          3202.026        3350.3286       2698.632        2039.8433       -3.169049       -2.8088972      -2.6912376      -3.0311058     
0.70375         3194.6961       3339.3577       2686.4336       2035.6992       -3.097788       -2.7598927      -2.6597957      -3.0035283     
0.705           3188.9795       3330.2309       2675.5264       2032.0921       -2.9860862      -2.6742543      -2.595304       -2.9455564     
0.70625         3184.4217       3322.4405       2665.4929       2028.7841       -2.921909       -2.6085564      -2.5469465      -2.9026582     
0.7075          3180.6767       3315.6377       2656.1427       2025.7139       -2.9090862      -2.5807188      -2.5377163      -2.9025132     
0.70875         3177.6705       3309.7831       2647.4373       2022.8529       -2.9250187      -2.5621919      -2.5312516      -2.8999834     
0.71            3174.9728       3304.4646       2639.1174       2019.9866       -2.9602247      -2.5516515      -2.5295958      -2.9024022     
0.71125         3173.0802       3300.0678       2631.3975       2017.2546       -2.9525729      -2.512912       -2.5016791      -2.8797604     
0.7125          3171.5333       3296.2261       2624.0733       2014.5517       -2.9538737      -2.4622916      -2.4579585      -2.8416316     
0.71375         3170.5236       3293.0337       2617.1796       2011.8867       -2.9787502      -2.4371241      -2.4369665      -2.8234184     
0.715           3169.9528       3290.386        2610.694        2009.2993       -2.9936095      -2.3950119      -2.3986168      -2.7905477     
0.71625         3169.7428       3288.2579       2604.6878       2006.864        -3.0100875      -2.356259       -2.3625686      -2.7584474     
0.7175          3169.7574       3286.5087       2598.9829       2004.4601       -3.0582527      -2.3436781      -2.3504001      -2.7487396     
0.71875         3169.985        3285.1228       2593.6433       2002.1642       -3.0783563      -2.3007253      -2.3054785      -2.7039755     
0.72            3170.4799       3284.1339       2588.7282       2000.0177       -3.1191425      -2.2798203      -2.2819267      -2.681875      
0.72125         3170.9442       3283.2805       2584.0178       1997.8975       -3.1613148      -2.2648425      -2.2656661      -2.6681955     
0.7225          3171.3241       3282.5051       2579.5009       1995.798        -3.189987       -2.2419691      -2.2402938      -2.6430723     
0.72375         3171.8186       3281.9956       2575.3729       1993.8862       -3.1867631      -2.1942152      -2.1920502      -2.5978557     
0.725           3172.1902       3281.4628       2571.2833       1991.9689       -3.2192198      -2.1837105      -2.1736954      -2.5751467     
0.72625         3172.8366       3281.2914       2567.5308       1990.2022       -3.1976958      -2.1375177      -2.1262861      -2.5311094     
0.7275          3173.3772       3281.1224       2563.8764       1988.4783       -3.1982416      -2.1183415      -2.1015849      -2.5038454     
0.72875         3173.8702       3280.9977       2560.3364       1986.8167       -3.1842923      -2.099726       -2.078177       -2.4792885     
0.73            3174.1084       3280.7276       2556.8046       1985.198        -3.160121       -2.0770549      -2.0514226      -2.4498388     
0.73125         3174.1647       3280.3497       2553.1817       1983.5527       -3.1584096      -2.068128       -2.0323326      -2.4261658     
0.7325          3174.0022       3279.9407       2549.7817       1982.0331       -3.1486403      -2.0620484      -2.017947       -2.4082872     
0.73375         3173.9393       3279.5715       2546.4209       1980.5723       -3.0867712      -2.0291735      -1.9867893      -2.3769584     
0.735           3173.5527       3279.0515       2543.0781       1979.1275       -3.0459094      -2.0047345      -1.9610886      -2.3469274     
0.73625         3172.9314       3278.3477       2539.6963       1977.6983       -2.9910401      -1.9672518      -1.9261593      -2.3106085     
0.7375          3172.1019       3277.5433       2536.3707       1976.3064       -2.9349168      -1.9087213      -1.8599573      -2.2391714     
0.73875         3171.0545       3276.5729       2532.9927       1974.8484       -2.9490853      -1.9190809      -1.8653024      -2.2401635     
0.74            3169.6639       3275.3811       2529.6165       1973.3665       -2.9946181      -1.9563742      -1.8905818      -2.2494223     
0.74125         3167.5745       3273.5666       2525.7939       1971.7307       -3.0007198      -1.9666079      -1.8988834      -2.2524554     
0.7425          3165.4579       3271.8267       2522.2328       1970.2284       -2.9818508      -1.962513       -1.8980938      -2.2519081     
0.74375         3162.8838       3269.71         2518.5041       1968.7185       -2.9449453      -1.9451022      -1.8829357      -2.2339622     
0.745           3160.0047       3267.377        2514.7982       1967.2303       -2.8738654      -1.8964583      -1.8372794      -2.1853784     
0.74625         3156.7671       3264.7372       2510.9352       1965.645        -2.8290192      -1.8788434      -1.8221285      -2.1671156     
0.7475          3153.0629       3261.7087       2506.932        1964.0037       -2.7809588      -1.8531889      -1.7974894      -2.1375392     
0.74875         3148.9592       3258.2921       2502.73         1962.2543       -2.7478111      -1.8320519      -1.7755463      -2.1117391     
0.75            3144.307        3254.4881       2498.4074       1960.4566       -2.7243558      -1.8158308      -1.7569374      -2.0881176     
0.75125         3138.5831       3249.7983       2493.6448       1958.381        -2.8400883      -1.9162918      -1.8426097      -2.1579574     
0.7525          3134.2144       3246.1607       2489.4573       1956.5062       -2.8032291      -1.8873742      -1.8149587      -2.1282762     
0.75375         3127.7255       3240.7946       2484.394        1954.2591       -2.7960248      -1.878584       -1.8001976      -2.1069369     
0.755           3121.6265       3235.6876       2479.5063       1952.0613       -2.7888527      -1.8677423      -1.7840061      -2.0847556     
0.75625         3114.4533       3229.6829       2474.1921       1949.6674       -2.7698687      -1.8467757      -1.7584833      -2.0547008     
0.7575          3107.1578       3223.5162       2468.7923       1947.1994       -2.7455746      -1.8203168      -1.7282405      -2.0203498     
0.75875         3099.5024       3217.0032       2463.2734       1944.7139       -2.7318481      -1.8071858      -1.7101279      -1.9954629     
0.76            3091.3558       3210.0312       2457.513        1942.0928       -2.7496803      -1.8250932      -1.720788       -1.9966638     
0.76125         3082.3322       3202.2825       2451.396        1939.3656       -2.7368286      -1.821518       -1.7126713      -1.9846377     
0.7625          3072.8627       3194.1157       2445.0805       1936.5539       -2.6960171      -1.7974261      -1.6845592      -1.9509908     
0.76384615      3056.3616       3177.2308       2433.551        1930.8661       -2.679723       -1.755832       -1.6414157      -1.9031553     
0.76519231      3046.1554       3168.709        2427.1422       1927.9651       -2.6564765      -1.7546576      -1.6342538      -1.8911711     
0.76653846      3037.1503       3161.3872       2421.4833       1925.5027       -2.5979301      -1.7201185      -1.5908527      -1.8398447     
0.76788462      3026.7905       3152.7192       2415.0628       1922.636        -2.5990954      -1.7362966      -1.5959132      -1.836824      
0.76923077      3016.5706       3143.8233       2408.4371       1919.7344       -2.5843931      -1.7390685      -1.5878828      -1.8199195     
0.77057692      3004.411        3133.238        2400.959        1916.3919       -2.5727739      -1.7457238      -1.5839385      -1.8060723     
0.77192308      2992.7167       3122.7461       2393.5113       1913.1444       -2.5487366      -1.742851       -1.5724767      -1.7871569     
0.77326923      2979.7528       3111.1221       2385.4907       1909.559        -2.5693763      -1.7875425      -1.6080246      -1.8134879     
0.77461538      2966.5642       3099.2733       2377.3498       1905.9529       -2.6245397      -1.8632076      -1.6712507      -1.8662797     
0.77596154      2953.025        3087.0089       2369.028        1902.3417       -2.5946942      -1.8576954      -1.6556136      -1.8422837     
0.77730769      2938.7958       3074.0871       2360.3272       1898.4652       -2.6345358      -1.9137885      -1.6968088      -1.8680488     
0.77865385      2925.4359       3061.7387       2351.9444       1894.8221       -2.578634       -1.8879299      -1.6646361      -1.8320439     
0.78            2910.3457       3047.9246       2342.81         1890.9034       -2.558908       -1.8937899      -1.6630379      -1.8219545     
0.78133333      2896.9677       3035.7605       2334.6064       1887.3994       -2.5352665      -1.901307       -1.6645361      -1.8181907     
0.78266667      2882.0793       3021.8876       2325.4475       1883.4265       -2.5051065      -1.8947099      -1.6517832      -1.7979204     
0.78411111      2860.9322       2999.6795       2311.2587       1876.6054       -2.5082592      -1.8712134      -1.6258271      -1.7660391     
0.78555556      2845.6484       2985.5681       2302.0469       1872.6199       -2.4653422      -1.8542766      -1.6029459      -1.7370494     
0.787           2831.4938       2972.5557       2293.4052       1869.0147       -2.4285338      -1.8418113      -1.5854783      -1.7152551     
0.78844444      2816.6439       2958.7062       2284.2227       1865.1825       -2.4035944      -1.8315231      -1.5701803      -1.6944612     
0.78988889      2801.7602       2944.562        2274.8393       1861.404        -2.3854733      -1.8210925      -1.5549775      -1.6741054     
0.79133333      2786.6312       2930.0174       2265.216        1857.3206       -2.3723317      -1.8136945      -1.5430718      -1.6569472     
0.79277778      2771.4701       2915.2853       2255.4741       1853.2258       -2.3576627      -1.8004255      -1.526288       -1.635764      
0.79422222      2756.382        2900.4892       2245.6615       1849.1175       -2.367528       -1.8063788      -1.5262509      -1.6281373     
0.79566667      2741.39         2885.6684       2235.8209       1845.0223       -2.3806586      -1.8101938      -1.5247023      -1.6196151     
0.79711111      2726.3767       2870.7493       2225.9353       1840.9254       -2.3958287      -1.8145842      -1.5242502      -1.6126944     
0.79855556      2711.5164       2855.9201       2216.1494       1837.0674       -2.4148559      -1.8220642      -1.5276933      -1.6098702     
0.8             2696.9416       2841.2338       2206.3978       1832.9593       -2.4157061      -1.8101636      -1.512503       -1.5892562     
0.80153846      2677.8523       2820.5529       2193.1275       1826.8998       -2.4598838      -1.797979       -1.4994443      -1.5698841     
0.80307692      2663.7151       2806.271        2183.6073       1822.9561       -2.4715757      -1.8002845      -1.5012321      -1.5678804     
0.80461538      2651.5158       2793.6926       2174.9622       1819.4891       -2.4728749      -1.7851897      -1.4868836      -1.5525539     
0.80615385      2638.4004       2780.1912       2165.7671       1815.8129       -2.4833191      -1.7792403      -1.4825908      -1.5467522     
0.80769231      2626.3852       2767.3766       2156.9535       1812.3207       -2.4919015      -1.7668218      -1.4731154      -1.5368005     
0.80923077      2613.7195       2753.9718       2147.676        1808.5659       -2.4777962      -1.7332037      -1.4423201      -1.5043671     
0.81076923      2602.0934       2741.2803       2138.9206       1804.9659       -2.5072844      -1.7393904      -1.4510459      -1.5093359     
0.81230769      2590.7631       2728.8529       2130.261        1801.5123       -2.4970568      -1.7063232      -1.4205856      -1.4776488     
0.81384615      2579.6874       2716.6114       2121.6849       1797.9536       -2.4742136      -1.6661106      -1.3835144      -1.440289      
0.81538462      2569.6301       2705.2592       2113.7388       1794.8271       -2.4655751      -1.6416304      -1.3622971      -1.4179706     
0.81692308      2559.7564       2694.0541       2105.8399       1791.5817       -2.449279       -1.610514       -1.3338755      -1.3881316     
0.81846154      2551.4721       2684.2349       2098.8764       1788.7425       -2.4520296      -1.5933413      -1.3198873      -1.375854      
0.82            2542.2673       2673.5961       2091.2788       1785.5923       -2.4051309      -1.5305947      -1.2584554      -1.3145838     
0.82153846      2534.6065       2664.2937       2084.5935       1782.9494       -2.3697874      -1.4817427      -1.2126659      -1.2709284     
0.82307692      2526.7711       2654.866        2077.654        1780.0116       -2.3510634      -1.4521531      -1.18483        -1.2438306     
0.82461538      2519.9625       2646.3258       2071.3586       1777.3644       -2.34206        -1.4324404      -1.1666237      -1.2263961     
0.82615385      2513.5949       2638.2017       2065.2204       1774.7684       -2.3128164      -1.396385       -1.1320578      -1.1920691     
0.82769231      2508.4604       2631.1509       2059.7641       1772.4906       -2.2781012      -1.3563282      -1.0962398      -1.1593638     
0.82923077      2503.2862       2624.1308       2054.3235       1770.1711       -2.2270011      -1.3039809      -1.0455207      -1.1092148     
0.83076923      2499.0613       2617.961        2049.4148       1768.0554       -2.2338162      -1.3034896      -1.0436533      -1.1041762     
0.83230769      2495.1735       2612.1273       2044.6997       1765.9958       -2.1620119      -1.2402705      -0.98599968     -1.0501692     
0.83384615      2491.6488       2606.6586       2040.1856       1763.9855       -2.1105748      -1.1961         -0.94445641     -1.0091984     
0.83538462      2488.6313       2601.6663       2035.9627       1762.0757       -2.0542255      -1.1512741      -0.90432039     -0.97134579    
0.83692308      2486.0508       2597.09         2031.9729       1760.234        -1.9963761      -1.1080784      -0.86557164     -0.93473855    
0.83846154      2483.9508       2592.9679       2028.2446       1758.4515       -1.9211388      -1.054032       -0.81637342     -0.88687495    
0.84            2482.3401       2589.2996       2024.7825       1756.7386       -1.8525497      -1.0117077      -0.77895253     -0.8516179     
0.84153846      2481.2443       2585.933        2021.5188       1755.0853       -1.7768137      -0.96496944     -0.73690291     -0.8110602     
0.84307692      2480.6708       2583.0136       2018.5387       1753.5248       -1.6987438      -0.91757009     -0.69452599     -0.77053024    
0.84461538      2480.3368       2580.4015       2015.764        1752.0242       -1.6326243      -0.88509597     -0.66645346     -0.74223233    
0.84615385      2480.4418       2578.2267       2013.2664       1750.6125       -1.5618994      -0.84599385     -0.63285462     -0.71229807    
0.84769231      2480.6396       2576.1954       2010.8295       1749.1575       -1.5152566      -0.83595134     -0.62730765     -0.7072353     
0.84923077      2481.1337       2574.4856       2008.6171       1747.7757       -1.4358887      -0.79498514     -0.59125855     -0.67137348    
0.85076923      2481.7653       2572.9225       2006.4871       1746.4027       -1.340699       -0.73978207     -0.54118902     -0.62348321    
0.85230769      2482.6639       2571.6514       2004.5687       1745.1061       -1.2644723      -0.70595909     -0.51204947     -0.59540867    
0.85384615      2483.7752       2570.6227       2002.8118       1743.8366       -1.1768039      -0.66026698     -0.47072942     -0.55535519    
0.85538462      2485.0232       2569.7687       2001.1841       1742.6238       -1.0994042      -0.62474933     -0.43922646     -0.52505164    
0.85692308      2486.387        2569.0536       1999.7183       1741.4974       -1.0265795      -0.59273544     -0.41180124     -0.50034304    
0.85846154      2487.7972       2568.4286       1998.3492       1740.4466       -0.9531138      -0.55753451     -0.38029372     -0.47041975    
0.86            2489.3334       2567.991        1997.1258       1739.4596       -0.87883365     -0.51957862     -0.34603516     -0.43752388    
0.86153846      2490.9807       2567.6998       1996.0098       1738.5187       -0.81764684     -0.493852       -0.32309708     -0.41450263    
0.86307692      2492.8158       2567.5397       1994.9856       1737.5437       -0.74833336     -0.45871138     -0.29106096     -0.38341866    
0.86461538      2494.5208       2567.427        1994.095        1736.587        -0.70644056     -0.45040772     -0.28570218     -0.37838486    
0.86615385      2496.302        2567.4144       1993.2862       1735.6638       -0.66283809     -0.43938223     -0.27756789     -0.37025522    
0.86769231      2498.0337       2567.4537       1992.601        1734.8233       -0.59813643     -0.40486486     -0.24604279     -0.34044323    
0.86923077      2499.971        2567.7411       1992.1178       1734.1313       -0.52919829     -0.36421455     -0.20847564     -0.30367316    
0.87076923      2501.7604       2567.9551       1991.6232       1733.4074       -0.47019159     -0.33377836     -0.18093491     -0.27685924    
0.87230769      2503.5454       2568.2405       1991.245        1732.8204       -0.42256523     -0.31155293     -0.1605823      -0.25605452    
0.87384615      2504.863        2568.4799       1990.9007       1732.2776       -0.34948176     -0.26353016     -0.11604926     -0.21284139    
0.87538462      2505.8976       2568.7265       1990.6025       1731.784        -0.30010178     -0.2355721      -0.090966564    -0.18915341    
0.87692308      2506.8882       2568.9696       1990.3833       1731.3748       -0.28189698     -0.23188634     -0.087957982    -0.18650833    
0.87846154      2507.7874       2569.1852       1990.1955       1731.0838       -0.21648262     -0.18160704     -0.041367965    -0.14209227    
0.88            2508.6154       2569.3745       1990.0483       1730.8144       -0.18163931     -0.1541019      -0.014599419    -0.11592556    
0.88153846      2509.4465       2569.5982       1989.946        1730.6251       -0.13407143     -0.11206872     0.024600029     -0.07842416    
0.88307692      2509.954        2569.6047       1989.7816       1730.423        -0.11733252     -0.09379501     0.041863618     -0.06290354    
0.88461538      2510.2133       2569.4475       1989.5899       1730.243        -0.091257801    -0.066188141    0.067209982     -0.039917911   
0.88615385      2510.4688       2569.2592       1989.3954       1730.0632       -0.07348544     -0.043019188    0.090131399     -0.018097815   
0.88769231      2510.4809       2568.9343       1989.1644       1729.9164       -0.046525806    -0.0071250742   0.12534809      0.016010484    
0.88923077      2510.431        2568.5867       1989.0024       1729.8384       -0.017980761    0.034466768     0.16693921      0.054970756    
0.89076923      2509.9298       2567.8599       1988.5839       1729.6088       -0.023194588    0.042525052     0.17614296      0.063255284    
0.89230769      2509.3243       2567.0604       1988.2018       1729.4469       0.011610066     0.09393729      0.22704935      0.11028212     
0.89384615      2508.4554       2566.0648       1987.718        1729.241        0.007146604     0.11128469      0.24723465      0.13040734     
0.89538462      2507.377        2564.9036       1987.19         1729.0607       0.018055407     0.14369236      0.28074492      0.16294458     
0.89692308      2506.0817       2563.5703       1986.5745       1728.8502       0.02906843      0.17772137      0.31679686      0.19806651     
0.89846154      2504.6259       2562.0918       1985.919        1728.6653       0.021657071     0.19734482      0.33858783      0.21811822     
0.9             2502.9338       2560.4069       1985.1568       1728.4704       0.036497044     0.23921544      0.38284891      0.26077286     
0.90153846      2500.8943       2558.4371       1984.2595       1728.2242       0.040034826     0.27342292      0.42147429      0.29943005     
0.90307692      2498.4317       2556.1055       1983.172        1727.9263       0.039778336     0.30667214      0.45934519      0.33733076     
0.90461538      2495.5723       2553.4171       1981.9049       1727.5782       0.049222697     0.34722644      0.50480578      0.38296515     
0.90615385      2492.3792       2550.4357       1980.4862       1727.2029       0.054293437     0.38424554      0.54728678      0.42590943     
0.90769231      2488.8996       2547.1848       1978.9165       1726.7876       0.043901544     0.40865939      0.57739048      0.45603368     
0.90923077      2484.936        2543.5683       1977.1713       1726.3218       0.025849141     0.42745696      0.60428207      0.48665709     
0.91076923      2480.6895       2539.6487       1975.252        1725.7935       -0.0080712576   0.42921011      0.61405252      0.50031989     
0.91230769      2476.2072       2535.5077       1973.1946       1725.2102       -0.070192398    0.40211585      0.59360344      0.47963772     
0.91384615      2471.4744       2531.1346       1971.0033       1724.5586       -0.12755767     0.38123671      0.58073303      0.47024006     
0.91538462      2466.3928       2526.433        1968.6042       1723.8275       -0.12677313     0.41759447      0.62423856      0.51598356     
0.91692308      2460.895        2521.3527       1965.9916       1722.9928       -0.14391382     0.43130233      0.64265874      0.53527954     
0.91846154      2454.9968       2515.9135       1963.1687       1722.0569       -0.17868422     0.43028509      0.65080681      0.5465872      
0.92            2449.089        2510.4246       1960.2623       1721.1049       -0.19475503     0.44156735      0.66826942      0.5660213      
0.92153846      2442.5904       2504.3918       1957.0959       1719.9749       -0.21547688     0.45623219      0.69314591      0.59287059     
0.92307692      2436.2464       2498.4496       1953.8931       1718.9055       -0.2188267      0.47739623      0.71983296      0.62111419     
0.92461538      2429.1806       2491.8601       1950.3609       1717.6487       -0.24038253     0.48747491      0.73962068      0.64525976     
0.92615385      2421.9658       2485.1015       1946.6825       1716.3426       -0.23596996     0.51004315      0.76658197      0.67344393     
0.92769231      2414.5556       2478.1434       1942.8716       1714.9914       -0.24068275     0.52551616      0.7877429       0.69664024     
0.92923077      2406.703        2470.7755       1938.8159       1713.5045       -0.25326176     0.52989771      0.79897625      0.70985685     
0.93076923      2398.6723       2463.2129       1934.6495       1711.9871       -0.25476593     0.54700519      0.82399475      0.73737456     
0.93230769      2390.3754       2455.3697       1930.3031       1710.3798       -0.26483581     0.55654468      0.84114222      0.75614695     
0.93384615      2381.9383       2447.3427       1925.8018       1708.7296       -0.25814158     0.57770993      0.86869702      0.78512571     
0.93538462      2373.2846       2439.1047       1921.1719       1707.0259       -0.26212287     0.58579662      0.88214304      0.79880346     
0.93692308      2364.4834       2430.7236       1916.4176       1705.2899       -0.25985731     0.59547603      0.89668561      0.81428535     
0.93846154      2355.6143       2422.2333       1911.5936       1703.557        -0.24898506     0.61119496      0.91755425      0.83611677     
0.94            2346.5389       2413.5404       1906.6375       1701.7947       -0.21514727     0.64323261      0.95364354      0.87348186     
0.94166667      2332.0347       2398.4813       1898.0074       1697.9014       -0.1609221      0.70588179      1.0155444       0.93354646     
0.94333333      2323.1665       2390.1311       1893.2675       1696.2843       -0.10828655     0.75273525      1.0657908       0.9840112      
0.945           2314.643        2382.161        1888.669        1694.9014       -0.069015399    0.77564797      1.094222        1.0145386      
0.94666667      2305.9559       2373.8404       1883.7762       1693.3915       -0.028614985    0.7967633       1.1178875       1.039071       
0.94833333      2296.8537       2365.0056       1878.4916       1691.7498       -0.0055944871   0.79520395      1.1197536       1.0415884      
0.95            2288.1039       2356.3313       1873.2683       1690.0684       0.032325758     0.81081082      1.1372401       1.0616121      
0.95166667      2278.6761       2347.0264       1867.6077       1688.3252       0.10759779      0.85254466      1.1790365       1.1024371      
0.95333333      2269.9294       2338.2216       1862.2271       1686.6019       0.15700871      0.87179869      1.19729         1.1195327      
0.955           2260.9909       2329.2264       1856.6731       1684.9104       0.2552651       0.93013169      1.2547603       1.1758013      
0.95666667      2252.0957       2320.2076       1851.1092       1683.189        0.35568453      0.98836545      1.3110017       1.231726       
0.95833333      2243.3125       2311.2752       1845.4735       1681.4622       0.44810883      1.0370064       1.3578658       1.2785973      
0.96            2234.7649       2302.5283       1839.9761       1679.7916       0.52802053      1.0729721       1.3923356       1.3124492      
0.96181818      2221.2633       2287.8179       1830.9655       1676.0062       0.60918572      1.1283621       1.4394746       1.3552657      
0.96363636      2213.315        2279.7911       1825.7743       1674.5102       0.68761475      1.1584037       1.4669275       1.3823543      
0.96545455      2206.2966       2272.668        1820.9872       1673.2961       0.75806409      1.178671        1.4859045       1.4024634      
0.96727273      2199.2391       2265.3522       1815.9869       1671.9532       0.8493371       1.2171689       1.5199032       1.435199       
0.96909091      2192.3051       2258.0104       1810.8751       1670.5494       0.93678782      1.2594935       1.5589609       1.4747331      
0.97090909      2185.6595       2250.8276       1805.7708       1669.1317       1.0169302       1.295472        1.5905203       1.5051742      
0.97272727      2179.2          2243.7678       1800.7067       1667.7088       1.1006137       1.3401988       1.6310839       1.5445176      
0.97454545      2172.9889       2236.8958       1795.6794       1666.2649       1.1590872       1.3641824       1.6506798       1.5639814      
0.97636364      2166.8901       2229.9852       1790.6854       1664.8848       1.2531929       1.4312112       1.7122214       1.6216153      
0.97818182      2161.6887       2223.9259       1785.9815       1663.656        1.3364304       1.4941742       1.7686479       1.6725765      
0.98            2156.5478       2217.9528       1781.3024       1662.388        1.4606457       1.6075098       1.8754242       1.7649377      
0.98181818      2152.2036       2212.6918       1777.0548       1661.2636       1.559354        1.6983091       1.9595202       1.8397163      
0.98363636      2147.9502       2207.5673       1772.8706       1660.1019       1.5939203       1.7308964       1.9886799       1.8673601      
0.98545455      2144.3868       2203.1079       1769.2704       1659.1534       1.6221867       1.7646756       2.0200893       1.8957063      
0.98727273      2140.577        2198.4365       1765.6176       1658.1267       1.660064        1.8105711       2.062902        1.9370017      
0.98909091      2137.4563       2194.5413       1762.564        1657.3775       1.6956179       1.8596542       2.1089884       1.9781934      
0.99090909      2134.6017       2190.91         1759.8113       1656.6795       1.7212962       1.9047412       2.1501429       2.0140077      
0.99272727      2132.2807       2187.8515       1757.5593       1656.1646       1.7449705       1.9520065       2.192463        2.0488539      
0.99454545      2130.2845       2185.1268       1755.6604       1655.8001       1.7521657       1.9890297       2.2252412       2.073489       
0.99636364      2128.5247       2182.6872       1754.0239       1655.5215       1.80076         2.0700079       2.2999601       2.1346887      
0.99818182      2126.9392       2180.4498       1752.6363       1655.3368       1.8725693       2.1777372       2.4024109       2.2201093      
1               2125.5883       2178.4621       1751.4708       1655.1405       1.8928489       2.2342774       2.4648394       2.2735849      
1.0018182       2124.42         2176.6747       1750.491        1655.0053       1.8852125       2.2668188       2.50645         2.3101309      
1.0036364       2123.2447       2174.9041       1749.5059       1654.7212       1.9072044       2.3197142       2.5576382       2.3528014      
1.0054545       2122.1598       2173.236        1748.6062       1654.4701       1.9262637       2.3675034       2.5952532       2.3757248      
1.0072727       2121.1323       2171.6356       1747.7229       1654.0978       1.946642        2.4243413       2.6467098       2.4133594      
1.0090909       2120.1377       2170.0934       1746.8805       1653.687        1.9832381       2.4952121       2.718447        2.4719624      
1.0109091       2119.2184       2168.6335       1746.073        1653.1944       2.0034254       2.5445122       2.7643572       2.503889       
1.0127273       2118.2475       2167.1252       1745.2346       1652.6061       2.0440213       2.6093427       2.8239911       2.5467446      
1.0145455       2117.3805       2165.7424       1744.4552       1651.9795       2.0960998       2.682718        2.8926455       2.5976386      
1.0163636       2116.5653       2164.4799       1743.9216       1651.4163       2.1603799       2.764448        2.9692675       2.6577315      
1.0181818       2116.2454       2163.7412       1743.8282       1651.0003       2.2294308       2.8411266       3.0368791       2.6963874      
1.02            2115.6142       2162.7359       1743.6199       1650.5425       2.277645        2.8981416       3.0881334       2.7269365      
1.0218182       2114.9853       2161.7847       1743.5659       1650.2669       2.391876        3.0158481       3.191286        2.7977371      
1.0236364       2114.2875       2160.7753       1743.4893       1649.9895       2.451826        3.0806953       3.2492433       2.826101       
1.0254545       2113.454        2159.6781       1743.4594       1649.8252       2.5841771       3.2113903       3.3631587       2.917244       
1.0272727       2112.7096       2158.675        1743.5479       1649.7398       2.6688577       3.3043311       3.4492112       2.9863584      
1.0290909       2111.7043       2157.4803       1743.6209       1649.6314       2.8361734       3.4583804       3.5739328       3.0634137      
1.0309091       2110.6749       2156.2623       1743.7047       1649.7246       2.9534071       3.5757016       3.6799852       3.1330161      
1.0327273       2109.5177       2155.067        1744.2235       1649.9589       3.1250996       3.7405711       3.8156537       3.2261749      
1.0345455       2108.2523       2153.6615       1744.3341       1650.0455       3.2291235       3.8456278       3.9040023       3.2879584      
1.0363636       2106.6798       2152.0335       1744.4291       1650.0323       3.3720784       3.9790702       4.0107418       3.3486845      
1.0381818       2105.1652       2150.4495       1744.5671       1650.2543       3.5106143       4.114373        4.1238771       3.4152199      
1.04            2103.4049       2148.6484       1744.7044       1650.4874       3.6720054       4.2709753       4.2452204       3.4867902      
1.0418182       2101.4851       2146.6798       1744.6243       1650.6759       3.8684128       4.4621803       4.393276        3.5784136      
1.0436364       2099.3957       2144.5505       1744.4481       1650.7791       3.9842245       4.5915274       4.5038051       3.6370226      
1.0454545       2097.1647       2142.2819       1744.1617       1650.9583       4.1853345       4.7942325       4.6667203       3.7368525      
1.0472727       2094.7442       2139.8204       1743.7314       1651.0925       4.3942123       5.0031371       4.8331517       3.8257954      
1.0490909       2092.1794       2137.2368       1743.2387       1651.2429       4.6064576       5.218992        4.9795448       3.9092403      
1.0509091       2089.4612       2134.521        1742.6621       1651.4487       4.8256383       5.4449678       5.1414979       3.9960911      
1.0527273       2086.6181       2131.693        1742.104        1651.7632       5.0648967       5.6917896       5.3196778       4.0924914      
1.0545455       2083.5807       2128.6795       1741.3854       1652.0369       5.3121069       5.9618324       5.5152231       4.2004986      
1.0563636       2080.4004       2125.5032       1740.5754       1652.3655       5.5412425       6.2169458       5.6793465       4.2736532      
1.0581818       2077.0572       2122.151        1739.6033       1652.3894       5.8092868       6.5126012       5.8803068       4.3700408      
1.06            2073.4682       2118.5488       1738.4532       1652.4717       6.1553324       6.8863406       6.1398267       4.5025112      
1.0618182       2069.7144       2114.8416       1737.3134       1652.7218       6.4067718       7.1908402       6.3475321       4.6006342      
1.0636364       2065.795        2110.9359       1736.0801       1653.0344       6.7185571       7.5543013       6.5718183       4.6890499      
1.0654545       2061.6853       2106.8523       1734.7115       1653.4117       7.0892429       7.9817491       6.8419353       4.8059493      
1.0672727       2057.5353       2102.72         1733.3449       1653.7921       7.5213377       8.4762482       7.1466134       4.9521868      
1.0690909       2053.116        2098.3417       1731.8053       1654.1095       7.9475683       8.9704516       7.456038        5.0879958      
1.0709091       2048.5694       2093.8106       1730.1184       1654.2487       8.3817419       9.4670437       7.7481211       5.1891645      
1.0727273       2043.7085       2088.9607       1728.2228       1654.3246       8.8564711       10.034654       8.0791699       5.3015354      
1.0745455       2038.794        2084.071        1726.344        1654.5432       9.3081349       10.601593       8.4001137       5.3955156      
1.0763636       2033.6738       2078.9397       1724.2735       1654.601        9.9116201       11.326001       8.8259676       5.5562617      
1.0781818       2028.371        2073.6931       1722.1704       1654.8519       10.421113       11.99307        9.1907988       5.656067       
1.08            2022.9911       2068.2789       1719.9904       1655.1793       11.16064        12.877136       9.7205541       5.8594551      
1.0818182       2017.3641       2062.686        1717.6164       1655.3923       11.870094       13.739304       10.189888       6.0071546      
1.0836364       2011.6054       2056.8545       1715.1914       1655.644        12.768777       14.755602       10.758398       6.1932569      
1.0854545       2005.8298       2051.091        1712.6956       1655.9381       13.714655       15.829768       11.345287       6.3581168      
1.0872727       1999.8177       2044.9986       1710.0924       1656.3019       14.830321       17.096464       12.064071       6.608982       
1.0890909       1993.7968       2038.958        1707.4789       1656.7169       15.984759       18.421449       12.794323       6.82404        
1.0909091       1987.6665       2032.7497       1704.8092       1657.1702       17.306549       19.91075        13.630641       7.0873885      
1.0927273       1981.4255       2026.4527       1702.0383       1657.6369       18.766445       21.533691       14.535769       7.3609774      
1.0945455       1975.0426       2019.9667       1699.0609       1657.9258       20.315984       23.250858       15.484211       7.6190723      
1.0963636       1968.6831       2013.4927       1696.1727       1658.4417       22.070079       25.13206        16.527869       7.9042632      
1.0981818       1962.4412       2007.1475       1693.2763       1659.0283       24.107403       27.259566       17.754298       8.2833784      
1.1             1955.896        2000.3913       1690.1412       1659.3199       26.079798       29.605335       19.063151       8.6770553      
1.1018182       1949.6595       1994.0293       1687.1568       1659.8932       28.39078        32.136601       20.523906       9.1255585      
1.1036364       1943.1921       1987.3129       1684.0633       1660.4562       30.921631       34.832865       22.09223        9.6170873      
1.1054545       1936.9212       1980.8407       1681.0352       1661.2271       33.804847       37.83996        23.862836       10.187907      
1.1072727       1930.5975       1974.2758       1677.9764       1661.9838       36.881078       41.048676       25.778136       10.824276      
1.1090909       1924.363        1967.7619       1674.8913       1662.7737       40.233111       44.5233         27.884479       11.549268      
1.1109091       1918.1866       1961.3196       1671.9082       1663.8249       43.948821       48.329911       30.206893       12.372253      
1.1127273       1912.1175       1954.9448       1668.928        1664.9157       47.865338       52.359289       32.676744       13.236718      
1.1145455       1906.1155       1948.6316       1665.959        1666.1008       52.153963       56.770105       35.376902       14.225866      
1.1163636       1900.2069       1942.3724       1663.0022       1667.3902       56.826844       61.573385       38.293806       15.31454       
1.1181818       1894.4254       1936.2545       1660.0609       1668.6309       61.879941       66.787064       41.4917         16.601794      
1.12            1888.8883       1930.3741       1657.4397       1670.5155       67.420828       72.454515       44.942009       17.98407       
1.1216667       1887.7881       1929.5411       1657.7753       1674.7551       72.512475       77.606432       48.209485       19.346563      
1.1233333       1882.4131       1923.5588       1654.8721       1676.3198       78.487815       83.471988       51.831663       20.853487      
1.125           1876.327        1916.8099       1651.4623       1677.5392       84.744563       89.442905       55.597992       22.456692      
1.1266667       1870.8222       1910.8691       1648.6562       1679.3856       91.656182       96.124188       59.80286        24.249953      
1.1283333       1865.7301       1905.4158       1646.2682       1681.7587       98.892674       103.1941        64.204187       26.119878      
1.13            1861.0091       1900.3507       1644.0257       1684.0851       106.34484       110.61271       68.814604       28.09966       
1.1316667       1856.4609       1895.4672       1641.8268       1686.5195       114.21062       118.3682        73.668225       30.240855      
1.1333333       1852.2125       1890.8767       1639.8045       1689.1928       122.48726       126.54057       78.801191       32.542556      
1.135           1848.1986       1886.5229       1637.926        1692.0399       131.23577       135.20794       84.186813       34.903398      
1.1366667       1844.2972       1882.2902       1636.0909       1695.0061       140.35652       144.24729       89.780105       37.396187      
1.1383333       1840.4982       1878.1495       1634.2526       1697.9574       149.75025       153.47429       95.534905       39.978398      
1.14            1836.9881       1874.3245       1632.653        1701.1076       159.54493       163.06558       101.49          42.643502      
1.1413333       1845.4973       1883.9169       1638.7073       1709.7627       164.78861       168.32835       105.33708       44.836098      
1.1426667       1841.4546       1878.951        1636.1502       1711.7996       174.69243       177.78674       111.22926       47.250022      
1.144           1836.0863       1872.5574       1632.6133       1712.8642       183.0538        185.66097       116.29067       49.541769      
1.1453333       1831.1977       1867.253        1630.0884       1714.9201       192.89309       194.9867        122.22391       52.021028      
1.1466667       1827.1392       1862.9093       1628.183        1717.4788       202.76278       204.3124        128.17355       54.611274      
1.1478788       1828.8722       1864.9506       1630.0364       1722.7724       210.72101       212.03156       133.42999       57.167269      
1.1490909       1825.5525       1861.1034       1628.2737       1725.0103       221.122         221.74411       139.59996       59.832278      
1.150303        1821.8033       1856.9053       1626.3696       1727.1983       231.0143        231.0479        145.49343       62.507054      
1.1515152       1818.5013       1853.3779       1624.9555       1729.5885       241.13872       240.62487       151.37594       64.897605      
1.1527273       1815.8034       1850.4983       1624.0205       1732.5936       251.95943       250.70523       157.61777       67.327426      
1.1539394       1813.4191       1848.0356       1623.5631       1736.0443       263.0138        261.1437        164.00274       69.845181      
1.1551515       1811.4637       1846.0319       1623.5451       1739.8147       274.14513       271.71628       170.37047       72.133035      
1.1563636       1809.6372       1844.1144       1623.2994       1743.3548       286.2694        283.2672        177.33316       74.536631      
1.1575758       1807.9735       1842.3639       1623.2689       1747.2296       298.75206       295.22732       184.63          77.268636      
1.1587879       1806.6162       1841.0408       1623.794        1750.9601       312.06326       307.80315       192.24805       80.139521      
1.16            1805.4306       1839.8985       1624.5019       1755.033        325.87253       320.99335       200.46964       83.339703      
1.1611765       1805.6593       1840.2321       1625.8241       1760.3897       339.61429       334.02674       208.79597       86.694399      
1.1623529       1804.364        1838.8256       1626.2444       1764.1451       354.64661       348.16857       217.62576       90.2681        
1.1635294       1803.2904       1837.9166       1628.244        1770.0179       370.54315       362.92109       226.60168       94.269452      
1.1647059       1802.2664       1837.0817       1629.9379       1775.5928       386.11381       377.60278       235.36703       98.347558      
1.1658824       1801.1573       1836.0779       1631.2762       1781.3696       403.06991       393.61774       245.18184       103.23246      
1.1670588       1800.5388       1835.7892       1634.1087       1788.1056       420.96788       410.36227       255.02058       108.70436      
1.1682353       1799.7724       1835.3195       1636.7766       1795.2675       439.86554       428.12064       265.21849       114.72845      
1.1694118       1798.8386       1834.5229       1638.1069       1801.1746       458.20409       445.78217       275.24831       120.99664      
1.1705882       1797.9879       1833.6461       1638.937        1807.2052       478.62597       465.6329        285.80228       128.77292      
1.1717647       1797.2167       1833            1640.5729       1813.9165       498.83281       485.72663       296.0769        135.78132      
1.1729412       1796.5064       1832.3895       1642.2459       1820.8848       520.17471       507.53947       306.55777       142.57503      
1.1741176       1795.9672       1832.0631       1644.5014       1828.5194       542.02484       530.71661       317.3591        148.77695      
1.1752941       1795.2121       1831.4971       1646.5949       1837.1177       564.89937       555.7787        328.37527       155.60624      
1.1764706       1794.5599       1831.1737       1648.9927       1843.7287       588.42686       583.04866       339.92592       162.42594      
1.1776471       1793.7595       1830.47         1650.2313       1850.1724       612.41609       612.63593       351.96996       169.96696      
1.1788235       1793.1675       1830.0876       1652.5614       1857.9539       637.35926       644.91768       363.73297       178.05671      
1.18            1792.5396       1829.6722       1654.8575       1865.6569       661.84538       680.71661       375.66856       186.77246      
1.1811111       1794.8886       1832.444        1658.8153       1874.7391       684.68787       717.18383       387.07034       195.77076      
1.1822222       1794.0315       1831.6676       1660.9246       1883.2184       711.49257       758.42524       400.37338       205.3183       
1.1833333       1792.7555       1830.4162       1662.5534       1890.8206       735.89509       800.64955       414.00206       215.92736      
1.1844444       1791.5769       1829.5204       1664.7203       1898.4457       760.37117       843.22216       425.93176       224.95105      
1.1855556       1790.6384       1828.8893       1667.1265       1906.1305       783.34929       889.13196       439.65045       234.74115      
1.1866667       1789.9636       1828.5442       1669.8033       1913.6127       805.25825       937.36941       454.29306       244.60822      
1.1877778       1789.0455       1827.7301       1671.3499       1920.4525       826.79854       987.55542       470.4682        254.62561      
1.1888889       1788.0199       1826.7998       1672.3757       1926.486        845.78269       1037.2095       486.11852       263.72025      
1.19            1786.8124       1825.5624       1672.6875       1931.9931       862.22981       1086.4542       503.5184        272.19775      
1.1911111       1786.1883       1825.1708       1674.7269       1936.8275       879.7706        1138.7397       523.14984       279.61884      
1.1922222       1785.2614       1824.3847       1675.5979       1941.9285       892.91939       1189.389        543.59508       284.36185      
1.1933333       1784.3296       1823.6277       1677.1354       1946.7956       905.20228       1238.2833       565.7145        286.03657      
1.1944444       1783.4252       1822.9129       1678.8949       1951.8065       915.59694       1288.4629       591.21891       284.31727      
1.1955556       1782.1937       1821.7768       1679.6402       1955.3495       923.65989       1341.7177       620.69794       281.44765      
1.1966667       1780.5356       1820.136        1679.7136       1957.374        929.38037       1396.0431       652.29326       281.91277      
1.1977778       1778.8331       1818.3879       1679.2971       1958.7725       935.28725       1449.699        688.76924       297.53011      
1.1988889       1777.8119       1817.4153       1679.8824       1960.8399       940.20824       1501.4551       724.30309       305.99281      
1.2             1776.4823       1816.1154       1680.0196       1962.0493       942.79036       1572.166        767.62355       318.8309       
1.2011765       1772.2765       1811.7897       1678.4994       1962.0123       943.13731       1642.9029       808.91105       318.85869      
1.2023529       1770.4101       1809.9684       1677.6528       1961.8559       941.85914       1699.3734       858.06527       327.47461      
1.2035294       1769.3542       1808.886        1677.3113       1962.2913       942.64824       1761.2799       918.08439       331.97189      
1.2047059       1768.2614       1807.8167       1677.2751       1961.9451       940.05839       1801.4169       985.40548       336.83592      
1.2058824       1767.0509       1806.5974       1676.8644       1960.7591       935.67899       1839.7048       1055.5334       339.6541       
1.2070588       1765.588        1805.0878       1676.3413       1960.4894       933.70122       1870.0457       1146.6735       358.44686      
1.2082353       1763.7756       1803.169        1675.1473       1958.5164       929.0925        1887.5868       1237.7065       356.67794      
1.2094118       1761.759        1800.9934       1673.6431       1955.6867       923.21396       1904.0145       1349.3844       367.94457      
1.2105882       1759.9005       1799.0238       1672.2583       1952.4311       915.21637       1916.4257       1458.8008       365.24695      
1.2117647       1757.9997       1796.9495       1670.7906       1949.189        908.2724        1929.1639       1596.7574       371.76562      
1.2129412       1756.017        1794.9007       1669.4087       1946.4737       901.52649       1940.8639       1744.724        364.47291      
1.2141176       1754.0991       1792.8969       1668.3157       1943.7271       896.44733       1956.7507       1888.2612       350.82552      
1.2152941       1752.2237       1790.8602       1666.7007       1939.9141       887.32514       1962.1497       2027.2684       338.11748      
1.2164706       1750.4946       1788.9922       1665.3896       1936.7606       880.78092       1962.2991       2165.4485       331.69841      
1.2176471       1748.6244       1787.0173       1664.0307       1933.9581       874.1798        1962.4708       2294.9262       327.79828      
1.2188235       1746.5219       1784.7606       1662.4254       1930.9889       868.21326       1963.4054       2418.2124       329.90661      
1.22            1744.2707       1782.34         1660.4363       1927.4869       862.09758       1967.3816       2512.8353       345.04732      
1.22125         1739.2607       1776.981        1657.0727       1922.5291       853.67591       1964.5893       2587.237        384.53978      
1.2225          1737.1054       1774.9095       1655.8757       1919.0755       847.9456        1960.7347       2636.3455       426.47734      
1.2238462       1732.4902       1770.0367       1652.3764       1913.0925       838.29886       1951.0791       2669.4556       486.09638      
1.2251923       1730.7695       1768.4326       1651.0369       1908.9136       832.07197       1941.9867       2668.3356       554.06964      
1.2264263       1733.1161       1770.9317       1651.8517       1906.6493       828.4986        1940.007        2652.5817       629.87376      
1.2276603       1731.7367       1769.1332       1650.2177       1903.08         823.66887       1931.8831       2629.6451       718.63776      
1.2288942       1729.0084       1766.0429       1647.734        1898.6098       817.70141       1920.4146       2596.0369       827.64387      
1.2302825       1721.8748       1758.4309       1643.3814       1892.6735       810.48321       1903.4878       2549.8222       977.74515      
1.2316707       1719.6736       1756.3094       1641.8561       1889.5483       808.78784       1890.7311       2510.5435       1177.0613      
1.2330589       1718.5484       1755.2333       1641.085        1887.0542       808.40588       1882.8839       2472.8137       1420.552       
1.2344471       1717.0336       1753.5449       1639.5202       1883.2642       806.26252       1871.6065       2430.5412       1713.3711      
1.2358353       1715.3776       1751.7103       1638.0036       1880.0442       805.6676        1862.4606       2392.0806       1968.4615      
1.2372236       1713.7378       1749.8691       1636.7855       1877.4755       805.1923        1852.1294       2352.5458       2126.4971      
1.2386118       1711.9294       1747.8725       1635.5413       1874.6381       805.15454       1842.7976       2315.2454       2172.0639      
1.24            1709.9282       1745.6502       1633.9865       1871.5413       805.63944       1834.1554       2278.9934       2140.7618      
1.2414286       1706.605        1742.027        1631.6074       1868.0869       806.20255       1826.4209       2243.518        2116.4646      
1.2428571       1704.4246       1739.7027       1630.1124       1865.4537       808.49656       1821.4326       2211.0296       2075.2846      
1.2442857       1702.6283       1737.7384       1628.9572       1863.2972       811.65067       1818.7556       2180.3128       2031.9987      
1.2457143       1700.752        1735.6486       1627.7699       1861.3231       815.61039       1817.9731       2151.982        1990.9063      
1.2473016       1695.0977       1729.6106       1624.6845       1857.7995       818.09999       1813.7357       2115.5565       1950.3615      
1.2488889       1693.0098       1727.5718       1623.757        1856.3489       824.67266       1813.9017       2076.8993       1918.673       
1.2504762       1692.0856       1726.5594       1623.4096       1855.1643       831.86561       1817.3821       2035.3554       1891.662       
1.2520635       1690.9094       1725.1749       1622.8431       1853.8166       838.83955       1819.9408       1992.5175       1868.0018      
1.2536508       1689.3908       1723.3809       1621.9347       1852.1269       845.51488       1822.4709       1951.7794       1846.2944      
1.2552381       1687.3503       1721.0608       1620.7543       1850.6184       853.87835       1825.5655       1913.9568       1827.7142      
1.2568254       1685.4706       1718.9811       1620.1081       1849.569        862.35635       1829.6463       1879.0126       1810.6385      
1.2584127       1683.8084       1717.1041       1619.5668       1848.418        870.82881       1833.6836       1846.2025       1795.7048      
1.26            1681.9045       1714.9215       1618.6397       1846.8781       878.93825       1837.2079       1815.122        1781.3199      
1.2616667       1678.7742       1711.5599       1617.8446       1845.6587       886.98476       1840.6443       1784.8171       1766.5119      
1.2628889       1688.4071       1721.3797       1622.1561       1847.5269       898.99646       1851.9826       1772.1033       1763.9966      
1.2641111       1687.1457       1718.9555       1620.5173       1845.1878       904.39414       1854.4948       1751.1132       1755.2589      
1.2653333       1682.7085       1713.8035       1618.1054       1843.2805       909.35511       1854.2346       1727.4687       1745.6803      
1.2665556       1678.5861       1709.4334       1616.461        1842.0835       915.3265        1855.0244       1705.1691       1736.3789      
1.2677778       1675.1725       1705.835        1615.0455       1841.0053       921.42212       1856.6894       1683.283        1727.6085      
1.269           1672.4078       1702.9752       1614.159        1840.2033       927.87114       1859.2131       1662.4425       1718.8336      
1.2702222       1670.4933       1700.8266       1613.0853       1838.0684       933.96343       1862.1133       1643.1901       1710.2016      
1.2714444       1668.3818       1698.5508       1612.1462       1836.69         940.52115       1865.5915       1625.8823       1702.6393      
1.2726667       1667.1859       1697.193        1612.0655       1835.9412       947.1149        1869.5109       1609.449        1695.9057      
1.2738889       1665.4892       1695.271        1611.0617       1834.3803       953.69645       1873.7396       1594.057        1688.8074      
1.2751111       1663.8196       1693.3183       1609.9819       1832.732        960.20346       1877.6677       1578.8583       1682.3394      
1.2763333       1662.0762       1691.3132       1608.827        1830.8585       966.19873       1881.6935       1563.8831       1675.7437      
1.2775556       1660.7539       1689.7727       1608.2414       1829.5754       972.71461       1885.8402       1548.7089       1670.2316      
1.2787778       1659.3003       1688.0646       1607.3487       1828.0029       978.85115       1889.2826       1532.2667       1664.7274      
1.28            1658.158        1686.6571       1606.675        1826.345        985.26176       1893.6535       1515.7033       1659.6885      
1.28125         1656.0528       1684.3224       1605.6314       1824.5988       991.17224       1897.2741       1497.1347       1655.0527      
1.2825          1654.5739       1682.6287       1604.7051       1822.9707       998.29254       1902.8334       1479.822        1651.298       
1.28375         1653.5043       1681.2689       1603.7602       1820.9487       1003.8637       1905.9073       1470.1357       1646.873       
1.285           1652.4384       1679.8677       1602.6992       1818.6725       1009.608        1909.9808       1467.8518       1643.2156      
1.28625         1651.9399       1678.9945       1602.1146       1816.5944       1015.2972       1913.7005       1467.8682       1640.1125      
1.2875          1652.1385       1678.7137       1601.8986       1814.7178       1021.2549       1917.0931       1469.8602       1636.0168      
1.28875         1651.0648       1677.2285       1600.8166       1812.4312       1027.2845       1920.9588       1472.4865       1632.4001      
1.29            1648.0799       1674.1363       1598.8491       1809.7548       1032.3251       1925.3924       1475.4726       1629.0387      
1.29125         1647.2136       1672.9437       1598.1852       1807.939        1038.0692       1929.7153       1478.3002       1625.479       
1.2927083       1641.5951       1667.2828       1595.8413       1805.3289       1042.1701       1930.893        1478.2974       1619.988       
1.2941667       1640.2854       1665.9481       1595.0856       1803.1062       1049.4948       1935.0314       1481.1123       1615.9814      
1.295625        1640.669        1666.0672       1594.6948       1801.2089       1057.1213       1940.5897       1485.3462       1612.4706      
1.2970833       1640.6167       1665.589        1593.9326       1798.4138       1063.7759       1943.5131       1486.9526       1606.12        
1.2985417       1640.4947       1664.9919       1592.932        1795.4472       1070.1943       1941.5576       1488.5335       1599.7995      
1.3             1639.8205       1663.8333       1591.7937       1792.4795       1076.4923       1935.6253       1490.0345       1593.12        
1.3015385       1637.3834       1661.0526       1590.1861       1789.462        1081.9605       1926.5307       1488.1302       1585.4196      
1.3030769       1636.3272       1659.638        1588.9172       1786.3517       1088.5404       1917.7574       1486.015        1577.3802      
1.3046154       1635.6627       1658.5187       1587.6718       1783.221        1095.0336       1909.2677       1485.6626       1569.304       
1.3061538       1635.0147       1657.4048       1586.5687       1780.1871       1101.5201       1899.838        1485.1833       1560.7316      
1.3076923       1634.0074       1655.9037       1585.1135       1776.8597       1107.8011       1889.7096       1484.1373       1552.1194      
1.3092308       1632.9536       1654.3506       1583.6192       1773.4892       1113.8824       1879.1555       1482.1704       1543.3381      
1.3107692       1631.9249       1652.8246       1582.1869       1770.2908       1119.8975       1868.3965       1479.8766       1534.8918      
1.3123077       1630.7475       1651.1393       1580.1183       1766.827        1125.5701       1857.8284       1476.6459       1526.1254      
1.3138462       1629.5289       1649.3505       1578.4349       1763.3217       1131.1192       1846.8149       1469.038        1516.8616      
1.3153846       1628.1033       1647.4695       1576.6681       1759.7101       1136.4363       1841.5243       1455.4615       1507.5182      
1.3169231       1626.7635       1645.635        1574.8108       1755.9023       1141.3997       1837.3947       1441.5591       1498.1359      
1.3184615       1625.5572       1643.9645       1573.177        1752.3747       1146.5253       1834.6367       1430.1177       1489.1194      
1.32            1624.2088       1642.1756       1571.4375       1748.7944       1151.6431       1832.2611       1420.6582       1480.4431      
1.3215385       1622.8729       1640.3532       1569.5947       1745.2639       1156.9432       1830.4599       1413.9247       1472.2052      
1.3230769       1621.2382       1638.2351       1567.41         1741.2803       1161.5248       1827.3135       1410.1699       1463.5594      
1.3246154       1619.5906       1636.1663       1565.3423       1737.5282       1166.4571       1824.4077       1410.2659       1455.0758      
1.3263248       1615.922        1632.2851       1563.0175       1733.4894       1169.8889       1818.1734       1413.6475       1444.9127      
1.3280342       1613.9511       1630.2168       1560.6571       1729.2466       1175.7814       1814.1871       1421.2231       1434.5881      
1.3297436       1613.4309       1628.6396       1558.402        1724.8555       1182.078        1811.5179       1429.838        1424.8768      
1.331453        1612.0194       1626.554        1555.7853       1720.2126       1187.7273       1808.155        1438.6904       1414.4402      
1.3331624       1610.892        1624.7796       1553.6563       1716.0507       1193.7064       1804.1904       1433.9035       1404.3819      
1.3348718       1609.3189       1622.5776       1551.1529       1711.5157       1199.6217       1799.5911       1425.8074       1394.0211      
1.3365812       1606.9601       1619.6367       1548.1149       1706.8828       1205.7723       1795.0961       1420.9073       1383.3544      
1.3382906       1604.845        1616.9124       1545.1797       1702.1554       1212.2249       1789.9689       1419.4152       1372.4264      
1.34            1602.8926       1614.2943       1542.2145       1697.5061       1219.3499       1782.8107       1422.1358       1360.9916      
1.3416667       1602.1638       1612.7227       1539.6542       1693.0384       1227.2357       1775.8566       1428.7822       1349.6379      
1.3433333       1600.5955       1610.4441       1536.9658       1688.5488       1234.4475       1768.705        1439.2176       1338.5478      
1.345           1598.9518       1607.6863       1534.124        1684.0265       1241.124        1761.2843       1452.4233       1326.8125      
1.3466667       1595.4707       1604.1751       1530.9172       1679.5724       1248.2179       1754.3244       1467.0868       1314.8209      
1.3483333       1592.3881       1600.5289       1527.3132       1674.6642       1255.1778       1747.4314       1482.902        1302.6738      
1.35            1589.6149       1597.1433       1523.7515       1669.8997       1262.0976       1741.3162       1499.0684       1296.0954      
1.3516667       1586.1727       1593.1793       1519.5752       1664.6523       1268.6003       1734.8831       1515.2373       1289.8117      
1.3533333       1584.2607       1590.6407       1516.9894       1660.7057       1275.8583       1728.6805       1531.3117       1283.3224      
1.355           1582.3134       1587.9165       1513.5989       1655.7267       1282.5299       1722.3083       1547.1739       1276.5031      
1.3566667       1579.9766       1585.0727       1510.4953       1651.3217       1289.6477       1716.2619       1562.4973       1269.3109      
1.3583333       1577.0727       1581.5972       1506.8522       1646.5138       1296.2047       1710.2475       1576.217        1261.9622      
1.36            1574.5665       1578.6306       1503.8752       1642.1812       1303.0724       1704.521        1588.229        1254.7253      
1.3615385       1574.1234       1576.9722       1500.1242       1637.406        1310.7045       1700.5856       1598.3229       1247.8278      
1.3630769       1572.1802       1574.4861       1497.5614       1633.3518       1316.8458       1695.4669       1606.372        1240.6222      
1.3646154       1569.0211       1570.9465       1494.4177       1629.1794       1322.7224       1689.7536       1612.3322       1233.5583      
1.3661538       1566.2316       1567.8153       1491.3992       1625.0628       1328.8517       1684.4316       1617.3506       1225.4647      
1.3676923       1562.4277       1563.7309       1487.451        1620.521        1335.0643       1678.7077       1620.8506       1217.9644      
1.3692308       1560.4303       1561.1235       1484.1298       1616.0927       1341.5727       1673.3308       1623.3034       1210.6191      
1.3707692       1559.4047       1559.537        1481.6529       1612.5216       1348.5777       1667.5967       1624.8851       1202.5506      
1.3723077       1555.9512       1555.7704       1477.9902       1608.4792       1355.7315       1662.1836       1625.4902       1194.1136      
1.3738462       1553.0037       1552.5206       1474.7864       1604.7551       1362.8855       1656.7439       1624.2169       1185.1035      
1.3753846       1550.2827       1549.385        1471.4125       1600.7856       1370.1574       1651.6742       1620.9438       1175.8793      
1.3769231       1547.3817       1546.1283       1468.2493       1597.54         1377.6098       1646.4622       1616.2153       1166.0293      
1.3784615       1544.1135       1542.4716       1464.7289       1594.0972       1385.2533       1641.5027       1611.145        1156.0104      
1.38            1541.063        1539.0308       1461.452        1590.8928       1392.8597       1636.4747       1605.7793       1145.6528      
1.3816667       1539.0691       1537.2031       1460.2218       1588.3192       1399.901        1630.2589       1599.4854       1134.4338      
1.3833333       1537.9928       1535.7424       1458.1095       1585.4342       1409.1064       1625.0558       1593.4076       1122.8767      
1.385           1535.5823       1532.8671       1454.8696       1582.0425       1418.2743       1620.2247       1587.6486       1111.4776      
1.3866667       1533.4016       1530.1919       1451.9168       1578.8443       1426.9523       1615.2619       1581.9701       1100.2188      
1.3883333       1530.2298       1526.6432       1448.4393       1575.5251       1435.3109       1610.5094       1576.4198       1089.9456      
1.39            1528.362        1524.3616       1445.9822       1573.0011       1443.533        1605.7306       1570.816        1080.5578      
1.3916667       1527.6863       1523.2644       1444.4584       1570.7194       1451.8807       1600.5625       1565.021        1072.372       
1.3933333       1525.6224       1520.8041       1441.908        1567.9704       1460.0942       1595.2521       1559.2529       1065.424       
1.395           1523.5819       1518.4018       1439.5144       1565.6775       1467.9088       1589.4545       1553.2981       1059.9817      
1.3966667       1521.0332       1515.4868       1436.7203       1563.5224       1475.9308       1583.5829       1547.8761       1056.3188      
1.3983333       1518.8641       1513.0171       1434.3035       1561.0267       1483.7645       1577.7567       1542.5829       1054.277       
1.4             1517.4772       1511.252        1432.3932       1558.8159       1491.4663       1571.597        1536.5535       1054.5346      
1.4018182       1514.1463       1508.3886       1430.6841       1556.6991       1498.6024       1563.9558       1529.2978       1057.262       
1.4036364       1512.3244       1506.3105       1428.3807       1554.5473       1506.8204       1556.8132       1521.9779       1062.9305      
1.4054545       1510.9346       1504.5869       1426.293        1552.4897       1514.9285       1549.6746       1514.6306       1071.7865      
1.4072727       1509.2035       1502.5373       1424.0988       1550.4359       1522.6504       1542.1733       1506.9765       1083.5864      
1.4090909       1507.2154       1500.1982       1421.8285       1548.5781       1526.0533       1534.6344       1499.4467       1098.5037      
1.4109091       1505.1207       1497.839        1419.5023       1546.3349       1519.5274       1527.0643       1491.9438       1116.1909      
1.4127273       1502.6223       1495.0331       1416.8466       1543.9479       1512.0907       1519.2608       1484.5329       1136.4163      
1.4145455       1500.4489       1492.6691       1414.5972       1541.7415       1504.1414       1511.3841       1476.9159       1158.5391      
1.4163636       1498.1501       1490.2316       1412.4461       1539.8592       1495.9802       1503.4411       1469.3533       1184.4639      
1.4181818       1496.0502       1487.9508       1410.419        1537.9887       1487.8707       1495.5234       1461.8817       1213.2221      
1.42            1494.1652       1485.8008       1408.386        1536.1974       1479.6289       1487.4084       1454.4339       1242.3699      
1.422           1490.9986       1483.1381       1407.0052       1534.3558       1470.0546       1478.0607       1446.2265       1273.7467      
1.424           1489.1011       1480.9985       1404.7181       1532.2256       1461.28         1469.1346       1437.6979       1302.1596      
1.426           1487.5755       1479.1465       1402.6116       1530.1707       1452.4998       1460.1453       1429.1232       1327.3571      
1.428           1485.3524       1476.6501       1400.2082       1528.0537       1443.6281       1451.1239       1420.4133       1350.2905      
1.43            1482.2358       1473.3639       1397.3801       1525.7843       1434.6215       1441.9736       1411.606        1367.711       
1.432           1479.3306       1470.3076       1394.8269       1523.6541       1425.6281       1432.7087       1402.7593       1369.6424      
1.434           1476.1038       1466.9304       1392.0241       1521.4014       1416.6128       1423.4689       1393.8497       1363.0037      
1.436           1473.3318       1464.0348       1389.6283       1519.131        1407.6527       1414.2306       1384.6039       1353.9871      
1.438           1470.3803       1461.0048       1387.1775       1516.9157       1398.8358       1404.7018       1375.143        1343.9989      
1.44            1467.5056       1458.0566       1384.8115       1514.8847       1389.9072       1395.3663       1365.6314       1332.6989      
1.442           1464.7761       1455.2418       1382.5585       1512.8968       1380.938        1385.8399       1356.0311       1320.3352      
1.444           1461.8341       1452.2523       1380.1804       1510.8117       1371.8992       1376.0957       1346.3066       1307.097       
1.446           1458.8537       1449.2725       1377.8724       1508.9823       1362.8          1366.4309       1336.8417       1293.0803      
1.448           1455.9841       1446.4186       1375.6866       1507.2849       1353.6203       1356.7382       1327.4325       1278.2859      
1.45            1452.844        1443.3654       1373.4461       1505.5698       1344.5539       1347.0852       1318.135        1263.1394      
1.452           1449.8877       1440.4435       1371.3478       1504.5287       1335.1103       1337.4403       1308.7739       1247.317       
1.454           1446.647        1437.2739       1369.0133       1502.787        1325.7726       1327.7202       1299.347        1229.5139      
1.456           1443.5999       1434.3665       1366.8871       1501.2712       1316.7162       1317.919        1289.8637       1209.7336      
1.458           1440.4642       1431.305        1364.6665       1499.6947       1307.1231       1307.8892       1280.1461       1187.8056      
1.46            1437.2057       1428.2459       1362.4919       1498.1669       1297.5397       1297.8784       1270.4792       1164.2151      
1.4622222       1433.7823       1425.6696       1361.7393       1497.174        1286.6667       1286.4607       1259.5581       1137.977       
1.4644444       1430.4251       1422.4493       1359.1018       1495.4294       1276.0112       1275.2994       1248.4461       1111.0942      
1.4666667       1426.719        1418.8627       1356.2254       1493.554        1265.409        1264.2275       1237.5012       1084.2363      
1.4688889       1422.1395       1414.5265       1353.0239       1491.6349       1254.9167       1253.2765       1226.8191       1057.6151      
1.4711111       1417.418        1410.0984       1349.9716       1489.9452       1244.4372       1242.4387       1216.2935       1030.7259      
1.4733333       1413.0845       1406.0391       1347.1984       1488.3642       1234.0623       1231.6645       1205.7962       1004.132       
1.4755556       1408.3081       1401.6721       1344.4096       1487.0389       1223.6515       1220.9601       1195.337        977.62592      
1.4777778       1403.2585       1397.2043       1341.7248       1485.688        1213.2964       1210.2824       1184.9188       951.2464       
1.48            1399.1997       1393.6144       1339.5787       1484.5797       1203.0075       1199.7206       1174.6609       925.39707      
1.4825          1395.3838       1390.8052       1338.9884       1483.8137       1191.4325       1187.7427       1163.1022       898.13376      
1.485           1391.0086       1387.0108       1336.568        1482.448        1180.0318       1175.9758       1151.3602       872.01035      
1.4875          1386.0543       1382.7115       1333.7704       1481.3901       1168.5865       1164.3066       1139.9043       847.83337      
1.49            1380.633        1378.0502       1330.9751       1480.2433       1157.2301       1152.7372       1128.6749       825.66768      
1.4925          1375.1563       1373.1158       1327.9867       1479.0748       1145.8538       1141.1825       1117.3816       805.43317      
1.495           1368.8882       1367.6688       1324.8664       1477.9319       1134.7102       1129.6835       1103.5444       787.33967      
1.4975          1363.258        1362.8589       1322.4296       1477.1737       1123.4413       1118.2161       1089.4262       771.6491       
1.5             1357.0635       1357.4208       1319.3681       1476.0552       1112.2148       1106.8083       1075.4219       758.38982      
1.5025          1351.0857       1352.3047       1316.6948       1474.9803       1101.0232       1095.477        1061.6805       747.78153      
1.505           1346.1264       1348.0667       1314.5273       1474.37         1089.8373       1084.183        1048.1133       739.71612      
1.508           1340.8144       1344.0087       1313.6681       1473.5624       1076.3457       1070.607        1032.3734       733.45474      
1.511           1334.8532       1339.1014       1310.6057       1472.0677       1063.0329       1057.2102       1016.5043       730.06887      
1.514           1328.7525       1334.0351       1307.3182       1470.5929       1049.8058       1043.946        1000.9022       729.64959      
1.517           1322.2635       1328.5413       1304.1967       1469.9607       1036.6653       1030.7865       985.61614       736.67824      
1.52            1316.2947       1323.3841       1301.2127       1468.2711       1023.5407       1017.7177       970.82146       748.84643      
1.5228571       1309.5598       1317.627        1297.8336       1467.7826       1011.1564       1005.3533       957.115         761.51812      
1.5257143       1303.2327       1312.2424       1295.2908       1468.9613       998.72124       993.04592       944.04738       774.01074      
1.5285714       1296.3546       1306.2754       1291.8072       1462.1509       986.34352       980.78398       931.49884       785.88671      
1.5314286       1290.2256       1301.0741       1288.9466       1458.8364       973.965         968.57406       919.36296       797.02173      
1.5342857       1284.1376       1295.945        1286.1428       1456.0697       961.64848       956.44772       907.6925        807.34117      
1.5371429       1278.6502       1291.295        1283.481        1452.9225       949.36881       944.35239       896.41587       816.63156      
1.54            1272.9779       1286.5397       1280.9491       1449.4479       937.13407       932.31098       885.55843       824.85189      
1.5428571       1266.57         1281.0371       1278.1557       1445.5912       924.98755       920.35138       875.13642       831.96914      
1.5457143       1260.2554       1275.6305       1275.286        1441.133        912.95311       908.45418       865.11248       837.91107      
1.5485714       1253.8108       1270.0223       1272.3499       1436.227        901.01045       896.64536       855.51449       842.74455      
1.5514286       1248.4921       1265.6012       1270.2113       1430.7956       889.09077       884.86379       846.28945       842.75915      
1.5542857       1243.1084       1261.0489       1267.7287       1424.8314       877.21699       873.17898       837.38867       834.96295      
1.5571429       1237.4979       1256.2425       1265.0393       1418.2857       865.44915       861.65777       828.81508       824.37729      
1.56            1231.6457       1251.1317       1262.0234       1411.0891       853.73943       850.21221       820.54407       813.23745      
1.5633333       1226.5122       1246.7789       1261.0908       1401.8547       840.19178       837.52946       811.39709       800.06138      
1.5666667       1220.1174       1241.5956       1257.7027       1391.858        826.81702       825.49844       802.33127       787.42501      
1.57            1214.5705       1236.9961       1255.3703       1381.0455       813.95597       813.9465        793.60147       774.99828      
1.5733333       1208.7935       1231.9416       1252.8468       1369.4983       801.90941       802.84279       785.16558       762.58869      
1.5766667       1202.2858       1226.2997       1249.7213       1357.2381       790.52754       792.06597       777.05371       750.22953      
1.58            1196.3011       1220.7274       1246.7656       1344.0627       779.51503       781.51731       769.14735       737.90948      
1.5833333       1190.3382       1215.4291       1244.0839       1330.2283       768.7819        771.29438       761.44712       725.88781      
1.5866667       1184.7477       1210.3801       1241.6143       1315.7349       758.35457       761.41533       753.93235       714.13323      
1.59            1178.8015       1204.9868       1238.8213       1300.38         748.24417       751.63475       746.53722       702.37533      
1.5933333       1172.9522       1199.7235       1236.1992       1284.2817       738.36524       742.01154       738.95787       690.68849      
1.5966667       1167.6049       1194.3902       1233.2265       1265.0167       728.56934       732.49709       730.88749       679.07564      
1.6             1162.0261       1189.2689       1230.3142       1241.8596       718.93407       723.17831       722.46734       667.60266      
1.6033333       1156.1547       1184.0714       1227.3567       1209.7087       709.49429       714.04116       713.8958        656.3449       
1.6066667       1150.8034       1179.185        1224.3285       1172.4813       700.18542       705.03265       705.25521       645.24812      
1.61            1145.0343       1174.0133       1221.5023       1125.3245       691.04271       696.20666       696.6862        634.43822      
1.6133333       1139.7209       1169.2248       1218.792        1080.7922       681.94334       687.51643       688.19606       623.80585      
1.6166667       1134.3515       1164.2392       1215.9241       1032.9569       672.87334       678.97546       679.82837       613.16209      
1.62            1128.8017       1159.1608       1213.517        986.03979       663.9024        670.572         671.56477       602.49521      
1.6233333       1123.978        1154.7216       1211.1543       942.70973       655.14653       662.31875       663.44356       591.91241      
1.6266667       1119.6356       1150.6972       1208.9528       903.17058       646.58552       654.18768       655.41879       581.38204      
1.63            1114.5477       1145.9325       1205.7633       862.36586       638.19128       646.19424       647.5208        571.04127      
1.6333333       1110.0924       1141.5903       1202.7528       820.40645       629.96259       638.31117       639.72131       560.9209       
1.6366667       1105.7676       1137.5638       1200.148        774.89695       618.84853       630.57753       632.05387       551.14377      
1.64            1100.4695       1132.6283       1197.5094       728.72308       607.6076        622.93938       624.47134       541.72699      
1.6433333       1095.8488       1128.4594       1195.1394       680.91953       596.31391       615.41183       616.9456        532.59178      
1.6466667       1090.3063       1123.4066       1192.5373       631.87472       585.23469       607.99757       609.5485        523.94786      
1.65            1084.406        1117.7809       1190.2643       582.5313        574.30392       600.69736       602.22106       515.62038      
1.6525          1081.2232       1114.7869       1187.1547       544.82595       565.85262       595.22822       596.57843       509.26126      
1.655           1078.6364       1112.3533       1186.453        506.79377       557.78461       590.06443       591.27769       503.37211      
1.6575          1075.3988       1109.3414       1185.7394       469.54671       549.75467       584.75699       585.99156       497.67479      
1.66            1072.6577       1106.689        1185.0796       432.11707       541.8102        579.4247        580.68292       492.11052      
1.6622222       1069.8537       1103.9493       1183.2115       398.78995       534.70737       574.60875       575.87392       487.16336      
1.6644444       1066.9613       1101.1978       1182.4274       365.2998        527.84434       570.00525       571.2348        482.56066      
1.6666667       1064.1638       1098.542        1181.5555       332.02827       521.07928       565.40889       566.59074       478.06767      
1.6688889       1061.6742       1096.1074       1180.7677       298.87666       514.47558       560.52396       562.01323       473.78627      
1.6711111       1059.1727       1093.6705       1181.0316       265.78874       507.94206       554.9705        557.32073       469.46662      
1.6733333       1056.6774       1091.2178       1180.8569       232.5382        501.58989       549.45182       552.7214        465.41207      
1.6755556       1054.5669       1089.1855       1180.5173       199.07881       495.38264       544.04103       548.15993       461.51993      
1.6777778       1052.3003       1086.9009       1179.4234       166.17662       489.32248       538.7222        543.62342       457.77836      
1.68            1049.678        1084.1851       1178.2226       135.05353       483.42507       533.53986       539.18047       454.34268      
1.682           1047.393        1081.8444       1176.6902       108.45246       478.11836       528.82645       535.06278       451.15663      
1.684           1044.9707       1079.3616       1175.0847       84.074865       472.99912       524.29112       531.05344       448.1877       
1.686           1042.3889       1076.7052       1173.3874       62.069386       467.97483       519.8007        527.04211       445.34194      
1.688           1039.7689       1073.9587       1171.2808       42.442727       463.07625       515.36568       523.05653       442.62616      
1.69            1037.7815       1071.6756       1169.2906       24.991596       458.25973       510.95241       519.06691       440.01853      
1.692           1035.4134       1069.1542       1166.9923       10.032122       453.55815       506.59551       515.10453       437.5695       
1.694           1033.0187       1066.5692       1164.5117       -0.58203908     448.98463       502.31382       511.19386       435.31213      
1.696           1030.5115       1063.9066       1161.6872       -1.1207113      444.50788       498.06444       507.28808       433.27955      
1.698           1027.9267       1061.1973       1159.6237       -0.63363174     440.10634       493.82595       503.35084       431.73693      
1.7             1026.2291       1059.2211       1158.0083       -0.59061261     435.8312        489.68161       499.51802       430.80134      
1.7016667       1025.0161       1057.3656       1155.8679       -0.53641251     432.23201       486.12486       496.176         430.10677      
1.7033333       1022.7735       1055.2858       1154.8905       -0.24284951     428.79629       482.75521       492.9739        429.74435      
1.705           1020.3832       1052.9278       1153.8522       0.13057118      425.37848       479.35171       489.70727       429.40341      
1.7066667       1018.2371       1050.8076       1152.9203       0.4898572       422.05936       476.0116        486.51829       429.21446      
1.7081481       1017.3331       1049.2695       1151.5268       0.69179159      419.13241       473.02435       483.67065       429.17048      
1.7096296       1015.6748       1047.5231       1150.8646       0.91527201      416.27679       470.10672       480.86857       429.22192      
1.7111111       1013.6403       1045.3272       1150.0299       1.0727058       413.47859       467.21394       478.06494       429.37714      
1.7125926       1011.7221       1043.476        1149.6267       1.1655891       410.7338        464.33945       475.29614       429.86405      
1.7140741       1010.2158       1041.987        1148.3832       1.2382031       408.03857       461.48491       472.52584       430.43132      
1.7155556       1009.3448       1041.5349       1147.2555       1.2936349       405.3855        458.63988       469.77569       431.16677      
1.717037        1007.468        1040.106        1145.7398       1.3567652       402.79093       455.82631       467.05791       432.2683       
1.7185185       1005.2849       1037.9729       1144.3596       1.4232888       400.24032       453.02785       464.3468        433.7073       
1.72            1002.9402       1035.7512       1143.1314       1.5334548       397.71959       450.22784       461.62637       435.50223      
1.72125         1001.7569       1033.773        1141.4934       1.5135355       395.61485       447.85214       459.3386        437.2736       
1.7225893       1000.1632       1032.1089       1140.787        1.7577436       393.43066       445.40528       456.98145       438.99001      
1.7239286       998.3796        1030.1585       1139.8377       2.1131681       391.26508       442.94145       454.62651       440.90075      
1.7251648       997.02189       1028.3887       1138.646        2.2958416       389.29723       440.66437       452.45661       442.68249      
1.7265135       995.52746       1026.9259       1137.9319       2.5308737       387.21409       438.25106       450.17731       444.29341      
1.7278621       994.201         1025.4124       1136.8782       2.7099739       385.16291       435.83454       447.90734       445.86286      
1.7292108       992.6671        1023.4377       1135.5929       2.6725149       383.12545       433.40529       445.63104       447.38015      
1.7305594       991.08444       1021.6408       1134.3146       2.7215254       381.13972       431.01668       443.4181        448.98021      
1.7319081       989.89245       1020.2809       1133.1875       2.9633447       379.1744        428.62809       441.20821       450.50328      
1.7332567       988.2197        1018.1279       1131.8062       3.2193049       377.26031       426.27779       439.05883       452.0624       
1.7346054       986.77413       1016.4473       1130.4565       3.1489282       375.3552        423.91807       436.90902       453.60855      
1.7356843       985.43023       1014.0968       1128.3195       2.8293313       373.84113       421.99869       435.1815        455.33115      
1.7367632       983.86526       1012.3031       1126.9599       2.6681499       372.34558       420.12683       433.48913       456.59724      
1.7378422       982.39519       1010.7249       1125.7555       2.6669266       370.88761       418.29303       431.84811       458.1221       
1.7389211       981.0518        1009.2561       1124.5335       2.8231837       369.43234       416.44621       430.21042       459.55986      
1.74            979.73269       1007.7005       1123.1165       2.629475        368.02094       414.63744       428.6185        461.10088      
1.7411765       978.34286       1006.34         1121.6256       2.412398        366.47297       412.64107       426.85042       462.44813      
1.7424314       976.76907       1004.6546       1119.7758       2.2819558       364.89622       410.59161       425.08885       464.79679      
1.7436863       975.61358       1003.1509       1117.7259       2.228811        363.29066       408.48145       423.25177       465.16976      
1.7449412       974.2178        1001.2558       1115.302        2.1038012       361.7581        406.43965       421.51549       466.12083      
1.7461961       973.08198       999.96338       1113.5127       2.5474068       360.19686       404.37181       419.76213       467.6379       
1.7473464       971.84108       998.13498       1110.1148       3.1293625       358.82986       402.52063       418.25025       469.96655      
1.7484967       970.66298       996.87929       1107.7964       4.1250001       357.45735       400.66976       416.73314       471.01304      
1.7496471       969.52668       995.57201       1104.065        4.8192579       356.121         398.85597       415.27488       472.23632      
1.7507974       968.17492       994.0096        1100.4631       5.8160022       354.794         397.03826       413.835         474.24206      
1.7519477       966.65525       992.08983       1096.471        6.6848108       353.49023       395.25516       412.4476        476.00161      
1.753098        965.33565       990.42442       1093.1          7.5871714       352.17747       393.45833       411.0565        476.87538      
1.7542484       964.08311       988.82525       1089.5408       8.074206        350.88946       391.67286       409.68706       476.31835      
1.7553987       962.909         987.37647       1086.7065       9.0514312       349.61392       389.88739       408.34633       474.37784      
1.756549        961.72487       985.95931       1083.7252       10.133432       348.37317       388.15435       407.081         473.24314      
1.7576993       960.44657       984.53032       1080.528        10.923316       347.10564       386.36987       405.74928       471.21055      
1.7588497       959.20066       983.10056       1077.2229       11.652478       345.87284       384.6338        404.51808       469.85701      
1.76            957.98616       981.66695       1073.8214       12.315678       344.64394       382.87949       403.22814       465.78343      
1.76125         956.72755       980.44404       1070.5452       12.948727       343.35559       381.056         401.97431       462.66856      
1.7625          955.73765       979.19113       1066.6436       13.556005       342.0834        379.2344        400.7306        461.92681      
1.76375         954.4315        977.65013       1062.5256       14.167625       340.78275       377.37475       399.42717       462.07123      
1.765           953.31968       976.01618       1058.2881       14.788208       339.49716       375.52712       398.12638       452.12991      
1.7661538       952.49354       974.52511       1053.9006       15.374174       338.32946       373.85051       397.00188       448.25395      
1.7673077       951.32776       973.21957       1049.9863       15.973509       337.20685       372.22936       395.9521        444.23986      
1.7684615       950.08597       971.61905       1045.9262       16.483187       336.04804       370.56096       394.80342       439.72669      
1.7696154       949.13224       970.20748       1041.774        17.009796       334.9279        368.93678       393.71083       436.45205      
1.7707692       947.56395       968.8066        1037.5399       17.533364       333.83713       367.33912       392.60752       433.76287      
1.7719231       946.20822       967.31976       1033.0934       18.034773       332.73501       365.72076       391.46827       431.49746      
1.7730769       945.21213       965.95645       1028.4705       18.523431       331.65628       364.14421       390.39077       433.35079      
1.7742308       944.16024       964.71566       1023.7314       19.019432       330.59135       362.57765       389.28927       438.77182      
1.7753846       943.40455       963.59392       1018.8203       19.508916       329.55356       361.04533       388.19922       448.33462      
1.7765385       940.97279       962.25927       1013.818        19.981372       328.50158       359.48095       387.00255       458.51516      
1.7776923       939.13477       960.78542       1008.5843       20.48521        327.48698       357.96459       385.81138       470.23669      
1.7788462       938.07642       959.50199       1003.1386       21.821462       326.41394       356.33524       384.36406       479.17751      
1.78            937.04111       958.15526       997.55896       23.268192       325.38819       354.79165       383.05149       487.95683      
1.7811111       936.11044       956.41298       992.00994       24.624776       324.39456       353.27453       381.62751       483.80348      
1.7820556       935.4264        954.39612       986.90382       25.842868       323.57564       352.04064       380.54832       485.08675      
1.7830525       933.66243       952.79802       982.28492       27.056175       322.71522       350.747         379.30506       466.16674      
1.7840494       932.53956       951.63113       977.28985       28.220699       321.88647       349.47046       378.06221       458.95338      
1.7850463       931.50479       950.56667       972.00202       29.368864       321.03734       348.1948        376.80257       450.85162      
1.7860432       930.52211       949.47244       966.53016       30.535348       320.21223       346.90923       375.44638       430.36647      
1.7870401       929.42074       948.26078       960.38734       31.684234       319.35049       345.57668       373.94563       416.66534      
1.788037        928.23902       946.96568       953.58214       32.823158       318.53733       344.30323       372.52547       383.5828       
1.789034        927.02185       945.57068       946.02839       34.151182       317.75216       343.06345       371.10653       357.95275      
1.7900309       926.07861       944.34895       937.65573       35.917189       316.97888       341.85401       369.75618       330.632        
1.7910278       924.90054       942.93249       928.54591       37.801695       316.21111       340.64528       368.29622       308.12462      
1.7920247       923.77723       941.57635       918.85681       39.782818       315.40313       339.38535       366.77961       286.24705      
1.7930216       922.60353       940.10944       908.61883       41.783983       314.64022       338.1852        365.24015       263.02608      
1.7940185       921.37961       938.60616       897.6719        43.730842       313.84313       336.9242        363.5654        232.73919      
1.794873        920.60696       936.58539       887.65614       45.562028       313.23687       335.9146        362.05499       216.62728      
1.7957275       919.46004       935.39048       877.52064       47.413509       312.5466        334.81212       360.48976       195.47047      
1.796582        918.27651       934.10955       867.02135       49.259216       311.89732       333.76849       359.00018       177.75865      
1.7974365       917.19843       932.95287       856.20991       51.175547       311.23929       332.7173        357.37416       157.6118       
1.798291        916.06843       931.53351       844.54303       52.953009       310.60196       331.68678       355.74926       138.10409      
1.7991455       915.0835        930.46562       833.24115       54.981496       309.97533       330.67463       354.10596       119.29717      
1.8             913.91691       928.95072       819.6974        56.788867       309.34051       329.64679       352.41628       102.03566      
1.8008333       912.89592       927.53248       806.52779       58.858984       308.71494       328.63301       350.73357       86.881569      
1.8016667       911.87565       926.11973       789.36357       60.716973       308.0781        327.59633       348.98628       71.991277      
1.8025          910.67486       924.58523       773.42002       62.738331       307.47237       326.60453       347.30547       58.516791      
1.8033333       909.56127       923.28078       756.11092       64.249161       306.86778       325.62178       345.64582       46.403582      
1.8041667       908.62875       922.03952       739.67375       65.946888       306.27274       324.65241       343.98293       36.331063      
1.805           907.59128       920.73039       723.09854       67.490945       305.66851       323.67494       342.3141        24.912095      
1.8058333       906.74656       919.6448        706.80553       69.065433       305.03773       322.69802       340.63516       17.191472      
1.8066204       906.0032        918.58747       691.17109       70.453647       304.31203       321.76226       339.02657       12.82493       
1.8074074       905.16336       917.8173        675.85778       71.884667       303.51632       320.87649       337.51082       5.5701211      
1.8081944       904.64773       917.55469       660.57149       73.216122       302.61298       319.9364        335.936         0.3143699      
1.8089815       903.93861       916.79588       645.38196       74.478803       301.70511       319.0229        334.38076       -3.2139459     
1.8097685       903.23434       915.91631       630.27368       75.654656       300.77475       318.09862       332.82807       -6.6814324     
1.8105556       902.23776       914.81369       615.28184       76.752379       299.86395       317.21201       331.33172       -10.168065     
1.8113426       901.29898       913.82534       600.38886       77.792828       298.94965       316.30655       329.78995       -12.755037     
1.8121296       900.39927       912.8225        585.52384       78.746746       298.02696       315.39721       328.28388       -13.676353     
1.8129167       899.47071       911.76695       570.78041       79.312726       297.08101       314.44178       326.67459       -12.693864     
1.8137037       898.49539       910.60329       556.07289       79.740391       296.15248       313.52077       325.11857       -12.759352     
1.8144907       897.7425        909.69028       541.56807       80.265762       295.22684       312.58517       323.48986       -8.8653525     
1.8152778       896.96665       908.94065       527.0349        80.714513       294.31544       311.67122       321.87057       -6.4102862     
1.8160648       896.17649       908.15271       512.62144       81.197546       293.39792       310.75423       320.23041       -4.3193659     
1.8168519       895.39021       907.33685       498.33503       81.744902       292.51554       309.8691        318.57778       -4.7731725     
1.8176389       894.50081       906.24627       484.11188       82.301292       291.60274       308.94672       316.83855       -3.3597399     
1.8184259       893.63572       905.22618       470.04619       82.880214       290.71567       308.06075       315.12408       -1.6950923     
1.819213        892.69919       904.0579        456.20328       83.462369       289.78132       307.12289       313.27255       -3.1163113     
1.82            891.81678       903.07236       442.52125       84.14085        288.91282       306.26809       311.49391       -1.2953561     
1.8208          890.95507       902.51753       428.60828       84.858878       288.04901       305.45071       309.72621       0.10539606     
1.8216          890.1652        902.08046       414.69531       85.072665       287.15314       304.58723       307.85221       -0.70876529    
1.8224          889.44815       901.13974       400.8856        84.888077       286.30447       303.76851       305.93598       -0.28901813    
1.8232          888.40205       899.90556       387.19207       84.68385        285.39037       302.86518       303.81236       1.3617036      
1.82404         887.42958       899.1576        373.02013       84.456895       284.46164       301.98649       301.68998       0.23591013     
1.82488         886.5249        898.16179       358.87529       84.221697       283.58678       301.20317       299.58357       -1.5673143     
1.82572         885.44499       897.07061       344.87415       83.986434       282.64045       300.29703       297.21572       -0.79524027    
1.82656         884.59999       896.05535       330.95627       83.809531       281.70914       299.39818       294.74012       -0.89577847    
1.8274          883.45684       894.84344       317.1342        84.043854       280.7987        298.54591       292.23353       -0.156765      
1.82824         882.31568       893.6892        303.42182       84.536605       279.86604       297.63016       289.51923       -0.70997157    
1.82908         881.37683       892.60875       289.73891       84.686091       278.94059       296.75701       286.8718        -1.5839126     
1.82992         880.38875       891.48294       276.15294       84.529365       278.01257       295.87007       284.06086       0.77684682     
1.83076         879.5789        890.57184       262.74905       84.334682       277.10588       295.01846       281.2525        5.248438       
1.8316          878.5816        889.45842       249.40672       84.055476       276.1865        294.15124       278.78604       12.202349      
1.83244         877.75154       888.5594        236.19593       83.77765        275.28651       293.30131       276.41428       18.783697      
1.83328         876.69874       887.37079       223.04702       83.434826       274.36719       292.41461       274.45944       24.811169      
1.83412         875.76149       886.35357       210.06036       83.111497       273.44066       291.51981       272.5606        28.949439      
1.83496         874.75069       885.19941       197.17342       82.74922        272.53948       290.65606       270.29645       34.041199      
1.8358          873.84106       884.17828       184.60226       82.417905       271.62386       289.72993       267.58346       37.433011      
1.83664         872.88011       883.14995       172.27181       82.068618       270.7367        288.88933       264.98131       40.422774      
1.83748         871.71954       881.76172       160.19481       81.703875       269.79777       287.9867        262.22874       42.286096      
1.83832         870.7513        880.75066       148.41971       81.347724       268.91324       287.17884       259.3103        45.402581      
1.83916         869.47877       879.04483       136.95976       80.967836       268.00643       286.34124       256.19651       48.778412      
1.84            868.12757       878.18342       125.78352       80.56732        267.08286       285.39733       252.95694       52.041681      
1.8408333       866.33753       876.87749       115.05043       80.203242       266.21202       284.7119        250.52705       54.547221      
1.8416667       864.82597       875.36531       104.45404       79.814866       265.3307        283.86097       247.96303       57.816823      
1.8425          864.09117       874.15759       94.126636       79.477665       264.42926       282.98744       245.23496       61.388744      
1.8433333       863.25087       872.95648       84.121397       79.131435       263.57306       282.19895       242.59222       66.13646       
1.8441667       862.08646       871.58991       74.718679       78.744399       262.73263       281.43424       239.95835       71.999171      
1.845           860.92206       870.2518        65.844607       78.313252       261.84801       280.60201       237.387         79.076477      
1.8458333       859.81124       868.94172       57.457971       77.848406       260.98325       279.79852       234.81644       86.347335      
1.8466667       858.46346       867.34478       49.435996       77.338774       260.14558       279.02414       232.29898       94.379003      
1.8475          857.41534       866.14751       42.054157       76.854288       259.28337       278.21109       229.73027       102.38439      
1.8483333       856.23999       864.73361       34.971622       76.34529        258.42892       277.39561       227.16144       110.60097      
1.8491667       855.07603       863.44572       28.390059       75.866571       257.60816       276.62498       224.63669       119.31556      
1.85            853.84418       861.97932       22.097788       75.409149       256.80438       275.88401       222.18333       128.0602       
1.8508333       852.99729       860.07145       16.013967       74.884825       256.03355       275.17564       219.61646       137.4315       
1.8516667       852.41455       858.57577       10.18445        74.37548        255.24334       274.40434       216.993         145.46956      
1.8525          850.93995       856.61754       6.431894        73.912304       254.4998        273.66286       214.4993        154.40625      
1.8533333       849.68616       855.24387       6.2888114       73.425487       253.73027       272.90148       212.1214        164.27598      
1.8541667       848.6287        853.96466       6.0005231       72.82834        252.98641       272.18312       209.91251       175.01954      
1.855           847.56962       852.78751       6.0297947       72.348729       252.24695       271.4475        207.75076       185.33195      
1.8558333       846.5494        851.61763       6.0228314       71.788084       251.54448       270.78002       205.70662       195.1608       
1.8566667       845.65054       850.70314       6.5259165       71.349043       250.86415       270.15951       203.98308       206.55054      
1.8575          844.68105       849.73939       7.0321519       70.858885       250.13931       269.43234       202.03516       210.38528      
1.8583333       843.76891       848.78989       7.525312        70.35376        249.47313       268.81796       200.45966       224.62814      
1.8591667       842.80363       847.78595       7.8848319       69.825622       248.80624       268.17834       198.88169       233.88138      
1.86            841.84665       846.77575       8.2180789       69.344315       248.09028       267.435         197.29831       245.86973      
1.8609524       840.44216       845.96726       8.4958034       69.925682       247.33645       266.72857       196.07583       250.39453      
1.8619549       839.35821       845.08298       8.8630908       70.626255       246.49936       265.9547        194.56808       261.79698      
1.8630164       838.10104       843.96146       9.1981582       71.283545       245.57074       265.10937       192.81076       269.0403       
1.8640778       837.04288       842.88055       9.5633982       71.52359        244.63611       264.2637        190.83827       282.03924      
1.8652151       835.77157       841.60819       10.00783        71.432702       243.67382       263.43073       188.88247       293.45906      
1.8663524       834.68422       840.12612       10.408586       71.093335       242.66715       262.58221       186.83075       308.67821      
1.8675931       833.13097       838.34208       10.8034         70.432584       241.53424       261.68517       184.72536       320.66809      
1.8688338       831.7351        836.87713       11.161814       69.315341       240.52764       260.947         182.62685       334.33553      
1.8702296       829.96924       835.54223       11.503144       67.740308       239.33115       260.11581       180.53767       345.74113      
1.8716254       828.4641        833.9065        11.804124       65.824153       238.08901       259.19557       178.26265       364.34018      
1.8730211       827.02764       832.19949       12.059472       63.802814       236.84383       258.25701       175.90814       380.88703      
1.8744169       825.51982       830.55186       12.326072       62.003434       235.78924       257.59772       173.98894       399.083        
1.8758127       824.08703       828.88239       12.587746       60.225005       234.64658       256.82315       171.86784       415.01777      
1.8772085       822.7417        827.0599        12.851793       58.424917       233.6091        256.20633       170.04315       427.18876      
1.8786042       821.39455       825.28205       13.14189        56.627285       232.62113       255.62652       168.72065       441.76017      
1.88            819.88459       823.48191       13.358866       54.741566       231.62034       255.01171       167.46636       455.13937      
1.8815385       818.01788       822.04479       13.632699       52.746918       230.52278       254.39777       165.91385       464.39596      
1.8832168       816.05431       820.41142       13.910274       50.616099       229.3506        253.73836       163.62406       479.47008      
1.8848951       814.21789       819.7032        14.076068       48.427613       228.16238       253.02597       161.17975       492.90232      
1.8865734       812.35551       818.32309       14.176551       46.298059       226.98769       252.22525       158.35455       504.51875      
1.8882517       810.62286       816.67178       14.260436       44.340723       225.93762       251.57324       156.15248       515.74526      
1.8899301       808.75808       814.74698       14.287158       42.491077       224.9057        250.87865       153.65061       524.36025      
1.8916084       806.67266       812.51161       14.453572       40.838302       223.91029       249.93725       150.99396       530.41897      
1.8932867       804.38065       810.03643       14.685468       39.179833       223.01509       249.43171       148.62929       534.70866      
1.894965        802.04543       807.38138       14.806145       37.570171       222.15303       248.81855       146.23243       538.1445       
1.8966434       799.56248       804.45703       14.610668       35.788268       221.30368       248.09921       143.67729       544.5009       
1.8983217       797.13273       801.47698       14.14393        34.047282       220.5659        247.48066       141.22758       549.50604      
1.9             794.62386       798.45516       14.159642       32.38799        219.83972       246.92898       138.7467        554.9082       
1.9016667       792.20844       795.51835       14.519603       30.795831       219.09448       246.28656       136.31063       559.05878      
1.9033333       789.80905       792.61263       15.176671       29.250473       218.33247       245.66297       134.08475       562.34128      
1.905           787.42222       789.5212        16.027374       27.729238       217.66384       245.15082       132.11331       565.01857      
1.9066667       785.02984       785.98181       17.25544        26.229368       217.04824       244.72953       130.40797       566.83496      
1.9083333       782.64496       783.23732       18.311435       24.711463       216.44575       244.28602       128.67502       568.3363       
1.91            780.76832       781.26463       19.147157       23.086257       215.84066       243.86522       127.13466       569.72351      
1.9116667       778.7925        779.23739       21.087872       21.337969       215.17125       243.3495        125.61569       571.02685      
1.9133333       776.99974       777.55236       22.904335       19.419154       214.55562       242.95085       124.47913       572.0528       
1.915           775.19939       775.76514       24.566451       17.22898        213.95884       242.56662       123.52877       570.09186      
1.9166667       773.44292       774.00281       26.061768       15.221259       213.36032       242.20735       123.77838       566.06553      
1.9183333       771.77042       772.22837       27.315085       13.424523       212.81348       241.92062       124.71907       563.02648      
1.92            770.11071       770.46582       28.364648       11.830892       212.37666       241.75063       126.02879       560.19959      
1.9218182       768.13361       768.5069        29.354899       10.285376       211.92922       241.55664       127.50428       556.82561      
1.9236364       766.25103       766.49649       30.309663       8.979939        211.38465       241.16147       128.73703       553.95002      
1.9254545       764.34737       764.4635        31.346776       8.2436541       210.85511       240.86684       130.22423       550.23664      
1.9272727       762.58094       762.51878       32.292253       8.4175066       210.24013       240.58584       131.95641       545.97967      
1.9290909       760.7248        760.5045        32.975653       8.6757625       209.69449       240.47306       134.07537       541.52056      
1.9309091       759.00732       758.57483       33.71159        9.0128789       209.21536       240.41616       136.19669       536.26419      
1.9327273       757.27147       756.67089       34.502463       9.2965731       208.76988       240.40104       138.77913       530.40784      
1.9345455       755.5837        754.61152       35.264633       9.6193335       208.20691       240.24119       141.13408       524.38347      
1.9363636       753.90152       752.96225       35.95118        9.9531226       207.81419       240.49607       143.8185        517.39646      
1.9381818       752.24119       751.11646       36.500143       10.279616       207.47163       240.88509       146.55257       510.21622      
1.94            750.63963       749.3011        36.962016       10.605586       206.92599       241.01035       148.86872       501.95434      
1.942           748.83179       747.29554       37.373643       10.965523       206.4353        241.41325       151.75449       492.27147      
1.944           747.05737       745.25806       37.7233         11.439278       205.80389       242.2846        154.72425       482.29727      
1.946           745.31198       743.22679       37.961586       11.970658       205.34432       243.82162       158.46669       472.00543      
1.948           743.64579       741.26699       38.146001       12.608844       204.93808       245.72016       161.84279       461.51803      
1.95            742.02364       739.37473       38.348165       13.371545       204.69313       247.54572       166.30213       450.39351      
1.952           740.40565       737.44101       38.455394       14.133891       204.38568       249.42068       171.13014       438.8526       
1.954           738.83038       735.47914       38.58088        15.019202       204.19025       251.5075        175.43043       427.44444      
1.956           737.27418       733.45336       38.669541       15.911323       203.84622       253.5473        179.20551       415.90998      
1.958           735.63155       731.35622       38.765971       16.925784       203.77845       255.69653       182.1473        404.09391      
1.96            733.98056       729.18969       38.886362       18.038974       203.81456       258.14434       184.82607       392.88377      
1.9622222       732.2539        726.78368       39.121229       19.184075       204.07312       261.03527       188.9093        382.14884      
1.9644444       730.39954       724.2194        39.780916       20.084984       204.5596        264.20743       194.05424       371.48155      
1.9666667       729.12032       721.83256       40.42923        21.137899       205.11456       267.33068       199.66866       360.74058      
1.9688889       727.64522       719.30438       41.955496       22.229821       205.98998       270.77546       205.72549       349.60815      
1.9711111       726.11251       716.81491       43.50289        23.303398       207.13241       274.34407       212.15954       338.28698      
1.9733333       724.51839       714.30809       45.155298       24.380918       208.34271       278.26642       219.18766       326.28414      
1.9755556       723.16624       711.77979       46.971014       25.364197       210.00127       282.58579       226.52252       313.75876      
1.9777778       721.92955       709.02086       49.156485       26.17848        211.80595       286.42581       234.11788       301.7159       
1.98            720.85376       706.84822       49.984258       26.94841        213.97654       288.04653       241.43204       290.01639      
1.982           719.98467       705.2145        51.250425       27.700361       216.46612       288.6879        247.73525       278.20381      
1.984           719.07107       703.56741       52.184957       28.290417       219.40374       289.45004       253.61736       267.06789      
1.986           718.16421       701.94678       53.085942       28.762792       222.8588        290.28154       267.85521       255.84342      
1.988           717.37407       700.43987       54.422737       29.217687       226.54594       291.07222       282.13911       244.50538      
1.99            716.50905       698.83097       55.375221       29.571006       230.38956       291.99276       296.76569       233.30557      
1.992           715.7193        697.20672       56.524576       29.865511       234.3854        293.18503       310.39583       222.39452      
1.994           714.99074       695.56099       57.574759       30.007842       238.88257       293.93186       320.94029       211.49371      
1.996           714.48116       694.15371       58.812591       30.102527       244.20389       294.85369       328.15737       200.86448      
1.998           713.97256       692.75292       60.003063       30.208196       250.33231       295.54807       334.0833        190.06412      
2               713.42952       691.30886       61.046188       30.166376       257.58404       296.17578       339.20288       179.56112      
2.0022222       712.91313       689.49609       62.157298       30.054049       269.35282       297.15707       349.03136       169.27213      
2.0044444       712.59356       688.19569       63.467234       30.170149       283.01098       298.38025       358.04682       159.43748      
2.0066667       712.19656       686.85405       64.619391       30.058854       293.68401       299.95318       364.69427       150.7375       
2.0088889       711.90235       685.62979       65.756532       29.996838       295.73903       301.8951        372.07238       143.02958      
2.0111111       711.58062       684.42803       66.838032       30.023472       296.53504       304.52229       379.2027        135.83789      
2.0133333       711.41199       683.40665       68.016819       30.431027       296.98142       307.24613       388.34688       130.27627      
2.0155556       710.98123       682.21209       68.906551       30.483695       298.0776        307.84605       401.54992       126.22322      
2.0177778       710.73132       681.09831       69.797491       30.615954       300.43962       307.0893        415.66188       123.43587      
2.02            710.51349       680.14717       70.541813       30.48815        303.48717       306.75843       429.22252       121.9155       
2.0222222       710.60215       680.00397       71.258753       30.33047        306.09464       306.20231       441.56036       120.82416      
2.0244444       710.5118        679.60657       71.785435       29.853277       300.78747       305.59405       452.67786       121.13921      
2.0266667       710.05982       678.81782       71.995843       29.048138       293.27588       304.97975       463.02514       122.88069      
2.0288889       709.73307       677.87958       72.219481       28.116681       283.98635       303.60044       469.72676       125.21281      
2.0311111       709.66194       677.51852       72.430656       27.613957       274.93125       299.81927       475.09264       128.74717      
2.0333333       709.89863       677.6101        72.539851       27.28576        266.28057       292.78808       478.39395       132.87407      
2.0355556       709.53465       677.36467       72.102433       26.938181       253.55989       283.65671       480.47576       138.14705      
2.0377778       709.38574       677.93892       71.559509       26.457297       238.76006       273.96694       481.61777       143.69724      
2.04            709.31279       678.65804       71.149998       26.048876       221.40308       264.66946       481.02922       150.619        
2.0422222       709.602         679.88166       70.747027       25.830593       203.58921       255.62878       479.26728       157.7899       
2.0444444       709.60951       680.75783       69.932923       25.430769       185.32385       247.77436       475.88805       166.08172      
2.0466667       709.8846        679.49196       69.628387       25.431517       166.40237       240.42469       470.77575       174.84514      
2.0488889       709.83409       679.45041       69.088794       25.294302       147.01367       233.53862       464.23722       184.41666      
2.0511111       709.76503       677.38268       68.306099       25.167487       128.26977       228.54365       455.14091       193.84274      
2.0533333       710.33889       678.74772       67.338509       25.058863       117.25254       224.02458       444.43363       204.04988      
2.0555556       710.87635       680.6387        66.077337       24.826823       115.63609       221.40299       432.03525       214.80288      
2.0577778       711.65839       682.98142       65.011205       24.559822       115.00417       218.8221        417.17475       225.88194      
2.06            712.35391       685.31626       63.69582        24.489496       114.67386       216.58159       399.52756       237.60637      
2.0625          713.04564       687.21715       62.036943       24.307411       114.70596       213.47841       377.00785       251.36207      
2.065           713.94157       690.48981       60.185043       24.482913       113.83569       209.20031       352.1264        265.44964      
2.0675          714.54138       693.60905       58.11855        24.042408       112.98251       204.91243       325.57941       279.35718      
2.07            715.29696       697.10916       55.960184       23.813858       111.88409       199.95631       298.0724        291.75736      
2.0725          716.1461        700.84332       53.658799       23.354254       111.11428       194.55997       269.90245       303.37979      
2.075           717.29673       704.68663       51.410633       22.364025       110.14559       189.47022       241.9129        314.17223      
2.0775          718.20123       708.86143       49.488423       21.891011       109.08892       185.70534       214.74219       334.34156      
2.08            719.19554       712.45454       47.0922         21.945051       107.66747       187.9453        190.18624       353.98468      
2.0828571       720.23047       715.6765        44.463543       23.371418       106.47256       190.89232       165.89324       368.78393      
2.0857143       721.08696       720.28703       41.460951       25.938538       104.76794       195.33703       144.33577       377.39616      
2.0885714       722.20738       723.67631       40.135997       29.146976       103.08268       200.50134       130.57506       384.57168      
2.0914286       723.74909       727.31904       39.199587       33.449381       101.03227       206.90048       130.13921       389.60113      
2.0942857       725.18531       730.63574       38.231092       36.495652       99.290002       214.40413       130.23055       394.24267      
2.0971429       726.27427       733.75324       37.322545       39.297433       97.413919       222.52164       130.29313       398.24736      
2.1             727.98314       737.36          36.25328        41.267313       95.975649       231.41215       129.94477       400.43701      
2.1028571       729.05731       740.41347       33.854553       42.70926        94.418783       240.35687       128.56924       398.74152      
2.1057143       729.4419        743.73122       32.425459       49.389503       93.884961       250.09924       127.35348       391.59828      
2.1085714       730.0246        746.50966       30.797188       54.992982       93.313056       259.9878        126.09503       380.97612      
2.1114286       730.85703       749.47596       29.774396       57.848048       91.51325        270.17988       124.93764       370.58174      
2.1142857       731.8724        752.47645       29.119346       59.636181       89.774458       280.74755       123.74846       377.73856      
2.1171429       732.50569       755.06826       28.895731       64.148067       88.453643       291.58812       122.4759        377.97696      
2.12            732.79113       757.28138       28.938111       69.370851       86.56444        302.71048       121.60388       377.0523       
2.1228571       732.91137       759.20118       29.272573       74.376032       86.153914       313.91406       120.35297       373.61771      
2.1257143       732.78548       760.79219       29.702333       78.317826       87.044587       324.55182       119.05838       368.76274      
2.1285714       732.52973       762.28372       30.542509       81.528537       89.117156       335.05704       117.78972       362.84866      
2.1314286       732.02911       763.40005       31.305243       83.945506       94.380543       344.53576       116.71844       355.87252      
2.1342857       731.46975       764.67928       32.396339       86.443079       103.92697       353.05193       115.52949       348.099        
2.1371429       730.91615       765.24776       33.357571       88.00493        123.39182       360.77544       114.32345       339.47177      
2.14            730.14186       764.53543       34.550843       87.957945       143.01473       367.34009       113.20494       330.92107      
2.1428571       729.29813       763.27669       35.916976       84.990635       161.1755        372.81532       111.93861       322.09943      
2.1457143       727.89024       762.18454       37.560101       78.61754        173.19592       377.25477       110.11766       312.27057      
2.1485714       726.33855       761.30734       39.326256       69.71777        184.47315       380.0871        108.04306       302.45337      
2.1514286       724.53221       760.19644       41.189704       58.960266       196.36702       381.11554       106.05096       293.08179      
2.1542857       722.50201       758.86244       43.12191        48.10205        209.92757       380.06515       104.80825       283.96732      
2.1571429       720.33796       757.22589       45.124958       37.297237       226.17508       376.79354       104.01052       274.72012      
2.16            718.01538       755.34552       47.223696       28.352008       242.68603       371.23846       103.88589       265.72556      
2.1633333       714.76642       751.9351        49.417313       19.211584       262.34958       361.63011       103.7273        256.08537      
2.1666667       711.83518       749.35383       51.932319       11.425988       283.01992       348.25293       104.42018       246.65797      
2.17            709.15353       747.07924       54.892021       9.3506262       305.16371       328.5144        107.27616       237.29101      
2.1733333       705.9299        744.06786       57.608301       9.5207648       324.17165       303.28228       111.27483       227.84753      
2.1766667       702.64023       740.82733       60.425035       9.9635406       344.66463       272.39124       115.19985       218.26735      
2.18            699.38626       737.37297       63.344942       10.743502       366.00695       239.65806       117.75213       208.60584      
2.1828571       696.8979        734.3593        65.735781       11.56273        382.53255       211.20408       120.29097       200.16081      
2.1857143       693.91817       729.98443       68.143916       12.228909       396.24065       184.62248       122.22819       192.30568      
2.1885714       691.55899       729.51811       70.589966       12.908513       409.20064       158.69193       123.71119       184.72121      
2.1914286       689.11828       727.64656       73.127846       13.630083       420.91457       134.51115       124.67661       177.34792      
2.1942857       686.72533       725.11269       75.61548        14.165669       431.32795       113.05004       125.42169       170.27706      
2.1971429       684.50365       722.39447       78.18581        14.767411       440.41197       94.689965       126.31369       163.58894      
2.2             681.94864       720.13725       80.673757       15.222927       456.87297       79.779697       128.22499       157.37944      
2.2033333       678.62178       717.3777        83.544828       15.633692       475.82617       73.824266       132.08085       151.07533      
2.2066667       676.19183       715.01626       86.398894       16.03412        498.57873       70.19083        136.49359       145.00895      
2.21            673.91885       712.55109       89.182601       16.260762       522.6294        65.774337       140.71004       139.52635      
2.2133333       671.86475       710.74492       91.993579       16.512293       543.67775       60.766592       144.39945       134.79584      
2.2166667       669.92762       708.65832       94.778475       16.734862       560.93402       58.000736       147.20699       130.90745      
2.22            668.3782        707.22499       97.47104        17.070397       573.84973       57.025665       149.44063       128.27235      
2.2233333       667.16942       706.25172       100.16218       17.380981       578.53956       57.781274       150.75116       126.8087       
2.2266667       665.76187       704.71865       102.81916       17.697556       579.44042       59.901402       151.55425       126.44411      
2.23            663.24622       702.85612       105.43261       17.900885       576.62902       63.247707       150.97285       127.13309      
2.2333333       661.51703       701.24206       108.07398       18.019498       570.83761       67.883095       149.27605       128.87689      
2.2366667       660.7727        700.25161       110.7176        18.019631       563.08727       73.248584       146.75631       131.55941      
2.24            660.03211       699.37446       113.43866       18.394468       554.59989       80.513158       145.26394       135.1714       
2.2433333       659.40085       698.41846       116.03641       18.746735       545.6357        88.574087       145.53793       139.67173      
2.2466667       658.32012       697.26603       118.6745        19.2263         536.42448       96.251748       150.0116        145.17797      
2.25            656.95929       696.1668        121.24428       19.648589       527.20371       104.0022        155.56031       154.42183      
2.2533333       655.34961       695.10568       123.76192       20.154685       517.81071       112.90189       161.09571       164.24695      
2.2566667       654.56096       694.23273       125.8389        20.873231       507.88111       122.83432       165.95905       186.94955      
2.26            653.9592        693.30399       127.62456       21.781682       497.13079       134.08272       169.8874        210.16304      
2.2633333       653.26326       692.47035       129.33126       23.010104       484.48626       146.42045       172.83229       232.06794      
2.2666667       652.76598       690.6895        130.95885       24.556467       473.05835       169.31473       175.07901       252.1094       
2.27            652.28069       688.79661       132.62779       26.622774       463.21923       194.71178       176.92486       271.05682      
2.2733333       651.9169        687.58125       136.36987       30.789259       455.97097       219.83751       177.48001       288.21063      
2.2766667       651.31292       685.76959       139.66455       37.480781       451.58358       245.82783       178.61274       304.08409      
2.28            650.7754        684.42492       142.10132       44.019044       449.96973       272.36634       180.65669       319.03933      
2.2833333       650.39648       683.01102       139.80488       51.693655       450.95878       299.13129       183.444         333.16298      
2.2866667       649.92821       681.18367       137.49151       59.056902       454.56244       325.38189       187.12814       346.46231      
2.29            649.27896       679.24611       135.0454        66.800147       459.92096       350.97194       195.36318       358.86592      
2.2933333       648.58156       677.02516       132.4423        72.958109       460.70638       376.4132        214.87019       370.54047      
2.2966667       647.84276       674.55564       129.86533       76.249499       455.55197       401.2454        235.17528       381.67216      
2.3             647.12125       671.80341       127.55528       78.997512       448.06836       425.13625       254.92888       392.2684       
2.3033333       646.3483        668.61871       125.8373        82.564738       439.77928       448.14695       273.2458        401.54284      
2.3066667       645.32628       664.86223       124.07109       85.468919       431.22863       442.59524       290.77123       407.89737      
2.31            644.33632       660.59949       122.21116       86.543941       422.33396       433.50128       306.84598       413.88413      
2.3133333       643.33877       655.97436       120.46373       88.349211       414.12397       424.29822       321.30179       416.64993      
2.3166667       642.15966       650.80181       118.74681       92.301404       407.59851       415.49771       334.30656       412.11124      
2.32            640.86662       644.70434       117.22498       95.91587        402.57933       406.94605       345.73919       403.8732       
2.3233333       639.53031       638.37739       116.00549       99.213449       398.82428       399.04417       355.77788       394.98624      
2.3266667       637.97342       631.18599       114.83906       101.61431       396.4354        391.46196       364.29415       386.1425       
2.33            636.29783       623.67207       113.68818       103.54479       393.57355       383.97165       371.38346       377.39177      
2.3333333       634.44511       615.47875       112.54186       102.66018       389.23729       376.61003       373.40795       368.90199      
2.3366667       632.52564       606.85302       111.4267        101.72138       383.89433       369.37866       367.24712       360.63056      
2.34            630.3519        597.71227       110.26715       100.40949       378.08176       362.29998       360.321         352.52019      
2.3433333       628.40855       588.09217       109.01951       97.85902        372.07606       355.39187       353.22642       345.88762      
2.3466667       626.0732        577.83926       108.10811       94.23204        365.99387       348.76928       347.7077        339.46467      
2.35            623.64789       566.89434       107.47851       89.56585        359.98289       342.3811        342.75339       332.60483      
2.3533333       621.17796       556.11687       106.88385       84.349844       354.1222        335.966         336.44251       325.37846      
2.3566667       618.89552       544.03759       106.23159       78.185615       348.34276       331.40695       330.3777        317.92349      
2.36            616.15253       530.47576       105.5894        72.503347       342.55186       327.07999       324.67032       310.10722      
2.3633333       613.58038       515.4302        104.76151       67.083153       336.7157        321.44372       319.03685       302.09972      
2.3666667       610.70674       498.7372        103.96918       62.777946       330.84124       315.42753       313.5527        293.82718      
2.37            608.08817       480.75238       103.37617       58.613588       324.9265        309.31549       307.80954       285.33569      
2.3733333       605.07008       461.74494       102.75343       55.416152       318.98256       303.18307       302.0856        276.6662       
2.3766667       602.21101       442.65194       102.17666       52.717589       312.98611       297.19293       296.42128       267.65362      
2.38            599.48691       422.44919       101.55583       50.424425       306.97263       292.16233       290.78846       258.28833      
2.3833333       596.91371       401.25596       101.04786       48.576378       300.91234       288.27352       285.30709       248.6606       
2.3866667       594.28193       379.9169        100.55193       46.953186       294.80758       283.84541       280.10717       238.88257      
2.39            591.52454       359.53263       100.07063       45.494426       288.64293       278.49737       275.33948       229.03939      
2.3933333       588.50274       339.93385       99.684125       43.885761       282.16468       273.27309       269.55843       219.35177      
2.3966667       585.79101       321.23362       99.224681       42.033411       275.45384       268.27058       263.84084       210.05101      
2.4             583.01494       303.55046       98.874505       40.166562       268.6738        263.48372       258.19561       201.07379      
2.4033333       580.18824       286.55286       98.367195       38.327424       261.98671       258.84369       252.52457       192.31119      
2.4066667       577.46487       270.47054       97.869429       36.678736       255.45214       254.35121       246.84561       183.7867       
2.41            574.46602       254.89548       97.229362       35.084385       249.13424       249.97462       241.14592       175.56532      
2.4133333       571.56082       240.2219        96.622684       33.593554       243.06834       245.699         235.22168       167.68072      
2.4166667       568.60118       226.41134       95.866541       32.423008       237.30607       241.58453       228.82019       160.14439      
2.42            565.64165       213.37315       95.061046       31.572451       231.8858        237.64797       222.19002       152.95006      
2.4233333       562.77272       201.13593       94.238617       30.685606       226.88668       233.88416       215.50385       146.10883      
2.4266667       559.72858       189.57408       93.498848       30.541058       222.3371        230.29306       208.82001       139.61614      
2.43            556.87749       178.77816       92.806157       30.549383       218.189         226.79045       202.20007       133.45649      
2.4333333       554.13233       168.71745       92.124636       30.842286       214.42312       223.29086       195.67884       127.65142      
2.4366667       551.48802       159.68776       91.104936       31.340964       211.00652       219.80347       189.28175       122.23556      
2.44            548.82104       151.49178       90.10347        32.081217       207.93347       216.33609       183.03168       117.20123      
2.4433333       545.75697       143.82231       88.30436        33.354483       205.2004        212.88223       176.93753       112.51871      
2.4466667       543.12627       137.07474       85.84713        36.643321       202.78034       209.44273       171.01345       108.17213      
2.45            540.62279       131.1403        82.693686       40.213073       200.65559       206.00352       165.26927       104.14689      
2.4533333       538.15151       125.96502       78.962194       44.251075       198.81006       202.5511        159.7164        100.42243      
2.4566667       535.65056       121.39816       74.737054       48.275023       197.21503       199.07142       154.36424       96.980872      
2.46            533.18963       117.4273        69.894708       52.373265       195.83224       195.55041       149.21912       93.806427      
2.464           530.20591       113.26567       63.755053       57.317745       192.96324       191.39078       143.44375       90.410231      
2.468           527.45133       109.55847       57.832871       62.268513       189.20708       187.063         137.8229        87.257846      
2.472           524.62803       106.42527       51.959803       66.416286       185.20765       182.65856       132.53323       84.426007      
2.476           521.87427       103.61774       46.217958       71.34638        181.21338       178.16153       127.57222       81.881102      
2.48            519.11811       101.21754       40.508637       75.384867       177.28422       173.56536       122.919         79.596014      
2.484           516.55229       99.229599       35.588941       74.678128       173.50298       168.85708       118.55626       77.538997      
2.488           513.99427       97.576117       31.465246       73.182746       170.08769       164.05833       114.47313       75.685646      
2.492           511.69867       96.250426       28.034144       71.747364       166.80791       159.21277       110.66466       74.021448      
2.496           509.35435       95.188694       25.944375       70.377085       163.59501       154.34739       107.10936       72.52112       
2.5             506.99784       94.469303       25.635816       68.91288        160.47649       149.5228        103.80868       71.1765        
2.504           504.73557       93.91677        25.260983       67.346726       157.42612       144.75524       100.73878       69.965522      
2.508           502.46423       93.668584       25.264287       65.710531       154.47631       140.2265        97.890558       68.871188      
2.512           500.33962       93.657662       25.43034        64.068282       151.6204        135.99564       95.250763       67.882235      
2.516           498.46134       93.632353       25.709173       62.378555       148.83691       131.99922       92.811728       66.98677       
2.52            496.696         93.72656        26.076658       61.097228       146.0938        128.16537       90.558011       66.173971      
2.524           495.05922       93.954683       26.283698       60.027296       143.38242       124.46837       88.477315       65.432505      
2.528           493.40216       94.231175       26.360175       59.625312       140.667         120.8877        86.565777       64.765884      
2.532           491.89551       94.659          26.452969       60.30732        137.9248        117.3903        84.806737       64.15531       
2.536           490.61653       95.400121       26.442725       62.526816       135.15962       113.99243       83.199653       63.596535      
2.54            489.30011       96.097103       26.307539       64.690419       132.68628       110.7093        81.730943       63.074895      
2.544           488.04286       96.814537       26.272221       65.506928       130.47162       107.56107       80.388149       62.582369      
2.548           486.9443        97.589202       25.867724       64.675296       128.34988       104.60398       79.167842       62.124245      
2.552           485.85537       98.315623       25.629558       63.442949       126.27824       101.84283       78.060747       61.691398      
2.556           484.85425       99.041325       25.369235       62.149947       124.28731       99.272842       77.060636       61.279169      
2.56            483.90876       99.884433       25.226126       60.861747       122.34591       96.885468       76.158782       60.881458      
2.564           483.00203       100.74342       25.018073       59.532296       120.45289       94.66921        75.348441       60.495461      
2.568           482.38762       102.05147       25.532081       58.587108       118.5993        92.621652       74.627225       60.123444      
2.572           481.88532       103.2711        27.250799       57.663129       116.77218       90.726584       73.987008       59.758743      
2.576           481.00505       104.18249       29.667197       56.469727       114.94715       88.98162        73.431091       59.405695      
2.58            479.9823        105.14931       32.311589       54.729633       113.06823       87.369832       72.947398       59.054316      
2.584           479.10733       106.18913       34.010157       52.6306         111.1441        85.886652       72.532148       58.706305      
2.588           478.47429       107.32452       34.976979       49.79935        109.19441       84.523883       72.179315       58.361831      
2.592           477.93876       108.38612       35.434989       46.880352       107.23109       83.269606       71.87847        58.014206      
2.596           477.51861       109.48664       35.783965       43.314672       105.26784       82.117427       71.628212       57.669788      
2.6             476.79284       110.68731       36.007669       40.237835       103.30883       81.053087       71.418364       57.320223      
2.604           476.29358       111.71786       36.965344       37.170396       101.35811       80.067454       71.245235       56.969892      
2.608           475.9233        112.58242       39.240893       33.7085         99.418508       79.145985       71.102371       56.616384      
2.612           475.47558       113.34107       41.210995       30.159134       97.496253       78.282885       71.070791       56.260755      
2.616           475.0041        113.9817        42.896782       26.569666       95.59123        77.465864       71.235045       55.888502      
2.62            474.82891       114.65298       44.445627       22.871348       93.70925        76.695285       71.488702       55.518448      
2.624           475.02025       115.30893       45.077347       19.043686       91.848138       75.96141        71.729749       55.137819      
2.628           474.98244       115.8148        44.551052       15.333552       90.011229       75.258666       71.918471       54.751724      
2.632           474.75439       116.24178       43.373409       12.163945       88.199265       74.580064       72.037534       54.358551      
2.636           474.51319       116.56909       43.293089       9.3612148       86.407078       73.917669       72.050042       53.956329      
2.64            474.2277        116.87546       42.837387       6.8576449       84.63823        73.266763       71.971046       53.543049      
2.644           473.99112       117.06467       42.22289        4.8990718       82.897341       72.624216       71.824157       53.119036      
2.648           473.71334       117.28665       41.436362       3.4959521       81.186083       71.98488        71.617375       52.682462      
2.652           473.44751       117.44836       40.58899        2.6149561       79.498526       71.346538       71.357829       52.235223      
2.656           473.20914       117.6853        39.726703       2.253698        77.827302       70.702754       71.045546       51.773127      
2.66            472.94709       117.85867       38.904137       2.2579628       76.174359       70.033745       70.661287       51.293193      
2.664           472.66661       118.03626       38.100883       2.3202811       74.549497       69.3521         70.206802       50.802581      
2.668           472.43209       118.31193       37.345283       2.4694146       72.95127        68.656764       69.574272       50.296427      
2.672           472.09666       118.58718       36.518253       2.6273729       71.384703       67.949311       68.822049       49.775281      
2.676           471.71924       118.83751       35.632172       2.8028108       69.853395       67.228061       68.019655       49.240315      
2.68            471.38447       119.20078       34.792696       3.0487718       68.362007       66.491775       67.203862       48.693913      
2.685           470.91112       119.6742        33.726232       3.3597421       66.632353       65.572038       66.152593       48.010442      
2.69            470.69597       120.34296       32.647296       3.6525325       64.91332        64.598578       65.059853       47.282665      
2.695           470.02113       120.84415       31.547507       3.9245462       63.267123       63.608259       64.003035       46.543224      
2.7             469.60164       121.35353       30.21906        4.2029998       61.71246        62.632797       62.968046       45.791217      
2.705           469.11517       121.85414       28.768539       4.4620942       60.243561       61.687803       61.930118       45.024586      
2.71            468.5506        122.28499       27.340213       4.6965267       58.856557       60.762543       60.877252       44.243655      
2.715           467.79374       122.42294       25.893078       4.8801903       57.548512       59.849468       59.824124       43.450346      
2.72            467.0948        122.54947       24.504124       5.0459279       56.319768       58.945575       58.806455       42.650019      
2.725           466.38879       122.8578        23.192091       5.1965153       55.165169       58.046445       57.769641       41.841897      
2.73            465.44182       122.91426       21.894165       5.3377567       54.084708       57.123103       56.707465       41.02802       
2.735           464.53948       122.74096       20.5921         5.4640468       53.078116       56.171316       55.643035       40.208483      
2.74            463.83374       122.08061       19.316002       5.5855499       52.144093       55.21669        54.581664       39.387274      
2.745           462.86916       120.89533       18.174299       5.7219038       51.281273       54.263471       53.524441       38.567548      
2.75            461.70513       119.08027       17.201709       5.872683        50.481692       53.305893       52.468872       37.749208      
2.755           460.69453       116.84975       16.421765       6.0464223       49.741438       52.347104       51.412349       36.937488      
2.76            459.62093       113.98962       15.828731       6.2806263       49.028587       51.39334        50.348872       36.129791      
2.765           458.47161       110.53017       15.333664       6.5601216       48.338856       50.451311       49.291501       35.33724       
2.77            457.1673        106.41301       14.984837       6.89341         47.74134        49.523067       48.215823       34.554616      
2.775           455.88409       101.8455        14.803938       7.7771075       47.259976       48.609902       47.141601       33.78865       
2.78            454.58418       96.845781       14.719726       8.8088548       46.849498       47.711852       46.102524       33.043881      
2.785           453.18319       91.378742       14.708374       9.8300833       46.383792       46.828988       45.093021       32.300641      
2.79            451.73608       85.636934       14.72055        10.723538       45.836178       45.974137       44.13081        31.593018      
2.795           450.19794       79.739391       14.731936       11.56681        45.239413       45.14354        43.204071       30.899652      
2.8             448.62635       73.844991       14.616244       12.386407       44.649793       44.338163       42.315125       30.231884      
2.805           447.09927       68.182358       14.312482       13.152057       44.08538        43.563487       41.466907       29.590049      
2.81            445.48301       62.827539       13.831709       13.548882       43.542528       42.814698       40.65507        28.974246      
2.815           443.79979       57.912227       13.226579       13.890147       43.015135       42.094182       39.879993       28.384529      
2.82            442.09299       53.457014       12.42515        14.444089       42.497566       41.398668       39.136839       27.819181      
2.825           440.36635       49.526535       11.605762       15.126569       41.985431       40.730807       38.427323       27.282059      
2.83            438.62651       46.091106       10.83772        14.931584       41.470742       40.087943       37.748431       26.769978      
2.835           436.78924       43.155285       10.140932       14.665002       40.949968       39.469896       37.099579       26.283133      
2.84            434.9795        40.723235       9.6664716       14.420131       40.421368       38.87807        36.482224       25.823128      
2.845           433.17734       38.790936       9.301543        14.18482        39.885046       38.310725       35.893876       25.387076      
2.85            431.38417       37.303294       9.0658443       13.877016       39.340719       37.765546       35.332161       24.972802      
2.855           429.56889       36.22794        8.9017867       13.530725       38.791767       37.241658       34.795177       24.578519      
2.86            427.79718       35.534308       8.7920467       13.155824       38.241069       36.74094        34.286543       24.210568      
2.865           426.00201       35.103832       8.6803277       12.935709       37.687726       36.258454       33.799342       23.858739      
2.87            424.24899       34.902174       8.5539787       13.289129       37.134565       35.794996       33.334801       23.525432      
2.875           422.48107       34.904906       8.3410787       13.396566       36.582686       35.349511       32.891849       23.2098        
2.88            420.73146       35.082387       7.9539605       13.399707       36.029963       34.918577       32.466852       22.908071      
2.885           419.0332        35.349929       7.4898829       13.066924       35.480743       34.504742       32.062169       22.623285      
2.89            417.38056       35.792275       7.0773995       12.412561       34.932183       34.104258       31.673832       22.351154      
2.895           415.75446       36.507129       6.7938295       11.447271       34.387292       33.717688       31.302468       22.092649      
2.9             414.10886       37.300276       6.7961394       10.296064       33.846186       33.342977       30.946015       21.845795      
2.905           412.6804        38.16586        7.0228687       8.7310185       33.310179       32.978432       30.602179       21.608053      
2.91            411.1522        39.087969       7.2926641       7.0080465       32.781994       32.624442       30.271115       21.380028      
2.915           409.70293       40.001959       7.4581016       5.3289596       32.257484       32.278199       29.949301       21.158507      
2.92            408.26995       40.989904       7.5723475       3.7558375       31.733846       31.941588       29.638779       20.945301      
2.925           406.86524       42.050114       7.6696563       2.4434051       31.210753       31.612879       29.337942       20.739805      
2.93            405.56976       43.05296        7.7460351       1.4918205       30.688779       31.289572       29.043156       20.536967      
2.935           404.32773       44.100899       7.7351344       0.86474546      30.167782       30.970766       28.753989       20.337444      
2.94            403.15526       45.180975       7.6675038       0.58426319      29.651278       30.656941       28.47051        20.14073       
2.945           402.04097       46.489845       7.6140249       0.57601539      29.140766       30.346707       28.191136       19.945102      
2.95            400.99483       48.083649       7.9240615       0.63188407      28.639398       30.041654       27.917667       19.75288       
2.955           399.9427        49.844065       8.3560778       0.69702302      28.145376       29.739362       27.646311       19.560152      
2.96            399.0761        51.743456       8.4827813       0.78382771      27.661833       29.442678       27.380783       19.371724      
2.965           398.35164       53.855701       8.4081576       0.89340336      27.188742       29.145456       27.110461       19.170118      
2.97            397.55347       55.960321       8.0694582       1.0708617       26.726894       28.851089       26.846465       18.976987      
2.975           396.78449       58.026029       7.4232278       1.2954244       26.279195       28.558359       26.584265       18.780122      
2.98            396.08916       60.325678       6.5789663       1.5450926       25.844158       28.26483        26.322216       18.581613      
2.985           395.47148       62.711137       5.6379883       1.8052095       25.423889       27.96812        26.060902       18.380416      
2.99            394.92064       65.072078       4.6910859       2.0404614       25.017463       27.659362       25.798908       18.176636      
2.995           394.35861       67.329221       3.8054295       2.2683327       24.628779       27.340261       25.537561       17.970416      
3               393.94192       69.368942       3.0208613       2.4981872       24.256403       27.017499       25.275818       17.761466      
3.0066667       393.29307       71.642927       2.1937428       2.9627892       23.808553       26.610729       24.944662       17.497498      
3.0133333       393.06508       74.013049       1.5550391       3.6086175       23.357812       26.176765       24.583255       17.201732      
3.02            392.71001       76.575516       1.2911479       4.3323553       22.939461       25.754298       24.226392       16.908308      
3.0266667       392.24878       78.741757       1.2807195       5.0949696       22.548108       25.340732       23.871481       16.614113      
3.0333333       391.76248       80.299121       1.3119011       5.7676228       22.183049       24.940298       23.519747       16.321632      
3.04            391.2887        81.187033       1.3624231       6.3816525       21.836589       24.544779       23.164163       16.022498      
3.0466667       390.83785       81.347018       1.4082173       6.873717        21.509767       24.157211       22.809755       15.724338      
3.0533333       390.3697        80.806438       1.5019711       6.7180721       21.199097       23.775231       22.454943       15.425457      
3.06            389.89269       79.580812       1.6214694       6.6568032       20.902309       23.399026       22.100678       15.127884      
3.0666667       389.67267       77.696684       1.7848232       6.658734        20.618323       23.028859       21.74814        14.833171      
3.0733333       389.35105       75.071682       1.9428762       6.7853589       20.342982       22.662299       21.395819       14.540557      
3.08            388.54427       71.584191       2.1759489       6.9214364       20.079589       22.302403       21.046563       14.253283      
3.0866667       387.68481       67.642899       2.4608516       7.037001        19.822827       21.946836       20.698851       13.96969       
3.0933333       386.71835       63.370573       2.7518874       6.9890914       19.571865       21.596148       20.353648       13.692857      
3.1             385.68255       59.030639       3.0656309       6.7520244       19.32532        21.250856       20.011362       13.421485      
3.1066667       384.65543       54.795115       3.3879872       6.4910652       19.080359       20.910513       19.672726       13.158435      
3.1133333       383.75381       50.780055       3.7254733       6.3810206       18.835672       20.574509       19.336916       12.902048      
3.12            382.87852       47.051684       4.0479747       6.259664        18.587238       20.241572       19.003768       12.653028      
3.1266667       381.87255       43.462811       4.3761312       6.0604524       18.333434       19.915653       18.677104       12.414991      
3.1333333       380.94126       40.199719       4.7140141       5.8588453       18.056696       19.593133       18.35393        12.185221      
3.14            379.79417       37.029221       5.0120975       5.65797         17.764375       19.274693       18.034494       11.962747      
3.1466667       378.66123       34.124263       5.311419        5.4145516       17.459781       18.960753       17.720511       11.750391      
3.1533333       377.43416       31.32468        5.5686353       5.2297851       17.15447        18.655064       17.415642       11.551904      
3.16            376.22484       28.755197       5.8113536       5.1346084       16.845906       18.350062       17.11155        11.35596       
3.1666667       374.93238       26.366639       6.0260326       4.9887178       16.541606       18.052194       16.816283       11.172887      
3.1733333       373.67971       24.281222       6.2491463       4.696236        16.241756       17.759943       16.52777        10.999094      
3.18            372.23946       22.434167       6.4599429       4.2232836       15.945546       17.472366       16.245246       10.833792      
3.1866667       370.7201        20.844695       6.6614371       3.6550088       15.653635       17.188964       15.968179       10.676199      
3.1933333       369.18968       19.462455       6.8709811       3.0053716       15.367712       16.91021        15.697021       10.526063      
3.2             367.61923       18.267802       7.0818815       2.3897589       15.079876       16.633652       15.429027       10.379191      
3.2066667       366.10376       17.225942       7.29879         1.8845509       14.793325       16.363734       15.169351       10.242183      
3.2133333       364.4959        16.326223       7.5505662       1.4701151       14.507312       16.098571       14.915968       10.11189       
3.22            362.87463       15.559612       7.7966264       1.10095         14.22264        15.837325       14.667752       9.9860836      
3.2266667       361.24434       14.872741       7.9968481       0.80049796      13.941777       15.58068        14.425498       9.8655813      
3.2333333       359.61126       14.207466       8.1096616       0.68688461      13.665859       15.328492       14.189118       9.749617       
3.24            358.28679       13.598794       8.1117123       0.71144944      13.396186       15.080287       13.958001       9.6376461      
3.2466667       356.8366        12.975023       8.0033605       0.76124766      13.133631       14.835957       13.732081       9.5288839      
3.2533333       355.39461       12.302969       7.7846732       0.84458045      12.880259       14.596079       13.512038       9.4244105      
3.26            354.10566       11.560555       7.4513859       0.99234307      12.63621        14.359353       13.296472       9.3225314      
3.2666667       352.91194       10.729275       7.0441179       1.1474695       12.40428        14.126877       13.086095       9.2231819      
3.2733333       351.77969       9.7649578       6.5707948       1.3162429       12.184922       13.897851       12.879966       9.1254767      
3.28            350.67718       8.6748008       6.0652308       1.4991528       11.981374       13.673126       12.678986       9.030639       
3.2866667       349.6679        7.4846067       5.6089021       1.6789161       11.794499       13.45189        12.482041       8.936981       
3.2933333       348.80469       6.1983999       5.2781773       1.8667132       11.62437        13.233776       12.288483       8.8434322      
3.3             348.19018       4.828755        5.0336679       2.0629433       11.470578       13.019122       12.09872        8.7510013      
3.3066667       347.84585       3.6329094       4.8924835       2.2754852       11.339674       12.808943       11.913481       8.6601113      
3.3133333       347.66624       3.4021052       4.8208461       2.4880234       11.248469       12.601975       11.731385       8.5690204      
3.32            346.89274       3.3302651       4.8218226       2.8808037       11.188712       12.398889       11.55336        8.479306       
3.3266667       346.60522       3.2797336       4.9301701       3.2882634       11.146535       12.200253       11.379309       8.3902473      
3.3333333       346.72121       3.2405894       5.0835948       3.5703571       11.108779       12.00433        11.207938       8.3005888      
3.34            346.79804       3.3255676       5.2780942       3.891317        11.071156       11.812514       11.040604       8.2118243      
3.3466667       346.95718       3.4567905       5.5029001       4.2511212       11.031365       11.62394        10.876224       8.1225778      
3.3533333       347.24402       3.6053573       5.7345243       4.6180198       10.988878       11.437121       10.713052       8.0305724      
3.36            347.55119       3.6998923       5.9277077       4.8835185       10.907116       11.254863       10.554511       7.9413063      
3.3666667       347.52529       3.4530792       6.0418337       4.8853497       10.766117       11.075101       10.397875       7.849857       
3.3733333       347.12718       3.0792566       6.0426622       4.8617173       10.597827       10.898931       10.244636       7.7589989      
3.38            346.64593       2.8357309       5.911797        4.8475508       10.419514       10.726005       10.094194       7.667679       
3.3866667       346.03623       2.7442934       5.6401477       4.8585167       10.240224       10.555889       9.9464084       7.5762304      
3.3933333       345.78592       2.6966973       5.2427616       5.1329209       10.061174       10.387774       9.8000068       7.4829842      
3.4             345.28792       2.637562        4.7036423       5.3142904       9.884125        10.223004       9.6566481       7.3901919      
3.4066667       344.75047       2.543258        4.1051727       5.3956202       9.7089034       10.061925       9.5170447       7.299213       
3.4133333       344.19865       2.5249152       3.5103717       5.3300272       9.5346499       9.9018351       9.3774406       7.2048816      
3.42            343.91491       2.4844859       2.9500388       5.1502293       9.3632366       9.7458391       9.2420272       7.1132356      
3.4266667       343.4375        2.4653632       2.4616003       5.0242182       9.1913082       9.5918698       9.1083586       7.0215948      
3.4333333       342.76993       2.4427512       2.0652262       4.8647956       9.0197914       9.4407339       8.977207        6.9310257      
3.44            342.07981       2.4147615       1.764023        4.664914        8.8492448       9.29219         8.8484461       6.8415679      
3.4466667       341.35112       2.3899965       1.5635794       4.4973491       8.6809756       9.1459325       8.7214315       6.7519655      
3.4533333       340.48012       2.3660256       1.4328846       4.380992        8.5174472       9.0036929       8.5987983       6.667426       
3.46            339.57309       2.4805783       1.3520589       4.3724011       8.3559623       8.8616679       8.4760156       6.5819053      
3.4666667       338.77416       2.7998728       1.2838357       4.4587414       8.2012907       8.7241726       8.3574841       6.5001868      
3.4733333       337.75482       3.2874958       1.2417911       4.5156479       8.0469584       8.5858077       8.2379792       6.417606       
3.48            336.65341       4.0070751       1.2335897       4.4456943       7.8994503       8.4538909       8.1249351       6.3417144      
3.4866667       335.4579        4.9000193       1.2584456       4.3410086       7.7461516       8.3200546       8.009718        6.2637195      
3.4933333       334.25706       5.9821815       1.3234939       4.2333936       7.5951121       8.1923845       7.9003576       6.1913133      
3.5             332.99739       7.1510574       1.3832332       4.0552066       7.4391888       8.0633492       7.7897519       6.1180939      
3.5066667       331.71606       8.3403552       1.4429017       3.7455349       7.2860326       7.9393706       7.6838386       6.049177       
3.5133333       330.37075       9.4556082       1.4852301       3.2708983       7.1309943       7.814205        7.5766388       5.9794574      
3.52            329.05092       10.578291       1.5102755       2.7293889       6.9831394       7.6953846       7.4759015       5.9167908      
3.5266667       327.65396       11.593197       1.5065379       2.1338275       6.8365684       7.5751628       7.3734544       5.8526128      
3.5333333       326.22864       12.470689       1.4644166       1.5805041       6.699104        7.4591869       7.2752216       5.7932119      
3.54            324.84199       13.247971       1.3860524       1.1415268       6.5693824       7.3438975       7.1776401       5.7345299      
3.5466667       323.41057       13.972609       1.2733583       0.81033036      6.4523988       7.2328376       7.0837945       5.6792936      
3.5533333       321.84236       14.622452       1.1411878       0.68134152      6.3442841       7.1220084       6.9897879       5.6235367      
3.56            320.34985       15.214372       1.0135853       0.62580624      6.2522111       7.0166821       6.9005382       5.5719156      
3.5666667       318.83562       15.752728       0.90157523      0.60881281      6.1704329       6.9105175       6.8103177       5.5189572      
3.5733333       317.27923       16.245833       0.80611482      0.60166204      6.1171685       6.8099342       6.724868        5.4698417      
3.58            315.68052       16.703328       0.74207894      0.586419        6.087455        6.7089226       6.6389627       5.4194036      
3.5866667       314.07109       17.130952       0.71964226      0.58052483      6.0807127       6.6131589       6.5579003       5.3727428      
3.5933333       312.4243        17.522728       0.71651931      0.56507285      6.0851834       6.517166        6.476445        5.3245966      
3.6             310.75939       17.891945       0.71462582      0.54814322      6.0998324       6.4252037       6.3985515       5.2786873      
3.6066667       309.08358       18.25435        0.705694        0.52745406      6.115352        6.3333048       6.3200989       5.2303701      
3.6133333       307.38402       18.578485       0.69332438      0.50823275      6.1218873       6.2445262       6.2442228       5.183363       
3.62            305.62099       18.860042       0.68793806      0.49272448      6.070534        6.1569217       6.1693338       5.1361641      
3.6266667       303.83566       19.09951        0.68792159      0.47734895      5.9936865       6.0717939       6.0963541       5.0898027      
3.6333333       302.07968       19.308055       0.68391647      0.46197068      5.9112369       5.9887162       6.0246723       5.0430929      
3.64            300.2335        19.482795       0.69159746      0.4533331       5.8279707       5.9069687       5.9537517       4.996004       
3.6466667       298.35212       19.62478        0.69874545      0.44152871      5.7477833       5.8282044       5.8848301       4.9494326      
3.6533333       296.41761       19.737345       0.70493091      0.44039526      5.6704181       5.750095        5.8161114       4.9016741      
3.66            294.46617       19.823036       0.70777379      0.43922468      5.5984003       5.6753559       5.7502725       4.855337       
3.6666667       292.46008       19.871572       0.70560894      0.43727133      5.5249738       5.6008162       5.6843052       4.8076003      
3.6733333       290.40343       19.890399       0.70319818      0.44699216      5.4535308       5.529514        5.6212903       4.7615878      
3.68            288.31651       19.883125       0.70464015      0.465312        5.3820808       5.4587045       5.5581972       4.7139482      
3.6866667       286.23283       19.844685       0.70197632      0.48673545      5.3127739       5.3901492       5.4970163       4.6669974      
3.6933333       284.12297       19.780163       0.69998367      0.51318627      5.2438234       5.3223432       5.4362031       4.6189806      
3.7             282.02416       19.700933       0.69862652      0.53991469      5.1768808       5.2564989       5.3769785       4.5714405      
3.7066667       279.91757       19.580623       0.69638027      0.56632035      5.1114814       5.1920022       5.3186248       4.5235352      
3.7133333       277.77692       19.426462       0.7000475       0.60159467      5.0477923       5.1294247       5.2617105       4.4757964      
3.72            275.64699       19.239558       0.70155899      0.65007335      4.985485        5.0673657       5.2048375       4.4270411      
3.7266667       273.56312       19.033557       0.70915918      0.70481092      4.9270199       5.0077255       5.1501641       4.3796432      
3.7333333       271.5359        18.803618       0.71251038      0.7620966       4.8718373       4.9479317       5.0948486       4.3305866      
3.74            269.53409       18.552803       0.71639888      0.82286787      4.8215556       4.8911722       5.042189        4.2832643      
3.7466667       267.62685       18.271802       0.71426814      0.88399789      4.7709167       4.8332747       4.9881316       4.2337612      
3.7533333       265.75594       17.970605       0.71502503      0.95289166      4.7234366       4.7789016       4.9374657       4.1869171      
3.76            263.97104       17.647079       0.71236014      1.0225564       4.6747813       4.724202        4.8863741       4.1392868      
3.7666667       262.27699       17.300454       0.7116192       1.0991996       4.628079        4.67246         4.8380308       4.0938322      
3.7733333       260.69423       16.931171       0.70904562      1.1767383       4.5800278       4.6201753       4.7889503       4.0471482      
3.78            259.30995       16.536824       0.70482618      1.2458896       4.5334189       4.5703511       4.7419663       4.0018721      
3.7866667       258.02263       16.121649       0.69970119      1.3132982       4.4852852       4.5209012       4.6955959       3.9572672      
3.7933333       256.84086       15.694036       0.69661395      1.3811257       4.437395        4.4734046       4.6510895       3.9141201      
3.8             255.76641       15.251422       0.69192965      1.4411745       4.3864221       4.425215        4.6057924       3.8700241      
3.8066667       254.81569       14.800224       0.6876312       1.505768        4.3355887       4.379606        4.563009        3.8281345      
3.8133333       253.92719       14.327922       0.67969177      1.5825643       4.2812775       4.3327335       4.5189688       3.7846718      
3.82            253.26031       13.858541       0.67423079      1.6665418       4.2280997       4.2891559       4.4782695       3.7445631      
3.8266667       252.655         13.38229        0.66616678      1.7511367       4.1710509       4.2438247       4.4356418       3.7022903      
3.8333333       252.06516       12.857903       0.66228075      1.8409677       4.1148735       4.2018594       4.3962958       3.663176       
3.84            251.51215       12.25419        0.65344077      1.9285788       4.0541711       4.1579268       4.3552841       3.6229331      
3.8466667       251.0437        11.607999       0.64973986      2.0514639       3.9961396       4.1176511       4.3174417       3.5855357      
3.8533333       250.67016       10.872964       0.64198336      2.1843201       3.9350677       4.0762384       4.2788382       3.5480483      
3.86            250.40679       10.059508       0.63919331      2.3158127       3.8746436       4.0365043       4.2418266       3.5123818      
3.8666667       250.13047       9.1796366       0.63601997      2.4385855       3.8135601       3.9970903       4.2051074       3.4775748      
3.8733333       249.75908       8.2555719       0.63125827      2.5534934       3.7524769       3.9580905       4.1687276       3.4430966      
3.88            249.40629       7.3349826       0.62918552      2.662896        3.6922701       3.9205308       4.1339001       3.4111351      
3.8866667       249.10113       6.462853        0.62586965      2.7739942       3.6323          3.8830539       4.0990681       3.3795971      
3.8933333       248.81025       5.7036796       0.62128719      2.8620147       3.5730812       3.8464563       4.0651763       3.3495925      
3.9             248.54893       5.0762295       0.6133366       2.8578969       3.5145424       3.810194        4.0316292       3.3205171      
3.9066667       248.3246        4.6063259       0.60706992      2.7499262       3.4572584       3.774533        3.9988094       3.2927366      
3.9133333       248.0796        4.3519836       0.59855095      2.6636278       3.4018292       3.7396028       3.9666696       3.2661354      
3.92            247.81002       4.344535        0.58994004      2.6042154       3.3483419       3.7053927       3.9352028       3.2406626      
3.9266667       247.4878        4.5775559       0.57997756      2.5582888       3.2963783       3.6713534       3.903936        3.2159828      
3.9333333       247.18076       5.0321186       0.56882872      2.5120636       3.2465466       3.6382593       3.8736613       3.1929695      
3.94            246.84099       5.6525892       0.55813934      2.4620984       3.1985523       3.6052329       3.8432862       3.170186       
3.9466667       246.44715       6.3677429       0.54714022      2.4096046       3.1529812       3.5730315       3.8139021       3.1489257      
3.9533333       246.13704       7.1295782       0.53566336      2.3611712       3.1092627       3.5405223       3.7839242       3.1271067      
3.96            245.75583       7.9033315       0.52577496      2.3098601       3.0684928       3.5092099       3.7553469       3.1071248      
3.9666667       245.34566       8.6694892       0.51550223      2.2716099       3.0296719       3.4781079       3.7269804       3.0874438      
3.9733333       244.92089       9.4248838       0.50991069      2.2417177       2.9929442       3.4472267       3.6987749       3.0681525      
3.98            244.48744       10.143036       0.50284094      2.21287         2.9585852       3.4172099       3.6714672       3.0500805      
3.9866667       244.03873       10.818952       0.49353095      2.1825698       2.9248932       3.3865135       3.6436544       3.0319315      
3.9933333       243.58283       11.451132       0.48607349      2.1523313       2.8947155       3.3578856       3.617735        3.0156174      
4               243.1111        12.030493       0.47681725      2.1170829       2.8635711       3.3273714       3.5900307       2.998189       
4.0066667       242.63354       12.547323       0.46938748      2.0819991       2.8364471       3.2997493       3.5651371       2.9839226      
4.0133333       242.13876       13.001301       0.46065292      2.046704        2.8090135       3.2710405       3.5390504       2.9685414      
4.02            241.69033       13.448148       0.45347135      2.0146617       2.7838725       3.2439694       3.5145191       2.9546339      
4.0266667       241.2593        13.826539       0.44398507      1.9812593       2.7577513       3.2154959       3.4886772       2.9396145      
4.0333333       240.83926       14.149207       0.4356233       1.9528753       2.734922        3.1897513       3.4653777       2.9266788      
4.04            240.40661       14.417843       0.42699209      1.9222141       2.7111666       3.1628666       3.4409932       2.9125935      
4.0466667       240.00229       14.633615       0.41705513      1.8914219       2.6880855       3.1362763       3.4166912       2.8978395      
4.0533333       239.64163       14.794138       0.40870006      1.8619915       2.6667549       3.1110875       3.3937729       2.8839566      
4.06            239.27486       14.89399        0.39824649      1.832332        2.6450239       3.0853781       3.3701842       2.8685348      
4.0666667       238.90499       14.935272       0.38909576      1.8041398       2.625022        3.0609176       3.347669        2.8531303      
4.0733333       238.54323       14.91263        0.37825427      1.7738756       2.6043061       3.0357051       3.3244069       2.8359985      
4.08            238.1396        14.815374       0.37221543      1.7456668       2.5860265       3.0125383       3.303044        2.8196211      
4.0866667       237.75384       14.627452       0.36285868      1.7160272       2.5670964       2.9885268       3.28079         2.8008516      
4.0933333       237.35201       14.346456       0.35466383      1.6869628       2.5493684       2.965461        3.2593402       2.7817081      
4.1             236.9366        13.978634       0.34669599      1.6565757       2.5309502       2.9416002       3.2371001       2.7602373      
4.1066667       236.52835       13.518329       0.34110772      1.627275        2.5149691       2.9200025       3.2170374       2.739538       
4.1133333       236.11306       12.982892       0.33374479      1.59628         2.4976692       2.8969841       3.1955151       2.7157103      
4.12            235.68087       12.379004       0.32938908      1.5668154       2.4824248       2.8756727       3.1756655       2.6920995      
4.1266667       235.22517       11.739942       0.32172395      1.5334639       2.4663285       2.8531333       3.1546062       2.6658768      
4.1333333       234.73443       11.07835        0.31811397      1.5010905       2.4530562       2.8329704       3.1358025       2.6401675      
4.14            234.23114       10.404538       0.31222857      1.46438         2.4391273       2.8119434       3.1163544       2.6124771      
4.1466667       233.68943       9.7428716       0.3068079       1.4301432       2.4255665       2.7907899       3.0968005       2.5828883      
4.1533333       233.13202       9.1159398       0.30299383      1.3978876       2.413926        2.770938        3.0785799       2.552921       
4.16            232.52858       8.5499421       0.29692664      1.3730539       2.4013859       2.7496638       3.0590978       2.520192       
4.1666667       231.89248       8.063873        0.29282761      1.3553354       2.3916906       2.7307756       3.04205         2.4883952      
4.1733333       231.22747       7.6722809       0.28666841      1.3292222       2.3809969       2.7103827       3.0236342       2.454369       
4.18            230.55161       7.3943552       0.28421089      1.2877151       2.3729492       2.6919469       3.0070237       2.4205224      
4.1866667       229.85768       7.2324538       0.27959277      1.2383538       2.364317        2.6723292       2.9892752       2.3846092      
4.1933333       229.14158       7.1768177       0.27664707      1.1844117       2.3584959       2.6549137       2.9736448       2.3499262      
4.2             228.41599       7.2391725       0.27370408      1.1305046       2.3525823       2.6367516       2.9572964       2.3142515      
4.2066667       227.68873       7.4241051       0.27195237      1.0748158       2.3477506       2.6190565       2.9413008       2.2786435      
4.2133333       226.94748       7.7072586       0.27238797      1.0181426       2.3447038       2.6025488       2.9264109       2.2444991      
4.22            226.21402       8.0620357       0.27399005      0.95791758      2.3416906       2.5857334       2.9112466       2.2107577      
4.2266667       225.47386       8.470726        0.27606887      0.89717833      2.3395693       2.5692498       2.8961721       2.1778439      
4.2333333       224.73879       8.9158104       0.27927742      0.83824311      2.337267        2.5524401       2.8807509       2.1454461      
4.24            224.01109       9.3862195       0.28535551      0.7799452       2.3367127       2.5371529       2.8667432       2.1158092      
4.2466667       223.2981        9.8667839       0.29053008      0.71725315      2.3361268       2.521412        2.8522625       2.0884968      
4.2533333       222.61474       10.354731       0.29626492      0.65797412      2.3353418       2.5050926       2.8371068       2.0643952      
4.26            221.97527       10.825624       0.3061543       0.60722947      2.3365887       2.4906781       2.8238434       2.0468447      
4.2666667       221.32756       11.283959       0.31461487      0.55882475      2.3368683       2.4755274       2.8098593       2.0329539      
4.2733333       220.69823       11.726405       0.32675725      0.51386499      2.3379923       2.4612721       2.7967636       2.0242471      
4.28            220.08778       12.147223       0.34055651      0.4697863       2.3382535       2.446378        2.7829186       2.0185035      
4.2866667       219.50225       12.548625       0.35777865      0.42572375      2.3352766       2.4331185       2.7706009       2.0182729      
4.2933333       218.93129       12.925352       0.37373807      0.38630785      2.3252825       2.4193553       2.7577299       2.0211001      
4.3             218.38032       13.273955       0.38974003      0.35036462      2.3127348       2.4063214       2.7454053       2.0275043      
4.3066667       217.85075       13.596168       0.40595137      0.31707853      2.2987527       2.393305        2.7328763       2.0366191      
4.3133333       217.33903       13.890051       0.41948251      0.28662953      2.2838466       2.3800791       2.7198864       2.0479374      
4.32            216.78749       14.15649        0.43606177      0.26065625      2.2702292       2.3688399       2.7086365       2.0633596      
4.3266667       216.10658       14.401183       0.45113481      0.23902148      2.2634627       2.357134        2.6966135       2.0800139      
4.3333333       215.4429        14.616987       0.46618713      0.23459457      2.262402        2.346266        2.6850818       2.1000081      
4.34            214.82406       14.8088         0.48095786      0.2316789       2.2654394       2.3354076       2.6732157       2.1318245      
4.3466667       214.25178       14.995524       0.49401706      0.22740293      2.2693138       2.3236913       2.6600842       2.1738892      
4.3533333       213.69861       15.152163       0.50885276      0.22303351      2.2734372       2.3145193       2.6490474       2.2208701      
4.36            213.16839       15.282375       0.52157798      0.20965973      2.2706548       2.3038414       2.6363034       2.2659162      
4.3666667       212.65125       15.399425       0.53612303      0.20560349      2.2656444       2.295483        2.6255044       2.3112396      
4.3733333       212.13321       15.500066       0.54773641      0.20046921      2.2568808       2.2853498       2.6128037       2.3526049      
4.38            211.61902       15.585897       0.56115495      0.1975925       2.2504019       2.2780937       2.6029342       2.3935858      
4.3866667       211.09546       15.653586       0.57236537      0.19254962      2.242498        2.2699097       2.5927088       2.4305125      
4.3933333       210.56012       15.708459       0.58247306      0.18706809      2.2345449       2.2619403       2.5833659       2.4638778      
4.4             210.01264       15.754296       0.59248204      0.18300366      2.2287943       2.2561797       2.576858        2.4958528      
4.4066667       209.45107       15.789701       0.60062295      0.17845783      2.2222843       2.2497594       2.5703643       2.5246805      
4.4133333       208.88079       15.817065       0.60590599      0.17260003      2.2151878       2.2431541       2.5642312       2.550825       
4.42            208.30156       15.839622       0.61070389      0.16910887      2.2099207       2.2383679       2.5602322       2.5766319      
4.4266667       207.72719       15.85759        0.61068668      0.16472067      2.2038018       2.2328963       2.5585065       2.5999893      
4.4333333       207.17502       15.873181       0.60821062      0.16062779      2.1975297       2.2275557       2.5585563       2.6219416      
4.44            206.63265       15.888394       0.60422658      0.16068429      2.1931215       2.2240233       2.5600084       2.6277214      
4.4466667       206.10243       15.906378       0.59689128      0.1616302       2.1879517       2.2198591       2.5600045       2.6178764      
4.4533333       205.57323       15.922674       0.58580235      0.16591985      2.1824393       2.2154455       2.5590706       2.6038458      
4.46            205.04788       15.948273       0.57266746      0.17376349      2.177895        2.2121642       2.5583583       2.5899208      
4.4666667       204.52541       15.9846         0.55505001      0.1796668       2.1713576       2.2073527       2.5553096       2.5744113      
4.4733333       204.00813       16.019108       0.53748106      0.19152214      2.1668701       2.2047748       2.5535354       2.5608066      
4.48            203.50103       16.06114        0.5163247       0.21020473      2.161884        2.2010329       2.5498248       2.5460365      
4.4866667       202.9854        16.120748       0.49578312      0.26569045      2.160501        2.1979206       2.5459073       2.5315341      
4.4933333       202.47561       16.178956       0.4770571       0.32543129      2.1609244       2.1947848       2.5398429       2.5168126      
4.5             201.97345       16.239205       0.46059033      0.37959363      2.1620143       2.1916161       2.5308946       2.501693       
4.5066667       201.49145       16.311338       0.44675592      0.42742772      2.1635155       2.1884483       2.5204655       2.4853614      
4.5133333       201.01103       16.391582       0.43496645      0.4626843       2.1642969       2.184551        2.5087676       2.4661815      
4.52            200.54144       16.479394       0.42686082      0.48790145      2.1660793       2.1820776       2.4984695       2.4453166      
4.5266667       200.08045       16.573392       0.4203377       0.5096946       2.1666131       2.1787648       2.4874356       2.4192832      
4.5333333       199.62928       16.670848       0.41568236      0.53064026      2.1662683       2.1748242       2.475883        2.3882239      
4.54            199.22095       16.77194        0.41484747      0.54735019      2.1668293       2.1720933       2.4657121       2.3551247      
4.5466667       198.86896       16.872865       0.41620538      0.54666121      2.1664739       2.1684613       2.4547094       2.3176751      
4.5533333       198.5213        16.973846       0.42002903      0.54030702      2.1650759       2.1645707       2.4436627       2.2780621      
4.56            198.17873       17.075055       0.42593868      0.54218218      2.1622837       2.160594        2.4327732       2.2375166      
4.57            197.42163       17.219287       0.44564587      0.57506856      2.1618661       2.160491        2.4216364       2.1841282      
4.58            197.17046       17.380514       0.45358642      0.58303116      2.1496744       2.1497666       2.4010756       2.1185603      
4.59            196.73812       17.505341       0.45803277      0.57775578      2.1403029       2.1392284       2.3799949       2.0480055      
4.6             196.32353       17.628216       0.47361407      0.55273536      2.1370069       2.1338817       2.3642335       1.9796857      
4.61            195.95809       17.741471       0.4863027       0.49437117      2.1318467       2.1260987       2.3460291       1.9050982      
4.62            195.62199       17.849294       0.503134        0.41460433      2.1294597       2.1208959       2.3303748       1.8275814      
4.63            195.2958        17.943737       0.51875115      0.32615932      2.1259448       2.1142184       2.3129738       1.7440326      
4.64            194.98402       18.028591       0.53569212      0.25116594      2.1237174       2.1092952       2.2973269       1.6617021      
4.65            194.69246       18.096266       0.55180323      0.19435981      2.1206462       2.1039973       2.2812197       1.5796718      
4.66            194.39819       18.146131       0.56820143      0.15182252      2.1174286       2.0985895       2.2650121       1.4985098      
4.67            194.12479       18.182805       0.5851189       0.13845551      2.1143822       2.0941221       2.2498552       1.4200149      
4.68            193.86281       18.212603       0.60140054      0.13688214      2.1101109       2.0890743       2.2342047       1.3425005      
4.69            193.59435       18.236011       0.61623936      0.13690923      2.1046141       2.083396        2.2181416       1.2653277      
4.7             193.33117       18.255519       0.63118649      0.13797987      2.1003092       2.0790531       2.2034085       1.1903897      
4.71            193.07285       18.268693       0.6443611       0.13782843      2.0946699       2.0739635       2.1878003       1.1168023      
4.72            192.80628       18.279016       0.6558298       0.13963276      2.0877624       2.0682961       2.1713796       1.0457356      
4.73            192.5222        18.288356       0.66719337      0.1458878       2.0827031       2.064245        2.1565303       0.98033269     
4.74            192.208         18.297073       0.67581208      0.15397696      2.076309        2.0591067       2.1402443       0.91835994     
4.75            191.85661       18.306069       0.68395404      0.16627127      2.0714554       2.0554253       2.1251865       0.86403631     
4.76            191.46432       18.32175        0.68902415      0.17993972      2.065807        2.0506339       2.108313        0.81487915     
4.77            191.02891       18.347179       0.69384033      0.19773752      2.0610612       2.0479509       2.0931323       0.77601162     
4.78            190.54399       18.374972       0.6961991       0.21820622      2.0540479       2.0450737       2.0770202       0.74496471     
4.79            190.01722       18.407175       0.69731643      0.24245392      2.0472198       2.0435956       2.0615822       0.72411096     
4.8             189.44174       18.56748        0.69677644      0.26937387      2.0389835       2.0421796       2.0452213       0.71298361     
4.81            188.81843       19.099619       0.69571195      0.30103415      2.0313053       2.0430903       2.029852        0.71478716     
4.82            188.13217       19.566897       0.69258841      0.33442703      2.0219888       2.0446922       2.0133774       0.72699539     
4.83            187.38384       19.736205       0.68925747      0.36991473      2.0138211       2.0493944       1.9983788       0.75163205     
4.84            186.5874        19.740506       0.68373615      0.41321498      2.0042005       2.0542934       1.9821688       0.78456275     
4.85            185.77686       19.687114       0.67975214      0.48063039      1.9972389       2.0625279       1.9682019       0.82763682     
4.86            184.9677        19.592582       0.67519688      0.5451476       1.9896109       2.071049        1.9533459       0.87595792     
4.87            184.17084       19.495143       0.67281996      0.602862        1.9832532       2.082001        1.9394794       0.92897272     
4.88            183.38888       19.399623       0.67032578      0.59775605      1.9758853       2.0953326       1.9250305       0.98483858     
4.89            182.62563       19.298981       0.67026272      0.59050728      1.9707166       2.1193959       1.9135636       1.0455433      
4.9             181.86732       19.185626       0.6696179       0.58989261      1.9645645       2.1416161       1.9012049       1.1045585      
4.91            181.13071       19.069697       0.67126734      0.5869444       1.9607505       2.1641329       1.8923579       1.1674986      
4.92            180.41015       18.956073       0.67322578      0.57729758      1.9563786       2.1831357       1.882929        1.2290623      
4.93            179.71067       18.824201       0.67624982      0.58456093      1.9544751       2.2023884       1.8770356       1.2937338      
4.94            179.04886       18.693173       0.68106931      0.59660041      1.9545572       2.2217803       1.8741009       1.3622606      
4.95            178.42288       18.56064        0.68512089      0.59843029      1.9551926       2.2398957       1.8737601       1.4319433      
4.96            177.82957       18.425293       0.69075535      0.59506581      1.9587811       2.2584002       1.878452        1.5022891      
4.97            177.26814       18.287869       0.69572615      0.58936301      1.9626739       2.2682288       1.8838383       1.5692488      
4.98            176.73513       18.15125        0.70117644      0.58488732      1.9704978       2.271066        1.8938533       1.6368169      
4.99            176.23162       18.01281        0.70591124      0.57955206      1.9789511       2.2697064       1.9029967       1.6884329      
5               175.74936       17.878329       0.71102428      0.57288505      1.9919182       2.2703105       1.9170484       1.7391545      
5.01            175.29554       17.749437       0.71512926      0.55865065      2.0163057       2.2684155       1.929902        1.7840717      
5.02            174.86338       17.628233       0.71942044      0.53876856      2.0494188       2.2685172       1.9522719       1.8274398      
5.03            174.44475       17.518986       0.72340219      0.51262067      2.0803109       2.2676498       1.9819651       1.8650956      
5.04            173.99555       17.424243       0.72701247      0.48301387      2.1118823       2.2683374       2.0172648       1.9011341      
5.05            173.50399       17.346036       0.72972397      0.45017553      2.1408771       2.2665357       2.0362443       1.9313326      
5.06            172.97538       17.28388        0.73226007      0.41667474      2.1699219       2.2652779       2.053887        1.9590533      
5.07            172.40323       17.234644       0.73398211      0.38101257      2.1970566       2.261556        2.0701934       1.9805239      
5.08            171.79702       17.202746       0.73495952      0.34630084      2.2244096       2.2586689       2.089275        1.9984047      
5.09            171.15804       17.178926       0.73476036      0.31281928      2.2488502       2.2554717       2.1059863       2.0006744      
5.1             170.49656       17.173165       0.73590498      0.28518414      2.2746579       2.257553        2.126765        1.995882       
5.11            169.81146       17.179955       0.73432578      0.26097922      2.2993767       2.2567304       2.1451556       1.9749514      
5.12            169.10819       17.652986       0.73221219      0.24314997      2.325153        2.2552377       2.1634444       1.9463242      
5.13            168.35646       18.265938       0.72758381      0.23052512      2.3433799       2.251944        2.1726314       1.9137463      
5.14            167.57342       18.737155       0.7212663       0.22355503      2.3346379       2.2471955       2.1718797       1.8781646      
5.15            166.77488       19.0326         0.71397696      0.22270418      2.3242498       2.2421233       2.1833276       1.8418727      
5.16            165.99788       19.141          0.70456547      0.22698907      2.3130578       2.2361144       2.1964188       1.8054237      
5.17            165.28752       19.097345       0.69451889      0.23660899      2.3010506       2.2292464       2.2073932       1.772205       
5.18            164.65245       18.994953       0.68312395      0.25103674      2.2882605       2.2221045       2.2164549       1.7457617      
5.19            164.10039       18.882857       0.67081597      0.27080781      2.2787392       2.2146346       2.2226843       1.7190725      
5.2             163.59927       18.763214       0.65758814      0.29624439      2.2704118       2.2075888       2.2266772       1.6907053      
5.21            163.16103       18.63495        0.64299755      0.3245507       2.260091        2.1995457       2.2255569       1.657984       
5.22            162.78016       18.492581       0.62828167      0.37068218      2.2463489       2.1920452       2.2183117       1.6246019      
5.23            162.43053       18.333638       0.61365973      0.42647842      2.2301503       2.1854826       2.2071991       1.5912342      
5.24            162.16672       18.149136       0.60016741      0.48197666      2.2107549       2.1804442       2.1947155       1.5618133      
5.25            161.97214       17.939758       0.58697021      0.53557831      2.18787         2.176892        2.1811869       1.5356137      
5.26            161.85514       17.700067       0.57379963      0.58639282      2.1632549       2.1747334       2.1663541       1.5109082      
5.27            161.81151       17.436136       0.5605009       0.63292728      2.137755        2.1739599       2.1495713       1.4864449      
5.28            161.7984        17.148949       0.54657808      0.67427837      2.1107802       2.1741107       2.1299944       1.4593654      
5.29            161.81376       16.843315       0.53197264      0.68790959      2.0834552       2.179398        2.1098494       1.4302606      
5.3             161.84064       16.530071       0.51677892      0.68674853      2.0550178       2.1832482       2.0889951       1.3972947      
5.31            161.86458       16.222173       0.50189928      0.68322408      2.0269839       2.1860866       2.0685448       1.3551352      
5.32            161.84873       15.922384       0.48799375      0.6792339       1.9990154       2.1795506       2.0481719       1.3049887      
5.33            161.80454       15.645806       0.47588247      0.67526735      1.9713196       2.1686755       2.0292249       1.2542714      
5.34            161.7168        15.397495       0.46391717      0.66981925      1.9416564       2.1552748       2.0092114       1.201169       
5.35            161.54354       15.189203       0.45626254      0.6672585       1.9151187       2.1434025       1.9922244       1.151342       
5.36            161.28463       15.019171       0.44939933      0.66378748      1.8883158       2.1294708       1.9741355       1.1004994      
5.37            160.93955       14.893072       0.44662913      0.66222624      1.8650138       2.1188237       1.9583099       1.0531341      
5.38            160.51747       14.810421       0.44517974      0.66035138      1.8422748       2.105222        1.9418117       1.0056243      
5.39            160.03288       14.771397       0.44831533      0.65997727      1.8229978       2.0927463       1.9287329       0.96283277     
5.4             159.49137       14.772305       0.4525338       0.65758724      1.8049179       2.0786499       1.9153454       0.92092327     
5.41            158.90836       14.808989       0.46012493      0.65601378      1.7904743       2.0654596       1.9045043       0.88373417     
5.42            158.3045        14.879935       0.46950003      0.65336586      1.7784787       2.0518772       1.8949635       0.85072325     
5.43            157.70089       14.980915       0.48115059      0.65115578      1.7697108       2.0387956       1.8879576       0.82368539     
5.44            157.10747       15.098235       0.49222321      0.64584156      1.7621724       2.0242429       1.8811325       0.8004237      
5.45            156.54495       15.245215       0.50580476      0.64284563      1.7583618       2.0109332       1.8777302       0.78613407     
5.46            156.0168        15.40627        0.51778183      0.6373591       1.7547289       1.9954673       1.8740356       0.77672316     
5.47            155.53173       15.590605       0.53216142      0.63442303      1.7549177       1.9814313       1.8745285       0.77651614     
5.48            155.07041       15.790129       0.54481463      0.62968855      1.7546739       1.9651277       1.8751008       0.78033608     
5.49            154.62009       16.063534       0.55969121      0.62803885      1.7575118       1.9501743       1.8795539       0.79353562     
5.5             154.22655       16.392633       0.57277795      0.6252611       1.7588481       1.9330415       1.8834375       0.81177246     
5.51            153.86564       16.654015       0.58847052      0.62459246      1.7599597       1.9173521       1.8902652       0.83847574     
5.52            153.53855       16.874351       0.60216387      0.62121004      1.7573053       1.8994006       1.8998604       0.86817422     
5.53            153.24689       17.083515       0.61842809      0.61904043      1.7536762       1.8826065       1.9123704       0.90423102     
5.54            152.96039       17.277601       0.63549083      0.61624865      1.7471294       1.8656328       1.9228863       0.94363587     
5.55            152.68879       17.450194       0.65299305      0.61296487      1.7395359       1.8492688       1.9320543       0.98858909     
5.56            152.42006       17.596761       0.67154586      0.61002505      1.7310066       1.8327774       1.9276252       1.0470683      
5.57            152.14034       17.712178       0.69129045      0.60612941      1.7222022       1.8164693       1.9191754       1.108319       
5.58            151.86331       17.802313       0.70973912      0.59736991      1.7120566       1.7992004       1.9087168       1.1644658      
5.59            151.60065       17.864723       0.73021868      0.57536916      1.7038716       1.7837247       1.8992412       1.2249655      
5.6             151.36368       17.897554       0.7495951       0.54609231      1.6943151       1.7683457       1.8890401       1.291791       
5.61            151.16472       17.879699       0.76884127      0.51350977      1.6840018       1.7536074       1.8784366       1.3568907      
5.62            151.02626       17.798447       0.78888808      0.47938592      1.6748827       1.7405567       1.8684257       1.418588       
5.63            150.95521       17.643832       0.80675293      0.44418907      1.6652764       1.7272638       1.8573377       1.4737797      
5.64            150.98639       17.428427       0.82303833      0.41140715      1.6567274       1.7160678       1.847365        1.5251173      
5.65            151.08516       17.153094       0.83515604      0.37745806      1.6471136       1.7044248       1.8357109       1.5695772      
5.66            151.2259        16.845555       0.8452257       0.34545268      1.6393398       1.6956          1.8257903       1.6108777      
5.67            151.44951       16.485298       0.85164743      0.31125826      1.6289395       1.6860065       1.8138898       1.6457011      
5.68            151.74815       16.088328       0.86009397      0.28007823      1.6173806       1.6795264       1.8039641       1.669087       
5.69            152.05451       15.646092       0.86719139      0.24782452      1.6023401       1.6725108       1.7921343       1.6811288      
5.7             152.34493       15.217171       0.87707019      0.21903082      1.5890169       1.6687755       1.78244         1.6922525      
5.71            152.58803       14.82784        0.88625462      0.19067095      1.5742642       1.6648944       1.7712905       1.6969991      
5.72            152.68978       14.503835       0.89785812      0.16696975      1.5620519       1.6639586       1.7622017       1.6925648      
5.73            152.72132       14.251808       0.93162218      0.15494327      1.5487914       1.6625429       1.751661        1.6767746      
5.74            152.69298       14.078108       0.9675006       0.15572697      1.5379137       1.6634989       1.743007        1.6583126      
5.75            152.60191       13.984958       0.99897879      0.15679914      1.5264635       1.6639936       1.7333001       1.6358973      
5.76            152.44961       13.966246       1.0301169       0.16064624      1.5171853       1.6666761       1.7255215       1.6132199      
5.77            152.24619       14.012441       1.0569874       0.16360875      1.506979        1.6720244       1.7164609       1.5874552      
5.78            152.02057       14.115324       1.0849194       0.16787937      1.4989291       1.6806173       1.7094021       1.5627701      
5.79            151.76794       14.2608         1.1120386       0.1735958       1.4895324       1.6872746       1.7009954       1.5357671      
5.8             151.55489       14.438226       1.1350702       0.1823471       1.4816252       1.6940738       1.6940866       1.5091887      
5.81            151.38591       14.635053       1.1354801       0.19135247      1.4722566       1.6980327       1.6857124       1.478072       
5.82            151.20395       14.841466       1.134397        0.20234703      1.4639664       1.7019208       1.6788733       1.4459531      
5.83            151.035         15.046465       1.1320877       0.2135284       1.4544221       1.7033644       1.6712145       1.4103984      
5.84            150.8782        15.238162       1.1309703       0.22092822      1.4457931       1.69835         1.6651466       1.3748019      
5.85            150.74171       15.413185       1.1305193       0.21800736      1.4349711       1.6901397       1.6576901       1.336477       
5.86            150.62014       15.563027       1.1313327       0.21876834      1.4246508       1.6827059       1.6515954       1.2990408      
5.87            150.51088       15.684929       1.1293869       0.22043018      1.4120914       1.673703        1.6440395       1.2600152      
5.88            150.4183        15.774859       1.1296413       0.2250568       1.4006906       1.6666525       1.6383064       1.2232778      
5.89            150.33217       15.820322       1.1280508       0.22615938      1.3873674       1.6581818       1.6311152       1.1856887      
5.9             150.25759       15.822142       1.1286755       0.22480201      1.3753511       1.6512822       1.6254409       1.1505487      
5.91            150.1942        15.775769       1.1258236       0.21622035      1.3613327       1.6427503       1.6181183       1.1149433      
5.92            150.14417       15.67989        1.1239784       0.20550893      1.348959        1.6359818       1.6126658       1.0825907      
5.93            150.10375       15.530332       1.1211508       0.19053132      1.3349782       1.6276843       1.6056914       1.0501624      
5.94            150.07085       15.330216       1.1191839       0.1748846       1.3230678       1.620802        1.600119        1.0208828      
5.95            150.04328       15.079586       1.1137227       0.15848639      1.3103957       1.6126831       1.5931372       0.99204581     
5.96            150.01784       14.785595       1.107062        0.14301678      1.2996424       1.6057592       1.587279        0.96630284     
5.97            149.97798       14.452105       1.0976312       0.13380932      1.2882376       1.5973474       1.5798109       0.94083183     
5.98            149.91752       14.087293       1.0871687       0.13565015      1.2791063       1.5904269       1.5737228       0.91880252     
5.99            149.82781       13.698816       1.0763268       0.13799399      1.2694196       1.5821534       1.5662572       0.89755647     
6               149.70558       13.296647       1.0676104       0.1409804       1.262034        1.5752374       1.5600285       0.87982911     
6.01            149.52983       12.88435        1.0593703       0.13569285      1.2539957       1.5668144       1.5522227       0.86294173     
6.02            149.31321       12.469374       1.0524819       0.13223668      1.2482354       1.5598021       1.5457245       0.8499968      
6.03            149.03067       12.057876       1.0453078       0.12885766      1.2415158       1.5511541       1.537614        0.83819156     
6.04            148.64566       11.653833       1.0398288       0.13192192      1.2370831       1.5439905       1.530841        0.83062597     
6.05            148.27424       11.260476       1.0328179       0.13749572      1.231976        1.5353681       1.5225296       0.82399037     
6.06            147.86785       10.883316       1.0235235       0.14484191      1.2290143       1.5282182       1.5156388       0.82195419     
6.07            147.42199       10.523106       1.0125535       0.14860933      1.2251951       1.5197356       1.5072741       0.82161764     
6.08            146.95029       10.183229       1.0057035       0.15745805      1.2233939       1.5128962       1.5003465       0.82599058     
6.09            146.45924       9.863061        0.99872081      0.16596684      1.2208592       1.5048533       1.4920231       0.83202388     
6.1             145.95625       9.5658162       0.9893393       0.17653364      1.2200713       1.4981298       1.48478         0.8420096      
6.11            145.44732       9.290545        0.97782758      0.18756767      1.2183141       1.4901016       1.4760034       0.85274382     
6.12            144.93649       9.0388085       0.96472615      0.20269966      1.2184757       1.4836932       1.4686662       0.86712023     
6.13            144.42514       8.8095103       0.95119345      0.23919065      1.2178336       1.4762035       1.4600787       0.88188194     
6.14            143.91078       8.6003603       0.93406815      0.29774323      1.219172        1.4702927       1.45291         0.89959139     
6.15            143.39762       8.4104961       0.9072528       0.35877525      1.220002        1.4632882       1.444513        0.9167982      
6.16            142.87694       8.2364915       0.87036432      0.41535133      1.2228223       1.4577388       1.4374282       0.93595669     
6.17            142.35514       8.079672        0.85883115      0.46083021      1.2250625       1.451143        1.4292729       0.95420407     
6.18            141.82741       7.9351799       0.8465804       0.51150725      1.2295152       1.4460284       1.4224513       0.97820515     
6.19            141.3314        7.8006722       0.80974836      0.58748944      1.2338874       1.4399102       1.4145632       1.0026522      
6.2             140.84051       7.6742374       0.76492054      0.66276522      1.2404128       1.4352098       1.408           1.0274208      
6.21            140.34861       7.5523658       0.71704321      0.73346179      1.2461778       1.4296261       1.4004886       1.0492154      
6.22            139.85201       7.4334723       0.67051427      0.83118464      1.2533035       1.4253062       1.3942832       1.0702317      
6.23            139.33754       7.31681         0.62505648      0.94725915      1.2596928       1.4200724       1.3871466       1.0880447      
6.24            138.76436       7.200901        0.58184049      0.96769621      1.2670937       1.41618         1.3814456       1.1051847      
6.25            138.1716        7.0855188       0.54129703      0.95994655      1.2729567       1.411481        1.374987        1.1193812      
6.26            137.58571       6.9705419       0.50209121      0.9495723       1.2800308       1.4077358       1.3696115       1.1325975      
6.27            137.0163        6.8545141       0.46418179      0.93680121      1.2871376       1.4031734       1.3634922       1.1431367      
6.28            136.473         6.7406808       0.42996759      0.92378287      1.295747        1.3997005       1.3586174       1.1532748      
6.29            135.96143       6.6287257       0.39347461      0.91088499      1.3035985       1.3951489       1.3528272       1.1610762      
6.3             135.48635       6.5190904       0.35853184      0.90057965      1.3127709       1.3918385       1.3483889       1.1689121      
6.31            135.0523        6.4136612       0.32546824      0.88793906      1.3206443       1.3878113       1.3432709       1.1746633      
6.32            134.65339       6.3123081       0.29478816      0.87611735      1.3288135       1.3847249       1.3391901       1.1801193      
6.33            134.28923       6.2161189       0.26353686      0.86373493      1.3358067       1.3809054       1.3344524       1.1759472      
6.34            133.96198       6.1285572       0.23461119      0.85384674      1.3429964       1.378214        1.3309914       1.1683938      
6.35            133.65903       6.0461199       0.22368626      0.84275472      1.3479132       1.3758408       1.3267955       1.1584812      
6.36            133.37568       5.9729336       0.22167713      0.81302152      1.3528294       1.3755533       1.3238362       1.149287       
6.37            133.1037        5.9048711       0.21933511      0.78832235      1.3552866       1.3743305       1.3200792       1.1389545      
6.38            132.84208       5.8454894       0.21879915      0.77553043      1.3554908       1.3737601       1.3175605       1.1296374      
6.39            132.57498       5.7902843       0.21588152      0.76013436      1.3495963       1.3714528       1.3142419       1.1193206      
6.4             132.30546       5.7431123       0.21449425      0.74696314      1.3426973       1.3697646       1.3122947       1.1105845      
6.41            132.0269        5.6980615       0.20935603      0.73481728      1.3329091       1.3647117       1.3090466       1.1011184      
6.42            131.74416       5.6600706       0.20750099      0.72580005      1.3245246       1.3591719       1.3077433       1.0932867      
6.43            131.44889       5.6230857       0.20269077      0.71448698      1.3136821       1.35057         1.3048074       1.0824291      
6.44            131.15039       5.5921502       0.20030558      0.70865542      1.3047606       1.3441508       1.3041788       1.0720975      
6.45            130.84485       5.5592124       0.19472135      0.70190878      1.2928569       1.3359842       1.3016864       1.0587481      
6.46            130.54135       5.5309436       0.19300513      0.69924886      1.2826963       1.3303898       1.3016271       1.0462865      
6.47            130.23539       5.4964083       0.1857117       0.69491158      1.2687726       1.3219064       1.2989359       1.0306738      
6.48            129.94955       5.4637694       0.18462979      0.69620878      1.2567795       1.3166119       1.2991011       1.0168781      
6.49            129.67021       5.4168256       0.18235486      0.69506598      1.2402388       1.3082423       1.2963709       1.0002298      
6.5             129.41488       5.3627409       0.18831363      0.69178701      1.2260049       1.3031354       1.2964443       0.98570487     
6.51            129.16244       5.2841024       0.18806125      0.68331205      1.2073922       1.2947718       1.2934887       0.96862697     
6.52            128.93396       5.190092        0.19638294      0.67816276      1.1914784       1.2897133       1.2925585       0.95391347     
6.53            128.71857       5.0668699       0.20048759      0.66358392      1.1714006       1.2813199       1.2860856       0.93693634     
6.54            128.51963       4.9262665       0.21263528      0.64806135      1.1542305       1.2761014       1.2815407       0.92246596     
6.55            128.32733       4.7624134       0.21923788      0.62729588      1.1330985       1.2674691       1.274051        0.90604693     
6.56            128.1513        4.5945031       0.23167687      0.61294419      1.1152119       1.2619647       1.2696833       0.89247814     
6.57            127.96643       4.4104845       0.23918591      0.59810419      1.0937088       1.2531043       1.2632347       0.87722149     
6.58            127.78217       4.2218366       0.25262085      0.58909778      1.0754029       1.2471035       1.2602517       0.86482885     
6.59            127.58409       4.0204689       0.26461741      0.57385959      1.0537646       1.2379063       1.2546083       0.85094305     
6.6             127.38052       3.8165316       0.28450049      0.56490987      1.0354008       1.23155         1.2515516       0.84002488     
6.61            127.16091       3.6013307       0.30112195      0.55615362      1.0140783       1.2220999       1.2456693       0.8276571      
6.62            126.93147       3.385028        0.32272056      0.54701133      0.99587851      1.2154084       1.2423756       0.81843456     
6.63            126.67435       3.1560209       0.34157659      0.53618704      0.97507554      1.2058495       1.236434        0.80798192     
6.64            126.39463       2.9264244       0.36535155      0.51053894      0.95726135      1.1988683       1.2329648       0.80071389     
6.65            126.1185        2.6968817       0.38664176      0.46847114      0.93729524      1.18929         1.2269951       0.79238481     
6.66            125.84251       2.4735769       0.41078603      0.39943475      0.92001997      1.1820607       1.2232522       0.78710811     
6.67            125.5456        2.302385        0.43346598      0.31861229      0.9007725       1.1723608       1.2170797       0.78079416     
6.68            125.22787       2.2461976       0.46008231      0.23898574      0.8843736       1.1650296       1.2132029       0.77786694     
6.69            124.88306       2.1820805       0.48556576      0.16812025      0.86636603      1.1556018       1.2071966       0.7741596      
6.7             124.53495       2.1102174       0.51451678      0.1258484       0.85082499      1.148189        1.2031177       0.77346587     
6.71            124.17802       2.0294412       0.54306998      0.092627438     0.83367577      1.1385635       1.1969698       0.77169743     
6.72            123.80197       1.9610393       0.57434273      0.077609538     0.81936913      1.131358        1.193375        0.77343306     
6.73            123.39901       1.9018836       0.60511106      0.073329885     0.80362219      1.1219623       1.1874573       0.77417086     
6.74            122.98379       1.8592694       0.63889933      0.073025489     0.79045722      1.1146605       1.1834759       0.77808972     
6.75            122.55386       1.8247987       0.67243848      0.072172323     0.77605046      1.1054375       1.1770674       0.78102678     
6.76            122.10923       1.8033386       0.70855831      0.0717784       0.76409772      1.0982741       1.1723729       0.78707783     
6.77            121.64065       1.7877958       0.74425386      0.074340157     0.75110036      1.0893513       1.1654097       0.79212942     
6.78            121.15452       1.763938        0.78202036      0.081676923     0.74030126      1.0820953       1.1598537       0.79997192     
6.79            120.67086       1.7297694       0.81948141      0.090913547     0.72869254      1.0733507       1.1522606       0.80668161     
6.8             120.17745       1.7034304       0.85913607      0.10428897      0.71919967      1.0663895       1.1462256       0.81613636     
6.81            119.64867       1.6676265       0.89993608      0.11754105      0.70905772      1.0581294       1.1382814       0.82456071     
6.82            119.11095       1.6326937       0.94126709      0.13300495      0.70115008      1.0511783       1.1311254       0.83502699     
6.83            118.55153       1.600385        0.98231434      0.14926507      0.6934277       1.0430926       1.1220048       0.84432528     
6.84            117.98694       1.5742584       1.0287101       0.16841123      0.68886631      1.0366354       1.1142229       0.85571419     
6.85            117.41804       1.5807526       1.0800598       0.18773606      0.68500804      1.0292668       1.1051013       0.86601399     
6.86            116.83668       1.5993895       1.1308396       0.20798466      0.68327361      1.0226371       1.0966069       0.8774281      
6.87            116.27445       1.6314503       1.1775945       0.22767441      0.68250169      1.015312        1.0870015       0.88756356     
6.88            115.73597       1.6512399       1.2211564       0.24938013      0.68459001      1.0093403       1.0786913       0.8984228      
6.89            115.1699        1.636497        1.2567129       0.26854016      0.68721481      1.0026701       1.0693761       0.90847948     
6.9             114.63894       1.602208        1.2821311       0.28716383      0.69153123      0.99651329      1.0605705       0.91969197     
6.91            114.12572       1.561011        1.2934203       0.30427747      0.69636071      0.98978318      1.0508495       0.92947512     
6.92            113.62555       1.5233691       1.2919926       0.32211367      0.70365229      0.98445262      1.0426259       0.93933407     
6.93            113.12077       1.4484468       1.2783403       0.33931009      0.71157933      0.97884516      1.0339075       0.93671945     
6.94            112.60812       1.3751796       1.2496234       0.35369214      0.72650957      0.97233973      1.0243989       0.93050651     
6.95            112.09881       1.3179325       1.2125623       0.36910815      0.74491065      0.9675735       1.016442        0.92549063     
6.96            111.57446       1.279469        1.1652292       0.38159539      0.76175595      0.96181481      1.0075917       0.91988896     
6.97            111.05877       1.2866731       1.113011        0.39295225      0.77855759      0.95678691      0.9993755       0.91485666     
6.98            110.53774       1.3032811       1.0565721       0.40148247      0.79453742      0.95167218      0.99128782      0.91086751     
6.99            110.01323       1.3151617       0.9991138       0.40626803      0.80948136      0.94642145      0.98292391      0.90668055     
7               109.48077       1.3268071       0.94191292      0.40788251      0.82405645      0.94206198      0.97563048      0.90391477     
7.01            108.95594       1.3358229       0.88558094      0.406472        0.83763333      0.93777761      0.96830469      0.90072237     
7.02            108.43211       1.3330911       0.8280558       0.40041533      0.84888168      0.93235342      0.96006551      0.89658668     
7.03            107.94125       1.3204254       0.77370288      0.39370977      0.86093144      0.92884236      0.95363646      0.89368801     
7.04            107.42859       1.2979427       0.71931133      0.38352147      0.87057782      0.92406413      0.94610769      0.88961205     
7.05            106.87284       1.2696612       0.66925849      0.37187176      0.88095099      0.92106321      0.94031009      0.88672594     
7.06            106.26297       1.2362394       0.62079033      0.35546112      0.88850116      0.91625663      0.93290942      0.88239656     
7.07            105.6049        1.2021286       0.57779887      0.33779901      0.89706327      0.91345413      0.92741643      0.88021449     
7.08            104.89864       1.2255558       0.53784691      0.31457479      0.90366638      0.90942659      0.92087508      0.87681911     
7.09            104.14392       1.2591631       0.50361119      0.29011577      0.9108567       0.90709477      0.91599043      0.87456862     
7.1             103.34627       1.2793829       0.4697226       0.26184218      0.91599136      0.90319821      0.90979645      0.87162015     
7.11            102.51939       1.2970478       0.43950258      0.23622968      0.92230107      0.90099569      0.90518833      0.86998106     
7.12            101.67247       1.3039965       0.40923997      0.21195985      0.92699617      0.89760223      0.89961816      0.86731537     
7.13            100.82033       1.2967721       0.38614468      0.19290475      0.92899277      0.8958181       0.89561558      0.86556904     
7.14            99.965864       1.2750581       0.36205205      0.17610809      0.92619893      0.89231938      0.89030807      0.86169417     
7.15            99.125104       1.2506001       0.34309727      0.16482812      0.92472816      0.89057744      0.88662195      0.85802659     
7.16            98.294943       1.2190097       0.32427355      0.15409147      0.92187206      0.88761439      0.88193709      0.85276926     
7.17            97.478915       1.187227        0.30965375      0.14711379      0.92047209      0.8863605       0.87897917      0.84833464     
7.18            96.653048       1.1494152       0.29518161      0.13925374      0.91734305      0.88359605      0.87483154      0.84263906     
7.19            95.824881       1.1070852       0.28588589      0.13396838      0.91505595      0.88174427      0.87143456      0.83678896     
7.2             95.014549       1.063672        0.27724414      0.12886959      0.91256352      0.87996725      0.86844403      0.83022325     
7.21            94.244792       1.0401925       0.27215309      0.12856408      0.91051118      0.87852857      0.86566283      0.82215175     
7.22            93.508515       1.0307776       0.26614895      0.12927652      0.90669898      0.87572235      0.86191828      0.81206424     
7.23            92.79923        1.0247851       0.26622628      0.13289245      0.90387854      0.87472188      0.85978728      0.80202176     
7.24            92.115296       1.0183856       0.26618852      0.13490242      0.89943568      0.87258509      0.85683419      0.7885137      
7.25            91.457748       1.016221        0.2719573       0.14017049      0.89657222      0.87155379      0.8548571       0.77277128     
7.26            90.823998       1.0102156       0.27742166      0.14442447      0.89162664      0.86869626      0.85144447      0.75420721     
7.27            90.329788       1.0042545       0.28848423      0.15329798      0.88881854      0.86787645      0.84986165      0.73735653     
7.28            89.916727       0.99674753      0.29859829      0.16217553      0.88466862      0.86580696      0.84737734      0.72139388     
7.29            89.542021       0.99173717      0.31080594      0.17368612      0.88158424      0.86478259      0.84575326      0.70630407     
7.3             89.193899       0.98704403      0.3199246       0.18379062      0.87651729      0.86197534      0.84272046      0.68981144     
7.31            88.879036       0.98501388      0.33299205      0.19492591      0.87363312      0.86121626      0.84141893      0.67411105     
7.32            88.589398       0.97773471      0.34474425      0.20386031      0.86914979      0.85899579      0.83899876      0.65724901     
7.33            88.329667       0.97843625      0.35940955      0.21500884      0.86589966      0.85797425      0.83759842      0.64063139     
7.34            88.084633       0.97328106      0.3713752       0.22611444      0.86046842      0.85481639      0.83449215      0.62234957     
7.35            87.861072       0.97124335      0.388035        0.24365589      0.85732996      0.85383197      0.83327641      0.5990331      
7.36            87.643242       0.96823329      0.40051006      0.26296952      0.85232869      0.85133939      0.83091485      0.5702897      
7.37            87.434491       0.96967988      0.4140649       0.29139808      0.84848941      0.85004853      0.82948829      0.54021924     
7.38            87.21694        0.97405414      0.41952536      0.31816176      0.8423724       0.84664811      0.82635944      0.50869453     
7.39            86.991988       0.97968241      0.42289504      0.34873631      0.83922042      0.84546036      0.8250662       0.47831537     
7.4             86.746716       0.98275099      0.41179137      0.37484978      0.83483397      0.84269247      0.82259262      0.44827154     
7.41            86.481348       0.97993022      0.39280628      0.40245142      0.83244864      0.84115156      0.82099155      0.41950772     
7.42            86.18641        0.96974302      0.35964125      0.42302729      0.82779084      0.83738917      0.81761156      0.39082287     
7.43            85.866859       0.96275773      0.32998679      0.44673282      0.82620562      0.83604394      0.81619205      0.36519335     
7.44            85.515175       0.95667248      0.2893702       0.47170425      0.82288429      0.83312752      0.81361958      0.34045055     
7.45            85.025948       0.96457456      0.25377542      0.50333786      0.82127367      0.83140771      0.81180344      0.31751719     
7.46            84.256696       1.019877        0.21435301      0.53347776      0.816954        0.82729152      0.80809204      0.29476155     
7.47            83.348801       1.1126198       0.18757874      0.57406688      0.81585681      0.82578613      0.80646368      0.27504616     
7.48            82.398571       1.1831829       0.16324395      0.61463151      0.8126085       0.8225915       0.80361737      0.25609951     
7.49            81.452768       1.2492529       0.16154663      0.66001944      0.81080238      0.8206825       0.80157006      0.23898662     
7.5             80.530711       1.2972446       0.15909688      0.67259917      0.80564073      0.81637896      0.79763082      0.22269222     
7.51            79.665879       1.3465819       0.16498757      0.67419899      0.80316541      0.81476122      0.79576998      0.21289661     
7.52            78.853371       1.38503         0.1620055       0.66745369      0.7976197       0.81107274      0.79236639      0.20401132     
7.53            78.115153       1.4245921       0.16569252      0.6646873       0.79432634      0.80922448      0.79020766      0.19622886     
7.54            77.439673       1.443346        0.16069338      0.65367352      0.78748219      0.80462386      0.78590148      0.18723077     
7.55            76.844313       1.465919        0.16244832      0.64716488      0.78431458      0.80302599      0.78388595      0.18030831     
7.56            76.474834       1.4757277       0.15399121      0.63010522      0.7777388       0.79891492      0.78003477      0.17247586     
7.57            76.326303       1.4955033       0.15589304      0.62462827      0.77441986      0.79721297      0.77779859      0.17210151     
7.58            76.249201       1.4949682       0.14776337      0.61463167      0.76699989      0.79240174      0.7732073       0.17295142     
7.59            76.236322       1.50138         0.15177829      0.61607432      0.76386879      0.79090894      0.77101441      0.17583018     
7.6             76.260037       1.4829455       0.14476665      0.60964966      0.75678712      0.78654947      0.76677353      0.17724531     
7.61            76.346324       1.4473543       0.15379061      0.61117124      0.75365852      0.78506607      0.76445369      0.1780985      
7.62            76.432617       1.3676377       0.15353404      0.60199521      0.74583198      0.78013854      0.75961792      0.17618487     
7.63            76.52883        1.2790329       0.17321556      0.60279354      0.74280195      0.77879332      0.75727949      0.17606695     
7.64            76.589642       1.1742005       0.18131438      0.59421711      0.73564414      0.77456232      0.75298276      0.17531952     
7.65            76.644327       1.0957538       0.20759168      0.5925025       0.73231839      0.7730167       0.75037029      0.17582578     
7.66            76.639404       1.0096121       0.21974477      0.5801018       0.72404554      0.76788216      0.74513821      0.17500886     
7.67            76.59924        0.95200093      0.25150995      0.58026836      0.72148486      0.76677254      0.74280013      0.17642662     
7.68            76.464206       0.87469724      0.26970375      0.56865071      0.71447427      0.76220882      0.73800382      0.17648057     
7.69            76.277312       0.82150761      0.30606815      0.56782315      0.71224474      0.7611267       0.7356277       0.17822503     
7.7             75.998022       0.74915386      0.3257701       0.55452346      0.70428156      0.75601822      0.73026004      0.17475629     
7.71            75.680073       0.70483714      0.36345004      0.55443038      0.70180973      0.75503738      0.72786275      0.17584136     
7.72            75.269896       0.65430845      0.38457244      0.54214249      0.69403428      0.75041848      0.72287382      0.17294638     
7.73            74.832038       0.65017621      0.42297437      0.5424297       0.69126789      0.74943815      0.72042777      0.17384116     
7.74            74.332442       0.63067264      0.44340363      0.5292458       0.68276946      0.74437045      0.71502383      0.16785385     
7.75            73.811749       0.63468876      0.48428659      0.53004377      0.68003837      0.74351837      0.71261867      0.16339864     
7.76            73.239117       0.61497247      0.50849533      0.51868394      0.67199297      0.73898549      0.70768346      0.15715511     
7.77            72.670791       0.61719487      0.55215345      0.52109592      0.66927429      0.73826572      0.70544709      0.15264109     
7.78            72.062622       0.59479636      0.57753516      0.50989651      0.66038889      0.73297039      0.69986448      0.14605722     
7.79            71.474906       0.59699165      0.62289719      0.51356687      0.65795836      0.73240709      0.69779388      0.1422819      
7.8             70.865562       0.57509765      0.65037553      0.50417459      0.64990587      0.72775806      0.6928645       0.13839024     
7.81            70.296349       0.57614901      0.69612489      0.50885281      0.64774611      0.72727221      0.6909801       0.14054936     
7.82            69.726042       0.55266474      0.7219012       0.49900348      0.63931994      0.72200245      0.68559165      0.14053206     
7.83            69.211817       0.55384824      0.76592074      0.50376415      0.63753888      0.7214532       0.68373454      0.14240081     
7.84            68.707075       0.53391887      0.79039231      0.49538985      0.63034009      0.71688681      0.67908944      0.14074821     
7.85            68.266932       0.53626814      0.83501269      0.50127638      0.62924746      0.71658615      0.67763401      0.14047359     
7.86            67.838266       0.51247472      0.86096074      0.49224617      0.62181983      0.71132412      0.67249843      0.13789076     
7.87            67.47054        0.51098219      0.90679036      0.49768195      0.62093436      0.71070495      0.67088259      0.13842179     
7.88            67.112723       0.48686897      0.93543101      0.48929888      0.61476974      0.70609802      0.66650609      0.13766331     
7.89            66.818123       0.48279855      0.98519807      0.49538967      0.61494074      0.70592863      0.6654968       0.13950545     
7.9             66.517988       0.45348768      1.0187397       0.48646945      0.60873409      0.70069154      0.6607267       0.13876166     
7.91            66.295066       0.44548584      1.0775196       0.49164789      0.60898879      0.7000207       0.65943151      0.14063568     
7.92            66.088533       0.41956256      1.0815334       0.48216811      0.60393128      0.69524876      0.65526684      0.14075566     
7.93            65.928166       0.41824438      1.0883867       0.48674513      0.60530002      0.69500526      0.65460886      0.14360974     
7.94            65.763981       0.3956274       1.0778459       0.47680492      0.60046444      0.68973885      0.65019041      0.14387858     
7.95            65.649198       0.39750152      1.0849057       0.48080321      0.60205942      0.68899246      0.64929043      0.14675192     
7.96            65.529322       0.37571524      1.0610423       0.47163105      0.59851534      0.68425856      0.64557562      0.14793058     
7.97            65.446524       0.38261698      1.0766617       0.47596337      0.60126317      0.68394785      0.64530915      0.15172036     
7.98            65.342158       0.36609684      1.0580775       0.46557813      0.59770604      0.67862638      0.64130709      0.15289114     
7.99            65.261126       0.37423833      1.0554022       0.46889881      0.6005473       0.67772086      0.64062405      0.15663463     
8               65.156446       0.36170871      1.0265113       0.45928614      0.59796621      0.67285533      0.6371758       0.15860506     
