# Probe 0 (0.82450002 0 0.021)
# Probe 1 (0.82450002 0 0.061)
# Probe 2 (0.82450002 0 0.101)
# Probe 3 (0.82450002 0 0.141)
# Probe 4 (0.8035 0 0.161)
# Probe 5 (0.7635 0 0.161)
# Probe 6 (0.7235 0 0.161)
# Probe 7 (0.6835 0 0.161)
# Time          0               1               2               3               4               5               6               7              
0.00011976048   0.41165496      0.036310266     -0.47852276     -0.884553       -1.195857       -1.2472045      -1.2828245      -1.3154262     
0.00026382019   -0.40915177     -0.7783151      -1.2728728      -1.6476341      -1.861661       -1.8454343      -1.8338085      -1.8286028     
0.00043694457   0.59552438      0.22137734      -0.29055689     -0.69525352     -1.0120235      -1.0731861      -1.1189055      -1.1598211     
0.00064506218   -0.037994594    -0.40754547     -0.9075083      -1.2919749      -1.5346194      -1.5443226      -1.5533948      -1.5665168     
0.00089320241   -0.10488291     -0.47605011     -0.97398796     -1.354508       -1.5945284      -1.6025876      -1.6084699      -1.61829       
0.0011917461    -0.12693627     -0.49571834     -0.99275902     -1.3737688      -1.6077009      -1.6127256      -1.618692       -1.6281481     
0.0015466188    -0.23109888     -0.60058309     -1.0953206      -1.4713202      -1.6962449      -1.6938659      -1.6917414      -1.6946417     
0.0019757672    -0.22514606     -0.59427157     -1.0902825      -1.468672       -1.6962583      -1.6957256      -1.6972014      -1.703882      
0.0024907453    -0.21732815     -0.58672506     -1.0824448      -1.460133       -1.6876365      -1.6869545      -1.6873347      -1.6928297     
0.0031160758    -0.21450567     -0.58376587     -1.0796201      -1.4576065      -1.6850388      -1.6842313      -1.6847201      -1.6901365     
0.0038501595    -0.20462479     -0.57409271     -1.0703683      -1.4489501      -1.6786154      -1.6790929      -1.6804549      -1.6866645     
0.0047473729    -0.19343249     -0.56293274     -1.0595047      -1.4385936      -1.669762       -1.6711169      -1.6731462      -1.6798095     
0.0058368462    -0.18641228     -0.55599236     -1.0527355      -1.4319829      -1.6633254      -1.6647683      -1.6668426      -1.6736035     
0.0071244057    -0.17986575     -0.5494574      -1.0463426      -1.4258973      -1.658585       -1.6607522      -1.6632811      -1.6702746     
0.008733855     -0.17173471     -0.54142417     -1.0386559      -1.4186979      -1.6528296      -1.6557751      -1.6589113      -1.6664514     
0.010611546     -0.16786667     -0.53754372     -1.034787       -1.4148901      -1.6493737      -1.652388       -1.6555325      -1.6630349     
0.012958659     -0.16000285     -0.52977917     -1.0273894      -1.4080271      -1.6442519      -1.648155       -1.6520034      -1.6601691     
0.015305773     -0.15985606     -0.52958511     -1.027078       -1.4075377      -1.6433286      -1.6467509      -1.6501131      -1.6577157     
0.017652886     -0.15439296     -0.52422344     -1.0220974      -1.4031358      -1.6408801      -1.6452773      -1.6494231      -1.6577773     
0.02            -0.14748069     -0.51730855     -1.0152797      -1.3965436      -1.6351468      -1.6399415      -1.6444185      -1.6530773     
0.022857143     -0.13415365     -0.50409601     -1.0024825      -1.3843703      -1.6251492      -1.6310028      -1.6361087      -1.6450944     
0.026285714     -0.11918024     -0.48922468     -0.98804221     -1.3706212      -1.613735       -1.6207534      -1.6266908      -1.6363593     
0.030857143     -0.098579346    -0.46877095     -0.96817412     -1.3516688      -1.5978091      -1.6063034      -1.6132221      -1.6235503     
0.035428571     -0.089838082    -0.46006839     -0.95979655     -1.3438664      -1.5924533      -1.6019182      -1.6095907      -1.6205572     
0.04            -0.061453511    -0.43178552     -0.93195534     -1.3167674      -1.5680003      -1.5788895      -1.5874192      -1.5989246     
0.045           -0.021897986    -0.39241424     -0.89345682     -1.2798016      -1.5365284      -1.5506146      -1.5615509      -1.5750109     
0.05            0.02415983      -0.34653248     -0.84833617     -1.2359757      -1.4982484      -1.5154873      -1.5286002      -1.5436973     
0.055           0.074343395     -0.29654396     -0.79919025     -1.1883214      -1.4561738      -1.476624       -1.4919204      -1.5085439     
0.06            0.070183438     -0.30075606     -0.80339394     -1.1925381      -1.463365       -1.4843997      -1.4995977      -1.5160137     
0.065           0.0706648       -0.30014137     -0.80332864     -1.1934914      -1.4639539      -1.4842419      -1.5000822      -1.5174342     
0.07            0.084202778     -0.28677896     -0.79020568     -1.1808172      -1.4562677      -1.4784779      -1.4949135      -1.5124957     
0.075           0.12849361      -0.24263445     -0.74671976     -1.1386083      -1.4192158      -1.4442536      -1.4623944      -1.481027      
0.08            0.14147782      -0.2296009      -0.73429223     -1.1271682      -1.4093634      -1.4346866      -1.4540274      -1.4740978     
0.085           0.162727        -0.20845436     -0.7133         -1.1067062      -1.3933413      -1.4205725      -1.4405055      -1.4606143     
0.09            0.17885248      -0.19235124     -0.69767        -1.0919289      -1.3812659      -1.4093132      -1.4300912      -1.4509723     
0.095           0.17832685      -0.19286445     -0.69824313     -1.0926946      -1.3828516      -1.410281       -1.4304203      -1.4506153     
0.1             0.18591975      -0.18527742     -0.69098894     -1.0863144      -1.3812845      -1.4106993      -1.4324605      -1.4541732     
0.105           0.21216898      -0.15911726     -0.66534587     -1.0615609      -1.3588523      -1.3888141      -1.4108384      -1.4325507     
0.11            0.2329688       -0.13839093     -0.64512821     -1.0424499      -1.3448504      -1.3769516      -1.4005475      -1.4235506     
0.115           0.25741062      -0.11405509     -0.62139191     -1.0198296      -1.3259467      -1.359295       -1.3837948      -1.4074554     
0.12            0.27503036      -0.096501226    -0.60425312     -1.0035254      -1.3125638      -1.3465929      -1.3714887      -1.3953367     
0.125           0.27242185      -0.099077274    -0.60698081     -1.0067459      -1.3181007      -1.3521502      -1.3771164      -1.4010681     
0.13            0.26934707      -0.1021264      -0.61017042     -1.0103857      -1.3236084      -1.3574171      -1.3822398      -1.4061043     
0.135           0.27611537      -0.09535563     -0.60367897     -1.00465        -1.3211734      -1.355747       -1.3812305      -1.4057217     
0.14            0.29722067      -0.074341441    -0.58322463     -0.98531719     -1.3054892      -1.3410708      -1.3672652      -1.3922582     
0.145           0.3085591       -0.063068397    -0.57232479     -0.97517814     -1.2974425      -1.3329264      -1.3589717      -1.3837086     
0.15            0.31075867      -0.060808599    -0.57023628     -0.97378947     -1.2997495      -1.3360168      -1.3627299      -1.3880925     
0.155           0.32988658      -0.041897033    -0.55214195     -0.95707891     -1.2863295      -1.3230976      -1.3501974      -1.3758576     
0.16            0.32462401      -0.047053338    -0.55731586     -0.96268509     -1.2943282      -1.330837       -1.3577563      -1.3832295     
0.165           0.33363383      -0.038259993    -0.54934398     -0.95609054     -1.2916497      -1.328598       -1.3558903      -1.3817786     
0.17            0.34894679      -0.023038673    -0.53476167     -0.9429764      -1.2826352      -1.3206497      -1.348867       -1.3754756     
0.175           0.35886775      -0.013181948    -0.52539226     -0.93460372     -1.2780817      -1.3163988      -1.344755       -1.3714252     
0.18            0.37320221      0.00096482499   -0.51209159     -0.92290027     -1.2704239      -1.3093327      -1.3381935      -1.3652631     
0.185           0.37716925      0.0048034109    -0.50888614     -0.92093332     -1.2719427      -1.3108221      -1.3397299      -1.3668787     
0.19            0.38586983      0.013362048     -0.50106549     -0.91457577     -1.2697209      -1.3089698      -1.3382382      -1.3657045     
0.195           0.4019718       0.029260239     -0.48612023     -0.90142887     -1.2619102      -1.3020946      -1.3320462      -1.3600118     
0.2             0.42798788      0.054878814     -0.46201364     -0.87987084     -1.2467996      -1.2883913      -1.3194318      -1.3482761     
0.205           0.43767385      0.064343042     -0.45356184     -0.87330571     -1.2453512      -1.2873874      -1.3188336      -1.348014      
0.21            0.45803994      0.084350746     -0.4349761      -0.8571729      -1.2354668      -1.2784943      -1.3107486      -1.3405958     
0.215           0.46477184      0.090824402     -0.42962827     -0.85390136     -1.2375287      -1.2807783      -1.3132688      -1.3432883     
0.22            0.48749478      0.11308331      -0.40913432     -0.83632508     -1.2270248      -1.271351       -1.3047339      -1.3355091     
0.225           0.50489781      0.13005767      -0.39381817     -0.82380777     -1.2212821      -1.2662587      -1.3001708      -1.3313259     
0.23            0.52590217      0.15054487      -0.3752751      -0.80856385     -1.2143734      -1.2607965      -1.2958487      -1.3278972     
0.235           0.5530965       0.17714957      -0.35090815     -0.78775313     -1.2013632      -1.2484167      -1.2841254      -1.3168068     
0.24            0.58217638      0.20546723      -0.32521151     -0.76630102     -1.1903451      -1.2395251      -1.276722       -1.3103802     
0.245           0.59763939      0.22033939      -0.31264312     -0.75737541     -1.1886804      -1.2374276      -1.2746532      -1.3085581     
0.25            0.62960199      0.25137179      -0.28475277     -0.73442139     -1.1774303      -1.2283376      -1.2671311      -1.302154      
0.255           0.66138759      0.28232115      -0.25686349     -0.71137457     -1.1648025      -1.2167502      -1.2565765      -1.2924987     
0.26            0.69866524      0.31827593      -0.22529327     -0.68624826     -1.1538954      -1.2079646      -1.2492837      -1.2861882     
0.265           0.73138474      0.35013298      -0.19663994     -0.66275088     -1.1408548      -1.1954918      -1.2377074      -1.2755701     
0.27            0.77671774      0.39373609      -0.15867174     -0.63284313     -1.1286226      -1.1861928      -1.2304629      -1.2696796     
0.275           0.81801751      0.43382242      -0.12283423     -0.60348186     -1.1116724      -1.1695362      -1.2145297      -1.2545481     
0.28            0.87431509      0.4879437       -0.07568821     -0.56609512     -1.0948454      -1.1560081      -1.2034074      -1.2450466     
0.285           0.91925951      0.53135483      -0.037548687    -0.53579234     -1.0794019      -1.1410493      -1.1893469      -1.2319062     
0.29            0.9844592       0.59392052      0.016674921     -0.49302309     -1.0594182      -1.124011       -1.1745786      -1.2186976     
0.295           1.045161        0.65208752      0.066662681     -0.45436167     -1.041923       -1.1081031      -1.160351       -1.2058883     
0.3             1.1117266       0.71559903      0.12049212      -0.41360369     -1.0256082      -1.0937839      -1.1479283      -1.1948961     
0.305           1.1847669       0.7853104       0.17979381      -0.36826998     -1.0055488      -1.0753756      -1.1312783      -1.179647      
0.31            1.2728113       0.86918052      0.25074953      -0.31414708     -0.98156961     -1.0538864      -1.1121803      -1.162352      
0.315           1.3645595       0.95632027      0.3237818       -0.25927569     -0.95813276     -1.0322811      -1.092689       -1.1445404     
0.32            1.4618682       1.0482414       0.39942117      -0.20406772     -0.93708704     -1.0126928      -1.0750415      -1.1283925     
0.325           1.5756292       1.1555699       0.48758213      -0.13949382     -0.91114982     -0.9886126      -1.0532812      -1.1084042     
0.33            1.6979517       1.2704283       0.58047526      -0.073010765    -0.88641875     -0.96514922     -1.0319543      -1.0887547     
0.335           1.8257991       1.3895079       0.67417856      -0.0089384018   -0.86691729     -0.94586323     -1.0142036      -1.0722156     
0.34            1.9697828       1.523077        0.7780499       0.06111381      -0.84618389     -0.92504114     -0.9949893      -1.0542713     
0.345           2.1306258       1.6713504       0.89108003      0.135197        -0.82660974     -0.90456994     -0.97580554     -1.036129      
0.35            2.3022812       1.828107        1.0067798       0.2070702       -0.8126609      -0.88796971     -0.95969827     -1.0205091     
0.355           2.5002052       2.0078945       1.1373273       0.28658102      -0.79814347     -0.87024967     -0.94237698     -1.0035739     
0.36            2.7211531       2.206555        1.2767878       0.36702847      -0.7886887      -0.85568354     -0.92734337     -0.98834708    
0.365           2.9685915       2.4267874       1.4260417       0.44812133      -0.78564404     -0.84537538     -0.91576442     -0.97612967    
0.37            3.2557754       2.6804657       1.5937431       0.53636304      -0.78357523     -0.83384924     -0.90236591     -0.96149412    
0.375           3.5866497       2.969349        1.7772061       0.62673973      -0.78778847     -0.82624344     -0.89198941     -0.94919287    
0.38            3.9700915       3.2996506       1.9772975       0.71730481      -0.8019571      -0.82493817     -0.88672897     -0.94117405    
0.385           4.4169526       3.6795418       2.1966422       0.80882003      -0.82366676     -0.82695847     -0.88250766     -0.93322876    
0.39            4.9541894       4.1309098       2.4460967       0.9056399       -0.85350558     -0.83264057     -0.88150918     -0.9270948     
0.395           5.6190864       4.6785387       2.7295159       1.0049473       -0.89512329     -0.84368021     -0.88385611     -0.92366077    
0.4             6.4607883       5.3577325       3.0555325       1.1059963       -0.95106669     -0.86272581     -0.89068191     -0.92288653    
0.404           6.8353361       5.6283607       3.0951212       1.0267677       -1.0699821      -0.92650395     -0.93446841     -0.95583723    
0.4072          7.3530364       6.0226586       3.2135395       1.0010735       -1.1575704      -0.97079218     -0.96352504     -0.97713286    
0.4104          8.1505939       6.6478333       3.4690598       1.0630343       -1.2088742      -0.99032363     -0.97279116     -0.97998855    
0.4136          9.0320388       7.3217734       3.7225795       1.1176545       -1.2683241      -1.0115025      -0.98239756     -0.9829455     
0.4168          10.140026       8.1426287       4.0085569       1.1694446       -1.3430289      -1.0394555      -0.99648181     -0.98930075    
0.42            11.458665       9.0856653       4.3030301       1.2077252       -1.4340328      -1.074957       -1.0156125      -0.99971234    
0.42222222      11.921678       9.3257021       4.2265341       1.0717121       -1.5523104      -1.1299123      -1.051266       -1.0272847     
0.42419753      12.970159       10.038188       4.4074279       1.0765985       -1.6554249      -1.1666401      -1.0717135      -1.0409601     
0.42617284      13.950487       10.688024       4.5593736       1.0800179       -1.7805414      -1.1983238      -1.0902517      -1.0527865     
0.42814815      15.146896       11.466976       4.7229376       1.0638973       -1.8660728      -1.2284137      -1.1085334      -1.064918      
0.42984127      16.097166       12.040978       4.7831425       1.0033579       -1.9370235      -1.2573692      -1.1273426      -1.0784716     
0.43153439      17.425613       12.880617       4.9403736       0.98786167      -2.0138632      -1.2917541      -1.1480011      -1.0920651     
0.43322751      18.793          13.726118       5.0808532       0.9734019       -2.0905143      -1.323526       -1.1667537      -1.1042018     
0.43492063      20.417743       14.722164       5.2412378       0.95620551      -2.1684372      -1.3526357      -1.181924       -1.1132805     
0.43661376      22.23341        15.817524       5.3989686       0.93220033      -2.2614298      -1.3885966      -1.2020346      -1.1274577     
0.43830688      24.327181       17.066821       5.5671929       0.90033816      -2.3711089      -1.435863       -1.2283481      -1.1455296     
0.44            26.683054       18.442499       5.7143244       0.83852364      -2.4967553      -1.4860866      -1.2571278      -1.1655961     
0.44153846      28.917003       19.708905       5.773332        0.75616878      -2.6250936      -1.5315926      -1.2819396      -1.1821792     
0.44295858      31.294618       21.0549         5.8146328       0.6588578       -2.7874835      -1.5845829      -1.3120039      -1.2020522     
0.4443787       34.089346       22.650505       5.9183037       0.5921199       -2.9414662      -1.6287228      -1.337764       -1.2200509     
0.44579882      37.222021       24.437729       6.0330802       0.52326676      -3.0729975      -1.6716971      -1.3596159      -1.234245      
0.44721893      40.758578       26.425157       6.1172582       0.41444374      -3.2277536      -1.7292536      -1.3889778      -1.2541647     
0.44863905      44.800436       28.689711       6.2117528       0.28697403      -3.391519       -1.7940377      -1.4262491      -1.2793335     
0.45005917      49.417811       31.272552       6.3246627       0.14146295      -3.5597982      -1.8485385      -1.4606971      -1.3021274     
0.45130178      53.270695       33.457852       6.2961399       -0.075594684    -3.7682022      -1.9023294      -1.488227       -1.3197588     
0.45254438      58.444478       36.362562       6.4469842       -0.23211931     -3.9525032      -1.9841675      -1.5403064      -1.3547267     
0.45378698      63.760852       39.371752       6.5878767       -0.45213079     -4.1034216      -2.0480229      -1.5731698      -1.3768886     
0.45502959      70.02393        42.915847       6.8529362       -0.6682263      -4.2472025      -2.1118055      -1.6061977      -1.3970932     
0.45627219      76.845499       46.763347       7.1680075       -0.96847709     -4.4261272      -2.1978868      -1.656257       -1.4298651     
0.45751479      84.612889       51.140095       7.6194746       -1.2857475      -4.6172348      -2.2919988      -1.7116637      -1.4652493     
0.4587574       93.282816       56.024661       8.223795        -1.6252237      -4.8147705      -2.4005208      -1.7736217      -1.5058631     
0.46            103.04521       61.491979       9.0205883       -1.9543655      -5.016919       -2.5112902      -1.8334831      -1.542892      
0.46086957      106.75477       64.548667       9.482946        -2.2877219      -5.1971786      -2.5594267      -1.8577612      -1.5562292     
0.4615781       112.93864       68.257201       10.119237       -2.4696282      -5.4190672      -2.6592412      -1.9234741      -1.5978526     
0.46228663      118.28005       71.501066       10.695127       -2.6335277      -5.5870247      -2.7533845      -1.9791972      -1.6329604     
0.46299517      124.31876       75.034414       11.356461       -2.7875179      -5.7112288      -2.8290454      -2.0246474      -1.6611385     
0.46367536      130.19092       78.636775       12.138766       -2.9942729      -5.8379952      -2.8815031      -2.0521877      -1.6766188     
0.46435556      137.0754        82.641511       13.023034       -3.1569425      -5.9579631      -2.9555531      -2.1010553      -1.7080827     
0.46503575      143.95978       86.635485       13.800687       -3.371986       -6.0473381      -3.003995       -2.1200257      -1.7167285     
0.46571594      151.56687       90.979819       14.72312        -3.5583647      -6.1504732      -3.0636832      -2.1601387      -1.7425103     
0.46639614      159.54032       95.530879       15.659546       -3.788569       -6.3084544      -3.1464719      -2.1983686      -1.7642572     
0.46707633      168.02075       100.32816       16.630914       -3.8039196      -6.4629285      -3.2269941      -2.247536       -1.7956117     
0.46775652      176.93123       105.36989       17.571678       -3.8782437      -6.6197801      -3.3089497      -2.2922184      -1.8232897     
0.46843671      186.32973       110.66835       18.495088       -3.8841381      -6.7972322      -3.3842136      -2.3345059      -1.8485321     
0.46911691      196.10229       116.11099       19.326268       -3.9770389      -6.9815401      -3.462032       -2.3788737      -1.8743091     
0.4697971       206.48362       121.94839       20.366168       -3.8861149      -7.1704845      -3.5519697      -2.4310523      -1.905472      
0.47047729      217.46095       128.17012       21.307191       -4.0259303      -7.3566819      -3.6247162      -2.4686693      -1.9265322     
0.47115749      229.00659       134.7945        22.400013       -3.8979973      -7.5360458      -3.717695       -2.5171455      -1.9575735     
0.47183768      241.10535       141.75602       23.555668       -3.1645642      -7.6733348      -3.8049511      -2.5644312      -1.9849344     
0.47251787      253.76445       148.95419       24.878177       -2.4488898      -7.8326921      -3.908816       -2.628073       -2.0245398     
0.47319807      266.98507       156.48825       26.106505       -1.7960038      -7.9863087      -4.0236196      -2.692771       -2.0630675     
0.47387826      280.84473       164.1753        27.618183       -1.2425771      -8.0916844      -4.1198063      -2.7507206      -2.100002      
0.47449043      290.967         170.47008       28.83813        -0.25892071     -8.1780821      -4.1883538      -2.7991854      -2.1309875     
0.47510261      305.17118       178.36043       30.245512       0.60363766      -8.2487167      -4.2718124      -2.8550239      -2.1695048     
0.47571478      317.9157        185.30758       31.507352       1.4238547       -8.3041219      -4.3393547      -2.9020955      -2.2011296     
0.47632696      332.97592       193.53482       33.532117       2.1940916       -8.3722064      -4.4148509      -2.9531275      -2.2327469     
0.47693913      347.77163       201.25431       35.575917       2.4852697       -8.4737612      -4.4980764      -3.0065028      -2.2652845     
0.4775513       364.00417       209.91176       37.80844        2.8146217       -8.5457973      -4.5695294      -3.0567133      -2.2986497     
0.47816348      380.28719       218.33383       39.030018       3.062002        -8.6371597      -4.6365548      -3.0996891      -2.3214944     
0.47877565      397.57976       227.26505       41.642859       3.2415989       -8.7259207      -4.7198714      -3.1543867      -2.3567045     
0.47938783      415.59991       236.53063       44.057593       3.3398657       -8.8088599      -4.8020098      -3.2142398      -2.3906435     
0.48            434.5948        246.32881       47.722837       3.9659176       -8.9490482      -4.9290264      -3.3047059      -2.4534619     
0.48052632      445.9356        253.8699        51.960827       4.7527771       -9.1173055      -5.0166748      -3.3656742      -2.4782357     
0.48105263      466.17161       263.56719       55.425531       4.7841101       -9.2046896      -5.0888512      -3.418898       -2.5291905     
0.48157895      481.5949        271.68694       58.623879       4.5934049       -9.1857792      -5.1250008      -3.4485654      -2.5454959     
0.48210526      500.18788       280.57183       60.169857       4.6374295       -9.1532829      -5.1623243      -3.4811979      -2.5696961     
0.48263158      519.03915       290.43574       63.172801       5.2184307       -9.0706599      -5.183262       -3.5070845      -2.5880777     
0.48315789      539.16938       300.16362       64.50695        5.2849119       -8.8427304      -5.1698711      -3.5167002      -2.5991235     
0.48368421      560.23486       310.51876       66.409727       5.0307374       -8.7446652      -5.1855724      -3.5455036      -2.626593      
0.48421053      581.70745       320.27337       68.465201       4.06297         -8.5185302      -5.1552741      -3.5506617      -2.6384844     
0.48473684      604.9791        330.46648       73.379724       4.8352773       -8.5082549      -5.1818293      -3.5815097      -2.662799      
0.48524561      625.81372       340.66679       74.202927       4.2757689       -8.5331984      -5.2053456      -3.6152245      -2.6916842     
0.48575439      651.33506       351.9752        75.229175       3.5663788       -8.6825164      -5.267879       -3.6714467      -2.7316201     
0.486282        679.56507       364.16113       76.138112       2.6130787       -8.9318817      -5.3530727      -3.7168847      -2.7657716     
0.48680962      705.5662        376.65952       75.748308       3.8237741       -9.2169212      -5.3932342      -3.7435843      -2.7860662     
0.48731694      733.6227        391.32717       75.905          4.1937315       -9.5401151      -5.4507954      -3.7829605      -2.8120955     
0.48782426      762.49991       404.22787       74.983055       4.2980448       -9.8830722      -5.5004005      -3.8148354      -2.8404652     
0.48833158      791.93483       419.25139       75.088856       5.3932765       -10.276516      -5.6066329      -3.8820062      -2.8836658     
0.48883891      821.80239       432.97328       74.523516       6.8165055       -10.593421      -5.7212712      -3.9472641      -2.9291276     
0.48934623      856.94806       449.55336       74.128975       7.6663162       -10.869702      -5.8089987      -4.0023019      -2.9633991     
0.48985355      892.00531       464.78845       72.992975       9.1479194       -11.057038      -5.9003668      -4.0595207      -3.0001259     
0.49036087      930.59002       482.49715       72.468722       10.864596       -11.234889      -6.0261438      -4.1502023      -3.0542187     
0.4908682       971.84038       501.05214       72.982864       13.407754       -11.403992      -6.1209114      -4.2073756      -3.0919347     
0.49137552      1014.492        518.42454       73.424894       15.107681       -11.592974      -6.2366694      -4.2843609      -3.140295      
0.49188284      1056.9901       534.87683       74.147799       17.222849       -11.750942      -6.3664974      -4.3744517      -3.1990065     
0.49239016      1097.1362       546.53693       73.64582        18.415805       -11.881087      -6.458806       -4.440632       -3.2469922     
0.49289749      1140.7237       557.0338        73.042221       17.431872       -11.971684      -6.5875181      -4.5391482      -3.3109805     
0.49340481      1189.1717       566.74142       74.171095       17.967673       -12.189302      -6.7931066      -4.6667975      -3.3848605     
0.49391213      1245.3589       580.10258       75.178474       18.447723       -12.175475      -6.8623382      -4.7333464      -3.4347418     
0.49441945      1311.8576       595.22731       77.714623       19.652803       -12.208153      -6.9676801      -4.8124703      -3.4866497     
0.49492678      1385.2602       612.70092       80.188309       19.901957       -12.171419      -7.0334475      -4.8730322      -3.5314462     
0.4954341       1450.8077       623.00188       80.824716       20.013073       -12.049538      -7.1173423      -4.9524621      -3.5862905     
0.49594142      1535.7464       640.56741       82.634092       20.700476       -11.870737      -7.1957561      -5.0272169      -3.6372815     
0.49644874      1618.5353       650.61708       84.580634       21.098881       -11.646529      -7.233786       -5.0760531      -3.6746569     
0.49695607      1704.5935       660.63053       85.100518       20.051479       -11.488676      -7.3209032      -5.1572587      -3.7306526     
0.49746339      1801.3878       672.6475        85.141412       19.029946       -11.216198      -7.3507868      -5.2125178      -3.7791053     
0.49797071      1904.9084       686.82365       84.625347       18.089062       -11.028318      -7.4461075      -5.3081373      -3.8451955     
0.49847803      2036.7383       708.87099       83.185261       16.980687       -10.714754      -7.4195472      -5.3311402      -3.8769341     
0.49898536      2166.6306       729.05118       79.23798        16.44573        -10.369415      -7.3815319      -5.3424817      -3.8917295     
0.49949268      2287.6142       748.72698       76.384469       14.816414       -10.24922       -7.3984266      -5.3798751      -3.9281071     
0.5             2420.5686       773.25328       72.463485       13.357126       -10.156988      -7.3903517      -5.4089097      -3.9589741     
0.5004878       2551.1961       802.53235       67.423507       12.571635       -10.236952      -7.4117518      -5.4514939      -4.0016458     
0.50097561      2714.3957       843.79738       65.455373       13.019841       -10.617738      -7.5024762      -5.5133744      -4.0468432     
0.50146341      2931.4714       898.32799       63.543224       12.447199       -11.092025      -7.6470635      -5.6218279      -4.1246825     
0.50195122      3138.6341       931.95047       57.401568       8.962371        -11.767525      -7.8747814      -5.7729908      -4.2300264     
0.50243902      3390.428        978.29509       54.41569        6.9289608       -11.982206      -7.793233       -5.739766       -4.230866      
0.50292683      3718.5825       1020.4636       50.533614       5.3982108       -12.428711      -7.8329818      -5.7537456      -4.2457744     
0.50341463      4065.4085       1049.4144       47.711456       2.698045        -13.224831      -8.1131907      -5.930501       -4.3606177     
0.5038885       4286.7122       1077.757        46.177226       1.1751141       -13.822584      -8.2444517      -6.0167387      -4.4304734     
0.50436237      4584.3935       1121.4625       47.392698       3.175317        -13.925134      -8.1604367      -5.9705984      -4.4159151     
0.50483624      4819.4122       1178.2679       47.838502       2.3248354       -14.317467      -8.2974162      -6.0608677      -4.4792896     
0.5053101       5132.3863       1300.4502       50.670007       2.7173477       -14.51643       -8.333138       -6.0738867      -4.4952258     
0.50578397      5429.1761       1438.1074       52.280381       2.9819029       -14.64868       -8.3685951      -6.1027148      -4.5260725     
0.50625784      5776.591        1576.0325       52.145826       2.6322541       -14.817199      -8.4162486      -6.1268728      -4.5490082     
0.50671591      6157.4861       1671.422        54.683886       2.2322129       -14.844083      -8.411698       -6.1221296      -4.5458232     
0.50717398      6675.797        1792.2534       59.661004       2.2182723       -14.808639      -8.4271956      -6.1306567      -4.5511429     
0.50763206      7102.3489       1994.5614       64.982129       -0.58664723     -14.830795      -8.5341407      -6.2104904      -4.6016815     
0.50809013      7872.2923       2117.047        68.674672       -0.80038181     -14.663942      -8.5273351      -6.2113009      -4.610408      
0.5085482       8355.5638       2160.8255       77.50323        0.35374278      -14.513493      -8.546856       -6.2310965      -4.6269686     
0.50900627      8737.9355       2368.4068       90.101061       2.08564         -14.358398      -8.5778157      -6.2630531      -4.6534075     
0.50946434      9332.9833       2574.5336       105.57852       4.4182009       -14.486982      -8.733438       -6.3682944      -4.7275106     
0.50992242      9775.6924       2950.4158       119.13012       6.9535632       -14.354013      -8.7918698      -6.4219847      -4.7709347     
0.51038049      10213.606       3173.4866       133.05225       8.2298218       -14.245983      -8.8780631      -6.491655       -4.8199297     
0.51083856      10569.005       3468.507        125.56308       7.8203477       -14.305116      -8.9542299      -6.5621419      -4.877597      
0.51129663      10835.284       3725.6943       122.95412       10.032428       -14.004776      -8.969513       -6.5994986      -4.9123173     
0.5117547       11116.172       4034.9719       114.74244       11.548311       -13.767616      -8.9782861      -6.6275789      -4.9350503     
0.51221278      11301.049       4309.7803       109.31497       16.706884       -13.454433      -8.9656551      -6.6489751      -4.9587226     
0.51267085      11649.534       4522.8887       120.9059        12.884846       -13.0624        -8.908705       -6.6440553      -4.9649383     
0.51312892      11506.329       4745.9594       138.24715       17.457353       -12.698715      -8.8697413      -6.6500467      -4.9792233     
0.51358699      11746.869       5097.651        143.06959       18.285628       -12.355935      -8.8318561      -6.6613931      -5.0032876     
0.51404506      11550.51        5341.3345       144.78139       19.689824       -11.997243      -8.7569658      -6.6502443      -5.0157139     
0.51450314      11696.915       5597.0461       141.43258       17.74365        -11.625133      -8.6493881      -6.6192408      -5.0215667     
0.51496121      11415.678       5773.0973       137.67887       12.844938       -11.381677      -8.5937915      -6.6230189      -5.0408738     
0.51541928      11146.175       5778.9212       145.49256       14.417547       -11.281926      -8.5506888      -6.6226989      -5.0560983     
0.51587735      10870.087       5660.3773       146.30573       17.065812       -11.49701       -8.6512952      -6.7107548      -5.1254634     
0.51633542      10545.371       5579.908        170.31418       7.3652548       -11.558948      -8.5999739      -6.7056252      -5.1494881     
0.5167935       10310.774       5529.3078       167.85655       6.2863291       -11.57072       -8.5411471      -6.6962247      -5.158407      
0.51725157      10040.855       5497.5468       177.8506        19.199445       -11.791004      -8.576814       -6.7359968      -5.1946038     
0.51770964      9858.7029       5507.7217       175.61249       22.171985       -11.896795      -8.5506511      -6.7427223      -5.221019      
0.51816771      9658.2295       5494.2464       177.50004       14.881759       -11.991746      -8.5475145      -6.7701228      -5.256152      
0.51862578      9469.2282       5367.3786       181.19541       3.5920669       -11.972482      -8.467469       -6.7590194      -5.2762308     
0.51908386      9296.4781       5265.6888       205.00785       2.6047217       -12.065208      -8.3538543      -6.6997286      -5.2599229     
0.51954193      9130.8544       5201.9741       222.1557        -3.3898718      -12.142345      -8.2576146      -6.656284       -5.2545734     
0.52            8952.4753       5110.452        237.63452       0.2260612       -12.241594      -8.1816384      -6.6099751      -5.2440974     
0.52044444      8868.2228       5093.3796       226.49024       -4.0358586      -12.430875      -8.1014553      -6.5471365      -5.2180961     
0.52088889      8713.0899       5043.762        214.00555       -3.4798719      -12.946566      -8.1343968      -6.5230109      -5.2084273     
0.52133333      8571.3868       4966.7358       255.56932       -4.4560105      -13.336234      -8.1319845      -6.4879205      -5.1998052     
0.52177778      8429.4619       4904.1853       274.69054       -3.7730531      -13.811951      -8.2012082      -6.488622       -5.2063279     
0.52222222      8313.0695       4844.0716       305.39116       -3.6090298      -14.087086      -8.2710846      -6.4971847      -5.2171065     
0.52266667      8179.8655       4788.0111       325.10816       -5.6485851      -14.242129      -8.3313608      -6.5062228      -5.2249925     
0.52311111      8070.973        4738.3807       367.25951       -0.30622284     -14.318982      -8.3878598      -6.5319307      -5.2628711     
0.52355556      7970.7328       4693.5963       424.23986       1.9117747       -14.311156      -8.3411357      -6.5023131      -5.2671401     
0.524           7865.1535       4627.8599       445.3299        11.608049       -14.387769      -8.362928       -6.5179281      -5.2964869     
0.52444444      7769.8401       4567.3327       491.45657       8.9455503       -14.213843      -8.2785574      -6.4871771      -5.3037839     
0.52488889      7684.2412       4498.9444       524.82867       6.7050164       -14.144248      -8.2545506      -6.4691028      -5.297598      
0.52533333      7607.3663       4462.3028       569.45705       2.2366867       -14.027592      -8.2088771      -6.4414444      -5.291382      
0.52577778      7541.6517       4426.8209       601.72248       1.9328572       -13.665168      -8.1514096      -6.4157211      -5.2887226     
0.52622222      7474.3246       4403.7554       671.37356       2.5957292       -13.676996      -8.1931012      -6.44398        -5.3167017     
0.52668148      7390.8321       4360.0676       759.10237       2.594506        -13.581911      -8.1863044      -6.4497255      -5.334392      
0.52714074      7335.942        4336.9252       691.47187       1.8449773       -13.587534      -8.2159287      -6.4667293      -5.3599027     
0.5276          7280.2748       4315.3508       723.16967       8.324132        -13.767088      -8.3159652      -6.5171206      -5.3972262     
0.52805926      7229.4031       4295.7656       713.29839       12.06934        -14.021526      -8.4376346      -6.5945749      -5.4566274     
0.52851852      7179.5519       4279.5913       733.17378       15.359137       -14.098266      -8.5720907      -6.6709574      -5.5057395     
0.52897778      7133.6643       4267.2347       734.8562        12.946233       -14.164713      -8.6511768      -6.7166837      -5.5478234     
0.529457        7065.8539       4240.3271       739.27246       14.606095       -14.132099      -8.7815937      -6.804157       -5.6086845     
0.52993623      7024.8099       4228.9715       739.29879       10.377512       -14.13391       -8.9224916      -6.8947223      -5.6811409     
0.53041546      6985.8634       4219.9484       756.11103       21.360972       -14.043891      -9.0192408      -6.9659085      -5.732352      
0.53089469      6944.1114       4208.7659       767.00813       24.306808       -13.984765      -9.161525       -7.0566862      -5.7945647     
0.53137391      6901.8036       4194.3352       798.09496       33.305895       -13.875363      -9.2531652      -7.1325347      -5.8525029     
0.53188133      6832.2918       4172.0833       794.12328       46.676286       -13.907102      -9.293239       -7.1945178      -5.9140937     
0.53238875      6796.0834       4168.5898       812.59281       53.243998       -14.000059      -9.3583644      -7.2506353      -5.9656696     
0.53289616      6768.6277       4172.0273       818.47547       66.878552       -13.953053      -9.4119729      -7.3130034      -6.0229807     
0.53340358      6733.6277       4169.4474       826.11723       80.309458       -14.036639      -9.4348041      -7.3453154      -6.0594344     
0.53395328      6659.0904       4147.0999       824.05874       92.87601        -14.171764      -9.4320535      -7.3869936      -6.1081311     
0.53450298      6627.2096       4151.5369       829.68679       101.05459       -14.107462      -9.399527       -7.3993791      -6.1398875     
0.53505269      6605.4476       4162.5271       832.79723       101.46249       -14.053605      -9.4100636      -7.4404056      -6.1866363     
0.53560239      6576.4833       4171.4398       838.71745       99.506249       -14.347336      -9.5697801      -7.5446927      -6.2660664     
0.53615209      6548.911        4178.1768       840.33578       94.246351       -14.655387      -9.6927277      -7.6425382      -6.346822      
0.53670179      6520.6646       4185.8809       846.35719       101.47496       -14.975465      -9.8309166      -7.7369954      -6.4168478     
0.53736143      6408.3962       4145.7101       837.27945       115.8101        -15.609431      -9.9348456      -7.8186309      -6.4911897     
0.53802107      6375.7982       4155.8749       833.43125       100.23537       -15.96762       -10.090482      -7.9171722      -6.5676088     
0.53868072      6352.1984       4170.3929       842.52056       103.9622        -16.258616      -10.166192      -7.9937872      -6.6425203     
0.53934036      6326.9168       4180.3072       853.13813       97.837925       -16.627856      -10.252553      -8.0700337      -6.713424      
0.54            6292.3745       4181.1961       869.13861       97.013744       -16.836199      -10.301233      -8.1363277      -6.7843385     
0.54064516      6269.6997       4188.8953       883.53334       93.4429         -16.888734      -10.350931      -8.1969178      -6.8413451     
0.54129032      6239.6067       4193.7542       894.63047       95.44663        -16.974847      -10.404699      -8.2611672      -6.908576      
0.54195853      6198.0089       4194.915        891.96076       98.325293       -16.629229      -10.4402        -8.3157389      -6.957494      
0.54262673      6170.6214       4208.2472       873.52677       103.25356       -16.203859      -10.456179      -8.3690708      -7.0189812     
0.54329493      6143.0197       4210.4506       894.33841       108.95064       -16.011521      -10.523673      -8.4345019      -7.0750875     
0.54396313      6117.4748       4219.4642       894.09188       114.255         -15.858172      -10.622467      -8.5234758      -7.1544127     
0.54463134      6091.5512       4227.8557       911.39958       122.72464       -15.438777      -10.651997      -8.5933292      -7.2313582     
0.54529954      6066.378        4236.5366       922.77465       124.90698       -14.87334       -10.630878      -8.620799       -7.2752264     
0.54596774      6040.0293       4245.2197       931.01256       133.3423        -14.463169      -10.679357      -8.6899284      -7.3415999     
0.54666935      5998.7275       4249.9889       933.5884        138.29515       -13.899744      -10.707699      -8.7615959      -7.4194546     
0.54737097      5974.0716       4267.8364       937.50615       143.70654       -13.260633      -10.650012      -8.7620027      -7.4476485     
0.54807258      5951.1645       4275.559        940.32051       152.0351        -12.752411      -10.660189      -8.8122316      -7.507983      
0.54877419      5926.3219       4282.0503       945.60021       156.80692       -12.49477       -10.63748       -8.8416457      -7.5600305     
0.54947581      5900.7988       4284.6365       938.26092       161.35496       -12.262201      -10.603759      -8.8440297      -7.5836597     
0.55017742      5877.4129       4288.3491       943.67262       164.21892       -12.014478      -10.577485      -8.852008       -7.6128012     
0.55087903      5853.1622       4287.3735       951.18328       169.48415       -11.585128      -10.502165      -8.8481744      -7.647596      
0.55158065      5831.3921       4295.5348       958.95137       175.57548       -11.137175      -10.392945      -8.8063183      -7.6502189     
0.55228226      5806.9743       4294.3742       980.37585       180.78287       -11.289696      -10.319962      -8.7689452      -7.6511852     
0.55305403      5756.3432       4278.2757       1001.7142       182.93376       -11.037952      -10.164518      -8.7009233      -7.6419285     
0.55382581      5734.1709       4278.2893       1049.0891       187.95007       -10.814639      -10.041567      -8.639683       -7.6327722     
0.55459758      5719.6991       4282.8485       1057.1579       192.13578       -10.549067      -9.9346084      -8.5968162      -7.6363635     
0.55536935      5702.6217       4288.0399       1114.0558       196.03772       -10.392708      -9.8634439      -8.5779091      -7.6602062     
0.55614113      5685.0708       4289.1438       1121.7889       206.16763       -10.337973      -9.828791       -8.5778905      -7.6939917     
0.5569129       5667.7379       4289.5165       1145.3174       207.34262       -10.254587      -9.7955378      -8.5845393      -7.7279697     
0.55768468      5649.1781       4287.7395       1159.0992       211.22196       -10.166707      -9.7564006      -8.5918264      -7.7652825     
0.55845645      5630.8218       4285.0034       1179.4706       215.81631       -10.070136      -9.6906802      -8.5786576      -7.7905518     
0.55922823      5612.4247       4283.2962       1202.5156       225.30152       -10.004444      -9.6535032      -8.5747324      -7.8102009     
0.56            5595.1427       4282.308        1221.4864       221.92022       -9.8536982      -9.5376863      -8.5125115      -7.7901952     
0.56086957      5548.2614       4264.8967       1236.1044       228.32334       -9.8340676      -9.4188637      -8.4732335      -7.7974624     
0.56173913      5530.241        4264.9339       1253.4404       233.96017       -9.8455698      -9.375789       -8.4510923      -7.8085611     
0.5626087       5520.6408       4269.0423       1273.5097       241.39124       -9.7446435      -9.3084533      -8.4330814      -7.8354797     
0.56347826      5507.9748       4270.3081       1289.8644       247.03996       -9.6678205      -9.2229944      -8.3924887      -7.8387062     
0.56434783      5494.3561       4271.4824       1306.5898       256.10873       -9.6306639      -9.1682141      -8.3800265      -7.8630699     
0.56521739      5479.5937       4271.2633       1322.2032       260.59568       -9.6033683      -9.1393314      -8.3914184      -7.9042364     
0.56608696      5464.5369       4271.2535       1339.0097       269.4238        -9.5215837      -9.0562998      -8.3523535      -7.9041276     
0.56695652      5448.8422       4268.0491       1354.8525       272.40672       -9.4211665      -8.9699447      -8.3110249      -7.902018      
0.56782609      5434.5109       4268.0679       1369.6902       281.44027       -9.3276049      -8.8835699      -8.2661622      -7.9008576     
0.56876254      5403.7504       4255.439        1381.104        286.17431       -9.2397977      -8.7559803      -8.196902       -7.8803278     
0.569699        5389.7888       4255.6537       1396.094        296.7626        -9.1240071      -8.6227265      -8.0988899      -7.8304249     
0.57063545      5381.051        4258.3532       1412.5553       308.90394       -9.0122136      -8.5576118      -8.0760768      -7.8431674     
0.57157191      5370.2177       4260.8792       1428.4428       317.25688       -8.8667822      -8.4350057      -7.9919329      -7.8038474     
0.57250836      5359.8122       4264.4918       1443.4534       325.51756       -8.7827045      -8.3576456      -7.953687       -7.79862       
0.57344482      5348.925        4267.9116       1456.6622       332.25362       -8.6873596      -8.2789582      -7.903213       -7.7788686     
0.57438127      5336.8038       4271.9774       1469.5153       337.33446       -8.5722284      -8.2450367      -7.900118       -7.7992969     
0.57531773      5324.7843       4274.7871       1482.9358       343.91265       -8.4380181      -8.1906033      -7.8810435      -7.8100264     
0.57625418      5314.4641       4279.2389       1494.7422       350.34458       -8.3321134      -8.1251032      -7.8493017      -7.8101292     
0.57719064      5304.0141       4282.9585       1506.9921       357.01901       -8.163373       -7.9860741      -7.7482826      -7.7414576     
0.57812709      5293.7578       4286.2522       1521.6693       365.22554       -8.0660677      -7.9123576      -7.7087768      -7.7374889     
0.57906355      5284.0196       4291.6185       1537.0586       372.92692       -7.9382004      -7.798423       -7.6281577      -7.6958864     
0.58            5275.6213       4303.8402       1548.4431       380.91471       -7.8132462      -7.6747438      -7.5399027      -7.647204      
0.581           5250.2561       4300.0075       1557.241        388.94087       -7.7312602      -7.5521562      -7.4499444      -7.5963126     
0.582           5239.4012       4306.359        1569.3396       397.51579       -7.6533028      -7.4495674      -7.3724722      -7.5577958     
0.583           5229.7999       4315.5679       1583.7674       406.58542       -7.4776472      -7.3095116      -7.2629153      -7.4963843     
0.584           5221.4745       4322.992        1597.378        415.63079       -7.3635029      -7.1866655      -7.1301094      -7.3839238     
0.585           5213.9379       4330.3969       1610.4507       424.73553       -7.2335422      -7.0710778      -7.0346402      -7.3188179     
0.586           5205.213        4338.7877       1621.5026       433.82243       -7.1051138      -6.9517908      -6.9538973      -7.2934617     
0.587           5196.7799       4348.1222       1632.3655       442.01785       -6.9514876      -6.8211557      -6.8565969      -7.2379718     
0.588           5187.8003       4354.6825       1644.1249       450.50941       -6.8266167      -6.6874609      -6.7550436      -7.17899       
0.589           5179.2695       4362.2126       1656.4459       458.91795       -6.6461161      -6.4903479      -6.5933424      -7.0638801     
0.59            5172.4194       4369.3888       1669.3422       467.62952       -6.4818343      -6.2973684      -6.4353791      -6.9504142     
0.591           5164.3599       4376.3839       1681.9923       475.83296       -6.6153279      -6.3343464      -6.3622871      -6.8386873     
0.592           5156.9358       4385.4123       1690.7055       484.0987        -6.4784593      -6.193811       -6.2657344      -6.7773539     
0.593           5150.3163       4393.3113       1704.5747       492.77271       -6.451376       -6.096743       -6.1666199      -6.6981188     
0.594           5141.7269       4398.6819       1716.5028       501.04729       -6.3786647      -5.9373748      -6.0394694      -6.6087536     
0.595           5135.2739       4406.5609       1729.5977       508.86439       -6.2975281      -5.7954851      -5.9078403      -6.5023475     
0.596           5128.1962       4412.7463       1741.772        516.25962       -6.2445178      -5.7038111      -5.8232391      -6.4338461     
0.597           5121.8931       4419.7752       1753.8061       522.84761       -6.3053025      -5.6962156      -5.7962698      -6.4023812     
0.598           5115.8107       4427.0475       1764.9932       529.66177       -6.4548697      -5.6958473      -5.7157791      -6.2971882     
0.599           5108.6698       4432.6391       1778.8487       537.01398       -6.3102401      -5.525776       -5.6139624      -6.2481418     
0.6             5102.7617       4439.3781       1791.2601       544.09211       -6.464476       -5.5808379      -5.6437163      -6.2573358     
0.601           5096.0555       4445.1846       1804.6976       550.83638       -6.5377482      -5.5854677      -5.6579089      -6.2736291     
0.602           5090.0843       4451.3966       1818.3834       557.96894       -6.6464836      -5.6211068      -5.6781107      -6.2805208     
0.603           5083.8799       4457.5133       1831.9465       564.39166       -6.8216909      -5.7152941      -5.7547717      -6.3281105     
0.604           5078.2851       4464.231        1845.9012       570.2308        -6.8927826      -5.7135649      -5.7420497      -6.3071459     
0.605           5072.6952       4471.1451       1861.1278       575.60467       -6.9224595      -5.6857938      -5.7106753      -6.2758695     
0.606           5066.2501       4476.5731       1874.1218       581.76146       -6.9581447      -5.6614931      -5.6801953      -6.2418352     
0.607           5060.0371       4482.4846       1887.4637       587.56454       -7.0489102      -5.6715476      -5.6773991      -6.2294929     
0.608           5053.9345       4488.5559       1899.7675       593.22023       -7.1121951      -5.6570798      -5.6545013      -6.2009756     
0.609           5047.6133       4494.2492       1912.7256       598.82077       -7.1518474      -5.6206042      -5.6142599      -6.162431      
0.61            5040.5439       4499.1941       1925.5108       603.90689       -7.1888689      -5.5848226      -5.5749764      -6.1244335     
0.611           5032.924        4503.6518       1937.8836       609.07044       -7.2656708      -5.5993837      -5.5710067      -6.1009847     
0.612           5025.6999       4508.4702       1950.3924       613.09137       -7.2543963      -5.5370863      -5.5096417      -6.0453788     
0.613           5017.8126       4512.4537       1962.8326       617.29306       -7.2384248      -5.4946293      -5.4655032      -5.9988994     
0.614           5009.8502       4516.1966       1975.2565       621.33302       -7.2007398      -5.465403       -5.4388106      -5.9713066     
0.615           5001.4599       4519.5543       1987.6333       625.23035       -7.1106009      -5.4193063      -5.3965023      -5.9287407     
0.616           4992.541        4522.3671       2000.4705       628.96319       -7.0249011      -5.3928965      -5.3750807      -5.9032539     
0.617           4982.9562       4524.8356       2012.9909       632.81586       -6.8892903      -5.3590662      -5.3458316      -5.8708303     
0.618           4972.9564       4526.8814       2025.6241       636.53075       -6.7102609      -5.3138151      -5.307937       -5.8339381     
0.619           4962.9828       4528.8763       2038.6472       640.37203       -6.5196566      -5.2631915      -5.2697878      -5.7993815     
0.62            4952.7709       4530.6488       2051.5146       643.68322       -6.5343471      -5.3764486      -5.3706426      -5.8803689     
0.62105263      4935.3306       4524.1423       2062.1173       645.75757       -6.5006981      -5.3728412      -5.3668908      -5.8699686     
0.62210526      4924.0127       4525.6436       2075.7593       648.76705       -6.422443       -5.3544031      -5.3422904      -5.8402169     
0.62315789      4914.1187       4528.7305       2090.8265       652.35307       -6.3686972      -5.3346189      -5.3194082      -5.8159924     
0.62421053      4901.9431       4529.6398       2104.7338       654.86063       -6.3420697      -5.3107886      -5.2886234      -5.7842121     
0.62526316      4887.8277       4528.7709       2118.3078       657.27434       -6.3709693      -5.2996298      -5.2685413      -5.7612139     
0.62631579      4872.7451       4526.8286       2132.0255       659.32012       -6.412696       -5.2970002      -5.2567729      -5.7444638     
0.62736842      4857.2574       4524.5828       2147.6138       661.49514       -6.4294374      -5.267026       -5.21856        -5.7032384     
0.62842105      4843.9827       4524.7373       2165.1821       664.49159       -6.4493939      -5.2447505      -5.187446       -5.6693954     
0.62947368      4828.1607       4522.2322       2181.8603       667.15683       -6.4974345      -5.2358909      -5.1670641      -5.6444085     
0.63052632      4811.8775       4519.5087       2199.5285       670.32164       -6.5541912      -5.2386214      -5.1558992      -5.626031      
0.63157895      4793.4659       4514.2117       2216.6123       673.25018       -6.5986341      -5.2193075      -5.1253072      -5.5906222     
0.63263158      4776.0904       4509.9099       2235.2802       677.08899       -6.6174287      -5.1803342      -5.0735038      -5.5358243     
0.63368421      4756.1413       4502.5063       2252.7468       680.7031        -6.6798807      -5.1669886      -5.0454067      -5.5027453     
0.63473684      4734.9583       4493.7682       2269.968        684.61831       -6.8034911      -5.2080774      -5.0674689      -5.5113767     
0.63578947      4712.0877       4482.5976       2285.822        688.43008       -6.8995429      -5.2208851      -5.0643694      -5.5021209     
0.63684211      4685.9193       4467.6843       2298.9664       691.81838       -6.9893737      -5.2228985      -5.0496104      -5.4795653     
0.63789474      4657.6109       4450.3186       2310.8145       695.09027       -7.1166938      -5.2541379      -5.0587127      -5.4757        
0.63894737      4623.9481       4426.6863       2317.089        696.96704       -7.2321538      -5.2812026      -5.0723829      -5.4887938     
0.64            4591.3056       4404.1307       2323.8268       699.29543       -7.3474056      -5.3054176      -5.075599       -5.4733214     
0.64111111      4549.326        4369.3372       2325.1562       700.72151       -7.5119047      -5.2999996      -5.0575066      -5.4454596     
0.64222222      4513.6035       4343.3993       2330.5011       703.35334       -7.5754512      -5.2792327      -5.0215034      -5.4071266     
0.64333333      4478.8159       4318.1834       2336.3768       707.24114       -7.6331858      -5.2694678      -4.9957771      -5.3743309     
0.64444444      4441.4942       4289.8833       2339.8313       710.45542       -7.7632326      -5.332667       -5.0391255      -5.4027161     
0.64555556      4403.286        4260.0354       2342.647        714.22662       -7.8289213      -5.3270226      -5.0202845      -5.3816365     
0.64666667      4363.8442       4228.4267       2343.6622       717.20471       -7.924126       -5.365684       -5.0415241      -5.3887828     
0.64777778      4323.8244       4195.7955       2343.2574       720.19624       -7.9975756      -5.4061527      -5.0682808      -5.403213      
0.64888889      4283.0052       4161.7247       2341.4235       723.12937       -8.0160933      -5.4090446      -5.061714       -5.3901412     
0.65            4242.5995       4127.5049       2338.5454       725.86699       -8.0029824      -5.4159096      -5.0596324      -5.3808839     
0.65111111      4201.1738       4091.8828       2334.2515       728.28682       -7.9386849      -5.4054708      -5.0459174      -5.3621776     
0.65222222      4159.8695       4055.9995       2329.4146       730.95768       -7.8981034      -5.4357648      -5.0710228      -5.3814677     
0.65333333      4117.8713       4019.0659       2323.1584       733.50392       -7.8430071      -5.4962021      -5.1265422      -5.4213369     
0.65444444      4076.4759       3982.3084       2316.3511       735.77048       -7.6983262      -5.4832021      -5.1170728      -5.4105078     
0.65555556      4034.1999       3944.3229       2308.6491       738.37815       -7.5754941      -5.4977743      -5.1333174      -5.4236082     
0.65666667      3992.6714       3906.3838       2300.0383       740.81915       -7.439854       -5.5150649      -5.1560677      -5.4470036     
0.65777778      3951.289        3867.8925       2290.4777       743.16056       -7.231649       -5.4627639      -5.1123674      -5.4027134     
0.65888889      3910.2882       3829.3672       2280.5967       745.5346        -7.0466495      -5.4237275      -5.0824721      -5.3725504     
0.66            3870.217        3790.9228       2269.869        747.95203       -6.9096357      -5.4017722      -5.0677842      -5.357287      
0.66117647      3825.3629       3743.5013       2253.2668       748.86899       -6.8586079      -5.3895549      -5.0647969      -5.3483478     
0.66243137      3776.3152       3694.2976       2235.9898       749.28088       -6.764367       -5.3133975      -5.000736       -5.2883756     
0.66368627      3738.9944       3654.0083       2223.6196       752.40482       -6.6205835      -5.2556292      -4.9515536      -5.2457387     
0.66494118      3700.1308       3614.8325       2210.5257       755.2264        -6.5610374      -5.2236316      -4.9232214      -5.2247795     
0.66619608      3662.8163       3574.045        2194.9221       756.99945       -6.6129713      -5.2715009      -4.960407       -5.2512044     
0.66745098      3626.6975       3532.7916       2177.9483       758.1308        -6.6120207      -5.2706644      -4.9598888      -5.2512329     
0.66870588      3587.7116       3492.2973       2159.6641       758.27825       -6.6040781      -5.2181679      -4.9014456      -5.1891716     
0.66996078      3550.8557       3451.8466       2140.6862       758.05325       -6.6880993      -5.2645536      -4.9426655      -5.2229682     
0.67121569      3514.274        3412.7026       2120.8181       757.20463       -6.7655321      -5.2800378      -4.9456258      -5.2157982     
0.67247059      3479.2035       3374.3723       2100.622        755.7121        -6.8005011      -5.2667807      -4.9319717      -5.1993526     
0.67372549      3445.5183       3337.0322       2080.3465       753.65056       -6.8360279      -5.2484856      -4.9145038      -5.1801684     
0.67498039      3412.2382       3300.3326       2059.5961       751.74068       -6.8602702      -5.2158407      -4.8844541      -5.153032      
0.67623529      3380.9824       3264.8138       2038.8702       749.43155       -6.9480884      -5.2348525      -4.900567       -5.1646294     
0.6774902       3350.8727       3230.4409       2018.3103       746.85949       -6.9722292      -5.2018794      -4.8723818      -5.1407636     
0.6787451       3321.7917       3197.2017       1997.7281       744.02688       -7.0028072      -5.155842       -4.8251953      -5.0963235     
0.68            3294.1004       3164.9594       1977.4947       741.11359       -7.0622935      -5.153679       -4.824128       -5.0977379     
0.68133333      3262.2967       3126.5784       1952.7699       736.09226       -7.1523716      -5.1193664      -4.7933013      -5.0669492     
0.68266667      3236.619        3096.3664       1932.7893       733.02869       -7.157661       -5.0934281      -4.7688629      -5.0459615     
0.684           3213.2708       3068.6229       1913.9619       730.24738       -7.1012044      -5.0385068      -4.7175938      -4.9980916     
0.68533333      3191.1238       3041.7793       1894.996        727.07158       -7.0685604      -5.0051213      -4.6874986      -4.9702807     
0.68666667      3170.6937       3016.5304       1876.1974       723.69484       -7.0087361      -4.9794676      -4.668162       -4.9545165     
0.688           3151.433        2992.4385       1857.9443       720.07798       -6.9099849      -4.9580041      -4.6541418      -4.940867      
0.68933333      3133.2724       2969.52         1839.9756       716.45075       -6.7266256      -4.9002537      -4.6091393      -4.9019443     
0.69066667      3116.6221       2948.1103       1822.658        712.74426       -6.5059763      -4.8330266      -4.5554642      -4.8529226     
0.692           3101.275        2928.0586       1805.8286       709.10243       -6.3028731      -4.797016       -4.5298374      -4.8292822     
0.69333333      3086.8745       2909.1486       1789.496        705.4302        -6.0518451      -4.7391407      -4.488517       -4.7940233     
0.69466667      3073.8718       2891.719        1773.825        701.79291       -5.8490682      -4.7199496      -4.4857613      -4.7951392     
0.696           3061.9052       2875.5357       1758.7861       697.97991       -5.6960281      -4.7421348      -4.528276       -4.8443946     
0.69733333      3051.7121       2860.9369       1744.3708       694.26811       -5.4522841      -4.6514033      -4.4568569      -4.7796376     
0.69866667      3041.901        2847.1059       1730.4553       690.55502       -5.2502872      -4.5795416      -4.4041596      -4.7339782     
0.7             3033.6298       2834.7877       1717.2529       686.94801       -5.0676763      -4.5064432      -4.3514438      -4.6872935     
0.70125         3032.0257       2831.2446       1709.5615       685.3371        -4.8811498      -4.4674707      -4.3292418      -4.6708314     
0.7025          3025.8739       2821.3543       1698.037        681.75193       -4.8036974      -4.441907       -4.3244113      -4.66961       
0.70375         3018.5439       2810.3834       1685.837        677.59605       -4.7324365      -4.3929025      -4.2929695      -4.6420325     
0.705           3012.8273       2801.2567       1674.9294       673.97785       -4.6207346      -4.3072641      -4.2284778      -4.5840608     
0.70625         3008.2696       2793.4663       1664.8979       670.65662       -4.5565575      -4.2415661      -4.1801203      -4.5411626     
0.7075          3004.5246       2786.6634       1655.5483       667.58632       -4.5437346      -4.2137286      -4.1708901      -4.5410177     
0.70875         3001.5183       2780.8088       1646.8428       664.71966       -4.5596671      -4.1952017      -4.1644255      -4.538488      
0.71            2998.8207       2775.4902       1638.5225       661.84594       -4.5948731      -4.1846612      -4.1627698      -4.540907      
0.71125         2996.928        2771.0935       1630.8023       659.106         -4.5872213      -4.1459218      -4.1348531      -4.5182653     
0.7125          2995.3811       2767.2517       1623.4778       656.39905       -4.5885222      -4.0953014      -4.0911325      -4.4801365     
0.71375         2994.3714       2764.0593       1616.5848       653.72945       -4.6133986      -4.0701339      -4.0701405      -4.4619235     
0.715           2993.8006       2761.4115       1610.0996       651.14736       -4.628258       -4.0280217      -4.0317909      -4.4290529     
0.71625         2993.5903       2759.2833       1604.0928       648.70433       -4.6447359      -3.9892688      -3.9957427      -4.3969527     
0.7175          2993.6049       2757.534        1598.3883       646.30028       -4.6929011      -3.9766878      -3.9835742      -4.3872451     
0.71875         2993.8324       2756.1479       1593.0493       644.01079       -4.7130047      -3.933735       -3.9386527      -4.3424811     
0.72            2994.3273       2755.159        1588.1343       641.86643       -4.7537908      -3.9128301      -3.915101       -4.3203807     
0.72125         2994.7915       2754.3051       1583.4244       639.74559       -4.7959632      -3.8978523      -3.8988403      -4.3067013     
0.7225          2995.1714       2753.5291       1578.9074       637.64579       -4.8246353      -3.8749789      -3.8734682      -4.2815782     
0.72375         2995.6657       2753.0188       1574.7792       635.73187       -4.8214115      -3.827225       -3.8252245      -4.2363617     
0.725           2996.037        2752.4853       1570.6888       633.81198       -4.8538681      -3.8167203      -3.8068698      -4.2136528     
0.72625         2996.6832       2752.3131       1566.9352       632.04357       -4.8323441      -3.7705275      -3.7594605      -4.1696156     
0.7275          2997.2234       2752.1423       1563.2789       630.31528       -4.83289        -3.7513513      -3.7347594      -4.1423518     
0.72875         2997.7183       2752.0168       1559.7382       628.65079       -4.8189407      -3.7327359      -3.7113516      -4.117795      
0.73            2997.9584       2751.7461       1556.2043       627.0293        -4.7947693      -3.7100648      -3.6845972      -4.0883453     
0.73125         2998.0162       2751.3682       1552.5793       625.38129       -4.7930579      -3.7011379      -3.6655072      -4.0646725     
0.7325          2997.8554       2750.9592       1549.1779       623.85816       -4.7832886      -3.6950583      -3.6511216      -4.046794      
0.73375         2997.794        2750.59         1545.8166       622.39159       -4.7214195      -3.6621834      -3.619964       -4.0154654     
0.735           2997.4091       2750.07         1542.474        620.94254       -4.6805577      -3.6377445      -3.5942633      -3.9854345     
0.73625         2996.7896       2749.3663       1539.0925       619.50867       -4.6256884      -3.6002618      -3.559334       -3.9491157     
0.7375          2995.9619       2748.5619       1535.767        618.10649       -4.569565       -3.5417313      -3.4931321      -3.8776787     
0.73875         2994.9163       2747.5915       1532.3888       616.63508       -4.5837335      -3.5520909      -3.4984773      -3.8786709     
0.74            2993.5276       2746.3997       1529.0111       615.17718       -4.6292663      -3.5893842      -3.5237567      -3.8879298     
0.74125         2991.4401       2744.5852       1525.1846       613.53768       -4.635368       -3.5996179      -3.5320583      -3.8909631     
0.7425          2989.3255       2742.8454       1521.6212       612.02827       -4.616499       -3.5955231      -3.5312688      -3.8904159     
0.74375         2986.7545       2740.7287       1517.8928       610.51553       -4.5795935      -3.5781123      -3.5161107      -3.8724701     
0.745           2983.8791       2738.3957       1514.188        609.02719       -4.5085136      -3.5294683      -3.4704545      -3.8238864     
0.74625         2980.6456       2735.7561       1510.3264       607.44279       -4.4636674      -3.5118535      -3.4553036      -3.8056238     
0.7475          2976.9458       2732.7277       1506.3247       605.80263       -4.415607       -3.486199       -3.4306646      -3.7760475     
0.74875         2972.8466       2729.311        1502.1241       604.0545        -4.3824593      -3.465062       -3.4087215      -3.7502475     
0.75            2968.1998       2725.5071       1497.8029       602.25801       -4.359004       -3.4488409      -3.3901126      -3.7266261     
0.75125         2962.4827       2720.8174       1493.0419       600.18369       -4.4747365      -3.549302       -3.475785       -3.7964661     
0.7525          2958.1212       2717.1797       1488.8556       598.31019       -4.4378773      -3.5203845      -3.448134       -3.7667851     
0.75375         2951.6398       2711.8137       1483.7935       596.064         -4.430673       -3.5115942      -3.433373       -3.7454459     
0.755           2945.5482       2706.7067       1478.9069       593.86688       -4.4235009      -3.5007526      -3.4171815      -3.7232647     
0.75625         2938.3825       2700.7021       1473.5937       591.47241       -4.4045169      -3.479786       -3.3916588      -3.69321       
0.7575          2931.0947       2694.5355       1468.1946       589.00386       -4.3802228      -3.4533271      -3.3614161      -3.6588593     
0.75875         2923.4473       2688.0226       1462.6764       586.51916       -4.3664963      -3.4401961      -3.3433035      -3.6339725     
0.76            2915.3089       2681.0506       1456.9175       583.89714       -4.3843285      -3.4581035      -3.3539636      -3.6351736     
0.76125         2906.2941       2673.302        1450.8017       581.16843       -4.3714767      -3.4545284      -3.345847       -3.6231477     
0.7625          2896.8337       2665.1352       1444.4878       578.34042       -4.3306653      -3.4304365      -3.317735       -3.5895011     
0.76384615      2880.3483       2648.2505       1432.9594       572.66843       -4.3143712      -3.3888424      -3.2745915      -3.5416658     
0.76519231      2870.1566       2639.7288       1426.5534       569.78254       -4.2911247      -3.387668       -3.2674296      -3.529682      
0.76653846      2861.1673       2632.4071       1420.8972       567.32285       -4.2325783      -3.3531289      -3.2240286      -3.4783558     
0.76788462      2850.8296       2623.7392       1414.4776       564.45427       -4.2337436      -3.369307       -3.2290892      -3.4753355     
0.76923077      2840.6407       2614.8434       1407.8542       561.54572       -4.2190413      -3.3720789      -3.2210588      -3.4584313     
0.77057692      2828.5193       2604.2582       1400.378        558.21044       -4.2074221      -3.3787342      -3.2171146      -3.4445845     
0.77192308      2816.8703       2593.7664       1392.936        554.9341        -4.1833848      -3.3758615      -3.2056528      -3.4256695     
0.77326923      2803.9583       2582.1424       1384.9138       551.38169       -4.2040245      -3.420553       -3.2412008      -3.4520009     
0.77461538      2790.8291       2570.2937       1376.7772       547.77273       -4.2591879      -3.4962182      -3.3044269      -3.5047932     
0.77596154      2777.3576       2558.0294       1368.4545       544.12186       -4.2293424      -3.4907059      -3.2887899      -3.4807976     
0.77730769      2763.2052       2545.1077       1359.7542       540.2881        -4.269184       -3.546799       -3.3299851      -3.5065631     
0.77865385      2749.931        2532.7593       1351.3755       536.63494       -4.2132822      -3.5209405      -3.2978125      -3.4705586     
0.78            2734.9356       2518.9454       1342.2402       532.66489       -4.1935562      -3.5268006      -3.2962144      -3.4604698     
0.78133333      2721.6603       2506.7815       1334.0361       529.16703       -4.1699147      -3.5343176      -3.2977126      -3.4567063     
0.78266667      2706.8834       2492.9088       1324.8664       525.22843       -4.1397548      -3.5277206      -3.2849598      -3.4364365     
0.78411111      2685.867        2470.7009       1310.6761       518.42183       -4.1429074      -3.5042241      -3.2590038      -3.4045555     
0.78555556      2670.7254       2456.5896       1301.4696       514.44751       -4.0999905      -3.4872873      -3.2361226      -3.3755662     
0.787           2656.7239       2443.5774       1292.8355       510.85222       -4.0631821      -3.4748221      -3.2186551      -3.3537721     
0.78844444      2642.0383       2429.7281       1283.664        507.03007       -4.0382427      -3.4645339      -3.2033572      -3.3329783     
0.78988889      2627.3298       2415.584        1274.2858       503.13135       -4.0201216      -3.4541032      -3.1881544      -3.3126225     
0.79133333      2612.3872       2401.0396       1264.6658       499.10066       -4.00698        -3.4467053      -3.1762488      -3.2954642     
0.79277778      2597.4245       2386.3077       1254.8965       495.03127       -3.992311       -3.4334363      -3.1594651      -3.2742808     
0.79422222      2582.547        2371.5117       1245.0897       490.94139       -4.0021763      -3.4393897      -3.159428       -3.2666538     
0.79566667      2567.7782       2356.6911       1235.2636       486.8637        -4.015307       -3.4432047      -3.1578794      -3.2581312     
0.79711111      2553.0007       2341.7722       1225.3906       482.7826        -4.030477       -3.4475951      -3.1574274      -3.2512098     
0.79855556      2538.3839       2326.9432       1215.5973       478.76732       -4.0495042      -3.4550751      -3.1608705      -3.248385      
0.8             2524.0546       2312.257        1205.8625       474.73532       -4.0503544      -3.4431746      -3.1456803      -3.2277702     
0.80153846      2505.2272       2291.5765       1192.5594       468.70658       -4.0945321      -3.43099        -3.1326215      -3.2083971     
0.80307692      2491.3586       2277.2949       1183.0475       464.78958       -4.106224       -3.4332955      -3.1344094      -3.2063923     
0.80461538      2479.4449       2264.7168       1174.4286       461.34606       -4.1075233      -3.4182008      -3.1200608      -3.1910647     
0.80615385      2466.6252       2251.2156       1165.2208       457.68207       -4.1179674      -3.4122514      -3.115768       -3.1852619     
0.80769231      2454.9093       2238.4013       1156.406        454.1243        -4.1265498      -3.399833       -3.1062926      -3.1753091     
0.80923077      2442.545        2224.9966       1147.1315       450.38362       -4.1124446      -3.3662149      -3.0754973      -3.1428746     
0.81076923      2431.2213       2212.3052       1138.3683       446.83019       -4.1419328      -3.3724016      -3.0842232      -3.1478424     
0.81230769      2420.1936       2199.8779       1129.7068       443.31632       -4.1317052      -3.3393344      -3.0537628      -3.1161545     
0.81384615      2409.4194       2187.6366       1121.1288       439.81549       -4.108862       -3.299122       -3.0166916      -3.0787939     
0.81538462      2399.6539       2176.2843       1113.1829       436.60217       -4.1002236      -3.2746417      -2.9954742      -3.0564755     
0.81692308      2390.0643       2165.0787       1105.28         433.35611       -4.0839274      -3.2435254      -2.9670527      -3.0266366     
0.81846154      2382.0567       2155.2589       1098.3269       430.57308       -4.086678       -3.2263528      -2.9530644      -3.014359      
0.82            2373.1188       2144.6196       1090.723        427.45418       -4.0397792      -3.1636062      -2.8916326      -2.9530884     
0.82153846      2365.7153       2135.3168       1084.0352       424.75119       -4.0044357      -3.1147542      -2.845843       -2.9094328     
0.82307692      2358.1282       2125.889        1077.0933       421.83373       -3.9857116      -3.0851646      -2.8180072      -2.882335      
0.82461538      2351.5581       2117.3483       1070.7938       419.20328       -3.9767082      -3.065452       -2.7998008      -2.8649004     
0.82615385      2345.4185       2109.2237       1064.6502       416.62298       -3.9474645      -3.0293966      -2.7652349      -2.8305732     
0.82769231      2340.5014       2102.1726       1059.1854       414.33144       -3.9127493      -2.9893399      -2.7294169      -2.7978678     
0.82923077      2335.5336       2095.1524       1053.7431       412.03235       -3.8616492      -2.9369925      -2.6786979      -2.7477186     
0.83076923      2331.5023       2088.9826       1048.8294       409.91558       -3.8684643      -2.9365013      -2.6768305      -2.7426799     
0.83230769      2327.7929       2083.1488       1044.1147       407.86373       -3.7966601      -2.8732822      -2.619177       -2.6886728     
0.83384615      2324.4291       2077.68         1039.6003       405.86859       -3.7452229      -2.8291118      -2.5776338      -2.6477019     
0.83538462      2321.5524       2072.6877       1035.3802       403.96535       -3.6888736      -2.7842858      -2.5374979      -2.6098492     
0.83692308      2319.0896       2068.1113       1031.392        402.12229       -3.6310241      -2.7410902      -2.4987493      -2.5732418     
0.83846154      2317.0814       2063.9891       1027.6628       400.35043       -3.5557869      -2.6870438      -2.4495513      -2.5253781     
0.84            2315.5045       2060.3207       1024.1994       398.65506       -3.4871977      -2.6447196      -2.4121306      -2.4901209     
0.84153846      2314.1188       2056.954        1020.9338       397.01334       -3.4114617      -2.5979813      -2.3700812      -2.4495631     
0.84307692      2313.2414       2054.0345       1017.9522       395.46353       -3.3333917      -2.550582       -2.3277046      -2.4090331     
0.84461538      2312.5923       2051.4223       1015.1764       393.96782       -3.2672723      -2.5181079      -2.2996323      -2.3807351     
0.84615385      2312.3691       2049.2473       1012.6778       392.55659       -3.1965474      -2.4790058      -2.2660338      -2.3508008     
0.84769231      2312.2243       2047.2159       1010.2397       391.10147       -3.1499045      -2.4689633      -2.2604871      -2.345738      
0.84923077      2312.3599       2045.506        1008.0259       389.71958       -3.0705367      -2.4279972      -2.2244384      -2.3098761     
0.85076923      2312.6155       2043.9428       1005.8945       388.35124       -2.975347       -2.3727941      -2.1743692      -2.2619859     
0.85230769      2313.1197       2042.6715       1003.9748       387.05284       -2.8991202      -2.3389712      -2.14523        -2.2339113     
0.85384615      2313.817        2041.6427       1002.2141       385.78701       -2.8114518      -2.2932792      -2.1039103      -2.1938579     
0.85538462      2314.6308       2040.7886       1000.5867       384.56685       -2.7340521      -2.2577616      -2.0724077      -2.1635543     
0.85692308      2315.5404       2040.0733       999.11834       383.44055       -2.6612274      -2.2257478      -2.0449828      -2.1388458     
0.85846154      2316.4776       2039.4482       997.74691       382.38132       -2.5877617      -2.1905471      -2.0134756      -2.1089226     
0.86            2317.5232       2039.0104       996.52588       381.38804       -2.5134816      -2.1525913      -1.9792173      -2.0760267     
0.86153846      2318.6631       2038.7192       995.40941       380.43587       -2.4522948      -2.1268649      -1.9562795      -2.0530055     
0.86307692      2319.9622       2038.5589       994.38692       379.45204       -2.3829813      -2.0917245      -1.9242435      -2.0219216     
0.86461538      2321.1216       2038.4461       993.49679       378.49438       -2.3410885      -2.083421       -1.9188849      -2.0168878     
0.86615385      2322.3545       2038.4335       992.68788       377.56831       -2.297486       -2.0723958      -1.9107508      -2.0087582     
0.86769231      2323.5385       2038.4728       992.00203       376.72102       -2.2327844      -2.0378787      -1.8792258      -1.9789463     
0.86923077      2324.9321       2038.7601       991.51931       376.02067       -2.1638463      -1.9972287      -1.8416587      -1.9421762     
0.87076923      2326.1853       2038.974        991.02493       375.28805       -2.1048396      -1.9667929      -1.814118       -1.9153622     
0.87230769      2327.4445       2039.2593       990.6477        374.69249       -2.0572132      -1.9445678      -1.7937654      -1.8945573     
0.87384615      2328.7072       2039.4987       990.30188       374.1416        -1.9841298      -1.8965455      -1.7492324      -1.8513441     
0.87538462      2329.7418       2039.7452       990.00392       373.64597       -1.9347498      -1.8685879      -1.7241497      -1.8276561     
0.87692308      2330.7324       2039.9883       989.78498       373.22971       -1.916545       -1.8649027      -1.7211411      -1.8250109     
0.87846154      2331.6315       2040.2038       989.59582       372.93376       -1.8511306      -1.8146241      -1.674551       -1.7805948     
0.88            2332.4595       2040.393        989.44942       372.6678        -1.8162873      -1.7871196      -1.6477824      -1.7544281     
0.88153846      2333.2906       2040.6167       989.34834       372.46952       -1.7687194      -1.7450869      -1.6085829      -1.7169267     
0.88307692      2333.7981       2040.6231       989.18484       372.26946       -1.7519805      -1.7268137      -1.5913193      -1.7014061     
0.88461538      2334.0574       2040.4659       988.99342       372.09394       -1.7259058      -1.6992069      -1.5659728      -1.6784205     
0.88615385      2334.3129       2040.2776       988.79893       371.91481       -1.7081334      -1.6760379      -1.5430513      -1.6566004     
0.88769231      2334.325        2039.9527       988.56795       371.76571       -1.6811738      -1.6401437      -1.5078345      -1.6224922     
0.88923077      2334.275        2039.6051       988.40604       371.68498       -1.6526287      -1.5985518      -1.4662433      -1.5835319     
0.89076923      2333.7739       2038.8783       987.98761       371.45354       -1.6578426      -1.5904934      -1.4570394      -1.5752474     
0.89230769      2333.1684       2038.0788       987.60562       371.28869       -1.6230379      -1.5390811      -1.4061329      -1.5282206     
0.89384615      2332.2995       2037.0829       987.12023       371.0801        -1.6275014      -1.5217336      -1.3859475      -1.5080954     
0.89538462      2331.2209       2035.9214       986.58983       370.89061       -1.6165926      -1.4893259      -1.3524371      -1.4755582     
0.89692308      2329.9255       2034.5879       985.97681       370.6788        -1.6055796      -1.4552968      -1.316385       -1.4404362     
0.89846154      2328.4696       2033.1092       985.31778       370.47475       -1.612991       -1.4356732      -1.2945939      -1.4203845     
0.9             2326.7775       2031.4241       984.55778       370.26409       -1.598151       -1.3938025      -1.2503326      -1.3777297     
0.90153846      2324.7379       2029.4541       983.66197       370.02596       -1.5946132      -1.3595949      -1.2117071      -1.3390724     
0.90307692      2322.2753       2027.1225       982.57585       369.72885       -1.5948698      -1.3263457      -1.1738361      -1.3011715     
0.90461538      2319.416        2024.4342       981.30947       369.39308       -1.5854255      -1.2857913      -1.1283753      -1.2555369     
0.90615385      2316.2229       2021.4528       979.89141       369.01821       -1.5803548      -1.2487723      -1.0858941      -1.2125923     
0.90769231      2312.7433       2018.202        978.32256       368.59829       -1.5907467      -1.2243584      -1.0557901      -1.1824677     
0.90923077      2308.7797       2014.5856       976.57857       368.1329        -1.6087991      -1.2055609      -1.0288983      -1.151844      
0.91076923      2304.5333       2010.6661       974.6606        367.60262       -1.6427196      -1.2038077      -1.0191277      -1.1381809     
0.91230769      2300.0509       2006.5252       972.6047        367.015         -1.7048408      -1.2309019      -1.0395765      -1.1588628     
0.91384615      2295.3182       2002.1521       970.41476       366.36328       -1.7622061      -1.251781       -1.0524467      -1.1682604     
0.91538462      2290.2366       1997.4506       968.01736       365.63275       -1.7614215      -1.2154232      -1.008941       -1.1225168     
0.91692308      2284.7388       1992.3705       965.4067        364.7978        -1.7785622      -1.2017153      -0.99052062     -1.1032208     
0.91846154      2278.8406       1986.9313       962.58532       363.8582        -1.8133326      -1.2027324      -0.98237233     -1.0919132     
0.92            2272.9328       1981.4425       959.67943       362.92421       -1.8294034      -1.19145        -0.96490953     -1.072479      
0.92153846      2266.4343       1975.4099       956.51443       361.79588       -1.8501253      -1.1767852      -0.94003282     -1.0456296     
0.92307692      2260.0903       1969.4678       953.31117       360.72039       -1.8534751      -1.1556215      -0.91334557     -1.0173859     
0.92461538      2253.0246       1962.8784       949.78028       359.46001       -1.875031       -1.1455434      -0.89355766     -0.99324037    
0.92615385      2245.8098       1956.1199       946.10547       358.15795       -1.8706186      -1.1229761      -0.86659619     -0.96505621    
0.92769231      2238.3996       1949.1618       942.29375       356.80533       -1.8753315      -1.1075045      -0.84543509     -0.94185991    
0.92923077      2230.547        1941.794        938.24044       355.31644       -1.8879107      -1.1031249      -0.83420157     -0.92864331    
0.93076923      2222.5164       1934.2315       934.07375       353.80957       -1.889415       -1.08602        -0.80918291     -0.9011256     
0.93230769      2214.2195       1926.3884       929.73397       352.2093        -1.899485       -1.0764838      -0.79203528     -0.88235322    
0.93384615      2205.7824       1918.3615       925.23577       350.55774       -1.8927909      -1.0553226      -0.76448032     -0.85337446    
0.93538462      2197.1287       1910.1236       920.60548       348.85883       -1.8967723      -1.0472408      -0.75103415     -0.83969672    
0.93692308      2188.3275       1901.7426       915.86472       347.12959       -1.894507       -1.0375672      -0.73649144     -0.82421484    
0.93846154      2179.4585       1893.2524       911.04852       345.39686       -1.8836349      -1.0218549      -0.71562266     -0.80238343    
0.94            2170.3831       1884.5595       906.08117       343.63097       -1.8497975      -0.98982482     -0.67953324     -0.76501835    
0.94166667      2155.8789       1869.5004       897.44959       339.73625       -1.7955728      -0.92718483     -0.61763219     -0.70495377    
0.94333333      2147.0107       1861.1503       892.72347       338.1294        -1.7429378      -0.88034153     -0.56738569     -0.65448903    
0.945           2138.4873       1853.1802       888.10916       336.74204       -1.7036675      -0.85743987     -0.53895442     -0.62396161    
0.94666667      2129.8002       1844.8597       883.22301       335.23462       -1.663268       -0.83633642     -0.51528882     -0.59942921    
0.94833333      2120.698        1836.025        877.93325       333.59067       -1.6402487      -0.83790835     -0.51342259     -0.59691189    
0.95            2111.9483       1827.3507       872.72142       331.9184        -1.6023298      -0.82231462     -0.49593599     -0.57688813    
0.95166667      2102.5205       1818.0458       867.05932       330.17282       -1.5270592      -0.78059437     -0.45413945     -0.53606318    
0.95333333      2093.7737       1809.2411       861.68567       328.45941       -1.47765        -0.76135422     -0.4358859      -0.51896763    
0.955           2084.8353       1800.2459       856.13223       326.76508       -1.3793955      -0.70303529     -0.37841553     -0.46269904    
0.95666667      2075.9401       1791.2271       850.55724       325.05207       -1.2789781      -0.64481564     -0.32217412     -0.40677434    
0.95833333      2067.1569       1782.2948       844.9351        323.3223        -1.186556       -0.59618874     -0.27530993     -0.35990302    
0.96            2058.6093       1773.5479       839.42499       321.65974       -1.1066468      -0.56023684     -0.24084006     -0.32605102    
0.96181818      2045.1077       1758.8375       830.43353       317.87714       -1.0254849      -0.5048615      -0.19370099     -0.28323461    
0.96363636      2037.1594       1750.8108       825.23864       316.3846        -0.94705965     -0.47483415     -0.16624805     -0.25614598    
0.96545455      2030.141        1743.6877       820.46097       315.17509       -0.87661456     -0.45458055     -0.14727095     -0.23603692    
0.96727273      2023.0836       1736.3719       815.46099       313.84059       -0.78534616     -0.41609615     -0.11327222     -0.20330134    
0.96909091      2016.1496       1729.0301       810.35794       312.43696       -0.69790038     -0.3737847      -0.074214394    -0.16376724    
0.97090909      2009.504        1721.8473       805.26002       311.00067       -0.61776321     -0.33781932     -0.042654967    -0.13332608    
0.97272727      2003.0445       1714.7876       800.1936        309.59955       -0.53408523     -0.29310587     -0.002091355    -0.093982681   
0.97454545      1996.8333       1707.9155       795.17048       308.17286       -0.47561745     -0.2691364      0.017504582     -0.07451892    
0.97636364      1990.7345       1701.005        790.17676       306.79544       -0.38151753     -0.20212282     0.079046275     -0.016885052   
0.97818182      1985.5331       1694.9456       785.47574       305.49653       -0.29828673     -0.13917684     0.13547289      0.034076212    
0.98            1980.3923       1688.9724       780.79195       304.2427        -0.17408493     -0.025860814    0.24224924      0.12643743     
0.98181818      1976.048        1683.7112       776.5439        303.14255       -0.075394908    0.064915351     0.32634524      0.20121594     
0.98363636      1971.7946       1678.5866       772.36388       302.00768       -0.040968826    0.097475007     0.3555049       0.22885982     
0.98545455      1968.2312       1674.1269       768.76201       301.08798       -0.012891823    0.13122088      0.38691417      0.25720603     
0.98727273      1964.4213       1669.4554       765.10511       300.05609       0.024792143     0.17707618      0.4297266       0.29850142     
0.98909091      1961.3005       1665.56         762.04772       299.30472       0.06011998      0.22611053      0.47581233      0.3396931      
0.99090909      1958.4459       1661.9285       759.29131       298.63333       0.085544828     0.27113875      0.51696585      0.37550739     
0.99272727      1956.1248       1658.8698       757.03576       298.14722       0.10890994      0.31833352      0.5592843       0.41035358     
0.99454545      1954.1286       1656.1452       755.1342        297.79833       0.11548399      0.35527235      0.59206017      0.43498868     
0.99636364      1952.3694       1653.7055       753.49471       297.5274        0.16306742      0.43615001      0.66677562      0.49618842     
0.99818182      1950.7845       1651.4682       752.10504       297.34962       0.23347648      0.54375988      0.76922162      0.58160903     
1               1949.4344       1649.4805       750.93659       297.16253       0.25201211      0.60015888      0.83164357      0.63508469     
1.0018182       1948.2669       1647.6931       749.9542        297.03708       0.24236116      0.63253394      0.8732454       0.67163073     
1.0036364       1947.0924       1645.9225       748.96644       296.76072       0.26216345      0.6852338       0.92442189      0.71430121     
1.0054545       1946.0083       1644.2545       748.06371       296.51609       0.27896294      0.73279441      0.96202135      0.73722458     
1.0072727       1944.9816       1642.6541       747.17689       296.14842       0.29711525      0.78936571      1.0134577       0.77485921     
1.0090909       1943.9878       1641.1119       746.33112       295.74406       0.33162062      0.85992564      1.0851688       0.83346218     
1.0109091       1943.0694       1639.652        745.51957       295.25746       0.34993745      0.90887253      1.1310455       0.86538877     
1.0127273       1942.0993       1638.1437       744.67718       294.67592       0.38894739      0.97329959      1.1906367       0.9082443      
1.0145455       1941.2332       1636.761        743.89392       294.05245       0.43977396      1.046207        1.259237        0.9591381      
1.0163636       1940.4189       1635.4985       743.35683       293.48886       0.5031639       1.1273908       1.3357909       1.0192307      
1.0181818       1940.1001       1634.7598       743.25932       293.0715        0.57168909      1.2034273       1.4033174       1.0578861      
1.02            1939.47         1633.7546       743.04762       292.61115       0.61972914      1.2596816       1.4544655       1.0884344      
1.0218182       1938.8421       1632.8034       742.99246       292.33124       0.73409143      1.3764851       1.5574865       1.1592338      
1.0236364       1938.1452       1631.7939       742.91172       292.04986       0.79436835      1.4402554       1.6152814       1.187596       
1.0254545       1937.3121       1630.6967       742.88056       291.87832       0.92713571      1.5696673       1.7289973       1.2787364      
1.0272727       1936.5678       1629.6936       742.965         291.78386       1.0122232       1.6610657       1.8148057       1.3478473      
1.0290909       1935.5624       1628.499        743.03457       291.6654        1.1798605       1.8132501       1.9392299       1.4248977      
1.0309091       1934.5331       1627.281        743.11705       291.74764       1.2972598       1.9283415       2.0449214       1.4944934      
1.0327273       1933.3759       1626.086        743.63449       291.97186       1.4688884       2.0905853       2.1801534       1.5876431      
1.0345455       1932.1105       1624.6806       743.74284       292.05604       1.5725674       2.192544        2.2679755       1.6494142      
1.0363636       1930.5379       1623.0527       743.83632       292.02779       1.7148601       2.322327        2.3740818       1.710124       
1.0381818       1929.0233       1621.4689       743.96923       292.23119       1.8523803       2.4533087       2.4864578       1.7766378      
1.04            1927.2631       1619.6679       744.10459       292.43285       2.0123654       2.6048095       2.606893        1.8481795      
1.0418182       1925.3433       1617.6996       744.01992       292.60479       2.206925        2.7899922       2.7538626       1.9397647      
1.0436364       1923.2539       1615.5708       743.84436       292.69718       2.3203973       2.9122352       2.8630936       1.9983224      
1.0454545       1921.0229       1613.3026       743.55816       292.85426       2.5186705       3.1065809       3.0244566       2.0980828      
1.0472727       1918.6024       1610.8415       743.12756       292.9741        2.724199        3.3056597       3.1890328       2.1869312      
1.0490909       1916.0376       1608.2581       742.6205        293.0841        2.9325404       3.5099664       3.3332174       2.2702472      
1.0509091       1913.3194       1605.5424       742.05551       293.28311       3.1472025       3.7223253       3.4925337       2.3569223      
1.0527273       1910.4763       1602.7145       741.50042       293.61085       3.3812821       3.9531123       3.6675356       2.4530836      
1.0545455       1907.4389       1599.701        740.77632       293.89084       3.622632        4.2043365       3.8592433       2.5607675      
1.0563636       1904.2586       1596.5247       739.96947       294.19803       3.8452014       4.4374386       4.0187306       2.6334876      
1.0581818       1900.9154       1593.173        738.9796        294.22209       4.1058353       4.7074506       4.2139065       2.7292952      
1.06            1897.3264       1589.571        737.84569       294.28939       4.4434934       5.0514305       4.4661589       2.8609974      
1.0618182       1893.5726       1585.866        736.70794       294.53721       4.6854107       5.3215338       4.664834        2.9581104      
1.0636364       1889.6532       1581.9634       735.45087       294.81807       4.9863374       5.6453779       4.8780209       3.0452086      
1.0654545       1885.5435       1577.8797       734.09632       295.20393       5.3445847       6.0273452       5.1346254       3.1604011      
1.0672727       1881.3935       1573.748        732.73581       295.59474       5.7622777       6.4697961       5.4230016       3.3044411      
1.0690909       1876.9742       1569.3693       731.19805       295.91595       6.1718707       6.9047737       5.7129197       3.4374372      
1.0709091       1872.4276       1564.8393       729.51464       296.04499       6.5868775       7.3341136       5.9818511       3.5350243      
1.0727273       1867.5667       1559.9902       727.61504       296.10014       7.0391848       7.8255283       6.2856458       3.642857       
1.0745455       1862.6522       1555.1019       725.73328       296.34742       7.4645462       8.3065062       6.5747259       3.7311104      
1.0763636       1857.5319       1549.9689       723.6679        296.40939       8.037578        8.9344319       6.963592        3.8846582      
1.0781818       1852.2292       1544.7221       721.56447       296.64664       8.5122159       9.4936873       7.2857188       3.975448       
1.08            1846.8492       1539.3071       719.38082       296.96378       9.2122303       10.257657       7.7664242       4.167588       
1.0818182       1841.2223       1533.7137       717.00754       297.19243       9.8770599       10.988284       8.179706        4.3013052      
1.0836364       1835.4635       1527.8848       714.58321       297.44719       10.725284       11.861153       8.6844833       4.4700974      
1.0854545       1829.6879       1522.1194       712.07101       297.73813       11.614249       12.779695       9.1992263       4.6136204      
1.0872727       1823.6758       1516.0337       709.48362       298.08758       12.664813       13.878087       9.8366192       4.8383         
1.0890909       1817.6549       1509.9959       706.8735        298.51014       13.745851       15.021609       10.475324       5.0213757      
1.0909091       1811.5246       1503.7856       704.20343       298.96259       14.986212       16.315852       11.208942       5.2458715      
1.0927273       1805.2837       1497.4897       701.43086       299.43277       16.356194       17.729777       11.999131       5.4725324      
1.0945455       1798.9008       1491.0043       698.45473       299.71376       17.806545       19.223665       12.819214       5.6742478      
1.0963636       1792.5413       1484.5298       695.56653       300.23314       19.451328       20.867057       13.719877       5.8922963      
1.0981818       1786.2994       1478.1831       692.66962       300.81323       21.368415       22.742042       14.787366       6.1918204      
1.1             1779.7542       1471.4284       689.5292        301.10982       23.2088         24.82193        15.91995        6.4917781      
1.1018182       1773.5177       1465.0687       686.54544       301.66564       25.374874       27.07467        17.185697       6.8306533      
1.1036364       1767.0504       1458.3498       683.45297       302.23836       27.747019       29.479994       18.538904       7.1947715      
1.1054545       1760.7795       1451.8753       680.42886       303.01575       30.456979       32.183396       20.072963       7.6184774      
1.1072727       1754.4559       1445.313        677.36656       303.77391       33.344356       35.075382       21.728975       8.0860586      
1.1090909       1748.2214       1438.7978       674.2848        304.56275       36.490607       38.219904       23.552039       8.6186246      
1.1109091       1742.045        1432.3606       671.29897       305.61259       39.982435       41.681038       25.566011       9.2236327      
1.1127273       1735.9759       1425.9808       668.32177       306.70497       43.656322       45.344515       27.701135       9.8427585      
1.1145455       1729.9738       1419.6686       665.3378        307.89071       47.683179       49.324557       30.039325       10.557587      
1.1163636       1724.0654       1413.4024       662.39187       309.16976       52.074872       53.641132       32.567035       11.341684      
1.1181818       1718.2838       1407.2811       659.45501       310.41918       56.82699        58.318741       35.348483       12.29329       
1.12            1712.7468       1401.4015       656.83606       312.30348       62.047162       63.404613       38.353537       13.308768      
1.1216667       1711.6465       1400.5658       657.16892       316.54329       66.814632       68.035123       41.187915       14.311953      
1.1233333       1706.2716       1394.5828       654.25959       318.10705       72.447419       73.337327       44.351388       15.436273      
1.125           1700.1855       1387.8332       650.8554        319.32725       78.342563       78.699758       47.632032       16.634624      
1.1266667       1694.6807       1381.8909       648.04742       321.16305       84.873558       84.725279       51.324673       17.991427      
1.1283333       1689.5886       1376.4371       645.66275       323.54353       91.709831       91.093869       55.186689       19.387014      
1.13            1684.8676       1371.3716       643.42238       325.87262       98.740188       97.767292       59.230326       20.851168      
1.1316667       1680.3195       1366.4878       641.22607       328.30939       106.15964       104.73407       63.488485       22.433128      
1.1333333       1676.0711       1361.8968       639.20531       330.98421       113.96359       112.07242       67.996091       24.138561      
1.135           1672.0571       1357.5425       637.32755       333.83192       122.21153       119.85877       72.725092       25.871678      
1.1366667       1668.1558       1353.3093       635.49309       336.79809       130.80192       127.96927       77.635714       27.709589      
1.1383333       1664.3567       1349.1681       633.65543       339.74933       139.63333       136.21918       82.68771        29.611881      
1.14            1660.8466       1345.3426       632.05653       342.89979       148.83166       144.78355       87.911948       31.570632      
1.1413333       1669.3559       1354.9334       638.1086        351.55266       153.54615       149.38728       91.13388        33.184106      
1.1426667       1665.3133       1349.9673       635.55038       353.58858       162.89721       158.13955       96.376808       35.00296       
1.144           1659.9449       1343.5728       632.01316       354.65279       170.68118       165.26832       100.77364       36.675388      
1.1453333       1655.0563       1338.2675       629.48899       356.70871       179.91763       173.80684       106.02562       38.503851      
1.1466667       1650.9979       1333.9236       627.58383       359.26777       189.15813       182.29918       111.28263       40.40684       
1.1478788       1652.7308       1335.9648       629.43631       364.56088       196.51214       189.30706       115.89356       42.304578      
1.1490909       1649.4112       1332.1175       627.67164       366.79858       206.28552       198.27335       121.43148       44.280293      
1.150303        1645.662        1327.9194       625.7696        368.98645       215.52485       206.78479       126.71197       46.241063      
1.1515152       1642.36         1324.392        624.35324       371.37585       224.96885       215.52232       131.95765       47.886997      
1.1527273       1639.6621       1321.5123       623.41255       374.37777       235.08058       224.71818       137.55402       49.528556      
1.1539394       1637.2778       1319.0496       622.95922       377.82624       245.39582       234.22924       143.30378       51.195754      
1.1551515       1635.3224       1317.0456       622.94022       381.59624       255.75636       243.83246       149.05568       52.550996      
1.1563636       1633.4959       1315.127        622.6905        385.13568       267.07682       254.37185       155.43073       53.918397      
1.1575758       1631.8322       1313.3752       622.65908       389.0091        278.72022       265.27714       162.17062       55.481268      
1.1587879       1630.475        1312.0513       623.18315       392.73481       291.15404       276.75234       169.14946       57.01568       
1.16            1629.2893       1310.9086       623.89382       396.80997       304.04449       288.79411       176.49243       58.686547      
1.1611765       1629.5181       1311.2421       625.21288       402.16641       316.84972       300.71274       183.75467       60.341606      
1.1623529       1628.2227       1309.8355       625.6327        405.91463       330.90315       313.6841        191.43911       61.971853      
1.1635294       1627.1491       1308.9264       627.63219       411.78907       345.7794        327.2038        199.22337       63.742758      
1.1647059       1626.1252       1308.0913       629.32555       417.36359       360.28853       340.58787       206.7644        65.247267      
1.1658824       1625.016        1307.0874       630.6627        423.1396        376.13645       355.22903       215.3451        67.148187      
1.1670588       1624.3976       1306.7985       633.4926        429.87177       392.87849       370.50257       223.93415       69.125399      
1.1682353       1623.6311       1306.3288       636.15978       437.02932       410.57176       386.66517       232.90796       71.071784      
1.1694118       1622.6973       1305.5321       637.49128       442.93573       427.65709       402.55144       241.74455       72.629645      
1.1705882       1621.8467       1304.6553       638.32169       448.96662       446.77819       420.39651       251.17361       75.433598      
1.1717647       1621.0755       1304.0091       639.95586       455.67774       465.63878       438.21203       260.38845       78.198223      
1.1729412       1620.3652       1303.3986       641.62941       462.64505       485.59227       457.43093       269.80145       81.850628      
1.1741176       1619.826        1303.0721       643.88519       470.27975       506.01576       477.65686       279.35939       84.799008      
1.1752941       1619.0708       1302.5061       645.9781        478.87717       527.42997       499.37319       289.10421       88.211766      
1.1764706       1618.4186       1302.1826       648.37544       485.48689       549.46833       522.83933       299.37866       91.44836       
1.1776471       1617.6183       1301.4789       649.61322       491.92961       571.9445        548.02494       310.16197       95.134481      
1.1788235       1617.0262       1301.0965       651.94277       499.7108        595.35566       575.13579       320.57497       98.4592        
1.18            1616.3984       1300.681        654.23834       507.4134        618.29432       604.52507       331.06327       102.47954      
1.1811111       1618.7474       1303.4529       658.19488       516.49602       639.65758       633.7682        341.29912       106.72017      
1.1822222       1617.8903       1302.6765       660.30314       524.97567       664.96235       666.65639       353.24514       111.19258      
1.1833333       1616.6143       1301.425        661.93174       532.57805       687.84361       699.46164       365.31485       116.45577      
1.1844444       1615.4357       1300.529        664.09782       540.20264       710.77552       731.59059       375.52971       120.19104      
1.1855556       1614.4972       1299.8978       666.50307       547.88458       732.18498       766.11616       387.23981       124.99619      
1.1866667       1613.8224       1299.5526       669.17822       555.35777       752.49419       802.12292       399.58947       130.18862      
1.1877778       1612.9042       1298.7384       670.72342       562.19196       772.39388       839.33926       413.15443       136.19456      
1.1888889       1611.8786       1297.8082       671.74671       568.2238        789.68299       875.41755       425.67713       142.25417      
1.19            1610.6711       1296.5707       672.05411       573.73053       804.36608       910.62014       439.19086       149.06604      
1.1911111       1610.0471       1296.1791       674.09073       578.56467       820.06029       948.54687       454.04772       156.80052      
1.1922222       1609.1201       1295.393        674.96049       583.66558       831.2616        984.69585       468.63807       164.72174      
1.1933333       1608.1884       1294.6359       676.49755       588.53255       841.43605       1019.1217       483.58952       173.4991       
1.1944444       1607.2839       1293.9211       678.25687       593.54327       849.5135        1052.9635       500.50545       182.9437       
1.1955556       1606.0524       1292.785        679.00199       597.08596       855.05054       1086.3145       519.72848       193.95464      
1.1966667       1604.3944       1291.1442       679.07518       599.11031       858.03356       1117.4043       539.02911       207.2161       
1.1977778       1602.6919       1289.3961       678.65841       600.50867       860.98887       1145.1147       560.76233       220.13238      
1.1988889       1601.6706       1288.4235       679.24354       602.57598       862.73658       1166.5576       578.92585       225.88351      
1.2             1600.341        1287.1236       679.38056       603.78534       861.91504       1192.7556       602.23856       235.71957      
1.2011765       1596.1352       1282.7979       677.8603        603.74819       858.40984       1218.3149       619.94702       233.97259      
1.2023529       1594.2688       1280.9766       677.01351       603.59149       853.15468       1233.9769       642.84649       240.72637      
1.2035294       1593.213        1279.8942       676.67183       604.02665       849.91735       1258.4787       673.6657        242.56625      
1.2047059       1592.1202       1278.825        676.6354        603.68016       843.26025       1266.807        707.99958       244.4843       
1.2058824       1590.9096       1277.6056       676.22464       602.49395       834.7844        1276.3784       740.12303       243.93597      
1.2070588       1589.4468       1276.0961       675.70138       602.22412       828.07856       1279.498        787.59975       258.9498       
1.2082353       1587.6344       1274.1773       674.50717       600.25086       818.59319       1272.3549       826.74756       252.95279      
1.2094118       1585.6177       1272.0017       673.00285       597.42089       807.76346       1266.1568       875.40489       259.80394      
1.2105882       1583.7592       1270.0321       671.61797       594.16513       794.61805       1257.4913       909.98028       252.39408      
1.2117647       1581.8585       1267.9554       670.14996       590.92277       782.37219       1250.2956       954.5209        254.08841      
1.2129412       1579.8758       1265.9047       668.76807       588.20759       769.35067       1242.8627       993.46569       242.89002      
1.2141176       1577.9579       1263.9009       667.67409       585.45796       758.81532       1240.1695       1027.0325       230.63888      
1.2152941       1576.0825       1261.8644       666.05705       581.64249       744.18948       1227.7412       1056.9574       219.84652      
1.2164706       1574.3534       1259.9966       664.74544       578.48815       732.07887       1210.9873       1088.9334       215.13979      
1.2176471       1572.4832       1258.0217       663.38595       575.68529       719.84621       1194.5047       1117.8628       206.21944      
1.2188235       1570.3806       1255.7651       661.77983       572.71381       708.18278       1178.8517       1148.7603       196.99536      
1.22            1568.1295       1253.3444       659.78865       569.20933       696.31212       1166.2808       1159.9098       191.17896      
1.22125         1563.1195       1247.9853       656.42528       564.2504        681.73663       1145.8172       1157.3974       204.37671      
1.2225          1560.9642       1245.9121       655.22539       560.79657       669.78753       1124.3385       1146.8631       215.65824      
1.2238462       1556.349        1241.039        651.72618       554.81351       653.41714       1095.9475       1137.1462       236.4217       
1.2251923       1554.6282       1239.4353       650.38642       550.63369       640.40548       1068.5121       1126.0054       258.2689       
1.2264263       1556.9749       1241.9345       651.20109       548.36662       630.53466       1050.1298       1110.5129       283.62984      
1.2276603       1555.5954       1240.1344       649.56525       544.79503       619.40143       1026.0443       1088.3071       310.96647      
1.2288942       1552.8672       1237.0426       647.07915       540.32427       607.13658       999.07536       1057.4349       344.48411      
1.2302825       1545.7335       1229.4289       642.72655       534.38797       592.90635       965.25576       1013.6152       380.674        
1.2316707       1543.5324       1227.3069       641.19759       531.26097       584.17498       936.52653       976.98951       425.15773      
1.2330589       1542.4072       1226.2312       640.4249        528.76324       576.71533       913.50584       942.66465       473.23653      
1.2344471       1540.8924       1224.5432       638.85959       524.97143       567.44548       887.92419       903.11906       522.19888      
1.2358353       1539.2364       1222.7089       637.34249       521.75062       559.66706       865.27938       867.09358       577.11639      
1.2372236       1537.5965       1220.867        636.12395       519.18079       551.94463       842.05182       829.72092       612.03128      
1.2386118       1535.7881       1218.8684       634.87984       516.34307       544.59069       820.19624       795.03954       642.95667      
1.24            1533.7869       1216.6423       633.32426       513.22974       537.67231       799.33488       761.84007       612.92489      
1.2414286       1530.4637       1213.0043       630.94862       509.7591        530.55161       779.12644       729.81786       590.13684      
1.2428571       1528.2834       1210.663        629.42126       507.12241       525.05078       761.26418       701.22836       550.5895       
1.2442857       1526.4871       1208.6874       628.22038       504.92884       520.2993        744.77163       674.82718       508.98476      
1.2457143       1524.6107       1206.5969       627.00545       502.9123        516.26829       729.72855       651.05864       469.58159      
1.2473016       1518.9565       1200.5558       623.9192        499.36842       509.91054       710.25842       625.10492       431.43841      
1.2488889       1516.869        1198.5155       622.99237       497.91385       507.50641       695.69551       606.29687       402.09973      
1.2504762       1515.947        1197.5042       622.64503       496.72883       505.59186       684.95899       588.49538       377.44437      
1.2520635       1514.7714       1196.1248       622.0782        495.38079       503.27192       673.77628       571.71294       356.23263      
1.2536508       1513.2529       1194.3331       621.16932       493.69092       500.3983        663.01649       556.59336       337.2664       
1.2552381       1511.2136       1192.0172       619.98855       492.18222       498.92619       652.73179       542.89253       321.68138      
1.2568254       1509.3354       1189.9319       619.34047       491.1324        497.45963       643.27305       530.86485       307.79018      
1.2584127       1507.674        1188.0497       618.79791       489.97628       495.93316       633.59856       519.7053        296.21435      
1.26            1505.7705       1185.866        617.87095       488.43656       493.96909       623.23234       508.32284       285.3865       
1.2616667       1502.6404       1182.5067       617.07497       487.20579       491.31129       611.83261       496.93048       274.88721      
1.2628889       1512.2733       1192.3342       621.38545       489.07053       495.49998       612.22406       496.6478        273.63193      
1.2641111       1511.0119       1189.9023       619.74583       486.73127       493.00059       603.822         488.64441       266.74893      
1.2653333       1506.5747       1184.7475       617.3307        484.82389       489.98649       593.2614        478.7078        259.85745      
1.2665556       1502.4523       1180.3768       615.67709       483.62675       487.91064       584.51331       470.84063       253.26347      
1.2677778       1499.0387       1176.7806       614.26136       482.54214       485.89832       576.71997       464.019         247.14176      
1.269           1496.274        1173.9183       613.38011       481.73865       484.18643       569.78          458.14204       241.22926      
1.2702222       1494.3595       1171.7647       612.30055       479.60375       482.07378       563.30015       452.85976       235.64263      
1.2714444       1492.248        1169.4852       611.34877       478.22485       480.38981       557.43718       448.35455       231.14322      
1.2726667       1491.0521       1168.1254       611.25422       477.47363       478.71131       552.00956       444.34278       227.37457      
1.2738889       1489.3554       1166.2023       610.25073       475.90853       476.99607       546.99174       441.19141       223.72169      
1.2751111       1487.6859       1164.2493       609.17077       474.24127       475.18763       541.92816       438.06149       220.81061      
1.2763333       1485.9425       1162.2446       608.01541       472.36176       472.85319       537.25073       435.40626       217.88572      
1.2775556       1484.6202       1160.7046       607.42934       471.07667       471.02802       532.9974        433.24358       216.10705      
1.2787778       1483.1665       1158.9964       606.53652       469.50028       468.81602       528.24918       430.62536       214.37993      
1.28            1482.0243       1157.5885       605.86339       467.84103       466.87527       524.58105       428.98439       213.10607      
1.28125         1479.9191       1155.2536       604.82219       466.09401       464.23628       520.06743       426.41722       212.24099      
1.2825          1478.4401       1153.5599       603.89857       464.46557       462.79516       517.58697       425.9876        212.09766      
1.28375         1477.3706       1152.1999       602.95544       462.44329       459.772         512.71858       422.29128       211.2552       
1.285           1476.3047       1150.7987       601.89609       460.16696       456.89044       508.9738        420.80576       211.07856      
1.28625         1475.8062       1149.9245       601.31237       458.08854       453.92257       504.99224       419.08604       211.38423      
1.2875          1476.0048       1149.6437       601.09761       456.21172       451.192         500.81315       417.36344       210.77336      
1.28875         1474.9311       1148.1588       600.01718       453.92454       448.50169       496.71386       416.09024       210.78021      
1.29            1471.9462       1145.0669       598.05092       451.24756       444.79175       492.89431       415.31933       211.16876      
1.29125         1471.0798       1143.8731       597.39079       449.43148       441.76325       489.7416        414.57085       211.51141      
1.2927083       1465.4613       1138.2127       595.04906       446.82134       435.56071       481.95241       410.24224       211.37496      
1.2941667       1464.1516       1136.8784       594.29336       444.59713       432.55335       477.27088       409.03732       212.76929      
1.295625        1464.5353       1136.9976       593.90595       442.69692       429.80994       474.22047       409.45176       215.10082      
1.2970833       1464.483        1136.5195       593.14941       439.89994       426.06818       469.0636        407.1348        214.91208      
1.2985417       1464.361        1135.9225       592.15571       436.9313        422.0675        465.09819       404.81079       214.9789       
1.3             1463.6868       1134.764        591.02222       433.96267       417.92494       460.24215       402.84312       214.65207      
1.3015385       1461.2497       1131.9836       589.41336       430.94492       412.34095       453.21131       399.17124       213.81072      
1.3030769       1460.1935       1130.5692       588.14121       427.8343        407.85772       446.88368       395.57629       212.98353      
1.3046154       1459.5289       1129.4501       586.89281       424.70336       403.28608       441.19634       392.45557       212.6512       
1.3061538       1458.881        1128.3362       585.78697       421.66923       398.71763       434.97695       388.99984       211.80337      
1.3076923       1457.8737       1126.8349       584.32917       418.34162       393.96092       428.51792       385.27245       210.84379      
1.3092308       1456.8199       1125.2816       582.83247       414.97094       389.03633       422.00497       381.08335       209.54807      
1.3107692       1455.7912       1123.7554       581.39795       411.77245       384.09704       415.11399       376.84373       208.44208      
1.3123077       1454.6138       1122.0698       579.32736       408.30848       378.87417       408.32904       371.95886       207.11246      
1.3138462       1453.3952       1120.2808       577.64199       404.80296       373.58272       401.07619       366.83514       205.41571      
1.3153846       1451.9697       1118.3993       575.87463       401.19113       368.1113        393.00312       358.59183       203.62827      
1.3169231       1450.6298       1116.5644       574.01706       397.38307       362.33482       384.78859       349.19106       201.59274      
1.3184615       1449.4235       1114.8934       572.38261       393.85533       356.75982       377.13595       340.67721       199.74345      
1.32            1448.0751       1113.1039       570.64213       390.27488       351.20196       369.76123       333.30037       198.08859      
1.3215385       1446.7392       1111.28         568.79855       386.74413       345.83748       362.9755        326.5005        196.76016      
1.3230769       1445.1045       1109.1613       566.61185       382.76029       339.75142       354.93782       318.87287       194.93885      
1.3246154       1443.4569       1107.0924       564.54246       379.00794       334.00261       347.24178       310.71664       193.22394      
1.3263248       1439.7883       1103.211        562.21522       374.96905       325.51771       336.04253       299.59488       190.69112      
1.3280342       1437.8174       1101.1398       559.85269       370.72592       319.45531       327.37584       290.39521       188.00048      
1.3297436       1437.2973       1099.5629       557.59533       366.33458       313.73589       320.34139       283.15988       185.93873      
1.331453        1435.8858       1097.4786       554.97615       361.69144       307.29155       313.00837       275.01622       183.19862      
1.3331624       1434.7584       1095.7053       552.84477       357.52933       301.10537       305.56909       269.6289        180.92606      
1.3348718       1433.1853       1093.5045       550.33875       352.99386       294.79289       298.18689       262.28028       178.48058      
1.3365812       1430.8265       1090.5633       547.29901       348.36072       288.65939       290.97727       254.81149       175.89771      
1.3382906       1428.7123       1087.8379       544.36202       343.63303       282.77551       284.02678       247.27649       173.25851      
1.34            1426.7617       1085.2163       541.3946        338.98355       276.702         277.17496       240.37751       170.34591      
1.3416667       1426.0344       1083.6396       538.83182       334.51562       271.36798       271.10789       234.2425        167.58592      
1.3433333       1424.467        1081.3561       536.1412        330.02577       265.47769       264.83216       228.83142       164.7194       
1.345           1422.8238       1078.5955       533.29756       325.50324       259.1864        258.48541       223.76752       161.53599      
1.3466667       1419.3429       1075.0838       530.08925       321.04891       253.53719       252.67177       218.60374       158.97788      
1.3483333       1416.2603       1071.4382       526.48403       316.14052       247.96117       246.99311       213.81608       156.28024      
1.35            1413.4872       1068.0553       522.92134       311.37591       242.51702       241.77219       209.15124       153.22801      
1.3516667       1410.0449       1064.0937       518.74442       306.12841       236.80745       236.55293       204.72722       150.34921      
1.3533333       1408.133        1061.5568       516.15846       302.1818        231.99417       231.84347       200.84165       147.75328      
1.355           1406.1856       1058.8334       512.76795       297.20281       226.72852       227.03216       197.00671       145.14599      
1.3566667       1403.8488       1055.9901       509.66426       292.79739       222.01668       222.61087       193.47363       142.41428      
1.3583333       1400.945        1052.5157       506.02091       287.98942       216.8482        218.28283       190.05579       139.67759      
1.36            1398.4387       1049.5503       503.04387       283.65662       212.17085       214.29946       186.90739       137.01331      
1.3615385       1397.9956       1047.893        499.29273       278.88132       209.28517       211.75475       184.7202        134.63955      
1.3630769       1396.0524       1045.4079       496.72997       274.82718       205.00954       208.19265       182.01991       132.31549      
1.3646154       1392.8934       1041.8691       493.58615       270.65464       200.54576       204.13855       178.72084       130.23437      
1.3661538       1390.1038       1038.7384       490.56762       266.53803       196.37623       200.55343       175.88276       127.02279      
1.3676923       1386.2999       1034.6546       486.61939       261.99614       192.31669       196.66822       172.83802       124.30604      
1.3692308       1384.3025       1032.0477       483.29826       257.56787       188.56963       193.19742       169.95632       121.83279      
1.3707692       1383.277        1030.4655       480.82132       253.99674       185.32856       189.42929       167.31249       119.3204       
1.3723077       1379.8234       1026.7009       477.15861       249.95412       182.24145       186.03357       164.70051       117.00945      
1.3738462       1376.8759       1023.454        473.95473       246.22927       179.15064       182.66949       161.88218       114.62331      
1.3753846       1374.1549       1020.314        470.58224       242.25899       176.165         179.74084       159.32934       112.45745      
1.3769231       1371.2539       1017.0552       467.41917       239.01241       173.33283       176.74184       156.44957       110.04558      
1.3784615       1367.9857       1013.4117       463.89733       235.56908       170.64614       174.07336       153.79051       107.83639      
1.38            1364.9352       1009.9674       460.622         232.36393       167.87784       171.42059       151.11894       105.66349      
1.3816667       1362.9413       1008.138        459.39065       229.78979       163.62689       168.06943       148.10355       103.54889      
1.3833333       1361.865        1006.677        457.27415       226.90424       161.55767       165.68878       145.39618       101.37313      
1.385           1359.4545       1003.803        454.03447       223.51189       159.50664       163.77347       143.07711       99.537202      
1.3866667       1357.2738       1001.1354       451.08143       220.31305       157.05894       161.84664       140.87116       97.570944      
1.3883333       1354.102        997.58845       447.60371       216.99326       154.48361       160.25165       138.80617       95.893311      
1.39            1352.2342       995.31503       445.14584       214.4686        151.97238       158.75306       136.70999       94.160206      
1.3916667       1351.5585       994.21582       443.62152       212.18626       149.46726       157.03035       134.42867       92.516988      
1.3933333       1349.4945       991.76475       441.07068       209.43659       146.96744       155.38003       132.17208       90.869274      
1.395           1347.454        989.36289       438.67632       207.14301       144.27981       153.43787       129.75566       89.482694      
1.3966667       1344.9053       986.44712       435.88208       204.98732       142.0189        151.59423       127.97629       88.433577      
1.3983333       1342.7362       983.97992       433.46472       202.4911        139.79813       149.96048       126.46814       87.270201      
1.4             1341.3494       982.21602       431.5539        200.27972       137.68422       148.14891       124.37391       86.368555      
1.4018182       1338.0185       979.35356       429.84441       198.16234       134.39967       145.56374       121.94723       85.102073      
1.4036364       1336.1965       977.27595       427.54052       196.00992       132.50394       143.51874       119.64502       83.901568      
1.4054545       1334.8068       975.55323       425.45233       193.95171       130.82678       141.61716       117.52171       82.958082      
1.4072727       1333.0756       973.50351       423.25767       191.89741       129.1042        139.49896       115.25619       82.037241      
1.4090909       1331.0876       971.16303       420.98682       190.03909       127.67005       137.48016       113.23196       81.406624      
1.4109091       1328.9928       968.79955       418.66042       187.79522       126.7896        135.55847       111.34853       80.889453      
1.4127273       1326.4944       965.98744       416.0043        185.40771       124.70376       133.53917       109.65711       80.47979       
1.4145455       1324.321        963.61571       413.75451       183.20086       122.71517       131.57216       107.85765       79.817558      
1.4163636       1322.0223       961.17105       411.6029        181.31828       120.62189       129.64917       106.2196        79.024414      
1.4181818       1319.9223       958.88511       409.57551       179.44748       118.67919       127.85378       104.78192       78.576577      
1.42            1318.0373       956.73218       407.5423        177.65569       116.69723       125.96208       103.47085       78.484578      
1.422           1314.8707       954.069         406.1611        175.81383       114.20562       123.67047       102.39967       78.363045      
1.424           1312.9732       951.9303        403.87374       173.68326       112.53596       121.81628       101.16264       78.545482      
1.426           1311.4476       950.08016       401.76701       171.62811       110.92989       119.97211       99.887345       79.298352      
1.428           1309.2245       947.58596       399.36341       169.51084       109.3043        118.17639       98.478532       80.505221      
1.43            1306.108        944.30426       396.53507       167.24112       107.61733       116.32684       96.991956       81.562837      
1.432           1303.2027       941.26206       393.98176       165.11072       106.00694       114.42692       95.498815       83.337996      
1.434           1299.9759       937.90701       391.17877       162.85776       104.33836       112.52079       93.988649       83.92104       
1.436           1297.2039       935.03598       388.78277       160.58708       102.6842        110.58082       92.189715       83.581119      
1.438           1294.2525       932.03256       386.33197       158.37177       101.16999       108.35432       90.198106       82.964077      
1.44            1291.3778       929.11448       383.96588       156.34074       99.597854       106.37727       88.148933       81.818273      
1.442           1288.6483       926.32849       381.71273       154.35258       98.062049       104.27307       86.000173       80.399891      
1.444           1285.7062       923.35432       379.33448       152.26728       96.53155        102.02462       83.726882       78.771772      
1.446           1282.7259       920.37462       377.02646       150.43779       95.008451       99.929026       81.730465       77.230727      
1.448           1279.8563       917.52078       374.84076       148.74041       93.473251       97.877328       79.826995       75.714457      
1.45            1276.7162       914.46754       372.60005       147.0251        92.124806       95.940657       78.085463       74.374038      
1.452           1273.7599       911.54534       370.50148       145.98318       90.469782       94.090153       76.336269       72.960131      
1.454           1270.5192       908.37533       368.1668        144.24006       89.009772       92.243247       74.582158       71.546132      
1.456           1267.4721       905.46739       366.03981       142.72309       87.918793       90.396417       72.835075       70.057792      
1.458           1264.3364       902.40512       363.81803       141.14545       86.370351       88.402487       70.919021       68.329915      
1.46            1261.0779       899.34484       361.64251       139.6171        84.911305       86.508748       69.121488       66.541751      
1.4622222       1257.6545       896.76821       360.88949       138.6238        83.222201       84.266461       67.320454       64.847209      
1.4644444       1254.2973       893.54662       358.25176       136.87904       81.811176       82.341509       65.455326       62.804726      
1.4666667       1250.5912       889.9586        355.37501       135.00328       80.451126       80.506494       63.678135       60.753917      
1.4688889       1246.0116       885.62127       352.17327       133.08382       79.179732       78.771214       62.121835       58.744907      
1.4711111       1241.2901       881.19243       349.12092       131.3941        77.856064       77.083901       60.715702       56.961894      
1.4733333       1236.9566       877.13274       346.34761       129.81306       76.628803       75.450573       59.323493       55.537509      
1.4755556       1232.1802       872.76928       343.55881       128.48766       75.357806       73.878179       57.924808       54.035512      
1.4777778       1227.1306       868.30435       340.87395       127.13667       74.135222       72.324312       56.525311       52.357552      
1.48            1223.0717       864.71564       338.7278        126.02827       72.972061       70.878674       55.252396       50.617141      
1.4825          1219.2557       861.90559       338.1375        125.26221       71.69476        69.190998       54.067042       49.17611       
1.485           1214.8804       858.10855       335.71706       123.8964        70.537768       67.652899       52.711792       47.323749      
1.4875          1209.9261       853.80628       332.91926       122.83831       69.322837       66.197554       51.480406       45.565858      
1.49            1204.5048       849.14204       330.11527       121.69128       68.184651       64.829072       50.327959       43.939732      
1.4925          1199.0282       844.20668       327.12057       120.52165       67.015784       63.463097       49.168911       42.293815      
1.495           1192.7603       838.76183       323.99919       119.36707       66.069207       62.140524       48.39976        40.709976      
1.4975          1187.1301       833.9536        321.56204       118.60042       64.985612       60.836895       47.504926       39.206122      
1.5             1180.9356       828.51473       318.50042       117.48067       63.932127       59.57928        46.466532       37.784144      
1.5025          1174.9577       823.39649       315.82714       116.40572       62.900025       58.383135       45.513739       36.637374      
1.505           1169.9983       819.15583       313.65943       115.7951        61.858978       57.208433       44.574099       35.634737      
1.508           1164.6861       815.0735        312.80004       114.98721       60.588262       55.810403       43.811575       34.792463      
1.511           1158.7249       810.13174       309.73722       113.49246       59.388793       54.485326       42.754549       33.850889      
1.514           1152.6241       804.99091       306.44962       112.01744       58.239485       53.255266       41.772495       33.028787      
1.517           1146.1352       799.45673       303.328         111.38509       57.140206       52.094149       40.810249       31.895952      
1.52            1140.166        794.29276       300.3438        109.69533       56.019851       50.987413       39.907831       31.160066      
1.5228571       1133.4307       788.52227       296.96455       109.2067        55.010703       49.968283       38.989883       31.005712      
1.5257143       1127.1043       783.13226       294.42164       110.38508       53.939383       48.989233       38.208389       30.965158      
1.5285714       1120.2256       777.16339       290.93782       103.76894       52.890051       48.02134        37.473608       30.994353      
1.5314286       1114.0937       771.96176       288.07703       100.83062       51.803208       47.069275       36.73996        31.00456       
1.5342857       1108.0021       766.83095       285.27298       98.627156       50.739628       46.16287        36.078951       31.058597      
1.5371429       1102.5108       762.18215       282.611         96.270688       49.671774       45.246507       35.424069       31.105094      
1.54            1096.8345       757.42689       280.07899       93.859852       48.605785       44.339983       34.79606        31.182107      
1.5428571       1090.4224       751.92175       277.28562       91.384165       47.582411       43.468198       34.213513       31.291111      
1.5457143       1084.1038       746.51469       274.41529       88.673522       46.620941       42.607831       33.644197       31.366434      
1.5485714       1077.6557       740.90679       271.47708       85.924173       45.694789       41.779235       33.124459       31.435758      
1.5514286       1072.3333       736.48572       269.33576       83.075352       44.7287         40.915543       32.626631       31.755682      
1.5542857       1066.9462       731.9288        266.85194       80.155739       43.740457       40.082214       32.15515        32.188302      
1.5571429       1061.3326       727.11874       264.16096       77.182175       42.785572       39.342552       31.705993       31.985824      
1.56            1055.4771       722.00724       261.138         74.103037       41.811573       38.60242        31.283111       31.493427      
1.5633333       1050.337        717.64433       260.18826       70.290716       40.769408       37.788362       30.983424       31.148722      
1.5666667       1043.9347       712.46395       256.79067       66.509749       39.688321       36.80874        30.475203       30.456207      
1.57            1038.38         707.86397       254.45598       62.742397       38.632974       35.919586       30.035533       29.869243      
1.5733333       1032.5953       702.80768       251.93522       59.09883        37.542209       35.05757        29.593905       29.289181      
1.5766667       1026.0809       697.16511       248.81058       55.622147       36.485283       34.246916       29.192318       28.726048      
1.58            1020.0954       691.58983       245.85565       52.128016       35.473836       33.443499       28.785363       28.140055      
1.5833333       1014.1313       686.28927       243.16672       48.894745       34.505601       32.653124       28.398971       27.54373       
1.5866667       1008.5404       681.23565       240.69533       45.910205       33.573638       31.890576       28.032779       26.964648      
1.59            1002.5937       675.84233       237.89862       42.989554       32.62057        31.130144       27.658312       26.39693       
1.5933333       996.74338       670.57738       235.27646       40.242733       31.724046       30.456956       27.356963       25.86665       
1.5966667       991.39546       665.24218       232.3041        37.793969       30.82871        29.745948       27.047035       25.326791      
1.6             985.81623       660.12097       229.39038       35.693794       29.959411       29.076807       26.726243       24.809759      
1.6033333       979.94441       654.92299       226.43147       34.36913        29.124354       28.445251       26.408107       24.350764      
1.6066667       974.59297       650.03531       223.40173       33.036272       28.263127       27.806038       26.04476        23.852899      
1.61            968.82369       644.86227       220.5741        32.327377       27.4702         27.217469       25.703286       23.400496      
1.6133333       963.50995       640.07251       217.86132       30.685466       26.764549       26.635921       25.353852       22.953859      
1.6166667       958.14018       635.08592       214.97713       29.397859       26.052849       26.078008       25.022251       22.552587      
1.62            952.58992       630.00662       212.56428       27.01048        25.342675       25.535093       24.684284       22.132527      
1.6233333       947.76582       625.5667        210.19846       25.120023       24.634868       25.022156       24.379231       21.760692      
1.6266667       943.42318       621.54166       207.9958        22.853609       23.93603        24.511575       24.06704        21.364252      
1.63            938.33502       616.77639       204.8056        20.719473       23.239466       24.025952       23.777003       20.997295      
1.6333333       933.87947       612.43375       201.79479       19.560488       22.549558       23.544133       23.479503       20.607672      
1.6366667       929.55451       608.40679       199.18932       16.789748       22.094787       23.104725       23.210991       20.253         
1.64            924.25621       603.47094       196.55029       14.794012       21.870708       22.655271       22.929354       19.88604       
1.6433333       919.63522       599.30175       194.17979       12.2486         21.381066       22.216052       22.609482       19.41146       
1.6466667       914.09259       594.24869       191.57721       9.8978633       20.921015       21.796898       22.328032       19.035268      
1.65            908.19221       588.62242       189.30369       7.9310232       20.437117       21.405447       22.033911       18.581437      
1.6525          905.00915       585.62773       186.1935        6.1246587       19.793363       20.856666       21.571576       17.942314      
1.655           902.42198       583.19344       185.49117       4.2702506       19.489252       20.689765       21.408734       17.622         
1.6575          899.18408       580.1809        184.77724       3.2353074       19.162207       20.460388       21.238465       17.337766      
1.66            896.44273       577.52774       184.11691       1.9678332       18.894397       20.221941       21.032526       16.999692      
1.6622222       893.63848       574.7872        182.24822       0.84141741      18.510916       19.88731        20.722904       16.536026      
1.6644444       890.74578       572.03391       181.46247       -0.354249       18.256373       19.71004        20.555178       16.273206      
1.6666667       887.94794       569.377         180.58862       -1.2945991      17.984975       19.499664       20.360862       15.981909      
1.6688889       885.45781       566.94207       179.80361       -2.2163088      17.751921       19.401133       20.211115       15.756527      
1.6711111       882.95587       564.5048        180.05869       -3.2047424      17.457016       19.195171       19.922569       15.331743      
1.6733333       880.46046       562.05091       179.87878       -4.0771702      17.206256       18.943245       19.698917       15.025065      
1.6755556       878.34975       560.01666       179.53468       -4.7995834      16.961561       18.718228       19.482965       14.74504       
1.6777778       876.08278       557.73014       178.37926       -5.4518031      16.726798       18.500984       19.263832       14.46558       
1.68            873.45987       554.99096       177.13417       -6.0153214      16.521257       18.327806       19.107178       14.345517      
1.682           871.17392       552.62382       175.58091       -6.692102       16.23751        18.049525       18.815529       14.01382       
1.684           868.74557       550.13002       173.97066       -7.0832696      16.03815        17.886078       18.614327       13.78586       
1.686           866.15594       547.46847       172.27306       -7.2635054      15.827477       17.705427       18.396249       13.56426       
1.688           863.53098       544.71889       170.1664        -7.3646797      15.635208       17.531908       18.181554       13.353134      
1.69            861.54101       542.435         168.17605       -7.3733957      15.419827       17.3305         17.939392       13.126278      
1.692           859.17171       539.91315       165.87768       -7.1878847      15.21647        17.137083       17.702082       12.933951      
1.694           856.77674       537.32784       163.3971        -6.8040877      15.036697       16.972937       17.496464       12.805496      
1.696           854.26929       534.66482       160.57255       -6.891849       14.851024       16.797052       17.274816       12.672492      
1.698           851.68439       531.95518       158.50909       -6.4965         14.643921       16.587252       16.998038       12.492421      
1.7             849.98669       529.97886       156.8936        -6.569065       14.470092       16.425363       16.792911       12.504317      
1.7016667       848.77348       528.12304       154.75324       -6.5774716      14.232871       16.152742       16.45693        12.407924      
1.7033333       846.53083       526.04311       153.77571       -6.441174       14.09838        16.031746       16.250694       12.506405      
1.705           844.14049       523.68505       152.73737       -6.2778166      13.915212       15.843515       15.968373       12.557126      
1.7066667       841.99432       521.56483       151.80532       -6.1482594      13.763611       15.688355       15.746774       12.732685      
1.7081481       841.09023       520.02662       150.4117        -6.1117751      13.604897       15.507784       15.52158        12.961772      
1.7096296       839.4319        518.28017       149.74945       -5.9943584      13.46972        15.373572       15.332435       13.229729      
1.7111111       837.39744       516.0842        148.91469       -5.8601397      13.342072       15.241279       15.133513       13.512377      
1.7125926       835.47915       514.23297       148.5114        -5.7330379      13.217272       15.10572        14.96033        13.996646      
1.7140741       833.97287       512.74388       147.26785       -5.6180312      13.092746       14.969331       14.775208       14.493368      
1.7155556       833.10183       512.29191       146.14007       -5.5316916      12.962153       14.82212        14.588882       14.99124       
1.717037        831.22506       510.86299       144.62428       -5.4134799      12.842849       14.686188       14.422271       15.618829      
1.7185185       829.04196       508.72989       143.24516       -5.2859165      12.72113        14.54534        14.24858        16.361452      
1.72            826.69725       506.50827       142.01699       -5.1665367      12.583759       14.382953       14.046989       17.33037       
1.72125         825.51387       504.53007       140.37852       -5.1527672      12.462077       14.218087       13.86587        18.302649      
1.7225893       823.92018       502.86594       139.67196       -4.963294       12.366006       14.124291       13.752851       19.088223      
1.7239286       822.13653       500.91551       138.72235       -4.6798319      12.251221       13.998204       13.625212       19.995478      
1.7251648       820.7788        499.14568       137.53014       -4.495654       12.147161       13.866216       13.4925         20.789659      
1.7265135       819.28435       497.6828        136.81586       -4.2651383      12.060389       13.778298       13.418379       21.261736      
1.7278621       817.95788       496.16928       135.76213       -4.0597254      11.970253       13.672241       13.33221        21.628191      
1.7292108       816.42398       494.19464       134.47674       -3.9009311      11.860503       13.53864        13.217353       21.871457      
1.7305594       814.8413        492.3977        133.19833       -3.7330223      11.770402       13.430608       13.143747       22.125649      
1.7319081       813.64929       491.03777       132.07117       -3.5217269      11.669254       13.307413       13.050503       22.230353      
1.7332567       811.97653       488.88476       130.68982       -3.3080833      11.588446       13.207134       12.994358       22.296677      
1.7346054       810.53094       487.20415       129.34001       -3.0670365      11.486431       13.081965       12.912547       22.272417      
1.7356843       809.18702       484.85364       127.20294       -2.9000859      11.399911       12.939484       12.818274       22.680805      
1.7367632       807.62203       483.05986       125.84327       -2.7520143      11.313555       12.833921       12.744845       22.574226      
1.7378422       806.15194       481.48165       124.63885       -2.5184242      11.244348       12.755418       12.706825       22.658606      
1.7389211       804.80853       480.01284       123.41683       -2.1925925      11.157112       12.653214       12.655522       22.577929      
1.74            803.4894        478.45719       121.99968       -1.9372113      11.09366        12.579434       12.632559       22.516335      
1.7411765       802.09957       477.09659       120.50971       -1.8496408      10.992586       12.464591       12.555032       22.016458      
1.7424314       800.52578       475.41122       118.7038        -1.8283522      10.934824       12.409603       12.572218       22.277262      
1.7436863       799.37028       473.90751       116.76522       -1.7599569      10.826819       12.280389       12.486458       20.401281      
1.7449412       797.97448       472.01234       114.52819       -1.852411       10.771114       12.205028       12.472369       18.895331      
1.7461961       796.83865       470.71983       113.01024       -1.6768456      10.666143       12.089128       12.409622       17.778076      
1.7473464       795.59774       468.8914        109.94443       -1.5725995      10.61886        12.014901       12.416562       17.492319      
1.7484967       794.41963       467.63565       108.04662       -1.2381662      10.549311       11.92919        12.389431       15.695983      
1.7496471       793.28332       466.32832       104.83378       -1.3638832      10.494329       11.868636       12.391565       13.888966      
1.7507974       791.93155       464.76586       101.87601       -1.169846       10.42665        11.79195        12.381572       12.683248      
1.7519477       790.41187       462.84604       98.677212       -1.1081207      10.370187       11.730979       12.393031       11.027039      
1.753098        789.09227       461.18058       96.250292       -0.97911149     10.292226       11.644095       12.368731       9.9292071      
1.7542484       787.83971       459.58136       93.787858       -1.230568       10.218226       11.560382       12.331056       9.5488351      
1.7553987       786.66559       458.13252       92.206296       -0.96109288     10.141751       11.46382        12.288072       7.7885098      
1.756549        785.48146       456.7153        90.635243       -0.55495823     10.090863       11.403823       12.290404       6.8444202      
1.7576993       784.20316       455.28628       89.004168       -0.41205297     10.000218       11.284019       12.194757       5.0169949      
1.7588497       782.95725       453.85647       87.421939       -0.30356424     9.9314238       11.20283        12.165297       3.8893655      
1.76            781.74274       452.42283       85.901141       -0.23734771     9.8534692       11.091531       12.048547       0.070949949    
1.76125         780.48414       451.19988       84.84239        -0.21005727     9.799705        11.039706       12.039345       -2.7030753     
1.7625          779.49423       449.94694       83.34467        -0.18670454     9.7478642       10.975492       12.006973       -3.0253472     
1.76375         778.18808       448.40579       81.828665       -0.13999995     9.6541477       10.858628       11.882478       -2.5282742     
1.765           777.07625       446.77183       80.382116       -0.06701833     9.5620694       10.738925       11.732343       -12.100744     
1.7661538       776.25011       445.28076       78.728271       0.0097492237    9.4845321       10.644157       11.647284       -15.607058     
1.7673077       775.08433       443.9752        77.705249       0.11378191      9.439714        10.592032       11.619302       -19.201786     
1.7684615       773.84253       442.37458       76.694123       0.14130072      9.3459523       10.479915       11.479484       -23.228619     
1.7696154       772.8888        440.96281       75.747372       0.19724751      9.2783492       10.399631       11.384916       -25.918726     
1.7707692       771.32051       439.5616        74.875108       0.25987376      9.2282423       10.33344        11.271799       -27.826506     
1.7719231       769.96447       438.07374       73.950511       0.30863546      9.1551865       10.234334       11.119545       -29.234551     
1.7730769       768.96798       436.70983       72.997179       0.35162902      9.0939787       10.165035       11.030494       -26.581342     
1.7742308       767.91605       435.46902       72.086588       0.40753737      9.0351575       10.093641       10.923204       -20.262626     
1.7753846       767.16036       434.34727       71.157993       0.46110173      8.992219        10.044312       10.837217       -9.6736011     
1.7765385       764.7286        433.01261       70.292666       0.50047247      8.9240175       9.9507656       10.657819       2.7514042      
1.7776923       762.89057       431.53876       69.351301       0.55791559      8.8823119       9.8931461       10.501306       17.297431      
1.7788462       761.83222       430.25533       68.353915       0.33758118      8.7714857       9.7105471       10.109194       31.279515      
1.78            760.79691       428.90859       67.379364       0.38613255      8.697635        9.601904        9.8752389       46.558857      
1.7811111       759.86624       427.1663        66.422245       0.40401355      8.6114448       9.4554559       9.5147053       55.326796      
1.7820556       759.1822        425.14944       65.363885       0.50668996      8.557057        9.3776419       9.3639025       70.084377      
1.7830525       757.41822       423.55133       65.123762       0.55833445      8.4952785       9.2961705       9.127281        66.538611      
1.7840494       756.29535       422.38443       64.628682       0.57940627      8.4561062       9.2235874       8.9182847       74.209491      
1.7850463       755.26058       421.31997       63.964081       0.59135081      8.3888598       9.1440034       8.717285        78.796944      
1.7860432       754.27789       420.22574       63.240258       0.62528419      8.3393277       9.0466251       8.4416749       71.65106       
1.7870401       753.17652       419.01407       62.371797       0.63882714      8.2468896       8.8953291       8.0422462       71.232317      
1.788037        751.99479       417.71896       61.40472        0.67559026      8.1967016       8.7964999       7.7478139       53.127886      
1.789034        750.77762       416.32397       60.278294       0.74574076      8.1683382       8.7245917       7.4806484       42.662203      
1.7900309       749.83437       415.10222       58.952448       0.79356019      8.1460981       8.6762268       7.3091522       30.183875      
1.7910278       748.65629       413.68572       57.53224        0.77433154      8.1239476       8.6218375       7.052922        22.351237      
1.7920247       747.53297       412.32957       56.187814       0.77495076      8.0564391       8.509639        6.7653495       15.272935      
1.7930216       746.35926       410.86263       54.953395       0.73680995      8.0291145       8.4508052       6.4796681       7.2537052      
1.7940185       745.13533       409.35932       53.665749       0.59785893      7.9629457       8.3249467       6.0869777       -6.6821207     
1.794873        744.36268       407.33853       52.455747       0.61279684      7.9794693       8.282885        5.6969853       -8.3128112     
1.7957275       743.21575       406.14358       51.594082       0.60728043      7.9074938       8.1436575       5.2743044       -15.102808     
1.796582        742.03222       404.86265       50.82822        0.54175251      7.8722197       8.0585171       4.9574764       -18.759507     
1.7974365       740.95414       403.70595       50.201401       0.52610638      7.8248017       7.9619367       4.5346328       -25.239756     
1.798291        739.82413       402.28658       49.15604        0.37820207      7.7955966       7.8827182       4.1420196       -31.774248     
1.7991455       738.8392        401.21869       48.893587       0.47190375      7.7746915       7.8191866       3.7506126       -38.415822     
1.8             737.67261       399.70378       46.778667       0.33159253      7.7431107       7.7374466       3.3271074       -44.359028     
1.8008333       736.65162       398.28553       47.521618       0.50059647      7.7035703       7.6436093       2.891631        -49.364785     
1.8016667       735.63135       396.87277       46.227617       0.48122142      7.6505811       7.5243606       2.4007282       -54.851296     
1.8025          734.43055       395.33827       46.360232       0.67865338      7.6265422       7.4475438       1.9848859       -59.49832      
1.8033333       733.31696       394.03381       45.01832        0.41827314      7.6017483       7.3774688       1.6012357       -63.291505     
1.8041667       732.38444       392.79245       44.418329       0.39705174      7.5849146       7.3186039       1.2262802       -65.674865     
1.805           731.34697       391.48324       43.558874       0.27079129      7.5575052       7.2497903       0.8542789       -70.097457     
1.8058333       730.50222       390.39762       42.896219       0.22213034      7.53981         7.1797808       0.47874756      -71.603406     
1.8066204       729.75883       389.34025       41.988624       0.13459339      7.5101039       7.0986031       0.10480739      -70.772988     
1.8074074       728.91898       388.57002       41.322409       0.13187872      7.5241004       7.0663127       -0.17654434     -73.700636     
1.8081944       728.40334       388.30738       40.595122       0.082490197     7.4867683       6.9785313       -0.51189011     -75.332606     
1.8089815       727.6942        387.54856       39.87573        0.044778801     7.4683649       6.916326        -0.82511655     -75.816976     
1.8097685       726.98992       386.66898       39.149106       0.017009925     7.4364223       6.8424798       -1.1324064      -76.899963     
1.8105556       725.99334       385.56635       38.450383       0.010701466     7.4268338       6.8056433       -1.37918        -78.6106       
1.8113426       725.05456       384.578         37.762245       0.020535915     7.4139574       6.7492444       -1.6691433      -79.95413      
1.8121296       724.15484       383.57516       37.014088       -0.016417172    7.3925493       6.6878756       -1.9183317      -80.111299     
1.8129167       723.22628       382.5196        36.299927       0.018294722     7.3475498       6.5796044       -2.2592726      -78.751422     
1.8137037       722.25095       381.35594       35.533925       -0.0052024628   7.3193714       6.5055066       -2.530193       -79.441895     
1.8144907       721.49807       380.44292       34.885045       0.043623718     7.293468        6.4166424       -2.8517003      -76.657191     
1.8152778       720.72222       379.69329       34.122982       0.010463202     7.2811853       6.3491835       -3.1317243      -75.490056     
1.8160648       719.93205       378.90535       33.396818       0.0038803447    7.2621505       6.2784589       -3.3871544      -74.530007     
1.8168519       719.14578       378.08949       32.714665       0.027669495     7.2776464       6.2394381       -3.6014007      -76.214295     
1.8176389       718.25637       376.99889       32.008498       0.023657217     7.2621289       6.1630753       -3.8393127      -76.278325     
1.8184259       717.39128       375.9788        31.310303       0.016022847     7.2717747       6.1231236       -3.9850906      -76.28794      
1.819213        716.45474       374.81051       30.65215        -0.01654567     7.2335855       6.0313634       -4.2014584      -79.500689     
1.82            715.57234       373.82496       30.065007       0.012857686     7.2607708       6.0228002       -4.2806822      -79.49884      
1.8208          714.71062       373.27011       29.435385       -0.028890538    7.3105061       6.0661131       -4.255741       -79.949146     
1.8216          713.92075       372.83298       28.764576       -0.073436824    7.3255476       6.0633773       -4.2668798      -82.564515     
1.8224          713.20369       371.89221       28.118383       -0.11101194     7.3864297       6.1055903       -4.2589293      -83.887491     
1.8232          712.15758       370.658         27.487947       -0.17797969     7.3810305       6.0634643       -4.3912037      -83.747487     
1.82404         711.18508       369.91006       26.924275       -0.25713648     7.4165171       6.0904804       -4.3342594      -86.260173     
1.82488         710.28038       368.91396       26.275961       -0.34396238     7.4986538       6.212283        -4.1686815      -89.296642     
1.82572         709.20046       367.82271       25.660317       -0.42628682     7.5060137       6.2110838       -4.1726668      -89.623778     
1.82656         708.35541       366.80745       25.019302       -0.5076946      7.5265579       6.2172161       -4.1955749      -90.710191     
1.8274          707.21222       365.59554       24.373676       -0.56914967     7.5666368       6.270043        -4.1639476      -90.85945      
1.82824         706.07107       364.44129       23.752196       -0.64036082     7.5835038       6.2593103       -4.2568052      -92.160021     
1.82908         705.13221       363.36083       23.078179       -0.73287711     7.6071418       6.2909416       -4.2026875      -93.668263     
1.82992         704.14413       362.23502       22.405917       -0.80400227     7.6282065       6.3086217       -4.2419586      -91.854167     
1.83076         703.33428       361.32391       21.807827       -0.81317016     7.6704041       6.3604558       -4.2157903      -88.74048      
1.8316          702.33698       360.21049       21.157681       -0.87150079     7.6991411       6.3968612       -4.2801582      -85.373219     
1.83244         701.50691       359.31146       20.525202       -0.89993779     7.7453639       6.4504908       -4.2975938      -83.018911     
1.83328         700.45411       358.12286       19.844138       -0.96797232     7.7693723       6.4647876       -4.4180079      -81.33402      
1.83412         699.51686       357.10556       19.219045       -0.99723133     7.7818476       6.4696414       -4.4910146      -81.547914     
1.83496         698.50606       355.95135       18.555137       -1.0502611      7.8132418       6.5048622       -4.8202865      -80.694776     
1.8358          697.5964        354.93023       17.981421       -1.0588411      7.827886        6.4750504       -5.4419855      -80.778661     
1.83664         696.63545       353.90189       17.410732       -1.0746539      7.8688404       6.5220369       -5.8179011      -80.205192     
1.83748         695.47487       352.51366       16.845807       -1.0964038      7.8563192       6.4928121       -6.0699309      -80.38889      
1.83832         694.50663       351.5026        16.235453       -1.0997834      7.8968543       6.5344224       -6.2120206      -79.398576     
1.83916         693.23409       349.79677       15.603036       -1.1164935      7.9119452       6.5402183       -6.414525       -78.259737     
1.84            691.8829        348.93536       14.913498       -1.1426681      7.9002251       6.4390546       -6.702609       -77.34433      
1.8408333       690.09286       347.62942       14.253619       -1.1278123      7.9256781       6.5796911       -6.2087592      -77.344522     
1.8416667       688.58128       346.11723       13.437622       -1.1248124      7.9376382       6.5524684       -5.8870766      -76.841068     
1.8425          687.84647       344.90951       12.693273       -1.0581521      7.9273732       6.5003276       -5.7676403      -76.424871     
1.8433333       687.00616       343.70836       12.028997       -0.98840727     7.9609295       6.5309951       -5.6057967      -75.779527     
1.8441667       685.84174       342.34176       11.493395       -0.94865714     8.0099075       6.5833716       -5.4795119      -74.653182     
1.845           684.67731       341.00362       10.919785       -0.94092575     8.014606        6.5666787       -5.3357794      -72.763298     
1.8458333       683.56648       339.69349       10.297834       -0.95289944     8.0364569       6.5775195       -5.2398749      -71.0561       
1.8466667       682.2187        338.09647       9.5795446       -0.9957301      8.0803296       6.6150185       -5.1244101      -68.877757     
1.8475          681.17058       336.89918       9.0828795       -1.0044097      8.0934803       6.6115581       -5.0775649      -66.944246     
1.8483333       679.99523       335.48528       8.485794        -1.0428929      8.1053487       6.6028069       -5.0383376      -65.076402     
1.8491667       678.83127       334.19739       7.9947285       -1.0630704      8.1390787       6.6364122       -4.9517286      -62.974859     
1.85            677.59941       332.73099       7.3760264       -1.0632575      8.1766543       6.697386        -4.7826755      -61.04171      
1.8508333       676.75253       330.82312       6.584388        -1.120658       8.2341706       6.7888189       -4.7092749      -58.567442     
1.8516667       676.16979       329.32743       5.7044032       -1.1500614      8.2594954       6.8148787       -4.6892578      -57.35327      
1.8525          674.69519       327.3692        4.5865945       -1.1204463      8.3173564       6.8673476       -4.6149234      -55.375243     
1.8533333       673.4414        325.99554       4.5519695       -1.1023708      8.3357862       6.8944635       -4.532522       -52.704043     
1.8541667       672.38394       324.71633       4.5090964       -1.18335        8.3716587       6.9571025       -4.3968953      -49.464038     
1.855           671.32486       323.53918       4.6911619       -1.1361261      8.4046005       6.9969924       -4.3446896      -47.039255     
1.8558333       670.30464       322.3693        4.7884785       -1.1599648      8.4679635       7.0999299       -4.3197226      -45.46097      
1.8566667       669.40578       321.4548        5.290371        -1.0548185      8.547774        7.2436301       -4.0946195      -42.662679     
1.8575          668.43629       320.49104       5.7916845       -1.0053985      8.5792045       7.273982        -4.1981612      -47.913208     
1.8583333       667.52415       319.54155       6.2801678       -0.99650336     8.6656126       7.4107732       -4.0255047      -42.702608     
1.8591667       666.55887       318.53758       6.6349394       -1.0455796      8.7476493       7.526244        -3.9495703      -42.428497     
1.86            665.60189       317.52734       6.9633509       -1.0806227      8.7768765       7.5368161       -3.972308       -39.384886     
1.8609524       664.1974        316.71883       7.2148975       -1.2158004      8.9027506       7.6997558       -3.6915644      -45.066684     
1.8619549       663.11336       315.83454       7.5631127       -1.2479808      9.0037845       7.8255689       -3.5115188      -44.32762      
1.8630164       661.85616       314.713         7.8754682       -1.3184229      9.0840607       7.9188586       -3.5153163      -48.27031      
1.8640778       660.79801       313.63173       8.2272094       -1.3317399      9.1484144       7.9910756       -3.5691077      -46.336877     
1.8652151       659.5267        312.35896       8.6422617       -1.2867048      9.2769478       8.1347091       -3.4429238      -46.663232     
1.8663524       658.43938       310.87492       9.027685        -1.279712       9.3472486       8.2394506       -3.3827376      -43.074785     
1.8675931       656.88605       309.09037       9.3852717       -1.2695059      9.415303        8.3755848       -3.270263       -43.651538     
1.8688338       655.48992       307.62526       9.7296692       -1.2304437      9.5906992       8.6337893       -3.1583121      -42.425996     
1.8702296       653.7233        306.29031       10.017347       -1.1870914      9.7623476       8.9161268       -2.8942755      -45.005347     
1.8716254       652.21812       304.65455       10.296819       -1.1852095      9.8610278       9.0711052       -2.8375404      -40.351968     
1.8730211       650.78165       302.94752       10.532979       -1.2265873      9.9302688       9.179116        -2.9038156      -37.642232     
1.8744169       649.27382       301.29984       10.782032       -1.1804408      10.162591       9.527717        -2.5556673      -33.144542     
1.8758127       647.84102       299.63034       11.028024       -1.1257511      10.284689       9.7183061       -2.4425672      -30.708604     
1.8772085       646.49567       297.80782       11.278022       -1.0293023      10.496016       10.057114       -2.1202231      -31.775787     
1.8786042       645.14851       296.02992       11.55525        -0.87168777     10.739463       10.435549       -1.778331       -30.026596     
1.88            643.63853       294.22974       11.760235       -0.76543273     10.951692       10.7812         -1.2062694      -28.993613     
1.8815385       641.77181       292.79245       11.975016       -0.6087795      11.200398       11.22356        -0.54162234     -32.620707     
1.8832168       639.80822       291.15904       12.187084       -0.45589005     11.497561       11.714986       0.42226488      -30.520708     
1.8848951       637.97178       290.45078       12.332525       -0.37953584     11.748995       12.156029       1.1723629       -28.691678     
1.8865734       636.10938       289.07066       12.417627       -0.27672565     11.982027       12.510236       1.5037309       -27.006772     
1.8882517       634.3767        287.41933       12.490189       -0.056887523    12.303855       13.013641       2.4450855       -23.816648     
1.8899301       632.5119        285.49449       12.509246       0.19916946      12.604893       13.474502       3.0876468       -21.129901     
1.8916084       630.42646       283.25906       12.495055       0.58726952      12.900389       13.687775       3.5866545       -18.599115     
1.8932867       628.13442       280.7838        12.435409       0.92277271      13.250885       14.332049       4.3934116       -17.153588     
1.894965        625.79919       278.12868       12.217619       1.2648797       13.591306       14.863378       5.1829022       -19.5595       
1.8966434       623.31622       275.20426       11.971075       1.3977121       13.902013       15.282598       5.82269         -17.950367     
1.8983217       620.88644       272.22415       11.701465       1.5193547       14.287484       15.795014       6.5526308       -16.913292     
1.9             618.37756       269.20228       11.532734       1.6676529       14.65807        16.355977       7.20555         -14.830322     
1.9016667       615.96213       266.26542       11.485906       1.8311008       14.987934       16.794554       7.805347        -13.121158     
1.9033333       613.56273       263.35965       11.640331       2.0075974       15.288392       17.224507       8.5160474       -11.377869     
1.905           611.17588       260.26817       11.874492       2.1904078       15.672964       17.736653       9.361767        -9.7586011     
1.9066667       608.78347       256.72874       12.495984       2.4012437       16.105354       18.307851       10.33716        -8.5425783     
1.9083333       606.39858       253.98419       12.904957       2.6304187       16.566248       18.822277       11.135552       -7.3288183     
1.91            604.52193       252.01144       12.94367        2.8294381       17.034404       19.323018       11.963153       -5.9601026     
1.9116667       602.54611       249.98418       13.011314       3.0159448       17.438549       19.691134       12.633243       -4.1947018     
1.9133333       600.75334       248.29913       13.205798       3.2427904       17.892163       20.134157       13.502929       -2.3529101     
1.915           598.95298       246.51187       13.354179       3.4488729       18.353837       20.529483       14.394439       -1.4108742     
1.9166667       597.19651       244.74951       13.463321       3.6257614       18.81194        20.884707       15.30353        -1.4047694     
1.9183333       595.524         242.97505       13.604928       3.8320288       19.304352       21.256347       16.566037       -1.2536607     
1.92            593.86428       241.21238       13.765386       4.0757618       19.852214       21.685456       18.027409       -0.3583695     
1.9218182       591.88677       239.25324       13.889016       4.3248345       20.448503       22.074172       19.522875       0.097146287    
1.9236364       590.00413       237.24234       14.02379        4.5519107       20.894442       22.179948       20.58493        1.2582954      
1.9254545       588.10047       235.20894       14.159338       4.691725        21.339131       22.292319       21.666354       2.0811341      
1.9272727       586.33402       233.26405       14.332557       4.844718        21.684782       22.308043       22.679263       3.0001741      
1.9290909       584.47787       231.24973       14.432481       5.0820431       22.071976       22.417942       23.882177       4.2659948      
1.9309091       582.76037       229.31998       14.589675       5.3946055       22.465349       22.518233       24.951846       5.3111287      
1.9327273       581.02451       227.41599       14.677277       5.6309463       22.816614       22.586939       26.385236       6.3827205      
1.9345455       579.33673       225.35664       14.767036       5.8938884       23.05362        22.441335       27.501399       7.8719735      
1.9363636       577.65452       223.70717       14.9213         6.1925517       23.467917       22.636544       28.863151       8.9686343      
1.9381818       575.99417       221.86146       15.083658       6.4961402       23.938553       22.885844       30.198423       10.451197      
1.94            574.39249       220.04609       15.277422       6.7883847       24.204077       22.784204       31.037864       11.419971      
1.942           572.58465       218.04033       15.457404       7.0628962       24.603917       22.820291       32.142359       12.103595      
1.944           570.81012       216.0024        15.700456       7.3927305       24.831989       23.126656       33.031491       13.34586       
1.946           569.06458       213.97087       15.946096       7.7337217       25.219117       23.551665       34.403219       14.651342      
1.948           567.39837       212.01104       16.234314       8.1412748       25.621059       24.206886       35.128299       15.989121      
1.95            565.77622       210.1188        16.612282       8.6354312       26.126705       24.693638       36.728431       16.972537      
1.952           564.15823       208.18511       16.946345       9.0908502       26.501908       25.146386       38.492539       17.861578      
1.954           562.58294       206.22368       17.336467       9.6258483       26.917681       25.725862       39.786871       19.195965      
1.956           561.02673       204.20695       17.713626       10.112204       27.111536       26.184239       41.464315       20.675098      
1.958           559.3841        202.13921       18.109109       10.644213       27.504631       26.657961       42.809692       22.130117      
1.96            557.73308       200.02535       18.496341       11.180239       27.91602        27.328968       44.182887       23.206261      
1.9622222       556.00643       197.7096        18.948357       11.726343       28.462032       28.107486       45.389898       24.258373      
1.9644444       554.15202       195.27034       19.621657       12.16081        29.109367       29.05049        46.595533       25.614634      
1.9666667       552.87272       193.04639       20.161097       12.736828       29.694776       29.783135       47.851585       26.954357      
1.9688889       551.39746       190.72183       20.935276       13.355773       30.470008       30.648382       49.067545       28.456118      
1.9711111       549.86426       188.47717       21.544919       13.968435       31.379398       31.443356       50.15643        29.926807      
1.9733333       548.27012       186.25842       22.192931       14.603169       32.209701       32.38907        51.400018       31.927067      
1.9755556       546.91796       184.06568       22.933591       15.176288       33.29643        33.520565       52.472957       33.494939      
1.9777778       545.68128       181.69341       23.710171       15.641496       34.243395       34.817406       53.271569       34.927728      
1.98            544.60546       179.96403       24.47181        16.143562       35.106233       36.24019        54.297809       36.135589      
1.982           543.73623       178.77548       25.147731       16.72955        36.011036       37.054274       55.089169       36.410928      
1.984           542.82247       177.61515       25.576259       17.230326       36.902894       38.032428       55.778331       37.412209      
1.986           541.91557       176.51903       26.13529        17.694677       37.799859       39.125584       56.143461       38.499941      
1.988           541.12542       175.56985       26.65112        18.216875       38.631083       40.223162       56.122252       39.554785      
1.99            540.26041       174.54824       27.16395        18.709833       39.538749       41.495884       56.944071       40.729321      
1.992           539.47066       173.53678       27.652285       19.224402       40.393026       43.081454       57.761315       42.04615       
1.994           538.7421        172.52592       28.080768       19.643872       41.338403       44.262201       58.591457       43.100248      
1.996           538.23247       171.77147       28.716667       20.06178        42.214942       45.658761       59.519626       44.162771      
1.998           537.72394       171.03734       29.310161       20.541072       42.746894       46.851893       60.074081       45.20298       
2               537.18083       170.26947       29.751017       20.93099        42.821892       47.955964       60.559141       45.988563      
2.0022222       536.6642        169.21421       30.252901       21.366491       43.058882       49.230209       60.789438       47.386909      
2.0044444       536.3437        168.67234       30.974862       22.069454       43.545063       50.600863       61.286757       48.37696       
2.0066667       535.9464        168.08365       31.555076       22.523577       45.296995       52.239616       62.272812       49.498557      
2.0088889       535.65218       167.60014       32.134108       22.911455       47.13803        53.53115        62.957341       50.534101      
2.0111111       535.33046       167.12176       32.670996       23.29547        47.95028        54.79365        63.24984        51.183965      
2.0133333       535.16183       166.80173       33.320288       23.983698       48.440136       56.257117       63.635907       52.155227      
2.0155556       534.73105       166.28165       33.696315       24.189353       48.848875       57.800633       64.040793       53.353391      
2.0177778       534.48111       165.811         34.087235       24.397962       48.89604        58.962462       64.452823       54.575398      
2.02            534.26328       165.46758       34.345495       24.347449       49.605674       60.317009       65.129119       55.851743      
2.0222222       534.35148       165.89213       34.589401       24.337201       50.889057       61.520544       65.624609       56.327356      
2.0244444       534.261         166.01656       34.659584       24.110749       52.094527       62.892098       66.024812       57.044393      
2.0266667       533.80898       165.69831       34.443609       23.665735       52.831054       64.590555       67.169955       58.226661      
2.0288889       533.48211       165.17614       34.319793       23.180729       53.574594       66.195741       67.14533        59.093233      
2.0311111       533.41083       165.17723       34.521317       22.837721       53.78281        67.767301       67.330672       60.198342      
2.0333333       533.64709       165.57522       34.806923       22.396598       53.927386       68.788453       67.141641       60.927383      
2.0355556       533.28308       165.57719       34.711427       21.925718       54.269656       70.224908       67.534696       61.973589      
2.0377778       533.1339        166.33658       34.66038        21.318942       54.687742       71.183857       68.079113       62.543006      
2.04            533.06059       167.17655       34.854928       20.776619       55.044458       71.737607       68.125358       63.727861      
2.0422222       533.34971       168.45672       35.121261       20.413382       55.187711       71.758956       68.404458       64.448829      
2.0444444       533.35722       169.32748       35.006431       19.858387       55.216072       72.236512       68.597165       65.670579      
2.0466667       533.63232       167.99948       35.190186       19.693433       55.047804       72.580154       68.716665       66.719445      
2.0488889       533.5818        167.78827       35.164298       19.380532       54.780261       72.848973       69.169227       68.066043      
2.0511111       533.51279       165.42804       35.029623       19.068439       54.641616       74.560881       68.90816        68.754263      
2.0533333       534.08646       166.35696       34.880212       18.765883       53.801091       74.426107       68.90456        69.601275      
2.0555556       534.62399       167.66744       34.694089       18.331909       52.509517       74.957352       69.126502       70.316751      
2.0577778       535.40521       169.29852       34.715027       17.854108       52.17602        74.741728       68.958597       71.055432      
2.06            536.09982       170.80225       34.493912       17.562308       52.081609       74.647999       69.855361       71.868829      
2.0625          536.79151       171.64536       34.061489       17.093115       51.818779       74.185876       70.466439       72.532584      
2.065           537.68743       173.73014       33.55212        16.979187       51.026037       73.154792       70.419054       73.248663      
2.0675          538.28723       175.5469        32.631735       16.266929       50.297239       72.584837       70.093221       74.10915       
2.07            539.04281       177.64579       31.902687       15.78816        49.37863        71.660539       69.629988       74.154711      
2.0725          539.89194       179.89687       31.114005       15.094857       48.752468       70.595631       68.884381       74.104259      
2.075           541.04256       182.19221       30.159554       13.873363       47.813587       69.191859       68.070155       73.926117      
2.0775          541.94706       184.76957       29.338694       12.797885       46.761829       67.765142       67.125627       72.516013      
2.08            542.94113       186.73184       28.063168       11.570105       45.310117       66.249504       66.3624         71.545458      
2.0828571       543.97605       188.08172       26.898783       10.661344       43.867382       64.084198       65.799415       71.285606      
2.0857143       544.83253       191.01524       25.618026       10.250064       42.006215       62.1368         64.352927       70.389829      
2.0885714       545.95289       194.40499       24.675321       10.079264       40.0798         59.741553       63.340763       68.845353      
2.0914286       547.49438       198.04828       23.451538       10.408306       38.24132        57.441492       61.93251        66.641277      
2.0942857       548.93048       201.36532       22.329297       9.803473        36.63501        55.163671       60.971558       63.987442      
2.0971429       550.01924       204.4829        21.265698       9.5368294       34.767576       52.679628       59.90722        60.618734      
2.1             551.72519       208.08957       20.168078       9.0332008       33.431345       50.384301       59.171793       57.451242      
2.1028571       552.79909       211.14021       18.898644       8.2240141       31.780509       47.700871       57.849073       54.596556      
2.1057143       553.18365       214.45437       18.35035        7.0016229       30.484563       45.513434       56.734536       51.326964      
2.1085714       553.76635       217.23198       17.212974       6.7631527       29.219803       43.28           55.46969        48.169141      
2.1114286       554.59877       220.19871       16.484717       6.6571279       27.864877       41.264887       54.320978       44.220168      
2.1142857       555.61415       223.19994       15.938239       6.2037593       26.491415       39.460131       53.178972       39.314063      
2.1171429       556.24744       225.79254       15.487232       5.2102809       25.203378       37.639752       51.853735       36.373573      
2.12            556.53288       228.00649       15.020415       5.1237763       24.081311       36.084392       50.619428       34.384358      
2.1228571       556.65312       229.92712       14.628985       4.9099416       23.126812       35.139581       49.02554        31.931747      
2.1257143       556.52723       231.51897       14.11772        4.193368        22.251517       33.858909       47.420981       29.737546      
2.1285714       556.27143       233.01136       13.847921       3.4218078       21.007424       32.955845       46.132682       27.962859      
2.1314286       555.77078       234.12846       13.379697       2.1222319       19.865479       31.909346       45.00307        26.190926      
2.1342857       555.21128       235.40841       13.127538       1.3443542       18.629155       30.719184       43.693106       24.64007       
2.1371429       554.6577        235.97773       12.636771       0.56222142      17.137887       29.84163        42.316468       23.000837      
2.14            553.88321       235.26625       12.137264       -0.12471915     16.915818       29.090913       40.961308       21.877651      
2.1428571       553.03929       234.00868       11.630513       -0.51121422     16.988224       28.667596       39.380584       20.905566      
2.1457143       551.63126       232.91717       11.260561       -0.60054225     17.6083         28.56036        37.847171       20.119862      
2.1485714       550.07938       232.04054       10.910728       -0.57074386     17.617207       28.342737       36.189423       19.355207      
2.1514286       548.27299       230.93024       10.571056       -0.47669819     17.478412       28.197418       34.590589       18.83241       
2.1542857       546.24276       229.59667       10.241501       -0.48772758     17.300541       28.101133       32.958715       18.5854        
2.1571429       544.07783       227.95991       9.8806465       -0.24901452     17.414767       28.043042       31.304806       18.176475      
2.16            541.75508       226.07992       9.5301564       -0.46992314     17.755409       27.977625       30.013098       17.644283      
2.1633333       538.50613       222.67533       8.9626873       -0.29388608     18.321507       27.819802       28.265794       17.34736       
2.1666667       535.57489       220.12966       8.6975954       -0.38268126     19.253753       27.397295       26.875329       17.110264      
2.17            532.89354       217.93845       8.8873526       -1.4637347      20.123282       26.82101        25.293776       16.92108       
2.1733333       529.67047       215.0509        8.8621242       -1.6427427      20.819691       26.160329       24.165714       16.641244      
2.1766667       526.37555       211.96982       8.9570516       -1.6184032      21.230724       25.37854        23.149593       16.202327      
2.18            523.12045       208.70625       9.1684379       -1.2250454      21.546758       24.198813       22.356973       15.623078      
2.1828571       520.63207       205.8763        9.2416952       -0.70204625     22.75143        22.515167       21.987648       15.020151      
2.1857143       517.65235       201.70053       9.3404738       -0.30949618     23.275181       21.167116       21.190922       14.955265      
2.1885714       515.29317       201.42229       9.475484        0.11925834      24.019716       20.209117       20.32101        14.957642      
2.1914286       512.85222       199.71769       9.6602955       0.59001736      24.628108       19.083377       19.588049       14.884928      
2.1942857       510.45847       197.32302       9.7984375       0.87924947      25.148081       18.099941       18.655687       14.765475      
2.1971429       508.23558       194.7181        10.040955       1.2415699       25.562773       17.246484       18.121942       14.622733      
2.2             505.68019       192.55113       10.226568       1.4645557       24.948789       16.429474       17.815175       14.486925      
2.2033333       502.35332       189.87276       10.434566       1.5899971       24.759216       15.100869       17.249001       14.478736      
2.2066667       499.92331       187.56402       10.669277       1.7655516       24.921958       14.567687       16.944786       14.32755       
2.21            497.65015       185.1258        10.872192       1.7621092       24.859167       14.416676       16.570993       14.194948      
2.2133333       495.59541       183.32785       11.132095       1.7662599       25.017401       13.898619       16.268644       14.069101      
2.2166667       493.65731       181.23313       11.389208       1.7263102       24.994332       13.517402       16.020736       13.868689      
2.22            492.10725       179.77688       11.571102       1.9025239       24.921349       13.109566       15.866368       13.814207      
2.2233333       490.89714       178.7679        11.773569       1.9467456       25.033417       12.837567       15.429207       13.797781      
2.2266667       489.4874        177.18569       11.985043       2.0011971       24.376042       12.517988       15.363221       13.760858      
2.23            486.97155       175.26406       12.201468       1.9907674       23.88103        12.177466       15.124821       13.695344      
2.2333333       485.24236       173.5795        12.485087       2.0368917       23.255142       11.98788        15.204904       13.640779      
2.2366667       484.49803       172.51913       12.794952       2.0108559       22.670344       11.893707       15.27605        13.528689      
2.24            483.7574        171.57862       13.184539       2.3472425       21.910173       11.603827       15.003108       13.404698      
2.2433333       483.12602       170.57183       13.426017       2.5839836       20.962251       11.358573       14.9314         13.242411      
2.2466667       482.04483       169.38611       13.648398       2.8030823       20.080366       11.477013       14.701787       13.104399      
2.25            480.68375       168.27667       13.700491       2.7938055       19.14459        11.524621       14.730736       12.65242       
2.2533333       479.07403       167.23202       14.077904       2.6617554       18.27028        11.335338       14.832879       12.735396      
2.2566667       478.28505       166.40892       14.292637       2.47549         17.70837        11.016821       14.715438       11.415334      
2.26            477.68243       165.56589       14.388939       2.1977475       17.160084       10.764483       14.579937       11.669538      
2.2633333       476.98627       164.86113       14.522655       1.9443455       16.852642       10.88672        14.621967       11.71447       
2.2666667       476.48889       163.2558        14.632382       1.6393375       16.459978       10.379985       14.771206       11.318159      
2.27            476.0035        161.57199       14.785194       1.2997761       15.840133       10.242389       14.844451       11.507661      
2.2733333       475.6397        160.60531       14.713072       -0.11849302     15.403809       10.256201       14.9451         11.685698      
2.2766667       475.03571       159.09358       14.933558       -0.11471467     15.092245       9.9845493       14.827053       11.760799      
2.28            474.49819       158.11456       15.156507       -0.85911813     14.79572        10.088875       14.821377       11.795487      
2.2833333       474.11927       157.14529       15.779872       -0.69369107     14.594897       10.535978       14.752737       11.842957      
2.2866667       473.64983       155.88727       16.073153       -1.0169456      14.477911       11.004263       14.709039       11.892085      
2.29            472.99733       154.58911       16.336652       -0.8322214      14.502875       11.486759       14.98979        11.960749      
2.2933333       472.30021       153.12843       16.400136       -0.80517889     14.997616       11.930508       14.480826       12.031648      
2.2966667       471.56136       151.57285       16.495676       -0.21136034     15.483776       12.404237       14.279272       12.117084      
2.3             470.83985       149.91278       16.703521       0.13215436      15.491214       12.903139       14.311211       12.234913      
2.3033333       470.06688       148.03133       16.850423       0.28721675      15.254489       13.433162       13.906163       12.364963      
2.3066667       469.04483       145.82469       17.10644        0.56675597      14.922304       16.491393       13.992243       12.489025      
2.31            468.05484       143.39517       17.203612       0.48130364      14.569664       16.610947       14.06544        12.802215      
2.3133333       467.05727       140.92244       17.365022       -0.62480265     14.142696       16.272938       14.043888       13.093514      
2.3166667       465.87816       138.24913       17.508758       -1.5145634      13.689938       16.00212        14.157413       13.704275      
2.32            464.5851        135.09722       17.571142       -2.1464169      13.350088       15.610881       14.200595       13.818912      
2.3233333       463.24878       132.20025       17.704428       -2.6861237      13.090015       15.157567       14.19203        13.506601      
2.3266667       461.69186       128.92951       17.865504       -3.1697742      12.85837        14.79001        14.168233       13.083469      
2.33            460.01623       125.82686       18.016288       -3.0685674      12.812798       14.435906       14.116929       12.678363      
2.3333333       458.16349       122.53493       18.151577       -2.975656       12.807937       14.098813       14.376746       12.282739      
2.3366667       456.244         119.30231       18.305037       -3.2721971      12.710143       13.764277       14.793561       11.906466      
2.34            454.07024       116.03645       18.468644       -3.3838809      12.533899       13.437883       14.419818       11.551944      
2.3433333       452.12688       112.73258       18.585102       -3.4229113      12.318543       13.114095       13.962435       11.130174      
2.3466667       449.79152       109.13971       18.654627       -3.2842152      12.091542       12.7377         13.385836       10.85101       
2.35            447.36622       105.19924       18.719748       -3.1336207      11.85716        12.392891       12.881136       10.62033       
2.3533333       444.89614       101.73541       18.780524       -2.864657       11.60187        12.080235       12.528762       10.368786      
2.3566667       442.61369       98.247218       18.825851       -2.7555197      11.368575       11.606529       12.060467       10.060352      
2.36            439.86981       94.736817       18.864261       -2.7602208      11.141406       11.30991        11.598285       9.7385777      
2.3633333       437.29622       91.258001       18.787187       -3.1265013      10.910927       11.156392       11.230853       9.4052681      
2.3666667       434.42245       87.588762       18.698546       -3.0213688      10.68435        10.933244       10.872413       9.0707427      
2.37            431.80391       83.895868       18.688001       -3.2566936      10.457063       10.673272       10.571417       8.7407303      
2.3733333       428.78584       80.165271       18.606688       -3.1583429      10.233026       10.414797       10.254479       8.3986881      
2.3766667       425.9268        77.011715       18.524832       -3.1166936      10.008421       10.135613       9.9424628       8.0776927      
2.38            423.20283       74.901701       18.351447       -3.1049963      9.7821265       9.7659354       9.649663        7.7460073      
2.3833333       420.62811       73.818088       18.251815       -2.9764301      9.5561656       9.4009812       9.3550708       7.3993671      
2.3866667       417.99331       71.815819       18.136269       -2.8504043      9.33572         9.2555903       9.070908        7.0542237      
2.39            415.23334       69.979191       17.946603       -2.7819149      9.1054975       9.1413348       8.7710156       6.703005       
2.3933333       412.21044       68.137968       17.843117       -2.796161       8.9033748       8.9276202       8.7046332       6.35118        
2.3966667       409.4985        66.424873       17.688227       -2.7970169      8.693723        8.6970051       8.4789874       5.9958128      
2.4             406.72246       64.977465       17.66156        -2.733296       8.4656755       8.4808482       8.2487372       5.6689351      
2.4033333       403.89583       63.450817       17.516394       -2.6182572      8.2256256       8.2839917       8.0299092       5.3645135      
2.4066667       401.17254       62.05776        17.437871       -2.409761       7.9846368       8.0988107       7.8058025       5.0693653      
2.41            398.17378       60.35584        17.2548         -2.2341704      7.7524138       7.9207245       7.5873757       4.7811057      
2.4133333       395.26867       58.734249       17.182583       -2.0511201      7.5212279       7.743473        7.3803575       4.5057179      
2.4166667       392.30912       57.196936       17.026477       -1.8488236      7.3001768       7.5667567       7.1893919       4.2492056      
2.42            389.34969       55.693112       16.780221       -1.6021937      7.0828289       7.3923984       6.9520432       4.0011153      
2.4233333       386.48087       54.250014       16.464704       -1.6258251      6.8684821       7.2255839       6.699611        3.7681202      
2.4266667       383.43684       52.737906       16.206205       -1.3452088      6.6789265       7.074016        6.4542877       3.5541188      
2.43            380.58587       51.315507       16.019928       -1.1274478      6.4977334       6.9266217       6.2014176       3.3445134      
2.4333333       377.84084       50.040549       15.882313       -0.87446492     6.3361896       6.7876214       5.9522514       3.1447196      
2.4366667       375.19667       49.18589        15.478026       -0.68277457     6.1895243       6.6488016       5.7106194       2.9565533      
2.44            372.52983       48.432843       15.165213       -0.54588808     6.0589958       6.5137236       5.480659        2.7877101      
2.4433333       369.46591       47.426986       14.829087       -0.52118279     5.9357987       6.3769082       5.2544261       2.6293505      
2.4466667       366.83536       46.604798       14.534252       -0.68968155     5.8248436       6.2413084       5.034706        2.4815957      
2.45            364.33205       45.902321       14.283179       -0.61007354     5.720122        6.1057309       4.82071         2.3446691      
2.4533333       361.86094       45.315734       14.053241       -0.55336785     5.6256903       5.9713999       4.613805        2.2168794      
2.4566667       359.36017       44.750934       13.708826       -0.69496017     5.5420583       5.8370904       4.4127286       2.096631       
2.46            356.89943       44.255173       13.502881       -0.79094794     5.4645014       5.6982978       4.2172518       1.9844052      
2.464           353.91655       43.730751       13.122262       -1.0389582      5.5195664       5.6095112       4.1096281       1.9409685      
2.468           351.16243       43.075414       13.048065       -1.092588       5.4672951       5.4225709       3.8560629       1.8098486      
2.472           348.33953       42.488699       12.874123       -1.194913       5.3332023       5.2444066       3.6337654       1.6969541      
2.476           345.58615       41.800513       12.550267       -1.2314729      5.1796276       5.0762008       3.4431582       1.6003803      
2.48            342.83037       41.147161       12.282597       -1.2449285      5.0362759       4.9119418       3.269759        1.51932        
2.484           340.26492       40.57142        12.015415       -1.2479275      4.8829916       4.7434743       3.104565        1.4447758      
2.488           337.70729       40.024123       11.710278       -1.185661       4.7148958       4.5677789       2.9462952       1.3737321      
2.492           335.41209       39.524977       11.320911       -1.4032246      4.5873534       4.3926476       2.8010426       1.3117742      
2.496           333.06816       39.020862       10.890866       -1.5508022      4.4576252       4.2063759       2.6592051       1.2522034      
2.5             330.71205       38.609319       10.632752       -1.6832098      4.3438967       4.0329734       2.5347535       1.2036617      
2.504           328.45019       38.138257       10.233139       -1.8139628      4.2269029       3.8556222       2.4161392       1.1593651      
2.508           326.17926       37.767951       10.134688       -1.9275709      4.1148946       3.6739314       2.3059251       1.1169917      
2.512           324.05508       37.5999         9.9298692       -1.9824339      4.0035296       3.4980804       2.2019775       1.0792236      
2.516           322.17722       37.423786       9.841896        -2.0224984      3.9011894       3.3474688       2.1076522       1.0459102      
2.52            320.41232       37.326422       9.8142472       -2.2066376      3.7974831       3.2066281       2.0187828       1.01571        
2.524           318.77598       37.232954       9.6581671       -2.3388893      3.6961612       3.072887        1.9342258       0.98359121     
2.528           317.11937       37.050605       9.4726234       -2.3781859      3.6013811       2.950029        1.8606283       0.95834735     
2.532           315.61317       36.914428       9.3124306       -2.542543       3.5023193       2.8297987       1.7903216       0.93265792     
2.536           314.33467       37.00593        9.3319905       -2.6981845      3.4020793       2.7141101       1.7283344       0.91345714     
2.54            313.01873       36.99316        9.3011969       -2.7579956      3.2766969       2.5974046       1.6657644       0.89213088     
2.544           311.76197       36.952118       9.4881981       -2.6275577      3.1681309       2.4807917       1.6049128       0.86598466     
2.548           310.6639        36.901897       9.3999455       -2.4502419      3.0865326       2.3706413       1.5526161       0.84525033     
2.552           309.57549       36.738447       9.5428327       -2.4543677      3.0115365       2.2706861       1.5051563       0.82573967     
2.556           308.57489       36.542676       9.6095238       -2.4601599      2.9366229       2.1790166       1.4618157       0.80721008     
2.56            307.62995       36.387587       9.7207646       -2.4161119      2.8608388       2.0916489       1.4199336       0.78717929     
2.564           306.72376       36.181571       9.6298363       -2.4123897      2.7871527       2.0067613       1.3791967       0.76564283     
2.568           306.10991       36.390356       9.4063081       -2.3925759      2.7189141       1.9314825       1.3440084       0.7472244      
2.572           305.60816       36.480859       9.1486972       -2.4906048      2.648434        1.8587966       1.3097093       0.72743188     
2.576           304.7284        36.245803       9.0526585       -2.4683539      2.5852265       1.79545         1.2830012       0.71264246     
2.58            303.70608       36.053894       8.9838143       -2.4392696      2.52193         1.7337766       1.2559634       0.69478048     
2.584           302.83147       35.926924       9.0338563       -2.447974       2.4564152       1.6772535       1.2313117       0.67719241     
2.588           302.19872       35.896176       9.1217003       -2.4232646      2.3884772       1.6253012       1.2097817       0.66153487     
2.592           301.66341       35.803875       9.0450305       -2.4380638      2.3165863       1.574558        1.1874984       0.64239751     
2.596           301.24344       35.774836       8.9669875       -2.4397836      2.245898        1.5286277       1.1695754       0.62731197     
2.6             300.51781       35.879976       8.9435711       -2.4589965      2.174806        1.4846278       1.1521527       0.60901154     
2.604           300.01864       35.858114       8.8163709       -2.3898486      2.1035981       1.4431571       1.1373063       0.59292776     
2.608           299.64842       35.713087       8.8111673       -2.2855124      2.0312359       1.4044966       1.1241237       0.57756398     
2.612           299.20074       35.50911        8.5256706       -2.1722606      1.9604155       1.3687214       1.1063833       0.56489346     
2.616           298.72928       35.241384       8.218453        -2.0842845      1.8881886       1.3313318       1.0781737       0.54128458     
2.62            298.5541        35.06432        8.1319153       -1.9611253      1.8183265       1.2968112       1.069866        0.52645268     
2.624           298.74496       34.936842       8.0614176       -1.8762693      1.7488606       1.2629037       1.0699815       0.508333       
2.628           298.70713       34.726432       7.9306196       -1.8117626      1.6826563       1.2321907       1.073014        0.49246653     
2.632           298.47908       34.502956       7.7465755       -1.7764233      1.6194456       1.2044545       1.0755024       0.4769216      
2.636           298.2379        34.242413       7.4920277       -1.753685       1.5560701       1.1773568       1.0781556       0.4608678      
2.64            297.95242       34.017177       7.1944492       -1.6979104      1.4933244       1.1508702       1.0762849       0.44416713     
2.644           297.71584       33.724038       6.9804055       -1.6628239      1.4328746       1.1259397       1.0709622       0.42827869     
2.648           297.43807       33.498763       6.7294342       -1.6124003      1.3730781       1.1009383       1.0618044       0.41196242     
2.652           297.17223       33.233138       6.4842918       -1.558678       1.3168085       1.0771577       1.051737        0.39756836     
2.656           296.93387       33.051275       6.2491025       -1.5113562      1.2607403       1.0519377       1.0386037       0.3814498      
2.66            296.67185       32.799019       6.0390353       -1.4475418      1.2032249       1.0253302       1.0221561       0.36112782     
2.664           296.39138       32.532833       5.8075544       -1.35249        1.149291        1.0005243       1.0076254       0.34408749     
2.668           296.15689       32.339942       5.6013735       -1.2530912      1.0959453       0.97428259      0.99842487      0.32571634     
2.672           295.82148       32.118591       5.4192303       -1.15537        1.0434246       0.94718399      0.97782153      0.30662951     
2.676           295.44409       31.844593       5.1989528       -1.0809034      0.99245015      0.92078193      0.94875673      0.28787987     
2.68            295.10935       31.656727       4.9996895       -1.0067233      0.94403754      0.89536387      0.91916351      0.27152887     
2.685           294.63618       31.387669       4.8474267       -0.92903556     0.92169694      0.88235944      0.91011009      0.26900046     
2.69            294.42129       31.300168       4.6723376       -0.884394       0.85276036      0.83881227      0.85962304      0.2378593      
2.695           293.74676       31.052468       4.487383        -0.85132733     0.78986985      0.799005        0.81148207      0.20930612     
2.7             293.32758       30.84455        4.312997        -0.80184313     0.73742179      0.76113844      0.77227172      0.18312688     
2.705           292.84119       30.699395       4.1530818       -0.76968858     0.68822182      0.72193382      0.73553964      0.1562187      
2.71            292.27672       30.591574       4.0706627       -0.75558616     0.64038611      0.68325581      0.69720269      0.12737534     
2.715           291.51996       30.320008       3.9338238       -0.74947813     0.5933293       0.64530312      0.65581595      0.096553002    
2.72            290.82113       30.141141       3.769357        -0.73017286     0.55037948      0.61016535      0.61343295      0.067418166    
2.725           290.11523       30.131695       3.6240509       -0.71267378     0.50964026      0.57601974      0.57622588      0.038104718    
2.73            289.16839       29.87051        3.4976835       -0.69696874     0.4712579       0.54507558      0.53843921      0.0095377251   
2.735           288.2662        29.689648       3.34338         -0.69137337     0.43554503      0.51397164      0.49783831      -0.019834056   
2.74            287.56062       29.454007       3.2215614       -0.69112343     0.40235025      0.48045815      0.45884427      -0.048125286   
2.745           286.59621       29.138625       3.1203258       -0.68352388     0.37229844      0.4486242       0.42276939      -0.074744819   
2.75            285.43239       28.677468       3.0041502       -0.68328927     0.34248762      0.41611949      0.38620642      -0.10240896    
2.755           284.42203       28.330051       2.9069645       -0.69753835     0.31263123      0.38270951      0.35038844      -0.12865732    
2.76            283.3487        27.895863       2.8327906       -0.7017536      0.28780483      0.34858761      0.31293979      -0.1588218     
2.765           282.19969       27.393645       2.7386029       -0.71953264     0.26275284      0.31581897      0.27766901      -0.18408506    
2.77            280.89577       26.741124       2.64337         -0.73320491     0.23176281      0.28263817      0.24329859      -0.21166366    
2.775           279.61305       26.101186       2.5705749       -0.83025018     0.20025287      0.25015377      0.20776714      -0.2368513     
2.78            278.31375       25.469797       2.487928        -0.86639964     0.17686573      0.22050037      0.17303327      -0.2571058     
2.785           276.91339       24.761959       2.4100762       -0.88978964     0.16063179      0.18564557      0.13026752      -0.29406348    
2.79            275.46691       24.040424       2.3251601       -0.90593667     0.1481868       0.15488112      0.097123569     -0.31506927    
2.795           273.92953       23.288429       2.2464625       -0.92953804     0.12647098      0.12338034      0.061952367     -0.34297061    
2.8             272.35875       22.52205        2.2213355       -0.96855718     0.098888978     0.091513285     0.027775569     -0.36783532    
2.805           270.8326        21.839838       2.1763115       -0.98843292     0.073748276     0.06441696      -0.0017960661   -0.39024479    
2.81            269.21752       21.155565       2.109995        -0.97080061     0.049237852     0.036963884     -0.03056188     -0.4108726     
2.815           267.53908       20.491615       2.0668447       -1.0127235      0.026376122     0.011545767     -0.057108734    -0.43043275    
2.82            265.84024       19.838132       2.0425371       -1.0688547      0.0024961484    -0.014914304    -0.084874387    -0.45152412    
2.825           264.12991       19.202718       2.008104        -1.117374       -0.019705657    -0.039348802    -0.11042441     -0.47008093    
2.83            262.41478       18.597943       1.9881001       -1.1093432      -0.042503243    -0.063794905    -0.1358413      -0.48887831    
2.835           260.61059       18.010949       1.9440869       -1.1599199      -0.065525454    -0.087931934    -0.16077056     -0.50708997    
2.84            258.84223       17.466371       1.9387001       -1.2408463      -0.087164533    -0.10966042     -0.18286541     -0.52237537    
2.845           257.08962       16.955837       1.9076573       -1.290452       -0.10791894     -0.12989798     -0.20356026     -0.53679072    
2.85            255.354         16.489098       1.8880587       -1.3444055      -0.1299747      -0.15007163     -0.22396722     -0.55152224    
2.855           253.60411       16.009055       1.8712002       -1.3878597      -0.15197661     -0.17012984     -0.24469627     -0.56737184    
2.86            251.90546       15.589848       1.8596401       -1.4308828      -0.17280506     -0.18721547     -0.26095976     -0.57695629    
2.865           250.19091       15.175189       1.8300376       -1.4911371      -0.19484271     -0.20524934     -0.27852492     -0.58934293    
2.87            248.52613       14.832171       1.8134579       -1.6053263      -0.21645443     -0.22236356     -0.2951234      -0.60094505    
2.875           246.85581       14.5369         1.8135525       -1.6347243      -0.23716836     -0.23851039     -0.31065285     -0.6115222     
2.88            245.2127        14.249073       1.8066276       -1.6428414      -0.25976353     -0.25606859     -0.32743611     -0.62380097    
2.885           243.62419       13.978545       1.7964638       -1.6288146      -0.28027431     -0.27144275     -0.34189211     -0.63370813    
2.89            242.08378       13.666385       1.7869052       -1.6057957      -0.30141387     -0.28734292     -0.35685946     -0.64442971    
2.895           240.57167       13.366413       1.7556939       -1.5695706      -0.32151698     -0.30208396     -0.37058372     -0.65385724    
2.9             239.04105       13.071727       1.6888885       -1.5451658      -0.34183422     -0.31663014     -0.3838813      -0.66284445    
2.905           237.72774       12.79259        1.6345856       -1.4896754      -0.36241626     -0.33161886     -0.39761707     -0.67280618    
2.91            236.31384       12.521521       1.6063512       -1.4488455      -0.38188413     -0.34565754     -0.41030111     -0.68198457    
2.915           234.97699       12.283186       1.5657398       -1.4271885      -0.40177796     -0.36065855     -0.42419438     -0.69244598    
2.92            233.65354       12.017617       1.5211589       -1.410648       -0.41967234     -0.373859       -0.43605085     -0.70124026    
2.925           232.35441       11.814532       1.4268309       -1.3987957      -0.43740682     -0.38610621     -0.44639012     -0.70787406    
2.93            231.15957       11.5934         1.3609193       -1.3920387      -0.45529145     -0.39907484     -0.45783089     -0.71637894    
2.935           230.01236       11.430759       1.3242954       -1.3799399      -0.47451453     -0.41291686     -0.46985667     -0.72513293    
2.94            228.92811       11.254718       1.2561302       -1.3724877      -0.49369832     -0.42645295     -0.4815357      -0.7337725     
2.945           227.89483       11.064531       1.1778294       -1.3572533      -0.51289207     -0.44024628     -0.49368516     -0.74319347    
2.95            226.92207       10.861769       1.0293705       -1.3095972      -0.53016795     -0.45214607     -0.50379569     -0.75034992    
2.955           225.93536       10.686108       0.88473023      -1.2617888      -0.54846031     -0.46529055     -0.51498585     -0.75849031    
2.96            225.12587       10.533504       0.77354847      -1.2246471      -0.56570285     -0.47642545     -0.52294641     -0.76222258    
2.965           224.44997       10.399023       0.64316199      -1.1853187      -0.58287843     -0.49056553     -0.53781539     -0.77849969    
2.97            223.69181       10.356167       0.55575338      -1.1417319      -0.60013627     -0.50308017     -0.54804587     -0.78504348    
2.975           222.95434       10.333815       0.47267936      -1.107644       -0.6154633      -0.51421042     -0.55779833     -0.79362443    
2.98            222.28183       10.296305       0.37624911      -1.076828       -0.63120391     -0.52608997     -0.56828184     -0.80176402    
2.985           221.67821       10.291429       0.27402239      -1.0477258      -0.64607234     -0.53708724     -0.57833786     -0.81016517    
2.99            221.1327        10.291019       0.18164264      -1.0220648      -0.66175533     -0.54849252     -0.5888292      -0.81846213    
2.995           220.56765       10.327809       0.096722418     -0.99425769     -0.67500464     -0.55875085     -0.59828478     -0.82637231    
3               220.13906       10.331829       0.039680904     -0.96717581     -0.68778665     -0.56995975     -0.6077439      -0.83412397    
3.0066667       219.45667       10.322617       0.049893815     -0.97946783     -0.68582297     -0.56592022     -0.60275141     -0.825445      
3.0133333       219.1767        10.419164       -0.0085679546   -0.99257804     -0.71391138     -0.59367863     -0.62659996     -0.84563593    
3.02            218.74798       10.425288       -0.041271684    -0.9931282      -0.73517921     -0.61488272     -0.64447522     -0.86056435    
3.0266667       218.18692       10.446488       -0.068032178    -1.0011837      -0.75320832     -0.63234713     -0.65927172     -0.87297692    
3.0333333       217.5673        10.465979       -0.057577931    -0.99017393     -0.76654744     -0.64621017     -0.67005697     -0.88078166    
3.04            216.91088       10.490898       -0.026578543    -0.98750779     -0.78121439     -0.66230091     -0.68418773     -0.89346036    
3.0466667       216.21308       10.438881       -0.009299554    -0.99573527     -0.79438499     -0.67692491     -0.69702472     -0.90426736    
3.0533333       215.46222       10.336176       0.009109116     -0.96423629     -0.80692986     -0.69173422     -0.71030903     -0.91582981    
3.06            214.6434        10.200589       0.029041492     -0.9663071      -0.81879409     -0.70607432     -0.72347382     -0.92710976    
3.0666667       214.02183       10.045306       0.076001415     -1.0087844      -0.82977325     -0.71938297     -0.73576268     -0.93758857    
3.0733333       213.25503       9.9038941       0.10157152      -1.0434116      -0.84249171     -0.73394652     -0.74911046     -0.94899447    
3.08            212.36202       9.5612028       0.10965199      -1.0785606      -0.85233709     -0.74662195     -0.7610593      -0.95893057    
3.0866667       211.50251       9.2537921       0.15096852      -1.0987303      -0.86270342     -0.75970003     -0.77351304     -0.96997556    
3.0933333       210.53644       8.8838752       0.17962416      -1.1182827      -0.87225386     -0.7726073      -0.78589283     -0.97993933    
3.1             209.50111       8.5116614       0.21367494      -1.1240813      -0.88045471     -0.78481445     -0.79819092     -0.99104945    
3.1066667       208.4746        8.1660805       0.24591213      -1.146285       -0.88857882     -0.79678845     -0.81008677     -1.0011936     
3.1133333       207.57369       7.8621528       0.28857295      -1.1746227      -0.89660799     -0.80915478     -0.82280368     -1.0126451     
3.12            206.69923       7.6123885       0.31052444      -1.1968254      -0.90758789     -0.82319386     -0.83687214     -1.0251672     
3.1266667       205.69425       7.2700493       0.3409797       -1.2015632      -0.91510562     -0.83494303     -0.84880011     -1.0354286     
3.1333333       204.76409       7.0443195       0.37717466      -1.2044547      -0.92401021     -0.84803255     -0.86187506     -1.0464198     
3.14            203.61825       6.6931483       0.37063578      -1.2236118      -0.93433372     -0.86168941     -0.87610313     -1.059325      
3.1466667       202.48663       6.4047153       0.37198145      -1.2495414      -0.94691366     -0.87564931     -0.88999441     -1.0712896     
3.1533333       201.27152       6.0465547       0.3486172       -1.2800516      -0.95662607     -0.88601063     -0.90007976     -1.0784388     
3.16            200.1236        5.7411458       0.33498793      -1.3055616      -0.97005873     -0.90017868     -0.91484182     -1.0919172     
3.1666667       198.95805       5.4142267       0.32292554      -1.3118733      -0.981438       -0.91170138     -0.92635196     -1.1010365     
3.1733333       197.89514       5.1744179       0.33203361      -1.3016788      -0.99146528     -0.92206994     -0.93675583     -1.1091327     
3.18            196.70488       4.9535255       0.34087157      -1.2833247      -1.0011284      -0.93219152     -0.94687617     -1.1168537     
3.1866667       195.49791       4.7824169       0.33877894      -1.2682851      -1.0111607      -0.94264413     -0.95728416     -1.124662      
3.1933333       194.34056       4.6279393       0.33121312      -1.2532427      -1.0210542      -0.95295086     -0.96754131     -1.1322804     
3.2             193.19927       4.4936471       0.30589062      -1.2474757      -1.03261        -0.96551791     -0.98038318     -1.1434344     
3.2066667       192.14289       4.3646325       0.27006324      -1.2439184      -1.0420952      -0.97584372     -0.99061907     -1.1509979     
3.2133333       191.02974       4.2522461       0.24277303      -1.2318237      -1.0514531      -0.98571249     -1.000219       -1.1575807     
3.22            189.92342       4.1644063       0.21443689      -1.2108107      -1.0612978      -0.99585521     -1.0102483      -1.1648667     
3.2266667       188.8014        4.0797291       0.18495198      -1.1872642      -1.0706657      -1.0054936      -1.0198202      -1.1715322     
3.2333333       187.65897       3.9702991       0.15189365      -1.1775212      -1.0798844      -1.0146882      -1.0289121      -1.1778754     
3.24            186.79666       3.8851234       0.12081828      -1.1590726      -1.0889009      -1.0238261      -1.0380145      -1.1840061     
3.2466667       185.76          3.7898857       0.091842368     -1.1327377      -1.098131       -1.0329193      -1.0470675      -1.1903107     
3.2533333       184.66873       3.6913269       0.059238525     -1.1109151      -1.1068596      -1.0413263      -1.0552507      -1.1953094     
3.26            183.65987       3.5885514       0.020583618     -1.0967752      -1.1163364      -1.0503088      -1.0638164      -1.2003293     
3.2666667       182.66629       3.4973014       -0.018484198    -1.0744509      -1.125124       -1.0587396      -1.0719008      -1.2051192     
3.2733333       181.64594       3.3978621       -0.044973011    -1.052617       -1.1341177      -1.0674018      -1.0802824      -1.2102614     
3.28            180.55901       3.2956559       -0.068829147    -1.0377252      -1.1425872      -1.0754268      -1.0878953      -1.2142491     
3.2866667       179.46369       3.1939258       -0.089756251    -1.0210225      -1.1509872      -1.0836106      -1.095696       -1.2185258     
3.2933333       178.38805       3.08825         -0.11620507     -1.0097719      -1.1594955      -1.0922967      -1.1041761      -1.2239281     
3.3             177.46635       2.9762847       -0.13437643     -0.99833024     -1.1678071      -1.1011597      -1.1127656      -1.2292172     
3.3066667       176.78831       2.8302359       -0.14097345     -0.98691326     -1.1754753      -1.1091738      -1.1205798      -1.2337542     
3.3133333       176.24474       2.632473        -0.15189754     -0.97669758     -1.1848871      -1.1175384      -1.1288536      -1.2390742     
3.32            175.02965       2.5707672       -0.16077977     -0.99506247     -1.1928668      -1.1255676      -1.1365206      -1.2433938     
3.3266667       174.21423       2.5168894       -0.1391035      -0.98871715     -1.1974761      -1.1327013      -1.143548       -1.2472579     
3.3333333       173.72471       2.4698426       -0.11675059     -0.96298653     -1.2019326      -1.1405086      -1.1511529      -1.2517662     
3.34            173.13637       2.4198148       -0.098643947    -0.95227376     -1.2055129      -1.1474704      -1.1578821      -1.2552692     
3.3466667       172.59311       2.3975199       -0.083260527    -0.95636717     -1.2080655      -1.1543967      -1.1646583      -1.2590191     
3.3533333       172.16559       2.3773898       -0.065324708    -0.94904969     -1.2129121      -1.1627237      -1.1730696      -1.265182      
3.36            171.771         2.3635296       -0.046375527    -0.93768533     -1.2123617      -1.1695736      -1.179594       -1.2681584     
3.3666667       171.36772       2.3685347       -0.025300248    -0.91780585     -1.2126893      -1.1769379      -1.1868792      -1.2728405     
3.3733333       170.96986       2.3030057       -0.01085439     -0.92089648     -1.2154274      -1.1836519      -1.1933577      -1.2764485     
3.38            170.48902       2.2320283       0.0024807107    -0.93066591     -1.2213148      -1.1900064      -1.1995465      -1.280056      
3.3866667       169.87981       2.1584938       0.014250979     -0.94421896     -1.2275699      -1.1963828      -1.2055295      -1.2833911     
3.3933333       169.62967       2.1097424       0.021620082     -0.97767473     -1.2349727      -1.2035122      -1.2125271      -1.2882229     
3.4             169.13184       2.0492495       0.026779228     -0.98287647     -1.2413454      -1.2099683      -1.2188837      -1.2924397     
3.4066667       168.59469       1.9538789       0.024240168     -0.99272587     -1.2471481      -1.2153409      -1.2238025      -1.2948194     
3.4133333       168.04334       1.9346535       0.013309267     -0.99138496     -1.2537403      -1.2222789      -1.2309783      -1.3006919     
3.42            167.76029       1.8929247       -0.00054802571  -0.99492788     -1.2590507      -1.227631       -1.236184       -1.304194      
3.4266667       167.28387       1.871974        -0.015011513    -1.0093731      -1.2644196      -1.2334282      -1.2418359      -1.3081955     
3.4333333       166.61764       1.8461028       -0.035121567    -1.0045364      -1.2693099      -1.2388275      -1.247129       -1.311844      
3.44            165.93656       1.8130904       -0.063336539    -0.99388954     -1.2745316      -1.2440332      -1.2521621      -1.3153384     
3.4466667       165.28697       1.7833017       -0.086869813    -0.99301708     -1.2800951      -1.2493086      -1.2575522      -1.3201756     
3.4533333       164.55595       1.7545754       -0.11633271     -0.9846782      -1.2842282      -1.2528756      -1.2606402      -1.3213634     
3.46            163.84401       1.719976        -0.14894198     -0.98794006     -1.2899395      -1.2584948      -1.265941       -1.3251936     
3.4666667       163.28812       1.7005856       -0.17320944     -0.97136431     -1.2930368      -1.2618162      -1.2690438      -1.3271038     
3.4733333       162.55075       1.6567488       -0.1953289      -0.94754449     -1.2990009      -1.2682073      -1.2751603      -1.3319089     
3.48            161.76223       1.6531621       -0.21767245     -0.89569415     -1.3006043      -1.270323       -1.2768504      -1.3321821     
3.4866667       160.90335       1.6463061       -0.2390682      -0.86435273     -1.305457       -1.2765186      -1.2827402      -1.3367385     
3.4933333       160.05643       1.6693024       -0.25516489     -0.83202421     -1.3062036      -1.2786937      -1.2847967      -1.3378127     
3.5             159.16249       1.7033298       -0.27551974     -0.79531482     -1.3108779      -1.2843727      -1.2901144      -1.341808      
3.5066667       158.25483       1.7512206       -0.29008939     -0.77187769     -1.312587       -1.2871294      -1.292752       -1.3437798     
3.5133333       157.28897       1.774108        -0.30832384     -0.77128382     -1.3175899      -1.2932091      -1.2986782      -1.3488304     
3.52            156.35307       1.8766688       -0.31921791     -0.77684191     -1.3187423      -1.2950768      -1.30018        -1.3494077     
3.5266667       155.34416       1.9430384       -0.32758968     -0.77667869     -1.3233656      -1.300452       -1.3054223      -1.3540549     
3.5333333       154.31144       1.9939653       -0.33748276     -0.7865651      -1.326337       -1.3036891      -1.3084567      -1.356295      
3.54            153.32327       2.026996        -0.3435788      -0.8085616      -1.3307198      -1.3083688      -1.3128255      -1.3599539     
3.5466667       152.29805       2.0877013       -0.34589824     -0.82830883     -1.3326803      -1.311003       -1.3154115      -1.3620534     
3.5533333       151.14581       2.1427416       -0.34654799     -0.85760646     -1.3371833      -1.3160386      -1.3201192      -1.3662954     
3.56            150.08102       2.2003259       -0.34569128     -0.86986364     -1.3382534      -1.3179743      -1.3220428      -1.3678233     
3.5666667       149.00915       2.2527304       -0.35098093     -0.88698107     -1.3426984      -1.3230755      -1.3268533      -1.3719696     
3.5733333       147.9111        2.294698        -0.36700563     -0.89560595     -1.3439241      -1.3249158      -1.3287723      -1.3733751     
3.58            146.78874       2.3287427       -0.37939852     -0.91251184     -1.3480392      -1.3293229      -1.3330107      -1.3770272     
3.5866667       145.67573       2.3564246       -0.39120681     -0.92131428     -1.347745       -1.3306501      -1.3343106      -1.3776586     
3.5933333       144.54716       2.3724535       -0.39923585     -0.93675787     -1.3492603      -1.3344064      -1.3378842      -1.380346      
3.6             143.42389       2.3937962       -0.39931671     -0.95370176     -1.3482431      -1.3362768      -1.3397029      -1.3812013     
3.6066667       142.31458       2.413679        -0.4010366      -0.97657036     -1.3484221      -1.3401589      -1.3437498      -1.3847499     
3.6133333       141.20613       2.4298382       -0.4058221      -0.99943987     -1.3468712      -1.3429195      -1.346703       -1.3871512     
3.62            140.06139       2.443034        -0.4090609      -1.0196146      -1.3420914      -1.3464414      -1.350158       -1.3897963     
3.6266667       138.9224        2.4478836       -0.40897911     -1.0406579      -1.3406335      -1.3494813      -1.3530923      -1.3915711     
3.6333333       137.84123       2.4525801       -0.4102621      -1.0606895      -1.3413979      -1.3523731      -1.3559845      -1.3936069     
3.64            136.69871       2.4536908       -0.41061716     -1.0757111      -1.3440363      -1.3558325      -1.3592644      -1.3958776     
3.6466667       135.55          2.4516941       -0.40989499     -1.0952596      -1.3454614      -1.3582138      -1.3616216      -1.3974741     
3.6533333       134.37709       2.4495424       -0.40697565     -1.1174731      -1.3486584      -1.361729       -1.3650868      -1.4000953     
3.66            133.21523       2.4502432       -0.4046976      -1.1407529      -1.3499283      -1.3636002      -1.3669327      -1.401118      
3.6666667       132.02515       2.442296        -0.40642297     -1.1625101      -1.3530667      -1.3669809      -1.3701602      -1.4033572     
3.6733333       130.80918       2.4314436       -0.40803875     -1.181066       -1.3551117      -1.3687656      -1.371655       -1.4036974     
3.68            129.58221       2.4210008       -0.40577775     -1.1966899      -1.3584071      -1.3716313      -1.3744053      -1.4055105     
3.6866667       128.37512       2.4055943       -0.40804319     -1.2109291      -1.3608457      -1.3737792      -1.3763983      -1.4065159     
3.6933333       127.15635       2.3892232       -0.40986134     -1.2241846      -1.3642497      -1.3766808      -1.3791506      -1.4085108     
3.7             125.95395       2.3830765       -0.41245269     -1.2365506      -1.3670536      -1.3790887      -1.3814153      -1.4099897     
3.7066667       124.74506       2.3659671       -0.41841474     -1.2506481      -1.3698259      -1.3815867      -1.3838884      -1.4118296     
3.7133333       123.49854       2.3455888       -0.41965528     -1.2614953      -1.3723694      -1.3836209      -1.3859822      -1.4135254     
3.72            122.25384       2.3178163       -0.42543178     -1.2741697      -1.3757208      -1.386613       -1.3890733      -1.4162809     
3.7266667       121.0404        2.2927681       -0.42607367     -1.2817091      -1.378593       -1.3886113      -1.3909837      -1.4177703     
3.7333333       119.86261       2.2639114       -0.42911427     -1.2907086      -1.3828484      -1.3921324      -1.3945325      -1.4210653     
3.74            118.68277       2.2341813       -0.42967612     -1.2984539      -1.385056       -1.3939343      -1.396413       -1.422839      
3.7466667       117.56312       2.1938094       -0.43461124     -1.3094836      -1.3894123      -1.3981404      -1.4007049      -1.4270711     
3.7533333       116.43935       2.1554826       -0.43561961     -1.3154365      -1.3915183      -1.4000387      -1.4025777      -1.4289851     
3.76            115.35532       2.1130223       -0.43883621     -1.3238218      -1.3952668      -1.4034298      -1.405798       -1.4320554     
3.7666667       114.30995       2.0664021       -0.43915163     -1.3277241      -1.3973368      -1.4049835      -1.4071651      -1.4333587     
3.7733333       113.3188        2.0178475       -0.43983062     -1.3358233      -1.4009932      -1.4081576      -1.4101714      -1.43635       
3.78            112.46516       1.9641076       -0.44123447     -1.3426306      -1.4031678      -1.4099027      -1.4119843      -1.438441      
3.7866667       111.64504       1.9065104       -0.44370712     -1.3495013      -1.406147       -1.4122575      -1.4140673      -1.4404233     
3.7933333       110.86614       1.8515107       -0.4430256      -1.3537715      -1.408281       -1.4136098      -1.4151554      -1.4415573     
3.8             110.13038       1.7953619       -0.44198199     -1.3602976      -1.4119288      -1.4165752      -1.4178806      -1.4442659     
3.8066667       109.45534       1.7454755       -0.43908609     -1.3693736      -1.4139252      -1.4178521      -1.4189131      -1.4454108     
3.8133333       108.78214       1.6903936       -0.43967123     -1.3743208      -1.4180962      -1.4212573      -1.4220803      -1.4487844     
3.82            108.27452       1.6564114       -0.43931735     -1.3770216      -1.4199993      -1.4222032      -1.4226731      -1.4494561     
3.8266667       107.77536       1.6362639       -0.44275904     -1.3811905      -1.4243528      -1.4257129      -1.4259575      -1.4529467     
3.8333333       107.24201       1.6052595       -0.44251712     -1.3814989      -1.4260627      -1.4266497      -1.4267454      -1.4539487     
3.84            106.70082       1.5450343       -0.44754521     -1.3864256      -1.4310379      -1.4303362      -1.4299616      -1.4567902     
3.8466667       106.20486       1.4937756       -0.4479575      -1.3859918      -1.4325275      -1.431122       -1.4307538      -1.4576917     
3.8533333       105.76914       1.4363236       -0.45369975     -1.388223       -1.4364139      -1.4337502      -1.4330309      -1.4596806     
3.86            105.41347       1.378933        -0.45545894     -1.3847268      -1.4390348      -1.4353697      -1.4343984      -1.4608836     
3.8666667       105.01956       1.3128494       -0.45796728     -1.3816816      -1.4419816      -1.4373106      -1.4361163      -1.4622808     
3.8733333       104.50997       1.240528        -0.4624325      -1.3785343      -1.4449761      -1.4394575      -1.4381073      -1.4645157     
3.88            104.00206       1.1707749       -0.46419648     -1.3749529      -1.4473039      -1.4407643      -1.4391432      -1.4653522     
3.8866667       103.52839       1.1003673       -0.46698662     -1.3703489      -1.4497998      -1.4425738      -1.4407595      -1.4668762     
3.8933333       103.05865       1.0673696       -0.4701521      -1.362973       -1.4520393      -1.4440683      -1.4420137      -1.4679908     
3.9             102.6115        1.0477182       -0.47599705     -1.3486585      -1.4546265      -1.445772       -1.4435142      -1.4692823     
3.9066667       102.19848       1.0134828       -0.48061794     -1.3322318      -1.4571992      -1.4473928      -1.4448499      -1.4703669     
3.9133333       101.76402       0.98464112      -0.48737585     -1.3258656      -1.45932        -1.4487913      -1.4460416      -1.4713376     
3.92            101.30958       0.97333908      -0.49288745     -1.3193826      -1.4610627      -1.4499706      -1.4470812      -1.4722068     
3.9266667       100.80841       0.97207333      -0.49978299     -1.3136127      -1.4630601      -1.4514711      -1.4484165      -1.4732534     
3.9333333       100.32944       0.98728819      -0.50776145     -1.3082931      -1.4648795      -1.452502       -1.4491472      -1.473545      
3.94            99.826338       1.0136399       -0.51503053     -1.3016434      -1.4669362      -1.4539295      -1.4503938      -1.4744704     
3.9466667       99.279007       1.0450846       -0.52295706     -1.2939937      -1.4687709      -1.4549799      -1.4510872      -1.4747184     
3.9533333       98.826935       1.0849374       -0.53208584     -1.2864231      -1.4709612      -1.4567759      -1.4528319      -1.4762769     
3.96            98.294615       1.1273673       -0.54257009     -1.292232       -1.4724025      -1.4578059      -1.4536411      -1.4767053     
3.9666667       97.7545         1.1702284       -0.55327535     -1.2922528      -1.4740471      -1.4590514      -1.4547117      -1.477531      
3.9733333       97.226042       1.2241531       -0.55946962     -1.2884301      -1.4756662      -1.4604982      -1.4560722      -1.4786721     
3.98            96.702472       1.273244        -0.5670756      -1.2859206      -1.4768919      -1.4614999      -1.456988       -1.4792876     
3.9866667       96.177864       1.3199038       -0.57644681     -1.2856581      -1.479287       -1.4635993      -1.4588497      -1.4806615     
3.9933333       95.660799       1.3677595       -0.58382098     -1.283758       -1.4798589      -1.4640569      -1.4592407      -1.4808687     
4               95.141898       1.4124587       -0.59295409     -1.284371       -1.4829242      -1.4668323      -1.4618128      -1.4828845     
4.0066667       94.630012       1.4466753       -0.60025316     -1.2834763      -1.4833049      -1.4671471      -1.4619693      -1.4824012     
4.0133333       94.113861       1.4675579       -0.6086846      -1.2838682      -1.4851199      -1.4689728      -1.4637074      -1.4836381     
4.02            93.619383       1.5210254       -0.61551975     -1.2818288      -1.4856262      -1.4695692      -1.4642651      -1.4839376     
4.0266667       93.145153       1.5487094       -0.62422937     -1.2815355      -1.487989       -1.4719702      -1.4664817      -1.4857338     
4.0333333       92.68768        1.5654856       -0.63224358     -1.2764159      -1.4878596      -1.4720403      -1.4664873      -1.4856475     
4.04            92.222665       1.5739212       -0.64080507     -1.273697       -1.4893969      -1.4736446      -1.4678931      -1.4867091     
4.0466667       91.791143       1.577799        -0.65044485     -1.2711006      -1.4909413      -1.4753426      -1.4695215      -1.488253      
4.0533333       91.408057       1.5771432       -0.65867382     -1.2670508      -1.4913735      -1.4760204      -1.4700596      -1.4885688     
4.06            91.023621       1.5683958       -0.66775191     -1.2630859      -1.4928281      -1.4775928      -1.4715481      -1.4899119     
4.0666667       90.641605       1.5556752       -0.67576803     -1.2574178      -1.4931778      -1.4782849      -1.4722307      -1.4905764     
4.0733333       90.274015       1.5359146       -0.68624724     -1.253454       -1.4948563      -1.4800881      -1.4739258      -1.4921921     
4.08            89.872106       1.5122076       -0.69213344     -1.2470305      -1.4947093      -1.4801947      -1.4739967      -1.4921804     
4.0866667       89.497363       1.4835813       -0.70134103     -1.2416346      -1.4957886      -1.4814872      -1.4752347      -1.4935842     
4.0933333       89.117801       1.4497894       -0.70932488     -1.2354379      -1.4961962      -1.4821653      -1.4759328      -1.4942887     
4.1             88.736771       1.4117826       -0.71703638     -1.230447       -1.4978033      -1.4839614      -1.4776753      -1.4961258     
4.1066667       88.375873       1.3754751       -0.722302       -1.224222       -1.4974784      -1.4838069      -1.4774861      -1.4959256     
4.1133333       88.021992       1.3299517       -0.72934665     -1.2192851      -1.4989907      -1.4853772      -1.4789976      -1.4975541     
4.12            87.666389       1.2842968       -0.7334226      -1.2120385      -1.4989909      -1.485533       -1.479081       -1.497653      
4.1266667       87.303509       1.2306973       -0.7407065      -1.2075069      -1.5003966      -1.4871993      -1.4806356      -1.4991332     
4.1333333       86.922638       1.181015        -0.74404082     -1.2004106      -1.4995608      -1.4867636      -1.4802367      -1.498922      
4.14            86.546781       1.1283324       -0.7498489      -1.195172       -1.5000302      -1.4874628      -1.4808245      -1.4994712     
4.1466667       86.150438       1.0847296       -0.75547371     -1.1902266      -1.5008374      -1.4885538      -1.4819057      -1.5006504     
4.1533333       85.753642       1.050609        -0.75978253     -1.1873202      -1.5004451      -1.4886027      -1.4820305      -1.5009379     
4.16            85.324109       1.0277651       -0.76667812     -1.1861402      -1.501714       -1.4903305      -1.4838063      -1.5027818     
4.1666667       84.875736       1.0156917       -0.77152169     -1.1822233      -1.5009484      -1.4899253      -1.4834379      -1.5026113     
4.1733333       84.411279       1.0140975       -0.77795331     -1.1797576      -1.5020321      -1.4912932      -1.4847217      -1.5037312     
4.18            83.947534       1.0311423       -0.78043007     -1.1754765      -1.5013645      -1.4910072      -1.4844829      -1.5036246     
4.1866667       83.475834       1.0566564       -0.78557384     -1.172374       -1.5022221      -1.4922375      -1.4856612      -1.5046966     
4.1933333       82.990488       1.0749425       -0.7891982      -1.1687078      -1.5012615      -1.4916166      -1.4850005      -1.5040006     
4.2             82.502358       1.0924273       -0.79289034     -1.1669346      -1.501426       -1.4921008      -1.4853361      -1.5041286     
4.2066667       82.017223       1.1137225       -0.79603524     -1.1663967      -1.5014696      -1.4924729      -1.4855999      -1.5043619     
4.2133333       81.521288       1.1468845       -0.79819051     -1.1650386      -1.5005862      -1.4920067      -1.4850405      -1.5036496     
4.22            81.03701        1.1874667       -0.79982849     -1.1655891      -1.500447       -1.4921972      -1.4850371      -1.5033619     
4.2266667       80.551643       1.2304594       -0.80233201     -1.1668483      -1.5001187      -1.4924054      -1.4852262      -1.5033332     
4.2333333       80.073701       1.2735657       -0.80486868     -1.1696926      -1.5005981      -1.493291       -1.4860478      -1.5040954     
4.24            79.602017       1.3198763       -0.80562535     -1.1694744      -1.4998864      -1.4930072      -1.4857466      -1.5036703     
4.2466667       79.140933       1.3656963       -0.80821144     -1.1752381      -1.4998979      -1.493526       -1.4862113      -1.5040473     
4.2533333       78.700184       1.4172494       -0.81116426     -1.1815783      -1.5008931      -1.4949339      -1.4876458      -1.5056763     
4.26            78.288527       1.4592941       -0.81090911     -1.1835616      -1.5001475      -1.4947307      -1.487479       -1.5055246     
4.2666667       77.855397       1.5002054       -0.81304987     -1.1865195      -1.5005682      -1.495563       -1.4883126      -1.5063205     
4.2733333       77.429332       1.5401646       -0.81285358     -1.18926        -1.5003254      -1.4958085      -1.4885303      -1.5063341     
4.28            77.011452       1.5766729       -0.81389506     -1.1923047      -1.5011201      -1.497018       -1.4897539      -1.5075615     
4.2866667       76.60918        1.6145174       -0.81312402     -1.1953317      -1.5001339      -1.496934       -1.4896873      -1.5071879     
4.2933333       76.21287        1.6502815       -0.81304439     -1.1978446      -1.4999544      -1.4977113      -1.4903906      -1.5073083     
4.3             75.827995       1.6816945       -0.81254758     -1.2003392      -1.4998957      -1.4981319      -1.4907476      -1.5071503     
4.3066667       75.456389       1.7116189       -0.81153098     -1.2040811      -1.5004414      -1.4989221      -1.4914922      -1.5073595     
4.3133333       75.095807       1.7385327       -0.81290437     -1.2085149      -1.5015872      -1.5003214      -1.4928675      -1.508217      
4.32            74.748296       1.7624799       -0.81092001     -1.2102314      -1.501304       -1.5001454      -1.4926542      -1.5075635     
4.3266667       74.436761       1.7881847       -0.81016026     -1.2138972      -1.5025487      -1.5008594      -1.4933147      -1.5079854     
4.3333333       74.143729       1.8105931       -0.80910854     -1.2186487      -1.5031073      -1.5011687      -1.4935667      -1.5071202     
4.34            73.85075        1.8258185       -0.80793413     -1.2222238      -1.5039062      -1.5019106      -1.4942481      -1.5079252     
4.3466667       73.556799       1.8511791       -0.80806762     -1.227369       -1.5057085      -1.5039632      -1.4962833      -1.5100617     
4.3533333       73.256137       1.8624331       -0.80604626     -1.230101       -1.5048626      -1.5039299      -1.4963318      -1.5095181     
4.36            72.958785       1.8635298       -0.80578643     -1.2342255      -1.5059596      -1.5058673      -1.498238       -1.5105418     
4.3666667       72.665199       1.8672818       -0.80329571     -1.2379117      -1.5052411      -1.5059516      -1.4984171      -1.5099691     
4.3733333       72.368083       1.8697474       -0.80330683     -1.2429273      -1.5071752      -1.5082764      -1.5007828      -1.5114911     
4.38            72.076644       1.871813        -0.80102396     -1.2457653      -1.5067487      -1.5081826      -1.5008259      -1.5108043     
4.3866667       71.782317       1.8688295       -0.80024112     -1.2506924      -1.5079745      -1.5094693      -1.5020702      -1.511087      
4.3933333       71.485667       1.8645956       -0.79954531     -1.2559189      -1.5095441      -1.5109834      -1.5035591      -1.5118439     
4.4             71.187958       1.8612721       -0.79768724     -1.2594503      -1.5091806      -1.5107147      -1.5033479      -1.5110854     
4.4066667       70.887683       1.8559558       -0.79624303     -1.2632807      -1.5098211      -1.5115145      -1.5041362      -1.5114031     
4.4133333       70.58953        1.8496008       -0.79596349     -1.2683583      -1.5112831      -1.5128875      -1.5054433      -1.5123567     
4.42            70.292217       1.8439784       -0.79369046     -1.2710068      -1.5111185      -1.512807       -1.5053498      -1.5118826     
4.4266667       69.987262       1.837843        -0.79298505     -1.2744587      -1.5120037      -1.5137548      -1.5065311      -1.5126214     
4.4333333       69.681781       1.8319987       -0.79260987     -1.278429       -1.5132424      -1.5148858      -1.5076629      -1.5133548     
4.44            69.376682       1.8271825       -0.79138339     -1.2806682      -1.5128078      -1.5144934      -1.5071538      -1.5113413     
4.4466667       69.081455       1.8253969       -0.79079003     -1.2835134      -1.513314       -1.5149892      -1.5074709      -1.5107935     
4.4533333       68.789238       1.8214464       -0.79074618     -1.2861283      -1.5143239      -1.515962       -1.5083311      -1.5121237     
4.46            68.50609        1.8257047       -0.79010824     -1.2887812      -1.5143559      -1.5160008      -1.5083487      -1.5131285     
4.4666667       68.232549       1.8395344       -0.79153655     -1.2917435      -1.5162272      -1.5177403      -1.5099531      -1.5155287     
4.4733333       67.971545       1.8494517       -0.79073582     -1.2926192      -1.5160309      -1.5173835      -1.5095412      -1.5159275     
4.48            67.727995       1.8615013       -0.79188541     -1.2952311      -1.5171609      -1.5182981      -1.5103665      -1.5173945     
4.4866667       67.490668       1.8848234       -0.79298931     -1.3001625      -1.5178272      -1.5186614      -1.5107453      -1.5184315     
4.4933333       67.275315       1.9021638       -0.79471365     -1.301748       -1.5185349      -1.5190969      -1.5110457      -1.519421      
4.5             67.07143        1.9158005       -0.79659297     -1.3019541      -1.5192116      -1.5195847      -1.511332       -1.520374      
4.5066667       66.882783       1.9334315       -0.79836796     -1.3019925      -1.519834       -1.5200661      -1.511756       -1.5211552     
4.5133333       66.707757       1.9513042       -0.80079642     -1.3022079      -1.5210376      -1.5212407      -1.513051       -1.5227669     
4.52            66.546104       1.9702413       -0.80188302     -1.3012788      -1.5207544      -1.5209256      -1.5128732      -1.5226204     
4.5266667       66.394284       1.990302        -0.80369917     -1.3020389      -1.5212725      -1.5213625      -1.5134414      -1.5231368     
4.5333333       66.249649       2.0102063       -0.80621431     -1.3031599      -1.5222949      -1.5223215      -1.514555       -1.52433       
4.54            66.108536       2.0319423       -0.80772627     -1.3024501      -1.5219675      -1.5219476      -1.514317       -1.5243604     
4.5466667       65.958941       2.053025        -0.80994609     -1.3009264      -1.5223604      -1.522336       -1.5149332      -1.5251874     
4.5533333       65.818689       2.0743545       -0.81228903     -1.3008358      -1.522814       -1.5228232      -1.5156178      -1.52636       
4.56            65.688329       2.0966818       -0.81447305     -1.3019915      -1.5231881      -1.5232264      -1.5161624      -1.5275859     
4.57            65.267837       2.1301003       -0.80843528     -1.2939221      -1.5162015      -1.5175534      -1.5108291      -1.5222515     
4.58            65.344052       2.1876879       -0.81478769     -1.3018488      -1.5223965      -1.5222218      -1.5151462      -1.5267382     
4.59            65.190831       2.2158362       -0.82468221     -1.3047116      -1.5269741      -1.5266491      -1.5201714      -1.5326959     
4.6             64.994303       2.2488449       -0.8238452      -1.3000526      -1.526409       -1.5260587      -1.5200866      -1.5337242     
4.61            64.82831        2.2800781       -0.82692556     -1.2988743      -1.5284184      -1.5281609      -1.5226069      -1.5364416     
4.62            64.676938       2.3143206       -0.82739158     -1.2965351      -1.5282952      -1.5279526      -1.522709       -1.5370375     
4.63            64.527619       2.3442293       -0.82974466     -1.2981314      -1.5298309      -1.5294868      -1.5246884      -1.5397215     
4.64            64.391372       2.3761336       -0.83067249     -1.3001208      -1.5295901      -1.5294861      -1.5250337      -1.5410298     
4.65            64.256332       2.4052426       -0.83245762     -1.302976       -1.5299042      -1.530032       -1.5259585      -1.5429369     
4.66            64.12333        2.4301396       -0.83401014     -1.3053978      -1.5304295      -1.5308081      -1.5271162      -1.545165      
4.67            63.985523       2.4500046       -0.83470234     -1.3089263      -1.5300683      -1.5306949      -1.5273632      -1.546108      
4.68            63.851942       2.4676455       -0.8355314      -1.3109318      -1.530124       -1.5311712      -1.5282712      -1.547221      
4.69            63.720299       2.4826715       -0.83697943     -1.3122473      -1.5307451      -1.5323148      -1.5298883      -1.5488692     
4.7             63.589148       2.4967655       -0.83723593     -1.3123832      -1.530107       -1.5321887      -1.5301525      -1.5495493     
4.71            63.452404       2.5063496       -0.83818303     -1.3133972      -1.5306515      -1.5329069      -1.5312794      -1.5512372     
4.72            63.311549       2.5136251       -0.83969252     -1.3160488      -1.5321131      -1.5343371      -1.5332386      -1.553811      
4.73            63.168983       2.5189297       -0.83984399     -1.3171123      -1.5319003      -1.5343276      -1.5336359      -1.5548325     
4.74            63.020802       2.5211788       -0.84135551     -1.3193304      -1.5331804      -1.5356553      -1.5354531      -1.5574418     
4.75            62.866232       2.5198986       -0.84168514     -1.3204621      -1.5331856      -1.5358374      -1.5359891      -1.5585674     
4.76            62.705525       2.5187311       -0.84334708     -1.3228261      -1.5345115      -1.5374967      -1.5382468      -1.561714      
4.77            62.538878       2.518301        -0.84351172     -1.3238806      -1.53424        -1.5374923      -1.5386881      -1.5625951     
4.78            62.361138       2.5139909       -0.84441997     -1.3254037      -1.5347755      -1.5382251      -1.5399107      -1.5644476     
4.79            62.180899       2.5105915       -0.84501414     -1.3264251      -1.5343557      -1.5382029      -1.5403092      -1.5654006     
4.8             61.990169       2.5020441       -0.84602491     -1.3281926      -1.5348406      -1.5389364      -1.5415055      -1.5672483     
4.81            61.788676       2.4972104       -0.84620395     -1.328728       -1.5341944      -1.5387168      -1.5416367      -1.5676129     
4.82            61.561705       2.5240426       -0.84711581     -1.3300816      -1.5348956      -1.5395863      -1.5428838      -1.5691297     
4.83            61.307368       2.5546963       -0.84697303     -1.3304664      -1.5344249      -1.5391045      -1.5427874      -1.5689933     
4.84            61.03008        2.5569907       -0.84821117     -1.3325762      -1.5353923      -1.5400491      -1.5441226      -1.5699441     
4.85            60.748662       2.5528854       -0.84794455     -1.3342279      -1.5348106      -1.5391568      -1.5434427      -1.5684431     
4.86            60.464961       2.5451741       -0.84902456     -1.3341628      -1.5354406      -1.5394991      -1.5439272      -1.5677811     
4.87            60.182749       2.5384132       -0.84896784     -1.3321692      -1.5350032      -1.5389909      -1.5438261      -1.5670629     
4.88            59.899912       2.5380521       -0.85024577     -1.3254624      -1.5358856      -1.5398506      -1.544758       -1.5668058     
4.89            59.617026       2.5402944       -0.85011712     -1.3247754      -1.5350571      -1.5392016      -1.5435967      -1.5641769     
4.9             59.318788       2.5375334       -0.85142466     -1.3266419      -1.5357595      -1.539645       -1.5446865      -1.5648974     
4.91            59.027358       2.537483        -0.85155957     -1.3256764      -1.5349551      -1.5382442      -1.5437989      -1.5630185     
4.92            58.733852       2.5433136       -0.852581       -1.325622       -1.5358124      -1.5387351      -1.5451612      -1.5636683     
4.93            58.438783       2.536022        -0.85367626     -1.3278007      -1.5355973      -1.5380358      -1.5448702      -1.5622941     
4.94            58.149255       2.5325786       -0.85385479     -1.3273922      -1.5349728      -1.5371016      -1.5444478      -1.5608602     
4.95            57.867345       2.5291933       -0.85535203     -1.3266068      -1.5354298      -1.5371984      -1.5449321      -1.5603695     
4.96            57.59248        2.5248511       -0.85555277     -1.3251064      -1.5346733      -1.5359927      -1.5441642      -1.5588665     
4.97            57.32568        2.5189281       -0.85642524     -1.3251863      -1.5354548      -1.5360478      -1.5452697      -1.5593199     
4.98            57.065906       2.5132277       -0.85673255     -1.3244318      -1.5343675      -1.5338819      -1.5437148      -1.5572868     
4.99            56.816783       2.5040775       -0.85762675     -1.3247589      -1.5352404      -1.5349012      -1.545015       -1.5565667     
5               56.574423       2.4952613       -0.85786626     -1.3234981      -1.5344101      -1.53365        -1.5433246      -1.5546362     
5.01            56.350158       2.4857783       -0.85881511     -1.3231017      -1.5362656      -1.5347908      -1.5446308      -1.5552892     
5.02            56.143084       2.4729933       -0.85929473     -1.3219349      -1.5358712      -1.5341167      -1.5439978      -1.5539669     
5.03            55.951944       2.4577203       -0.85994259     -1.3217489      -1.5366452      -1.5353937      -1.5458999      -1.5547168     
5.04            55.772809       2.4411386       -0.86037123     -1.3210593      -1.5356237      -1.5345038      -1.5443886      -1.5533938     
5.05            55.593742       2.4252704       -0.86074704     -1.3211647      -1.5360236      -1.5353817      -1.5436901      -1.5540879     
5.06            55.410273       2.4100025       -0.86064214     -1.3206721      -1.5352068      -1.5345799      -1.5421547      -1.552853      
5.07            55.221215       2.3938392       -0.86070082     -1.32073        -1.5353057      -1.5351775      -1.5428037      -1.552951      
5.08            55.028295       2.382408        -0.86063213     -1.3205261      -1.5343565      -1.5344863      -1.5414635      -1.5513729     
5.09            54.838454       2.3667034       -0.86112702     -1.3218513      -1.535404       -1.5363453      -1.5430516      -1.5529954     
5.1             54.657557       2.3564738       -0.85958418     -1.3213182      -1.5337921      -1.5349905      -1.5407404      -1.5492115     
5.11            54.481517       2.3463859       -0.85950138     -1.3223086      -1.5341175      -1.5351294      -1.5406515      -1.5487487     
5.12            54.313507       2.3303597       -0.85833918     -1.3225879      -1.5338379      -1.5346195      -1.5402015      -1.5487146     
5.13            54.119159       2.340959        -0.85779051     -1.323546       -1.5333436      -1.5346835      -1.53899        -1.5491356     
5.14            53.912431       2.3793043       -0.85736694     -1.3247426      -1.5312507      -1.5351055      -1.5384271      -1.5506488     
5.15            53.68986        2.4068942       -0.85636219     -1.3255446      -1.5317031      -1.5351369      -1.5396783      -1.5515431     
5.16            53.464758       2.420605        -0.85594691     -1.326739       -1.5326596      -1.5353813      -1.5395824      -1.5520343     
5.17            53.258505       2.4236224       -0.85479348     -1.3277868      -1.5335276      -1.5356794      -1.5396554      -1.553799      
5.18            53.06443        2.4161383       -0.85400841     -1.3287593      -1.5341214      -1.5358658      -1.5393287      -1.5550646     
5.19            52.888587       2.4069433       -0.8531661      -1.3299514      -1.5352233      -1.536138       -1.5392477      -1.5556216     
5.2             52.720769       2.3994701       -0.8523244      -1.3304069      -1.5356116      -1.5358608      -1.5385175      -1.5549373     
5.21            52.570594       2.3957708       -0.85209041     -1.3313803      -1.5365369      -1.5365968      -1.5390845      -1.5562331     
5.22            52.430639       2.3941461       -0.85183309     -1.3334183      -1.5369187      -1.5369701      -1.538672       -1.5562892     
5.23            52.27201        2.3960416       -0.8520131      -1.3345555      -1.5376108      -1.5373926      -1.5389329      -1.5570586     
5.24            52.14602        2.3959051       -0.85189065     -1.3340993      -1.538392       -1.5378472      -1.5392968      -1.5585316     
5.25            52.039924       2.396294        -0.85201178     -1.3337701      -1.5391742      -1.5383454      -1.5399259      -1.5599341     
5.26            51.965628       2.3923106       -0.85216629     -1.3329687      -1.5402102      -1.5388832      -1.5408508      -1.5609941     
5.27            51.916221       2.3881667       -0.85209095     -1.3318327      -1.541115       -1.5392893      -1.5413305      -1.5615365     
5.28            51.868193       2.3811411       -0.85206636     -1.3308544      -1.5419662      -1.5398301      -1.5420446      -1.5622895     
5.29            51.832945       2.3700224       -0.85229736     -1.3273493      -1.5429296      -1.5407952      -1.5428896      -1.5629661     
5.3             51.810555       2.3578302       -0.85306816     -1.3261399      -1.5444689      -1.5416487      -1.5441772      -1.5641179     
5.31            51.80043        2.3489998       -0.85384538     -1.3261556      -1.545319       -1.5417746      -1.5449766      -1.5638831     
5.32            51.77739        2.3371084       -0.8544226      -1.3260337      -1.5463609      -1.541406       -1.5458378      -1.5635138     
5.33            51.755603       2.3282265       -0.85449401     -1.325202       -1.5464493      -1.5407722      -1.5458046      -1.5633096     
5.34            51.72209        2.3192914       -0.85624049     -1.3259585      -1.547991       -1.5422346      -1.5474849      -1.5652974     
5.35            51.638904       2.3150305       -0.85593468     -1.3245272      -1.547718       -1.5416842      -1.5467844      -1.5645532     
5.36            51.559027       2.3096031       -0.8574431      -1.3247249      -1.5493786      -1.5429497      -1.5480331      -1.5659645     
5.37            51.481247       2.3063907       -0.85771735     -1.3238324      -1.5492849      -1.542931       -1.547634       -1.5655799     
5.38            51.376243       2.3044638       -0.85966885     -1.3238397      -1.5506843      -1.5439795      -1.5489538      -1.5673246     
5.39            51.258746       2.304962        -0.86004735     -1.3224027      -1.550945       -1.5436542      -1.5484864      -1.5667323     
5.4             51.127467       2.3072533       -0.86219981     -1.3226383      -1.552589       -1.5451047      -1.5499732      -1.56835       
5.41            50.988356       2.3105458       -0.86350249     -1.3217106      -1.5532705      -1.5456478      -1.550475       -1.569045      
5.42            50.850756       2.3171278       -0.86507819     -1.3215131      -1.5541532      -1.5464963      -1.5512736      -1.5700432     
5.43            50.718916       2.3261969       -0.86590738     -1.3204705      -1.5543793      -1.5466819      -1.5511877      -1.5701187     
5.44            50.594092       2.326719        -0.86833516     -1.3211233      -1.5558313      -1.5481949      -1.5526167      -1.5721927     
5.45            50.491022       2.3349083       -0.86889214     -1.3201341      -1.5558656      -1.5482181      -1.5523293      -1.5721818     
5.46            50.407667       2.3374025       -0.87143457     -1.3213189      -1.5576683      -1.5500138      -1.5540029      -1.5743178     
5.47            50.349284       2.3449163       -0.87182128     -1.3203194      -1.5572452      -1.5498438      -1.5534545      -1.5738903     
5.48            50.296931       2.349933        -0.87413432     -1.3214539      -1.5586229      -1.5514903      -1.554981       -1.576349      
5.49            50.239619       2.3577706       -0.87444952     -1.3205589      -1.5580479      -1.5514118      -1.5545001      -1.5763519     
5.5             50.221999       2.3672708       -0.87686795     -1.3216262      -1.5591364      -1.5532054      -1.556001       -1.5781472     
5.51            50.221432       2.3832452       -0.87709979     -1.3204277      -1.5582544      -1.5532469      -1.5555251      -1.5776353     
5.52            50.240901       2.3935818       -0.87986331     -1.321556       -1.5594032      -1.5550751      -1.5574808      -1.5794826     
5.53            50.283857       2.4009936       -0.88069039     -1.3210523      -1.5593442      -1.5557245      -1.5576868      -1.5795328     
5.54            50.322867       2.4081176       -0.88141515     -1.3208006      -1.5597115      -1.5566438      -1.5579949      -1.5802416     
5.55            50.370903       2.4135065       -0.8822965      -1.3208088      -1.5601215      -1.5571307      -1.5575883      -1.5797603     
5.56            50.413235       2.4159927       -0.88262579     -1.3206059      -1.5605104      -1.5576859      -1.5564734      -1.5805039     
5.57            50.429036       2.4123032       -0.88210209     -1.3197663      -1.5603355      -1.5577406      -1.5559737      -1.5786975     
5.58            50.423896       2.409486        -0.88293659     -1.3201733      -1.5612249      -1.558756       -1.5569003      -1.5795779     
5.59            50.400723       2.4098454       -0.88169658     -1.3178546      -1.5607059      -1.5585388      -1.5566139      -1.5792549     
5.6             50.362014       2.4172172       -0.88139149     -1.3175923      -1.5608703      -1.5589587      -1.5568467      -1.5790185     
5.61            50.31161        2.4231814       -0.88082004     -1.3170552      -1.5613207      -1.5595555      -1.5573153      -1.5784165     
5.62            50.265993       2.4287903       -0.87873711     -1.3163245      -1.5609773      -1.559351       -1.5570546      -1.5766853     
5.63            50.222104       2.4339336       -0.87755205     -1.317104       -1.5618423      -1.5603322      -1.558107       -1.5763743     
5.64            50.199664       2.4389814       -0.87562116     -1.3176088      -1.5616958      -1.5602208      -1.557989       -1.5748658     
5.65            50.173406       2.4317489       -0.87463997     -1.3193902      -1.5630763      -1.5616185      -1.5594727      -1.5752648     
5.66            50.144713       2.4157134       -0.87189765     -1.3197387      -1.5626303      -1.5613003      -1.5591449      -1.5738302     
5.67            50.175679       2.391153        -0.87120046     -1.32237        -1.5641104      -1.5628696      -1.5607576      -1.5746243     
5.68            50.27063        2.3629465       -0.86899536     -1.3233211      -1.5636638      -1.5625672      -1.5604339      -1.572472      
5.69            50.383984       2.3307206       -0.86875205     -1.3264738      -1.5653681      -1.5641236      -1.5620702      -1.5730521     
5.7             50.51213        2.2941132       -0.86635297     -1.3275242      -1.5648107      -1.5637769      -1.561658       -1.5720046     
5.71            50.639149       2.2548793       -0.86519529     -1.330514       -1.5660645      -1.5648973      -1.5629495      -1.5729143     
5.72            50.687165       2.2191972       -0.86270088     -1.3319052      -1.5653577      -1.5642857      -1.5624099      -1.5711545     
5.73            50.725556       2.1839027       -0.86488895     -1.3360594      -1.5665727      -1.5652464      -1.563553       -1.5715526     
5.74            50.769693       2.151626        -0.86220067     -1.3386804      -1.5663431      -1.564777       -1.5631722      -1.5709607     
5.75            50.796928       2.1260205       -0.86095802     -1.3420684      -1.5675169      -1.5655814      -1.5642518      -1.5724043     
5.76            50.799769       2.1047085       -0.85757083     -1.3437882      -1.567255       -1.5650833      -1.5637913      -1.5722016     
5.77            50.781821       2.0857862       -0.85694963     -1.3474641      -1.5685262      -1.5663533      -1.5649566      -1.5740476     
5.78            50.764949       2.0715656       -0.85504986     -1.3499406      -1.5680381      -1.5657336      -1.5643776      -1.5738798     
5.79            50.738131       2.0591638       -0.85431241     -1.3538897      -1.5691496      -1.5663727      -1.5653449      -1.5754234     
5.8             50.727947       2.0493911       -0.85212966     -1.3560604      -1.5688759      -1.5656716      -1.5649837      -1.5754884     
5.81            50.764556       2.0409869       -0.85017577     -1.3593605      -1.5700585      -1.5665134      -1.5662281      -1.5771181     
5.82            50.78876        2.0347437       -0.84986482     -1.3620395      -1.5700171      -1.5661371      -1.5660619      -1.5770085     
5.83            50.827744       2.0296271       -0.85040697     -1.3647684      -1.5708228      -1.5665322      -1.5668392      -1.5782509     
5.84            50.875309       2.0224468       -0.84943817     -1.3653455      -1.5702092      -1.5649889      -1.5661522      -1.5779884     
5.85            50.934693       2.0170189       -0.84762289     -1.3671602      -1.5711555      -1.5656377      -1.5669826      -1.5794667     
5.86            50.997387       2.0113823       -0.84431655     -1.3687338      -1.5709022      -1.5653066      -1.5665696      -1.5796853     
5.87            51.05858        2.0077179       -0.8438711      -1.3707229      -1.5721486      -1.5664938      -1.5677236      -1.5815953     
5.88            51.12016        2.007118        -0.84162365     -1.3698884      -1.5715966      -1.5660626      -1.567145       -1.5816293     
5.89            51.170594       2.0016332       -0.84096133     -1.370203       -1.5725108      -1.5670574      -1.568091       -1.5832017     
5.9             51.21483        1.9954539       -0.83745736     -1.3691396      -1.5718831      -1.5665597      -1.5675621      -1.5831567     
5.91            51.252389       1.9866273       -0.83691586     -1.369315       -1.5730332      -1.5677133      -1.5686988      -1.584735      
5.92            51.28563        1.9754358       -0.83466349     -1.3666439      -1.5723258      -1.5670713      -1.5680207      -1.5843967     
5.93            51.3038         1.957927        -0.83378897     -1.3646873      -1.573213       -1.5679569      -1.5688824      -1.585616      
5.94            51.30693        1.9361367       -0.83115616     -1.3625309      -1.5725573      -1.567417       -1.5683052      -1.5853346     
5.95            51.296547       1.9075323       -0.83115718     -1.360464       -1.5733428      -1.5681985      -1.5690505      -1.586361      
5.96            51.274497       1.8749578       -0.83120242     -1.3582518      -1.5729541      -1.5677936      -1.5685733      -1.586089      
5.97            51.230371       1.836633        -0.83227545     -1.3582186      -1.5739907      -1.5688372      -1.5695963      -1.5873709     
5.98            51.167165       1.7946969       -0.83327494     -1.3577044      -1.5735553      -1.5683949      -1.5691252      -1.5871079     
5.99            51.077983       1.7495854       -0.83509501     -1.3569007      -1.5744867      -1.5692348      -1.5699116      -1.5880758     
6               50.973026       1.704308        -0.83618998     -1.3546254      -1.5738938      -1.5686731      -1.5693377      -1.5876802     
6.01            50.837732       1.6558696       -0.83910864     -1.3532425      -1.5747167      -1.5695688      -1.5702171      -1.5887371     
6.02            50.670359       1.605593        -0.8412282      -1.3512825      -1.5740223      -1.5689983      -1.5696708      -1.5882798     
6.03            50.458209       1.5545262       -0.84355411     -1.3512216      -1.5750447      -1.5700158      -1.570615       -1.5892655     
6.04            50.174011       1.5029156       -0.84356319     -1.349663       -1.5745339      -1.5695134      -1.5701092      -1.5886684     
6.05            49.919709       1.4505567       -0.84416335     -1.349533       -1.5754142      -1.5704508      -1.5710559      -1.5897696     
6.06            49.647105       1.4002347       -0.84184033     -1.3469713      -1.574818       -1.5699269      -1.5705105      -1.5892612     
6.07            49.351533       1.350349        -0.84181269     -1.3457913      -1.5757448      -1.5708524      -1.5713789      -1.590175      
6.08            49.043105       1.3024086       -0.84214127     -1.3441643      -1.5752062      -1.5702727      -1.5707591      -1.5895242     
6.09            48.725338       1.2542865       -0.84290215     -1.3435525      -1.5759549      -1.5710489      -1.5714909      -1.5901861     
6.1             48.403682       1.208227        -0.84248368     -1.341503       -1.575526       -1.5706713      -1.5711033      -1.5896006     
6.11            48.082307       1.1630179       -0.84234129     -1.3410715      -1.5765899      -1.5717757      -1.5722215      -1.5906383     
6.12            47.763987       1.1205535       -0.84241132     -1.3396965      -1.5762208      -1.5714449      -1.5718947      -1.5900588     
6.13            47.449383       1.0807566       -0.84071996     -1.3422529      -1.5771724      -1.5723801      -1.572835       -1.5908022     
6.14            47.135893       1.0430378       -0.83802002     -1.3452814      -1.5767492      -1.5719217      -1.5723928      -1.589974      
6.15            46.827543       1.008138        -0.836335       -1.3467046      -1.5775345      -1.5727471      -1.5732377      -1.5907236     
6.16            46.515984       0.97455716      -0.83507449     -1.3470204      -1.5770695      -1.5723119      -1.5728475      -1.589799      
6.17            46.207864       0.94553655      -0.8362968      -1.3469139      -1.5779199      -1.5731205      -1.5736239      -1.5901512     
6.18            45.893288       0.91816407      -0.83495356     -1.348186       -1.5774646      -1.5726475      -1.5731783      -1.5896056     
6.19            45.578325       0.89266938      -0.83202548     -1.3529155      -1.578109       -1.5733791      -1.5739268      -1.5900307     
6.2             45.262795       0.86978174      -0.82998723     -1.3544604      -1.5775676      -1.5728929      -1.5734926      -1.588963      
6.21            44.94204        0.84817929      -0.82998547     -1.3563554      -1.5780558      -1.5734858      -1.5741631      -1.5890533     
6.22            44.613603       0.82787006      -0.82906748     -1.3609616      -1.5775034      -1.5729992      -1.5737015      -1.5879512     
6.23            44.281461       0.80928665      -0.82853381     -1.3645841      -1.5778191      -1.5735967      -1.5743602      -1.5880651     
6.24            43.938489       0.79176914      -0.8277929      -1.354456       -1.5770714      -1.5730066      -1.5737848      -1.5868954     
6.25            43.589273       0.77551146      -0.82695455     -1.354382       -1.5776736      -1.5733661      -1.5741796      -1.5867714     
6.26            43.242676       0.76034852      -0.82606968     -1.3571189      -1.5775982      -1.5729043      -1.5737162      -1.5858273     
6.27            42.903844       0.74438989      -0.82628847     -1.3616942      -1.5781229      -1.5733819      -1.5742296      -1.5859076     
6.28            42.578475       0.73019356      -0.82531527     -1.3657579      -1.5776181      -1.5728811      -1.5737371      -1.5849591     
6.29            42.268806       0.7164328       -0.8268451      -1.3716482      -1.5781702      -1.5735625      -1.5744027      -1.5852651     
6.3             41.977123       0.70266427      -0.82741201     -1.3763675      -1.5775686      -1.5731418      -1.5739621      -1.5845389     
6.31            41.706594       0.68982834      -0.8281679      -1.3830299      -1.5780259      -1.5735979      -1.5744492      -1.5848386     
6.32            41.450975       0.67676869      -0.82878691     -1.3885057      -1.5775916      -1.5732874      -1.5741497      -1.5841977     
6.33            41.210434       0.66353284      -0.8311159      -1.3946731      -1.5779961      -1.5738754      -1.5747595      -1.5839071     
6.34            40.988999       0.65275184      -0.83191915     -1.3991391      -1.5773619      -1.5734709      -1.5743439      -1.5830513     
6.35            40.776792       0.64049285      -0.83624796     -1.4045744      -1.5778045      -1.5741601      -1.574912       -1.5837299     
6.36            40.571809       0.630796        -0.83830656     -1.4050949      -1.5770069      -1.5737959      -1.5744871      -1.5834432     
6.37            40.369062       0.61975817      -0.84124367     -1.4102613      -1.5775395      -1.5744135      -1.5750994      -1.5842438     
6.38            40.171222       0.61132693      -0.84269007     -1.4136549      -1.5766101      -1.5738926      -1.5747056      -1.5840314     
6.39            39.967744       0.60147402      -0.84667607     -1.4170839      -1.5768991      -1.5744804      -1.5753341      -1.5848901     
6.4             39.76352        0.59451463      -0.84860732     -1.4184997      -1.5760593      -1.5738193      -1.5748011      -1.5846322     
6.41            39.553765       0.58492307      -0.85437976     -1.4212664      -1.5772635      -1.5746572      -1.5757632      -1.5858437     
6.42            39.34364        0.57822445      -0.85676777     -1.4214044      -1.5765847      -1.5736558      -1.5749939      -1.5853089     
6.43            39.124674       0.56899418      -0.86187586     -1.424819       -1.5779904      -1.5748292      -1.5760986      -1.5864415     
6.44            38.90561        0.5629545       -0.86414779     -1.423429       -1.5770573      -1.5738549      -1.5751612      -1.5857731     
6.45            38.681037       0.55286212      -0.86904833     -1.4235842      -1.5785838      -1.5753009      -1.5763382      -1.5869774     
6.46            38.45831        0.54620133      -0.86954042     -1.4210978      -1.5775868      -1.5741965      -1.5752556      -1.5862971     
6.47            38.230805       0.53372775      -0.87547646     -1.4204214      -1.579616       -1.5759855      -1.5768242      -1.5879249     
6.48            38.018644       0.52640952      -0.87653494     -1.4155533      -1.5784222      -1.5746384      -1.5755004      -1.5870845     
6.49            37.806641       0.51214698      -0.88197979     -1.4145473      -1.5804076      -1.5763918      -1.5770126      -1.5886633     
6.5             37.610981       0.50293593      -0.8819439      -1.4082514      -1.5789626      -1.5749227      -1.5756363      -1.587837      
6.51            37.410458       0.4879433       -0.88663248     -1.4077693      -1.5809725      -1.5767281      -1.5771681      -1.5893634     
6.52            37.226907       0.47891548      -0.885482       -1.3999883      -1.5796286      -1.575211       -1.5756633      -1.5884685     
6.53            37.050004       0.46174555      -0.89129046     -1.396202       -1.5817843      -1.5769986      -1.5769105      -1.5899407     
6.54            36.884645       0.45112669      -0.89016933     -1.3882493      -1.5805135      -1.5755545      -1.5755489      -1.5891672     
6.55            36.722621       0.43379685      -0.89488447     -1.3862314      -1.5827748      -1.5774043      -1.5771767      -1.5907101     
6.56            36.575378       0.42286539      -0.89413634     -1.3775525      -1.5814847      -1.5759356      -1.5759345      -1.5898796     
6.57            36.420397       0.40713323      -0.8988115      -1.3749513      -1.5836687      -1.5776423      -1.5774869      -1.5913045     
6.58            36.269276       0.39733327      -0.89851565     -1.3682049      -1.582536       -1.5763138      -1.5763985      -1.5905036     
6.59            36.109363       0.38349729      -0.90298212     -1.3659116      -1.5846603      -1.5780205      -1.5778592      -1.5918874     
6.6             35.95049        0.3736882       -0.90284217     -1.3613193      -1.5835321      -1.5767416      -1.5766397      -1.5910638     
6.61            35.783351       0.35989255      -0.90692288     -1.3609972      -1.5854503      -1.5784255      -1.5781501      -1.5925013     
6.62            35.615362       0.35317556      -0.90675487     -1.3570097      -1.58439        -1.5772301      -1.5769959      -1.5916738     
6.63            35.429536       0.3415601       -0.91030471     -1.3568143      -1.5861336      -1.5787953      -1.578419       -1.5930009     
6.64            35.231133       0.33419845      -0.90989077     -1.3520829      -1.5851345      -1.5776884      -1.5773003      -1.5921386     
6.65            35.04472        0.32257491      -0.91248814     -1.3505676      -1.5865865      -1.579103       -1.5786145      -1.5933806     
6.66            34.867408       0.31920791      -0.91269757     -1.3460749      -1.5856887      -1.5781072      -1.5776335      -1.5926729     
6.67            34.678977       0.31236519      -0.91514196     -1.3459129      -1.5871421      -1.579542       -1.5790146      -1.5941326     
6.68            34.479273       0.30452393      -0.91476795     -1.3443617      -1.5861615      -1.5785857      -1.578031       -1.5932979     
6.69            34.260898       0.29862026      -0.91668281     -1.3462799      -1.5872499      -1.5797224      -1.5791092      -1.5943662     
6.7             34.047487       0.29785597      -0.91628399     -1.3479836      -1.5863688      -1.5788558      -1.5782047      -1.5935463     
6.71            33.835225       0.29382258      -0.91747407     -1.3503982      -1.5876298      -1.5802318      -1.5796031      -1.5949395     
6.72            33.615724       0.2930067       -0.91711605     -1.3516131      -1.5866227      -1.5792314      -1.5785796      -1.593981      
6.73            33.382568       0.28800261      -0.91853228     -1.35406        -1.5876629      -1.5804797      -1.5798499      -1.5951659     
6.74            33.150957       0.28761279      -0.91817723     -1.3542699      -1.5867445      -1.5797075      -1.5789768      -1.5942907     
6.75            32.917592       0.28685014      -0.91928477     -1.3557216      -1.5876561      -1.5809484      -1.5801951      -1.5954825     
6.76            32.681473       0.28770808      -0.91895523     -1.3563971      -1.5867318      -1.5802204      -1.5793824      -1.5946033     
6.77            32.432914       0.28490105      -0.92013531     -1.3585168      -1.5875314      -1.5813496      -1.5805338      -1.595701      
6.78            32.178104       0.28070248      -0.92025613     -1.359985       -1.5868723      -1.5809192      -1.5799874      -1.5949124     
6.79            31.937082       0.28043086      -0.92184267     -1.3623475      -1.5877956      -1.5820953      -1.5812019      -1.5960691     
6.8             31.699269       0.29201414      -0.92256954     -1.3626751      -1.5872872      -1.5816107      -1.5806003      -1.5952072     
6.81            31.441112       0.29443518      -0.9231036      -1.3647718      -1.5882032      -1.5825546      -1.5815582      -1.5960215     
6.82            31.187358       0.29111923      -0.92391892     -1.3664049      -1.5879241      -1.5823242      -1.5811655      -1.5953411     
6.83            30.922603       0.2792496       -0.92588236     -1.3691094      -1.5888957      -1.583369       -1.5822309      -1.5962724     
6.84            30.659594       0.26140194      -0.92673237     -1.3704103      -1.5883732      -1.5829307      -1.5817263      -1.5954512     
6.85            30.390601       0.25779572      -0.92765777     -1.3723113      -1.5888327      -1.5835546      -1.5824211      -1.5959471     
6.86            30.169222       0.25570035      -0.92778624     -1.3735004      -1.5888372      -1.5835931      -1.5823805      -1.5954579     
6.87            30.03301        0.26667524      -0.92838211     -1.3753668      -1.5895091      -1.5844849      -1.583372       -1.5962764     
6.88            29.90848        0.28053016      -0.92723015     -1.3758218      -1.5889118      -1.5841855      -1.5830155      -1.595372      
6.89            29.744298       0.28271261      -0.92672603     -1.3766568      -1.5893585      -1.5847503      -1.5836377      -1.5958164     
6.9             29.599576       0.2776493       -0.92617516     -1.3772586      -1.5896098      -1.5849692      -1.5837516      -1.5954603     
6.91            29.461962       0.26912486      -0.92692654     -1.3785312      -1.5906158      -1.5859295      -1.5848113      -1.5963277     
6.92            29.332879       0.26344411      -0.92701549     -1.3781807      -1.5903236      -1.5856465      -1.5844306      -1.5952868     
6.93            29.200353       0.26475334      -0.92665727     -1.3775596      -1.590212       -1.5857897      -1.5846285      -1.594027      
6.94            29.066085       0.25380419      -0.92919903     -1.37875        -1.5920755      -1.5869774      -1.5857248      -1.5946783     
6.95            28.941051       0.24189955      -0.92974756     -1.3776663      -1.5913227      -1.5865727      -1.5853947      -1.594374      
6.96            28.799882       0.2282525       -0.93256025     -1.37786        -1.5917852      -1.5873067      -1.5860978      -1.5949137     
6.97            28.669368       0.21683975      -0.93453631     -1.3770264      -1.5916973      -1.5874473      -1.5863241      -1.5952253     
6.98            28.535401       0.2154086       -0.93728574     -1.3764095      -1.5918367      -1.5878106      -1.5865921      -1.5952583     
6.99            28.401306       0.21155645      -0.93960427     -1.3756195      -1.5922476      -1.5884523      -1.5873171      -1.5960087     
7               28.26456        0.20741626      -0.94145766     -1.3738918      -1.5919291      -1.5883515      -1.5871632      -1.5956268     
7.01            28.130198       0.20564489      -0.94307286     -1.3715193      -1.5916839      -1.588329       -1.5872416      -1.5956737     
7.02            27.994579       0.20279562      -0.94687343     -1.3706587      -1.5927958      -1.5896047      -1.5884421      -1.5965823     
7.03            27.867131       0.20177112      -0.94723509     -1.3676381      -1.5921414      -1.5891264      -1.588052       -1.5961633     
7.04            27.736535       0.19781346      -0.94940246     -1.3656768      -1.5928945      -1.5900788      -1.5889836      -1.5968348     
7.05            27.594737       0.1961111       -0.95019529     -1.3615906      -1.5920041      -1.589418       -1.5884076      -1.5962465     
7.06            27.436874       0.19300171      -0.95273289     -1.3602365      -1.5930949      -1.5907259      -1.5896587      -1.5972381     
7.07            27.268665       0.19232781      -0.95332284     -1.3565593      -1.5924119      -1.5901883      -1.5892259      -1.5969342     
7.08            27.084947       0.18152652      -0.95395643     -1.3543864      -1.5929885      -1.5910314      -1.5900611      -1.597576      
7.09            26.891777       0.17275221      -0.95157904     -1.3511894      -1.592351       -1.5903288      -1.5894564      -1.597021      
7.1             26.683164       0.16103736      -0.95088703     -1.3504351      -1.5932981      -1.5913357      -1.590374       -1.5977702     
7.11            26.469457       0.15747922      -0.94840643     -1.3477813      -1.5926908      -1.5907841      -1.5899281      -1.5973969     
7.12            26.250342       0.15247028      -0.94875718     -1.3472802      -1.5933839      -1.5915539      -1.5906786      -1.5979852     
7.13            26.031          0.14694227      -0.94515098     -1.3456551      -1.5921315      -1.5908368      -1.5900995      -1.5974204     
7.14            25.808139       0.13956306      -0.94501482     -1.3461152      -1.5930923      -1.5919506      -1.5910475      -1.5981018     
7.15            25.590836       0.13571905      -0.94192457     -1.344482       -1.5926202      -1.5914137      -1.5905964      -1.5977288     
7.16            25.374302       0.12854201      -0.94116179     -1.3442811      -1.5934171      -1.5921962      -1.5913571      -1.5983488     
7.17            25.164819       0.12356188      -0.93889503     -1.3420712      -1.5926615      -1.5913585      -1.5905864      -1.59776       
7.18            24.952338       0.1166367       -0.93944438     -1.3422244      -1.5935261      -1.5921137      -1.5912001      -1.5982228     
7.19            24.739756       0.10981057      -0.93733311     -1.3410872      -1.5934355      -1.592029       -1.5912521      -1.5984309     
7.2             24.531375       0.10345672      -0.93658131     -1.3402954      -1.5934537      -1.5919352      -1.5910707      -1.5980123     
7.21            24.33097        0.095990862     -0.9344249      -1.3392337      -1.5929504      -1.5915609      -1.5908372      -1.5978452     
7.22            24.1417         0.087134847     -0.93557135     -1.3406641      -1.5941088      -1.5926045      -1.5917182      -1.5985308     
7.23            23.960827       0.081645077     -0.93337496     -1.3394748      -1.5935271      -1.5918833      -1.5911263      -1.5980686     
7.24            23.786544       0.075462051     -0.93420448     -1.3402979      -1.5943951      -1.5923319      -1.5914857      -1.5981294     
7.25            23.620212       0.073217387     -0.932693       -1.3394671      -1.5939526      -1.5916992      -1.5909887      -1.5977154     
7.26            23.458627       0.066902648     -0.93399511     -1.3417682      -1.5955488      -1.5929102      -1.5920373      -1.5986213     
7.27            23.324983       0.060462199     -0.93161617     -1.3414643      -1.5949074      -1.5920899      -1.591354       -1.5983503     
7.28            23.217712       0.052297798     -0.93111013     -1.3428911      -1.5955143      -1.5925186      -1.5916575      -1.5988311     
7.29            23.124898       0.046598982     -0.92902708     -1.3431424      -1.5949745      -1.5918931      -1.5911783      -1.5987309     
7.3             23.034331       0.038005825     -0.93032911     -1.3465116      -1.5963516      -1.5930767      -1.5921771      -1.5996194     
7.31            22.952996       0.034633931     -0.92784111     -1.3462994      -1.5954966      -1.5922194      -1.5914969      -1.5992555     
7.32            22.875215       0.026597746     -0.92702628     -1.348022       -1.5961976      -1.5927956      -1.5919675      -1.5996842     
7.33            22.809085       0.025173961     -0.92428606     -1.3488173      -1.5956239      -1.5921289      -1.5914422      -1.5994722     
7.34            22.742257       0.018070415     -0.92493145     -1.3526181      -1.5972099      -1.5934855      -1.5926345      -1.6004712     
7.35            22.685295       0.012748736     -0.92101019     -1.353415       -1.5963052      -1.5926082      -1.5919374      -1.5995066     
7.36            22.626687       0.0056033522    -0.92043117     -1.3562273      -1.5970038      -1.5931836      -1.5923766      -1.5996216     
7.37            22.574539       0.0003611785    -0.91657991     -1.3572302      -1.5963376      -1.5924985      -1.5918642      -1.5995658     
7.38            22.516333       -0.0056740242   -0.91647526     -1.3613724      -1.5979074      -1.5938641      -1.5930297      -1.6008753     
7.39            22.460393       -0.0056332819   -0.91119116     -1.3613649      -1.5969505      -1.5929541      -1.5923271      -1.6007802     
7.4             22.39768        -0.0036474264   -0.91018888     -1.3645276      -1.5978095      -1.5935628      -1.5927644      -1.6015565     
7.41            22.331497       -0.0033587007   -0.9051705      -1.3642008      -1.5970308      -1.592883       -1.5922851      -1.6017388     
7.42            22.254606       -0.0085521443   -0.90566862     -1.3685642      -1.5987705      -1.5943679      -1.5935368      -1.6031551     
7.43            22.176009       -0.011418124    -0.90137559     -1.3680561      -1.5976207      -1.5933789      -1.5927764      -1.6030396     
7.44            22.085792       -0.015541588    -0.90032134     -1.3714193      -1.5983414      -1.593909       -1.5931158      -1.6035318     
7.45            21.973922       -0.015547507    -0.89596472     -1.3705762      -1.5974398      -1.5931916      -1.5926468      -1.6036811     
7.46            21.792401       -0.026584535    -0.89755504     -1.374326       -1.5993338      -1.5948247      -1.5940221      -1.6051147     
7.47            21.565471       -0.027254797    -0.89289994     -1.3723852      -1.5980836      -1.5938014      -1.5932632      -1.6049352     
7.48            21.320348       -0.032183501    -0.89437604     -1.3743039      -1.5989155      -1.5944267      -1.5936675      -1.605397      
7.49            21.081202       -0.032054761    -0.89192392     -1.3722288      -1.5979685      -1.5937265      -1.5932163      -1.6054116     
7.5             20.841326       -0.040844326    -0.89521683     -1.3723156      -1.5998721      -1.5953865      -1.5945978      -1.6067952     
7.51            20.622076       -0.042288649    -0.88987455     -1.3674879      -1.598445       -1.5943261      -1.5938402      -1.6068589     
7.52            20.411419       -0.050092002    -0.89284286     -1.3698938      -1.5997347      -1.5953067      -1.5945637      -1.6074044     
7.53            20.225206       -0.049389012    -0.88920917     -1.3667335      -1.5985505      -1.5944175      -1.5939868      -1.6071117     
7.54            20.047775       -0.059979675    -0.89365795     -1.369653       -1.6007772      -1.596256       -1.5955058      -1.6083192     
7.55            19.909618       -0.054998121    -0.89058205     -1.3652035      -1.5992208      -1.5950663      -1.5946841      -1.6077464     
7.56            19.829889       -0.059927679    -0.89681379     -1.367813       -1.6009936      -1.5963695      -1.595641       -1.6083152     
7.57            19.835447       -0.054309937    -0.89395007     -1.3635868      -1.5994301      -1.5952432      -1.5949197      -1.6085318     
7.58            19.856434       -0.065547147    -0.90194242     -1.3677376      -1.6019063      -1.5972112      -1.5964893      -1.6098858     
7.59            19.899232       -0.063903895    -0.89802435     -1.3623423      -1.6000254      -1.5958448      -1.5955966      -1.6091463     
7.6             19.942048       -0.074839455    -0.90624553     -1.3654495      -1.6020447      -1.5973347      -1.5966893      -1.6097221     
7.61            20.018405       -0.071797116    -0.90274299     -1.3598091      -1.6000528      -1.5959382      -1.595801       -1.6089723     
7.62            20.077546       -0.083706016    -0.91376393     -1.3640116      -1.6027142      -1.5979816      -1.597369       -1.6099622     
7.63            20.14105        -0.084778734    -0.9092978      -1.3575304      -1.6005294      -1.5964372      -1.5963836      -1.609379      
7.64            20.171688       -0.1048573      -0.91995054     -1.360011       -1.6024479      -1.597779       -1.5973012      -1.6098972     
7.65            20.208003       -0.10621018     -0.91561872     -1.3554227      -1.6004818      -1.5964359      -1.5964834      -1.6095519     
7.66            20.209665       -0.12353209     -0.92810443     -1.3613979      -1.6034531      -1.5986877      -1.5982378      -1.6108299     
7.67            20.214596       -0.11733319     -0.92376853     -1.3547557      -1.6009405      -1.5969196      -1.5970601      -1.6101207     
7.68            20.171525       -0.13031492     -0.93536799     -1.359905       -1.603401       -1.5986158      -1.598306       -1.6109371     
7.69            20.125379       -0.12062536     -0.93052455     -1.3543023      -1.6008586      -1.59684        -1.5971036      -1.6101106     
7.7             20.033806       -0.13336285     -0.94295908     -1.3612403      -1.6038502      -1.5991042      -1.5988616      -1.6109976     
7.71            19.947656       -0.12100628     -0.93713581     -1.3551223      -1.6011958      -1.5972521      -1.597623       -1.6105445     
7.72            19.810258       -0.13106425     -0.94749134     -1.3614554      -1.6037312      -1.5990533      -1.5989529      -1.6110785     
7.73            19.682082       -0.11864495     -0.94054357     -1.3555743      -1.6011455      -1.5972295      -1.5977294      -1.6105836     
7.74            19.525248       -0.13029102     -0.95283951     -1.3636119      -1.6042122      -1.5995105      -1.5994589      -1.6111793     
7.75            19.377182       -0.11936871     -0.94565478     -1.3581862      -1.6014548      -1.5975908      -1.598198       -1.6104731     
7.76            19.202353       -0.13238782     -0.95598989     -1.3654728      -1.6039955      -1.5993704      -1.5994846      -1.6112523     
7.77            19.051723       -0.12352063     -0.94778208     -1.3596101      -1.601218       -1.5973534      -1.5981025      -1.610447      
7.78            18.875548       -0.13938485     -0.95838767     -1.368021       -1.6046595      -1.5999318      -1.6001029      -1.6119731     
7.79            18.728019       -0.13083476     -0.94951259     -1.3619323      -1.6017253      -1.5977948      -1.5986372      -1.6110476     
7.8             18.560587       -0.14657101     -0.95875562     -1.3693642      -1.6045415      -1.599763       -1.6000841      -1.6122843     
7.81            18.42832        -0.13905571     -0.94960251     -1.3632154      -1.6016173      -1.5975838      -1.5985467      -1.6116029     
7.82            18.283822       -0.15592366     -0.95997444     -1.3718755      -1.6051581      -1.6002048      -1.6005767      -1.6129924     
7.83            18.179447       -0.14822648     -0.94880651     -1.365892       -1.6022716      -1.5981171      -1.5991458      -1.6119207     
7.84            18.065188       -0.16215895     -0.95750123     -1.3736871      -1.6050495      -1.6000591      -1.6005748      -1.6127008     
7.85            17.994254       -0.15328745     -0.94625422     -1.3676373      -1.6019724      -1.5977438      -1.5988917      -1.6114524     
7.86            17.912901       -0.17029925     -0.95493071     -1.3764319      -1.6055037      -1.6003998      -1.6009727      -1.6130541     
7.87            17.869488       -0.1653196      -0.94347001     -1.3706852      -1.6027642      -1.5984175      -1.5996245      -1.6123051     
7.88            17.810485       -0.18339603     -0.95032488     -1.3787402      -1.605594       -1.6004282      -1.6011214      -1.6133487     
7.89            17.787438       -0.17968084     -0.93845258     -1.3722719      -1.602381       -1.598002       -1.599337       -1.6120947     
7.9             17.731728       -0.19732402     -0.94681735     -1.3807298      -1.6058637      -1.6006465      -1.6013978      -1.6136581     
7.91            17.724809       -0.19261377     -0.93658248     -1.3749822      -1.6032092      -1.5987246      -1.60008        -1.6128846     
7.92            17.708371       -0.2074184      -0.9380716      -1.383779       -1.6062105      -1.6009018      -1.6017301      -1.6141195     
7.93            17.716238       -0.20078762     -0.92434256     -1.3783787      -1.6031302      -1.598544       -1.5999802      -1.612908      
7.94            17.700319       -0.21774219     -0.93196722     -1.3873023      -1.6066113      -1.6012038      -1.6020936      -1.6145125     
7.95            17.715701       -0.21121983     -0.91997391     -1.3822113      -1.6040115      -1.5993347      -1.6007918      -1.6137492     
7.96            17.711137       -0.2291247      -0.92367917     -1.390104       -1.6069014      -1.6014466      -1.602397       -1.6149048     
7.97            17.732632       -0.21890131     -0.91331821     -1.3842034      -1.6038373      -1.5991254      -1.6006408      -1.6136702     
7.98            17.725306       -0.23309452     -0.91883768     -1.3927276      -1.6074103      -1.6018077      -1.6027013      -1.6152676     
7.99            17.737158       -0.22404696     -0.90446832     -1.387257       -1.6048947      -1.6000623      -1.6015237      -1.6145166     
8               17.723697       -0.2364349      -0.90737968     -1.3945602      -1.6079089      -1.6022671      -1.6031705      -1.6157505     
